
================================================================
         Multi-QPU Mapping by Ajou University QCSS Lab          
================================================================
Gate(    0)	 x q[12]
Gate(    1)	 x q[11]
Gate(    2)	 x q[10]
Gate(    3)	 x q[9]
Gate(    4)	 x q[8]
Gate(    5)	 x q[7]
Gate(    6)	 x q[6]
Gate(    7)	 x q[5]
Gate(    8)	 x q[4]
Gate(    9)	 x q[3]
Gate(   10)	 x q[2]
Gate(   11)	 x q[1]
Gate(   12)	 h q[14]
Gate(   13)	 t q[8]
Gate(   14)	 t q[7]
Gate(   15)	 t q[14]
Gate(   16)	cx q[7], q[8]
Gate(   17)	cx q[14], q[7]
Gate(   18)	cx q[8], q[14]
Gate(   19)	tdg q[7]
Gate(   20)	cx q[8], q[7]
Gate(   21)	tdg q[8]
Gate(   22)	tdg q[7]
Gate(   23)	 t q[14]
Gate(   24)	cx q[14], q[7]
Gate(   25)	cx q[8], q[14]
Gate(   26)	cx q[7], q[8]
Gate(   27)	 h q[14]
Gate(   28)	 h q[7]
Gate(   29)	 t q[9]
Gate(   30)	 t q[6]
Gate(   31)	 t q[7]
Gate(   32)	cx q[6], q[9]
Gate(   33)	cx q[7], q[6]
Gate(   34)	cx q[9], q[7]
Gate(   35)	tdg q[6]
Gate(   36)	cx q[9], q[6]
Gate(   37)	tdg q[9]
Gate(   38)	tdg q[6]
Gate(   39)	 t q[7]
Gate(   40)	cx q[7], q[6]
Gate(   41)	cx q[9], q[7]
Gate(   42)	cx q[6], q[9]
Gate(   43)	 h q[7]
Gate(   44)	 h q[6]
Gate(   45)	 t q[10]
Gate(   46)	 t q[5]
Gate(   47)	 t q[6]
Gate(   48)	cx q[5], q[10]
Gate(   49)	cx q[6], q[5]
Gate(   50)	cx q[10], q[6]
Gate(   51)	tdg q[5]
Gate(   52)	cx q[10], q[5]
Gate(   53)	tdg q[10]
Gate(   54)	tdg q[5]
Gate(   55)	 t q[6]
Gate(   56)	cx q[6], q[5]
Gate(   57)	cx q[10], q[6]
Gate(   58)	cx q[5], q[10]
Gate(   59)	 h q[6]
Gate(   60)	 h q[5]
Gate(   61)	 t q[11]
Gate(   62)	 t q[4]
Gate(   63)	 t q[5]
Gate(   64)	cx q[4], q[11]
Gate(   65)	cx q[5], q[4]
Gate(   66)	cx q[11], q[5]
Gate(   67)	tdg q[4]
Gate(   68)	cx q[11], q[4]
Gate(   69)	tdg q[11]
Gate(   70)	tdg q[4]
Gate(   71)	 t q[5]
Gate(   72)	cx q[5], q[4]
Gate(   73)	cx q[11], q[5]
Gate(   74)	cx q[4], q[11]
Gate(   75)	 h q[5]
Gate(   76)	 h q[4]
Gate(   77)	 t q[13]
Gate(   78)	 t q[12]
Gate(   79)	 t q[4]
Gate(   80)	cx q[12], q[13]
Gate(   81)	cx q[4], q[12]
Gate(   82)	cx q[13], q[4]
Gate(   83)	tdg q[12]
Gate(   84)	cx q[13], q[12]
Gate(   85)	tdg q[13]
Gate(   86)	tdg q[12]
Gate(   87)	 t q[4]
Gate(   88)	cx q[4], q[12]
Gate(   89)	cx q[13], q[4]
Gate(   90)	cx q[12], q[13]
Gate(   91)	 h q[4]
Gate(   92)	 h q[5]
Gate(   93)	 t q[11]
Gate(   94)	 t q[4]
Gate(   95)	 t q[5]
Gate(   96)	cx q[4], q[11]
Gate(   97)	cx q[5], q[4]
Gate(   98)	cx q[11], q[5]
Gate(   99)	tdg q[4]
Gate(  100)	cx q[11], q[4]
Gate(  101)	tdg q[11]
Gate(  102)	tdg q[4]
Gate(  103)	 t q[5]
Gate(  104)	cx q[5], q[4]
Gate(  105)	cx q[11], q[5]
Gate(  106)	cx q[4], q[11]
Gate(  107)	 h q[5]
Gate(  108)	 h q[6]
Gate(  109)	 t q[10]
Gate(  110)	 t q[5]
Gate(  111)	 t q[6]
Gate(  112)	cx q[5], q[10]
Gate(  113)	cx q[6], q[5]
Gate(  114)	cx q[10], q[6]
Gate(  115)	tdg q[5]
Gate(  116)	cx q[10], q[5]
Gate(  117)	tdg q[10]
Gate(  118)	tdg q[5]
Gate(  119)	 t q[6]
Gate(  120)	cx q[6], q[5]
Gate(  121)	cx q[10], q[6]
Gate(  122)	cx q[5], q[10]
Gate(  123)	 h q[6]
Gate(  124)	 h q[7]
Gate(  125)	 t q[9]
Gate(  126)	 t q[6]
Gate(  127)	 t q[7]
Gate(  128)	cx q[6], q[9]
Gate(  129)	cx q[7], q[6]
Gate(  130)	cx q[9], q[7]
Gate(  131)	tdg q[6]
Gate(  132)	cx q[9], q[6]
Gate(  133)	tdg q[9]
Gate(  134)	tdg q[6]
Gate(  135)	 t q[7]
Gate(  136)	cx q[7], q[6]
Gate(  137)	cx q[9], q[7]
Gate(  138)	cx q[6], q[9]
Gate(  139)	 h q[7]
Gate(  140)	 h q[14]
Gate(  141)	 t q[8]
Gate(  142)	 t q[7]
Gate(  143)	 t q[14]
Gate(  144)	cx q[7], q[8]
Gate(  145)	cx q[14], q[7]
Gate(  146)	cx q[8], q[14]
Gate(  147)	tdg q[7]
Gate(  148)	cx q[8], q[7]
Gate(  149)	tdg q[8]
Gate(  150)	tdg q[7]
Gate(  151)	 t q[14]
Gate(  152)	cx q[14], q[7]
Gate(  153)	cx q[8], q[14]
Gate(  154)	cx q[7], q[8]
Gate(  155)	 h q[14]
Gate(  156)	 h q[7]
Gate(  157)	 t q[9]
Gate(  158)	 t q[6]
Gate(  159)	 t q[7]
Gate(  160)	cx q[6], q[9]
Gate(  161)	cx q[7], q[6]
Gate(  162)	cx q[9], q[7]
Gate(  163)	tdg q[6]
Gate(  164)	cx q[9], q[6]
Gate(  165)	tdg q[9]
Gate(  166)	tdg q[6]
Gate(  167)	 t q[7]
Gate(  168)	cx q[7], q[6]
Gate(  169)	cx q[9], q[7]
Gate(  170)	cx q[6], q[9]
Gate(  171)	 h q[7]
Gate(  172)	 h q[6]
Gate(  173)	 t q[10]
Gate(  174)	 t q[5]
Gate(  175)	 t q[6]
Gate(  176)	cx q[5], q[10]
Gate(  177)	cx q[6], q[5]
Gate(  178)	cx q[10], q[6]
Gate(  179)	tdg q[5]
Gate(  180)	cx q[10], q[5]
Gate(  181)	tdg q[10]
Gate(  182)	tdg q[5]
Gate(  183)	 t q[6]
Gate(  184)	cx q[6], q[5]
Gate(  185)	cx q[10], q[6]
Gate(  186)	cx q[5], q[10]
Gate(  187)	 h q[6]
Gate(  188)	 h q[5]
Gate(  189)	 t q[11]
Gate(  190)	 t q[4]
Gate(  191)	 t q[5]
Gate(  192)	cx q[4], q[11]
Gate(  193)	cx q[5], q[4]
Gate(  194)	cx q[11], q[5]
Gate(  195)	tdg q[4]
Gate(  196)	cx q[11], q[4]
Gate(  197)	tdg q[11]
Gate(  198)	tdg q[4]
Gate(  199)	 t q[5]
Gate(  200)	cx q[5], q[4]
Gate(  201)	cx q[11], q[5]
Gate(  202)	cx q[4], q[11]
Gate(  203)	 h q[5]
Gate(  204)	 h q[4]
Gate(  205)	 t q[13]
Gate(  206)	 t q[12]
Gate(  207)	 t q[4]
Gate(  208)	cx q[12], q[13]
Gate(  209)	cx q[4], q[12]
Gate(  210)	cx q[13], q[4]
Gate(  211)	tdg q[12]
Gate(  212)	cx q[13], q[12]
Gate(  213)	tdg q[13]
Gate(  214)	tdg q[12]
Gate(  215)	 t q[4]
Gate(  216)	cx q[4], q[12]
Gate(  217)	cx q[13], q[4]
Gate(  218)	cx q[12], q[13]
Gate(  219)	 h q[4]
Gate(  220)	 h q[5]
Gate(  221)	 t q[11]
Gate(  222)	 t q[4]
Gate(  223)	 t q[5]
Gate(  224)	cx q[4], q[11]
Gate(  225)	cx q[5], q[4]
Gate(  226)	cx q[11], q[5]
Gate(  227)	tdg q[4]
Gate(  228)	cx q[11], q[4]
Gate(  229)	tdg q[11]
Gate(  230)	tdg q[4]
Gate(  231)	 t q[5]
Gate(  232)	cx q[5], q[4]
Gate(  233)	cx q[11], q[5]
Gate(  234)	cx q[4], q[11]
Gate(  235)	 h q[5]
Gate(  236)	 h q[6]
Gate(  237)	 t q[10]
Gate(  238)	 t q[5]
Gate(  239)	 t q[6]
Gate(  240)	cx q[5], q[10]
Gate(  241)	cx q[6], q[5]
Gate(  242)	cx q[10], q[6]
Gate(  243)	tdg q[5]
Gate(  244)	cx q[10], q[5]
Gate(  245)	tdg q[10]
Gate(  246)	tdg q[5]
Gate(  247)	 t q[6]
Gate(  248)	cx q[6], q[5]
Gate(  249)	cx q[10], q[6]
Gate(  250)	cx q[5], q[10]
Gate(  251)	 h q[6]
Gate(  252)	 h q[7]
Gate(  253)	 t q[9]
Gate(  254)	 t q[6]
Gate(  255)	 t q[7]
Gate(  256)	cx q[6], q[9]
Gate(  257)	cx q[7], q[6]
Gate(  258)	cx q[9], q[7]
Gate(  259)	tdg q[6]
Gate(  260)	cx q[9], q[6]
Gate(  261)	tdg q[9]
Gate(  262)	tdg q[6]
Gate(  263)	 t q[7]
Gate(  264)	cx q[7], q[6]
Gate(  265)	cx q[9], q[7]
Gate(  266)	cx q[6], q[9]
Gate(  267)	 h q[7]
Gate(  268)	 h q[0]
Gate(  269)	 t q[14]
Gate(  270)	 t q[13]
Gate(  271)	 t q[0]
Gate(  272)	cx q[13], q[14]
Gate(  273)	cx q[0], q[13]
Gate(  274)	cx q[14], q[0]
Gate(  275)	tdg q[13]
Gate(  276)	cx q[14], q[13]
Gate(  277)	tdg q[14]
Gate(  278)	tdg q[13]
Gate(  279)	 t q[0]
Gate(  280)	cx q[0], q[13]
Gate(  281)	cx q[14], q[0]
Gate(  282)	cx q[13], q[14]
Gate(  283)	 h q[0]
Gate(  284)	 h q[13]
Gate(  285)	 t q[1]
Gate(  286)	 t q[12]
Gate(  287)	 t q[13]
Gate(  288)	cx q[12], q[1]
Gate(  289)	cx q[13], q[12]
Gate(  290)	cx q[1], q[13]
Gate(  291)	tdg q[12]
Gate(  292)	cx q[1], q[12]
Gate(  293)	tdg q[1]
Gate(  294)	tdg q[12]
Gate(  295)	 t q[13]
Gate(  296)	cx q[13], q[12]
Gate(  297)	cx q[1], q[13]
Gate(  298)	cx q[12], q[1]
Gate(  299)	 h q[13]
Gate(  300)	 h q[12]
Gate(  301)	 t q[2]
Gate(  302)	 t q[11]
Gate(  303)	 t q[12]
Gate(  304)	cx q[11], q[2]
Gate(  305)	cx q[12], q[11]
Gate(  306)	cx q[2], q[12]
Gate(  307)	tdg q[11]
Gate(  308)	cx q[2], q[11]
Gate(  309)	tdg q[2]
Gate(  310)	tdg q[11]
Gate(  311)	 t q[12]
Gate(  312)	cx q[12], q[11]
Gate(  313)	cx q[2], q[12]
Gate(  314)	cx q[11], q[2]
Gate(  315)	 h q[12]
Gate(  316)	 h q[11]
Gate(  317)	 t q[3]
Gate(  318)	 t q[10]
Gate(  319)	 t q[11]
Gate(  320)	cx q[10], q[3]
Gate(  321)	cx q[11], q[10]
Gate(  322)	cx q[3], q[11]
Gate(  323)	tdg q[10]
Gate(  324)	cx q[3], q[10]
Gate(  325)	tdg q[3]
Gate(  326)	tdg q[10]
Gate(  327)	 t q[11]
Gate(  328)	cx q[11], q[10]
Gate(  329)	cx q[3], q[11]
Gate(  330)	cx q[10], q[3]
Gate(  331)	 h q[11]
Gate(  332)	 h q[10]
Gate(  333)	 t q[4]
Gate(  334)	 t q[9]
Gate(  335)	 t q[10]
Gate(  336)	cx q[9], q[4]
Gate(  337)	cx q[10], q[9]
Gate(  338)	cx q[4], q[10]
Gate(  339)	tdg q[9]
Gate(  340)	cx q[4], q[9]
Gate(  341)	tdg q[4]
Gate(  342)	tdg q[9]
Gate(  343)	 t q[10]
Gate(  344)	cx q[10], q[9]
Gate(  345)	cx q[4], q[10]
Gate(  346)	cx q[9], q[4]
Gate(  347)	 h q[10]
Gate(  348)	 h q[9]
Gate(  349)	 t q[5]
Gate(  350)	 t q[8]
Gate(  351)	 t q[9]
Gate(  352)	cx q[8], q[5]
Gate(  353)	cx q[9], q[8]
Gate(  354)	cx q[5], q[9]
Gate(  355)	tdg q[8]
Gate(  356)	cx q[5], q[8]
Gate(  357)	tdg q[5]
Gate(  358)	tdg q[8]
Gate(  359)	 t q[9]
Gate(  360)	cx q[9], q[8]
Gate(  361)	cx q[5], q[9]
Gate(  362)	cx q[8], q[5]
Gate(  363)	 h q[9]
Gate(  364)	 h q[8]
Gate(  365)	 t q[7]
Gate(  366)	 t q[6]
Gate(  367)	 t q[8]
Gate(  368)	cx q[6], q[7]
Gate(  369)	cx q[8], q[6]
Gate(  370)	cx q[7], q[8]
Gate(  371)	tdg q[6]
Gate(  372)	cx q[7], q[6]
Gate(  373)	tdg q[7]
Gate(  374)	tdg q[6]
Gate(  375)	 t q[8]
Gate(  376)	cx q[8], q[6]
Gate(  377)	cx q[7], q[8]
Gate(  378)	cx q[6], q[7]
Gate(  379)	 h q[8]
Gate(  380)	 h q[9]
Gate(  381)	 t q[5]
Gate(  382)	 t q[8]
Gate(  383)	 t q[9]
Gate(  384)	cx q[8], q[5]
Gate(  385)	cx q[9], q[8]
Gate(  386)	cx q[5], q[9]
Gate(  387)	tdg q[8]
Gate(  388)	cx q[5], q[8]
Gate(  389)	tdg q[5]
Gate(  390)	tdg q[8]
Gate(  391)	 t q[9]
Gate(  392)	cx q[9], q[8]
Gate(  393)	cx q[5], q[9]
Gate(  394)	cx q[8], q[5]
Gate(  395)	 h q[9]
Gate(  396)	 h q[10]
Gate(  397)	 t q[4]
Gate(  398)	 t q[9]
Gate(  399)	 t q[10]
Gate(  400)	cx q[9], q[4]
Gate(  401)	cx q[10], q[9]
Gate(  402)	cx q[4], q[10]
Gate(  403)	tdg q[9]
Gate(  404)	cx q[4], q[9]
Gate(  405)	tdg q[4]
Gate(  406)	tdg q[9]
Gate(  407)	 t q[10]
Gate(  408)	cx q[10], q[9]
Gate(  409)	cx q[4], q[10]
Gate(  410)	cx q[9], q[4]
Gate(  411)	 h q[10]
Gate(  412)	 h q[11]
Gate(  413)	 t q[3]
Gate(  414)	 t q[10]
Gate(  415)	 t q[11]
Gate(  416)	cx q[10], q[3]
Gate(  417)	cx q[11], q[10]
Gate(  418)	cx q[3], q[11]
Gate(  419)	tdg q[10]
Gate(  420)	cx q[3], q[10]
Gate(  421)	tdg q[3]
Gate(  422)	tdg q[10]
Gate(  423)	 t q[11]
Gate(  424)	cx q[11], q[10]
Gate(  425)	cx q[3], q[11]
Gate(  426)	cx q[10], q[3]
Gate(  427)	 h q[11]
Gate(  428)	 h q[12]
Gate(  429)	 t q[2]
Gate(  430)	 t q[11]
Gate(  431)	 t q[12]
Gate(  432)	cx q[11], q[2]
Gate(  433)	cx q[12], q[11]
Gate(  434)	cx q[2], q[12]
Gate(  435)	tdg q[11]
Gate(  436)	cx q[2], q[11]
Gate(  437)	tdg q[2]
Gate(  438)	tdg q[11]
Gate(  439)	 t q[12]
Gate(  440)	cx q[12], q[11]
Gate(  441)	cx q[2], q[12]
Gate(  442)	cx q[11], q[2]
Gate(  443)	 h q[12]
Gate(  444)	 h q[13]
Gate(  445)	 t q[1]
Gate(  446)	 t q[12]
Gate(  447)	 t q[13]
Gate(  448)	cx q[12], q[1]
Gate(  449)	cx q[13], q[12]
Gate(  450)	cx q[1], q[13]
Gate(  451)	tdg q[12]
Gate(  452)	cx q[1], q[12]
Gate(  453)	tdg q[1]
Gate(  454)	tdg q[12]
Gate(  455)	 t q[13]
Gate(  456)	cx q[13], q[12]
Gate(  457)	cx q[1], q[13]
Gate(  458)	cx q[12], q[1]
Gate(  459)	 h q[13]
Gate(  460)	 h q[0]
Gate(  461)	 t q[14]
Gate(  462)	 t q[13]
Gate(  463)	 t q[0]
Gate(  464)	cx q[13], q[14]
Gate(  465)	cx q[0], q[13]
Gate(  466)	cx q[14], q[0]
Gate(  467)	tdg q[13]
Gate(  468)	cx q[14], q[13]
Gate(  469)	tdg q[14]
Gate(  470)	tdg q[13]
Gate(  471)	 t q[0]
Gate(  472)	cx q[0], q[13]
Gate(  473)	cx q[14], q[0]
Gate(  474)	cx q[13], q[14]
Gate(  475)	 h q[0]
Gate(  476)	 h q[13]
Gate(  477)	 t q[1]
Gate(  478)	 t q[12]
Gate(  479)	 t q[13]
Gate(  480)	cx q[12], q[1]
Gate(  481)	cx q[13], q[12]
Gate(  482)	cx q[1], q[13]
Gate(  483)	tdg q[12]
Gate(  484)	cx q[1], q[12]
Gate(  485)	tdg q[1]
Gate(  486)	tdg q[12]
Gate(  487)	 t q[13]
Gate(  488)	cx q[13], q[12]
Gate(  489)	cx q[1], q[13]
Gate(  490)	cx q[12], q[1]
Gate(  491)	 h q[13]
Gate(  492)	 h q[12]
Gate(  493)	 t q[2]
Gate(  494)	 t q[11]
Gate(  495)	 t q[12]
Gate(  496)	cx q[11], q[2]
Gate(  497)	cx q[12], q[11]
Gate(  498)	cx q[2], q[12]
Gate(  499)	tdg q[11]
Gate(  500)	cx q[2], q[11]
Gate(  501)	tdg q[2]
Gate(  502)	tdg q[11]
Gate(  503)	 t q[12]
Gate(  504)	cx q[12], q[11]
Gate(  505)	cx q[2], q[12]
Gate(  506)	cx q[11], q[2]
Gate(  507)	 h q[12]
Gate(  508)	 h q[11]
Gate(  509)	 t q[3]
Gate(  510)	 t q[10]
Gate(  511)	 t q[11]
Gate(  512)	cx q[10], q[3]
Gate(  513)	cx q[11], q[10]
Gate(  514)	cx q[3], q[11]
Gate(  515)	tdg q[10]
Gate(  516)	cx q[3], q[10]
Gate(  517)	tdg q[3]
Gate(  518)	tdg q[10]
Gate(  519)	 t q[11]
Gate(  520)	cx q[11], q[10]
Gate(  521)	cx q[3], q[11]
Gate(  522)	cx q[10], q[3]
Gate(  523)	 h q[11]
Gate(  524)	 h q[10]
Gate(  525)	 t q[4]
Gate(  526)	 t q[9]
Gate(  527)	 t q[10]
Gate(  528)	cx q[9], q[4]
Gate(  529)	cx q[10], q[9]
Gate(  530)	cx q[4], q[10]
Gate(  531)	tdg q[9]
Gate(  532)	cx q[4], q[9]
Gate(  533)	tdg q[4]
Gate(  534)	tdg q[9]
Gate(  535)	 t q[10]
Gate(  536)	cx q[10], q[9]
Gate(  537)	cx q[4], q[10]
Gate(  538)	cx q[9], q[4]
Gate(  539)	 h q[10]
Gate(  540)	 h q[9]
Gate(  541)	 t q[5]
Gate(  542)	 t q[8]
Gate(  543)	 t q[9]
Gate(  544)	cx q[8], q[5]
Gate(  545)	cx q[9], q[8]
Gate(  546)	cx q[5], q[9]
Gate(  547)	tdg q[8]
Gate(  548)	cx q[5], q[8]
Gate(  549)	tdg q[5]
Gate(  550)	tdg q[8]
Gate(  551)	 t q[9]
Gate(  552)	cx q[9], q[8]
Gate(  553)	cx q[5], q[9]
Gate(  554)	cx q[8], q[5]
Gate(  555)	 h q[9]
Gate(  556)	 h q[8]
Gate(  557)	 t q[7]
Gate(  558)	 t q[6]
Gate(  559)	 t q[8]
Gate(  560)	cx q[6], q[7]
Gate(  561)	cx q[8], q[6]
Gate(  562)	cx q[7], q[8]
Gate(  563)	tdg q[6]
Gate(  564)	cx q[7], q[6]
Gate(  565)	tdg q[7]
Gate(  566)	tdg q[6]
Gate(  567)	 t q[8]
Gate(  568)	cx q[8], q[6]
Gate(  569)	cx q[7], q[8]
Gate(  570)	cx q[6], q[7]
Gate(  571)	 h q[8]
Gate(  572)	 h q[9]
Gate(  573)	 t q[5]
Gate(  574)	 t q[8]
Gate(  575)	 t q[9]
Gate(  576)	cx q[8], q[5]
Gate(  577)	cx q[9], q[8]
Gate(  578)	cx q[5], q[9]
Gate(  579)	tdg q[8]
Gate(  580)	cx q[5], q[8]
Gate(  581)	tdg q[5]
Gate(  582)	tdg q[8]
Gate(  583)	 t q[9]
Gate(  584)	cx q[9], q[8]
Gate(  585)	cx q[5], q[9]
Gate(  586)	cx q[8], q[5]
Gate(  587)	 h q[9]
Gate(  588)	 h q[10]
Gate(  589)	 t q[4]
Gate(  590)	 t q[9]
Gate(  591)	 t q[10]
Gate(  592)	cx q[9], q[4]
Gate(  593)	cx q[10], q[9]
Gate(  594)	cx q[4], q[10]
Gate(  595)	tdg q[9]
Gate(  596)	cx q[4], q[9]
Gate(  597)	tdg q[4]
Gate(  598)	tdg q[9]
Gate(  599)	 t q[10]
Gate(  600)	cx q[10], q[9]
Gate(  601)	cx q[4], q[10]
Gate(  602)	cx q[9], q[4]
Gate(  603)	 h q[10]
Gate(  604)	 h q[11]
Gate(  605)	 t q[3]
Gate(  606)	 t q[10]
Gate(  607)	 t q[11]
Gate(  608)	cx q[10], q[3]
Gate(  609)	cx q[11], q[10]
Gate(  610)	cx q[3], q[11]
Gate(  611)	tdg q[10]
Gate(  612)	cx q[3], q[10]
Gate(  613)	tdg q[3]
Gate(  614)	tdg q[10]
Gate(  615)	 t q[11]
Gate(  616)	cx q[11], q[10]
Gate(  617)	cx q[3], q[11]
Gate(  618)	cx q[10], q[3]
Gate(  619)	 h q[11]
Gate(  620)	 h q[12]
Gate(  621)	 t q[2]
Gate(  622)	 t q[11]
Gate(  623)	 t q[12]
Gate(  624)	cx q[11], q[2]
Gate(  625)	cx q[12], q[11]
Gate(  626)	cx q[2], q[12]
Gate(  627)	tdg q[11]
Gate(  628)	cx q[2], q[11]
Gate(  629)	tdg q[2]
Gate(  630)	tdg q[11]
Gate(  631)	 t q[12]
Gate(  632)	cx q[12], q[11]
Gate(  633)	cx q[2], q[12]
Gate(  634)	cx q[11], q[2]
Gate(  635)	 h q[12]
Gate(  636)	 h q[13]
Gate(  637)	 t q[1]
Gate(  638)	 t q[12]
Gate(  639)	 t q[13]
Gate(  640)	cx q[12], q[1]
Gate(  641)	cx q[13], q[12]
Gate(  642)	cx q[1], q[13]
Gate(  643)	tdg q[12]
Gate(  644)	cx q[1], q[12]
Gate(  645)	tdg q[1]
Gate(  646)	tdg q[12]
Gate(  647)	 t q[13]
Gate(  648)	cx q[13], q[12]
Gate(  649)	cx q[1], q[13]
Gate(  650)	cx q[12], q[1]
Gate(  651)	 h q[13]
Gate(  652)	 h q[14]
Gate(  653)	 t q[8]
Gate(  654)	 t q[7]
Gate(  655)	 t q[14]
Gate(  656)	cx q[7], q[8]
Gate(  657)	cx q[14], q[7]
Gate(  658)	cx q[8], q[14]
Gate(  659)	tdg q[7]
Gate(  660)	cx q[8], q[7]
Gate(  661)	tdg q[8]
Gate(  662)	tdg q[7]
Gate(  663)	 t q[14]
Gate(  664)	cx q[14], q[7]
Gate(  665)	cx q[8], q[14]
Gate(  666)	cx q[7], q[8]
Gate(  667)	 h q[14]
Gate(  668)	 h q[7]
Gate(  669)	 t q[9]
Gate(  670)	 t q[6]
Gate(  671)	 t q[7]
Gate(  672)	cx q[6], q[9]
Gate(  673)	cx q[7], q[6]
Gate(  674)	cx q[9], q[7]
Gate(  675)	tdg q[6]
Gate(  676)	cx q[9], q[6]
Gate(  677)	tdg q[9]
Gate(  678)	tdg q[6]
Gate(  679)	 t q[7]
Gate(  680)	cx q[7], q[6]
Gate(  681)	cx q[9], q[7]
Gate(  682)	cx q[6], q[9]
Gate(  683)	 h q[7]
Gate(  684)	 h q[6]
Gate(  685)	 t q[10]
Gate(  686)	 t q[5]
Gate(  687)	 t q[6]
Gate(  688)	cx q[5], q[10]
Gate(  689)	cx q[6], q[5]
Gate(  690)	cx q[10], q[6]
Gate(  691)	tdg q[5]
Gate(  692)	cx q[10], q[5]
Gate(  693)	tdg q[10]
Gate(  694)	tdg q[5]
Gate(  695)	 t q[6]
Gate(  696)	cx q[6], q[5]
Gate(  697)	cx q[10], q[6]
Gate(  698)	cx q[5], q[10]
Gate(  699)	 h q[6]
Gate(  700)	 h q[5]
Gate(  701)	 t q[11]
Gate(  702)	 t q[4]
Gate(  703)	 t q[5]
Gate(  704)	cx q[4], q[11]
Gate(  705)	cx q[5], q[4]
Gate(  706)	cx q[11], q[5]
Gate(  707)	tdg q[4]
Gate(  708)	cx q[11], q[4]
Gate(  709)	tdg q[11]
Gate(  710)	tdg q[4]
Gate(  711)	 t q[5]
Gate(  712)	cx q[5], q[4]
Gate(  713)	cx q[11], q[5]
Gate(  714)	cx q[4], q[11]
Gate(  715)	 h q[5]
Gate(  716)	 h q[4]
Gate(  717)	 t q[13]
Gate(  718)	 t q[12]
Gate(  719)	 t q[4]
Gate(  720)	cx q[12], q[13]
Gate(  721)	cx q[4], q[12]
Gate(  722)	cx q[13], q[4]
Gate(  723)	tdg q[12]
Gate(  724)	cx q[13], q[12]
Gate(  725)	tdg q[13]
Gate(  726)	tdg q[12]
Gate(  727)	 t q[4]
Gate(  728)	cx q[4], q[12]
Gate(  729)	cx q[13], q[4]
Gate(  730)	cx q[12], q[13]
Gate(  731)	 h q[4]
Gate(  732)	 h q[5]
Gate(  733)	 t q[11]
Gate(  734)	 t q[4]
Gate(  735)	 t q[5]
Gate(  736)	cx q[4], q[11]
Gate(  737)	cx q[5], q[4]
Gate(  738)	cx q[11], q[5]
Gate(  739)	tdg q[4]
Gate(  740)	cx q[11], q[4]
Gate(  741)	tdg q[11]
Gate(  742)	tdg q[4]
Gate(  743)	 t q[5]
Gate(  744)	cx q[5], q[4]
Gate(  745)	cx q[11], q[5]
Gate(  746)	cx q[4], q[11]
Gate(  747)	 h q[5]
Gate(  748)	 h q[6]
Gate(  749)	 t q[10]
Gate(  750)	 t q[5]
Gate(  751)	 t q[6]
Gate(  752)	cx q[5], q[10]
Gate(  753)	cx q[6], q[5]
Gate(  754)	cx q[10], q[6]
Gate(  755)	tdg q[5]
Gate(  756)	cx q[10], q[5]
Gate(  757)	tdg q[10]
Gate(  758)	tdg q[5]
Gate(  759)	 t q[6]
Gate(  760)	cx q[6], q[5]
Gate(  761)	cx q[10], q[6]
Gate(  762)	cx q[5], q[10]
Gate(  763)	 h q[6]
Gate(  764)	 h q[7]
Gate(  765)	 t q[9]
Gate(  766)	 t q[6]
Gate(  767)	 t q[7]
Gate(  768)	cx q[6], q[9]
Gate(  769)	cx q[7], q[6]
Gate(  770)	cx q[9], q[7]
Gate(  771)	tdg q[6]
Gate(  772)	cx q[9], q[6]
Gate(  773)	tdg q[9]
Gate(  774)	tdg q[6]
Gate(  775)	 t q[7]
Gate(  776)	cx q[7], q[6]
Gate(  777)	cx q[9], q[7]
Gate(  778)	cx q[6], q[9]
Gate(  779)	 h q[7]
Gate(  780)	 h q[14]
Gate(  781)	 t q[8]
Gate(  782)	 t q[7]
Gate(  783)	 t q[14]
Gate(  784)	cx q[7], q[8]
Gate(  785)	cx q[14], q[7]
Gate(  786)	cx q[8], q[14]
Gate(  787)	tdg q[7]
Gate(  788)	cx q[8], q[7]
Gate(  789)	tdg q[8]
Gate(  790)	tdg q[7]
Gate(  791)	 t q[14]
Gate(  792)	cx q[14], q[7]
Gate(  793)	cx q[8], q[14]
Gate(  794)	cx q[7], q[8]
Gate(  795)	 h q[14]
Gate(  796)	 h q[7]
Gate(  797)	 t q[9]
Gate(  798)	 t q[6]
Gate(  799)	 t q[7]
Gate(  800)	cx q[6], q[9]
Gate(  801)	cx q[7], q[6]
Gate(  802)	cx q[9], q[7]
Gate(  803)	tdg q[6]
Gate(  804)	cx q[9], q[6]
Gate(  805)	tdg q[9]
Gate(  806)	tdg q[6]
Gate(  807)	 t q[7]
Gate(  808)	cx q[7], q[6]
Gate(  809)	cx q[9], q[7]
Gate(  810)	cx q[6], q[9]
Gate(  811)	 h q[7]
Gate(  812)	 h q[6]
Gate(  813)	 t q[10]
Gate(  814)	 t q[5]
Gate(  815)	 t q[6]
Gate(  816)	cx q[5], q[10]
Gate(  817)	cx q[6], q[5]
Gate(  818)	cx q[10], q[6]
Gate(  819)	tdg q[5]
Gate(  820)	cx q[10], q[5]
Gate(  821)	tdg q[10]
Gate(  822)	tdg q[5]
Gate(  823)	 t q[6]
Gate(  824)	cx q[6], q[5]
Gate(  825)	cx q[10], q[6]
Gate(  826)	cx q[5], q[10]
Gate(  827)	 h q[6]
Gate(  828)	 h q[5]
Gate(  829)	 t q[11]
Gate(  830)	 t q[4]
Gate(  831)	 t q[5]
Gate(  832)	cx q[4], q[11]
Gate(  833)	cx q[5], q[4]
Gate(  834)	cx q[11], q[5]
Gate(  835)	tdg q[4]
Gate(  836)	cx q[11], q[4]
Gate(  837)	tdg q[11]
Gate(  838)	tdg q[4]
Gate(  839)	 t q[5]
Gate(  840)	cx q[5], q[4]
Gate(  841)	cx q[11], q[5]
Gate(  842)	cx q[4], q[11]
Gate(  843)	 h q[5]
Gate(  844)	 h q[4]
Gate(  845)	 t q[13]
Gate(  846)	 t q[12]
Gate(  847)	 t q[4]
Gate(  848)	cx q[12], q[13]
Gate(  849)	cx q[4], q[12]
Gate(  850)	cx q[13], q[4]
Gate(  851)	tdg q[12]
Gate(  852)	cx q[13], q[12]
Gate(  853)	tdg q[13]
Gate(  854)	tdg q[12]
Gate(  855)	 t q[4]
Gate(  856)	cx q[4], q[12]
Gate(  857)	cx q[13], q[4]
Gate(  858)	cx q[12], q[13]
Gate(  859)	 h q[4]
Gate(  860)	 h q[5]
Gate(  861)	 t q[11]
Gate(  862)	 t q[4]
Gate(  863)	 t q[5]
Gate(  864)	cx q[4], q[11]
Gate(  865)	cx q[5], q[4]
Gate(  866)	cx q[11], q[5]
Gate(  867)	tdg q[4]
Gate(  868)	cx q[11], q[4]
Gate(  869)	tdg q[11]
Gate(  870)	tdg q[4]
Gate(  871)	 t q[5]
Gate(  872)	cx q[5], q[4]
Gate(  873)	cx q[11], q[5]
Gate(  874)	cx q[4], q[11]
Gate(  875)	 h q[5]
Gate(  876)	 h q[6]
Gate(  877)	 t q[10]
Gate(  878)	 t q[5]
Gate(  879)	 t q[6]
Gate(  880)	cx q[5], q[10]
Gate(  881)	cx q[6], q[5]
Gate(  882)	cx q[10], q[6]
Gate(  883)	tdg q[5]
Gate(  884)	cx q[10], q[5]
Gate(  885)	tdg q[10]
Gate(  886)	tdg q[5]
Gate(  887)	 t q[6]
Gate(  888)	cx q[6], q[5]
Gate(  889)	cx q[10], q[6]
Gate(  890)	cx q[5], q[10]
Gate(  891)	 h q[6]
Gate(  892)	 h q[7]
Gate(  893)	 t q[9]
Gate(  894)	 t q[6]
Gate(  895)	 t q[7]
Gate(  896)	cx q[6], q[9]
Gate(  897)	cx q[7], q[6]
Gate(  898)	cx q[9], q[7]
Gate(  899)	tdg q[6]
Gate(  900)	cx q[9], q[6]
Gate(  901)	tdg q[9]
Gate(  902)	tdg q[6]
Gate(  903)	 t q[7]
Gate(  904)	cx q[7], q[6]
Gate(  905)	cx q[9], q[7]
Gate(  906)	cx q[6], q[9]
Gate(  907)	 h q[7]
Gate(  908)	 h q[0]
Gate(  909)	 t q[14]
Gate(  910)	 t q[13]
Gate(  911)	 t q[0]
Gate(  912)	cx q[13], q[14]
Gate(  913)	cx q[0], q[13]
Gate(  914)	cx q[14], q[0]
Gate(  915)	tdg q[13]
Gate(  916)	cx q[14], q[13]
Gate(  917)	tdg q[14]
Gate(  918)	tdg q[13]
Gate(  919)	 t q[0]
Gate(  920)	cx q[0], q[13]
Gate(  921)	cx q[14], q[0]
Gate(  922)	cx q[13], q[14]
Gate(  923)	 h q[0]
Gate(  924)	 h q[13]
Gate(  925)	 t q[1]
Gate(  926)	 t q[12]
Gate(  927)	 t q[13]
Gate(  928)	cx q[12], q[1]
Gate(  929)	cx q[13], q[12]
Gate(  930)	cx q[1], q[13]
Gate(  931)	tdg q[12]
Gate(  932)	cx q[1], q[12]
Gate(  933)	tdg q[1]
Gate(  934)	tdg q[12]
Gate(  935)	 t q[13]
Gate(  936)	cx q[13], q[12]
Gate(  937)	cx q[1], q[13]
Gate(  938)	cx q[12], q[1]
Gate(  939)	 h q[13]
Gate(  940)	 h q[12]
Gate(  941)	 t q[2]
Gate(  942)	 t q[11]
Gate(  943)	 t q[12]
Gate(  944)	cx q[11], q[2]
Gate(  945)	cx q[12], q[11]
Gate(  946)	cx q[2], q[12]
Gate(  947)	tdg q[11]
Gate(  948)	cx q[2], q[11]
Gate(  949)	tdg q[2]
Gate(  950)	tdg q[11]
Gate(  951)	 t q[12]
Gate(  952)	cx q[12], q[11]
Gate(  953)	cx q[2], q[12]
Gate(  954)	cx q[11], q[2]
Gate(  955)	 h q[12]
Gate(  956)	 h q[11]
Gate(  957)	 t q[3]
Gate(  958)	 t q[10]
Gate(  959)	 t q[11]
Gate(  960)	cx q[10], q[3]
Gate(  961)	cx q[11], q[10]
Gate(  962)	cx q[3], q[11]
Gate(  963)	tdg q[10]
Gate(  964)	cx q[3], q[10]
Gate(  965)	tdg q[3]
Gate(  966)	tdg q[10]
Gate(  967)	 t q[11]
Gate(  968)	cx q[11], q[10]
Gate(  969)	cx q[3], q[11]
Gate(  970)	cx q[10], q[3]
Gate(  971)	 h q[11]
Gate(  972)	 h q[10]
Gate(  973)	 t q[4]
Gate(  974)	 t q[9]
Gate(  975)	 t q[10]
Gate(  976)	cx q[9], q[4]
Gate(  977)	cx q[10], q[9]
Gate(  978)	cx q[4], q[10]
Gate(  979)	tdg q[9]
Gate(  980)	cx q[4], q[9]
Gate(  981)	tdg q[4]
Gate(  982)	tdg q[9]
Gate(  983)	 t q[10]
Gate(  984)	cx q[10], q[9]
Gate(  985)	cx q[4], q[10]
Gate(  986)	cx q[9], q[4]
Gate(  987)	 h q[10]
Gate(  988)	 h q[9]
Gate(  989)	 t q[5]
Gate(  990)	 t q[8]
Gate(  991)	 t q[9]
Gate(  992)	cx q[8], q[5]
Gate(  993)	cx q[9], q[8]
Gate(  994)	cx q[5], q[9]
Gate(  995)	tdg q[8]
Gate(  996)	cx q[5], q[8]
Gate(  997)	tdg q[5]
Gate(  998)	tdg q[8]
Gate(  999)	 t q[9]
Gate( 1000)	cx q[9], q[8]
Gate( 1001)	cx q[5], q[9]
Gate( 1002)	cx q[8], q[5]
Gate( 1003)	 h q[9]
Gate( 1004)	 h q[8]
Gate( 1005)	 t q[7]
Gate( 1006)	 t q[6]
Gate( 1007)	 t q[8]
Gate( 1008)	cx q[6], q[7]
Gate( 1009)	cx q[8], q[6]
Gate( 1010)	cx q[7], q[8]
Gate( 1011)	tdg q[6]
Gate( 1012)	cx q[7], q[6]
Gate( 1013)	tdg q[7]
Gate( 1014)	tdg q[6]
Gate( 1015)	 t q[8]
Gate( 1016)	cx q[8], q[6]
Gate( 1017)	cx q[7], q[8]
Gate( 1018)	cx q[6], q[7]
Gate( 1019)	 h q[8]
Gate( 1020)	 h q[9]
Gate( 1021)	 t q[5]
Gate( 1022)	 t q[8]
Gate( 1023)	 t q[9]
Gate( 1024)	cx q[8], q[5]
Gate( 1025)	cx q[9], q[8]
Gate( 1026)	cx q[5], q[9]
Gate( 1027)	tdg q[8]
Gate( 1028)	cx q[5], q[8]
Gate( 1029)	tdg q[5]
Gate( 1030)	tdg q[8]
Gate( 1031)	 t q[9]
Gate( 1032)	cx q[9], q[8]
Gate( 1033)	cx q[5], q[9]
Gate( 1034)	cx q[8], q[5]
Gate( 1035)	 h q[9]
Gate( 1036)	 h q[10]
Gate( 1037)	 t q[4]
Gate( 1038)	 t q[9]
Gate( 1039)	 t q[10]
Gate( 1040)	cx q[9], q[4]
Gate( 1041)	cx q[10], q[9]
Gate( 1042)	cx q[4], q[10]
Gate( 1043)	tdg q[9]
Gate( 1044)	cx q[4], q[9]
Gate( 1045)	tdg q[4]
Gate( 1046)	tdg q[9]
Gate( 1047)	 t q[10]
Gate( 1048)	cx q[10], q[9]
Gate( 1049)	cx q[4], q[10]
Gate( 1050)	cx q[9], q[4]
Gate( 1051)	 h q[10]
Gate( 1052)	 h q[11]
Gate( 1053)	 t q[3]
Gate( 1054)	 t q[10]
Gate( 1055)	 t q[11]
Gate( 1056)	cx q[10], q[3]
Gate( 1057)	cx q[11], q[10]
Gate( 1058)	cx q[3], q[11]
Gate( 1059)	tdg q[10]
Gate( 1060)	cx q[3], q[10]
Gate( 1061)	tdg q[3]
Gate( 1062)	tdg q[10]
Gate( 1063)	 t q[11]
Gate( 1064)	cx q[11], q[10]
Gate( 1065)	cx q[3], q[11]
Gate( 1066)	cx q[10], q[3]
Gate( 1067)	 h q[11]
Gate( 1068)	 h q[12]
Gate( 1069)	 t q[2]
Gate( 1070)	 t q[11]
Gate( 1071)	 t q[12]
Gate( 1072)	cx q[11], q[2]
Gate( 1073)	cx q[12], q[11]
Gate( 1074)	cx q[2], q[12]
Gate( 1075)	tdg q[11]
Gate( 1076)	cx q[2], q[11]
Gate( 1077)	tdg q[2]
Gate( 1078)	tdg q[11]
Gate( 1079)	 t q[12]
Gate( 1080)	cx q[12], q[11]
Gate( 1081)	cx q[2], q[12]
Gate( 1082)	cx q[11], q[2]
Gate( 1083)	 h q[12]
Gate( 1084)	 h q[13]
Gate( 1085)	 t q[1]
Gate( 1086)	 t q[12]
Gate( 1087)	 t q[13]
Gate( 1088)	cx q[12], q[1]
Gate( 1089)	cx q[13], q[12]
Gate( 1090)	cx q[1], q[13]
Gate( 1091)	tdg q[12]
Gate( 1092)	cx q[1], q[12]
Gate( 1093)	tdg q[1]
Gate( 1094)	tdg q[12]
Gate( 1095)	 t q[13]
Gate( 1096)	cx q[13], q[12]
Gate( 1097)	cx q[1], q[13]
Gate( 1098)	cx q[12], q[1]
Gate( 1099)	 h q[13]
Gate( 1100)	 h q[0]
Gate( 1101)	 t q[14]
Gate( 1102)	 t q[13]
Gate( 1103)	 t q[0]
Gate( 1104)	cx q[13], q[14]
Gate( 1105)	cx q[0], q[13]
Gate( 1106)	cx q[14], q[0]
Gate( 1107)	tdg q[13]
Gate( 1108)	cx q[14], q[13]
Gate( 1109)	tdg q[14]
Gate( 1110)	tdg q[13]
Gate( 1111)	 t q[0]
Gate( 1112)	cx q[0], q[13]
Gate( 1113)	cx q[14], q[0]
Gate( 1114)	cx q[13], q[14]
Gate( 1115)	 h q[0]
Gate( 1116)	 h q[13]
Gate( 1117)	 t q[1]
Gate( 1118)	 t q[12]
Gate( 1119)	 t q[13]
Gate( 1120)	cx q[12], q[1]
Gate( 1121)	cx q[13], q[12]
Gate( 1122)	cx q[1], q[13]
Gate( 1123)	tdg q[12]
Gate( 1124)	cx q[1], q[12]
Gate( 1125)	tdg q[1]
Gate( 1126)	tdg q[12]
Gate( 1127)	 t q[13]
Gate( 1128)	cx q[13], q[12]
Gate( 1129)	cx q[1], q[13]
Gate( 1130)	cx q[12], q[1]
Gate( 1131)	 h q[13]
Gate( 1132)	 h q[12]
Gate( 1133)	 t q[2]
Gate( 1134)	 t q[11]
Gate( 1135)	 t q[12]
Gate( 1136)	cx q[11], q[2]
Gate( 1137)	cx q[12], q[11]
Gate( 1138)	cx q[2], q[12]
Gate( 1139)	tdg q[11]
Gate( 1140)	cx q[2], q[11]
Gate( 1141)	tdg q[2]
Gate( 1142)	tdg q[11]
Gate( 1143)	 t q[12]
Gate( 1144)	cx q[12], q[11]
Gate( 1145)	cx q[2], q[12]
Gate( 1146)	cx q[11], q[2]
Gate( 1147)	 h q[12]
Gate( 1148)	 h q[11]
Gate( 1149)	 t q[3]
Gate( 1150)	 t q[10]
Gate( 1151)	 t q[11]
Gate( 1152)	cx q[10], q[3]
Gate( 1153)	cx q[11], q[10]
Gate( 1154)	cx q[3], q[11]
Gate( 1155)	tdg q[10]
Gate( 1156)	cx q[3], q[10]
Gate( 1157)	tdg q[3]
Gate( 1158)	tdg q[10]
Gate( 1159)	 t q[11]
Gate( 1160)	cx q[11], q[10]
Gate( 1161)	cx q[3], q[11]
Gate( 1162)	cx q[10], q[3]
Gate( 1163)	 h q[11]
Gate( 1164)	 h q[10]
Gate( 1165)	 t q[4]
Gate( 1166)	 t q[9]
Gate( 1167)	 t q[10]
Gate( 1168)	cx q[9], q[4]
Gate( 1169)	cx q[10], q[9]
Gate( 1170)	cx q[4], q[10]
Gate( 1171)	tdg q[9]
Gate( 1172)	cx q[4], q[9]
Gate( 1173)	tdg q[4]
Gate( 1174)	tdg q[9]
Gate( 1175)	 t q[10]
Gate( 1176)	cx q[10], q[9]
Gate( 1177)	cx q[4], q[10]
Gate( 1178)	cx q[9], q[4]
Gate( 1179)	 h q[10]
Gate( 1180)	 h q[9]
Gate( 1181)	 t q[5]
Gate( 1182)	 t q[8]
Gate( 1183)	 t q[9]
Gate( 1184)	cx q[8], q[5]
Gate( 1185)	cx q[9], q[8]
Gate( 1186)	cx q[5], q[9]
Gate( 1187)	tdg q[8]
Gate( 1188)	cx q[5], q[8]
Gate( 1189)	tdg q[5]
Gate( 1190)	tdg q[8]
Gate( 1191)	 t q[9]
Gate( 1192)	cx q[9], q[8]
Gate( 1193)	cx q[5], q[9]
Gate( 1194)	cx q[8], q[5]
Gate( 1195)	 h q[9]
Gate( 1196)	 h q[8]
Gate( 1197)	 t q[7]
Gate( 1198)	 t q[6]
Gate( 1199)	 t q[8]
Gate( 1200)	cx q[6], q[7]
Gate( 1201)	cx q[8], q[6]
Gate( 1202)	cx q[7], q[8]
Gate( 1203)	tdg q[6]
Gate( 1204)	cx q[7], q[6]
Gate( 1205)	tdg q[7]
Gate( 1206)	tdg q[6]
Gate( 1207)	 t q[8]
Gate( 1208)	cx q[8], q[6]
Gate( 1209)	cx q[7], q[8]
Gate( 1210)	cx q[6], q[7]
Gate( 1211)	 h q[8]
Gate( 1212)	 h q[9]
Gate( 1213)	 t q[5]
Gate( 1214)	 t q[8]
Gate( 1215)	 t q[9]
Gate( 1216)	cx q[8], q[5]
Gate( 1217)	cx q[9], q[8]
Gate( 1218)	cx q[5], q[9]
Gate( 1219)	tdg q[8]
Gate( 1220)	cx q[5], q[8]
Gate( 1221)	tdg q[5]
Gate( 1222)	tdg q[8]
Gate( 1223)	 t q[9]
Gate( 1224)	cx q[9], q[8]
Gate( 1225)	cx q[5], q[9]
Gate( 1226)	cx q[8], q[5]
Gate( 1227)	 h q[9]
Gate( 1228)	 h q[10]
Gate( 1229)	 t q[4]
Gate( 1230)	 t q[9]
Gate( 1231)	 t q[10]
Gate( 1232)	cx q[9], q[4]
Gate( 1233)	cx q[10], q[9]
Gate( 1234)	cx q[4], q[10]
Gate( 1235)	tdg q[9]
Gate( 1236)	cx q[4], q[9]
Gate( 1237)	tdg q[4]
Gate( 1238)	tdg q[9]
Gate( 1239)	 t q[10]
Gate( 1240)	cx q[10], q[9]
Gate( 1241)	cx q[4], q[10]
Gate( 1242)	cx q[9], q[4]
Gate( 1243)	 h q[10]
Gate( 1244)	 h q[11]
Gate( 1245)	 t q[3]
Gate( 1246)	 t q[10]
Gate( 1247)	 t q[11]
Gate( 1248)	cx q[10], q[3]
Gate( 1249)	cx q[11], q[10]
Gate( 1250)	cx q[3], q[11]
Gate( 1251)	tdg q[10]
Gate( 1252)	cx q[3], q[10]
Gate( 1253)	tdg q[3]
Gate( 1254)	tdg q[10]
Gate( 1255)	 t q[11]
Gate( 1256)	cx q[11], q[10]
Gate( 1257)	cx q[3], q[11]
Gate( 1258)	cx q[10], q[3]
Gate( 1259)	 h q[11]
Gate( 1260)	 h q[12]
Gate( 1261)	 t q[2]
Gate( 1262)	 t q[11]
Gate( 1263)	 t q[12]
Gate( 1264)	cx q[11], q[2]
Gate( 1265)	cx q[12], q[11]
Gate( 1266)	cx q[2], q[12]
Gate( 1267)	tdg q[11]
Gate( 1268)	cx q[2], q[11]
Gate( 1269)	tdg q[2]
Gate( 1270)	tdg q[11]
Gate( 1271)	 t q[12]
Gate( 1272)	cx q[12], q[11]
Gate( 1273)	cx q[2], q[12]
Gate( 1274)	cx q[11], q[2]
Gate( 1275)	 h q[12]
Gate( 1276)	 h q[13]
Gate( 1277)	 t q[1]
Gate( 1278)	 t q[12]
Gate( 1279)	 t q[13]
Gate( 1280)	cx q[12], q[1]
Gate( 1281)	cx q[13], q[12]
Gate( 1282)	cx q[1], q[13]
Gate( 1283)	tdg q[12]
Gate( 1284)	cx q[1], q[12]
Gate( 1285)	tdg q[1]
Gate( 1286)	tdg q[12]
Gate( 1287)	 t q[13]
Gate( 1288)	cx q[13], q[12]
Gate( 1289)	cx q[1], q[13]
Gate( 1290)	cx q[12], q[1]
Gate( 1291)	 h q[13]
Gate( 1292)	 h q[13]
Gate( 1293)	 t q[8]
Gate( 1294)	 t q[7]
Gate( 1295)	 t q[13]
Gate( 1296)	cx q[7], q[8]
Gate( 1297)	cx q[13], q[7]
Gate( 1298)	cx q[8], q[13]
Gate( 1299)	tdg q[7]
Gate( 1300)	cx q[8], q[7]
Gate( 1301)	tdg q[8]
Gate( 1302)	tdg q[7]
Gate( 1303)	 t q[13]
Gate( 1304)	cx q[13], q[7]
Gate( 1305)	cx q[8], q[13]
Gate( 1306)	cx q[7], q[8]
Gate( 1307)	 h q[13]
Gate( 1308)	 h q[7]
Gate( 1309)	 t q[9]
Gate( 1310)	 t q[6]
Gate( 1311)	 t q[7]
Gate( 1312)	cx q[6], q[9]
Gate( 1313)	cx q[7], q[6]
Gate( 1314)	cx q[9], q[7]
Gate( 1315)	tdg q[6]
Gate( 1316)	cx q[9], q[6]
Gate( 1317)	tdg q[9]
Gate( 1318)	tdg q[6]
Gate( 1319)	 t q[7]
Gate( 1320)	cx q[7], q[6]
Gate( 1321)	cx q[9], q[7]
Gate( 1322)	cx q[6], q[9]
Gate( 1323)	 h q[7]
Gate( 1324)	 h q[6]
Gate( 1325)	 t q[10]
Gate( 1326)	 t q[5]
Gate( 1327)	 t q[6]
Gate( 1328)	cx q[5], q[10]
Gate( 1329)	cx q[6], q[5]
Gate( 1330)	cx q[10], q[6]
Gate( 1331)	tdg q[5]
Gate( 1332)	cx q[10], q[5]
Gate( 1333)	tdg q[10]
Gate( 1334)	tdg q[5]
Gate( 1335)	 t q[6]
Gate( 1336)	cx q[6], q[5]
Gate( 1337)	cx q[10], q[6]
Gate( 1338)	cx q[5], q[10]
Gate( 1339)	 h q[6]
Gate( 1340)	 h q[5]
Gate( 1341)	 t q[11]
Gate( 1342)	 t q[4]
Gate( 1343)	 t q[5]
Gate( 1344)	cx q[4], q[11]
Gate( 1345)	cx q[5], q[4]
Gate( 1346)	cx q[11], q[5]
Gate( 1347)	tdg q[4]
Gate( 1348)	cx q[11], q[4]
Gate( 1349)	tdg q[11]
Gate( 1350)	tdg q[4]
Gate( 1351)	 t q[5]
Gate( 1352)	cx q[5], q[4]
Gate( 1353)	cx q[11], q[5]
Gate( 1354)	cx q[4], q[11]
Gate( 1355)	 h q[5]
Gate( 1356)	 h q[4]
Gate( 1357)	 t q[14]
Gate( 1358)	 t q[12]
Gate( 1359)	 t q[4]
Gate( 1360)	cx q[12], q[14]
Gate( 1361)	cx q[4], q[12]
Gate( 1362)	cx q[14], q[4]
Gate( 1363)	tdg q[12]
Gate( 1364)	cx q[14], q[12]
Gate( 1365)	tdg q[14]
Gate( 1366)	tdg q[12]
Gate( 1367)	 t q[4]
Gate( 1368)	cx q[4], q[12]
Gate( 1369)	cx q[14], q[4]
Gate( 1370)	cx q[12], q[14]
Gate( 1371)	 h q[4]
Gate( 1372)	 h q[5]
Gate( 1373)	 t q[11]
Gate( 1374)	 t q[4]
Gate( 1375)	 t q[5]
Gate( 1376)	cx q[4], q[11]
Gate( 1377)	cx q[5], q[4]
Gate( 1378)	cx q[11], q[5]
Gate( 1379)	tdg q[4]
Gate( 1380)	cx q[11], q[4]
Gate( 1381)	tdg q[11]
Gate( 1382)	tdg q[4]
Gate( 1383)	 t q[5]
Gate( 1384)	cx q[5], q[4]
Gate( 1385)	cx q[11], q[5]
Gate( 1386)	cx q[4], q[11]
Gate( 1387)	 h q[5]
Gate( 1388)	 h q[6]
Gate( 1389)	 t q[10]
Gate( 1390)	 t q[5]
Gate( 1391)	 t q[6]
Gate( 1392)	cx q[5], q[10]
Gate( 1393)	cx q[6], q[5]
Gate( 1394)	cx q[10], q[6]
Gate( 1395)	tdg q[5]
Gate( 1396)	cx q[10], q[5]
Gate( 1397)	tdg q[10]
Gate( 1398)	tdg q[5]
Gate( 1399)	 t q[6]
Gate( 1400)	cx q[6], q[5]
Gate( 1401)	cx q[10], q[6]
Gate( 1402)	cx q[5], q[10]
Gate( 1403)	 h q[6]
Gate( 1404)	 h q[7]
Gate( 1405)	 t q[9]
Gate( 1406)	 t q[6]
Gate( 1407)	 t q[7]
Gate( 1408)	cx q[6], q[9]
Gate( 1409)	cx q[7], q[6]
Gate( 1410)	cx q[9], q[7]
Gate( 1411)	tdg q[6]
Gate( 1412)	cx q[9], q[6]
Gate( 1413)	tdg q[9]
Gate( 1414)	tdg q[6]
Gate( 1415)	 t q[7]
Gate( 1416)	cx q[7], q[6]
Gate( 1417)	cx q[9], q[7]
Gate( 1418)	cx q[6], q[9]
Gate( 1419)	 h q[7]
Gate( 1420)	 h q[13]
Gate( 1421)	 t q[8]
Gate( 1422)	 t q[7]
Gate( 1423)	 t q[13]
Gate( 1424)	cx q[7], q[8]
Gate( 1425)	cx q[13], q[7]
Gate( 1426)	cx q[8], q[13]
Gate( 1427)	tdg q[7]
Gate( 1428)	cx q[8], q[7]
Gate( 1429)	tdg q[8]
Gate( 1430)	tdg q[7]
Gate( 1431)	 t q[13]
Gate( 1432)	cx q[13], q[7]
Gate( 1433)	cx q[8], q[13]
Gate( 1434)	cx q[7], q[8]
Gate( 1435)	 h q[13]
Gate( 1436)	 h q[7]
Gate( 1437)	 t q[9]
Gate( 1438)	 t q[6]
Gate( 1439)	 t q[7]
Gate( 1440)	cx q[6], q[9]
Gate( 1441)	cx q[7], q[6]
Gate( 1442)	cx q[9], q[7]
Gate( 1443)	tdg q[6]
Gate( 1444)	cx q[9], q[6]
Gate( 1445)	tdg q[9]
Gate( 1446)	tdg q[6]
Gate( 1447)	 t q[7]
Gate( 1448)	cx q[7], q[6]
Gate( 1449)	cx q[9], q[7]
Gate( 1450)	cx q[6], q[9]
Gate( 1451)	 h q[7]
Gate( 1452)	 h q[6]
Gate( 1453)	 t q[10]
Gate( 1454)	 t q[5]
Gate( 1455)	 t q[6]
Gate( 1456)	cx q[5], q[10]
Gate( 1457)	cx q[6], q[5]
Gate( 1458)	cx q[10], q[6]
Gate( 1459)	tdg q[5]
Gate( 1460)	cx q[10], q[5]
Gate( 1461)	tdg q[10]
Gate( 1462)	tdg q[5]
Gate( 1463)	 t q[6]
Gate( 1464)	cx q[6], q[5]
Gate( 1465)	cx q[10], q[6]
Gate( 1466)	cx q[5], q[10]
Gate( 1467)	 h q[6]
Gate( 1468)	 h q[5]
Gate( 1469)	 t q[11]
Gate( 1470)	 t q[4]
Gate( 1471)	 t q[5]
Gate( 1472)	cx q[4], q[11]
Gate( 1473)	cx q[5], q[4]
Gate( 1474)	cx q[11], q[5]
Gate( 1475)	tdg q[4]
Gate( 1476)	cx q[11], q[4]
Gate( 1477)	tdg q[11]
Gate( 1478)	tdg q[4]
Gate( 1479)	 t q[5]
Gate( 1480)	cx q[5], q[4]
Gate( 1481)	cx q[11], q[5]
Gate( 1482)	cx q[4], q[11]
Gate( 1483)	 h q[5]
Gate( 1484)	 h q[4]
Gate( 1485)	 t q[14]
Gate( 1486)	 t q[12]
Gate( 1487)	 t q[4]
Gate( 1488)	cx q[12], q[14]
Gate( 1489)	cx q[4], q[12]
Gate( 1490)	cx q[14], q[4]
Gate( 1491)	tdg q[12]
Gate( 1492)	cx q[14], q[12]
Gate( 1493)	tdg q[14]
Gate( 1494)	tdg q[12]
Gate( 1495)	 t q[4]
Gate( 1496)	cx q[4], q[12]
Gate( 1497)	cx q[14], q[4]
Gate( 1498)	cx q[12], q[14]
Gate( 1499)	 h q[4]
Gate( 1500)	 h q[5]
Gate( 1501)	 t q[11]
Gate( 1502)	 t q[4]
Gate( 1503)	 t q[5]
Gate( 1504)	cx q[4], q[11]
Gate( 1505)	cx q[5], q[4]
Gate( 1506)	cx q[11], q[5]
Gate( 1507)	tdg q[4]
Gate( 1508)	cx q[11], q[4]
Gate( 1509)	tdg q[11]
Gate( 1510)	tdg q[4]
Gate( 1511)	 t q[5]
Gate( 1512)	cx q[5], q[4]
Gate( 1513)	cx q[11], q[5]
Gate( 1514)	cx q[4], q[11]
Gate( 1515)	 h q[5]
Gate( 1516)	 h q[6]
Gate( 1517)	 t q[10]
Gate( 1518)	 t q[5]
Gate( 1519)	 t q[6]
Gate( 1520)	cx q[5], q[10]
Gate( 1521)	cx q[6], q[5]
Gate( 1522)	cx q[10], q[6]
Gate( 1523)	tdg q[5]
Gate( 1524)	cx q[10], q[5]
Gate( 1525)	tdg q[10]
Gate( 1526)	tdg q[5]
Gate( 1527)	 t q[6]
Gate( 1528)	cx q[6], q[5]
Gate( 1529)	cx q[10], q[6]
Gate( 1530)	cx q[5], q[10]
Gate( 1531)	 h q[6]
Gate( 1532)	 h q[7]
Gate( 1533)	 t q[9]
Gate( 1534)	 t q[6]
Gate( 1535)	 t q[7]
Gate( 1536)	cx q[6], q[9]
Gate( 1537)	cx q[7], q[6]
Gate( 1538)	cx q[9], q[7]
Gate( 1539)	tdg q[6]
Gate( 1540)	cx q[9], q[6]
Gate( 1541)	tdg q[9]
Gate( 1542)	tdg q[6]
Gate( 1543)	 t q[7]
Gate( 1544)	cx q[7], q[6]
Gate( 1545)	cx q[9], q[7]
Gate( 1546)	cx q[6], q[9]
Gate( 1547)	 h q[7]
Gate( 1548)	 h q[0]
Gate( 1549)	 t q[13]
Gate( 1550)	 t q[14]
Gate( 1551)	 t q[0]
Gate( 1552)	cx q[14], q[13]
Gate( 1553)	cx q[0], q[14]
Gate( 1554)	cx q[13], q[0]
Gate( 1555)	tdg q[14]
Gate( 1556)	cx q[13], q[14]
Gate( 1557)	tdg q[13]
Gate( 1558)	tdg q[14]
Gate( 1559)	 t q[0]
Gate( 1560)	cx q[0], q[14]
Gate( 1561)	cx q[13], q[0]
Gate( 1562)	cx q[14], q[13]
Gate( 1563)	 h q[0]
Gate( 1564)	 h q[14]
Gate( 1565)	 t q[1]
Gate( 1566)	 t q[12]
Gate( 1567)	 t q[14]
Gate( 1568)	cx q[12], q[1]
Gate( 1569)	cx q[14], q[12]
Gate( 1570)	cx q[1], q[14]
Gate( 1571)	tdg q[12]
Gate( 1572)	cx q[1], q[12]
Gate( 1573)	tdg q[1]
Gate( 1574)	tdg q[12]
Gate( 1575)	 t q[14]
Gate( 1576)	cx q[14], q[12]
Gate( 1577)	cx q[1], q[14]
Gate( 1578)	cx q[12], q[1]
Gate( 1579)	 h q[14]
Gate( 1580)	 h q[12]
Gate( 1581)	 t q[2]
Gate( 1582)	 t q[11]
Gate( 1583)	 t q[12]
Gate( 1584)	cx q[11], q[2]
Gate( 1585)	cx q[12], q[11]
Gate( 1586)	cx q[2], q[12]
Gate( 1587)	tdg q[11]
Gate( 1588)	cx q[2], q[11]
Gate( 1589)	tdg q[2]
Gate( 1590)	tdg q[11]
Gate( 1591)	 t q[12]
Gate( 1592)	cx q[12], q[11]
Gate( 1593)	cx q[2], q[12]
Gate( 1594)	cx q[11], q[2]
Gate( 1595)	 h q[12]
Gate( 1596)	 h q[11]
Gate( 1597)	 t q[3]
Gate( 1598)	 t q[10]
Gate( 1599)	 t q[11]
Gate( 1600)	cx q[10], q[3]
Gate( 1601)	cx q[11], q[10]
Gate( 1602)	cx q[3], q[11]
Gate( 1603)	tdg q[10]
Gate( 1604)	cx q[3], q[10]
Gate( 1605)	tdg q[3]
Gate( 1606)	tdg q[10]
Gate( 1607)	 t q[11]
Gate( 1608)	cx q[11], q[10]
Gate( 1609)	cx q[3], q[11]
Gate( 1610)	cx q[10], q[3]
Gate( 1611)	 h q[11]
Gate( 1612)	 h q[10]
Gate( 1613)	 t q[4]
Gate( 1614)	 t q[9]
Gate( 1615)	 t q[10]
Gate( 1616)	cx q[9], q[4]
Gate( 1617)	cx q[10], q[9]
Gate( 1618)	cx q[4], q[10]
Gate( 1619)	tdg q[9]
Gate( 1620)	cx q[4], q[9]
Gate( 1621)	tdg q[4]
Gate( 1622)	tdg q[9]
Gate( 1623)	 t q[10]
Gate( 1624)	cx q[10], q[9]
Gate( 1625)	cx q[4], q[10]
Gate( 1626)	cx q[9], q[4]
Gate( 1627)	 h q[10]
Gate( 1628)	 h q[9]
Gate( 1629)	 t q[5]
Gate( 1630)	 t q[8]
Gate( 1631)	 t q[9]
Gate( 1632)	cx q[8], q[5]
Gate( 1633)	cx q[9], q[8]
Gate( 1634)	cx q[5], q[9]
Gate( 1635)	tdg q[8]
Gate( 1636)	cx q[5], q[8]
Gate( 1637)	tdg q[5]
Gate( 1638)	tdg q[8]
Gate( 1639)	 t q[9]
Gate( 1640)	cx q[9], q[8]
Gate( 1641)	cx q[5], q[9]
Gate( 1642)	cx q[8], q[5]
Gate( 1643)	 h q[9]
Gate( 1644)	 h q[8]
Gate( 1645)	 t q[7]
Gate( 1646)	 t q[6]
Gate( 1647)	 t q[8]
Gate( 1648)	cx q[6], q[7]
Gate( 1649)	cx q[8], q[6]
Gate( 1650)	cx q[7], q[8]
Gate( 1651)	tdg q[6]
Gate( 1652)	cx q[7], q[6]
Gate( 1653)	tdg q[7]
Gate( 1654)	tdg q[6]
Gate( 1655)	 t q[8]
Gate( 1656)	cx q[8], q[6]
Gate( 1657)	cx q[7], q[8]
Gate( 1658)	cx q[6], q[7]
Gate( 1659)	 h q[8]
Gate( 1660)	 h q[9]
Gate( 1661)	 t q[5]
Gate( 1662)	 t q[8]
Gate( 1663)	 t q[9]
Gate( 1664)	cx q[8], q[5]
Gate( 1665)	cx q[9], q[8]
Gate( 1666)	cx q[5], q[9]
Gate( 1667)	tdg q[8]
Gate( 1668)	cx q[5], q[8]
Gate( 1669)	tdg q[5]
Gate( 1670)	tdg q[8]
Gate( 1671)	 t q[9]
Gate( 1672)	cx q[9], q[8]
Gate( 1673)	cx q[5], q[9]
Gate( 1674)	cx q[8], q[5]
Gate( 1675)	 h q[9]
Gate( 1676)	 h q[10]
Gate( 1677)	 t q[4]
Gate( 1678)	 t q[9]
Gate( 1679)	 t q[10]
Gate( 1680)	cx q[9], q[4]
Gate( 1681)	cx q[10], q[9]
Gate( 1682)	cx q[4], q[10]
Gate( 1683)	tdg q[9]
Gate( 1684)	cx q[4], q[9]
Gate( 1685)	tdg q[4]
Gate( 1686)	tdg q[9]
Gate( 1687)	 t q[10]
Gate( 1688)	cx q[10], q[9]
Gate( 1689)	cx q[4], q[10]
Gate( 1690)	cx q[9], q[4]
Gate( 1691)	 h q[10]
Gate( 1692)	 h q[11]
Gate( 1693)	 t q[3]
Gate( 1694)	 t q[10]
Gate( 1695)	 t q[11]
Gate( 1696)	cx q[10], q[3]
Gate( 1697)	cx q[11], q[10]
Gate( 1698)	cx q[3], q[11]
Gate( 1699)	tdg q[10]
Gate( 1700)	cx q[3], q[10]
Gate( 1701)	tdg q[3]
Gate( 1702)	tdg q[10]
Gate( 1703)	 t q[11]
Gate( 1704)	cx q[11], q[10]
Gate( 1705)	cx q[3], q[11]
Gate( 1706)	cx q[10], q[3]
Gate( 1707)	 h q[11]
Gate( 1708)	 h q[12]
Gate( 1709)	 t q[2]
Gate( 1710)	 t q[11]
Gate( 1711)	 t q[12]
Gate( 1712)	cx q[11], q[2]
Gate( 1713)	cx q[12], q[11]
Gate( 1714)	cx q[2], q[12]
Gate( 1715)	tdg q[11]
Gate( 1716)	cx q[2], q[11]
Gate( 1717)	tdg q[2]
Gate( 1718)	tdg q[11]
Gate( 1719)	 t q[12]
Gate( 1720)	cx q[12], q[11]
Gate( 1721)	cx q[2], q[12]
Gate( 1722)	cx q[11], q[2]
Gate( 1723)	 h q[12]
Gate( 1724)	 h q[14]
Gate( 1725)	 t q[1]
Gate( 1726)	 t q[12]
Gate( 1727)	 t q[14]
Gate( 1728)	cx q[12], q[1]
Gate( 1729)	cx q[14], q[12]
Gate( 1730)	cx q[1], q[14]
Gate( 1731)	tdg q[12]
Gate( 1732)	cx q[1], q[12]
Gate( 1733)	tdg q[1]
Gate( 1734)	tdg q[12]
Gate( 1735)	 t q[14]
Gate( 1736)	cx q[14], q[12]
Gate( 1737)	cx q[1], q[14]
Gate( 1738)	cx q[12], q[1]
Gate( 1739)	 h q[14]
Gate( 1740)	 h q[0]
Gate( 1741)	 t q[13]
Gate( 1742)	 t q[14]
Gate( 1743)	 t q[0]
Gate( 1744)	cx q[14], q[13]
Gate( 1745)	cx q[0], q[14]
Gate( 1746)	cx q[13], q[0]
Gate( 1747)	tdg q[14]
Gate( 1748)	cx q[13], q[14]
Gate( 1749)	tdg q[13]
Gate( 1750)	tdg q[14]
Gate( 1751)	 t q[0]
Gate( 1752)	cx q[0], q[14]
Gate( 1753)	cx q[13], q[0]
Gate( 1754)	cx q[14], q[13]
Gate( 1755)	 h q[0]
Gate( 1756)	 h q[14]
Gate( 1757)	 t q[1]
Gate( 1758)	 t q[12]
Gate( 1759)	 t q[14]
Gate( 1760)	cx q[12], q[1]
Gate( 1761)	cx q[14], q[12]
Gate( 1762)	cx q[1], q[14]
Gate( 1763)	tdg q[12]
Gate( 1764)	cx q[1], q[12]
Gate( 1765)	tdg q[1]
Gate( 1766)	tdg q[12]
Gate( 1767)	 t q[14]
Gate( 1768)	cx q[14], q[12]
Gate( 1769)	cx q[1], q[14]
Gate( 1770)	cx q[12], q[1]
Gate( 1771)	 h q[14]
Gate( 1772)	 h q[12]
Gate( 1773)	 t q[2]
Gate( 1774)	 t q[11]
Gate( 1775)	 t q[12]
Gate( 1776)	cx q[11], q[2]
Gate( 1777)	cx q[12], q[11]
Gate( 1778)	cx q[2], q[12]
Gate( 1779)	tdg q[11]
Gate( 1780)	cx q[2], q[11]
Gate( 1781)	tdg q[2]
Gate( 1782)	tdg q[11]
Gate( 1783)	 t q[12]
Gate( 1784)	cx q[12], q[11]
Gate( 1785)	cx q[2], q[12]
Gate( 1786)	cx q[11], q[2]
Gate( 1787)	 h q[12]
Gate( 1788)	 h q[11]
Gate( 1789)	 t q[3]
Gate( 1790)	 t q[10]
Gate( 1791)	 t q[11]
Gate( 1792)	cx q[10], q[3]
Gate( 1793)	cx q[11], q[10]
Gate( 1794)	cx q[3], q[11]
Gate( 1795)	tdg q[10]
Gate( 1796)	cx q[3], q[10]
Gate( 1797)	tdg q[3]
Gate( 1798)	tdg q[10]
Gate( 1799)	 t q[11]
Gate( 1800)	cx q[11], q[10]
Gate( 1801)	cx q[3], q[11]
Gate( 1802)	cx q[10], q[3]
Gate( 1803)	 h q[11]
Gate( 1804)	 h q[10]
Gate( 1805)	 t q[4]
Gate( 1806)	 t q[9]
Gate( 1807)	 t q[10]
Gate( 1808)	cx q[9], q[4]
Gate( 1809)	cx q[10], q[9]
Gate( 1810)	cx q[4], q[10]
Gate( 1811)	tdg q[9]
Gate( 1812)	cx q[4], q[9]
Gate( 1813)	tdg q[4]
Gate( 1814)	tdg q[9]
Gate( 1815)	 t q[10]
Gate( 1816)	cx q[10], q[9]
Gate( 1817)	cx q[4], q[10]
Gate( 1818)	cx q[9], q[4]
Gate( 1819)	 h q[10]
Gate( 1820)	 h q[9]
Gate( 1821)	 t q[5]
Gate( 1822)	 t q[8]
Gate( 1823)	 t q[9]
Gate( 1824)	cx q[8], q[5]
Gate( 1825)	cx q[9], q[8]
Gate( 1826)	cx q[5], q[9]
Gate( 1827)	tdg q[8]
Gate( 1828)	cx q[5], q[8]
Gate( 1829)	tdg q[5]
Gate( 1830)	tdg q[8]
Gate( 1831)	 t q[9]
Gate( 1832)	cx q[9], q[8]
Gate( 1833)	cx q[5], q[9]
Gate( 1834)	cx q[8], q[5]
Gate( 1835)	 h q[9]
Gate( 1836)	 h q[8]
Gate( 1837)	 t q[7]
Gate( 1838)	 t q[6]
Gate( 1839)	 t q[8]
Gate( 1840)	cx q[6], q[7]
Gate( 1841)	cx q[8], q[6]
Gate( 1842)	cx q[7], q[8]
Gate( 1843)	tdg q[6]
Gate( 1844)	cx q[7], q[6]
Gate( 1845)	tdg q[7]
Gate( 1846)	tdg q[6]
Gate( 1847)	 t q[8]
Gate( 1848)	cx q[8], q[6]
Gate( 1849)	cx q[7], q[8]
Gate( 1850)	cx q[6], q[7]
Gate( 1851)	 h q[8]
Gate( 1852)	 h q[9]
Gate( 1853)	 t q[5]
Gate( 1854)	 t q[8]
Gate( 1855)	 t q[9]
Gate( 1856)	cx q[8], q[5]
Gate( 1857)	cx q[9], q[8]
Gate( 1858)	cx q[5], q[9]
Gate( 1859)	tdg q[8]
Gate( 1860)	cx q[5], q[8]
Gate( 1861)	tdg q[5]
Gate( 1862)	tdg q[8]
Gate( 1863)	 t q[9]
Gate( 1864)	cx q[9], q[8]
Gate( 1865)	cx q[5], q[9]
Gate( 1866)	cx q[8], q[5]
Gate( 1867)	 h q[9]
Gate( 1868)	 h q[10]
Gate( 1869)	 t q[4]
Gate( 1870)	 t q[9]
Gate( 1871)	 t q[10]
Gate( 1872)	cx q[9], q[4]
Gate( 1873)	cx q[10], q[9]
Gate( 1874)	cx q[4], q[10]
Gate( 1875)	tdg q[9]
Gate( 1876)	cx q[4], q[9]
Gate( 1877)	tdg q[4]
Gate( 1878)	tdg q[9]
Gate( 1879)	 t q[10]
Gate( 1880)	cx q[10], q[9]
Gate( 1881)	cx q[4], q[10]
Gate( 1882)	cx q[9], q[4]
Gate( 1883)	 h q[10]
Gate( 1884)	 h q[11]
Gate( 1885)	 t q[3]
Gate( 1886)	 t q[10]
Gate( 1887)	 t q[11]
Gate( 1888)	cx q[10], q[3]
Gate( 1889)	cx q[11], q[10]
Gate( 1890)	cx q[3], q[11]
Gate( 1891)	tdg q[10]
Gate( 1892)	cx q[3], q[10]
Gate( 1893)	tdg q[3]
Gate( 1894)	tdg q[10]
Gate( 1895)	 t q[11]
Gate( 1896)	cx q[11], q[10]
Gate( 1897)	cx q[3], q[11]
Gate( 1898)	cx q[10], q[3]
Gate( 1899)	 h q[11]
Gate( 1900)	 h q[12]
Gate( 1901)	 t q[2]
Gate( 1902)	 t q[11]
Gate( 1903)	 t q[12]
Gate( 1904)	cx q[11], q[2]
Gate( 1905)	cx q[12], q[11]
Gate( 1906)	cx q[2], q[12]
Gate( 1907)	tdg q[11]
Gate( 1908)	cx q[2], q[11]
Gate( 1909)	tdg q[2]
Gate( 1910)	tdg q[11]
Gate( 1911)	 t q[12]
Gate( 1912)	cx q[12], q[11]
Gate( 1913)	cx q[2], q[12]
Gate( 1914)	cx q[11], q[2]
Gate( 1915)	 h q[12]
Gate( 1916)	 h q[14]
Gate( 1917)	 t q[1]
Gate( 1918)	 t q[12]
Gate( 1919)	 t q[14]
Gate( 1920)	cx q[12], q[1]
Gate( 1921)	cx q[14], q[12]
Gate( 1922)	cx q[1], q[14]
Gate( 1923)	tdg q[12]
Gate( 1924)	cx q[1], q[12]
Gate( 1925)	tdg q[1]
Gate( 1926)	tdg q[12]
Gate( 1927)	 t q[14]
Gate( 1928)	cx q[14], q[12]
Gate( 1929)	cx q[1], q[14]
Gate( 1930)	cx q[12], q[1]
Gate( 1931)	 h q[14]
Gate( 1932)	 h q[13]
Gate( 1933)	 t q[8]
Gate( 1934)	 t q[7]
Gate( 1935)	 t q[13]
Gate( 1936)	cx q[7], q[8]
Gate( 1937)	cx q[13], q[7]
Gate( 1938)	cx q[8], q[13]
Gate( 1939)	tdg q[7]
Gate( 1940)	cx q[8], q[7]
Gate( 1941)	tdg q[8]
Gate( 1942)	tdg q[7]
Gate( 1943)	 t q[13]
Gate( 1944)	cx q[13], q[7]
Gate( 1945)	cx q[8], q[13]
Gate( 1946)	cx q[7], q[8]
Gate( 1947)	 h q[13]
Gate( 1948)	 h q[7]
Gate( 1949)	 t q[9]
Gate( 1950)	 t q[6]
Gate( 1951)	 t q[7]
Gate( 1952)	cx q[6], q[9]
Gate( 1953)	cx q[7], q[6]
Gate( 1954)	cx q[9], q[7]
Gate( 1955)	tdg q[6]
Gate( 1956)	cx q[9], q[6]
Gate( 1957)	tdg q[9]
Gate( 1958)	tdg q[6]
Gate( 1959)	 t q[7]
Gate( 1960)	cx q[7], q[6]
Gate( 1961)	cx q[9], q[7]
Gate( 1962)	cx q[6], q[9]
Gate( 1963)	 h q[7]
Gate( 1964)	 h q[6]
Gate( 1965)	 t q[10]
Gate( 1966)	 t q[5]
Gate( 1967)	 t q[6]
Gate( 1968)	cx q[5], q[10]
Gate( 1969)	cx q[6], q[5]
Gate( 1970)	cx q[10], q[6]
Gate( 1971)	tdg q[5]
Gate( 1972)	cx q[10], q[5]
Gate( 1973)	tdg q[10]
Gate( 1974)	tdg q[5]
Gate( 1975)	 t q[6]
Gate( 1976)	cx q[6], q[5]
Gate( 1977)	cx q[10], q[6]
Gate( 1978)	cx q[5], q[10]
Gate( 1979)	 h q[6]
Gate( 1980)	 h q[5]
Gate( 1981)	 t q[11]
Gate( 1982)	 t q[4]
Gate( 1983)	 t q[5]
Gate( 1984)	cx q[4], q[11]
Gate( 1985)	cx q[5], q[4]
Gate( 1986)	cx q[11], q[5]
Gate( 1987)	tdg q[4]
Gate( 1988)	cx q[11], q[4]
Gate( 1989)	tdg q[11]
Gate( 1990)	tdg q[4]
Gate( 1991)	 t q[5]
Gate( 1992)	cx q[5], q[4]
Gate( 1993)	cx q[11], q[5]
Gate( 1994)	cx q[4], q[11]
Gate( 1995)	 h q[5]
Gate( 1996)	 h q[4]
Gate( 1997)	 t q[14]
Gate( 1998)	 t q[12]
Gate( 1999)	 t q[4]
Gate( 2000)	cx q[12], q[14]
Gate( 2001)	cx q[4], q[12]
Gate( 2002)	cx q[14], q[4]
Gate( 2003)	tdg q[12]
Gate( 2004)	cx q[14], q[12]
Gate( 2005)	tdg q[14]
Gate( 2006)	tdg q[12]
Gate( 2007)	 t q[4]
Gate( 2008)	cx q[4], q[12]
Gate( 2009)	cx q[14], q[4]
Gate( 2010)	cx q[12], q[14]
Gate( 2011)	 h q[4]
Gate( 2012)	 h q[5]
Gate( 2013)	 t q[11]
Gate( 2014)	 t q[4]
Gate( 2015)	 t q[5]
Gate( 2016)	cx q[4], q[11]
Gate( 2017)	cx q[5], q[4]
Gate( 2018)	cx q[11], q[5]
Gate( 2019)	tdg q[4]
Gate( 2020)	cx q[11], q[4]
Gate( 2021)	tdg q[11]
Gate( 2022)	tdg q[4]
Gate( 2023)	 t q[5]
Gate( 2024)	cx q[5], q[4]
Gate( 2025)	cx q[11], q[5]
Gate( 2026)	cx q[4], q[11]
Gate( 2027)	 h q[5]
Gate( 2028)	 h q[6]
Gate( 2029)	 t q[10]
Gate( 2030)	 t q[5]
Gate( 2031)	 t q[6]
Gate( 2032)	cx q[5], q[10]
Gate( 2033)	cx q[6], q[5]
Gate( 2034)	cx q[10], q[6]
Gate( 2035)	tdg q[5]
Gate( 2036)	cx q[10], q[5]
Gate( 2037)	tdg q[10]
Gate( 2038)	tdg q[5]
Gate( 2039)	 t q[6]
Gate( 2040)	cx q[6], q[5]
Gate( 2041)	cx q[10], q[6]
Gate( 2042)	cx q[5], q[10]
Gate( 2043)	 h q[6]
Gate( 2044)	 h q[7]
Gate( 2045)	 t q[9]
Gate( 2046)	 t q[6]
Gate( 2047)	 t q[7]
Gate( 2048)	cx q[6], q[9]
Gate( 2049)	cx q[7], q[6]
Gate( 2050)	cx q[9], q[7]
Gate( 2051)	tdg q[6]
Gate( 2052)	cx q[9], q[6]
Gate( 2053)	tdg q[9]
Gate( 2054)	tdg q[6]
Gate( 2055)	 t q[7]
Gate( 2056)	cx q[7], q[6]
Gate( 2057)	cx q[9], q[7]
Gate( 2058)	cx q[6], q[9]
Gate( 2059)	 h q[7]
Gate( 2060)	 h q[13]
Gate( 2061)	 t q[8]
Gate( 2062)	 t q[7]
Gate( 2063)	 t q[13]
Gate( 2064)	cx q[7], q[8]
Gate( 2065)	cx q[13], q[7]
Gate( 2066)	cx q[8], q[13]
Gate( 2067)	tdg q[7]
Gate( 2068)	cx q[8], q[7]
Gate( 2069)	tdg q[8]
Gate( 2070)	tdg q[7]
Gate( 2071)	 t q[13]
Gate( 2072)	cx q[13], q[7]
Gate( 2073)	cx q[8], q[13]
Gate( 2074)	cx q[7], q[8]
Gate( 2075)	 h q[13]
Gate( 2076)	 h q[7]
Gate( 2077)	 t q[9]
Gate( 2078)	 t q[6]
Gate( 2079)	 t q[7]
Gate( 2080)	cx q[6], q[9]
Gate( 2081)	cx q[7], q[6]
Gate( 2082)	cx q[9], q[7]
Gate( 2083)	tdg q[6]
Gate( 2084)	cx q[9], q[6]
Gate( 2085)	tdg q[9]
Gate( 2086)	tdg q[6]
Gate( 2087)	 t q[7]
Gate( 2088)	cx q[7], q[6]
Gate( 2089)	cx q[9], q[7]
Gate( 2090)	cx q[6], q[9]
Gate( 2091)	 h q[7]
Gate( 2092)	 h q[6]
Gate( 2093)	 t q[10]
Gate( 2094)	 t q[5]
Gate( 2095)	 t q[6]
Gate( 2096)	cx q[5], q[10]
Gate( 2097)	cx q[6], q[5]
Gate( 2098)	cx q[10], q[6]
Gate( 2099)	tdg q[5]
Gate( 2100)	cx q[10], q[5]
Gate( 2101)	tdg q[10]
Gate( 2102)	tdg q[5]
Gate( 2103)	 t q[6]
Gate( 2104)	cx q[6], q[5]
Gate( 2105)	cx q[10], q[6]
Gate( 2106)	cx q[5], q[10]
Gate( 2107)	 h q[6]
Gate( 2108)	 h q[5]
Gate( 2109)	 t q[11]
Gate( 2110)	 t q[4]
Gate( 2111)	 t q[5]
Gate( 2112)	cx q[4], q[11]
Gate( 2113)	cx q[5], q[4]
Gate( 2114)	cx q[11], q[5]
Gate( 2115)	tdg q[4]
Gate( 2116)	cx q[11], q[4]
Gate( 2117)	tdg q[11]
Gate( 2118)	tdg q[4]
Gate( 2119)	 t q[5]
Gate( 2120)	cx q[5], q[4]
Gate( 2121)	cx q[11], q[5]
Gate( 2122)	cx q[4], q[11]
Gate( 2123)	 h q[5]
Gate( 2124)	 h q[4]
Gate( 2125)	 t q[14]
Gate( 2126)	 t q[12]
Gate( 2127)	 t q[4]
Gate( 2128)	cx q[12], q[14]
Gate( 2129)	cx q[4], q[12]
Gate( 2130)	cx q[14], q[4]
Gate( 2131)	tdg q[12]
Gate( 2132)	cx q[14], q[12]
Gate( 2133)	tdg q[14]
Gate( 2134)	tdg q[12]
Gate( 2135)	 t q[4]
Gate( 2136)	cx q[4], q[12]
Gate( 2137)	cx q[14], q[4]
Gate( 2138)	cx q[12], q[14]
Gate( 2139)	 h q[4]
Gate( 2140)	 h q[5]
Gate( 2141)	 t q[11]
Gate( 2142)	 t q[4]
Gate( 2143)	 t q[5]
Gate( 2144)	cx q[4], q[11]
Gate( 2145)	cx q[5], q[4]
Gate( 2146)	cx q[11], q[5]
Gate( 2147)	tdg q[4]
Gate( 2148)	cx q[11], q[4]
Gate( 2149)	tdg q[11]
Gate( 2150)	tdg q[4]
Gate( 2151)	 t q[5]
Gate( 2152)	cx q[5], q[4]
Gate( 2153)	cx q[11], q[5]
Gate( 2154)	cx q[4], q[11]
Gate( 2155)	 h q[5]
Gate( 2156)	 h q[6]
Gate( 2157)	 t q[10]
Gate( 2158)	 t q[5]
Gate( 2159)	 t q[6]
Gate( 2160)	cx q[5], q[10]
Gate( 2161)	cx q[6], q[5]
Gate( 2162)	cx q[10], q[6]
Gate( 2163)	tdg q[5]
Gate( 2164)	cx q[10], q[5]
Gate( 2165)	tdg q[10]
Gate( 2166)	tdg q[5]
Gate( 2167)	 t q[6]
Gate( 2168)	cx q[6], q[5]
Gate( 2169)	cx q[10], q[6]
Gate( 2170)	cx q[5], q[10]
Gate( 2171)	 h q[6]
Gate( 2172)	 h q[7]
Gate( 2173)	 t q[9]
Gate( 2174)	 t q[6]
Gate( 2175)	 t q[7]
Gate( 2176)	cx q[6], q[9]
Gate( 2177)	cx q[7], q[6]
Gate( 2178)	cx q[9], q[7]
Gate( 2179)	tdg q[6]
Gate( 2180)	cx q[9], q[6]
Gate( 2181)	tdg q[9]
Gate( 2182)	tdg q[6]
Gate( 2183)	 t q[7]
Gate( 2184)	cx q[7], q[6]
Gate( 2185)	cx q[9], q[7]
Gate( 2186)	cx q[6], q[9]
Gate( 2187)	 h q[7]
Gate( 2188)	 h q[0]
Gate( 2189)	 t q[13]
Gate( 2190)	 t q[14]
Gate( 2191)	 t q[0]
Gate( 2192)	cx q[14], q[13]
Gate( 2193)	cx q[0], q[14]
Gate( 2194)	cx q[13], q[0]
Gate( 2195)	tdg q[14]
Gate( 2196)	cx q[13], q[14]
Gate( 2197)	tdg q[13]
Gate( 2198)	tdg q[14]
Gate( 2199)	 t q[0]
Gate( 2200)	cx q[0], q[14]
Gate( 2201)	cx q[13], q[0]
Gate( 2202)	cx q[14], q[13]
Gate( 2203)	 h q[0]
Gate( 2204)	 h q[14]
Gate( 2205)	 t q[1]
Gate( 2206)	 t q[12]
Gate( 2207)	 t q[14]
Gate( 2208)	cx q[12], q[1]
Gate( 2209)	cx q[14], q[12]
Gate( 2210)	cx q[1], q[14]
Gate( 2211)	tdg q[12]
Gate( 2212)	cx q[1], q[12]
Gate( 2213)	tdg q[1]
Gate( 2214)	tdg q[12]
Gate( 2215)	 t q[14]
Gate( 2216)	cx q[14], q[12]
Gate( 2217)	cx q[1], q[14]
Gate( 2218)	cx q[12], q[1]
Gate( 2219)	 h q[14]
Gate( 2220)	 h q[12]
Gate( 2221)	 t q[2]
Gate( 2222)	 t q[11]
Gate( 2223)	 t q[12]
Gate( 2224)	cx q[11], q[2]
Gate( 2225)	cx q[12], q[11]
Gate( 2226)	cx q[2], q[12]
Gate( 2227)	tdg q[11]
Gate( 2228)	cx q[2], q[11]
Gate( 2229)	tdg q[2]
Gate( 2230)	tdg q[11]
Gate( 2231)	 t q[12]
Gate( 2232)	cx q[12], q[11]
Gate( 2233)	cx q[2], q[12]
Gate( 2234)	cx q[11], q[2]
Gate( 2235)	 h q[12]
Gate( 2236)	 h q[11]
Gate( 2237)	 t q[3]
Gate( 2238)	 t q[10]
Gate( 2239)	 t q[11]
Gate( 2240)	cx q[10], q[3]
Gate( 2241)	cx q[11], q[10]
Gate( 2242)	cx q[3], q[11]
Gate( 2243)	tdg q[10]
Gate( 2244)	cx q[3], q[10]
Gate( 2245)	tdg q[3]
Gate( 2246)	tdg q[10]
Gate( 2247)	 t q[11]
Gate( 2248)	cx q[11], q[10]
Gate( 2249)	cx q[3], q[11]
Gate( 2250)	cx q[10], q[3]
Gate( 2251)	 h q[11]
Gate( 2252)	 h q[10]
Gate( 2253)	 t q[4]
Gate( 2254)	 t q[9]
Gate( 2255)	 t q[10]
Gate( 2256)	cx q[9], q[4]
Gate( 2257)	cx q[10], q[9]
Gate( 2258)	cx q[4], q[10]
Gate( 2259)	tdg q[9]
Gate( 2260)	cx q[4], q[9]
Gate( 2261)	tdg q[4]
Gate( 2262)	tdg q[9]
Gate( 2263)	 t q[10]
Gate( 2264)	cx q[10], q[9]
Gate( 2265)	cx q[4], q[10]
Gate( 2266)	cx q[9], q[4]
Gate( 2267)	 h q[10]
Gate( 2268)	 h q[9]
Gate( 2269)	 t q[5]
Gate( 2270)	 t q[8]
Gate( 2271)	 t q[9]
Gate( 2272)	cx q[8], q[5]
Gate( 2273)	cx q[9], q[8]
Gate( 2274)	cx q[5], q[9]
Gate( 2275)	tdg q[8]
Gate( 2276)	cx q[5], q[8]
Gate( 2277)	tdg q[5]
Gate( 2278)	tdg q[8]
Gate( 2279)	 t q[9]
Gate( 2280)	cx q[9], q[8]
Gate( 2281)	cx q[5], q[9]
Gate( 2282)	cx q[8], q[5]
Gate( 2283)	 h q[9]
Gate( 2284)	 h q[8]
Gate( 2285)	 t q[7]
Gate( 2286)	 t q[6]
Gate( 2287)	 t q[8]
Gate( 2288)	cx q[6], q[7]
Gate( 2289)	cx q[8], q[6]
Gate( 2290)	cx q[7], q[8]
Gate( 2291)	tdg q[6]
Gate( 2292)	cx q[7], q[6]
Gate( 2293)	tdg q[7]
Gate( 2294)	tdg q[6]
Gate( 2295)	 t q[8]
Gate( 2296)	cx q[8], q[6]
Gate( 2297)	cx q[7], q[8]
Gate( 2298)	cx q[6], q[7]
Gate( 2299)	 h q[8]
Gate( 2300)	 h q[9]
Gate( 2301)	 t q[5]
Gate( 2302)	 t q[8]
Gate( 2303)	 t q[9]
Gate( 2304)	cx q[8], q[5]
Gate( 2305)	cx q[9], q[8]
Gate( 2306)	cx q[5], q[9]
Gate( 2307)	tdg q[8]
Gate( 2308)	cx q[5], q[8]
Gate( 2309)	tdg q[5]
Gate( 2310)	tdg q[8]
Gate( 2311)	 t q[9]
Gate( 2312)	cx q[9], q[8]
Gate( 2313)	cx q[5], q[9]
Gate( 2314)	cx q[8], q[5]
Gate( 2315)	 h q[9]
Gate( 2316)	 h q[10]
Gate( 2317)	 t q[4]
Gate( 2318)	 t q[9]
Gate( 2319)	 t q[10]
Gate( 2320)	cx q[9], q[4]
Gate( 2321)	cx q[10], q[9]
Gate( 2322)	cx q[4], q[10]
Gate( 2323)	tdg q[9]
Gate( 2324)	cx q[4], q[9]
Gate( 2325)	tdg q[4]
Gate( 2326)	tdg q[9]
Gate( 2327)	 t q[10]
Gate( 2328)	cx q[10], q[9]
Gate( 2329)	cx q[4], q[10]
Gate( 2330)	cx q[9], q[4]
Gate( 2331)	 h q[10]
Gate( 2332)	 h q[11]
Gate( 2333)	 t q[3]
Gate( 2334)	 t q[10]
Gate( 2335)	 t q[11]
Gate( 2336)	cx q[10], q[3]
Gate( 2337)	cx q[11], q[10]
Gate( 2338)	cx q[3], q[11]
Gate( 2339)	tdg q[10]
Gate( 2340)	cx q[3], q[10]
Gate( 2341)	tdg q[3]
Gate( 2342)	tdg q[10]
Gate( 2343)	 t q[11]
Gate( 2344)	cx q[11], q[10]
Gate( 2345)	cx q[3], q[11]
Gate( 2346)	cx q[10], q[3]
Gate( 2347)	 h q[11]
Gate( 2348)	 h q[12]
Gate( 2349)	 t q[2]
Gate( 2350)	 t q[11]
Gate( 2351)	 t q[12]
Gate( 2352)	cx q[11], q[2]
Gate( 2353)	cx q[12], q[11]
Gate( 2354)	cx q[2], q[12]
Gate( 2355)	tdg q[11]
Gate( 2356)	cx q[2], q[11]
Gate( 2357)	tdg q[2]
Gate( 2358)	tdg q[11]
Gate( 2359)	 t q[12]
Gate( 2360)	cx q[12], q[11]
Gate( 2361)	cx q[2], q[12]
Gate( 2362)	cx q[11], q[2]
Gate( 2363)	 h q[12]
Gate( 2364)	 h q[14]
Gate( 2365)	 t q[1]
Gate( 2366)	 t q[12]
Gate( 2367)	 t q[14]
Gate( 2368)	cx q[12], q[1]
Gate( 2369)	cx q[14], q[12]
Gate( 2370)	cx q[1], q[14]
Gate( 2371)	tdg q[12]
Gate( 2372)	cx q[1], q[12]
Gate( 2373)	tdg q[1]
Gate( 2374)	tdg q[12]
Gate( 2375)	 t q[14]
Gate( 2376)	cx q[14], q[12]
Gate( 2377)	cx q[1], q[14]
Gate( 2378)	cx q[12], q[1]
Gate( 2379)	 h q[14]
Gate( 2380)	 h q[0]
Gate( 2381)	 t q[13]
Gate( 2382)	 t q[14]
Gate( 2383)	 t q[0]
Gate( 2384)	cx q[14], q[13]
Gate( 2385)	cx q[0], q[14]
Gate( 2386)	cx q[13], q[0]
Gate( 2387)	tdg q[14]
Gate( 2388)	cx q[13], q[14]
Gate( 2389)	tdg q[13]
Gate( 2390)	tdg q[14]
Gate( 2391)	 t q[0]
Gate( 2392)	cx q[0], q[14]
Gate( 2393)	cx q[13], q[0]
Gate( 2394)	cx q[14], q[13]
Gate( 2395)	 h q[0]
Gate( 2396)	 h q[14]
Gate( 2397)	 t q[1]
Gate( 2398)	 t q[12]
Gate( 2399)	 t q[14]
Gate( 2400)	cx q[12], q[1]
Gate( 2401)	cx q[14], q[12]
Gate( 2402)	cx q[1], q[14]
Gate( 2403)	tdg q[12]
Gate( 2404)	cx q[1], q[12]
Gate( 2405)	tdg q[1]
Gate( 2406)	tdg q[12]
Gate( 2407)	 t q[14]
Gate( 2408)	cx q[14], q[12]
Gate( 2409)	cx q[1], q[14]
Gate( 2410)	cx q[12], q[1]
Gate( 2411)	 h q[14]
Gate( 2412)	 h q[12]
Gate( 2413)	 t q[2]
Gate( 2414)	 t q[11]
Gate( 2415)	 t q[12]
Gate( 2416)	cx q[11], q[2]
Gate( 2417)	cx q[12], q[11]
Gate( 2418)	cx q[2], q[12]
Gate( 2419)	tdg q[11]
Gate( 2420)	cx q[2], q[11]
Gate( 2421)	tdg q[2]
Gate( 2422)	tdg q[11]
Gate( 2423)	 t q[12]
Gate( 2424)	cx q[12], q[11]
Gate( 2425)	cx q[2], q[12]
Gate( 2426)	cx q[11], q[2]
Gate( 2427)	 h q[12]
Gate( 2428)	 h q[11]
Gate( 2429)	 t q[3]
Gate( 2430)	 t q[10]
Gate( 2431)	 t q[11]
Gate( 2432)	cx q[10], q[3]
Gate( 2433)	cx q[11], q[10]
Gate( 2434)	cx q[3], q[11]
Gate( 2435)	tdg q[10]
Gate( 2436)	cx q[3], q[10]
Gate( 2437)	tdg q[3]
Gate( 2438)	tdg q[10]
Gate( 2439)	 t q[11]
Gate( 2440)	cx q[11], q[10]
Gate( 2441)	cx q[3], q[11]
Gate( 2442)	cx q[10], q[3]
Gate( 2443)	 h q[11]
Gate( 2444)	 h q[10]
Gate( 2445)	 t q[4]
Gate( 2446)	 t q[9]
Gate( 2447)	 t q[10]
Gate( 2448)	cx q[9], q[4]
Gate( 2449)	cx q[10], q[9]
Gate( 2450)	cx q[4], q[10]
Gate( 2451)	tdg q[9]
Gate( 2452)	cx q[4], q[9]
Gate( 2453)	tdg q[4]
Gate( 2454)	tdg q[9]
Gate( 2455)	 t q[10]
Gate( 2456)	cx q[10], q[9]
Gate( 2457)	cx q[4], q[10]
Gate( 2458)	cx q[9], q[4]
Gate( 2459)	 h q[10]
Gate( 2460)	 h q[9]
Gate( 2461)	 t q[5]
Gate( 2462)	 t q[8]
Gate( 2463)	 t q[9]
Gate( 2464)	cx q[8], q[5]
Gate( 2465)	cx q[9], q[8]
Gate( 2466)	cx q[5], q[9]
Gate( 2467)	tdg q[8]
Gate( 2468)	cx q[5], q[8]
Gate( 2469)	tdg q[5]
Gate( 2470)	tdg q[8]
Gate( 2471)	 t q[9]
Gate( 2472)	cx q[9], q[8]
Gate( 2473)	cx q[5], q[9]
Gate( 2474)	cx q[8], q[5]
Gate( 2475)	 h q[9]
Gate( 2476)	 h q[8]
Gate( 2477)	 t q[7]
Gate( 2478)	 t q[6]
Gate( 2479)	 t q[8]
Gate( 2480)	cx q[6], q[7]
Gate( 2481)	cx q[8], q[6]
Gate( 2482)	cx q[7], q[8]
Gate( 2483)	tdg q[6]
Gate( 2484)	cx q[7], q[6]
Gate( 2485)	tdg q[7]
Gate( 2486)	tdg q[6]
Gate( 2487)	 t q[8]
Gate( 2488)	cx q[8], q[6]
Gate( 2489)	cx q[7], q[8]
Gate( 2490)	cx q[6], q[7]
Gate( 2491)	 h q[8]
Gate( 2492)	 h q[9]
Gate( 2493)	 t q[5]
Gate( 2494)	 t q[8]
Gate( 2495)	 t q[9]
Gate( 2496)	cx q[8], q[5]
Gate( 2497)	cx q[9], q[8]
Gate( 2498)	cx q[5], q[9]
Gate( 2499)	tdg q[8]
Gate( 2500)	cx q[5], q[8]
Gate( 2501)	tdg q[5]
Gate( 2502)	tdg q[8]
Gate( 2503)	 t q[9]
Gate( 2504)	cx q[9], q[8]
Gate( 2505)	cx q[5], q[9]
Gate( 2506)	cx q[8], q[5]
Gate( 2507)	 h q[9]
Gate( 2508)	 h q[10]
Gate( 2509)	 t q[4]
Gate( 2510)	 t q[9]
Gate( 2511)	 t q[10]
Gate( 2512)	cx q[9], q[4]
Gate( 2513)	cx q[10], q[9]
Gate( 2514)	cx q[4], q[10]
Gate( 2515)	tdg q[9]
Gate( 2516)	cx q[4], q[9]
Gate( 2517)	tdg q[4]
Gate( 2518)	tdg q[9]
Gate( 2519)	 t q[10]
Gate( 2520)	cx q[10], q[9]
Gate( 2521)	cx q[4], q[10]
Gate( 2522)	cx q[9], q[4]
Gate( 2523)	 h q[10]
Gate( 2524)	 h q[11]
Gate( 2525)	 t q[3]
Gate( 2526)	 t q[10]
Gate( 2527)	 t q[11]
Gate( 2528)	cx q[10], q[3]
Gate( 2529)	cx q[11], q[10]
Gate( 2530)	cx q[3], q[11]
Gate( 2531)	tdg q[10]
Gate( 2532)	cx q[3], q[10]
Gate( 2533)	tdg q[3]
Gate( 2534)	tdg q[10]
Gate( 2535)	 t q[11]
Gate( 2536)	cx q[11], q[10]
Gate( 2537)	cx q[3], q[11]
Gate( 2538)	cx q[10], q[3]
Gate( 2539)	 h q[11]
Gate( 2540)	 h q[12]
Gate( 2541)	 t q[2]
Gate( 2542)	 t q[11]
Gate( 2543)	 t q[12]
Gate( 2544)	cx q[11], q[2]
Gate( 2545)	cx q[12], q[11]
Gate( 2546)	cx q[2], q[12]
Gate( 2547)	tdg q[11]
Gate( 2548)	cx q[2], q[11]
Gate( 2549)	tdg q[2]
Gate( 2550)	tdg q[11]
Gate( 2551)	 t q[12]
Gate( 2552)	cx q[12], q[11]
Gate( 2553)	cx q[2], q[12]
Gate( 2554)	cx q[11], q[2]
Gate( 2555)	 h q[12]
Gate( 2556)	 h q[14]
Gate( 2557)	 t q[1]
Gate( 2558)	 t q[12]
Gate( 2559)	 t q[14]
Gate( 2560)	cx q[12], q[1]
Gate( 2561)	cx q[14], q[12]
Gate( 2562)	cx q[1], q[14]
Gate( 2563)	tdg q[12]
Gate( 2564)	cx q[1], q[12]
Gate( 2565)	tdg q[1]
Gate( 2566)	tdg q[12]
Gate( 2567)	 t q[14]
Gate( 2568)	cx q[14], q[12]
Gate( 2569)	cx q[1], q[14]
Gate( 2570)	cx q[12], q[1]
Gate( 2571)	 h q[14]
Gate( 2572)	 x q[14]
Gate( 2573)	 x q[13]
Gate( 2574)	 h q[12]
Gate( 2575)	 t q[8]
Gate( 2576)	 t q[7]
Gate( 2577)	 t q[12]
Gate( 2578)	cx q[7], q[8]
Gate( 2579)	cx q[12], q[7]
Gate( 2580)	cx q[8], q[12]
Gate( 2581)	tdg q[7]
Gate( 2582)	cx q[8], q[7]
Gate( 2583)	tdg q[8]
Gate( 2584)	tdg q[7]
Gate( 2585)	 t q[12]
Gate( 2586)	cx q[12], q[7]
Gate( 2587)	cx q[8], q[12]
Gate( 2588)	cx q[7], q[8]
Gate( 2589)	 h q[12]
Gate( 2590)	 h q[7]
Gate( 2591)	 t q[9]
Gate( 2592)	 t q[6]
Gate( 2593)	 t q[7]
Gate( 2594)	cx q[6], q[9]
Gate( 2595)	cx q[7], q[6]
Gate( 2596)	cx q[9], q[7]
Gate( 2597)	tdg q[6]
Gate( 2598)	cx q[9], q[6]
Gate( 2599)	tdg q[9]
Gate( 2600)	tdg q[6]
Gate( 2601)	 t q[7]
Gate( 2602)	cx q[7], q[6]
Gate( 2603)	cx q[9], q[7]
Gate( 2604)	cx q[6], q[9]
Gate( 2605)	 h q[7]
Gate( 2606)	 h q[6]
Gate( 2607)	 t q[10]
Gate( 2608)	 t q[5]
Gate( 2609)	 t q[6]
Gate( 2610)	cx q[5], q[10]
Gate( 2611)	cx q[6], q[5]
Gate( 2612)	cx q[10], q[6]
Gate( 2613)	tdg q[5]
Gate( 2614)	cx q[10], q[5]
Gate( 2615)	tdg q[10]
Gate( 2616)	tdg q[5]
Gate( 2617)	 t q[6]
Gate( 2618)	cx q[6], q[5]
Gate( 2619)	cx q[10], q[6]
Gate( 2620)	cx q[5], q[10]
Gate( 2621)	 h q[6]
Gate( 2622)	 h q[5]
Gate( 2623)	 t q[11]
Gate( 2624)	 t q[4]
Gate( 2625)	 t q[5]
Gate( 2626)	cx q[4], q[11]
Gate( 2627)	cx q[5], q[4]
Gate( 2628)	cx q[11], q[5]
Gate( 2629)	tdg q[4]
Gate( 2630)	cx q[11], q[4]
Gate( 2631)	tdg q[11]
Gate( 2632)	tdg q[4]
Gate( 2633)	 t q[5]
Gate( 2634)	cx q[5], q[4]
Gate( 2635)	cx q[11], q[5]
Gate( 2636)	cx q[4], q[11]
Gate( 2637)	 h q[5]
Gate( 2638)	 h q[4]
Gate( 2639)	 t q[14]
Gate( 2640)	 t q[13]
Gate( 2641)	 t q[4]
Gate( 2642)	cx q[13], q[14]
Gate( 2643)	cx q[4], q[13]
Gate( 2644)	cx q[14], q[4]
Gate( 2645)	tdg q[13]
Gate( 2646)	cx q[14], q[13]
Gate( 2647)	tdg q[14]
Gate( 2648)	tdg q[13]
Gate( 2649)	 t q[4]
Gate( 2650)	cx q[4], q[13]
Gate( 2651)	cx q[14], q[4]
Gate( 2652)	cx q[13], q[14]
Gate( 2653)	 h q[4]
Gate( 2654)	 h q[5]
Gate( 2655)	 t q[11]
Gate( 2656)	 t q[4]
Gate( 2657)	 t q[5]
Gate( 2658)	cx q[4], q[11]
Gate( 2659)	cx q[5], q[4]
Gate( 2660)	cx q[11], q[5]
Gate( 2661)	tdg q[4]
Gate( 2662)	cx q[11], q[4]
Gate( 2663)	tdg q[11]
Gate( 2664)	tdg q[4]
Gate( 2665)	 t q[5]
Gate( 2666)	cx q[5], q[4]
Gate( 2667)	cx q[11], q[5]
Gate( 2668)	cx q[4], q[11]
Gate( 2669)	 h q[5]
Gate( 2670)	 h q[6]
Gate( 2671)	 t q[10]
Gate( 2672)	 t q[5]
Gate( 2673)	 t q[6]
Gate( 2674)	cx q[5], q[10]
Gate( 2675)	cx q[6], q[5]
Gate( 2676)	cx q[10], q[6]
Gate( 2677)	tdg q[5]
Gate( 2678)	cx q[10], q[5]
Gate( 2679)	tdg q[10]
Gate( 2680)	tdg q[5]
Gate( 2681)	 t q[6]
Gate( 2682)	cx q[6], q[5]
Gate( 2683)	cx q[10], q[6]
Gate( 2684)	cx q[5], q[10]
Gate( 2685)	 h q[6]
Gate( 2686)	 h q[7]
Gate( 2687)	 t q[9]
Gate( 2688)	 t q[6]
Gate( 2689)	 t q[7]
Gate( 2690)	cx q[6], q[9]
Gate( 2691)	cx q[7], q[6]
Gate( 2692)	cx q[9], q[7]
Gate( 2693)	tdg q[6]
Gate( 2694)	cx q[9], q[6]
Gate( 2695)	tdg q[9]
Gate( 2696)	tdg q[6]
Gate( 2697)	 t q[7]
Gate( 2698)	cx q[7], q[6]
Gate( 2699)	cx q[9], q[7]
Gate( 2700)	cx q[6], q[9]
Gate( 2701)	 h q[7]
Gate( 2702)	 h q[12]
Gate( 2703)	 t q[8]
Gate( 2704)	 t q[7]
Gate( 2705)	 t q[12]
Gate( 2706)	cx q[7], q[8]
Gate( 2707)	cx q[12], q[7]
Gate( 2708)	cx q[8], q[12]
Gate( 2709)	tdg q[7]
Gate( 2710)	cx q[8], q[7]
Gate( 2711)	tdg q[8]
Gate( 2712)	tdg q[7]
Gate( 2713)	 t q[12]
Gate( 2714)	cx q[12], q[7]
Gate( 2715)	cx q[8], q[12]
Gate( 2716)	cx q[7], q[8]
Gate( 2717)	 h q[12]
Gate( 2718)	 h q[7]
Gate( 2719)	 t q[9]
Gate( 2720)	 t q[6]
Gate( 2721)	 t q[7]
Gate( 2722)	cx q[6], q[9]
Gate( 2723)	cx q[7], q[6]
Gate( 2724)	cx q[9], q[7]
Gate( 2725)	tdg q[6]
Gate( 2726)	cx q[9], q[6]
Gate( 2727)	tdg q[9]
Gate( 2728)	tdg q[6]
Gate( 2729)	 t q[7]
Gate( 2730)	cx q[7], q[6]
Gate( 2731)	cx q[9], q[7]
Gate( 2732)	cx q[6], q[9]
Gate( 2733)	 h q[7]
Gate( 2734)	 h q[6]
Gate( 2735)	 t q[10]
Gate( 2736)	 t q[5]
Gate( 2737)	 t q[6]
Gate( 2738)	cx q[5], q[10]
Gate( 2739)	cx q[6], q[5]
Gate( 2740)	cx q[10], q[6]
Gate( 2741)	tdg q[5]
Gate( 2742)	cx q[10], q[5]
Gate( 2743)	tdg q[10]
Gate( 2744)	tdg q[5]
Gate( 2745)	 t q[6]
Gate( 2746)	cx q[6], q[5]
Gate( 2747)	cx q[10], q[6]
Gate( 2748)	cx q[5], q[10]
Gate( 2749)	 h q[6]
Gate( 2750)	 h q[5]
Gate( 2751)	 t q[11]
Gate( 2752)	 t q[4]
Gate( 2753)	 t q[5]
Gate( 2754)	cx q[4], q[11]
Gate( 2755)	cx q[5], q[4]
Gate( 2756)	cx q[11], q[5]
Gate( 2757)	tdg q[4]
Gate( 2758)	cx q[11], q[4]
Gate( 2759)	tdg q[11]
Gate( 2760)	tdg q[4]
Gate( 2761)	 t q[5]
Gate( 2762)	cx q[5], q[4]
Gate( 2763)	cx q[11], q[5]
Gate( 2764)	cx q[4], q[11]
Gate( 2765)	 h q[5]
Gate( 2766)	 h q[4]
Gate( 2767)	 t q[14]
Gate( 2768)	 t q[13]
Gate( 2769)	 t q[4]
Gate( 2770)	cx q[13], q[14]
Gate( 2771)	cx q[4], q[13]
Gate( 2772)	cx q[14], q[4]
Gate( 2773)	tdg q[13]
Gate( 2774)	cx q[14], q[13]
Gate( 2775)	tdg q[14]
Gate( 2776)	tdg q[13]
Gate( 2777)	 t q[4]
Gate( 2778)	cx q[4], q[13]
Gate( 2779)	cx q[14], q[4]
Gate( 2780)	cx q[13], q[14]
Gate( 2781)	 h q[4]
Gate( 2782)	 h q[5]
Gate( 2783)	 t q[11]
Gate( 2784)	 t q[4]
Gate( 2785)	 t q[5]
Gate( 2786)	cx q[4], q[11]
Gate( 2787)	cx q[5], q[4]
Gate( 2788)	cx q[11], q[5]
Gate( 2789)	tdg q[4]
Gate( 2790)	cx q[11], q[4]
Gate( 2791)	tdg q[11]
Gate( 2792)	tdg q[4]
Gate( 2793)	 t q[5]
Gate( 2794)	cx q[5], q[4]
Gate( 2795)	cx q[11], q[5]
Gate( 2796)	cx q[4], q[11]
Gate( 2797)	 h q[5]
Gate( 2798)	 h q[6]
Gate( 2799)	 t q[10]
Gate( 2800)	 t q[5]
Gate( 2801)	 t q[6]
Gate( 2802)	cx q[5], q[10]
Gate( 2803)	cx q[6], q[5]
Gate( 2804)	cx q[10], q[6]
Gate( 2805)	tdg q[5]
Gate( 2806)	cx q[10], q[5]
Gate( 2807)	tdg q[10]
Gate( 2808)	tdg q[5]
Gate( 2809)	 t q[6]
Gate( 2810)	cx q[6], q[5]
Gate( 2811)	cx q[10], q[6]
Gate( 2812)	cx q[5], q[10]
Gate( 2813)	 h q[6]
Gate( 2814)	 h q[7]
Gate( 2815)	 t q[9]
Gate( 2816)	 t q[6]
Gate( 2817)	 t q[7]
Gate( 2818)	cx q[6], q[9]
Gate( 2819)	cx q[7], q[6]
Gate( 2820)	cx q[9], q[7]
Gate( 2821)	tdg q[6]
Gate( 2822)	cx q[9], q[6]
Gate( 2823)	tdg q[9]
Gate( 2824)	tdg q[6]
Gate( 2825)	 t q[7]
Gate( 2826)	cx q[7], q[6]
Gate( 2827)	cx q[9], q[7]
Gate( 2828)	cx q[6], q[9]
Gate( 2829)	 h q[7]
Gate( 2830)	 h q[0]
Gate( 2831)	 t q[12]
Gate( 2832)	 t q[14]
Gate( 2833)	 t q[0]
Gate( 2834)	cx q[14], q[12]
Gate( 2835)	cx q[0], q[14]
Gate( 2836)	cx q[12], q[0]
Gate( 2837)	tdg q[14]
Gate( 2838)	cx q[12], q[14]
Gate( 2839)	tdg q[12]
Gate( 2840)	tdg q[14]
Gate( 2841)	 t q[0]
Gate( 2842)	cx q[0], q[14]
Gate( 2843)	cx q[12], q[0]
Gate( 2844)	cx q[14], q[12]
Gate( 2845)	 h q[0]
Gate( 2846)	 h q[14]
Gate( 2847)	 t q[1]
Gate( 2848)	 t q[13]
Gate( 2849)	 t q[14]
Gate( 2850)	cx q[13], q[1]
Gate( 2851)	cx q[14], q[13]
Gate( 2852)	cx q[1], q[14]
Gate( 2853)	tdg q[13]
Gate( 2854)	cx q[1], q[13]
Gate( 2855)	tdg q[1]
Gate( 2856)	tdg q[13]
Gate( 2857)	 t q[14]
Gate( 2858)	cx q[14], q[13]
Gate( 2859)	cx q[1], q[14]
Gate( 2860)	cx q[13], q[1]
Gate( 2861)	 h q[14]
Gate( 2862)	 h q[13]
Gate( 2863)	 t q[2]
Gate( 2864)	 t q[11]
Gate( 2865)	 t q[13]
Gate( 2866)	cx q[11], q[2]
Gate( 2867)	cx q[13], q[11]
Gate( 2868)	cx q[2], q[13]
Gate( 2869)	tdg q[11]
Gate( 2870)	cx q[2], q[11]
Gate( 2871)	tdg q[2]
Gate( 2872)	tdg q[11]
Gate( 2873)	 t q[13]
Gate( 2874)	cx q[13], q[11]
Gate( 2875)	cx q[2], q[13]
Gate( 2876)	cx q[11], q[2]
Gate( 2877)	 h q[13]
Gate( 2878)	 h q[11]
Gate( 2879)	 t q[3]
Gate( 2880)	 t q[10]
Gate( 2881)	 t q[11]
Gate( 2882)	cx q[10], q[3]
Gate( 2883)	cx q[11], q[10]
Gate( 2884)	cx q[3], q[11]
Gate( 2885)	tdg q[10]
Gate( 2886)	cx q[3], q[10]
Gate( 2887)	tdg q[3]
Gate( 2888)	tdg q[10]
Gate( 2889)	 t q[11]
Gate( 2890)	cx q[11], q[10]
Gate( 2891)	cx q[3], q[11]
Gate( 2892)	cx q[10], q[3]
Gate( 2893)	 h q[11]
Gate( 2894)	 h q[10]
Gate( 2895)	 t q[4]
Gate( 2896)	 t q[9]
Gate( 2897)	 t q[10]
Gate( 2898)	cx q[9], q[4]
Gate( 2899)	cx q[10], q[9]
Gate( 2900)	cx q[4], q[10]
Gate( 2901)	tdg q[9]
Gate( 2902)	cx q[4], q[9]
Gate( 2903)	tdg q[4]
Gate( 2904)	tdg q[9]
Gate( 2905)	 t q[10]
Gate( 2906)	cx q[10], q[9]
Gate( 2907)	cx q[4], q[10]
Gate( 2908)	cx q[9], q[4]
Gate( 2909)	 h q[10]
Gate( 2910)	 h q[9]
Gate( 2911)	 t q[5]
Gate( 2912)	 t q[8]
Gate( 2913)	 t q[9]
Gate( 2914)	cx q[8], q[5]
Gate( 2915)	cx q[9], q[8]
Gate( 2916)	cx q[5], q[9]
Gate( 2917)	tdg q[8]
Gate( 2918)	cx q[5], q[8]
Gate( 2919)	tdg q[5]
Gate( 2920)	tdg q[8]
Gate( 2921)	 t q[9]
Gate( 2922)	cx q[9], q[8]
Gate( 2923)	cx q[5], q[9]
Gate( 2924)	cx q[8], q[5]
Gate( 2925)	 h q[9]
Gate( 2926)	 h q[8]
Gate( 2927)	 t q[7]
Gate( 2928)	 t q[6]
Gate( 2929)	 t q[8]
Gate( 2930)	cx q[6], q[7]
Gate( 2931)	cx q[8], q[6]
Gate( 2932)	cx q[7], q[8]
Gate( 2933)	tdg q[6]
Gate( 2934)	cx q[7], q[6]
Gate( 2935)	tdg q[7]
Gate( 2936)	tdg q[6]
Gate( 2937)	 t q[8]
Gate( 2938)	cx q[8], q[6]
Gate( 2939)	cx q[7], q[8]
Gate( 2940)	cx q[6], q[7]
Gate( 2941)	 h q[8]
Gate( 2942)	 h q[9]
Gate( 2943)	 t q[5]
Gate( 2944)	 t q[8]
Gate( 2945)	 t q[9]
Gate( 2946)	cx q[8], q[5]
Gate( 2947)	cx q[9], q[8]
Gate( 2948)	cx q[5], q[9]
Gate( 2949)	tdg q[8]
Gate( 2950)	cx q[5], q[8]
Gate( 2951)	tdg q[5]
Gate( 2952)	tdg q[8]
Gate( 2953)	 t q[9]
Gate( 2954)	cx q[9], q[8]
Gate( 2955)	cx q[5], q[9]
Gate( 2956)	cx q[8], q[5]
Gate( 2957)	 h q[9]
Gate( 2958)	 h q[10]
Gate( 2959)	 t q[4]
Gate( 2960)	 t q[9]
Gate( 2961)	 t q[10]
Gate( 2962)	cx q[9], q[4]
Gate( 2963)	cx q[10], q[9]
Gate( 2964)	cx q[4], q[10]
Gate( 2965)	tdg q[9]
Gate( 2966)	cx q[4], q[9]
Gate( 2967)	tdg q[4]
Gate( 2968)	tdg q[9]
Gate( 2969)	 t q[10]
Gate( 2970)	cx q[10], q[9]
Gate( 2971)	cx q[4], q[10]
Gate( 2972)	cx q[9], q[4]
Gate( 2973)	 h q[10]
Gate( 2974)	 h q[11]
Gate( 2975)	 t q[3]
Gate( 2976)	 t q[10]
Gate( 2977)	 t q[11]
Gate( 2978)	cx q[10], q[3]
Gate( 2979)	cx q[11], q[10]
Gate( 2980)	cx q[3], q[11]
Gate( 2981)	tdg q[10]
Gate( 2982)	cx q[3], q[10]
Gate( 2983)	tdg q[3]
Gate( 2984)	tdg q[10]
Gate( 2985)	 t q[11]
Gate( 2986)	cx q[11], q[10]
Gate( 2987)	cx q[3], q[11]
Gate( 2988)	cx q[10], q[3]
Gate( 2989)	 h q[11]
Gate( 2990)	 h q[13]
Gate( 2991)	 t q[2]
Gate( 2992)	 t q[11]
Gate( 2993)	 t q[13]
Gate( 2994)	cx q[11], q[2]
Gate( 2995)	cx q[13], q[11]
Gate( 2996)	cx q[2], q[13]
Gate( 2997)	tdg q[11]
Gate( 2998)	cx q[2], q[11]
Gate( 2999)	tdg q[2]
Gate( 3000)	tdg q[11]
Gate( 3001)	 t q[13]
Gate( 3002)	cx q[13], q[11]
Gate( 3003)	cx q[2], q[13]
Gate( 3004)	cx q[11], q[2]
Gate( 3005)	 h q[13]
Gate( 3006)	 h q[14]
Gate( 3007)	 t q[1]
Gate( 3008)	 t q[13]
Gate( 3009)	 t q[14]
Gate( 3010)	cx q[13], q[1]
Gate( 3011)	cx q[14], q[13]
Gate( 3012)	cx q[1], q[14]
Gate( 3013)	tdg q[13]
Gate( 3014)	cx q[1], q[13]
Gate( 3015)	tdg q[1]
Gate( 3016)	tdg q[13]
Gate( 3017)	 t q[14]
Gate( 3018)	cx q[14], q[13]
Gate( 3019)	cx q[1], q[14]
Gate( 3020)	cx q[13], q[1]
Gate( 3021)	 h q[14]
Gate( 3022)	 h q[0]
Gate( 3023)	 t q[12]
Gate( 3024)	 t q[14]
Gate( 3025)	 t q[0]
Gate( 3026)	cx q[14], q[12]
Gate( 3027)	cx q[0], q[14]
Gate( 3028)	cx q[12], q[0]
Gate( 3029)	tdg q[14]
Gate( 3030)	cx q[12], q[14]
Gate( 3031)	tdg q[12]
Gate( 3032)	tdg q[14]
Gate( 3033)	 t q[0]
Gate( 3034)	cx q[0], q[14]
Gate( 3035)	cx q[12], q[0]
Gate( 3036)	cx q[14], q[12]
Gate( 3037)	 h q[0]
Gate( 3038)	 h q[14]
Gate( 3039)	 t q[1]
Gate( 3040)	 t q[13]
Gate( 3041)	 t q[14]
Gate( 3042)	cx q[13], q[1]
Gate( 3043)	cx q[14], q[13]
Gate( 3044)	cx q[1], q[14]
Gate( 3045)	tdg q[13]
Gate( 3046)	cx q[1], q[13]
Gate( 3047)	tdg q[1]
Gate( 3048)	tdg q[13]
Gate( 3049)	 t q[14]
Gate( 3050)	cx q[14], q[13]
Gate( 3051)	cx q[1], q[14]
Gate( 3052)	cx q[13], q[1]
Gate( 3053)	 h q[14]
Gate( 3054)	 h q[13]
Gate( 3055)	 t q[2]
Gate( 3056)	 t q[11]
Gate( 3057)	 t q[13]
Gate( 3058)	cx q[11], q[2]
Gate( 3059)	cx q[13], q[11]
Gate( 3060)	cx q[2], q[13]
Gate( 3061)	tdg q[11]
Gate( 3062)	cx q[2], q[11]
Gate( 3063)	tdg q[2]
Gate( 3064)	tdg q[11]
Gate( 3065)	 t q[13]
Gate( 3066)	cx q[13], q[11]
Gate( 3067)	cx q[2], q[13]
Gate( 3068)	cx q[11], q[2]
Gate( 3069)	 h q[13]
Gate( 3070)	 h q[11]
Gate( 3071)	 t q[3]
Gate( 3072)	 t q[10]
Gate( 3073)	 t q[11]
Gate( 3074)	cx q[10], q[3]
Gate( 3075)	cx q[11], q[10]
Gate( 3076)	cx q[3], q[11]
Gate( 3077)	tdg q[10]
Gate( 3078)	cx q[3], q[10]
Gate( 3079)	tdg q[3]
Gate( 3080)	tdg q[10]
Gate( 3081)	 t q[11]
Gate( 3082)	cx q[11], q[10]
Gate( 3083)	cx q[3], q[11]
Gate( 3084)	cx q[10], q[3]
Gate( 3085)	 h q[11]
Gate( 3086)	 h q[10]
Gate( 3087)	 t q[4]
Gate( 3088)	 t q[9]
Gate( 3089)	 t q[10]
Gate( 3090)	cx q[9], q[4]
Gate( 3091)	cx q[10], q[9]
Gate( 3092)	cx q[4], q[10]
Gate( 3093)	tdg q[9]
Gate( 3094)	cx q[4], q[9]
Gate( 3095)	tdg q[4]
Gate( 3096)	tdg q[9]
Gate( 3097)	 t q[10]
Gate( 3098)	cx q[10], q[9]
Gate( 3099)	cx q[4], q[10]
Gate( 3100)	cx q[9], q[4]
Gate( 3101)	 h q[10]
Gate( 3102)	 h q[9]
Gate( 3103)	 t q[5]
Gate( 3104)	 t q[8]
Gate( 3105)	 t q[9]
Gate( 3106)	cx q[8], q[5]
Gate( 3107)	cx q[9], q[8]
Gate( 3108)	cx q[5], q[9]
Gate( 3109)	tdg q[8]
Gate( 3110)	cx q[5], q[8]
Gate( 3111)	tdg q[5]
Gate( 3112)	tdg q[8]
Gate( 3113)	 t q[9]
Gate( 3114)	cx q[9], q[8]
Gate( 3115)	cx q[5], q[9]
Gate( 3116)	cx q[8], q[5]
Gate( 3117)	 h q[9]
Gate( 3118)	 h q[8]
Gate( 3119)	 t q[7]
Gate( 3120)	 t q[6]
Gate( 3121)	 t q[8]
Gate( 3122)	cx q[6], q[7]
Gate( 3123)	cx q[8], q[6]
Gate( 3124)	cx q[7], q[8]
Gate( 3125)	tdg q[6]
Gate( 3126)	cx q[7], q[6]
Gate( 3127)	tdg q[7]
Gate( 3128)	tdg q[6]
Gate( 3129)	 t q[8]
Gate( 3130)	cx q[8], q[6]
Gate( 3131)	cx q[7], q[8]
Gate( 3132)	cx q[6], q[7]
Gate( 3133)	 h q[8]
Gate( 3134)	 h q[9]
Gate( 3135)	 t q[5]
Gate( 3136)	 t q[8]
Gate( 3137)	 t q[9]
Gate( 3138)	cx q[8], q[5]
Gate( 3139)	cx q[9], q[8]
Gate( 3140)	cx q[5], q[9]
Gate( 3141)	tdg q[8]
Gate( 3142)	cx q[5], q[8]
Gate( 3143)	tdg q[5]
Gate( 3144)	tdg q[8]
Gate( 3145)	 t q[9]
Gate( 3146)	cx q[9], q[8]
Gate( 3147)	cx q[5], q[9]
Gate( 3148)	cx q[8], q[5]
Gate( 3149)	 h q[9]
Gate( 3150)	 h q[10]
Gate( 3151)	 t q[4]
Gate( 3152)	 t q[9]
Gate( 3153)	 t q[10]
Gate( 3154)	cx q[9], q[4]
Gate( 3155)	cx q[10], q[9]
Gate( 3156)	cx q[4], q[10]
Gate( 3157)	tdg q[9]
Gate( 3158)	cx q[4], q[9]
Gate( 3159)	tdg q[4]
Gate( 3160)	tdg q[9]
Gate( 3161)	 t q[10]
Gate( 3162)	cx q[10], q[9]
Gate( 3163)	cx q[4], q[10]
Gate( 3164)	cx q[9], q[4]
Gate( 3165)	 h q[10]
Gate( 3166)	 h q[11]
Gate( 3167)	 t q[3]
Gate( 3168)	 t q[10]
Gate( 3169)	 t q[11]
Gate( 3170)	cx q[10], q[3]
Gate( 3171)	cx q[11], q[10]
Gate( 3172)	cx q[3], q[11]
Gate( 3173)	tdg q[10]
Gate( 3174)	cx q[3], q[10]
Gate( 3175)	tdg q[3]
Gate( 3176)	tdg q[10]
Gate( 3177)	 t q[11]
Gate( 3178)	cx q[11], q[10]
Gate( 3179)	cx q[3], q[11]
Gate( 3180)	cx q[10], q[3]
Gate( 3181)	 h q[11]
Gate( 3182)	 h q[13]
Gate( 3183)	 t q[2]
Gate( 3184)	 t q[11]
Gate( 3185)	 t q[13]
Gate( 3186)	cx q[11], q[2]
Gate( 3187)	cx q[13], q[11]
Gate( 3188)	cx q[2], q[13]
Gate( 3189)	tdg q[11]
Gate( 3190)	cx q[2], q[11]
Gate( 3191)	tdg q[2]
Gate( 3192)	tdg q[11]
Gate( 3193)	 t q[13]
Gate( 3194)	cx q[13], q[11]
Gate( 3195)	cx q[2], q[13]
Gate( 3196)	cx q[11], q[2]
Gate( 3197)	 h q[13]
Gate( 3198)	 h q[14]
Gate( 3199)	 t q[1]
Gate( 3200)	 t q[13]
Gate( 3201)	 t q[14]
Gate( 3202)	cx q[13], q[1]
Gate( 3203)	cx q[14], q[13]
Gate( 3204)	cx q[1], q[14]
Gate( 3205)	tdg q[13]
Gate( 3206)	cx q[1], q[13]
Gate( 3207)	tdg q[1]
Gate( 3208)	tdg q[13]
Gate( 3209)	 t q[14]
Gate( 3210)	cx q[14], q[13]
Gate( 3211)	cx q[1], q[14]
Gate( 3212)	cx q[13], q[1]
Gate( 3213)	 h q[14]
Gate( 3214)	 h q[12]
Gate( 3215)	 t q[8]
Gate( 3216)	 t q[7]
Gate( 3217)	 t q[12]
Gate( 3218)	cx q[7], q[8]
Gate( 3219)	cx q[12], q[7]
Gate( 3220)	cx q[8], q[12]
Gate( 3221)	tdg q[7]
Gate( 3222)	cx q[8], q[7]
Gate( 3223)	tdg q[8]
Gate( 3224)	tdg q[7]
Gate( 3225)	 t q[12]
Gate( 3226)	cx q[12], q[7]
Gate( 3227)	cx q[8], q[12]
Gate( 3228)	cx q[7], q[8]
Gate( 3229)	 h q[12]
Gate( 3230)	 h q[7]
Gate( 3231)	 t q[9]
Gate( 3232)	 t q[6]
Gate( 3233)	 t q[7]
Gate( 3234)	cx q[6], q[9]
Gate( 3235)	cx q[7], q[6]
Gate( 3236)	cx q[9], q[7]
Gate( 3237)	tdg q[6]
Gate( 3238)	cx q[9], q[6]
Gate( 3239)	tdg q[9]
Gate( 3240)	tdg q[6]
Gate( 3241)	 t q[7]
Gate( 3242)	cx q[7], q[6]
Gate( 3243)	cx q[9], q[7]
Gate( 3244)	cx q[6], q[9]
Gate( 3245)	 h q[7]
Gate( 3246)	 h q[6]
Gate( 3247)	 t q[10]
Gate( 3248)	 t q[5]
Gate( 3249)	 t q[6]
Gate( 3250)	cx q[5], q[10]
Gate( 3251)	cx q[6], q[5]
Gate( 3252)	cx q[10], q[6]
Gate( 3253)	tdg q[5]
Gate( 3254)	cx q[10], q[5]
Gate( 3255)	tdg q[10]
Gate( 3256)	tdg q[5]
Gate( 3257)	 t q[6]
Gate( 3258)	cx q[6], q[5]
Gate( 3259)	cx q[10], q[6]
Gate( 3260)	cx q[5], q[10]
Gate( 3261)	 h q[6]
Gate( 3262)	 h q[5]
Gate( 3263)	 t q[11]
Gate( 3264)	 t q[4]
Gate( 3265)	 t q[5]
Gate( 3266)	cx q[4], q[11]
Gate( 3267)	cx q[5], q[4]
Gate( 3268)	cx q[11], q[5]
Gate( 3269)	tdg q[4]
Gate( 3270)	cx q[11], q[4]
Gate( 3271)	tdg q[11]
Gate( 3272)	tdg q[4]
Gate( 3273)	 t q[5]
Gate( 3274)	cx q[5], q[4]
Gate( 3275)	cx q[11], q[5]
Gate( 3276)	cx q[4], q[11]
Gate( 3277)	 h q[5]
Gate( 3278)	 h q[4]
Gate( 3279)	 t q[14]
Gate( 3280)	 t q[13]
Gate( 3281)	 t q[4]
Gate( 3282)	cx q[13], q[14]
Gate( 3283)	cx q[4], q[13]
Gate( 3284)	cx q[14], q[4]
Gate( 3285)	tdg q[13]
Gate( 3286)	cx q[14], q[13]
Gate( 3287)	tdg q[14]
Gate( 3288)	tdg q[13]
Gate( 3289)	 t q[4]
Gate( 3290)	cx q[4], q[13]
Gate( 3291)	cx q[14], q[4]
Gate( 3292)	cx q[13], q[14]
Gate( 3293)	 h q[4]
Gate( 3294)	 h q[5]
Gate( 3295)	 t q[11]
Gate( 3296)	 t q[4]
Gate( 3297)	 t q[5]
Gate( 3298)	cx q[4], q[11]
Gate( 3299)	cx q[5], q[4]
Gate( 3300)	cx q[11], q[5]
Gate( 3301)	tdg q[4]
Gate( 3302)	cx q[11], q[4]
Gate( 3303)	tdg q[11]
Gate( 3304)	tdg q[4]
Gate( 3305)	 t q[5]
Gate( 3306)	cx q[5], q[4]
Gate( 3307)	cx q[11], q[5]
Gate( 3308)	cx q[4], q[11]
Gate( 3309)	 h q[5]
Gate( 3310)	 h q[6]
Gate( 3311)	 t q[10]
Gate( 3312)	 t q[5]
Gate( 3313)	 t q[6]
Gate( 3314)	cx q[5], q[10]
Gate( 3315)	cx q[6], q[5]
Gate( 3316)	cx q[10], q[6]
Gate( 3317)	tdg q[5]
Gate( 3318)	cx q[10], q[5]
Gate( 3319)	tdg q[10]
Gate( 3320)	tdg q[5]
Gate( 3321)	 t q[6]
Gate( 3322)	cx q[6], q[5]
Gate( 3323)	cx q[10], q[6]
Gate( 3324)	cx q[5], q[10]
Gate( 3325)	 h q[6]
Gate( 3326)	 h q[7]
Gate( 3327)	 t q[9]
Gate( 3328)	 t q[6]
Gate( 3329)	 t q[7]
Gate( 3330)	cx q[6], q[9]
Gate( 3331)	cx q[7], q[6]
Gate( 3332)	cx q[9], q[7]
Gate( 3333)	tdg q[6]
Gate( 3334)	cx q[9], q[6]
Gate( 3335)	tdg q[9]
Gate( 3336)	tdg q[6]
Gate( 3337)	 t q[7]
Gate( 3338)	cx q[7], q[6]
Gate( 3339)	cx q[9], q[7]
Gate( 3340)	cx q[6], q[9]
Gate( 3341)	 h q[7]
Gate( 3342)	 h q[12]
Gate( 3343)	 t q[8]
Gate( 3344)	 t q[7]
Gate( 3345)	 t q[12]
Gate( 3346)	cx q[7], q[8]
Gate( 3347)	cx q[12], q[7]
Gate( 3348)	cx q[8], q[12]
Gate( 3349)	tdg q[7]
Gate( 3350)	cx q[8], q[7]
Gate( 3351)	tdg q[8]
Gate( 3352)	tdg q[7]
Gate( 3353)	 t q[12]
Gate( 3354)	cx q[12], q[7]
Gate( 3355)	cx q[8], q[12]
Gate( 3356)	cx q[7], q[8]
Gate( 3357)	 h q[12]
Gate( 3358)	 h q[7]
Gate( 3359)	 t q[9]
Gate( 3360)	 t q[6]
Gate( 3361)	 t q[7]
Gate( 3362)	cx q[6], q[9]
Gate( 3363)	cx q[7], q[6]
Gate( 3364)	cx q[9], q[7]
Gate( 3365)	tdg q[6]
Gate( 3366)	cx q[9], q[6]
Gate( 3367)	tdg q[9]
Gate( 3368)	tdg q[6]
Gate( 3369)	 t q[7]
Gate( 3370)	cx q[7], q[6]
Gate( 3371)	cx q[9], q[7]
Gate( 3372)	cx q[6], q[9]
Gate( 3373)	 h q[7]
Gate( 3374)	 h q[6]
Gate( 3375)	 t q[10]
Gate( 3376)	 t q[5]
Gate( 3377)	 t q[6]
Gate( 3378)	cx q[5], q[10]
Gate( 3379)	cx q[6], q[5]
Gate( 3380)	cx q[10], q[6]
Gate( 3381)	tdg q[5]
Gate( 3382)	cx q[10], q[5]
Gate( 3383)	tdg q[10]
Gate( 3384)	tdg q[5]
Gate( 3385)	 t q[6]
Gate( 3386)	cx q[6], q[5]
Gate( 3387)	cx q[10], q[6]
Gate( 3388)	cx q[5], q[10]
Gate( 3389)	 h q[6]
Gate( 3390)	 h q[5]
Gate( 3391)	 t q[11]
Gate( 3392)	 t q[4]
Gate( 3393)	 t q[5]
Gate( 3394)	cx q[4], q[11]
Gate( 3395)	cx q[5], q[4]
Gate( 3396)	cx q[11], q[5]
Gate( 3397)	tdg q[4]
Gate( 3398)	cx q[11], q[4]
Gate( 3399)	tdg q[11]
Gate( 3400)	tdg q[4]
Gate( 3401)	 t q[5]
Gate( 3402)	cx q[5], q[4]
Gate( 3403)	cx q[11], q[5]
Gate( 3404)	cx q[4], q[11]
Gate( 3405)	 h q[5]
Gate( 3406)	 h q[4]
Gate( 3407)	 t q[14]
Gate( 3408)	 t q[13]
Gate( 3409)	 t q[4]
Gate( 3410)	cx q[13], q[14]
Gate( 3411)	cx q[4], q[13]
Gate( 3412)	cx q[14], q[4]
Gate( 3413)	tdg q[13]
Gate( 3414)	cx q[14], q[13]
Gate( 3415)	tdg q[14]
Gate( 3416)	tdg q[13]
Gate( 3417)	 t q[4]
Gate( 3418)	cx q[4], q[13]
Gate( 3419)	cx q[14], q[4]
Gate( 3420)	cx q[13], q[14]
Gate( 3421)	 h q[4]
Gate( 3422)	 h q[5]
Gate( 3423)	 t q[11]
Gate( 3424)	 t q[4]
Gate( 3425)	 t q[5]
Gate( 3426)	cx q[4], q[11]
Gate( 3427)	cx q[5], q[4]
Gate( 3428)	cx q[11], q[5]
Gate( 3429)	tdg q[4]
Gate( 3430)	cx q[11], q[4]
Gate( 3431)	tdg q[11]
Gate( 3432)	tdg q[4]
Gate( 3433)	 t q[5]
Gate( 3434)	cx q[5], q[4]
Gate( 3435)	cx q[11], q[5]
Gate( 3436)	cx q[4], q[11]
Gate( 3437)	 h q[5]
Gate( 3438)	 h q[6]
Gate( 3439)	 t q[10]
Gate( 3440)	 t q[5]
Gate( 3441)	 t q[6]
Gate( 3442)	cx q[5], q[10]
Gate( 3443)	cx q[6], q[5]
Gate( 3444)	cx q[10], q[6]
Gate( 3445)	tdg q[5]
Gate( 3446)	cx q[10], q[5]
Gate( 3447)	tdg q[10]
Gate( 3448)	tdg q[5]
Gate( 3449)	 t q[6]
Gate( 3450)	cx q[6], q[5]
Gate( 3451)	cx q[10], q[6]
Gate( 3452)	cx q[5], q[10]
Gate( 3453)	 h q[6]
Gate( 3454)	 h q[7]
Gate( 3455)	 t q[9]
Gate( 3456)	 t q[6]
Gate( 3457)	 t q[7]
Gate( 3458)	cx q[6], q[9]
Gate( 3459)	cx q[7], q[6]
Gate( 3460)	cx q[9], q[7]
Gate( 3461)	tdg q[6]
Gate( 3462)	cx q[9], q[6]
Gate( 3463)	tdg q[9]
Gate( 3464)	tdg q[6]
Gate( 3465)	 t q[7]
Gate( 3466)	cx q[7], q[6]
Gate( 3467)	cx q[9], q[7]
Gate( 3468)	cx q[6], q[9]
Gate( 3469)	 h q[7]
Gate( 3470)	 h q[0]
Gate( 3471)	 t q[12]
Gate( 3472)	 t q[14]
Gate( 3473)	 t q[0]
Gate( 3474)	cx q[14], q[12]
Gate( 3475)	cx q[0], q[14]
Gate( 3476)	cx q[12], q[0]
Gate( 3477)	tdg q[14]
Gate( 3478)	cx q[12], q[14]
Gate( 3479)	tdg q[12]
Gate( 3480)	tdg q[14]
Gate( 3481)	 t q[0]
Gate( 3482)	cx q[0], q[14]
Gate( 3483)	cx q[12], q[0]
Gate( 3484)	cx q[14], q[12]
Gate( 3485)	 h q[0]
Gate( 3486)	 h q[14]
Gate( 3487)	 t q[1]
Gate( 3488)	 t q[13]
Gate( 3489)	 t q[14]
Gate( 3490)	cx q[13], q[1]
Gate( 3491)	cx q[14], q[13]
Gate( 3492)	cx q[1], q[14]
Gate( 3493)	tdg q[13]
Gate( 3494)	cx q[1], q[13]
Gate( 3495)	tdg q[1]
Gate( 3496)	tdg q[13]
Gate( 3497)	 t q[14]
Gate( 3498)	cx q[14], q[13]
Gate( 3499)	cx q[1], q[14]
Gate( 3500)	cx q[13], q[1]
Gate( 3501)	 h q[14]
Gate( 3502)	 h q[13]
Gate( 3503)	 t q[2]
Gate( 3504)	 t q[11]
Gate( 3505)	 t q[13]
Gate( 3506)	cx q[11], q[2]
Gate( 3507)	cx q[13], q[11]
Gate( 3508)	cx q[2], q[13]
Gate( 3509)	tdg q[11]
Gate( 3510)	cx q[2], q[11]
Gate( 3511)	tdg q[2]
Gate( 3512)	tdg q[11]
Gate( 3513)	 t q[13]
Gate( 3514)	cx q[13], q[11]
Gate( 3515)	cx q[2], q[13]
Gate( 3516)	cx q[11], q[2]
Gate( 3517)	 h q[13]
Gate( 3518)	 h q[11]
Gate( 3519)	 t q[3]
Gate( 3520)	 t q[10]
Gate( 3521)	 t q[11]
Gate( 3522)	cx q[10], q[3]
Gate( 3523)	cx q[11], q[10]
Gate( 3524)	cx q[3], q[11]
Gate( 3525)	tdg q[10]
Gate( 3526)	cx q[3], q[10]
Gate( 3527)	tdg q[3]
Gate( 3528)	tdg q[10]
Gate( 3529)	 t q[11]
Gate( 3530)	cx q[11], q[10]
Gate( 3531)	cx q[3], q[11]
Gate( 3532)	cx q[10], q[3]
Gate( 3533)	 h q[11]
Gate( 3534)	 h q[10]
Gate( 3535)	 t q[4]
Gate( 3536)	 t q[9]
Gate( 3537)	 t q[10]
Gate( 3538)	cx q[9], q[4]
Gate( 3539)	cx q[10], q[9]
Gate( 3540)	cx q[4], q[10]
Gate( 3541)	tdg q[9]
Gate( 3542)	cx q[4], q[9]
Gate( 3543)	tdg q[4]
Gate( 3544)	tdg q[9]
Gate( 3545)	 t q[10]
Gate( 3546)	cx q[10], q[9]
Gate( 3547)	cx q[4], q[10]
Gate( 3548)	cx q[9], q[4]
Gate( 3549)	 h q[10]
Gate( 3550)	 h q[9]
Gate( 3551)	 t q[5]
Gate( 3552)	 t q[8]
Gate( 3553)	 t q[9]
Gate( 3554)	cx q[8], q[5]
Gate( 3555)	cx q[9], q[8]
Gate( 3556)	cx q[5], q[9]
Gate( 3557)	tdg q[8]
Gate( 3558)	cx q[5], q[8]
Gate( 3559)	tdg q[5]
Gate( 3560)	tdg q[8]
Gate( 3561)	 t q[9]
Gate( 3562)	cx q[9], q[8]
Gate( 3563)	cx q[5], q[9]
Gate( 3564)	cx q[8], q[5]
Gate( 3565)	 h q[9]
Gate( 3566)	 h q[8]
Gate( 3567)	 t q[7]
Gate( 3568)	 t q[6]
Gate( 3569)	 t q[8]
Gate( 3570)	cx q[6], q[7]
Gate( 3571)	cx q[8], q[6]
Gate( 3572)	cx q[7], q[8]
Gate( 3573)	tdg q[6]
Gate( 3574)	cx q[7], q[6]
Gate( 3575)	tdg q[7]
Gate( 3576)	tdg q[6]
Gate( 3577)	 t q[8]
Gate( 3578)	cx q[8], q[6]
Gate( 3579)	cx q[7], q[8]
Gate( 3580)	cx q[6], q[7]
Gate( 3581)	 h q[8]
Gate( 3582)	 h q[9]
Gate( 3583)	 t q[5]
Gate( 3584)	 t q[8]
Gate( 3585)	 t q[9]
Gate( 3586)	cx q[8], q[5]
Gate( 3587)	cx q[9], q[8]
Gate( 3588)	cx q[5], q[9]
Gate( 3589)	tdg q[8]
Gate( 3590)	cx q[5], q[8]
Gate( 3591)	tdg q[5]
Gate( 3592)	tdg q[8]
Gate( 3593)	 t q[9]
Gate( 3594)	cx q[9], q[8]
Gate( 3595)	cx q[5], q[9]
Gate( 3596)	cx q[8], q[5]
Gate( 3597)	 h q[9]
Gate( 3598)	 h q[10]
Gate( 3599)	 t q[4]
Gate( 3600)	 t q[9]
Gate( 3601)	 t q[10]
Gate( 3602)	cx q[9], q[4]
Gate( 3603)	cx q[10], q[9]
Gate( 3604)	cx q[4], q[10]
Gate( 3605)	tdg q[9]
Gate( 3606)	cx q[4], q[9]
Gate( 3607)	tdg q[4]
Gate( 3608)	tdg q[9]
Gate( 3609)	 t q[10]
Gate( 3610)	cx q[10], q[9]
Gate( 3611)	cx q[4], q[10]
Gate( 3612)	cx q[9], q[4]
Gate( 3613)	 h q[10]
Gate( 3614)	 h q[11]
Gate( 3615)	 t q[3]
Gate( 3616)	 t q[10]
Gate( 3617)	 t q[11]
Gate( 3618)	cx q[10], q[3]
Gate( 3619)	cx q[11], q[10]
Gate( 3620)	cx q[3], q[11]
Gate( 3621)	tdg q[10]
Gate( 3622)	cx q[3], q[10]
Gate( 3623)	tdg q[3]
Gate( 3624)	tdg q[10]
Gate( 3625)	 t q[11]
Gate( 3626)	cx q[11], q[10]
Gate( 3627)	cx q[3], q[11]
Gate( 3628)	cx q[10], q[3]
Gate( 3629)	 h q[11]
Gate( 3630)	 h q[13]
Gate( 3631)	 t q[2]
Gate( 3632)	 t q[11]
Gate( 3633)	 t q[13]
Gate( 3634)	cx q[11], q[2]
Gate( 3635)	cx q[13], q[11]
Gate( 3636)	cx q[2], q[13]
Gate( 3637)	tdg q[11]
Gate( 3638)	cx q[2], q[11]
Gate( 3639)	tdg q[2]
Gate( 3640)	tdg q[11]
Gate( 3641)	 t q[13]
Gate( 3642)	cx q[13], q[11]
Gate( 3643)	cx q[2], q[13]
Gate( 3644)	cx q[11], q[2]
Gate( 3645)	 h q[13]
Gate( 3646)	 h q[14]
Gate( 3647)	 t q[1]
Gate( 3648)	 t q[13]
Gate( 3649)	 t q[14]
Gate( 3650)	cx q[13], q[1]
Gate( 3651)	cx q[14], q[13]
Gate( 3652)	cx q[1], q[14]
Gate( 3653)	tdg q[13]
Gate( 3654)	cx q[1], q[13]
Gate( 3655)	tdg q[1]
Gate( 3656)	tdg q[13]
Gate( 3657)	 t q[14]
Gate( 3658)	cx q[14], q[13]
Gate( 3659)	cx q[1], q[14]
Gate( 3660)	cx q[13], q[1]
Gate( 3661)	 h q[14]
Gate( 3662)	 h q[0]
Gate( 3663)	 t q[12]
Gate( 3664)	 t q[14]
Gate( 3665)	 t q[0]
Gate( 3666)	cx q[14], q[12]
Gate( 3667)	cx q[0], q[14]
Gate( 3668)	cx q[12], q[0]
Gate( 3669)	tdg q[14]
Gate( 3670)	cx q[12], q[14]
Gate( 3671)	tdg q[12]
Gate( 3672)	tdg q[14]
Gate( 3673)	 t q[0]
Gate( 3674)	cx q[0], q[14]
Gate( 3675)	cx q[12], q[0]
Gate( 3676)	cx q[14], q[12]
Gate( 3677)	 h q[0]
Gate( 3678)	 h q[14]
Gate( 3679)	 t q[1]
Gate( 3680)	 t q[13]
Gate( 3681)	 t q[14]
Gate( 3682)	cx q[13], q[1]
Gate( 3683)	cx q[14], q[13]
Gate( 3684)	cx q[1], q[14]
Gate( 3685)	tdg q[13]
Gate( 3686)	cx q[1], q[13]
Gate( 3687)	tdg q[1]
Gate( 3688)	tdg q[13]
Gate( 3689)	 t q[14]
Gate( 3690)	cx q[14], q[13]
Gate( 3691)	cx q[1], q[14]
Gate( 3692)	cx q[13], q[1]
Gate( 3693)	 h q[14]
Gate( 3694)	 h q[13]
Gate( 3695)	 t q[2]
Gate( 3696)	 t q[11]
Gate( 3697)	 t q[13]
Gate( 3698)	cx q[11], q[2]
Gate( 3699)	cx q[13], q[11]
Gate( 3700)	cx q[2], q[13]
Gate( 3701)	tdg q[11]
Gate( 3702)	cx q[2], q[11]
Gate( 3703)	tdg q[2]
Gate( 3704)	tdg q[11]
Gate( 3705)	 t q[13]
Gate( 3706)	cx q[13], q[11]
Gate( 3707)	cx q[2], q[13]
Gate( 3708)	cx q[11], q[2]
Gate( 3709)	 h q[13]
Gate( 3710)	 h q[11]
Gate( 3711)	 t q[3]
Gate( 3712)	 t q[10]
Gate( 3713)	 t q[11]
Gate( 3714)	cx q[10], q[3]
Gate( 3715)	cx q[11], q[10]
Gate( 3716)	cx q[3], q[11]
Gate( 3717)	tdg q[10]
Gate( 3718)	cx q[3], q[10]
Gate( 3719)	tdg q[3]
Gate( 3720)	tdg q[10]
Gate( 3721)	 t q[11]
Gate( 3722)	cx q[11], q[10]
Gate( 3723)	cx q[3], q[11]
Gate( 3724)	cx q[10], q[3]
Gate( 3725)	 h q[11]
Gate( 3726)	 h q[10]
Gate( 3727)	 t q[4]
Gate( 3728)	 t q[9]
Gate( 3729)	 t q[10]
Gate( 3730)	cx q[9], q[4]
Gate( 3731)	cx q[10], q[9]
Gate( 3732)	cx q[4], q[10]
Gate( 3733)	tdg q[9]
Gate( 3734)	cx q[4], q[9]
Gate( 3735)	tdg q[4]
Gate( 3736)	tdg q[9]
Gate( 3737)	 t q[10]
Gate( 3738)	cx q[10], q[9]
Gate( 3739)	cx q[4], q[10]
Gate( 3740)	cx q[9], q[4]
Gate( 3741)	 h q[10]
Gate( 3742)	 h q[9]
Gate( 3743)	 t q[5]
Gate( 3744)	 t q[8]
Gate( 3745)	 t q[9]
Gate( 3746)	cx q[8], q[5]
Gate( 3747)	cx q[9], q[8]
Gate( 3748)	cx q[5], q[9]
Gate( 3749)	tdg q[8]
Gate( 3750)	cx q[5], q[8]
Gate( 3751)	tdg q[5]
Gate( 3752)	tdg q[8]
Gate( 3753)	 t q[9]
Gate( 3754)	cx q[9], q[8]
Gate( 3755)	cx q[5], q[9]
Gate( 3756)	cx q[8], q[5]
Gate( 3757)	 h q[9]
Gate( 3758)	 h q[8]
Gate( 3759)	 t q[7]
Gate( 3760)	 t q[6]
Gate( 3761)	 t q[8]
Gate( 3762)	cx q[6], q[7]
Gate( 3763)	cx q[8], q[6]
Gate( 3764)	cx q[7], q[8]
Gate( 3765)	tdg q[6]
Gate( 3766)	cx q[7], q[6]
Gate( 3767)	tdg q[7]
Gate( 3768)	tdg q[6]
Gate( 3769)	 t q[8]
Gate( 3770)	cx q[8], q[6]
Gate( 3771)	cx q[7], q[8]
Gate( 3772)	cx q[6], q[7]
Gate( 3773)	 h q[8]
Gate( 3774)	 h q[9]
Gate( 3775)	 t q[5]
Gate( 3776)	 t q[8]
Gate( 3777)	 t q[9]
Gate( 3778)	cx q[8], q[5]
Gate( 3779)	cx q[9], q[8]
Gate( 3780)	cx q[5], q[9]
Gate( 3781)	tdg q[8]
Gate( 3782)	cx q[5], q[8]
Gate( 3783)	tdg q[5]
Gate( 3784)	tdg q[8]
Gate( 3785)	 t q[9]
Gate( 3786)	cx q[9], q[8]
Gate( 3787)	cx q[5], q[9]
Gate( 3788)	cx q[8], q[5]
Gate( 3789)	 h q[9]
Gate( 3790)	 h q[10]
Gate( 3791)	 t q[4]
Gate( 3792)	 t q[9]
Gate( 3793)	 t q[10]
Gate( 3794)	cx q[9], q[4]
Gate( 3795)	cx q[10], q[9]
Gate( 3796)	cx q[4], q[10]
Gate( 3797)	tdg q[9]
Gate( 3798)	cx q[4], q[9]
Gate( 3799)	tdg q[4]
Gate( 3800)	tdg q[9]
Gate( 3801)	 t q[10]
Gate( 3802)	cx q[10], q[9]
Gate( 3803)	cx q[4], q[10]
Gate( 3804)	cx q[9], q[4]
Gate( 3805)	 h q[10]
Gate( 3806)	 h q[11]
Gate( 3807)	 t q[3]
Gate( 3808)	 t q[10]
Gate( 3809)	 t q[11]
Gate( 3810)	cx q[10], q[3]
Gate( 3811)	cx q[11], q[10]
Gate( 3812)	cx q[3], q[11]
Gate( 3813)	tdg q[10]
Gate( 3814)	cx q[3], q[10]
Gate( 3815)	tdg q[3]
Gate( 3816)	tdg q[10]
Gate( 3817)	 t q[11]
Gate( 3818)	cx q[11], q[10]
Gate( 3819)	cx q[3], q[11]
Gate( 3820)	cx q[10], q[3]
Gate( 3821)	 h q[11]
Gate( 3822)	 h q[13]
Gate( 3823)	 t q[2]
Gate( 3824)	 t q[11]
Gate( 3825)	 t q[13]
Gate( 3826)	cx q[11], q[2]
Gate( 3827)	cx q[13], q[11]
Gate( 3828)	cx q[2], q[13]
Gate( 3829)	tdg q[11]
Gate( 3830)	cx q[2], q[11]
Gate( 3831)	tdg q[2]
Gate( 3832)	tdg q[11]
Gate( 3833)	 t q[13]
Gate( 3834)	cx q[13], q[11]
Gate( 3835)	cx q[2], q[13]
Gate( 3836)	cx q[11], q[2]
Gate( 3837)	 h q[13]
Gate( 3838)	 h q[14]
Gate( 3839)	 t q[1]
Gate( 3840)	 t q[13]
Gate( 3841)	 t q[14]
Gate( 3842)	cx q[13], q[1]
Gate( 3843)	cx q[14], q[13]
Gate( 3844)	cx q[1], q[14]
Gate( 3845)	tdg q[13]
Gate( 3846)	cx q[1], q[13]
Gate( 3847)	tdg q[1]
Gate( 3848)	tdg q[13]
Gate( 3849)	 t q[14]
Gate( 3850)	cx q[14], q[13]
Gate( 3851)	cx q[1], q[14]
Gate( 3852)	cx q[13], q[1]
Gate( 3853)	 h q[14]
Gate( 3854)	 h q[9]
Gate( 3855)	 t q[8]
Gate( 3856)	 t q[7]
Gate( 3857)	 t q[9]
Gate( 3858)	cx q[7], q[8]
Gate( 3859)	cx q[9], q[7]
Gate( 3860)	cx q[8], q[9]
Gate( 3861)	tdg q[7]
Gate( 3862)	cx q[8], q[7]
Gate( 3863)	tdg q[8]
Gate( 3864)	tdg q[7]
Gate( 3865)	 t q[9]
Gate( 3866)	cx q[9], q[7]
Gate( 3867)	cx q[8], q[9]
Gate( 3868)	cx q[7], q[8]
Gate( 3869)	 h q[9]
Gate( 3870)	 h q[7]
Gate( 3871)	 t q[10]
Gate( 3872)	 t q[6]
Gate( 3873)	 t q[7]
Gate( 3874)	cx q[6], q[10]
Gate( 3875)	cx q[7], q[6]
Gate( 3876)	cx q[10], q[7]
Gate( 3877)	tdg q[6]
Gate( 3878)	cx q[10], q[6]
Gate( 3879)	tdg q[10]
Gate( 3880)	tdg q[6]
Gate( 3881)	 t q[7]
Gate( 3882)	cx q[7], q[6]
Gate( 3883)	cx q[10], q[7]
Gate( 3884)	cx q[6], q[10]
Gate( 3885)	 h q[7]
Gate( 3886)	 h q[6]
Gate( 3887)	 t q[11]
Gate( 3888)	 t q[5]
Gate( 3889)	 t q[6]
Gate( 3890)	cx q[5], q[11]
Gate( 3891)	cx q[6], q[5]
Gate( 3892)	cx q[11], q[6]
Gate( 3893)	tdg q[5]
Gate( 3894)	cx q[11], q[5]
Gate( 3895)	tdg q[11]
Gate( 3896)	tdg q[5]
Gate( 3897)	 t q[6]
Gate( 3898)	cx q[6], q[5]
Gate( 3899)	cx q[11], q[6]
Gate( 3900)	cx q[5], q[11]
Gate( 3901)	 h q[6]
Gate( 3902)	 h q[5]
Gate( 3903)	 t q[12]
Gate( 3904)	 t q[4]
Gate( 3905)	 t q[5]
Gate( 3906)	cx q[4], q[12]
Gate( 3907)	cx q[5], q[4]
Gate( 3908)	cx q[12], q[5]
Gate( 3909)	tdg q[4]
Gate( 3910)	cx q[12], q[4]
Gate( 3911)	tdg q[12]
Gate( 3912)	tdg q[4]
Gate( 3913)	 t q[5]
Gate( 3914)	cx q[5], q[4]
Gate( 3915)	cx q[12], q[5]
Gate( 3916)	cx q[4], q[12]
Gate( 3917)	 h q[5]
Gate( 3918)	 h q[4]
Gate( 3919)	 t q[14]
Gate( 3920)	 t q[13]
Gate( 3921)	 t q[4]
Gate( 3922)	cx q[13], q[14]
Gate( 3923)	cx q[4], q[13]
Gate( 3924)	cx q[14], q[4]
Gate( 3925)	tdg q[13]
Gate( 3926)	cx q[14], q[13]
Gate( 3927)	tdg q[14]
Gate( 3928)	tdg q[13]
Gate( 3929)	 t q[4]
Gate( 3930)	cx q[4], q[13]
Gate( 3931)	cx q[14], q[4]
Gate( 3932)	cx q[13], q[14]
Gate( 3933)	 h q[4]
Gate( 3934)	 h q[5]
Gate( 3935)	 t q[12]
Gate( 3936)	 t q[4]
Gate( 3937)	 t q[5]
Gate( 3938)	cx q[4], q[12]
Gate( 3939)	cx q[5], q[4]
Gate( 3940)	cx q[12], q[5]
Gate( 3941)	tdg q[4]
Gate( 3942)	cx q[12], q[4]
Gate( 3943)	tdg q[12]
Gate( 3944)	tdg q[4]
Gate( 3945)	 t q[5]
Gate( 3946)	cx q[5], q[4]
Gate( 3947)	cx q[12], q[5]
Gate( 3948)	cx q[4], q[12]
Gate( 3949)	 h q[5]
Gate( 3950)	 h q[6]
Gate( 3951)	 t q[11]
Gate( 3952)	 t q[5]
Gate( 3953)	 t q[6]
Gate( 3954)	cx q[5], q[11]
Gate( 3955)	cx q[6], q[5]
Gate( 3956)	cx q[11], q[6]
Gate( 3957)	tdg q[5]
Gate( 3958)	cx q[11], q[5]
Gate( 3959)	tdg q[11]
Gate( 3960)	tdg q[5]
Gate( 3961)	 t q[6]
Gate( 3962)	cx q[6], q[5]
Gate( 3963)	cx q[11], q[6]
Gate( 3964)	cx q[5], q[11]
Gate( 3965)	 h q[6]
Gate( 3966)	 h q[7]
Gate( 3967)	 t q[10]
Gate( 3968)	 t q[6]
Gate( 3969)	 t q[7]
Gate( 3970)	cx q[6], q[10]
Gate( 3971)	cx q[7], q[6]
Gate( 3972)	cx q[10], q[7]
Gate( 3973)	tdg q[6]
Gate( 3974)	cx q[10], q[6]
Gate( 3975)	tdg q[10]
Gate( 3976)	tdg q[6]
Gate( 3977)	 t q[7]
Gate( 3978)	cx q[7], q[6]
Gate( 3979)	cx q[10], q[7]
Gate( 3980)	cx q[6], q[10]
Gate( 3981)	 h q[7]
Gate( 3982)	 h q[9]
Gate( 3983)	 t q[8]
Gate( 3984)	 t q[7]
Gate( 3985)	 t q[9]
Gate( 3986)	cx q[7], q[8]
Gate( 3987)	cx q[9], q[7]
Gate( 3988)	cx q[8], q[9]
Gate( 3989)	tdg q[7]
Gate( 3990)	cx q[8], q[7]
Gate( 3991)	tdg q[8]
Gate( 3992)	tdg q[7]
Gate( 3993)	 t q[9]
Gate( 3994)	cx q[9], q[7]
Gate( 3995)	cx q[8], q[9]
Gate( 3996)	cx q[7], q[8]
Gate( 3997)	 h q[9]
Gate( 3998)	 h q[7]
Gate( 3999)	 t q[10]
Gate( 4000)	 t q[6]
Gate( 4001)	 t q[7]
Gate( 4002)	cx q[6], q[10]
Gate( 4003)	cx q[7], q[6]
Gate( 4004)	cx q[10], q[7]
Gate( 4005)	tdg q[6]
Gate( 4006)	cx q[10], q[6]
Gate( 4007)	tdg q[10]
Gate( 4008)	tdg q[6]
Gate( 4009)	 t q[7]
Gate( 4010)	cx q[7], q[6]
Gate( 4011)	cx q[10], q[7]
Gate( 4012)	cx q[6], q[10]
Gate( 4013)	 h q[7]
Gate( 4014)	 h q[6]
Gate( 4015)	 t q[11]
Gate( 4016)	 t q[5]
Gate( 4017)	 t q[6]
Gate( 4018)	cx q[5], q[11]
Gate( 4019)	cx q[6], q[5]
Gate( 4020)	cx q[11], q[6]
Gate( 4021)	tdg q[5]
Gate( 4022)	cx q[11], q[5]
Gate( 4023)	tdg q[11]
Gate( 4024)	tdg q[5]
Gate( 4025)	 t q[6]
Gate( 4026)	cx q[6], q[5]
Gate( 4027)	cx q[11], q[6]
Gate( 4028)	cx q[5], q[11]
Gate( 4029)	 h q[6]
Gate( 4030)	 h q[5]
Gate( 4031)	 t q[12]
Gate( 4032)	 t q[4]
Gate( 4033)	 t q[5]
Gate( 4034)	cx q[4], q[12]
Gate( 4035)	cx q[5], q[4]
Gate( 4036)	cx q[12], q[5]
Gate( 4037)	tdg q[4]
Gate( 4038)	cx q[12], q[4]
Gate( 4039)	tdg q[12]
Gate( 4040)	tdg q[4]
Gate( 4041)	 t q[5]
Gate( 4042)	cx q[5], q[4]
Gate( 4043)	cx q[12], q[5]
Gate( 4044)	cx q[4], q[12]
Gate( 4045)	 h q[5]
Gate( 4046)	 h q[4]
Gate( 4047)	 t q[14]
Gate( 4048)	 t q[13]
Gate( 4049)	 t q[4]
Gate( 4050)	cx q[13], q[14]
Gate( 4051)	cx q[4], q[13]
Gate( 4052)	cx q[14], q[4]
Gate( 4053)	tdg q[13]
Gate( 4054)	cx q[14], q[13]
Gate( 4055)	tdg q[14]
Gate( 4056)	tdg q[13]
Gate( 4057)	 t q[4]
Gate( 4058)	cx q[4], q[13]
Gate( 4059)	cx q[14], q[4]
Gate( 4060)	cx q[13], q[14]
Gate( 4061)	 h q[4]
Gate( 4062)	 h q[5]
Gate( 4063)	 t q[12]
Gate( 4064)	 t q[4]
Gate( 4065)	 t q[5]
Gate( 4066)	cx q[4], q[12]
Gate( 4067)	cx q[5], q[4]
Gate( 4068)	cx q[12], q[5]
Gate( 4069)	tdg q[4]
Gate( 4070)	cx q[12], q[4]
Gate( 4071)	tdg q[12]
Gate( 4072)	tdg q[4]
Gate( 4073)	 t q[5]
Gate( 4074)	cx q[5], q[4]
Gate( 4075)	cx q[12], q[5]
Gate( 4076)	cx q[4], q[12]
Gate( 4077)	 h q[5]
Gate( 4078)	 h q[6]
Gate( 4079)	 t q[11]
Gate( 4080)	 t q[5]
Gate( 4081)	 t q[6]
Gate( 4082)	cx q[5], q[11]
Gate( 4083)	cx q[6], q[5]
Gate( 4084)	cx q[11], q[6]
Gate( 4085)	tdg q[5]
Gate( 4086)	cx q[11], q[5]
Gate( 4087)	tdg q[11]
Gate( 4088)	tdg q[5]
Gate( 4089)	 t q[6]
Gate( 4090)	cx q[6], q[5]
Gate( 4091)	cx q[11], q[6]
Gate( 4092)	cx q[5], q[11]
Gate( 4093)	 h q[6]
Gate( 4094)	 h q[7]
Gate( 4095)	 t q[10]
Gate( 4096)	 t q[6]
Gate( 4097)	 t q[7]
Gate( 4098)	cx q[6], q[10]
Gate( 4099)	cx q[7], q[6]
Gate( 4100)	cx q[10], q[7]
Gate( 4101)	tdg q[6]
Gate( 4102)	cx q[10], q[6]
Gate( 4103)	tdg q[10]
Gate( 4104)	tdg q[6]
Gate( 4105)	 t q[7]
Gate( 4106)	cx q[7], q[6]
Gate( 4107)	cx q[10], q[7]
Gate( 4108)	cx q[6], q[10]
Gate( 4109)	 h q[7]
Gate( 4110)	 h q[0]
Gate( 4111)	 t q[9]
Gate( 4112)	 t q[14]
Gate( 4113)	 t q[0]
Gate( 4114)	cx q[14], q[9]
Gate( 4115)	cx q[0], q[14]
Gate( 4116)	cx q[9], q[0]
Gate( 4117)	tdg q[14]
Gate( 4118)	cx q[9], q[14]
Gate( 4119)	tdg q[9]
Gate( 4120)	tdg q[14]
Gate( 4121)	 t q[0]
Gate( 4122)	cx q[0], q[14]
Gate( 4123)	cx q[9], q[0]
Gate( 4124)	cx q[14], q[9]
Gate( 4125)	 h q[0]
Gate( 4126)	 h q[14]
Gate( 4127)	 t q[1]
Gate( 4128)	 t q[13]
Gate( 4129)	 t q[14]
Gate( 4130)	cx q[13], q[1]
Gate( 4131)	cx q[14], q[13]
Gate( 4132)	cx q[1], q[14]
Gate( 4133)	tdg q[13]
Gate( 4134)	cx q[1], q[13]
Gate( 4135)	tdg q[1]
Gate( 4136)	tdg q[13]
Gate( 4137)	 t q[14]
Gate( 4138)	cx q[14], q[13]
Gate( 4139)	cx q[1], q[14]
Gate( 4140)	cx q[13], q[1]
Gate( 4141)	 h q[14]
Gate( 4142)	 h q[13]
Gate( 4143)	 t q[2]
Gate( 4144)	 t q[12]
Gate( 4145)	 t q[13]
Gate( 4146)	cx q[12], q[2]
Gate( 4147)	cx q[13], q[12]
Gate( 4148)	cx q[2], q[13]
Gate( 4149)	tdg q[12]
Gate( 4150)	cx q[2], q[12]
Gate( 4151)	tdg q[2]
Gate( 4152)	tdg q[12]
Gate( 4153)	 t q[13]
Gate( 4154)	cx q[13], q[12]
Gate( 4155)	cx q[2], q[13]
Gate( 4156)	cx q[12], q[2]
Gate( 4157)	 h q[13]
Gate( 4158)	 h q[12]
Gate( 4159)	 t q[3]
Gate( 4160)	 t q[11]
Gate( 4161)	 t q[12]
Gate( 4162)	cx q[11], q[3]
Gate( 4163)	cx q[12], q[11]
Gate( 4164)	cx q[3], q[12]
Gate( 4165)	tdg q[11]
Gate( 4166)	cx q[3], q[11]
Gate( 4167)	tdg q[3]
Gate( 4168)	tdg q[11]
Gate( 4169)	 t q[12]
Gate( 4170)	cx q[12], q[11]
Gate( 4171)	cx q[3], q[12]
Gate( 4172)	cx q[11], q[3]
Gate( 4173)	 h q[12]
Gate( 4174)	 h q[11]
Gate( 4175)	 t q[4]
Gate( 4176)	 t q[10]
Gate( 4177)	 t q[11]
Gate( 4178)	cx q[10], q[4]
Gate( 4179)	cx q[11], q[10]
Gate( 4180)	cx q[4], q[11]
Gate( 4181)	tdg q[10]
Gate( 4182)	cx q[4], q[10]
Gate( 4183)	tdg q[4]
Gate( 4184)	tdg q[10]
Gate( 4185)	 t q[11]
Gate( 4186)	cx q[11], q[10]
Gate( 4187)	cx q[4], q[11]
Gate( 4188)	cx q[10], q[4]
Gate( 4189)	 h q[11]
Gate( 4190)	 h q[10]
Gate( 4191)	 t q[5]
Gate( 4192)	 t q[8]
Gate( 4193)	 t q[10]
Gate( 4194)	cx q[8], q[5]
Gate( 4195)	cx q[10], q[8]
Gate( 4196)	cx q[5], q[10]
Gate( 4197)	tdg q[8]
Gate( 4198)	cx q[5], q[8]
Gate( 4199)	tdg q[5]
Gate( 4200)	tdg q[8]
Gate( 4201)	 t q[10]
Gate( 4202)	cx q[10], q[8]
Gate( 4203)	cx q[5], q[10]
Gate( 4204)	cx q[8], q[5]
Gate( 4205)	 h q[10]
Gate( 4206)	 h q[8]
Gate( 4207)	 t q[7]
Gate( 4208)	 t q[6]
Gate( 4209)	 t q[8]
Gate( 4210)	cx q[6], q[7]
Gate( 4211)	cx q[8], q[6]
Gate( 4212)	cx q[7], q[8]
Gate( 4213)	tdg q[6]
Gate( 4214)	cx q[7], q[6]
Gate( 4215)	tdg q[7]
Gate( 4216)	tdg q[6]
Gate( 4217)	 t q[8]
Gate( 4218)	cx q[8], q[6]
Gate( 4219)	cx q[7], q[8]
Gate( 4220)	cx q[6], q[7]
Gate( 4221)	 h q[8]
Gate( 4222)	 h q[10]
Gate( 4223)	 t q[5]
Gate( 4224)	 t q[8]
Gate( 4225)	 t q[10]
Gate( 4226)	cx q[8], q[5]
Gate( 4227)	cx q[10], q[8]
Gate( 4228)	cx q[5], q[10]
Gate( 4229)	tdg q[8]
Gate( 4230)	cx q[5], q[8]
Gate( 4231)	tdg q[5]
Gate( 4232)	tdg q[8]
Gate( 4233)	 t q[10]
Gate( 4234)	cx q[10], q[8]
Gate( 4235)	cx q[5], q[10]
Gate( 4236)	cx q[8], q[5]
Gate( 4237)	 h q[10]
Gate( 4238)	 h q[11]
Gate( 4239)	 t q[4]
Gate( 4240)	 t q[10]
Gate( 4241)	 t q[11]
Gate( 4242)	cx q[10], q[4]
Gate( 4243)	cx q[11], q[10]
Gate( 4244)	cx q[4], q[11]
Gate( 4245)	tdg q[10]
Gate( 4246)	cx q[4], q[10]
Gate( 4247)	tdg q[4]
Gate( 4248)	tdg q[10]
Gate( 4249)	 t q[11]
Gate( 4250)	cx q[11], q[10]
Gate( 4251)	cx q[4], q[11]
Gate( 4252)	cx q[10], q[4]
Gate( 4253)	 h q[11]
Gate( 4254)	 h q[12]
Gate( 4255)	 t q[3]
Gate( 4256)	 t q[11]
Gate( 4257)	 t q[12]
Gate( 4258)	cx q[11], q[3]
Gate( 4259)	cx q[12], q[11]
Gate( 4260)	cx q[3], q[12]
Gate( 4261)	tdg q[11]
Gate( 4262)	cx q[3], q[11]
Gate( 4263)	tdg q[3]
Gate( 4264)	tdg q[11]
Gate( 4265)	 t q[12]
Gate( 4266)	cx q[12], q[11]
Gate( 4267)	cx q[3], q[12]
Gate( 4268)	cx q[11], q[3]
Gate( 4269)	 h q[12]
Gate( 4270)	 h q[13]
Gate( 4271)	 t q[2]
Gate( 4272)	 t q[12]
Gate( 4273)	 t q[13]
Gate( 4274)	cx q[12], q[2]
Gate( 4275)	cx q[13], q[12]
Gate( 4276)	cx q[2], q[13]
Gate( 4277)	tdg q[12]
Gate( 4278)	cx q[2], q[12]
Gate( 4279)	tdg q[2]
Gate( 4280)	tdg q[12]
Gate( 4281)	 t q[13]
Gate( 4282)	cx q[13], q[12]
Gate( 4283)	cx q[2], q[13]
Gate( 4284)	cx q[12], q[2]
Gate( 4285)	 h q[13]
Gate( 4286)	 h q[14]
Gate( 4287)	 t q[1]
Gate( 4288)	 t q[13]
Gate( 4289)	 t q[14]
Gate( 4290)	cx q[13], q[1]
Gate( 4291)	cx q[14], q[13]
Gate( 4292)	cx q[1], q[14]
Gate( 4293)	tdg q[13]
Gate( 4294)	cx q[1], q[13]
Gate( 4295)	tdg q[1]
Gate( 4296)	tdg q[13]
Gate( 4297)	 t q[14]
Gate( 4298)	cx q[14], q[13]
Gate( 4299)	cx q[1], q[14]
Gate( 4300)	cx q[13], q[1]
Gate( 4301)	 h q[14]
Gate( 4302)	 h q[0]
Gate( 4303)	 t q[9]
Gate( 4304)	 t q[14]
Gate( 4305)	 t q[0]
Gate( 4306)	cx q[14], q[9]
Gate( 4307)	cx q[0], q[14]
Gate( 4308)	cx q[9], q[0]
Gate( 4309)	tdg q[14]
Gate( 4310)	cx q[9], q[14]
Gate( 4311)	tdg q[9]
Gate( 4312)	tdg q[14]
Gate( 4313)	 t q[0]
Gate( 4314)	cx q[0], q[14]
Gate( 4315)	cx q[9], q[0]
Gate( 4316)	cx q[14], q[9]
Gate( 4317)	 h q[0]
Gate( 4318)	 h q[14]
Gate( 4319)	 t q[1]
Gate( 4320)	 t q[13]
Gate( 4321)	 t q[14]
Gate( 4322)	cx q[13], q[1]
Gate( 4323)	cx q[14], q[13]
Gate( 4324)	cx q[1], q[14]
Gate( 4325)	tdg q[13]
Gate( 4326)	cx q[1], q[13]
Gate( 4327)	tdg q[1]
Gate( 4328)	tdg q[13]
Gate( 4329)	 t q[14]
Gate( 4330)	cx q[14], q[13]
Gate( 4331)	cx q[1], q[14]
Gate( 4332)	cx q[13], q[1]
Gate( 4333)	 h q[14]
Gate( 4334)	 h q[13]
Gate( 4335)	 t q[2]
Gate( 4336)	 t q[12]
Gate( 4337)	 t q[13]
Gate( 4338)	cx q[12], q[2]
Gate( 4339)	cx q[13], q[12]
Gate( 4340)	cx q[2], q[13]
Gate( 4341)	tdg q[12]
Gate( 4342)	cx q[2], q[12]
Gate( 4343)	tdg q[2]
Gate( 4344)	tdg q[12]
Gate( 4345)	 t q[13]
Gate( 4346)	cx q[13], q[12]
Gate( 4347)	cx q[2], q[13]
Gate( 4348)	cx q[12], q[2]
Gate( 4349)	 h q[13]
Gate( 4350)	 h q[12]
Gate( 4351)	 t q[3]
Gate( 4352)	 t q[11]
Gate( 4353)	 t q[12]
Gate( 4354)	cx q[11], q[3]
Gate( 4355)	cx q[12], q[11]
Gate( 4356)	cx q[3], q[12]
Gate( 4357)	tdg q[11]
Gate( 4358)	cx q[3], q[11]
Gate( 4359)	tdg q[3]
Gate( 4360)	tdg q[11]
Gate( 4361)	 t q[12]
Gate( 4362)	cx q[12], q[11]
Gate( 4363)	cx q[3], q[12]
Gate( 4364)	cx q[11], q[3]
Gate( 4365)	 h q[12]
Gate( 4366)	 h q[11]
Gate( 4367)	 t q[4]
Gate( 4368)	 t q[10]
Gate( 4369)	 t q[11]
Gate( 4370)	cx q[10], q[4]
Gate( 4371)	cx q[11], q[10]
Gate( 4372)	cx q[4], q[11]
Gate( 4373)	tdg q[10]
Gate( 4374)	cx q[4], q[10]
Gate( 4375)	tdg q[4]
Gate( 4376)	tdg q[10]
Gate( 4377)	 t q[11]
Gate( 4378)	cx q[11], q[10]
Gate( 4379)	cx q[4], q[11]
Gate( 4380)	cx q[10], q[4]
Gate( 4381)	 h q[11]
Gate( 4382)	 h q[10]
Gate( 4383)	 t q[5]
Gate( 4384)	 t q[8]
Gate( 4385)	 t q[10]
Gate( 4386)	cx q[8], q[5]
Gate( 4387)	cx q[10], q[8]
Gate( 4388)	cx q[5], q[10]
Gate( 4389)	tdg q[8]
Gate( 4390)	cx q[5], q[8]
Gate( 4391)	tdg q[5]
Gate( 4392)	tdg q[8]
Gate( 4393)	 t q[10]
Gate( 4394)	cx q[10], q[8]
Gate( 4395)	cx q[5], q[10]
Gate( 4396)	cx q[8], q[5]
Gate( 4397)	 h q[10]
Gate( 4398)	 h q[8]
Gate( 4399)	 t q[7]
Gate( 4400)	 t q[6]
Gate( 4401)	 t q[8]
Gate( 4402)	cx q[6], q[7]
Gate( 4403)	cx q[8], q[6]
Gate( 4404)	cx q[7], q[8]
Gate( 4405)	tdg q[6]
Gate( 4406)	cx q[7], q[6]
Gate( 4407)	tdg q[7]
Gate( 4408)	tdg q[6]
Gate( 4409)	 t q[8]
Gate( 4410)	cx q[8], q[6]
Gate( 4411)	cx q[7], q[8]
Gate( 4412)	cx q[6], q[7]
Gate( 4413)	 h q[8]
Gate( 4414)	 h q[10]
Gate( 4415)	 t q[5]
Gate( 4416)	 t q[8]
Gate( 4417)	 t q[10]
Gate( 4418)	cx q[8], q[5]
Gate( 4419)	cx q[10], q[8]
Gate( 4420)	cx q[5], q[10]
Gate( 4421)	tdg q[8]
Gate( 4422)	cx q[5], q[8]
Gate( 4423)	tdg q[5]
Gate( 4424)	tdg q[8]
Gate( 4425)	 t q[10]
Gate( 4426)	cx q[10], q[8]
Gate( 4427)	cx q[5], q[10]
Gate( 4428)	cx q[8], q[5]
Gate( 4429)	 h q[10]
Gate( 4430)	 h q[11]
Gate( 4431)	 t q[4]
Gate( 4432)	 t q[10]
Gate( 4433)	 t q[11]
Gate( 4434)	cx q[10], q[4]
Gate( 4435)	cx q[11], q[10]
Gate( 4436)	cx q[4], q[11]
Gate( 4437)	tdg q[10]
Gate( 4438)	cx q[4], q[10]
Gate( 4439)	tdg q[4]
Gate( 4440)	tdg q[10]
Gate( 4441)	 t q[11]
Gate( 4442)	cx q[11], q[10]
Gate( 4443)	cx q[4], q[11]
Gate( 4444)	cx q[10], q[4]
Gate( 4445)	 h q[11]
Gate( 4446)	 h q[12]
Gate( 4447)	 t q[3]
Gate( 4448)	 t q[11]
Gate( 4449)	 t q[12]
Gate( 4450)	cx q[11], q[3]
Gate( 4451)	cx q[12], q[11]
Gate( 4452)	cx q[3], q[12]
Gate( 4453)	tdg q[11]
Gate( 4454)	cx q[3], q[11]
Gate( 4455)	tdg q[3]
Gate( 4456)	tdg q[11]
Gate( 4457)	 t q[12]
Gate( 4458)	cx q[12], q[11]
Gate( 4459)	cx q[3], q[12]
Gate( 4460)	cx q[11], q[3]
Gate( 4461)	 h q[12]
Gate( 4462)	 h q[13]
Gate( 4463)	 t q[2]
Gate( 4464)	 t q[12]
Gate( 4465)	 t q[13]
Gate( 4466)	cx q[12], q[2]
Gate( 4467)	cx q[13], q[12]
Gate( 4468)	cx q[2], q[13]
Gate( 4469)	tdg q[12]
Gate( 4470)	cx q[2], q[12]
Gate( 4471)	tdg q[2]
Gate( 4472)	tdg q[12]
Gate( 4473)	 t q[13]
Gate( 4474)	cx q[13], q[12]
Gate( 4475)	cx q[2], q[13]
Gate( 4476)	cx q[12], q[2]
Gate( 4477)	 h q[13]
Gate( 4478)	 h q[14]
Gate( 4479)	 t q[1]
Gate( 4480)	 t q[13]
Gate( 4481)	 t q[14]
Gate( 4482)	cx q[13], q[1]
Gate( 4483)	cx q[14], q[13]
Gate( 4484)	cx q[1], q[14]
Gate( 4485)	tdg q[13]
Gate( 4486)	cx q[1], q[13]
Gate( 4487)	tdg q[1]
Gate( 4488)	tdg q[13]
Gate( 4489)	 t q[14]
Gate( 4490)	cx q[14], q[13]
Gate( 4491)	cx q[1], q[14]
Gate( 4492)	cx q[13], q[1]
Gate( 4493)	 h q[14]
Gate( 4494)	 h q[9]
Gate( 4495)	 t q[8]
Gate( 4496)	 t q[7]
Gate( 4497)	 t q[9]
Gate( 4498)	cx q[7], q[8]
Gate( 4499)	cx q[9], q[7]
Gate( 4500)	cx q[8], q[9]
Gate( 4501)	tdg q[7]
Gate( 4502)	cx q[8], q[7]
Gate( 4503)	tdg q[8]
Gate( 4504)	tdg q[7]
Gate( 4505)	 t q[9]
Gate( 4506)	cx q[9], q[7]
Gate( 4507)	cx q[8], q[9]
Gate( 4508)	cx q[7], q[8]
Gate( 4509)	 h q[9]
Gate( 4510)	 h q[7]
Gate( 4511)	 t q[10]
Gate( 4512)	 t q[6]
Gate( 4513)	 t q[7]
Gate( 4514)	cx q[6], q[10]
Gate( 4515)	cx q[7], q[6]
Gate( 4516)	cx q[10], q[7]
Gate( 4517)	tdg q[6]
Gate( 4518)	cx q[10], q[6]
Gate( 4519)	tdg q[10]
Gate( 4520)	tdg q[6]
Gate( 4521)	 t q[7]
Gate( 4522)	cx q[7], q[6]
Gate( 4523)	cx q[10], q[7]
Gate( 4524)	cx q[6], q[10]
Gate( 4525)	 h q[7]
Gate( 4526)	 h q[6]
Gate( 4527)	 t q[11]
Gate( 4528)	 t q[5]
Gate( 4529)	 t q[6]
Gate( 4530)	cx q[5], q[11]
Gate( 4531)	cx q[6], q[5]
Gate( 4532)	cx q[11], q[6]
Gate( 4533)	tdg q[5]
Gate( 4534)	cx q[11], q[5]
Gate( 4535)	tdg q[11]
Gate( 4536)	tdg q[5]
Gate( 4537)	 t q[6]
Gate( 4538)	cx q[6], q[5]
Gate( 4539)	cx q[11], q[6]
Gate( 4540)	cx q[5], q[11]
Gate( 4541)	 h q[6]
Gate( 4542)	 h q[5]
Gate( 4543)	 t q[12]
Gate( 4544)	 t q[4]
Gate( 4545)	 t q[5]
Gate( 4546)	cx q[4], q[12]
Gate( 4547)	cx q[5], q[4]
Gate( 4548)	cx q[12], q[5]
Gate( 4549)	tdg q[4]
Gate( 4550)	cx q[12], q[4]
Gate( 4551)	tdg q[12]
Gate( 4552)	tdg q[4]
Gate( 4553)	 t q[5]
Gate( 4554)	cx q[5], q[4]
Gate( 4555)	cx q[12], q[5]
Gate( 4556)	cx q[4], q[12]
Gate( 4557)	 h q[5]
Gate( 4558)	 h q[4]
Gate( 4559)	 t q[14]
Gate( 4560)	 t q[13]
Gate( 4561)	 t q[4]
Gate( 4562)	cx q[13], q[14]
Gate( 4563)	cx q[4], q[13]
Gate( 4564)	cx q[14], q[4]
Gate( 4565)	tdg q[13]
Gate( 4566)	cx q[14], q[13]
Gate( 4567)	tdg q[14]
Gate( 4568)	tdg q[13]
Gate( 4569)	 t q[4]
Gate( 4570)	cx q[4], q[13]
Gate( 4571)	cx q[14], q[4]
Gate( 4572)	cx q[13], q[14]
Gate( 4573)	 h q[4]
Gate( 4574)	 h q[5]
Gate( 4575)	 t q[12]
Gate( 4576)	 t q[4]
Gate( 4577)	 t q[5]
Gate( 4578)	cx q[4], q[12]
Gate( 4579)	cx q[5], q[4]
Gate( 4580)	cx q[12], q[5]
Gate( 4581)	tdg q[4]
Gate( 4582)	cx q[12], q[4]
Gate( 4583)	tdg q[12]
Gate( 4584)	tdg q[4]
Gate( 4585)	 t q[5]
Gate( 4586)	cx q[5], q[4]
Gate( 4587)	cx q[12], q[5]
Gate( 4588)	cx q[4], q[12]
Gate( 4589)	 h q[5]
Gate( 4590)	 h q[6]
Gate( 4591)	 t q[11]
Gate( 4592)	 t q[5]
Gate( 4593)	 t q[6]
Gate( 4594)	cx q[5], q[11]
Gate( 4595)	cx q[6], q[5]
Gate( 4596)	cx q[11], q[6]
Gate( 4597)	tdg q[5]
Gate( 4598)	cx q[11], q[5]
Gate( 4599)	tdg q[11]
Gate( 4600)	tdg q[5]
Gate( 4601)	 t q[6]
Gate( 4602)	cx q[6], q[5]
Gate( 4603)	cx q[11], q[6]
Gate( 4604)	cx q[5], q[11]
Gate( 4605)	 h q[6]
Gate( 4606)	 h q[7]
Gate( 4607)	 t q[10]
Gate( 4608)	 t q[6]
Gate( 4609)	 t q[7]
Gate( 4610)	cx q[6], q[10]
Gate( 4611)	cx q[7], q[6]
Gate( 4612)	cx q[10], q[7]
Gate( 4613)	tdg q[6]
Gate( 4614)	cx q[10], q[6]
Gate( 4615)	tdg q[10]
Gate( 4616)	tdg q[6]
Gate( 4617)	 t q[7]
Gate( 4618)	cx q[7], q[6]
Gate( 4619)	cx q[10], q[7]
Gate( 4620)	cx q[6], q[10]
Gate( 4621)	 h q[7]
Gate( 4622)	 h q[9]
Gate( 4623)	 t q[8]
Gate( 4624)	 t q[7]
Gate( 4625)	 t q[9]
Gate( 4626)	cx q[7], q[8]
Gate( 4627)	cx q[9], q[7]
Gate( 4628)	cx q[8], q[9]
Gate( 4629)	tdg q[7]
Gate( 4630)	cx q[8], q[7]
Gate( 4631)	tdg q[8]
Gate( 4632)	tdg q[7]
Gate( 4633)	 t q[9]
Gate( 4634)	cx q[9], q[7]
Gate( 4635)	cx q[8], q[9]
Gate( 4636)	cx q[7], q[8]
Gate( 4637)	 h q[9]
Gate( 4638)	 h q[7]
Gate( 4639)	 t q[10]
Gate( 4640)	 t q[6]
Gate( 4641)	 t q[7]
Gate( 4642)	cx q[6], q[10]
Gate( 4643)	cx q[7], q[6]
Gate( 4644)	cx q[10], q[7]
Gate( 4645)	tdg q[6]
Gate( 4646)	cx q[10], q[6]
Gate( 4647)	tdg q[10]
Gate( 4648)	tdg q[6]
Gate( 4649)	 t q[7]
Gate( 4650)	cx q[7], q[6]
Gate( 4651)	cx q[10], q[7]
Gate( 4652)	cx q[6], q[10]
Gate( 4653)	 h q[7]
Gate( 4654)	 h q[6]
Gate( 4655)	 t q[11]
Gate( 4656)	 t q[5]
Gate( 4657)	 t q[6]
Gate( 4658)	cx q[5], q[11]
Gate( 4659)	cx q[6], q[5]
Gate( 4660)	cx q[11], q[6]
Gate( 4661)	tdg q[5]
Gate( 4662)	cx q[11], q[5]
Gate( 4663)	tdg q[11]
Gate( 4664)	tdg q[5]
Gate( 4665)	 t q[6]
Gate( 4666)	cx q[6], q[5]
Gate( 4667)	cx q[11], q[6]
Gate( 4668)	cx q[5], q[11]
Gate( 4669)	 h q[6]
Gate( 4670)	 h q[5]
Gate( 4671)	 t q[12]
Gate( 4672)	 t q[4]
Gate( 4673)	 t q[5]
Gate( 4674)	cx q[4], q[12]
Gate( 4675)	cx q[5], q[4]
Gate( 4676)	cx q[12], q[5]
Gate( 4677)	tdg q[4]
Gate( 4678)	cx q[12], q[4]
Gate( 4679)	tdg q[12]
Gate( 4680)	tdg q[4]
Gate( 4681)	 t q[5]
Gate( 4682)	cx q[5], q[4]
Gate( 4683)	cx q[12], q[5]
Gate( 4684)	cx q[4], q[12]
Gate( 4685)	 h q[5]
Gate( 4686)	 h q[4]
Gate( 4687)	 t q[14]
Gate( 4688)	 t q[13]
Gate( 4689)	 t q[4]
Gate( 4690)	cx q[13], q[14]
Gate( 4691)	cx q[4], q[13]
Gate( 4692)	cx q[14], q[4]
Gate( 4693)	tdg q[13]
Gate( 4694)	cx q[14], q[13]
Gate( 4695)	tdg q[14]
Gate( 4696)	tdg q[13]
Gate( 4697)	 t q[4]
Gate( 4698)	cx q[4], q[13]
Gate( 4699)	cx q[14], q[4]
Gate( 4700)	cx q[13], q[14]
Gate( 4701)	 h q[4]
Gate( 4702)	 h q[5]
Gate( 4703)	 t q[12]
Gate( 4704)	 t q[4]
Gate( 4705)	 t q[5]
Gate( 4706)	cx q[4], q[12]
Gate( 4707)	cx q[5], q[4]
Gate( 4708)	cx q[12], q[5]
Gate( 4709)	tdg q[4]
Gate( 4710)	cx q[12], q[4]
Gate( 4711)	tdg q[12]
Gate( 4712)	tdg q[4]
Gate( 4713)	 t q[5]
Gate( 4714)	cx q[5], q[4]
Gate( 4715)	cx q[12], q[5]
Gate( 4716)	cx q[4], q[12]
Gate( 4717)	 h q[5]
Gate( 4718)	 h q[6]
Gate( 4719)	 t q[11]
Gate( 4720)	 t q[5]
Gate( 4721)	 t q[6]
Gate( 4722)	cx q[5], q[11]
Gate( 4723)	cx q[6], q[5]
Gate( 4724)	cx q[11], q[6]
Gate( 4725)	tdg q[5]
Gate( 4726)	cx q[11], q[5]
Gate( 4727)	tdg q[11]
Gate( 4728)	tdg q[5]
Gate( 4729)	 t q[6]
Gate( 4730)	cx q[6], q[5]
Gate( 4731)	cx q[11], q[6]
Gate( 4732)	cx q[5], q[11]
Gate( 4733)	 h q[6]
Gate( 4734)	 h q[7]
Gate( 4735)	 t q[10]
Gate( 4736)	 t q[6]
Gate( 4737)	 t q[7]
Gate( 4738)	cx q[6], q[10]
Gate( 4739)	cx q[7], q[6]
Gate( 4740)	cx q[10], q[7]
Gate( 4741)	tdg q[6]
Gate( 4742)	cx q[10], q[6]
Gate( 4743)	tdg q[10]
Gate( 4744)	tdg q[6]
Gate( 4745)	 t q[7]
Gate( 4746)	cx q[7], q[6]
Gate( 4747)	cx q[10], q[7]
Gate( 4748)	cx q[6], q[10]
Gate( 4749)	 h q[7]
Gate( 4750)	 h q[0]
Gate( 4751)	 t q[9]
Gate( 4752)	 t q[14]
Gate( 4753)	 t q[0]
Gate( 4754)	cx q[14], q[9]
Gate( 4755)	cx q[0], q[14]
Gate( 4756)	cx q[9], q[0]
Gate( 4757)	tdg q[14]
Gate( 4758)	cx q[9], q[14]
Gate( 4759)	tdg q[9]
Gate( 4760)	tdg q[14]
Gate( 4761)	 t q[0]
Gate( 4762)	cx q[0], q[14]
Gate( 4763)	cx q[9], q[0]
Gate( 4764)	cx q[14], q[9]
Gate( 4765)	 h q[0]
Gate( 4766)	 h q[14]
Gate( 4767)	 t q[1]
Gate( 4768)	 t q[13]
Gate( 4769)	 t q[14]
Gate( 4770)	cx q[13], q[1]
Gate( 4771)	cx q[14], q[13]
Gate( 4772)	cx q[1], q[14]
Gate( 4773)	tdg q[13]
Gate( 4774)	cx q[1], q[13]
Gate( 4775)	tdg q[1]
Gate( 4776)	tdg q[13]
Gate( 4777)	 t q[14]
Gate( 4778)	cx q[14], q[13]
Gate( 4779)	cx q[1], q[14]
Gate( 4780)	cx q[13], q[1]
Gate( 4781)	 h q[14]
Gate( 4782)	 h q[13]
Gate( 4783)	 t q[2]
Gate( 4784)	 t q[12]
Gate( 4785)	 t q[13]
Gate( 4786)	cx q[12], q[2]
Gate( 4787)	cx q[13], q[12]
Gate( 4788)	cx q[2], q[13]
Gate( 4789)	tdg q[12]
Gate( 4790)	cx q[2], q[12]
Gate( 4791)	tdg q[2]
Gate( 4792)	tdg q[12]
Gate( 4793)	 t q[13]
Gate( 4794)	cx q[13], q[12]
Gate( 4795)	cx q[2], q[13]
Gate( 4796)	cx q[12], q[2]
Gate( 4797)	 h q[13]
Gate( 4798)	 h q[12]
Gate( 4799)	 t q[3]
Gate( 4800)	 t q[11]
Gate( 4801)	 t q[12]
Gate( 4802)	cx q[11], q[3]
Gate( 4803)	cx q[12], q[11]
Gate( 4804)	cx q[3], q[12]
Gate( 4805)	tdg q[11]
Gate( 4806)	cx q[3], q[11]
Gate( 4807)	tdg q[3]
Gate( 4808)	tdg q[11]
Gate( 4809)	 t q[12]
Gate( 4810)	cx q[12], q[11]
Gate( 4811)	cx q[3], q[12]
Gate( 4812)	cx q[11], q[3]
Gate( 4813)	 h q[12]
Gate( 4814)	 h q[11]
Gate( 4815)	 t q[4]
Gate( 4816)	 t q[10]
Gate( 4817)	 t q[11]
Gate( 4818)	cx q[10], q[4]
Gate( 4819)	cx q[11], q[10]
Gate( 4820)	cx q[4], q[11]
Gate( 4821)	tdg q[10]
Gate( 4822)	cx q[4], q[10]
Gate( 4823)	tdg q[4]
Gate( 4824)	tdg q[10]
Gate( 4825)	 t q[11]
Gate( 4826)	cx q[11], q[10]
Gate( 4827)	cx q[4], q[11]
Gate( 4828)	cx q[10], q[4]
Gate( 4829)	 h q[11]
Gate( 4830)	 h q[10]
Gate( 4831)	 t q[5]
Gate( 4832)	 t q[8]
Gate( 4833)	 t q[10]
Gate( 4834)	cx q[8], q[5]
Gate( 4835)	cx q[10], q[8]
Gate( 4836)	cx q[5], q[10]
Gate( 4837)	tdg q[8]
Gate( 4838)	cx q[5], q[8]
Gate( 4839)	tdg q[5]
Gate( 4840)	tdg q[8]
Gate( 4841)	 t q[10]
Gate( 4842)	cx q[10], q[8]
Gate( 4843)	cx q[5], q[10]
Gate( 4844)	cx q[8], q[5]
Gate( 4845)	 h q[10]
Gate( 4846)	 h q[8]
Gate( 4847)	 t q[7]
Gate( 4848)	 t q[6]
Gate( 4849)	 t q[8]
Gate( 4850)	cx q[6], q[7]
Gate( 4851)	cx q[8], q[6]
Gate( 4852)	cx q[7], q[8]
Gate( 4853)	tdg q[6]
Gate( 4854)	cx q[7], q[6]
Gate( 4855)	tdg q[7]
Gate( 4856)	tdg q[6]
Gate( 4857)	 t q[8]
Gate( 4858)	cx q[8], q[6]
Gate( 4859)	cx q[7], q[8]
Gate( 4860)	cx q[6], q[7]
Gate( 4861)	 h q[8]
Gate( 4862)	 h q[10]
Gate( 4863)	 t q[5]
Gate( 4864)	 t q[8]
Gate( 4865)	 t q[10]
Gate( 4866)	cx q[8], q[5]
Gate( 4867)	cx q[10], q[8]
Gate( 4868)	cx q[5], q[10]
Gate( 4869)	tdg q[8]
Gate( 4870)	cx q[5], q[8]
Gate( 4871)	tdg q[5]
Gate( 4872)	tdg q[8]
Gate( 4873)	 t q[10]
Gate( 4874)	cx q[10], q[8]
Gate( 4875)	cx q[5], q[10]
Gate( 4876)	cx q[8], q[5]
Gate( 4877)	 h q[10]
Gate( 4878)	 h q[11]
Gate( 4879)	 t q[4]
Gate( 4880)	 t q[10]
Gate( 4881)	 t q[11]
Gate( 4882)	cx q[10], q[4]
Gate( 4883)	cx q[11], q[10]
Gate( 4884)	cx q[4], q[11]
Gate( 4885)	tdg q[10]
Gate( 4886)	cx q[4], q[10]
Gate( 4887)	tdg q[4]
Gate( 4888)	tdg q[10]
Gate( 4889)	 t q[11]
Gate( 4890)	cx q[11], q[10]
Gate( 4891)	cx q[4], q[11]
Gate( 4892)	cx q[10], q[4]
Gate( 4893)	 h q[11]
Gate( 4894)	 h q[12]
Gate( 4895)	 t q[3]
Gate( 4896)	 t q[11]
Gate( 4897)	 t q[12]
Gate( 4898)	cx q[11], q[3]
Gate( 4899)	cx q[12], q[11]
Gate( 4900)	cx q[3], q[12]
Gate( 4901)	tdg q[11]
Gate( 4902)	cx q[3], q[11]
Gate( 4903)	tdg q[3]
Gate( 4904)	tdg q[11]
Gate( 4905)	 t q[12]
Gate( 4906)	cx q[12], q[11]
Gate( 4907)	cx q[3], q[12]
Gate( 4908)	cx q[11], q[3]
Gate( 4909)	 h q[12]
Gate( 4910)	 h q[13]
Gate( 4911)	 t q[2]
Gate( 4912)	 t q[12]
Gate( 4913)	 t q[13]
Gate( 4914)	cx q[12], q[2]
Gate( 4915)	cx q[13], q[12]
Gate( 4916)	cx q[2], q[13]
Gate( 4917)	tdg q[12]
Gate( 4918)	cx q[2], q[12]
Gate( 4919)	tdg q[2]
Gate( 4920)	tdg q[12]
Gate( 4921)	 t q[13]
Gate( 4922)	cx q[13], q[12]
Gate( 4923)	cx q[2], q[13]
Gate( 4924)	cx q[12], q[2]
Gate( 4925)	 h q[13]
Gate( 4926)	 h q[14]
Gate( 4927)	 t q[1]
Gate( 4928)	 t q[13]
Gate( 4929)	 t q[14]
Gate( 4930)	cx q[13], q[1]
Gate( 4931)	cx q[14], q[13]
Gate( 4932)	cx q[1], q[14]
Gate( 4933)	tdg q[13]
Gate( 4934)	cx q[1], q[13]
Gate( 4935)	tdg q[1]
Gate( 4936)	tdg q[13]
Gate( 4937)	 t q[14]
Gate( 4938)	cx q[14], q[13]
Gate( 4939)	cx q[1], q[14]
Gate( 4940)	cx q[13], q[1]
Gate( 4941)	 h q[14]
Gate( 4942)	 h q[0]
Gate( 4943)	 t q[9]
Gate( 4944)	 t q[14]
Gate( 4945)	 t q[0]
Gate( 4946)	cx q[14], q[9]
Gate( 4947)	cx q[0], q[14]
Gate( 4948)	cx q[9], q[0]
Gate( 4949)	tdg q[14]
Gate( 4950)	cx q[9], q[14]
Gate( 4951)	tdg q[9]
Gate( 4952)	tdg q[14]
Gate( 4953)	 t q[0]
Gate( 4954)	cx q[0], q[14]
Gate( 4955)	cx q[9], q[0]
Gate( 4956)	cx q[14], q[9]
Gate( 4957)	 h q[0]
Gate( 4958)	 h q[14]
Gate( 4959)	 t q[1]
Gate( 4960)	 t q[13]
Gate( 4961)	 t q[14]
Gate( 4962)	cx q[13], q[1]
Gate( 4963)	cx q[14], q[13]
Gate( 4964)	cx q[1], q[14]
Gate( 4965)	tdg q[13]
Gate( 4966)	cx q[1], q[13]
Gate( 4967)	tdg q[1]
Gate( 4968)	tdg q[13]
Gate( 4969)	 t q[14]
Gate( 4970)	cx q[14], q[13]
Gate( 4971)	cx q[1], q[14]
Gate( 4972)	cx q[13], q[1]
Gate( 4973)	 h q[14]
Gate( 4974)	 h q[13]
Gate( 4975)	 t q[2]
Gate( 4976)	 t q[12]
Gate( 4977)	 t q[13]
Gate( 4978)	cx q[12], q[2]
Gate( 4979)	cx q[13], q[12]
Gate( 4980)	cx q[2], q[13]
Gate( 4981)	tdg q[12]
Gate( 4982)	cx q[2], q[12]
Gate( 4983)	tdg q[2]
Gate( 4984)	tdg q[12]
Gate( 4985)	 t q[13]
Gate( 4986)	cx q[13], q[12]
Gate( 4987)	cx q[2], q[13]
Gate( 4988)	cx q[12], q[2]
Gate( 4989)	 h q[13]
Gate( 4990)	 h q[12]
Gate( 4991)	 t q[3]
Gate( 4992)	 t q[11]
Gate( 4993)	 t q[12]
Gate( 4994)	cx q[11], q[3]
Gate( 4995)	cx q[12], q[11]
Gate( 4996)	cx q[3], q[12]
Gate( 4997)	tdg q[11]
Gate( 4998)	cx q[3], q[11]
Gate( 4999)	tdg q[3]
Gate( 5000)	tdg q[11]
Gate( 5001)	 t q[12]
Gate( 5002)	cx q[12], q[11]
Gate( 5003)	cx q[3], q[12]
Gate( 5004)	cx q[11], q[3]
Gate( 5005)	 h q[12]
Gate( 5006)	 h q[11]
Gate( 5007)	 t q[4]
Gate( 5008)	 t q[10]
Gate( 5009)	 t q[11]
Gate( 5010)	cx q[10], q[4]
Gate( 5011)	cx q[11], q[10]
Gate( 5012)	cx q[4], q[11]
Gate( 5013)	tdg q[10]
Gate( 5014)	cx q[4], q[10]
Gate( 5015)	tdg q[4]
Gate( 5016)	tdg q[10]
Gate( 5017)	 t q[11]
Gate( 5018)	cx q[11], q[10]
Gate( 5019)	cx q[4], q[11]
Gate( 5020)	cx q[10], q[4]
Gate( 5021)	 h q[11]
Gate( 5022)	 h q[10]
Gate( 5023)	 t q[5]
Gate( 5024)	 t q[8]
Gate( 5025)	 t q[10]
Gate( 5026)	cx q[8], q[5]
Gate( 5027)	cx q[10], q[8]
Gate( 5028)	cx q[5], q[10]
Gate( 5029)	tdg q[8]
Gate( 5030)	cx q[5], q[8]
Gate( 5031)	tdg q[5]
Gate( 5032)	tdg q[8]
Gate( 5033)	 t q[10]
Gate( 5034)	cx q[10], q[8]
Gate( 5035)	cx q[5], q[10]
Gate( 5036)	cx q[8], q[5]
Gate( 5037)	 h q[10]
Gate( 5038)	 h q[8]
Gate( 5039)	 t q[7]
Gate( 5040)	 t q[6]
Gate( 5041)	 t q[8]
Gate( 5042)	cx q[6], q[7]
Gate( 5043)	cx q[8], q[6]
Gate( 5044)	cx q[7], q[8]
Gate( 5045)	tdg q[6]
Gate( 5046)	cx q[7], q[6]
Gate( 5047)	tdg q[7]
Gate( 5048)	tdg q[6]
Gate( 5049)	 t q[8]
Gate( 5050)	cx q[8], q[6]
Gate( 5051)	cx q[7], q[8]
Gate( 5052)	cx q[6], q[7]
Gate( 5053)	 h q[8]
Gate( 5054)	 h q[10]
Gate( 5055)	 t q[5]
Gate( 5056)	 t q[8]
Gate( 5057)	 t q[10]
Gate( 5058)	cx q[8], q[5]
Gate( 5059)	cx q[10], q[8]
Gate( 5060)	cx q[5], q[10]
Gate( 5061)	tdg q[8]
Gate( 5062)	cx q[5], q[8]
Gate( 5063)	tdg q[5]
Gate( 5064)	tdg q[8]
Gate( 5065)	 t q[10]
Gate( 5066)	cx q[10], q[8]
Gate( 5067)	cx q[5], q[10]
Gate( 5068)	cx q[8], q[5]
Gate( 5069)	 h q[10]
Gate( 5070)	 h q[11]
Gate( 5071)	 t q[4]
Gate( 5072)	 t q[10]
Gate( 5073)	 t q[11]
Gate( 5074)	cx q[10], q[4]
Gate( 5075)	cx q[11], q[10]
Gate( 5076)	cx q[4], q[11]
Gate( 5077)	tdg q[10]
Gate( 5078)	cx q[4], q[10]
Gate( 5079)	tdg q[4]
Gate( 5080)	tdg q[10]
Gate( 5081)	 t q[11]
Gate( 5082)	cx q[11], q[10]
Gate( 5083)	cx q[4], q[11]
Gate( 5084)	cx q[10], q[4]
Gate( 5085)	 h q[11]
Gate( 5086)	 h q[12]
Gate( 5087)	 t q[3]
Gate( 5088)	 t q[11]
Gate( 5089)	 t q[12]
Gate( 5090)	cx q[11], q[3]
Gate( 5091)	cx q[12], q[11]
Gate( 5092)	cx q[3], q[12]
Gate( 5093)	tdg q[11]
Gate( 5094)	cx q[3], q[11]
Gate( 5095)	tdg q[3]
Gate( 5096)	tdg q[11]
Gate( 5097)	 t q[12]
Gate( 5098)	cx q[12], q[11]
Gate( 5099)	cx q[3], q[12]
Gate( 5100)	cx q[11], q[3]
Gate( 5101)	 h q[12]
Gate( 5102)	 h q[13]
Gate( 5103)	 t q[2]
Gate( 5104)	 t q[12]
Gate( 5105)	 t q[13]
Gate( 5106)	cx q[12], q[2]
Gate( 5107)	cx q[13], q[12]
Gate( 5108)	cx q[2], q[13]
Gate( 5109)	tdg q[12]
Gate( 5110)	cx q[2], q[12]
Gate( 5111)	tdg q[2]
Gate( 5112)	tdg q[12]
Gate( 5113)	 t q[13]
Gate( 5114)	cx q[13], q[12]
Gate( 5115)	cx q[2], q[13]
Gate( 5116)	cx q[12], q[2]
Gate( 5117)	 h q[13]
Gate( 5118)	 h q[14]
Gate( 5119)	 t q[1]
Gate( 5120)	 t q[13]
Gate( 5121)	 t q[14]
Gate( 5122)	cx q[13], q[1]
Gate( 5123)	cx q[14], q[13]
Gate( 5124)	cx q[1], q[14]
Gate( 5125)	tdg q[13]
Gate( 5126)	cx q[1], q[13]
Gate( 5127)	tdg q[1]
Gate( 5128)	tdg q[13]
Gate( 5129)	 t q[14]
Gate( 5130)	cx q[14], q[13]
Gate( 5131)	cx q[1], q[14]
Gate( 5132)	cx q[13], q[1]
Gate( 5133)	 h q[14]
Gate( 5134)	 h q[11]
Gate( 5135)	 t q[8]
Gate( 5136)	 t q[7]
Gate( 5137)	 t q[11]
Gate( 5138)	cx q[7], q[8]
Gate( 5139)	cx q[11], q[7]
Gate( 5140)	cx q[8], q[11]
Gate( 5141)	tdg q[7]
Gate( 5142)	cx q[8], q[7]
Gate( 5143)	tdg q[8]
Gate( 5144)	tdg q[7]
Gate( 5145)	 t q[11]
Gate( 5146)	cx q[11], q[7]
Gate( 5147)	cx q[8], q[11]
Gate( 5148)	cx q[7], q[8]
Gate( 5149)	 h q[11]
Gate( 5150)	 h q[7]
Gate( 5151)	 t q[9]
Gate( 5152)	 t q[6]
Gate( 5153)	 t q[7]
Gate( 5154)	cx q[6], q[9]
Gate( 5155)	cx q[7], q[6]
Gate( 5156)	cx q[9], q[7]
Gate( 5157)	tdg q[6]
Gate( 5158)	cx q[9], q[6]
Gate( 5159)	tdg q[9]
Gate( 5160)	tdg q[6]
Gate( 5161)	 t q[7]
Gate( 5162)	cx q[7], q[6]
Gate( 5163)	cx q[9], q[7]
Gate( 5164)	cx q[6], q[9]
Gate( 5165)	 h q[7]
Gate( 5166)	 h q[6]
Gate( 5167)	 t q[10]
Gate( 5168)	 t q[5]
Gate( 5169)	 t q[6]
Gate( 5170)	cx q[5], q[10]
Gate( 5171)	cx q[6], q[5]
Gate( 5172)	cx q[10], q[6]
Gate( 5173)	tdg q[5]
Gate( 5174)	cx q[10], q[5]
Gate( 5175)	tdg q[10]
Gate( 5176)	tdg q[5]
Gate( 5177)	 t q[6]
Gate( 5178)	cx q[6], q[5]
Gate( 5179)	cx q[10], q[6]
Gate( 5180)	cx q[5], q[10]
Gate( 5181)	 h q[6]
Gate( 5182)	 h q[5]
Gate( 5183)	 t q[12]
Gate( 5184)	 t q[4]
Gate( 5185)	 t q[5]
Gate( 5186)	cx q[4], q[12]
Gate( 5187)	cx q[5], q[4]
Gate( 5188)	cx q[12], q[5]
Gate( 5189)	tdg q[4]
Gate( 5190)	cx q[12], q[4]
Gate( 5191)	tdg q[12]
Gate( 5192)	tdg q[4]
Gate( 5193)	 t q[5]
Gate( 5194)	cx q[5], q[4]
Gate( 5195)	cx q[12], q[5]
Gate( 5196)	cx q[4], q[12]
Gate( 5197)	 h q[5]
Gate( 5198)	 h q[4]
Gate( 5199)	 t q[14]
Gate( 5200)	 t q[13]
Gate( 5201)	 t q[4]
Gate( 5202)	cx q[13], q[14]
Gate( 5203)	cx q[4], q[13]
Gate( 5204)	cx q[14], q[4]
Gate( 5205)	tdg q[13]
Gate( 5206)	cx q[14], q[13]
Gate( 5207)	tdg q[14]
Gate( 5208)	tdg q[13]
Gate( 5209)	 t q[4]
Gate( 5210)	cx q[4], q[13]
Gate( 5211)	cx q[14], q[4]
Gate( 5212)	cx q[13], q[14]
Gate( 5213)	 h q[4]
Gate( 5214)	 h q[5]
Gate( 5215)	 t q[12]
Gate( 5216)	 t q[4]
Gate( 5217)	 t q[5]
Gate( 5218)	cx q[4], q[12]
Gate( 5219)	cx q[5], q[4]
Gate( 5220)	cx q[12], q[5]
Gate( 5221)	tdg q[4]
Gate( 5222)	cx q[12], q[4]
Gate( 5223)	tdg q[12]
Gate( 5224)	tdg q[4]
Gate( 5225)	 t q[5]
Gate( 5226)	cx q[5], q[4]
Gate( 5227)	cx q[12], q[5]
Gate( 5228)	cx q[4], q[12]
Gate( 5229)	 h q[5]
Gate( 5230)	 h q[6]
Gate( 5231)	 t q[10]
Gate( 5232)	 t q[5]
Gate( 5233)	 t q[6]
Gate( 5234)	cx q[5], q[10]
Gate( 5235)	cx q[6], q[5]
Gate( 5236)	cx q[10], q[6]
Gate( 5237)	tdg q[5]
Gate( 5238)	cx q[10], q[5]
Gate( 5239)	tdg q[10]
Gate( 5240)	tdg q[5]
Gate( 5241)	 t q[6]
Gate( 5242)	cx q[6], q[5]
Gate( 5243)	cx q[10], q[6]
Gate( 5244)	cx q[5], q[10]
Gate( 5245)	 h q[6]
Gate( 5246)	 h q[7]
Gate( 5247)	 t q[9]
Gate( 5248)	 t q[6]
Gate( 5249)	 t q[7]
Gate( 5250)	cx q[6], q[9]
Gate( 5251)	cx q[7], q[6]
Gate( 5252)	cx q[9], q[7]
Gate( 5253)	tdg q[6]
Gate( 5254)	cx q[9], q[6]
Gate( 5255)	tdg q[9]
Gate( 5256)	tdg q[6]
Gate( 5257)	 t q[7]
Gate( 5258)	cx q[7], q[6]
Gate( 5259)	cx q[9], q[7]
Gate( 5260)	cx q[6], q[9]
Gate( 5261)	 h q[7]
Gate( 5262)	 h q[11]
Gate( 5263)	 t q[8]
Gate( 5264)	 t q[7]
Gate( 5265)	 t q[11]
Gate( 5266)	cx q[7], q[8]
Gate( 5267)	cx q[11], q[7]
Gate( 5268)	cx q[8], q[11]
Gate( 5269)	tdg q[7]
Gate( 5270)	cx q[8], q[7]
Gate( 5271)	tdg q[8]
Gate( 5272)	tdg q[7]
Gate( 5273)	 t q[11]
Gate( 5274)	cx q[11], q[7]
Gate( 5275)	cx q[8], q[11]
Gate( 5276)	cx q[7], q[8]
Gate( 5277)	 h q[11]
Gate( 5278)	 h q[7]
Gate( 5279)	 t q[9]
Gate( 5280)	 t q[6]
Gate( 5281)	 t q[7]
Gate( 5282)	cx q[6], q[9]
Gate( 5283)	cx q[7], q[6]
Gate( 5284)	cx q[9], q[7]
Gate( 5285)	tdg q[6]
Gate( 5286)	cx q[9], q[6]
Gate( 5287)	tdg q[9]
Gate( 5288)	tdg q[6]
Gate( 5289)	 t q[7]
Gate( 5290)	cx q[7], q[6]
Gate( 5291)	cx q[9], q[7]
Gate( 5292)	cx q[6], q[9]
Gate( 5293)	 h q[7]
Gate( 5294)	 h q[6]
Gate( 5295)	 t q[10]
Gate( 5296)	 t q[5]
Gate( 5297)	 t q[6]
Gate( 5298)	cx q[5], q[10]
Gate( 5299)	cx q[6], q[5]
Gate( 5300)	cx q[10], q[6]
Gate( 5301)	tdg q[5]
Gate( 5302)	cx q[10], q[5]
Gate( 5303)	tdg q[10]
Gate( 5304)	tdg q[5]
Gate( 5305)	 t q[6]
Gate( 5306)	cx q[6], q[5]
Gate( 5307)	cx q[10], q[6]
Gate( 5308)	cx q[5], q[10]
Gate( 5309)	 h q[6]
Gate( 5310)	 h q[5]
Gate( 5311)	 t q[12]
Gate( 5312)	 t q[4]
Gate( 5313)	 t q[5]
Gate( 5314)	cx q[4], q[12]
Gate( 5315)	cx q[5], q[4]
Gate( 5316)	cx q[12], q[5]
Gate( 5317)	tdg q[4]
Gate( 5318)	cx q[12], q[4]
Gate( 5319)	tdg q[12]
Gate( 5320)	tdg q[4]
Gate( 5321)	 t q[5]
Gate( 5322)	cx q[5], q[4]
Gate( 5323)	cx q[12], q[5]
Gate( 5324)	cx q[4], q[12]
Gate( 5325)	 h q[5]
Gate( 5326)	 h q[4]
Gate( 5327)	 t q[14]
Gate( 5328)	 t q[13]
Gate( 5329)	 t q[4]
Gate( 5330)	cx q[13], q[14]
Gate( 5331)	cx q[4], q[13]
Gate( 5332)	cx q[14], q[4]
Gate( 5333)	tdg q[13]
Gate( 5334)	cx q[14], q[13]
Gate( 5335)	tdg q[14]
Gate( 5336)	tdg q[13]
Gate( 5337)	 t q[4]
Gate( 5338)	cx q[4], q[13]
Gate( 5339)	cx q[14], q[4]
Gate( 5340)	cx q[13], q[14]
Gate( 5341)	 h q[4]
Gate( 5342)	 h q[5]
Gate( 5343)	 t q[12]
Gate( 5344)	 t q[4]
Gate( 5345)	 t q[5]
Gate( 5346)	cx q[4], q[12]
Gate( 5347)	cx q[5], q[4]
Gate( 5348)	cx q[12], q[5]
Gate( 5349)	tdg q[4]
Gate( 5350)	cx q[12], q[4]
Gate( 5351)	tdg q[12]
Gate( 5352)	tdg q[4]
Gate( 5353)	 t q[5]
Gate( 5354)	cx q[5], q[4]
Gate( 5355)	cx q[12], q[5]
Gate( 5356)	cx q[4], q[12]
Gate( 5357)	 h q[5]
Gate( 5358)	 h q[6]
Gate( 5359)	 t q[10]
Gate( 5360)	 t q[5]
Gate( 5361)	 t q[6]
Gate( 5362)	cx q[5], q[10]
Gate( 5363)	cx q[6], q[5]
Gate( 5364)	cx q[10], q[6]
Gate( 5365)	tdg q[5]
Gate( 5366)	cx q[10], q[5]
Gate( 5367)	tdg q[10]
Gate( 5368)	tdg q[5]
Gate( 5369)	 t q[6]
Gate( 5370)	cx q[6], q[5]
Gate( 5371)	cx q[10], q[6]
Gate( 5372)	cx q[5], q[10]
Gate( 5373)	 h q[6]
Gate( 5374)	 h q[7]
Gate( 5375)	 t q[9]
Gate( 5376)	 t q[6]
Gate( 5377)	 t q[7]
Gate( 5378)	cx q[6], q[9]
Gate( 5379)	cx q[7], q[6]
Gate( 5380)	cx q[9], q[7]
Gate( 5381)	tdg q[6]
Gate( 5382)	cx q[9], q[6]
Gate( 5383)	tdg q[9]
Gate( 5384)	tdg q[6]
Gate( 5385)	 t q[7]
Gate( 5386)	cx q[7], q[6]
Gate( 5387)	cx q[9], q[7]
Gate( 5388)	cx q[6], q[9]
Gate( 5389)	 h q[7]
Gate( 5390)	 h q[0]
Gate( 5391)	 t q[11]
Gate( 5392)	 t q[14]
Gate( 5393)	 t q[0]
Gate( 5394)	cx q[14], q[11]
Gate( 5395)	cx q[0], q[14]
Gate( 5396)	cx q[11], q[0]
Gate( 5397)	tdg q[14]
Gate( 5398)	cx q[11], q[14]
Gate( 5399)	tdg q[11]
Gate( 5400)	tdg q[14]
Gate( 5401)	 t q[0]
Gate( 5402)	cx q[0], q[14]
Gate( 5403)	cx q[11], q[0]
Gate( 5404)	cx q[14], q[11]
Gate( 5405)	 h q[0]
Gate( 5406)	 h q[14]
Gate( 5407)	 t q[1]
Gate( 5408)	 t q[13]
Gate( 5409)	 t q[14]
Gate( 5410)	cx q[13], q[1]
Gate( 5411)	cx q[14], q[13]
Gate( 5412)	cx q[1], q[14]
Gate( 5413)	tdg q[13]
Gate( 5414)	cx q[1], q[13]
Gate( 5415)	tdg q[1]
Gate( 5416)	tdg q[13]
Gate( 5417)	 t q[14]
Gate( 5418)	cx q[14], q[13]
Gate( 5419)	cx q[1], q[14]
Gate( 5420)	cx q[13], q[1]
Gate( 5421)	 h q[14]
Gate( 5422)	 h q[13]
Gate( 5423)	 t q[2]
Gate( 5424)	 t q[12]
Gate( 5425)	 t q[13]
Gate( 5426)	cx q[12], q[2]
Gate( 5427)	cx q[13], q[12]
Gate( 5428)	cx q[2], q[13]
Gate( 5429)	tdg q[12]
Gate( 5430)	cx q[2], q[12]
Gate( 5431)	tdg q[2]
Gate( 5432)	tdg q[12]
Gate( 5433)	 t q[13]
Gate( 5434)	cx q[13], q[12]
Gate( 5435)	cx q[2], q[13]
Gate( 5436)	cx q[12], q[2]
Gate( 5437)	 h q[13]
Gate( 5438)	 h q[12]
Gate( 5439)	 t q[3]
Gate( 5440)	 t q[10]
Gate( 5441)	 t q[12]
Gate( 5442)	cx q[10], q[3]
Gate( 5443)	cx q[12], q[10]
Gate( 5444)	cx q[3], q[12]
Gate( 5445)	tdg q[10]
Gate( 5446)	cx q[3], q[10]
Gate( 5447)	tdg q[3]
Gate( 5448)	tdg q[10]
Gate( 5449)	 t q[12]
Gate( 5450)	cx q[12], q[10]
Gate( 5451)	cx q[3], q[12]
Gate( 5452)	cx q[10], q[3]
Gate( 5453)	 h q[12]
Gate( 5454)	 h q[10]
Gate( 5455)	 t q[4]
Gate( 5456)	 t q[9]
Gate( 5457)	 t q[10]
Gate( 5458)	cx q[9], q[4]
Gate( 5459)	cx q[10], q[9]
Gate( 5460)	cx q[4], q[10]
Gate( 5461)	tdg q[9]
Gate( 5462)	cx q[4], q[9]
Gate( 5463)	tdg q[4]
Gate( 5464)	tdg q[9]
Gate( 5465)	 t q[10]
Gate( 5466)	cx q[10], q[9]
Gate( 5467)	cx q[4], q[10]
Gate( 5468)	cx q[9], q[4]
Gate( 5469)	 h q[10]
Gate( 5470)	 h q[9]
Gate( 5471)	 t q[5]
Gate( 5472)	 t q[8]
Gate( 5473)	 t q[9]
Gate( 5474)	cx q[8], q[5]
Gate( 5475)	cx q[9], q[8]
Gate( 5476)	cx q[5], q[9]
Gate( 5477)	tdg q[8]
Gate( 5478)	cx q[5], q[8]
Gate( 5479)	tdg q[5]
Gate( 5480)	tdg q[8]
Gate( 5481)	 t q[9]
Gate( 5482)	cx q[9], q[8]
Gate( 5483)	cx q[5], q[9]
Gate( 5484)	cx q[8], q[5]
Gate( 5485)	 h q[9]
Gate( 5486)	 h q[8]
Gate( 5487)	 t q[7]
Gate( 5488)	 t q[6]
Gate( 5489)	 t q[8]
Gate( 5490)	cx q[6], q[7]
Gate( 5491)	cx q[8], q[6]
Gate( 5492)	cx q[7], q[8]
Gate( 5493)	tdg q[6]
Gate( 5494)	cx q[7], q[6]
Gate( 5495)	tdg q[7]
Gate( 5496)	tdg q[6]
Gate( 5497)	 t q[8]
Gate( 5498)	cx q[8], q[6]
Gate( 5499)	cx q[7], q[8]
Gate( 5500)	cx q[6], q[7]
Gate( 5501)	 h q[8]
Gate( 5502)	 h q[9]
Gate( 5503)	 t q[5]
Gate( 5504)	 t q[8]
Gate( 5505)	 t q[9]
Gate( 5506)	cx q[8], q[5]
Gate( 5507)	cx q[9], q[8]
Gate( 5508)	cx q[5], q[9]
Gate( 5509)	tdg q[8]
Gate( 5510)	cx q[5], q[8]
Gate( 5511)	tdg q[5]
Gate( 5512)	tdg q[8]
Gate( 5513)	 t q[9]
Gate( 5514)	cx q[9], q[8]
Gate( 5515)	cx q[5], q[9]
Gate( 5516)	cx q[8], q[5]
Gate( 5517)	 h q[9]
Gate( 5518)	 h q[10]
Gate( 5519)	 t q[4]
Gate( 5520)	 t q[9]
Gate( 5521)	 t q[10]
Gate( 5522)	cx q[9], q[4]
Gate( 5523)	cx q[10], q[9]
Gate( 5524)	cx q[4], q[10]
Gate( 5525)	tdg q[9]
Gate( 5526)	cx q[4], q[9]
Gate( 5527)	tdg q[4]
Gate( 5528)	tdg q[9]
Gate( 5529)	 t q[10]
Gate( 5530)	cx q[10], q[9]
Gate( 5531)	cx q[4], q[10]
Gate( 5532)	cx q[9], q[4]
Gate( 5533)	 h q[10]
Gate( 5534)	 h q[12]
Gate( 5535)	 t q[3]
Gate( 5536)	 t q[10]
Gate( 5537)	 t q[12]
Gate( 5538)	cx q[10], q[3]
Gate( 5539)	cx q[12], q[10]
Gate( 5540)	cx q[3], q[12]
Gate( 5541)	tdg q[10]
Gate( 5542)	cx q[3], q[10]
Gate( 5543)	tdg q[3]
Gate( 5544)	tdg q[10]
Gate( 5545)	 t q[12]
Gate( 5546)	cx q[12], q[10]
Gate( 5547)	cx q[3], q[12]
Gate( 5548)	cx q[10], q[3]
Gate( 5549)	 h q[12]
Gate( 5550)	 h q[13]
Gate( 5551)	 t q[2]
Gate( 5552)	 t q[12]
Gate( 5553)	 t q[13]
Gate( 5554)	cx q[12], q[2]
Gate( 5555)	cx q[13], q[12]
Gate( 5556)	cx q[2], q[13]
Gate( 5557)	tdg q[12]
Gate( 5558)	cx q[2], q[12]
Gate( 5559)	tdg q[2]
Gate( 5560)	tdg q[12]
Gate( 5561)	 t q[13]
Gate( 5562)	cx q[13], q[12]
Gate( 5563)	cx q[2], q[13]
Gate( 5564)	cx q[12], q[2]
Gate( 5565)	 h q[13]
Gate( 5566)	 h q[14]
Gate( 5567)	 t q[1]
Gate( 5568)	 t q[13]
Gate( 5569)	 t q[14]
Gate( 5570)	cx q[13], q[1]
Gate( 5571)	cx q[14], q[13]
Gate( 5572)	cx q[1], q[14]
Gate( 5573)	tdg q[13]
Gate( 5574)	cx q[1], q[13]
Gate( 5575)	tdg q[1]
Gate( 5576)	tdg q[13]
Gate( 5577)	 t q[14]
Gate( 5578)	cx q[14], q[13]
Gate( 5579)	cx q[1], q[14]
Gate( 5580)	cx q[13], q[1]
Gate( 5581)	 h q[14]
Gate( 5582)	 h q[0]
Gate( 5583)	 t q[11]
Gate( 5584)	 t q[14]
Gate( 5585)	 t q[0]
Gate( 5586)	cx q[14], q[11]
Gate( 5587)	cx q[0], q[14]
Gate( 5588)	cx q[11], q[0]
Gate( 5589)	tdg q[14]
Gate( 5590)	cx q[11], q[14]
Gate( 5591)	tdg q[11]
Gate( 5592)	tdg q[14]
Gate( 5593)	 t q[0]
Gate( 5594)	cx q[0], q[14]
Gate( 5595)	cx q[11], q[0]
Gate( 5596)	cx q[14], q[11]
Gate( 5597)	 h q[0]
Gate( 5598)	 h q[14]
Gate( 5599)	 t q[1]
Gate( 5600)	 t q[13]
Gate( 5601)	 t q[14]
Gate( 5602)	cx q[13], q[1]
Gate( 5603)	cx q[14], q[13]
Gate( 5604)	cx q[1], q[14]
Gate( 5605)	tdg q[13]
Gate( 5606)	cx q[1], q[13]
Gate( 5607)	tdg q[1]
Gate( 5608)	tdg q[13]
Gate( 5609)	 t q[14]
Gate( 5610)	cx q[14], q[13]
Gate( 5611)	cx q[1], q[14]
Gate( 5612)	cx q[13], q[1]
Gate( 5613)	 h q[14]
Gate( 5614)	 h q[13]
Gate( 5615)	 t q[2]
Gate( 5616)	 t q[12]
Gate( 5617)	 t q[13]
Gate( 5618)	cx q[12], q[2]
Gate( 5619)	cx q[13], q[12]
Gate( 5620)	cx q[2], q[13]
Gate( 5621)	tdg q[12]
Gate( 5622)	cx q[2], q[12]
Gate( 5623)	tdg q[2]
Gate( 5624)	tdg q[12]
Gate( 5625)	 t q[13]
Gate( 5626)	cx q[13], q[12]
Gate( 5627)	cx q[2], q[13]
Gate( 5628)	cx q[12], q[2]
Gate( 5629)	 h q[13]
Gate( 5630)	 h q[12]
Gate( 5631)	 t q[3]
Gate( 5632)	 t q[10]
Gate( 5633)	 t q[12]
Gate( 5634)	cx q[10], q[3]
Gate( 5635)	cx q[12], q[10]
Gate( 5636)	cx q[3], q[12]
Gate( 5637)	tdg q[10]
Gate( 5638)	cx q[3], q[10]
Gate( 5639)	tdg q[3]
Gate( 5640)	tdg q[10]
Gate( 5641)	 t q[12]
Gate( 5642)	cx q[12], q[10]
Gate( 5643)	cx q[3], q[12]
Gate( 5644)	cx q[10], q[3]
Gate( 5645)	 h q[12]
Gate( 5646)	 h q[10]
Gate( 5647)	 t q[4]
Gate( 5648)	 t q[9]
Gate( 5649)	 t q[10]
Gate( 5650)	cx q[9], q[4]
Gate( 5651)	cx q[10], q[9]
Gate( 5652)	cx q[4], q[10]
Gate( 5653)	tdg q[9]
Gate( 5654)	cx q[4], q[9]
Gate( 5655)	tdg q[4]
Gate( 5656)	tdg q[9]
Gate( 5657)	 t q[10]
Gate( 5658)	cx q[10], q[9]
Gate( 5659)	cx q[4], q[10]
Gate( 5660)	cx q[9], q[4]
Gate( 5661)	 h q[10]
Gate( 5662)	 h q[9]
Gate( 5663)	 t q[5]
Gate( 5664)	 t q[8]
Gate( 5665)	 t q[9]
Gate( 5666)	cx q[8], q[5]
Gate( 5667)	cx q[9], q[8]
Gate( 5668)	cx q[5], q[9]
Gate( 5669)	tdg q[8]
Gate( 5670)	cx q[5], q[8]
Gate( 5671)	tdg q[5]
Gate( 5672)	tdg q[8]
Gate( 5673)	 t q[9]
Gate( 5674)	cx q[9], q[8]
Gate( 5675)	cx q[5], q[9]
Gate( 5676)	cx q[8], q[5]
Gate( 5677)	 h q[9]
Gate( 5678)	 h q[8]
Gate( 5679)	 t q[7]
Gate( 5680)	 t q[6]
Gate( 5681)	 t q[8]
Gate( 5682)	cx q[6], q[7]
Gate( 5683)	cx q[8], q[6]
Gate( 5684)	cx q[7], q[8]
Gate( 5685)	tdg q[6]
Gate( 5686)	cx q[7], q[6]
Gate( 5687)	tdg q[7]
Gate( 5688)	tdg q[6]
Gate( 5689)	 t q[8]
Gate( 5690)	cx q[8], q[6]
Gate( 5691)	cx q[7], q[8]
Gate( 5692)	cx q[6], q[7]
Gate( 5693)	 h q[8]
Gate( 5694)	 h q[9]
Gate( 5695)	 t q[5]
Gate( 5696)	 t q[8]
Gate( 5697)	 t q[9]
Gate( 5698)	cx q[8], q[5]
Gate( 5699)	cx q[9], q[8]
Gate( 5700)	cx q[5], q[9]
Gate( 5701)	tdg q[8]
Gate( 5702)	cx q[5], q[8]
Gate( 5703)	tdg q[5]
Gate( 5704)	tdg q[8]
Gate( 5705)	 t q[9]
Gate( 5706)	cx q[9], q[8]
Gate( 5707)	cx q[5], q[9]
Gate( 5708)	cx q[8], q[5]
Gate( 5709)	 h q[9]
Gate( 5710)	 h q[10]
Gate( 5711)	 t q[4]
Gate( 5712)	 t q[9]
Gate( 5713)	 t q[10]
Gate( 5714)	cx q[9], q[4]
Gate( 5715)	cx q[10], q[9]
Gate( 5716)	cx q[4], q[10]
Gate( 5717)	tdg q[9]
Gate( 5718)	cx q[4], q[9]
Gate( 5719)	tdg q[4]
Gate( 5720)	tdg q[9]
Gate( 5721)	 t q[10]
Gate( 5722)	cx q[10], q[9]
Gate( 5723)	cx q[4], q[10]
Gate( 5724)	cx q[9], q[4]
Gate( 5725)	 h q[10]
Gate( 5726)	 h q[12]
Gate( 5727)	 t q[3]
Gate( 5728)	 t q[10]
Gate( 5729)	 t q[12]
Gate( 5730)	cx q[10], q[3]
Gate( 5731)	cx q[12], q[10]
Gate( 5732)	cx q[3], q[12]
Gate( 5733)	tdg q[10]
Gate( 5734)	cx q[3], q[10]
Gate( 5735)	tdg q[3]
Gate( 5736)	tdg q[10]
Gate( 5737)	 t q[12]
Gate( 5738)	cx q[12], q[10]
Gate( 5739)	cx q[3], q[12]
Gate( 5740)	cx q[10], q[3]
Gate( 5741)	 h q[12]
Gate( 5742)	 h q[13]
Gate( 5743)	 t q[2]
Gate( 5744)	 t q[12]
Gate( 5745)	 t q[13]
Gate( 5746)	cx q[12], q[2]
Gate( 5747)	cx q[13], q[12]
Gate( 5748)	cx q[2], q[13]
Gate( 5749)	tdg q[12]
Gate( 5750)	cx q[2], q[12]
Gate( 5751)	tdg q[2]
Gate( 5752)	tdg q[12]
Gate( 5753)	 t q[13]
Gate( 5754)	cx q[13], q[12]
Gate( 5755)	cx q[2], q[13]
Gate( 5756)	cx q[12], q[2]
Gate( 5757)	 h q[13]
Gate( 5758)	 h q[14]
Gate( 5759)	 t q[1]
Gate( 5760)	 t q[13]
Gate( 5761)	 t q[14]
Gate( 5762)	cx q[13], q[1]
Gate( 5763)	cx q[14], q[13]
Gate( 5764)	cx q[1], q[14]
Gate( 5765)	tdg q[13]
Gate( 5766)	cx q[1], q[13]
Gate( 5767)	tdg q[1]
Gate( 5768)	tdg q[13]
Gate( 5769)	 t q[14]
Gate( 5770)	cx q[14], q[13]
Gate( 5771)	cx q[1], q[14]
Gate( 5772)	cx q[13], q[1]
Gate( 5773)	 h q[14]
Gate( 5774)	 h q[11]
Gate( 5775)	 t q[8]
Gate( 5776)	 t q[7]
Gate( 5777)	 t q[11]
Gate( 5778)	cx q[7], q[8]
Gate( 5779)	cx q[11], q[7]
Gate( 5780)	cx q[8], q[11]
Gate( 5781)	tdg q[7]
Gate( 5782)	cx q[8], q[7]
Gate( 5783)	tdg q[8]
Gate( 5784)	tdg q[7]
Gate( 5785)	 t q[11]
Gate( 5786)	cx q[11], q[7]
Gate( 5787)	cx q[8], q[11]
Gate( 5788)	cx q[7], q[8]
Gate( 5789)	 h q[11]
Gate( 5790)	 h q[7]
Gate( 5791)	 t q[9]
Gate( 5792)	 t q[6]
Gate( 5793)	 t q[7]
Gate( 5794)	cx q[6], q[9]
Gate( 5795)	cx q[7], q[6]
Gate( 5796)	cx q[9], q[7]
Gate( 5797)	tdg q[6]
Gate( 5798)	cx q[9], q[6]
Gate( 5799)	tdg q[9]
Gate( 5800)	tdg q[6]
Gate( 5801)	 t q[7]
Gate( 5802)	cx q[7], q[6]
Gate( 5803)	cx q[9], q[7]
Gate( 5804)	cx q[6], q[9]
Gate( 5805)	 h q[7]
Gate( 5806)	 h q[6]
Gate( 5807)	 t q[10]
Gate( 5808)	 t q[5]
Gate( 5809)	 t q[6]
Gate( 5810)	cx q[5], q[10]
Gate( 5811)	cx q[6], q[5]
Gate( 5812)	cx q[10], q[6]
Gate( 5813)	tdg q[5]
Gate( 5814)	cx q[10], q[5]
Gate( 5815)	tdg q[10]
Gate( 5816)	tdg q[5]
Gate( 5817)	 t q[6]
Gate( 5818)	cx q[6], q[5]
Gate( 5819)	cx q[10], q[6]
Gate( 5820)	cx q[5], q[10]
Gate( 5821)	 h q[6]
Gate( 5822)	 h q[5]
Gate( 5823)	 t q[12]
Gate( 5824)	 t q[4]
Gate( 5825)	 t q[5]
Gate( 5826)	cx q[4], q[12]
Gate( 5827)	cx q[5], q[4]
Gate( 5828)	cx q[12], q[5]
Gate( 5829)	tdg q[4]
Gate( 5830)	cx q[12], q[4]
Gate( 5831)	tdg q[12]
Gate( 5832)	tdg q[4]
Gate( 5833)	 t q[5]
Gate( 5834)	cx q[5], q[4]
Gate( 5835)	cx q[12], q[5]
Gate( 5836)	cx q[4], q[12]
Gate( 5837)	 h q[5]
Gate( 5838)	 h q[4]
Gate( 5839)	 t q[14]
Gate( 5840)	 t q[13]
Gate( 5841)	 t q[4]
Gate( 5842)	cx q[13], q[14]
Gate( 5843)	cx q[4], q[13]
Gate( 5844)	cx q[14], q[4]
Gate( 5845)	tdg q[13]
Gate( 5846)	cx q[14], q[13]
Gate( 5847)	tdg q[14]
Gate( 5848)	tdg q[13]
Gate( 5849)	 t q[4]
Gate( 5850)	cx q[4], q[13]
Gate( 5851)	cx q[14], q[4]
Gate( 5852)	cx q[13], q[14]
Gate( 5853)	 h q[4]
Gate( 5854)	 h q[5]
Gate( 5855)	 t q[12]
Gate( 5856)	 t q[4]
Gate( 5857)	 t q[5]
Gate( 5858)	cx q[4], q[12]
Gate( 5859)	cx q[5], q[4]
Gate( 5860)	cx q[12], q[5]
Gate( 5861)	tdg q[4]
Gate( 5862)	cx q[12], q[4]
Gate( 5863)	tdg q[12]
Gate( 5864)	tdg q[4]
Gate( 5865)	 t q[5]
Gate( 5866)	cx q[5], q[4]
Gate( 5867)	cx q[12], q[5]
Gate( 5868)	cx q[4], q[12]
Gate( 5869)	 h q[5]
Gate( 5870)	 h q[6]
Gate( 5871)	 t q[10]
Gate( 5872)	 t q[5]
Gate( 5873)	 t q[6]
Gate( 5874)	cx q[5], q[10]
Gate( 5875)	cx q[6], q[5]
Gate( 5876)	cx q[10], q[6]
Gate( 5877)	tdg q[5]
Gate( 5878)	cx q[10], q[5]
Gate( 5879)	tdg q[10]
Gate( 5880)	tdg q[5]
Gate( 5881)	 t q[6]
Gate( 5882)	cx q[6], q[5]
Gate( 5883)	cx q[10], q[6]
Gate( 5884)	cx q[5], q[10]
Gate( 5885)	 h q[6]
Gate( 5886)	 h q[7]
Gate( 5887)	 t q[9]
Gate( 5888)	 t q[6]
Gate( 5889)	 t q[7]
Gate( 5890)	cx q[6], q[9]
Gate( 5891)	cx q[7], q[6]
Gate( 5892)	cx q[9], q[7]
Gate( 5893)	tdg q[6]
Gate( 5894)	cx q[9], q[6]
Gate( 5895)	tdg q[9]
Gate( 5896)	tdg q[6]
Gate( 5897)	 t q[7]
Gate( 5898)	cx q[7], q[6]
Gate( 5899)	cx q[9], q[7]
Gate( 5900)	cx q[6], q[9]
Gate( 5901)	 h q[7]
Gate( 5902)	 h q[11]
Gate( 5903)	 t q[8]
Gate( 5904)	 t q[7]
Gate( 5905)	 t q[11]
Gate( 5906)	cx q[7], q[8]
Gate( 5907)	cx q[11], q[7]
Gate( 5908)	cx q[8], q[11]
Gate( 5909)	tdg q[7]
Gate( 5910)	cx q[8], q[7]
Gate( 5911)	tdg q[8]
Gate( 5912)	tdg q[7]
Gate( 5913)	 t q[11]
Gate( 5914)	cx q[11], q[7]
Gate( 5915)	cx q[8], q[11]
Gate( 5916)	cx q[7], q[8]
Gate( 5917)	 h q[11]
Gate( 5918)	 h q[7]
Gate( 5919)	 t q[9]
Gate( 5920)	 t q[6]
Gate( 5921)	 t q[7]
Gate( 5922)	cx q[6], q[9]
Gate( 5923)	cx q[7], q[6]
Gate( 5924)	cx q[9], q[7]
Gate( 5925)	tdg q[6]
Gate( 5926)	cx q[9], q[6]
Gate( 5927)	tdg q[9]
Gate( 5928)	tdg q[6]
Gate( 5929)	 t q[7]
Gate( 5930)	cx q[7], q[6]
Gate( 5931)	cx q[9], q[7]
Gate( 5932)	cx q[6], q[9]
Gate( 5933)	 h q[7]
Gate( 5934)	 h q[6]
Gate( 5935)	 t q[10]
Gate( 5936)	 t q[5]
Gate( 5937)	 t q[6]
Gate( 5938)	cx q[5], q[10]
Gate( 5939)	cx q[6], q[5]
Gate( 5940)	cx q[10], q[6]
Gate( 5941)	tdg q[5]
Gate( 5942)	cx q[10], q[5]
Gate( 5943)	tdg q[10]
Gate( 5944)	tdg q[5]
Gate( 5945)	 t q[6]
Gate( 5946)	cx q[6], q[5]
Gate( 5947)	cx q[10], q[6]
Gate( 5948)	cx q[5], q[10]
Gate( 5949)	 h q[6]
Gate( 5950)	 h q[5]
Gate( 5951)	 t q[12]
Gate( 5952)	 t q[4]
Gate( 5953)	 t q[5]
Gate( 5954)	cx q[4], q[12]
Gate( 5955)	cx q[5], q[4]
Gate( 5956)	cx q[12], q[5]
Gate( 5957)	tdg q[4]
Gate( 5958)	cx q[12], q[4]
Gate( 5959)	tdg q[12]
Gate( 5960)	tdg q[4]
Gate( 5961)	 t q[5]
Gate( 5962)	cx q[5], q[4]
Gate( 5963)	cx q[12], q[5]
Gate( 5964)	cx q[4], q[12]
Gate( 5965)	 h q[5]
Gate( 5966)	 h q[4]
Gate( 5967)	 t q[14]
Gate( 5968)	 t q[13]
Gate( 5969)	 t q[4]
Gate( 5970)	cx q[13], q[14]
Gate( 5971)	cx q[4], q[13]
Gate( 5972)	cx q[14], q[4]
Gate( 5973)	tdg q[13]
Gate( 5974)	cx q[14], q[13]
Gate( 5975)	tdg q[14]
Gate( 5976)	tdg q[13]
Gate( 5977)	 t q[4]
Gate( 5978)	cx q[4], q[13]
Gate( 5979)	cx q[14], q[4]
Gate( 5980)	cx q[13], q[14]
Gate( 5981)	 h q[4]
Gate( 5982)	 h q[5]
Gate( 5983)	 t q[12]
Gate( 5984)	 t q[4]
Gate( 5985)	 t q[5]
Gate( 5986)	cx q[4], q[12]
Gate( 5987)	cx q[5], q[4]
Gate( 5988)	cx q[12], q[5]
Gate( 5989)	tdg q[4]
Gate( 5990)	cx q[12], q[4]
Gate( 5991)	tdg q[12]
Gate( 5992)	tdg q[4]
Gate( 5993)	 t q[5]
Gate( 5994)	cx q[5], q[4]
Gate( 5995)	cx q[12], q[5]
Gate( 5996)	cx q[4], q[12]
Gate( 5997)	 h q[5]
Gate( 5998)	 h q[6]
Gate( 5999)	 t q[10]
Gate( 6000)	 t q[5]
Gate( 6001)	 t q[6]
Gate( 6002)	cx q[5], q[10]
Gate( 6003)	cx q[6], q[5]
Gate( 6004)	cx q[10], q[6]
Gate( 6005)	tdg q[5]
Gate( 6006)	cx q[10], q[5]
Gate( 6007)	tdg q[10]
Gate( 6008)	tdg q[5]
Gate( 6009)	 t q[6]
Gate( 6010)	cx q[6], q[5]
Gate( 6011)	cx q[10], q[6]
Gate( 6012)	cx q[5], q[10]
Gate( 6013)	 h q[6]
Gate( 6014)	 h q[7]
Gate( 6015)	 t q[9]
Gate( 6016)	 t q[6]
Gate( 6017)	 t q[7]
Gate( 6018)	cx q[6], q[9]
Gate( 6019)	cx q[7], q[6]
Gate( 6020)	cx q[9], q[7]
Gate( 6021)	tdg q[6]
Gate( 6022)	cx q[9], q[6]
Gate( 6023)	tdg q[9]
Gate( 6024)	tdg q[6]
Gate( 6025)	 t q[7]
Gate( 6026)	cx q[7], q[6]
Gate( 6027)	cx q[9], q[7]
Gate( 6028)	cx q[6], q[9]
Gate( 6029)	 h q[7]
Gate( 6030)	 h q[0]
Gate( 6031)	 t q[11]
Gate( 6032)	 t q[14]
Gate( 6033)	 t q[0]
Gate( 6034)	cx q[14], q[11]
Gate( 6035)	cx q[0], q[14]
Gate( 6036)	cx q[11], q[0]
Gate( 6037)	tdg q[14]
Gate( 6038)	cx q[11], q[14]
Gate( 6039)	tdg q[11]
Gate( 6040)	tdg q[14]
Gate( 6041)	 t q[0]
Gate( 6042)	cx q[0], q[14]
Gate( 6043)	cx q[11], q[0]
Gate( 6044)	cx q[14], q[11]
Gate( 6045)	 h q[0]
Gate( 6046)	 h q[14]
Gate( 6047)	 t q[1]
Gate( 6048)	 t q[13]
Gate( 6049)	 t q[14]
Gate( 6050)	cx q[13], q[1]
Gate( 6051)	cx q[14], q[13]
Gate( 6052)	cx q[1], q[14]
Gate( 6053)	tdg q[13]
Gate( 6054)	cx q[1], q[13]
Gate( 6055)	tdg q[1]
Gate( 6056)	tdg q[13]
Gate( 6057)	 t q[14]
Gate( 6058)	cx q[14], q[13]
Gate( 6059)	cx q[1], q[14]
Gate( 6060)	cx q[13], q[1]
Gate( 6061)	 h q[14]
Gate( 6062)	 h q[13]
Gate( 6063)	 t q[2]
Gate( 6064)	 t q[12]
Gate( 6065)	 t q[13]
Gate( 6066)	cx q[12], q[2]
Gate( 6067)	cx q[13], q[12]
Gate( 6068)	cx q[2], q[13]
Gate( 6069)	tdg q[12]
Gate( 6070)	cx q[2], q[12]
Gate( 6071)	tdg q[2]
Gate( 6072)	tdg q[12]
Gate( 6073)	 t q[13]
Gate( 6074)	cx q[13], q[12]
Gate( 6075)	cx q[2], q[13]
Gate( 6076)	cx q[12], q[2]
Gate( 6077)	 h q[13]
Gate( 6078)	 h q[12]
Gate( 6079)	 t q[3]
Gate( 6080)	 t q[10]
Gate( 6081)	 t q[12]
Gate( 6082)	cx q[10], q[3]
Gate( 6083)	cx q[12], q[10]
Gate( 6084)	cx q[3], q[12]
Gate( 6085)	tdg q[10]
Gate( 6086)	cx q[3], q[10]
Gate( 6087)	tdg q[3]
Gate( 6088)	tdg q[10]
Gate( 6089)	 t q[12]
Gate( 6090)	cx q[12], q[10]
Gate( 6091)	cx q[3], q[12]
Gate( 6092)	cx q[10], q[3]
Gate( 6093)	 h q[12]
Gate( 6094)	 h q[10]
Gate( 6095)	 t q[4]
Gate( 6096)	 t q[9]
Gate( 6097)	 t q[10]
Gate( 6098)	cx q[9], q[4]
Gate( 6099)	cx q[10], q[9]
Gate( 6100)	cx q[4], q[10]
Gate( 6101)	tdg q[9]
Gate( 6102)	cx q[4], q[9]
Gate( 6103)	tdg q[4]
Gate( 6104)	tdg q[9]
Gate( 6105)	 t q[10]
Gate( 6106)	cx q[10], q[9]
Gate( 6107)	cx q[4], q[10]
Gate( 6108)	cx q[9], q[4]
Gate( 6109)	 h q[10]
Gate( 6110)	 h q[9]
Gate( 6111)	 t q[5]
Gate( 6112)	 t q[8]
Gate( 6113)	 t q[9]
Gate( 6114)	cx q[8], q[5]
Gate( 6115)	cx q[9], q[8]
Gate( 6116)	cx q[5], q[9]
Gate( 6117)	tdg q[8]
Gate( 6118)	cx q[5], q[8]
Gate( 6119)	tdg q[5]
Gate( 6120)	tdg q[8]
Gate( 6121)	 t q[9]
Gate( 6122)	cx q[9], q[8]
Gate( 6123)	cx q[5], q[9]
Gate( 6124)	cx q[8], q[5]
Gate( 6125)	 h q[9]
Gate( 6126)	 h q[8]
Gate( 6127)	 t q[7]
Gate( 6128)	 t q[6]
Gate( 6129)	 t q[8]
Gate( 6130)	cx q[6], q[7]
Gate( 6131)	cx q[8], q[6]
Gate( 6132)	cx q[7], q[8]
Gate( 6133)	tdg q[6]
Gate( 6134)	cx q[7], q[6]
Gate( 6135)	tdg q[7]
Gate( 6136)	tdg q[6]
Gate( 6137)	 t q[8]
Gate( 6138)	cx q[8], q[6]
Gate( 6139)	cx q[7], q[8]
Gate( 6140)	cx q[6], q[7]
Gate( 6141)	 h q[8]
Gate( 6142)	 h q[9]
Gate( 6143)	 t q[5]
Gate( 6144)	 t q[8]
Gate( 6145)	 t q[9]
Gate( 6146)	cx q[8], q[5]
Gate( 6147)	cx q[9], q[8]
Gate( 6148)	cx q[5], q[9]
Gate( 6149)	tdg q[8]
Gate( 6150)	cx q[5], q[8]
Gate( 6151)	tdg q[5]
Gate( 6152)	tdg q[8]
Gate( 6153)	 t q[9]
Gate( 6154)	cx q[9], q[8]
Gate( 6155)	cx q[5], q[9]
Gate( 6156)	cx q[8], q[5]
Gate( 6157)	 h q[9]
Gate( 6158)	 h q[10]
Gate( 6159)	 t q[4]
Gate( 6160)	 t q[9]
Gate( 6161)	 t q[10]
Gate( 6162)	cx q[9], q[4]
Gate( 6163)	cx q[10], q[9]
Gate( 6164)	cx q[4], q[10]
Gate( 6165)	tdg q[9]
Gate( 6166)	cx q[4], q[9]
Gate( 6167)	tdg q[4]
Gate( 6168)	tdg q[9]
Gate( 6169)	 t q[10]
Gate( 6170)	cx q[10], q[9]
Gate( 6171)	cx q[4], q[10]
Gate( 6172)	cx q[9], q[4]
Gate( 6173)	 h q[10]
Gate( 6174)	 h q[12]
Gate( 6175)	 t q[3]
Gate( 6176)	 t q[10]
Gate( 6177)	 t q[12]
Gate( 6178)	cx q[10], q[3]
Gate( 6179)	cx q[12], q[10]
Gate( 6180)	cx q[3], q[12]
Gate( 6181)	tdg q[10]
Gate( 6182)	cx q[3], q[10]
Gate( 6183)	tdg q[3]
Gate( 6184)	tdg q[10]
Gate( 6185)	 t q[12]
Gate( 6186)	cx q[12], q[10]
Gate( 6187)	cx q[3], q[12]
Gate( 6188)	cx q[10], q[3]
Gate( 6189)	 h q[12]
Gate( 6190)	 h q[13]
Gate( 6191)	 t q[2]
Gate( 6192)	 t q[12]
Gate( 6193)	 t q[13]
Gate( 6194)	cx q[12], q[2]
Gate( 6195)	cx q[13], q[12]
Gate( 6196)	cx q[2], q[13]
Gate( 6197)	tdg q[12]
Gate( 6198)	cx q[2], q[12]
Gate( 6199)	tdg q[2]
Gate( 6200)	tdg q[12]
Gate( 6201)	 t q[13]
Gate( 6202)	cx q[13], q[12]
Gate( 6203)	cx q[2], q[13]
Gate( 6204)	cx q[12], q[2]
Gate( 6205)	 h q[13]
Gate( 6206)	 h q[14]
Gate( 6207)	 t q[1]
Gate( 6208)	 t q[13]
Gate( 6209)	 t q[14]
Gate( 6210)	cx q[13], q[1]
Gate( 6211)	cx q[14], q[13]
Gate( 6212)	cx q[1], q[14]
Gate( 6213)	tdg q[13]
Gate( 6214)	cx q[1], q[13]
Gate( 6215)	tdg q[1]
Gate( 6216)	tdg q[13]
Gate( 6217)	 t q[14]
Gate( 6218)	cx q[14], q[13]
Gate( 6219)	cx q[1], q[14]
Gate( 6220)	cx q[13], q[1]
Gate( 6221)	 h q[14]
Gate( 6222)	 h q[0]
Gate( 6223)	 t q[11]
Gate( 6224)	 t q[14]
Gate( 6225)	 t q[0]
Gate( 6226)	cx q[14], q[11]
Gate( 6227)	cx q[0], q[14]
Gate( 6228)	cx q[11], q[0]
Gate( 6229)	tdg q[14]
Gate( 6230)	cx q[11], q[14]
Gate( 6231)	tdg q[11]
Gate( 6232)	tdg q[14]
Gate( 6233)	 t q[0]
Gate( 6234)	cx q[0], q[14]
Gate( 6235)	cx q[11], q[0]
Gate( 6236)	cx q[14], q[11]
Gate( 6237)	 h q[0]
Gate( 6238)	 h q[14]
Gate( 6239)	 t q[1]
Gate( 6240)	 t q[13]
Gate( 6241)	 t q[14]
Gate( 6242)	cx q[13], q[1]
Gate( 6243)	cx q[14], q[13]
Gate( 6244)	cx q[1], q[14]
Gate( 6245)	tdg q[13]
Gate( 6246)	cx q[1], q[13]
Gate( 6247)	tdg q[1]
Gate( 6248)	tdg q[13]
Gate( 6249)	 t q[14]
Gate( 6250)	cx q[14], q[13]
Gate( 6251)	cx q[1], q[14]
Gate( 6252)	cx q[13], q[1]
Gate( 6253)	 h q[14]
Gate( 6254)	 h q[13]
Gate( 6255)	 t q[2]
Gate( 6256)	 t q[12]
Gate( 6257)	 t q[13]
Gate( 6258)	cx q[12], q[2]
Gate( 6259)	cx q[13], q[12]
Gate( 6260)	cx q[2], q[13]
Gate( 6261)	tdg q[12]
Gate( 6262)	cx q[2], q[12]
Gate( 6263)	tdg q[2]
Gate( 6264)	tdg q[12]
Gate( 6265)	 t q[13]
Gate( 6266)	cx q[13], q[12]
Gate( 6267)	cx q[2], q[13]
Gate( 6268)	cx q[12], q[2]
Gate( 6269)	 h q[13]
Gate( 6270)	 h q[12]
Gate( 6271)	 t q[3]
Gate( 6272)	 t q[10]
Gate( 6273)	 t q[12]
Gate( 6274)	cx q[10], q[3]
Gate( 6275)	cx q[12], q[10]
Gate( 6276)	cx q[3], q[12]
Gate( 6277)	tdg q[10]
Gate( 6278)	cx q[3], q[10]
Gate( 6279)	tdg q[3]
Gate( 6280)	tdg q[10]
Gate( 6281)	 t q[12]
Gate( 6282)	cx q[12], q[10]
Gate( 6283)	cx q[3], q[12]
Gate( 6284)	cx q[10], q[3]
Gate( 6285)	 h q[12]
Gate( 6286)	 h q[10]
Gate( 6287)	 t q[4]
Gate( 6288)	 t q[9]
Gate( 6289)	 t q[10]
Gate( 6290)	cx q[9], q[4]
Gate( 6291)	cx q[10], q[9]
Gate( 6292)	cx q[4], q[10]
Gate( 6293)	tdg q[9]
Gate( 6294)	cx q[4], q[9]
Gate( 6295)	tdg q[4]
Gate( 6296)	tdg q[9]
Gate( 6297)	 t q[10]
Gate( 6298)	cx q[10], q[9]
Gate( 6299)	cx q[4], q[10]
Gate( 6300)	cx q[9], q[4]
Gate( 6301)	 h q[10]
Gate( 6302)	 h q[9]
Gate( 6303)	 t q[5]
Gate( 6304)	 t q[8]
Gate( 6305)	 t q[9]
Gate( 6306)	cx q[8], q[5]
Gate( 6307)	cx q[9], q[8]
Gate( 6308)	cx q[5], q[9]
Gate( 6309)	tdg q[8]
Gate( 6310)	cx q[5], q[8]
Gate( 6311)	tdg q[5]
Gate( 6312)	tdg q[8]
Gate( 6313)	 t q[9]
Gate( 6314)	cx q[9], q[8]
Gate( 6315)	cx q[5], q[9]
Gate( 6316)	cx q[8], q[5]
Gate( 6317)	 h q[9]
Gate( 6318)	 h q[8]
Gate( 6319)	 t q[7]
Gate( 6320)	 t q[6]
Gate( 6321)	 t q[8]
Gate( 6322)	cx q[6], q[7]
Gate( 6323)	cx q[8], q[6]
Gate( 6324)	cx q[7], q[8]
Gate( 6325)	tdg q[6]
Gate( 6326)	cx q[7], q[6]
Gate( 6327)	tdg q[7]
Gate( 6328)	tdg q[6]
Gate( 6329)	 t q[8]
Gate( 6330)	cx q[8], q[6]
Gate( 6331)	cx q[7], q[8]
Gate( 6332)	cx q[6], q[7]
Gate( 6333)	 h q[8]
Gate( 6334)	 h q[9]
Gate( 6335)	 t q[5]
Gate( 6336)	 t q[8]
Gate( 6337)	 t q[9]
Gate( 6338)	cx q[8], q[5]
Gate( 6339)	cx q[9], q[8]
Gate( 6340)	cx q[5], q[9]
Gate( 6341)	tdg q[8]
Gate( 6342)	cx q[5], q[8]
Gate( 6343)	tdg q[5]
Gate( 6344)	tdg q[8]
Gate( 6345)	 t q[9]
Gate( 6346)	cx q[9], q[8]
Gate( 6347)	cx q[5], q[9]
Gate( 6348)	cx q[8], q[5]
Gate( 6349)	 h q[9]
Gate( 6350)	 h q[10]
Gate( 6351)	 t q[4]
Gate( 6352)	 t q[9]
Gate( 6353)	 t q[10]
Gate( 6354)	cx q[9], q[4]
Gate( 6355)	cx q[10], q[9]
Gate( 6356)	cx q[4], q[10]
Gate( 6357)	tdg q[9]
Gate( 6358)	cx q[4], q[9]
Gate( 6359)	tdg q[4]
Gate( 6360)	tdg q[9]
Gate( 6361)	 t q[10]
Gate( 6362)	cx q[10], q[9]
Gate( 6363)	cx q[4], q[10]
Gate( 6364)	cx q[9], q[4]
Gate( 6365)	 h q[10]
Gate( 6366)	 h q[12]
Gate( 6367)	 t q[3]
Gate( 6368)	 t q[10]
Gate( 6369)	 t q[12]
Gate( 6370)	cx q[10], q[3]
Gate( 6371)	cx q[12], q[10]
Gate( 6372)	cx q[3], q[12]
Gate( 6373)	tdg q[10]
Gate( 6374)	cx q[3], q[10]
Gate( 6375)	tdg q[3]
Gate( 6376)	tdg q[10]
Gate( 6377)	 t q[12]
Gate( 6378)	cx q[12], q[10]
Gate( 6379)	cx q[3], q[12]
Gate( 6380)	cx q[10], q[3]
Gate( 6381)	 h q[12]
Gate( 6382)	 h q[13]
Gate( 6383)	 t q[2]
Gate( 6384)	 t q[12]
Gate( 6385)	 t q[13]
Gate( 6386)	cx q[12], q[2]
Gate( 6387)	cx q[13], q[12]
Gate( 6388)	cx q[2], q[13]
Gate( 6389)	tdg q[12]
Gate( 6390)	cx q[2], q[12]
Gate( 6391)	tdg q[2]
Gate( 6392)	tdg q[12]
Gate( 6393)	 t q[13]
Gate( 6394)	cx q[13], q[12]
Gate( 6395)	cx q[2], q[13]
Gate( 6396)	cx q[12], q[2]
Gate( 6397)	 h q[13]
Gate( 6398)	 h q[14]
Gate( 6399)	 t q[1]
Gate( 6400)	 t q[13]
Gate( 6401)	 t q[14]
Gate( 6402)	cx q[13], q[1]
Gate( 6403)	cx q[14], q[13]
Gate( 6404)	cx q[1], q[14]
Gate( 6405)	tdg q[13]
Gate( 6406)	cx q[1], q[13]
Gate( 6407)	tdg q[1]
Gate( 6408)	tdg q[13]
Gate( 6409)	 t q[14]
Gate( 6410)	cx q[14], q[13]
Gate( 6411)	cx q[1], q[14]
Gate( 6412)	cx q[13], q[1]
Gate( 6413)	 h q[14]
Gate( 6414)	 h q[10]
Gate( 6415)	 t q[8]
Gate( 6416)	 t q[7]
Gate( 6417)	 t q[10]
Gate( 6418)	cx q[7], q[8]
Gate( 6419)	cx q[10], q[7]
Gate( 6420)	cx q[8], q[10]
Gate( 6421)	tdg q[7]
Gate( 6422)	cx q[8], q[7]
Gate( 6423)	tdg q[8]
Gate( 6424)	tdg q[7]
Gate( 6425)	 t q[10]
Gate( 6426)	cx q[10], q[7]
Gate( 6427)	cx q[8], q[10]
Gate( 6428)	cx q[7], q[8]
Gate( 6429)	 h q[10]
Gate( 6430)	 h q[7]
Gate( 6431)	 t q[9]
Gate( 6432)	 t q[6]
Gate( 6433)	 t q[7]
Gate( 6434)	cx q[6], q[9]
Gate( 6435)	cx q[7], q[6]
Gate( 6436)	cx q[9], q[7]
Gate( 6437)	tdg q[6]
Gate( 6438)	cx q[9], q[6]
Gate( 6439)	tdg q[9]
Gate( 6440)	tdg q[6]
Gate( 6441)	 t q[7]
Gate( 6442)	cx q[7], q[6]
Gate( 6443)	cx q[9], q[7]
Gate( 6444)	cx q[6], q[9]
Gate( 6445)	 h q[7]
Gate( 6446)	 h q[6]
Gate( 6447)	 t q[11]
Gate( 6448)	 t q[5]
Gate( 6449)	 t q[6]
Gate( 6450)	cx q[5], q[11]
Gate( 6451)	cx q[6], q[5]
Gate( 6452)	cx q[11], q[6]
Gate( 6453)	tdg q[5]
Gate( 6454)	cx q[11], q[5]
Gate( 6455)	tdg q[11]
Gate( 6456)	tdg q[5]
Gate( 6457)	 t q[6]
Gate( 6458)	cx q[6], q[5]
Gate( 6459)	cx q[11], q[6]
Gate( 6460)	cx q[5], q[11]
Gate( 6461)	 h q[6]
Gate( 6462)	 h q[5]
Gate( 6463)	 t q[12]
Gate( 6464)	 t q[4]
Gate( 6465)	 t q[5]
Gate( 6466)	cx q[4], q[12]
Gate( 6467)	cx q[5], q[4]
Gate( 6468)	cx q[12], q[5]
Gate( 6469)	tdg q[4]
Gate( 6470)	cx q[12], q[4]
Gate( 6471)	tdg q[12]
Gate( 6472)	tdg q[4]
Gate( 6473)	 t q[5]
Gate( 6474)	cx q[5], q[4]
Gate( 6475)	cx q[12], q[5]
Gate( 6476)	cx q[4], q[12]
Gate( 6477)	 h q[5]
Gate( 6478)	 h q[4]
Gate( 6479)	 t q[14]
Gate( 6480)	 t q[13]
Gate( 6481)	 t q[4]
Gate( 6482)	cx q[13], q[14]
Gate( 6483)	cx q[4], q[13]
Gate( 6484)	cx q[14], q[4]
Gate( 6485)	tdg q[13]
Gate( 6486)	cx q[14], q[13]
Gate( 6487)	tdg q[14]
Gate( 6488)	tdg q[13]
Gate( 6489)	 t q[4]
Gate( 6490)	cx q[4], q[13]
Gate( 6491)	cx q[14], q[4]
Gate( 6492)	cx q[13], q[14]
Gate( 6493)	 h q[4]
Gate( 6494)	 h q[5]
Gate( 6495)	 t q[12]
Gate( 6496)	 t q[4]
Gate( 6497)	 t q[5]
Gate( 6498)	cx q[4], q[12]
Gate( 6499)	cx q[5], q[4]
Gate( 6500)	cx q[12], q[5]
Gate( 6501)	tdg q[4]
Gate( 6502)	cx q[12], q[4]
Gate( 6503)	tdg q[12]
Gate( 6504)	tdg q[4]
Gate( 6505)	 t q[5]
Gate( 6506)	cx q[5], q[4]
Gate( 6507)	cx q[12], q[5]
Gate( 6508)	cx q[4], q[12]
Gate( 6509)	 h q[5]
Gate( 6510)	 h q[6]
Gate( 6511)	 t q[11]
Gate( 6512)	 t q[5]
Gate( 6513)	 t q[6]
Gate( 6514)	cx q[5], q[11]
Gate( 6515)	cx q[6], q[5]
Gate( 6516)	cx q[11], q[6]
Gate( 6517)	tdg q[5]
Gate( 6518)	cx q[11], q[5]
Gate( 6519)	tdg q[11]
Gate( 6520)	tdg q[5]
Gate( 6521)	 t q[6]
Gate( 6522)	cx q[6], q[5]
Gate( 6523)	cx q[11], q[6]
Gate( 6524)	cx q[5], q[11]
Gate( 6525)	 h q[6]
Gate( 6526)	 h q[7]
Gate( 6527)	 t q[9]
Gate( 6528)	 t q[6]
Gate( 6529)	 t q[7]
Gate( 6530)	cx q[6], q[9]
Gate( 6531)	cx q[7], q[6]
Gate( 6532)	cx q[9], q[7]
Gate( 6533)	tdg q[6]
Gate( 6534)	cx q[9], q[6]
Gate( 6535)	tdg q[9]
Gate( 6536)	tdg q[6]
Gate( 6537)	 t q[7]
Gate( 6538)	cx q[7], q[6]
Gate( 6539)	cx q[9], q[7]
Gate( 6540)	cx q[6], q[9]
Gate( 6541)	 h q[7]
Gate( 6542)	 h q[10]
Gate( 6543)	 t q[8]
Gate( 6544)	 t q[7]
Gate( 6545)	 t q[10]
Gate( 6546)	cx q[7], q[8]
Gate( 6547)	cx q[10], q[7]
Gate( 6548)	cx q[8], q[10]
Gate( 6549)	tdg q[7]
Gate( 6550)	cx q[8], q[7]
Gate( 6551)	tdg q[8]
Gate( 6552)	tdg q[7]
Gate( 6553)	 t q[10]
Gate( 6554)	cx q[10], q[7]
Gate( 6555)	cx q[8], q[10]
Gate( 6556)	cx q[7], q[8]
Gate( 6557)	 h q[10]
Gate( 6558)	 h q[7]
Gate( 6559)	 t q[9]
Gate( 6560)	 t q[6]
Gate( 6561)	 t q[7]
Gate( 6562)	cx q[6], q[9]
Gate( 6563)	cx q[7], q[6]
Gate( 6564)	cx q[9], q[7]
Gate( 6565)	tdg q[6]
Gate( 6566)	cx q[9], q[6]
Gate( 6567)	tdg q[9]
Gate( 6568)	tdg q[6]
Gate( 6569)	 t q[7]
Gate( 6570)	cx q[7], q[6]
Gate( 6571)	cx q[9], q[7]
Gate( 6572)	cx q[6], q[9]
Gate( 6573)	 h q[7]
Gate( 6574)	 h q[6]
Gate( 6575)	 t q[11]
Gate( 6576)	 t q[5]
Gate( 6577)	 t q[6]
Gate( 6578)	cx q[5], q[11]
Gate( 6579)	cx q[6], q[5]
Gate( 6580)	cx q[11], q[6]
Gate( 6581)	tdg q[5]
Gate( 6582)	cx q[11], q[5]
Gate( 6583)	tdg q[11]
Gate( 6584)	tdg q[5]
Gate( 6585)	 t q[6]
Gate( 6586)	cx q[6], q[5]
Gate( 6587)	cx q[11], q[6]
Gate( 6588)	cx q[5], q[11]
Gate( 6589)	 h q[6]
Gate( 6590)	 h q[5]
Gate( 6591)	 t q[12]
Gate( 6592)	 t q[4]
Gate( 6593)	 t q[5]
Gate( 6594)	cx q[4], q[12]
Gate( 6595)	cx q[5], q[4]
Gate( 6596)	cx q[12], q[5]
Gate( 6597)	tdg q[4]
Gate( 6598)	cx q[12], q[4]
Gate( 6599)	tdg q[12]
Gate( 6600)	tdg q[4]
Gate( 6601)	 t q[5]
Gate( 6602)	cx q[5], q[4]
Gate( 6603)	cx q[12], q[5]
Gate( 6604)	cx q[4], q[12]
Gate( 6605)	 h q[5]
Gate( 6606)	 h q[4]
Gate( 6607)	 t q[14]
Gate( 6608)	 t q[13]
Gate( 6609)	 t q[4]
Gate( 6610)	cx q[13], q[14]
Gate( 6611)	cx q[4], q[13]
Gate( 6612)	cx q[14], q[4]
Gate( 6613)	tdg q[13]
Gate( 6614)	cx q[14], q[13]
Gate( 6615)	tdg q[14]
Gate( 6616)	tdg q[13]
Gate( 6617)	 t q[4]
Gate( 6618)	cx q[4], q[13]
Gate( 6619)	cx q[14], q[4]
Gate( 6620)	cx q[13], q[14]
Gate( 6621)	 h q[4]
Gate( 6622)	 h q[5]
Gate( 6623)	 t q[12]
Gate( 6624)	 t q[4]
Gate( 6625)	 t q[5]
Gate( 6626)	cx q[4], q[12]
Gate( 6627)	cx q[5], q[4]
Gate( 6628)	cx q[12], q[5]
Gate( 6629)	tdg q[4]
Gate( 6630)	cx q[12], q[4]
Gate( 6631)	tdg q[12]
Gate( 6632)	tdg q[4]
Gate( 6633)	 t q[5]
Gate( 6634)	cx q[5], q[4]
Gate( 6635)	cx q[12], q[5]
Gate( 6636)	cx q[4], q[12]
Gate( 6637)	 h q[5]
Gate( 6638)	 h q[6]
Gate( 6639)	 t q[11]
Gate( 6640)	 t q[5]
Gate( 6641)	 t q[6]
Gate( 6642)	cx q[5], q[11]
Gate( 6643)	cx q[6], q[5]
Gate( 6644)	cx q[11], q[6]
Gate( 6645)	tdg q[5]
Gate( 6646)	cx q[11], q[5]
Gate( 6647)	tdg q[11]
Gate( 6648)	tdg q[5]
Gate( 6649)	 t q[6]
Gate( 6650)	cx q[6], q[5]
Gate( 6651)	cx q[11], q[6]
Gate( 6652)	cx q[5], q[11]
Gate( 6653)	 h q[6]
Gate( 6654)	 h q[7]
Gate( 6655)	 t q[9]
Gate( 6656)	 t q[6]
Gate( 6657)	 t q[7]
Gate( 6658)	cx q[6], q[9]
Gate( 6659)	cx q[7], q[6]
Gate( 6660)	cx q[9], q[7]
Gate( 6661)	tdg q[6]
Gate( 6662)	cx q[9], q[6]
Gate( 6663)	tdg q[9]
Gate( 6664)	tdg q[6]
Gate( 6665)	 t q[7]
Gate( 6666)	cx q[7], q[6]
Gate( 6667)	cx q[9], q[7]
Gate( 6668)	cx q[6], q[9]
Gate( 6669)	 h q[7]
Gate( 6670)	 h q[0]
Gate( 6671)	 t q[10]
Gate( 6672)	 t q[14]
Gate( 6673)	 t q[0]
Gate( 6674)	cx q[14], q[10]
Gate( 6675)	cx q[0], q[14]
Gate( 6676)	cx q[10], q[0]
Gate( 6677)	tdg q[14]
Gate( 6678)	cx q[10], q[14]
Gate( 6679)	tdg q[10]
Gate( 6680)	tdg q[14]
Gate( 6681)	 t q[0]
Gate( 6682)	cx q[0], q[14]
Gate( 6683)	cx q[10], q[0]
Gate( 6684)	cx q[14], q[10]
Gate( 6685)	 h q[0]
Gate( 6686)	 h q[14]
Gate( 6687)	 t q[1]
Gate( 6688)	 t q[13]
Gate( 6689)	 t q[14]
Gate( 6690)	cx q[13], q[1]
Gate( 6691)	cx q[14], q[13]
Gate( 6692)	cx q[1], q[14]
Gate( 6693)	tdg q[13]
Gate( 6694)	cx q[1], q[13]
Gate( 6695)	tdg q[1]
Gate( 6696)	tdg q[13]
Gate( 6697)	 t q[14]
Gate( 6698)	cx q[14], q[13]
Gate( 6699)	cx q[1], q[14]
Gate( 6700)	cx q[13], q[1]
Gate( 6701)	 h q[14]
Gate( 6702)	 h q[13]
Gate( 6703)	 t q[2]
Gate( 6704)	 t q[12]
Gate( 6705)	 t q[13]
Gate( 6706)	cx q[12], q[2]
Gate( 6707)	cx q[13], q[12]
Gate( 6708)	cx q[2], q[13]
Gate( 6709)	tdg q[12]
Gate( 6710)	cx q[2], q[12]
Gate( 6711)	tdg q[2]
Gate( 6712)	tdg q[12]
Gate( 6713)	 t q[13]
Gate( 6714)	cx q[13], q[12]
Gate( 6715)	cx q[2], q[13]
Gate( 6716)	cx q[12], q[2]
Gate( 6717)	 h q[13]
Gate( 6718)	 h q[12]
Gate( 6719)	 t q[3]
Gate( 6720)	 t q[11]
Gate( 6721)	 t q[12]
Gate( 6722)	cx q[11], q[3]
Gate( 6723)	cx q[12], q[11]
Gate( 6724)	cx q[3], q[12]
Gate( 6725)	tdg q[11]
Gate( 6726)	cx q[3], q[11]
Gate( 6727)	tdg q[3]
Gate( 6728)	tdg q[11]
Gate( 6729)	 t q[12]
Gate( 6730)	cx q[12], q[11]
Gate( 6731)	cx q[3], q[12]
Gate( 6732)	cx q[11], q[3]
Gate( 6733)	 h q[12]
Gate( 6734)	 h q[11]
Gate( 6735)	 t q[4]
Gate( 6736)	 t q[9]
Gate( 6737)	 t q[11]
Gate( 6738)	cx q[9], q[4]
Gate( 6739)	cx q[11], q[9]
Gate( 6740)	cx q[4], q[11]
Gate( 6741)	tdg q[9]
Gate( 6742)	cx q[4], q[9]
Gate( 6743)	tdg q[4]
Gate( 6744)	tdg q[9]
Gate( 6745)	 t q[11]
Gate( 6746)	cx q[11], q[9]
Gate( 6747)	cx q[4], q[11]
Gate( 6748)	cx q[9], q[4]
Gate( 6749)	 h q[11]
Gate( 6750)	 h q[9]
Gate( 6751)	 t q[5]
Gate( 6752)	 t q[8]
Gate( 6753)	 t q[9]
Gate( 6754)	cx q[8], q[5]
Gate( 6755)	cx q[9], q[8]
Gate( 6756)	cx q[5], q[9]
Gate( 6757)	tdg q[8]
Gate( 6758)	cx q[5], q[8]
Gate( 6759)	tdg q[5]
Gate( 6760)	tdg q[8]
Gate( 6761)	 t q[9]
Gate( 6762)	cx q[9], q[8]
Gate( 6763)	cx q[5], q[9]
Gate( 6764)	cx q[8], q[5]
Gate( 6765)	 h q[9]
Gate( 6766)	 h q[8]
Gate( 6767)	 t q[7]
Gate( 6768)	 t q[6]
Gate( 6769)	 t q[8]
Gate( 6770)	cx q[6], q[7]
Gate( 6771)	cx q[8], q[6]
Gate( 6772)	cx q[7], q[8]
Gate( 6773)	tdg q[6]
Gate( 6774)	cx q[7], q[6]
Gate( 6775)	tdg q[7]
Gate( 6776)	tdg q[6]
Gate( 6777)	 t q[8]
Gate( 6778)	cx q[8], q[6]
Gate( 6779)	cx q[7], q[8]
Gate( 6780)	cx q[6], q[7]
Gate( 6781)	 h q[8]
Gate( 6782)	 h q[9]
Gate( 6783)	 t q[5]
Gate( 6784)	 t q[8]
Gate( 6785)	 t q[9]
Gate( 6786)	cx q[8], q[5]
Gate( 6787)	cx q[9], q[8]
Gate( 6788)	cx q[5], q[9]
Gate( 6789)	tdg q[8]
Gate( 6790)	cx q[5], q[8]
Gate( 6791)	tdg q[5]
Gate( 6792)	tdg q[8]
Gate( 6793)	 t q[9]
Gate( 6794)	cx q[9], q[8]
Gate( 6795)	cx q[5], q[9]
Gate( 6796)	cx q[8], q[5]
Gate( 6797)	 h q[9]
Gate( 6798)	 h q[11]
Gate( 6799)	 t q[4]
Gate( 6800)	 t q[9]
Gate( 6801)	 t q[11]
Gate( 6802)	cx q[9], q[4]
Gate( 6803)	cx q[11], q[9]
Gate( 6804)	cx q[4], q[11]
Gate( 6805)	tdg q[9]
Gate( 6806)	cx q[4], q[9]
Gate( 6807)	tdg q[4]
Gate( 6808)	tdg q[9]
Gate( 6809)	 t q[11]
Gate( 6810)	cx q[11], q[9]
Gate( 6811)	cx q[4], q[11]
Gate( 6812)	cx q[9], q[4]
Gate( 6813)	 h q[11]
Gate( 6814)	 h q[12]
Gate( 6815)	 t q[3]
Gate( 6816)	 t q[11]
Gate( 6817)	 t q[12]
Gate( 6818)	cx q[11], q[3]
Gate( 6819)	cx q[12], q[11]
Gate( 6820)	cx q[3], q[12]
Gate( 6821)	tdg q[11]
Gate( 6822)	cx q[3], q[11]
Gate( 6823)	tdg q[3]
Gate( 6824)	tdg q[11]
Gate( 6825)	 t q[12]
Gate( 6826)	cx q[12], q[11]
Gate( 6827)	cx q[3], q[12]
Gate( 6828)	cx q[11], q[3]
Gate( 6829)	 h q[12]
Gate( 6830)	 h q[13]
Gate( 6831)	 t q[2]
Gate( 6832)	 t q[12]
Gate( 6833)	 t q[13]
Gate( 6834)	cx q[12], q[2]
Gate( 6835)	cx q[13], q[12]
Gate( 6836)	cx q[2], q[13]
Gate( 6837)	tdg q[12]
Gate( 6838)	cx q[2], q[12]
Gate( 6839)	tdg q[2]
Gate( 6840)	tdg q[12]
Gate( 6841)	 t q[13]
Gate( 6842)	cx q[13], q[12]
Gate( 6843)	cx q[2], q[13]
Gate( 6844)	cx q[12], q[2]
Gate( 6845)	 h q[13]
Gate( 6846)	 h q[14]
Gate( 6847)	 t q[1]
Gate( 6848)	 t q[13]
Gate( 6849)	 t q[14]
Gate( 6850)	cx q[13], q[1]
Gate( 6851)	cx q[14], q[13]
Gate( 6852)	cx q[1], q[14]
Gate( 6853)	tdg q[13]
Gate( 6854)	cx q[1], q[13]
Gate( 6855)	tdg q[1]
Gate( 6856)	tdg q[13]
Gate( 6857)	 t q[14]
Gate( 6858)	cx q[14], q[13]
Gate( 6859)	cx q[1], q[14]
Gate( 6860)	cx q[13], q[1]
Gate( 6861)	 h q[14]
Gate( 6862)	 h q[0]
Gate( 6863)	 t q[10]
Gate( 6864)	 t q[14]
Gate( 6865)	 t q[0]
Gate( 6866)	cx q[14], q[10]
Gate( 6867)	cx q[0], q[14]
Gate( 6868)	cx q[10], q[0]
Gate( 6869)	tdg q[14]
Gate( 6870)	cx q[10], q[14]
Gate( 6871)	tdg q[10]
Gate( 6872)	tdg q[14]
Gate( 6873)	 t q[0]
Gate( 6874)	cx q[0], q[14]
Gate( 6875)	cx q[10], q[0]
Gate( 6876)	cx q[14], q[10]
Gate( 6877)	 h q[0]
Gate( 6878)	 h q[14]
Gate( 6879)	 t q[1]
Gate( 6880)	 t q[13]
Gate( 6881)	 t q[14]
Gate( 6882)	cx q[13], q[1]
Gate( 6883)	cx q[14], q[13]
Gate( 6884)	cx q[1], q[14]
Gate( 6885)	tdg q[13]
Gate( 6886)	cx q[1], q[13]
Gate( 6887)	tdg q[1]
Gate( 6888)	tdg q[13]
Gate( 6889)	 t q[14]
Gate( 6890)	cx q[14], q[13]
Gate( 6891)	cx q[1], q[14]
Gate( 6892)	cx q[13], q[1]
Gate( 6893)	 h q[14]
Gate( 6894)	 h q[13]
Gate( 6895)	 t q[2]
Gate( 6896)	 t q[12]
Gate( 6897)	 t q[13]
Gate( 6898)	cx q[12], q[2]
Gate( 6899)	cx q[13], q[12]
Gate( 6900)	cx q[2], q[13]
Gate( 6901)	tdg q[12]
Gate( 6902)	cx q[2], q[12]
Gate( 6903)	tdg q[2]
Gate( 6904)	tdg q[12]
Gate( 6905)	 t q[13]
Gate( 6906)	cx q[13], q[12]
Gate( 6907)	cx q[2], q[13]
Gate( 6908)	cx q[12], q[2]
Gate( 6909)	 h q[13]
Gate( 6910)	 h q[12]
Gate( 6911)	 t q[3]
Gate( 6912)	 t q[11]
Gate( 6913)	 t q[12]
Gate( 6914)	cx q[11], q[3]
Gate( 6915)	cx q[12], q[11]
Gate( 6916)	cx q[3], q[12]
Gate( 6917)	tdg q[11]
Gate( 6918)	cx q[3], q[11]
Gate( 6919)	tdg q[3]
Gate( 6920)	tdg q[11]
Gate( 6921)	 t q[12]
Gate( 6922)	cx q[12], q[11]
Gate( 6923)	cx q[3], q[12]
Gate( 6924)	cx q[11], q[3]
Gate( 6925)	 h q[12]
Gate( 6926)	 h q[11]
Gate( 6927)	 t q[4]
Gate( 6928)	 t q[9]
Gate( 6929)	 t q[11]
Gate( 6930)	cx q[9], q[4]
Gate( 6931)	cx q[11], q[9]
Gate( 6932)	cx q[4], q[11]
Gate( 6933)	tdg q[9]
Gate( 6934)	cx q[4], q[9]
Gate( 6935)	tdg q[4]
Gate( 6936)	tdg q[9]
Gate( 6937)	 t q[11]
Gate( 6938)	cx q[11], q[9]
Gate( 6939)	cx q[4], q[11]
Gate( 6940)	cx q[9], q[4]
Gate( 6941)	 h q[11]
Gate( 6942)	 h q[9]
Gate( 6943)	 t q[5]
Gate( 6944)	 t q[8]
Gate( 6945)	 t q[9]
Gate( 6946)	cx q[8], q[5]
Gate( 6947)	cx q[9], q[8]
Gate( 6948)	cx q[5], q[9]
Gate( 6949)	tdg q[8]
Gate( 6950)	cx q[5], q[8]
Gate( 6951)	tdg q[5]
Gate( 6952)	tdg q[8]
Gate( 6953)	 t q[9]
Gate( 6954)	cx q[9], q[8]
Gate( 6955)	cx q[5], q[9]
Gate( 6956)	cx q[8], q[5]
Gate( 6957)	 h q[9]
Gate( 6958)	 h q[8]
Gate( 6959)	 t q[7]
Gate( 6960)	 t q[6]
Gate( 6961)	 t q[8]
Gate( 6962)	cx q[6], q[7]
Gate( 6963)	cx q[8], q[6]
Gate( 6964)	cx q[7], q[8]
Gate( 6965)	tdg q[6]
Gate( 6966)	cx q[7], q[6]
Gate( 6967)	tdg q[7]
Gate( 6968)	tdg q[6]
Gate( 6969)	 t q[8]
Gate( 6970)	cx q[8], q[6]
Gate( 6971)	cx q[7], q[8]
Gate( 6972)	cx q[6], q[7]
Gate( 6973)	 h q[8]
Gate( 6974)	 h q[9]
Gate( 6975)	 t q[5]
Gate( 6976)	 t q[8]
Gate( 6977)	 t q[9]
Gate( 6978)	cx q[8], q[5]
Gate( 6979)	cx q[9], q[8]
Gate( 6980)	cx q[5], q[9]
Gate( 6981)	tdg q[8]
Gate( 6982)	cx q[5], q[8]
Gate( 6983)	tdg q[5]
Gate( 6984)	tdg q[8]
Gate( 6985)	 t q[9]
Gate( 6986)	cx q[9], q[8]
Gate( 6987)	cx q[5], q[9]
Gate( 6988)	cx q[8], q[5]
Gate( 6989)	 h q[9]
Gate( 6990)	 h q[11]
Gate( 6991)	 t q[4]
Gate( 6992)	 t q[9]
Gate( 6993)	 t q[11]
Gate( 6994)	cx q[9], q[4]
Gate( 6995)	cx q[11], q[9]
Gate( 6996)	cx q[4], q[11]
Gate( 6997)	tdg q[9]
Gate( 6998)	cx q[4], q[9]
Gate( 6999)	tdg q[4]
Gate( 7000)	tdg q[9]
Gate( 7001)	 t q[11]
Gate( 7002)	cx q[11], q[9]
Gate( 7003)	cx q[4], q[11]
Gate( 7004)	cx q[9], q[4]
Gate( 7005)	 h q[11]
Gate( 7006)	 h q[12]
Gate( 7007)	 t q[3]
Gate( 7008)	 t q[11]
Gate( 7009)	 t q[12]
Gate( 7010)	cx q[11], q[3]
Gate( 7011)	cx q[12], q[11]
Gate( 7012)	cx q[3], q[12]
Gate( 7013)	tdg q[11]
Gate( 7014)	cx q[3], q[11]
Gate( 7015)	tdg q[3]
Gate( 7016)	tdg q[11]
Gate( 7017)	 t q[12]
Gate( 7018)	cx q[12], q[11]
Gate( 7019)	cx q[3], q[12]
Gate( 7020)	cx q[11], q[3]
Gate( 7021)	 h q[12]
Gate( 7022)	 h q[13]
Gate( 7023)	 t q[2]
Gate( 7024)	 t q[12]
Gate( 7025)	 t q[13]
Gate( 7026)	cx q[12], q[2]
Gate( 7027)	cx q[13], q[12]
Gate( 7028)	cx q[2], q[13]
Gate( 7029)	tdg q[12]
Gate( 7030)	cx q[2], q[12]
Gate( 7031)	tdg q[2]
Gate( 7032)	tdg q[12]
Gate( 7033)	 t q[13]
Gate( 7034)	cx q[13], q[12]
Gate( 7035)	cx q[2], q[13]
Gate( 7036)	cx q[12], q[2]
Gate( 7037)	 h q[13]
Gate( 7038)	 h q[14]
Gate( 7039)	 t q[1]
Gate( 7040)	 t q[13]
Gate( 7041)	 t q[14]
Gate( 7042)	cx q[13], q[1]
Gate( 7043)	cx q[14], q[13]
Gate( 7044)	cx q[1], q[14]
Gate( 7045)	tdg q[13]
Gate( 7046)	cx q[1], q[13]
Gate( 7047)	tdg q[1]
Gate( 7048)	tdg q[13]
Gate( 7049)	 t q[14]
Gate( 7050)	cx q[14], q[13]
Gate( 7051)	cx q[1], q[14]
Gate( 7052)	cx q[13], q[1]
Gate( 7053)	 h q[14]
Gate( 7054)	 h q[10]
Gate( 7055)	 t q[8]
Gate( 7056)	 t q[7]
Gate( 7057)	 t q[10]
Gate( 7058)	cx q[7], q[8]
Gate( 7059)	cx q[10], q[7]
Gate( 7060)	cx q[8], q[10]
Gate( 7061)	tdg q[7]
Gate( 7062)	cx q[8], q[7]
Gate( 7063)	tdg q[8]
Gate( 7064)	tdg q[7]
Gate( 7065)	 t q[10]
Gate( 7066)	cx q[10], q[7]
Gate( 7067)	cx q[8], q[10]
Gate( 7068)	cx q[7], q[8]
Gate( 7069)	 h q[10]
Gate( 7070)	 h q[7]
Gate( 7071)	 t q[9]
Gate( 7072)	 t q[6]
Gate( 7073)	 t q[7]
Gate( 7074)	cx q[6], q[9]
Gate( 7075)	cx q[7], q[6]
Gate( 7076)	cx q[9], q[7]
Gate( 7077)	tdg q[6]
Gate( 7078)	cx q[9], q[6]
Gate( 7079)	tdg q[9]
Gate( 7080)	tdg q[6]
Gate( 7081)	 t q[7]
Gate( 7082)	cx q[7], q[6]
Gate( 7083)	cx q[9], q[7]
Gate( 7084)	cx q[6], q[9]
Gate( 7085)	 h q[7]
Gate( 7086)	 h q[6]
Gate( 7087)	 t q[11]
Gate( 7088)	 t q[5]
Gate( 7089)	 t q[6]
Gate( 7090)	cx q[5], q[11]
Gate( 7091)	cx q[6], q[5]
Gate( 7092)	cx q[11], q[6]
Gate( 7093)	tdg q[5]
Gate( 7094)	cx q[11], q[5]
Gate( 7095)	tdg q[11]
Gate( 7096)	tdg q[5]
Gate( 7097)	 t q[6]
Gate( 7098)	cx q[6], q[5]
Gate( 7099)	cx q[11], q[6]
Gate( 7100)	cx q[5], q[11]
Gate( 7101)	 h q[6]
Gate( 7102)	 h q[5]
Gate( 7103)	 t q[12]
Gate( 7104)	 t q[4]
Gate( 7105)	 t q[5]
Gate( 7106)	cx q[4], q[12]
Gate( 7107)	cx q[5], q[4]
Gate( 7108)	cx q[12], q[5]
Gate( 7109)	tdg q[4]
Gate( 7110)	cx q[12], q[4]
Gate( 7111)	tdg q[12]
Gate( 7112)	tdg q[4]
Gate( 7113)	 t q[5]
Gate( 7114)	cx q[5], q[4]
Gate( 7115)	cx q[12], q[5]
Gate( 7116)	cx q[4], q[12]
Gate( 7117)	 h q[5]
Gate( 7118)	 h q[4]
Gate( 7119)	 t q[14]
Gate( 7120)	 t q[13]
Gate( 7121)	 t q[4]
Gate( 7122)	cx q[13], q[14]
Gate( 7123)	cx q[4], q[13]
Gate( 7124)	cx q[14], q[4]
Gate( 7125)	tdg q[13]
Gate( 7126)	cx q[14], q[13]
Gate( 7127)	tdg q[14]
Gate( 7128)	tdg q[13]
Gate( 7129)	 t q[4]
Gate( 7130)	cx q[4], q[13]
Gate( 7131)	cx q[14], q[4]
Gate( 7132)	cx q[13], q[14]
Gate( 7133)	 h q[4]
Gate( 7134)	 h q[5]
Gate( 7135)	 t q[12]
Gate( 7136)	 t q[4]
Gate( 7137)	 t q[5]
Gate( 7138)	cx q[4], q[12]
Gate( 7139)	cx q[5], q[4]
Gate( 7140)	cx q[12], q[5]
Gate( 7141)	tdg q[4]
Gate( 7142)	cx q[12], q[4]
Gate( 7143)	tdg q[12]
Gate( 7144)	tdg q[4]
Gate( 7145)	 t q[5]
Gate( 7146)	cx q[5], q[4]
Gate( 7147)	cx q[12], q[5]
Gate( 7148)	cx q[4], q[12]
Gate( 7149)	 h q[5]
Gate( 7150)	 h q[6]
Gate( 7151)	 t q[11]
Gate( 7152)	 t q[5]
Gate( 7153)	 t q[6]
Gate( 7154)	cx q[5], q[11]
Gate( 7155)	cx q[6], q[5]
Gate( 7156)	cx q[11], q[6]
Gate( 7157)	tdg q[5]
Gate( 7158)	cx q[11], q[5]
Gate( 7159)	tdg q[11]
Gate( 7160)	tdg q[5]
Gate( 7161)	 t q[6]
Gate( 7162)	cx q[6], q[5]
Gate( 7163)	cx q[11], q[6]
Gate( 7164)	cx q[5], q[11]
Gate( 7165)	 h q[6]
Gate( 7166)	 h q[7]
Gate( 7167)	 t q[9]
Gate( 7168)	 t q[6]
Gate( 7169)	 t q[7]
Gate( 7170)	cx q[6], q[9]
Gate( 7171)	cx q[7], q[6]
Gate( 7172)	cx q[9], q[7]
Gate( 7173)	tdg q[6]
Gate( 7174)	cx q[9], q[6]
Gate( 7175)	tdg q[9]
Gate( 7176)	tdg q[6]
Gate( 7177)	 t q[7]
Gate( 7178)	cx q[7], q[6]
Gate( 7179)	cx q[9], q[7]
Gate( 7180)	cx q[6], q[9]
Gate( 7181)	 h q[7]
Gate( 7182)	 h q[10]
Gate( 7183)	 t q[8]
Gate( 7184)	 t q[7]
Gate( 7185)	 t q[10]
Gate( 7186)	cx q[7], q[8]
Gate( 7187)	cx q[10], q[7]
Gate( 7188)	cx q[8], q[10]
Gate( 7189)	tdg q[7]
Gate( 7190)	cx q[8], q[7]
Gate( 7191)	tdg q[8]
Gate( 7192)	tdg q[7]
Gate( 7193)	 t q[10]
Gate( 7194)	cx q[10], q[7]
Gate( 7195)	cx q[8], q[10]
Gate( 7196)	cx q[7], q[8]
Gate( 7197)	 h q[10]
Gate( 7198)	 h q[7]
Gate( 7199)	 t q[9]
Gate( 7200)	 t q[6]
Gate( 7201)	 t q[7]
Gate( 7202)	cx q[6], q[9]
Gate( 7203)	cx q[7], q[6]
Gate( 7204)	cx q[9], q[7]
Gate( 7205)	tdg q[6]
Gate( 7206)	cx q[9], q[6]
Gate( 7207)	tdg q[9]
Gate( 7208)	tdg q[6]
Gate( 7209)	 t q[7]
Gate( 7210)	cx q[7], q[6]
Gate( 7211)	cx q[9], q[7]
Gate( 7212)	cx q[6], q[9]
Gate( 7213)	 h q[7]
Gate( 7214)	 h q[6]
Gate( 7215)	 t q[11]
Gate( 7216)	 t q[5]
Gate( 7217)	 t q[6]
Gate( 7218)	cx q[5], q[11]
Gate( 7219)	cx q[6], q[5]
Gate( 7220)	cx q[11], q[6]
Gate( 7221)	tdg q[5]
Gate( 7222)	cx q[11], q[5]
Gate( 7223)	tdg q[11]
Gate( 7224)	tdg q[5]
Gate( 7225)	 t q[6]
Gate( 7226)	cx q[6], q[5]
Gate( 7227)	cx q[11], q[6]
Gate( 7228)	cx q[5], q[11]
Gate( 7229)	 h q[6]
Gate( 7230)	 h q[5]
Gate( 7231)	 t q[12]
Gate( 7232)	 t q[4]
Gate( 7233)	 t q[5]
Gate( 7234)	cx q[4], q[12]
Gate( 7235)	cx q[5], q[4]
Gate( 7236)	cx q[12], q[5]
Gate( 7237)	tdg q[4]
Gate( 7238)	cx q[12], q[4]
Gate( 7239)	tdg q[12]
Gate( 7240)	tdg q[4]
Gate( 7241)	 t q[5]
Gate( 7242)	cx q[5], q[4]
Gate( 7243)	cx q[12], q[5]
Gate( 7244)	cx q[4], q[12]
Gate( 7245)	 h q[5]
Gate( 7246)	 h q[4]
Gate( 7247)	 t q[14]
Gate( 7248)	 t q[13]
Gate( 7249)	 t q[4]
Gate( 7250)	cx q[13], q[14]
Gate( 7251)	cx q[4], q[13]
Gate( 7252)	cx q[14], q[4]
Gate( 7253)	tdg q[13]
Gate( 7254)	cx q[14], q[13]
Gate( 7255)	tdg q[14]
Gate( 7256)	tdg q[13]
Gate( 7257)	 t q[4]
Gate( 7258)	cx q[4], q[13]
Gate( 7259)	cx q[14], q[4]
Gate( 7260)	cx q[13], q[14]
Gate( 7261)	 h q[4]
Gate( 7262)	 h q[5]
Gate( 7263)	 t q[12]
Gate( 7264)	 t q[4]
Gate( 7265)	 t q[5]
Gate( 7266)	cx q[4], q[12]
Gate( 7267)	cx q[5], q[4]
Gate( 7268)	cx q[12], q[5]
Gate( 7269)	tdg q[4]
Gate( 7270)	cx q[12], q[4]
Gate( 7271)	tdg q[12]
Gate( 7272)	tdg q[4]
Gate( 7273)	 t q[5]
Gate( 7274)	cx q[5], q[4]
Gate( 7275)	cx q[12], q[5]
Gate( 7276)	cx q[4], q[12]
Gate( 7277)	 h q[5]
Gate( 7278)	 h q[6]
Gate( 7279)	 t q[11]
Gate( 7280)	 t q[5]
Gate( 7281)	 t q[6]
Gate( 7282)	cx q[5], q[11]
Gate( 7283)	cx q[6], q[5]
Gate( 7284)	cx q[11], q[6]
Gate( 7285)	tdg q[5]
Gate( 7286)	cx q[11], q[5]
Gate( 7287)	tdg q[11]
Gate( 7288)	tdg q[5]
Gate( 7289)	 t q[6]
Gate( 7290)	cx q[6], q[5]
Gate( 7291)	cx q[11], q[6]
Gate( 7292)	cx q[5], q[11]
Gate( 7293)	 h q[6]
Gate( 7294)	 h q[7]
Gate( 7295)	 t q[9]
Gate( 7296)	 t q[6]
Gate( 7297)	 t q[7]
Gate( 7298)	cx q[6], q[9]
Gate( 7299)	cx q[7], q[6]
Gate( 7300)	cx q[9], q[7]
Gate( 7301)	tdg q[6]
Gate( 7302)	cx q[9], q[6]
Gate( 7303)	tdg q[9]
Gate( 7304)	tdg q[6]
Gate( 7305)	 t q[7]
Gate( 7306)	cx q[7], q[6]
Gate( 7307)	cx q[9], q[7]
Gate( 7308)	cx q[6], q[9]
Gate( 7309)	 h q[7]
Gate( 7310)	 h q[0]
Gate( 7311)	 t q[10]
Gate( 7312)	 t q[14]
Gate( 7313)	 t q[0]
Gate( 7314)	cx q[14], q[10]
Gate( 7315)	cx q[0], q[14]
Gate( 7316)	cx q[10], q[0]
Gate( 7317)	tdg q[14]
Gate( 7318)	cx q[10], q[14]
Gate( 7319)	tdg q[10]
Gate( 7320)	tdg q[14]
Gate( 7321)	 t q[0]
Gate( 7322)	cx q[0], q[14]
Gate( 7323)	cx q[10], q[0]
Gate( 7324)	cx q[14], q[10]
Gate( 7325)	 h q[0]
Gate( 7326)	 h q[14]
Gate( 7327)	 t q[1]
Gate( 7328)	 t q[13]
Gate( 7329)	 t q[14]
Gate( 7330)	cx q[13], q[1]
Gate( 7331)	cx q[14], q[13]
Gate( 7332)	cx q[1], q[14]
Gate( 7333)	tdg q[13]
Gate( 7334)	cx q[1], q[13]
Gate( 7335)	tdg q[1]
Gate( 7336)	tdg q[13]
Gate( 7337)	 t q[14]
Gate( 7338)	cx q[14], q[13]
Gate( 7339)	cx q[1], q[14]
Gate( 7340)	cx q[13], q[1]
Gate( 7341)	 h q[14]
Gate( 7342)	 h q[13]
Gate( 7343)	 t q[2]
Gate( 7344)	 t q[12]
Gate( 7345)	 t q[13]
Gate( 7346)	cx q[12], q[2]
Gate( 7347)	cx q[13], q[12]
Gate( 7348)	cx q[2], q[13]
Gate( 7349)	tdg q[12]
Gate( 7350)	cx q[2], q[12]
Gate( 7351)	tdg q[2]
Gate( 7352)	tdg q[12]
Gate( 7353)	 t q[13]
Gate( 7354)	cx q[13], q[12]
Gate( 7355)	cx q[2], q[13]
Gate( 7356)	cx q[12], q[2]
Gate( 7357)	 h q[13]
Gate( 7358)	 h q[12]
Gate( 7359)	 t q[3]
Gate( 7360)	 t q[11]
Gate( 7361)	 t q[12]
Gate( 7362)	cx q[11], q[3]
Gate( 7363)	cx q[12], q[11]
Gate( 7364)	cx q[3], q[12]
Gate( 7365)	tdg q[11]
Gate( 7366)	cx q[3], q[11]
Gate( 7367)	tdg q[3]
Gate( 7368)	tdg q[11]
Gate( 7369)	 t q[12]
Gate( 7370)	cx q[12], q[11]
Gate( 7371)	cx q[3], q[12]
Gate( 7372)	cx q[11], q[3]
Gate( 7373)	 h q[12]
Gate( 7374)	 h q[11]
Gate( 7375)	 t q[4]
Gate( 7376)	 t q[9]
Gate( 7377)	 t q[11]
Gate( 7378)	cx q[9], q[4]
Gate( 7379)	cx q[11], q[9]
Gate( 7380)	cx q[4], q[11]
Gate( 7381)	tdg q[9]
Gate( 7382)	cx q[4], q[9]
Gate( 7383)	tdg q[4]
Gate( 7384)	tdg q[9]
Gate( 7385)	 t q[11]
Gate( 7386)	cx q[11], q[9]
Gate( 7387)	cx q[4], q[11]
Gate( 7388)	cx q[9], q[4]
Gate( 7389)	 h q[11]
Gate( 7390)	 h q[9]
Gate( 7391)	 t q[5]
Gate( 7392)	 t q[8]
Gate( 7393)	 t q[9]
Gate( 7394)	cx q[8], q[5]
Gate( 7395)	cx q[9], q[8]
Gate( 7396)	cx q[5], q[9]
Gate( 7397)	tdg q[8]
Gate( 7398)	cx q[5], q[8]
Gate( 7399)	tdg q[5]
Gate( 7400)	tdg q[8]
Gate( 7401)	 t q[9]
Gate( 7402)	cx q[9], q[8]
Gate( 7403)	cx q[5], q[9]
Gate( 7404)	cx q[8], q[5]
Gate( 7405)	 h q[9]
Gate( 7406)	 h q[8]
Gate( 7407)	 t q[7]
Gate( 7408)	 t q[6]
Gate( 7409)	 t q[8]
Gate( 7410)	cx q[6], q[7]
Gate( 7411)	cx q[8], q[6]
Gate( 7412)	cx q[7], q[8]
Gate( 7413)	tdg q[6]
Gate( 7414)	cx q[7], q[6]
Gate( 7415)	tdg q[7]
Gate( 7416)	tdg q[6]
Gate( 7417)	 t q[8]
Gate( 7418)	cx q[8], q[6]
Gate( 7419)	cx q[7], q[8]
Gate( 7420)	cx q[6], q[7]
Gate( 7421)	 h q[8]
Gate( 7422)	 h q[9]
Gate( 7423)	 t q[5]
Gate( 7424)	 t q[8]
Gate( 7425)	 t q[9]
Gate( 7426)	cx q[8], q[5]
Gate( 7427)	cx q[9], q[8]
Gate( 7428)	cx q[5], q[9]
Gate( 7429)	tdg q[8]
Gate( 7430)	cx q[5], q[8]
Gate( 7431)	tdg q[5]
Gate( 7432)	tdg q[8]
Gate( 7433)	 t q[9]
Gate( 7434)	cx q[9], q[8]
Gate( 7435)	cx q[5], q[9]
Gate( 7436)	cx q[8], q[5]
Gate( 7437)	 h q[9]
Gate( 7438)	 h q[11]
Gate( 7439)	 t q[4]
Gate( 7440)	 t q[9]
Gate( 7441)	 t q[11]
Gate( 7442)	cx q[9], q[4]
Gate( 7443)	cx q[11], q[9]
Gate( 7444)	cx q[4], q[11]
Gate( 7445)	tdg q[9]
Gate( 7446)	cx q[4], q[9]
Gate( 7447)	tdg q[4]
Gate( 7448)	tdg q[9]
Gate( 7449)	 t q[11]
Gate( 7450)	cx q[11], q[9]
Gate( 7451)	cx q[4], q[11]
Gate( 7452)	cx q[9], q[4]
Gate( 7453)	 h q[11]
Gate( 7454)	 h q[12]
Gate( 7455)	 t q[3]
Gate( 7456)	 t q[11]
Gate( 7457)	 t q[12]
Gate( 7458)	cx q[11], q[3]
Gate( 7459)	cx q[12], q[11]
Gate( 7460)	cx q[3], q[12]
Gate( 7461)	tdg q[11]
Gate( 7462)	cx q[3], q[11]
Gate( 7463)	tdg q[3]
Gate( 7464)	tdg q[11]
Gate( 7465)	 t q[12]
Gate( 7466)	cx q[12], q[11]
Gate( 7467)	cx q[3], q[12]
Gate( 7468)	cx q[11], q[3]
Gate( 7469)	 h q[12]
Gate( 7470)	 h q[13]
Gate( 7471)	 t q[2]
Gate( 7472)	 t q[12]
Gate( 7473)	 t q[13]
Gate( 7474)	cx q[12], q[2]
Gate( 7475)	cx q[13], q[12]
Gate( 7476)	cx q[2], q[13]
Gate( 7477)	tdg q[12]
Gate( 7478)	cx q[2], q[12]
Gate( 7479)	tdg q[2]
Gate( 7480)	tdg q[12]
Gate( 7481)	 t q[13]
Gate( 7482)	cx q[13], q[12]
Gate( 7483)	cx q[2], q[13]
Gate( 7484)	cx q[12], q[2]
Gate( 7485)	 h q[13]
Gate( 7486)	 h q[14]
Gate( 7487)	 t q[1]
Gate( 7488)	 t q[13]
Gate( 7489)	 t q[14]
Gate( 7490)	cx q[13], q[1]
Gate( 7491)	cx q[14], q[13]
Gate( 7492)	cx q[1], q[14]
Gate( 7493)	tdg q[13]
Gate( 7494)	cx q[1], q[13]
Gate( 7495)	tdg q[1]
Gate( 7496)	tdg q[13]
Gate( 7497)	 t q[14]
Gate( 7498)	cx q[14], q[13]
Gate( 7499)	cx q[1], q[14]
Gate( 7500)	cx q[13], q[1]
Gate( 7501)	 h q[14]
Gate( 7502)	 h q[0]
Gate( 7503)	 t q[10]
Gate( 7504)	 t q[14]
Gate( 7505)	 t q[0]
Gate( 7506)	cx q[14], q[10]
Gate( 7507)	cx q[0], q[14]
Gate( 7508)	cx q[10], q[0]
Gate( 7509)	tdg q[14]
Gate( 7510)	cx q[10], q[14]
Gate( 7511)	tdg q[10]
Gate( 7512)	tdg q[14]
Gate( 7513)	 t q[0]
Gate( 7514)	cx q[0], q[14]
Gate( 7515)	cx q[10], q[0]
Gate( 7516)	cx q[14], q[10]
Gate( 7517)	 h q[0]
Gate( 7518)	 h q[14]
Gate( 7519)	 t q[1]
Gate( 7520)	 t q[13]
Gate( 7521)	 t q[14]
Gate( 7522)	cx q[13], q[1]
Gate( 7523)	cx q[14], q[13]
Gate( 7524)	cx q[1], q[14]
Gate( 7525)	tdg q[13]
Gate( 7526)	cx q[1], q[13]
Gate( 7527)	tdg q[1]
Gate( 7528)	tdg q[13]
Gate( 7529)	 t q[14]
Gate( 7530)	cx q[14], q[13]
Gate( 7531)	cx q[1], q[14]
Gate( 7532)	cx q[13], q[1]
Gate( 7533)	 h q[14]
Gate( 7534)	 h q[13]
Gate( 7535)	 t q[2]
Gate( 7536)	 t q[12]
Gate( 7537)	 t q[13]
Gate( 7538)	cx q[12], q[2]
Gate( 7539)	cx q[13], q[12]
Gate( 7540)	cx q[2], q[13]
Gate( 7541)	tdg q[12]
Gate( 7542)	cx q[2], q[12]
Gate( 7543)	tdg q[2]
Gate( 7544)	tdg q[12]
Gate( 7545)	 t q[13]
Gate( 7546)	cx q[13], q[12]
Gate( 7547)	cx q[2], q[13]
Gate( 7548)	cx q[12], q[2]
Gate( 7549)	 h q[13]
Gate( 7550)	 h q[12]
Gate( 7551)	 t q[3]
Gate( 7552)	 t q[11]
Gate( 7553)	 t q[12]
Gate( 7554)	cx q[11], q[3]
Gate( 7555)	cx q[12], q[11]
Gate( 7556)	cx q[3], q[12]
Gate( 7557)	tdg q[11]
Gate( 7558)	cx q[3], q[11]
Gate( 7559)	tdg q[3]
Gate( 7560)	tdg q[11]
Gate( 7561)	 t q[12]
Gate( 7562)	cx q[12], q[11]
Gate( 7563)	cx q[3], q[12]
Gate( 7564)	cx q[11], q[3]
Gate( 7565)	 h q[12]
Gate( 7566)	 h q[11]
Gate( 7567)	 t q[4]
Gate( 7568)	 t q[9]
Gate( 7569)	 t q[11]
Gate( 7570)	cx q[9], q[4]
Gate( 7571)	cx q[11], q[9]
Gate( 7572)	cx q[4], q[11]
Gate( 7573)	tdg q[9]
Gate( 7574)	cx q[4], q[9]
Gate( 7575)	tdg q[4]
Gate( 7576)	tdg q[9]
Gate( 7577)	 t q[11]
Gate( 7578)	cx q[11], q[9]
Gate( 7579)	cx q[4], q[11]
Gate( 7580)	cx q[9], q[4]
Gate( 7581)	 h q[11]
Gate( 7582)	 h q[9]
Gate( 7583)	 t q[5]
Gate( 7584)	 t q[8]
Gate( 7585)	 t q[9]
Gate( 7586)	cx q[8], q[5]
Gate( 7587)	cx q[9], q[8]
Gate( 7588)	cx q[5], q[9]
Gate( 7589)	tdg q[8]
Gate( 7590)	cx q[5], q[8]
Gate( 7591)	tdg q[5]
Gate( 7592)	tdg q[8]
Gate( 7593)	 t q[9]
Gate( 7594)	cx q[9], q[8]
Gate( 7595)	cx q[5], q[9]
Gate( 7596)	cx q[8], q[5]
Gate( 7597)	 h q[9]
Gate( 7598)	 h q[8]
Gate( 7599)	 t q[7]
Gate( 7600)	 t q[6]
Gate( 7601)	 t q[8]
Gate( 7602)	cx q[6], q[7]
Gate( 7603)	cx q[8], q[6]
Gate( 7604)	cx q[7], q[8]
Gate( 7605)	tdg q[6]
Gate( 7606)	cx q[7], q[6]
Gate( 7607)	tdg q[7]
Gate( 7608)	tdg q[6]
Gate( 7609)	 t q[8]
Gate( 7610)	cx q[8], q[6]
Gate( 7611)	cx q[7], q[8]
Gate( 7612)	cx q[6], q[7]
Gate( 7613)	 h q[8]
Gate( 7614)	 h q[9]
Gate( 7615)	 t q[5]
Gate( 7616)	 t q[8]
Gate( 7617)	 t q[9]
Gate( 7618)	cx q[8], q[5]
Gate( 7619)	cx q[9], q[8]
Gate( 7620)	cx q[5], q[9]
Gate( 7621)	tdg q[8]
Gate( 7622)	cx q[5], q[8]
Gate( 7623)	tdg q[5]
Gate( 7624)	tdg q[8]
Gate( 7625)	 t q[9]
Gate( 7626)	cx q[9], q[8]
Gate( 7627)	cx q[5], q[9]
Gate( 7628)	cx q[8], q[5]
Gate( 7629)	 h q[9]
Gate( 7630)	 h q[11]
Gate( 7631)	 t q[4]
Gate( 7632)	 t q[9]
Gate( 7633)	 t q[11]
Gate( 7634)	cx q[9], q[4]
Gate( 7635)	cx q[11], q[9]
Gate( 7636)	cx q[4], q[11]
Gate( 7637)	tdg q[9]
Gate( 7638)	cx q[4], q[9]
Gate( 7639)	tdg q[4]
Gate( 7640)	tdg q[9]
Gate( 7641)	 t q[11]
Gate( 7642)	cx q[11], q[9]
Gate( 7643)	cx q[4], q[11]
Gate( 7644)	cx q[9], q[4]
Gate( 7645)	 h q[11]
Gate( 7646)	 h q[12]
Gate( 7647)	 t q[3]
Gate( 7648)	 t q[11]
Gate( 7649)	 t q[12]
Gate( 7650)	cx q[11], q[3]
Gate( 7651)	cx q[12], q[11]
Gate( 7652)	cx q[3], q[12]
Gate( 7653)	tdg q[11]
Gate( 7654)	cx q[3], q[11]
Gate( 7655)	tdg q[3]
Gate( 7656)	tdg q[11]
Gate( 7657)	 t q[12]
Gate( 7658)	cx q[12], q[11]
Gate( 7659)	cx q[3], q[12]
Gate( 7660)	cx q[11], q[3]
Gate( 7661)	 h q[12]
Gate( 7662)	 h q[13]
Gate( 7663)	 t q[2]
Gate( 7664)	 t q[12]
Gate( 7665)	 t q[13]
Gate( 7666)	cx q[12], q[2]
Gate( 7667)	cx q[13], q[12]
Gate( 7668)	cx q[2], q[13]
Gate( 7669)	tdg q[12]
Gate( 7670)	cx q[2], q[12]
Gate( 7671)	tdg q[2]
Gate( 7672)	tdg q[12]
Gate( 7673)	 t q[13]
Gate( 7674)	cx q[13], q[12]
Gate( 7675)	cx q[2], q[13]
Gate( 7676)	cx q[12], q[2]
Gate( 7677)	 h q[13]
Gate( 7678)	 h q[14]
Gate( 7679)	 t q[1]
Gate( 7680)	 t q[13]
Gate( 7681)	 t q[14]
Gate( 7682)	cx q[13], q[1]
Gate( 7683)	cx q[14], q[13]
Gate( 7684)	cx q[1], q[14]
Gate( 7685)	tdg q[13]
Gate( 7686)	cx q[1], q[13]
Gate( 7687)	tdg q[1]
Gate( 7688)	tdg q[13]
Gate( 7689)	 t q[14]
Gate( 7690)	cx q[14], q[13]
Gate( 7691)	cx q[1], q[14]
Gate( 7692)	cx q[13], q[1]
Gate( 7693)	 h q[14]
Gate( 7694)	 h q[8]
Gate( 7695)	 t q[9]
Gate( 7696)	 t q[7]
Gate( 7697)	 t q[8]
Gate( 7698)	cx q[7], q[9]
Gate( 7699)	cx q[8], q[7]
Gate( 7700)	cx q[9], q[8]
Gate( 7701)	tdg q[7]
Gate( 7702)	cx q[9], q[7]
Gate( 7703)	tdg q[9]
Gate( 7704)	tdg q[7]
Gate( 7705)	 t q[8]
Gate( 7706)	cx q[8], q[7]
Gate( 7707)	cx q[9], q[8]
Gate( 7708)	cx q[7], q[9]
Gate( 7709)	 h q[8]
Gate( 7710)	 h q[7]
Gate( 7711)	 t q[10]
Gate( 7712)	 t q[6]
Gate( 7713)	 t q[7]
Gate( 7714)	cx q[6], q[10]
Gate( 7715)	cx q[7], q[6]
Gate( 7716)	cx q[10], q[7]
Gate( 7717)	tdg q[6]
Gate( 7718)	cx q[10], q[6]
Gate( 7719)	tdg q[10]
Gate( 7720)	tdg q[6]
Gate( 7721)	 t q[7]
Gate( 7722)	cx q[7], q[6]
Gate( 7723)	cx q[10], q[7]
Gate( 7724)	cx q[6], q[10]
Gate( 7725)	 h q[7]
Gate( 7726)	 h q[6]
Gate( 7727)	 t q[11]
Gate( 7728)	 t q[5]
Gate( 7729)	 t q[6]
Gate( 7730)	cx q[5], q[11]
Gate( 7731)	cx q[6], q[5]
Gate( 7732)	cx q[11], q[6]
Gate( 7733)	tdg q[5]
Gate( 7734)	cx q[11], q[5]
Gate( 7735)	tdg q[11]
Gate( 7736)	tdg q[5]
Gate( 7737)	 t q[6]
Gate( 7738)	cx q[6], q[5]
Gate( 7739)	cx q[11], q[6]
Gate( 7740)	cx q[5], q[11]
Gate( 7741)	 h q[6]
Gate( 7742)	 h q[5]
Gate( 7743)	 t q[12]
Gate( 7744)	 t q[4]
Gate( 7745)	 t q[5]
Gate( 7746)	cx q[4], q[12]
Gate( 7747)	cx q[5], q[4]
Gate( 7748)	cx q[12], q[5]
Gate( 7749)	tdg q[4]
Gate( 7750)	cx q[12], q[4]
Gate( 7751)	tdg q[12]
Gate( 7752)	tdg q[4]
Gate( 7753)	 t q[5]
Gate( 7754)	cx q[5], q[4]
Gate( 7755)	cx q[12], q[5]
Gate( 7756)	cx q[4], q[12]
Gate( 7757)	 h q[5]
Gate( 7758)	 h q[4]
Gate( 7759)	 t q[14]
Gate( 7760)	 t q[13]
Gate( 7761)	 t q[4]
Gate( 7762)	cx q[13], q[14]
Gate( 7763)	cx q[4], q[13]
Gate( 7764)	cx q[14], q[4]
Gate( 7765)	tdg q[13]
Gate( 7766)	cx q[14], q[13]
Gate( 7767)	tdg q[14]
Gate( 7768)	tdg q[13]
Gate( 7769)	 t q[4]
Gate( 7770)	cx q[4], q[13]
Gate( 7771)	cx q[14], q[4]
Gate( 7772)	cx q[13], q[14]
Gate( 7773)	 h q[4]
Gate( 7774)	 h q[5]
Gate( 7775)	 t q[12]
Gate( 7776)	 t q[4]
Gate( 7777)	 t q[5]
Gate( 7778)	cx q[4], q[12]
Gate( 7779)	cx q[5], q[4]
Gate( 7780)	cx q[12], q[5]
Gate( 7781)	tdg q[4]
Gate( 7782)	cx q[12], q[4]
Gate( 7783)	tdg q[12]
Gate( 7784)	tdg q[4]
Gate( 7785)	 t q[5]
Gate( 7786)	cx q[5], q[4]
Gate( 7787)	cx q[12], q[5]
Gate( 7788)	cx q[4], q[12]
Gate( 7789)	 h q[5]
Gate( 7790)	 h q[6]
Gate( 7791)	 t q[11]
Gate( 7792)	 t q[5]
Gate( 7793)	 t q[6]
Gate( 7794)	cx q[5], q[11]
Gate( 7795)	cx q[6], q[5]
Gate( 7796)	cx q[11], q[6]
Gate( 7797)	tdg q[5]
Gate( 7798)	cx q[11], q[5]
Gate( 7799)	tdg q[11]
Gate( 7800)	tdg q[5]
Gate( 7801)	 t q[6]
Gate( 7802)	cx q[6], q[5]
Gate( 7803)	cx q[11], q[6]
Gate( 7804)	cx q[5], q[11]
Gate( 7805)	 h q[6]
Gate( 7806)	 h q[7]
Gate( 7807)	 t q[10]
Gate( 7808)	 t q[6]
Gate( 7809)	 t q[7]
Gate( 7810)	cx q[6], q[10]
Gate( 7811)	cx q[7], q[6]
Gate( 7812)	cx q[10], q[7]
Gate( 7813)	tdg q[6]
Gate( 7814)	cx q[10], q[6]
Gate( 7815)	tdg q[10]
Gate( 7816)	tdg q[6]
Gate( 7817)	 t q[7]
Gate( 7818)	cx q[7], q[6]
Gate( 7819)	cx q[10], q[7]
Gate( 7820)	cx q[6], q[10]
Gate( 7821)	 h q[7]
Gate( 7822)	 h q[8]
Gate( 7823)	 t q[9]
Gate( 7824)	 t q[7]
Gate( 7825)	 t q[8]
Gate( 7826)	cx q[7], q[9]
Gate( 7827)	cx q[8], q[7]
Gate( 7828)	cx q[9], q[8]
Gate( 7829)	tdg q[7]
Gate( 7830)	cx q[9], q[7]
Gate( 7831)	tdg q[9]
Gate( 7832)	tdg q[7]
Gate( 7833)	 t q[8]
Gate( 7834)	cx q[8], q[7]
Gate( 7835)	cx q[9], q[8]
Gate( 7836)	cx q[7], q[9]
Gate( 7837)	 h q[8]
Gate( 7838)	 h q[7]
Gate( 7839)	 t q[10]
Gate( 7840)	 t q[6]
Gate( 7841)	 t q[7]
Gate( 7842)	cx q[6], q[10]
Gate( 7843)	cx q[7], q[6]
Gate( 7844)	cx q[10], q[7]
Gate( 7845)	tdg q[6]
Gate( 7846)	cx q[10], q[6]
Gate( 7847)	tdg q[10]
Gate( 7848)	tdg q[6]
Gate( 7849)	 t q[7]
Gate( 7850)	cx q[7], q[6]
Gate( 7851)	cx q[10], q[7]
Gate( 7852)	cx q[6], q[10]
Gate( 7853)	 h q[7]
Gate( 7854)	 h q[6]
Gate( 7855)	 t q[11]
Gate( 7856)	 t q[5]
Gate( 7857)	 t q[6]
Gate( 7858)	cx q[5], q[11]
Gate( 7859)	cx q[6], q[5]
Gate( 7860)	cx q[11], q[6]
Gate( 7861)	tdg q[5]
Gate( 7862)	cx q[11], q[5]
Gate( 7863)	tdg q[11]
Gate( 7864)	tdg q[5]
Gate( 7865)	 t q[6]
Gate( 7866)	cx q[6], q[5]
Gate( 7867)	cx q[11], q[6]
Gate( 7868)	cx q[5], q[11]
Gate( 7869)	 h q[6]
Gate( 7870)	 h q[5]
Gate( 7871)	 t q[12]
Gate( 7872)	 t q[4]
Gate( 7873)	 t q[5]
Gate( 7874)	cx q[4], q[12]
Gate( 7875)	cx q[5], q[4]
Gate( 7876)	cx q[12], q[5]
Gate( 7877)	tdg q[4]
Gate( 7878)	cx q[12], q[4]
Gate( 7879)	tdg q[12]
Gate( 7880)	tdg q[4]
Gate( 7881)	 t q[5]
Gate( 7882)	cx q[5], q[4]
Gate( 7883)	cx q[12], q[5]
Gate( 7884)	cx q[4], q[12]
Gate( 7885)	 h q[5]
Gate( 7886)	 h q[4]
Gate( 7887)	 t q[14]
Gate( 7888)	 t q[13]
Gate( 7889)	 t q[4]
Gate( 7890)	cx q[13], q[14]
Gate( 7891)	cx q[4], q[13]
Gate( 7892)	cx q[14], q[4]
Gate( 7893)	tdg q[13]
Gate( 7894)	cx q[14], q[13]
Gate( 7895)	tdg q[14]
Gate( 7896)	tdg q[13]
Gate( 7897)	 t q[4]
Gate( 7898)	cx q[4], q[13]
Gate( 7899)	cx q[14], q[4]
Gate( 7900)	cx q[13], q[14]
Gate( 7901)	 h q[4]
Gate( 7902)	 h q[5]
Gate( 7903)	 t q[12]
Gate( 7904)	 t q[4]
Gate( 7905)	 t q[5]
Gate( 7906)	cx q[4], q[12]
Gate( 7907)	cx q[5], q[4]
Gate( 7908)	cx q[12], q[5]
Gate( 7909)	tdg q[4]
Gate( 7910)	cx q[12], q[4]
Gate( 7911)	tdg q[12]
Gate( 7912)	tdg q[4]
Gate( 7913)	 t q[5]
Gate( 7914)	cx q[5], q[4]
Gate( 7915)	cx q[12], q[5]
Gate( 7916)	cx q[4], q[12]
Gate( 7917)	 h q[5]
Gate( 7918)	 h q[6]
Gate( 7919)	 t q[11]
Gate( 7920)	 t q[5]
Gate( 7921)	 t q[6]
Gate( 7922)	cx q[5], q[11]
Gate( 7923)	cx q[6], q[5]
Gate( 7924)	cx q[11], q[6]
Gate( 7925)	tdg q[5]
Gate( 7926)	cx q[11], q[5]
Gate( 7927)	tdg q[11]
Gate( 7928)	tdg q[5]
Gate( 7929)	 t q[6]
Gate( 7930)	cx q[6], q[5]
Gate( 7931)	cx q[11], q[6]
Gate( 7932)	cx q[5], q[11]
Gate( 7933)	 h q[6]
Gate( 7934)	 h q[7]
Gate( 7935)	 t q[10]
Gate( 7936)	 t q[6]
Gate( 7937)	 t q[7]
Gate( 7938)	cx q[6], q[10]
Gate( 7939)	cx q[7], q[6]
Gate( 7940)	cx q[10], q[7]
Gate( 7941)	tdg q[6]
Gate( 7942)	cx q[10], q[6]
Gate( 7943)	tdg q[10]
Gate( 7944)	tdg q[6]
Gate( 7945)	 t q[7]
Gate( 7946)	cx q[7], q[6]
Gate( 7947)	cx q[10], q[7]
Gate( 7948)	cx q[6], q[10]
Gate( 7949)	 h q[7]
Gate( 7950)	 h q[0]
Gate( 7951)	 t q[8]
Gate( 7952)	 t q[14]
Gate( 7953)	 t q[0]
Gate( 7954)	cx q[14], q[8]
Gate( 7955)	cx q[0], q[14]
Gate( 7956)	cx q[8], q[0]
Gate( 7957)	tdg q[14]
Gate( 7958)	cx q[8], q[14]
Gate( 7959)	tdg q[8]
Gate( 7960)	tdg q[14]
Gate( 7961)	 t q[0]
Gate( 7962)	cx q[0], q[14]
Gate( 7963)	cx q[8], q[0]
Gate( 7964)	cx q[14], q[8]
Gate( 7965)	 h q[0]
Gate( 7966)	 h q[14]
Gate( 7967)	 t q[1]
Gate( 7968)	 t q[13]
Gate( 7969)	 t q[14]
Gate( 7970)	cx q[13], q[1]
Gate( 7971)	cx q[14], q[13]
Gate( 7972)	cx q[1], q[14]
Gate( 7973)	tdg q[13]
Gate( 7974)	cx q[1], q[13]
Gate( 7975)	tdg q[1]
Gate( 7976)	tdg q[13]
Gate( 7977)	 t q[14]
Gate( 7978)	cx q[14], q[13]
Gate( 7979)	cx q[1], q[14]
Gate( 7980)	cx q[13], q[1]
Gate( 7981)	 h q[14]
Gate( 7982)	 h q[13]
Gate( 7983)	 t q[2]
Gate( 7984)	 t q[12]
Gate( 7985)	 t q[13]
Gate( 7986)	cx q[12], q[2]
Gate( 7987)	cx q[13], q[12]
Gate( 7988)	cx q[2], q[13]
Gate( 7989)	tdg q[12]
Gate( 7990)	cx q[2], q[12]
Gate( 7991)	tdg q[2]
Gate( 7992)	tdg q[12]
Gate( 7993)	 t q[13]
Gate( 7994)	cx q[13], q[12]
Gate( 7995)	cx q[2], q[13]
Gate( 7996)	cx q[12], q[2]
Gate( 7997)	 h q[13]
Gate( 7998)	 h q[12]
Gate( 7999)	 t q[3]
Gate( 8000)	 t q[11]
Gate( 8001)	 t q[12]
Gate( 8002)	cx q[11], q[3]
Gate( 8003)	cx q[12], q[11]
Gate( 8004)	cx q[3], q[12]
Gate( 8005)	tdg q[11]
Gate( 8006)	cx q[3], q[11]
Gate( 8007)	tdg q[3]
Gate( 8008)	tdg q[11]
Gate( 8009)	 t q[12]
Gate( 8010)	cx q[12], q[11]
Gate( 8011)	cx q[3], q[12]
Gate( 8012)	cx q[11], q[3]
Gate( 8013)	 h q[12]
Gate( 8014)	 h q[11]
Gate( 8015)	 t q[4]
Gate( 8016)	 t q[10]
Gate( 8017)	 t q[11]
Gate( 8018)	cx q[10], q[4]
Gate( 8019)	cx q[11], q[10]
Gate( 8020)	cx q[4], q[11]
Gate( 8021)	tdg q[10]
Gate( 8022)	cx q[4], q[10]
Gate( 8023)	tdg q[4]
Gate( 8024)	tdg q[10]
Gate( 8025)	 t q[11]
Gate( 8026)	cx q[11], q[10]
Gate( 8027)	cx q[4], q[11]
Gate( 8028)	cx q[10], q[4]
Gate( 8029)	 h q[11]
Gate( 8030)	 h q[10]
Gate( 8031)	 t q[5]
Gate( 8032)	 t q[9]
Gate( 8033)	 t q[10]
Gate( 8034)	cx q[9], q[5]
Gate( 8035)	cx q[10], q[9]
Gate( 8036)	cx q[5], q[10]
Gate( 8037)	tdg q[9]
Gate( 8038)	cx q[5], q[9]
Gate( 8039)	tdg q[5]
Gate( 8040)	tdg q[9]
Gate( 8041)	 t q[10]
Gate( 8042)	cx q[10], q[9]
Gate( 8043)	cx q[5], q[10]
Gate( 8044)	cx q[9], q[5]
Gate( 8045)	 h q[10]
Gate( 8046)	 h q[9]
Gate( 8047)	 t q[7]
Gate( 8048)	 t q[6]
Gate( 8049)	 t q[9]
Gate( 8050)	cx q[6], q[7]
Gate( 8051)	cx q[9], q[6]
Gate( 8052)	cx q[7], q[9]
Gate( 8053)	tdg q[6]
Gate( 8054)	cx q[7], q[6]
Gate( 8055)	tdg q[7]
Gate( 8056)	tdg q[6]
Gate( 8057)	 t q[9]
Gate( 8058)	cx q[9], q[6]
Gate( 8059)	cx q[7], q[9]
Gate( 8060)	cx q[6], q[7]
Gate( 8061)	 h q[9]
Gate( 8062)	 h q[10]
Gate( 8063)	 t q[5]
Gate( 8064)	 t q[9]
Gate( 8065)	 t q[10]
Gate( 8066)	cx q[9], q[5]
Gate( 8067)	cx q[10], q[9]
Gate( 8068)	cx q[5], q[10]
Gate( 8069)	tdg q[9]
Gate( 8070)	cx q[5], q[9]
Gate( 8071)	tdg q[5]
Gate( 8072)	tdg q[9]
Gate( 8073)	 t q[10]
Gate( 8074)	cx q[10], q[9]
Gate( 8075)	cx q[5], q[10]
Gate( 8076)	cx q[9], q[5]
Gate( 8077)	 h q[10]
Gate( 8078)	 h q[11]
Gate( 8079)	 t q[4]
Gate( 8080)	 t q[10]
Gate( 8081)	 t q[11]
Gate( 8082)	cx q[10], q[4]
Gate( 8083)	cx q[11], q[10]
Gate( 8084)	cx q[4], q[11]
Gate( 8085)	tdg q[10]
Gate( 8086)	cx q[4], q[10]
Gate( 8087)	tdg q[4]
Gate( 8088)	tdg q[10]
Gate( 8089)	 t q[11]
Gate( 8090)	cx q[11], q[10]
Gate( 8091)	cx q[4], q[11]
Gate( 8092)	cx q[10], q[4]
Gate( 8093)	 h q[11]
Gate( 8094)	 h q[12]
Gate( 8095)	 t q[3]
Gate( 8096)	 t q[11]
Gate( 8097)	 t q[12]
Gate( 8098)	cx q[11], q[3]
Gate( 8099)	cx q[12], q[11]
Gate( 8100)	cx q[3], q[12]
Gate( 8101)	tdg q[11]
Gate( 8102)	cx q[3], q[11]
Gate( 8103)	tdg q[3]
Gate( 8104)	tdg q[11]
Gate( 8105)	 t q[12]
Gate( 8106)	cx q[12], q[11]
Gate( 8107)	cx q[3], q[12]
Gate( 8108)	cx q[11], q[3]
Gate( 8109)	 h q[12]
Gate( 8110)	 h q[13]
Gate( 8111)	 t q[2]
Gate( 8112)	 t q[12]
Gate( 8113)	 t q[13]
Gate( 8114)	cx q[12], q[2]
Gate( 8115)	cx q[13], q[12]
Gate( 8116)	cx q[2], q[13]
Gate( 8117)	tdg q[12]
Gate( 8118)	cx q[2], q[12]
Gate( 8119)	tdg q[2]
Gate( 8120)	tdg q[12]
Gate( 8121)	 t q[13]
Gate( 8122)	cx q[13], q[12]
Gate( 8123)	cx q[2], q[13]
Gate( 8124)	cx q[12], q[2]
Gate( 8125)	 h q[13]
Gate( 8126)	 h q[14]
Gate( 8127)	 t q[1]
Gate( 8128)	 t q[13]
Gate( 8129)	 t q[14]
Gate( 8130)	cx q[13], q[1]
Gate( 8131)	cx q[14], q[13]
Gate( 8132)	cx q[1], q[14]
Gate( 8133)	tdg q[13]
Gate( 8134)	cx q[1], q[13]
Gate( 8135)	tdg q[1]
Gate( 8136)	tdg q[13]
Gate( 8137)	 t q[14]
Gate( 8138)	cx q[14], q[13]
Gate( 8139)	cx q[1], q[14]
Gate( 8140)	cx q[13], q[1]
Gate( 8141)	 h q[14]
Gate( 8142)	 h q[0]
Gate( 8143)	 t q[8]
Gate( 8144)	 t q[14]
Gate( 8145)	 t q[0]
Gate( 8146)	cx q[14], q[8]
Gate( 8147)	cx q[0], q[14]
Gate( 8148)	cx q[8], q[0]
Gate( 8149)	tdg q[14]
Gate( 8150)	cx q[8], q[14]
Gate( 8151)	tdg q[8]
Gate( 8152)	tdg q[14]
Gate( 8153)	 t q[0]
Gate( 8154)	cx q[0], q[14]
Gate( 8155)	cx q[8], q[0]
Gate( 8156)	cx q[14], q[8]
Gate( 8157)	 h q[0]
Gate( 8158)	 h q[14]
Gate( 8159)	 t q[1]
Gate( 8160)	 t q[13]
Gate( 8161)	 t q[14]
Gate( 8162)	cx q[13], q[1]
Gate( 8163)	cx q[14], q[13]
Gate( 8164)	cx q[1], q[14]
Gate( 8165)	tdg q[13]
Gate( 8166)	cx q[1], q[13]
Gate( 8167)	tdg q[1]
Gate( 8168)	tdg q[13]
Gate( 8169)	 t q[14]
Gate( 8170)	cx q[14], q[13]
Gate( 8171)	cx q[1], q[14]
Gate( 8172)	cx q[13], q[1]
Gate( 8173)	 h q[14]
Gate( 8174)	 h q[13]
Gate( 8175)	 t q[2]
Gate( 8176)	 t q[12]
Gate( 8177)	 t q[13]
Gate( 8178)	cx q[12], q[2]
Gate( 8179)	cx q[13], q[12]
Gate( 8180)	cx q[2], q[13]
Gate( 8181)	tdg q[12]
Gate( 8182)	cx q[2], q[12]
Gate( 8183)	tdg q[2]
Gate( 8184)	tdg q[12]
Gate( 8185)	 t q[13]
Gate( 8186)	cx q[13], q[12]
Gate( 8187)	cx q[2], q[13]
Gate( 8188)	cx q[12], q[2]
Gate( 8189)	 h q[13]
Gate( 8190)	 h q[12]
Gate( 8191)	 t q[3]
Gate( 8192)	 t q[11]
Gate( 8193)	 t q[12]
Gate( 8194)	cx q[11], q[3]
Gate( 8195)	cx q[12], q[11]
Gate( 8196)	cx q[3], q[12]
Gate( 8197)	tdg q[11]
Gate( 8198)	cx q[3], q[11]
Gate( 8199)	tdg q[3]
Gate( 8200)	tdg q[11]
Gate( 8201)	 t q[12]
Gate( 8202)	cx q[12], q[11]
Gate( 8203)	cx q[3], q[12]
Gate( 8204)	cx q[11], q[3]
Gate( 8205)	 h q[12]
Gate( 8206)	 h q[11]
Gate( 8207)	 t q[4]
Gate( 8208)	 t q[10]
Gate( 8209)	 t q[11]
Gate( 8210)	cx q[10], q[4]
Gate( 8211)	cx q[11], q[10]
Gate( 8212)	cx q[4], q[11]
Gate( 8213)	tdg q[10]
Gate( 8214)	cx q[4], q[10]
Gate( 8215)	tdg q[4]
Gate( 8216)	tdg q[10]
Gate( 8217)	 t q[11]
Gate( 8218)	cx q[11], q[10]
Gate( 8219)	cx q[4], q[11]
Gate( 8220)	cx q[10], q[4]
Gate( 8221)	 h q[11]
Gate( 8222)	 h q[10]
Gate( 8223)	 t q[5]
Gate( 8224)	 t q[9]
Gate( 8225)	 t q[10]
Gate( 8226)	cx q[9], q[5]
Gate( 8227)	cx q[10], q[9]
Gate( 8228)	cx q[5], q[10]
Gate( 8229)	tdg q[9]
Gate( 8230)	cx q[5], q[9]
Gate( 8231)	tdg q[5]
Gate( 8232)	tdg q[9]
Gate( 8233)	 t q[10]
Gate( 8234)	cx q[10], q[9]
Gate( 8235)	cx q[5], q[10]
Gate( 8236)	cx q[9], q[5]
Gate( 8237)	 h q[10]
Gate( 8238)	 h q[9]
Gate( 8239)	 t q[7]
Gate( 8240)	 t q[6]
Gate( 8241)	 t q[9]
Gate( 8242)	cx q[6], q[7]
Gate( 8243)	cx q[9], q[6]
Gate( 8244)	cx q[7], q[9]
Gate( 8245)	tdg q[6]
Gate( 8246)	cx q[7], q[6]
Gate( 8247)	tdg q[7]
Gate( 8248)	tdg q[6]
Gate( 8249)	 t q[9]
Gate( 8250)	cx q[9], q[6]
Gate( 8251)	cx q[7], q[9]
Gate( 8252)	cx q[6], q[7]
Gate( 8253)	 h q[9]
Gate( 8254)	 h q[10]
Gate( 8255)	 t q[5]
Gate( 8256)	 t q[9]
Gate( 8257)	 t q[10]
Gate( 8258)	cx q[9], q[5]
Gate( 8259)	cx q[10], q[9]
Gate( 8260)	cx q[5], q[10]
Gate( 8261)	tdg q[9]
Gate( 8262)	cx q[5], q[9]
Gate( 8263)	tdg q[5]
Gate( 8264)	tdg q[9]
Gate( 8265)	 t q[10]
Gate( 8266)	cx q[10], q[9]
Gate( 8267)	cx q[5], q[10]
Gate( 8268)	cx q[9], q[5]
Gate( 8269)	 h q[10]
Gate( 8270)	 h q[11]
Gate( 8271)	 t q[4]
Gate( 8272)	 t q[10]
Gate( 8273)	 t q[11]
Gate( 8274)	cx q[10], q[4]
Gate( 8275)	cx q[11], q[10]
Gate( 8276)	cx q[4], q[11]
Gate( 8277)	tdg q[10]
Gate( 8278)	cx q[4], q[10]
Gate( 8279)	tdg q[4]
Gate( 8280)	tdg q[10]
Gate( 8281)	 t q[11]
Gate( 8282)	cx q[11], q[10]
Gate( 8283)	cx q[4], q[11]
Gate( 8284)	cx q[10], q[4]
Gate( 8285)	 h q[11]
Gate( 8286)	 h q[12]
Gate( 8287)	 t q[3]
Gate( 8288)	 t q[11]
Gate( 8289)	 t q[12]
Gate( 8290)	cx q[11], q[3]
Gate( 8291)	cx q[12], q[11]
Gate( 8292)	cx q[3], q[12]
Gate( 8293)	tdg q[11]
Gate( 8294)	cx q[3], q[11]
Gate( 8295)	tdg q[3]
Gate( 8296)	tdg q[11]
Gate( 8297)	 t q[12]
Gate( 8298)	cx q[12], q[11]
Gate( 8299)	cx q[3], q[12]
Gate( 8300)	cx q[11], q[3]
Gate( 8301)	 h q[12]
Gate( 8302)	 h q[13]
Gate( 8303)	 t q[2]
Gate( 8304)	 t q[12]
Gate( 8305)	 t q[13]
Gate( 8306)	cx q[12], q[2]
Gate( 8307)	cx q[13], q[12]
Gate( 8308)	cx q[2], q[13]
Gate( 8309)	tdg q[12]
Gate( 8310)	cx q[2], q[12]
Gate( 8311)	tdg q[2]
Gate( 8312)	tdg q[12]
Gate( 8313)	 t q[13]
Gate( 8314)	cx q[13], q[12]
Gate( 8315)	cx q[2], q[13]
Gate( 8316)	cx q[12], q[2]
Gate( 8317)	 h q[13]
Gate( 8318)	 h q[14]
Gate( 8319)	 t q[1]
Gate( 8320)	 t q[13]
Gate( 8321)	 t q[14]
Gate( 8322)	cx q[13], q[1]
Gate( 8323)	cx q[14], q[13]
Gate( 8324)	cx q[1], q[14]
Gate( 8325)	tdg q[13]
Gate( 8326)	cx q[1], q[13]
Gate( 8327)	tdg q[1]
Gate( 8328)	tdg q[13]
Gate( 8329)	 t q[14]
Gate( 8330)	cx q[14], q[13]
Gate( 8331)	cx q[1], q[14]
Gate( 8332)	cx q[13], q[1]
Gate( 8333)	 h q[14]
Gate( 8334)	 h q[8]
Gate( 8335)	 t q[9]
Gate( 8336)	 t q[7]
Gate( 8337)	 t q[8]
Gate( 8338)	cx q[7], q[9]
Gate( 8339)	cx q[8], q[7]
Gate( 8340)	cx q[9], q[8]
Gate( 8341)	tdg q[7]
Gate( 8342)	cx q[9], q[7]
Gate( 8343)	tdg q[9]
Gate( 8344)	tdg q[7]
Gate( 8345)	 t q[8]
Gate( 8346)	cx q[8], q[7]
Gate( 8347)	cx q[9], q[8]
Gate( 8348)	cx q[7], q[9]
Gate( 8349)	 h q[8]
Gate( 8350)	 h q[7]
Gate( 8351)	 t q[10]
Gate( 8352)	 t q[6]
Gate( 8353)	 t q[7]
Gate( 8354)	cx q[6], q[10]
Gate( 8355)	cx q[7], q[6]
Gate( 8356)	cx q[10], q[7]
Gate( 8357)	tdg q[6]
Gate( 8358)	cx q[10], q[6]
Gate( 8359)	tdg q[10]
Gate( 8360)	tdg q[6]
Gate( 8361)	 t q[7]
Gate( 8362)	cx q[7], q[6]
Gate( 8363)	cx q[10], q[7]
Gate( 8364)	cx q[6], q[10]
Gate( 8365)	 h q[7]
Gate( 8366)	 h q[6]
Gate( 8367)	 t q[11]
Gate( 8368)	 t q[5]
Gate( 8369)	 t q[6]
Gate( 8370)	cx q[5], q[11]
Gate( 8371)	cx q[6], q[5]
Gate( 8372)	cx q[11], q[6]
Gate( 8373)	tdg q[5]
Gate( 8374)	cx q[11], q[5]
Gate( 8375)	tdg q[11]
Gate( 8376)	tdg q[5]
Gate( 8377)	 t q[6]
Gate( 8378)	cx q[6], q[5]
Gate( 8379)	cx q[11], q[6]
Gate( 8380)	cx q[5], q[11]
Gate( 8381)	 h q[6]
Gate( 8382)	 h q[5]
Gate( 8383)	 t q[12]
Gate( 8384)	 t q[4]
Gate( 8385)	 t q[5]
Gate( 8386)	cx q[4], q[12]
Gate( 8387)	cx q[5], q[4]
Gate( 8388)	cx q[12], q[5]
Gate( 8389)	tdg q[4]
Gate( 8390)	cx q[12], q[4]
Gate( 8391)	tdg q[12]
Gate( 8392)	tdg q[4]
Gate( 8393)	 t q[5]
Gate( 8394)	cx q[5], q[4]
Gate( 8395)	cx q[12], q[5]
Gate( 8396)	cx q[4], q[12]
Gate( 8397)	 h q[5]
Gate( 8398)	 h q[4]
Gate( 8399)	 t q[14]
Gate( 8400)	 t q[13]
Gate( 8401)	 t q[4]
Gate( 8402)	cx q[13], q[14]
Gate( 8403)	cx q[4], q[13]
Gate( 8404)	cx q[14], q[4]
Gate( 8405)	tdg q[13]
Gate( 8406)	cx q[14], q[13]
Gate( 8407)	tdg q[14]
Gate( 8408)	tdg q[13]
Gate( 8409)	 t q[4]
Gate( 8410)	cx q[4], q[13]
Gate( 8411)	cx q[14], q[4]
Gate( 8412)	cx q[13], q[14]
Gate( 8413)	 h q[4]
Gate( 8414)	 h q[5]
Gate( 8415)	 t q[12]
Gate( 8416)	 t q[4]
Gate( 8417)	 t q[5]
Gate( 8418)	cx q[4], q[12]
Gate( 8419)	cx q[5], q[4]
Gate( 8420)	cx q[12], q[5]
Gate( 8421)	tdg q[4]
Gate( 8422)	cx q[12], q[4]
Gate( 8423)	tdg q[12]
Gate( 8424)	tdg q[4]
Gate( 8425)	 t q[5]
Gate( 8426)	cx q[5], q[4]
Gate( 8427)	cx q[12], q[5]
Gate( 8428)	cx q[4], q[12]
Gate( 8429)	 h q[5]
Gate( 8430)	 h q[6]
Gate( 8431)	 t q[11]
Gate( 8432)	 t q[5]
Gate( 8433)	 t q[6]
Gate( 8434)	cx q[5], q[11]
Gate( 8435)	cx q[6], q[5]
Gate( 8436)	cx q[11], q[6]
Gate( 8437)	tdg q[5]
Gate( 8438)	cx q[11], q[5]
Gate( 8439)	tdg q[11]
Gate( 8440)	tdg q[5]
Gate( 8441)	 t q[6]
Gate( 8442)	cx q[6], q[5]
Gate( 8443)	cx q[11], q[6]
Gate( 8444)	cx q[5], q[11]
Gate( 8445)	 h q[6]
Gate( 8446)	 h q[7]
Gate( 8447)	 t q[10]
Gate( 8448)	 t q[6]
Gate( 8449)	 t q[7]
Gate( 8450)	cx q[6], q[10]
Gate( 8451)	cx q[7], q[6]
Gate( 8452)	cx q[10], q[7]
Gate( 8453)	tdg q[6]
Gate( 8454)	cx q[10], q[6]
Gate( 8455)	tdg q[10]
Gate( 8456)	tdg q[6]
Gate( 8457)	 t q[7]
Gate( 8458)	cx q[7], q[6]
Gate( 8459)	cx q[10], q[7]
Gate( 8460)	cx q[6], q[10]
Gate( 8461)	 h q[7]
Gate( 8462)	 h q[8]
Gate( 8463)	 t q[9]
Gate( 8464)	 t q[7]
Gate( 8465)	 t q[8]
Gate( 8466)	cx q[7], q[9]
Gate( 8467)	cx q[8], q[7]
Gate( 8468)	cx q[9], q[8]
Gate( 8469)	tdg q[7]
Gate( 8470)	cx q[9], q[7]
Gate( 8471)	tdg q[9]
Gate( 8472)	tdg q[7]
Gate( 8473)	 t q[8]
Gate( 8474)	cx q[8], q[7]
Gate( 8475)	cx q[9], q[8]
Gate( 8476)	cx q[7], q[9]
Gate( 8477)	 h q[8]
Gate( 8478)	 h q[7]
Gate( 8479)	 t q[10]
Gate( 8480)	 t q[6]
Gate( 8481)	 t q[7]
Gate( 8482)	cx q[6], q[10]
Gate( 8483)	cx q[7], q[6]
Gate( 8484)	cx q[10], q[7]
Gate( 8485)	tdg q[6]
Gate( 8486)	cx q[10], q[6]
Gate( 8487)	tdg q[10]
Gate( 8488)	tdg q[6]
Gate( 8489)	 t q[7]
Gate( 8490)	cx q[7], q[6]
Gate( 8491)	cx q[10], q[7]
Gate( 8492)	cx q[6], q[10]
Gate( 8493)	 h q[7]
Gate( 8494)	 h q[6]
Gate( 8495)	 t q[11]
Gate( 8496)	 t q[5]
Gate( 8497)	 t q[6]
Gate( 8498)	cx q[5], q[11]
Gate( 8499)	cx q[6], q[5]
Gate( 8500)	cx q[11], q[6]
Gate( 8501)	tdg q[5]
Gate( 8502)	cx q[11], q[5]
Gate( 8503)	tdg q[11]
Gate( 8504)	tdg q[5]
Gate( 8505)	 t q[6]
Gate( 8506)	cx q[6], q[5]
Gate( 8507)	cx q[11], q[6]
Gate( 8508)	cx q[5], q[11]
Gate( 8509)	 h q[6]
Gate( 8510)	 h q[5]
Gate( 8511)	 t q[12]
Gate( 8512)	 t q[4]
Gate( 8513)	 t q[5]
Gate( 8514)	cx q[4], q[12]
Gate( 8515)	cx q[5], q[4]
Gate( 8516)	cx q[12], q[5]
Gate( 8517)	tdg q[4]
Gate( 8518)	cx q[12], q[4]
Gate( 8519)	tdg q[12]
Gate( 8520)	tdg q[4]
Gate( 8521)	 t q[5]
Gate( 8522)	cx q[5], q[4]
Gate( 8523)	cx q[12], q[5]
Gate( 8524)	cx q[4], q[12]
Gate( 8525)	 h q[5]
Gate( 8526)	 h q[4]
Gate( 8527)	 t q[14]
Gate( 8528)	 t q[13]
Gate( 8529)	 t q[4]
Gate( 8530)	cx q[13], q[14]
Gate( 8531)	cx q[4], q[13]
Gate( 8532)	cx q[14], q[4]
Gate( 8533)	tdg q[13]
Gate( 8534)	cx q[14], q[13]
Gate( 8535)	tdg q[14]
Gate( 8536)	tdg q[13]
Gate( 8537)	 t q[4]
Gate( 8538)	cx q[4], q[13]
Gate( 8539)	cx q[14], q[4]
Gate( 8540)	cx q[13], q[14]
Gate( 8541)	 h q[4]
Gate( 8542)	 h q[5]
Gate( 8543)	 t q[12]
Gate( 8544)	 t q[4]
Gate( 8545)	 t q[5]
Gate( 8546)	cx q[4], q[12]
Gate( 8547)	cx q[5], q[4]
Gate( 8548)	cx q[12], q[5]
Gate( 8549)	tdg q[4]
Gate( 8550)	cx q[12], q[4]
Gate( 8551)	tdg q[12]
Gate( 8552)	tdg q[4]
Gate( 8553)	 t q[5]
Gate( 8554)	cx q[5], q[4]
Gate( 8555)	cx q[12], q[5]
Gate( 8556)	cx q[4], q[12]
Gate( 8557)	 h q[5]
Gate( 8558)	 h q[6]
Gate( 8559)	 t q[11]
Gate( 8560)	 t q[5]
Gate( 8561)	 t q[6]
Gate( 8562)	cx q[5], q[11]
Gate( 8563)	cx q[6], q[5]
Gate( 8564)	cx q[11], q[6]
Gate( 8565)	tdg q[5]
Gate( 8566)	cx q[11], q[5]
Gate( 8567)	tdg q[11]
Gate( 8568)	tdg q[5]
Gate( 8569)	 t q[6]
Gate( 8570)	cx q[6], q[5]
Gate( 8571)	cx q[11], q[6]
Gate( 8572)	cx q[5], q[11]
Gate( 8573)	 h q[6]
Gate( 8574)	 h q[7]
Gate( 8575)	 t q[10]
Gate( 8576)	 t q[6]
Gate( 8577)	 t q[7]
Gate( 8578)	cx q[6], q[10]
Gate( 8579)	cx q[7], q[6]
Gate( 8580)	cx q[10], q[7]
Gate( 8581)	tdg q[6]
Gate( 8582)	cx q[10], q[6]
Gate( 8583)	tdg q[10]
Gate( 8584)	tdg q[6]
Gate( 8585)	 t q[7]
Gate( 8586)	cx q[7], q[6]
Gate( 8587)	cx q[10], q[7]
Gate( 8588)	cx q[6], q[10]
Gate( 8589)	 h q[7]
Gate( 8590)	 h q[0]
Gate( 8591)	 t q[8]
Gate( 8592)	 t q[14]
Gate( 8593)	 t q[0]
Gate( 8594)	cx q[14], q[8]
Gate( 8595)	cx q[0], q[14]
Gate( 8596)	cx q[8], q[0]
Gate( 8597)	tdg q[14]
Gate( 8598)	cx q[8], q[14]
Gate( 8599)	tdg q[8]
Gate( 8600)	tdg q[14]
Gate( 8601)	 t q[0]
Gate( 8602)	cx q[0], q[14]
Gate( 8603)	cx q[8], q[0]
Gate( 8604)	cx q[14], q[8]
Gate( 8605)	 h q[0]
Gate( 8606)	 h q[14]
Gate( 8607)	 t q[1]
Gate( 8608)	 t q[13]
Gate( 8609)	 t q[14]
Gate( 8610)	cx q[13], q[1]
Gate( 8611)	cx q[14], q[13]
Gate( 8612)	cx q[1], q[14]
Gate( 8613)	tdg q[13]
Gate( 8614)	cx q[1], q[13]
Gate( 8615)	tdg q[1]
Gate( 8616)	tdg q[13]
Gate( 8617)	 t q[14]
Gate( 8618)	cx q[14], q[13]
Gate( 8619)	cx q[1], q[14]
Gate( 8620)	cx q[13], q[1]
Gate( 8621)	 h q[14]
Gate( 8622)	 h q[13]
Gate( 8623)	 t q[2]
Gate( 8624)	 t q[12]
Gate( 8625)	 t q[13]
Gate( 8626)	cx q[12], q[2]
Gate( 8627)	cx q[13], q[12]
Gate( 8628)	cx q[2], q[13]
Gate( 8629)	tdg q[12]
Gate( 8630)	cx q[2], q[12]
Gate( 8631)	tdg q[2]
Gate( 8632)	tdg q[12]
Gate( 8633)	 t q[13]
Gate( 8634)	cx q[13], q[12]
Gate( 8635)	cx q[2], q[13]
Gate( 8636)	cx q[12], q[2]
Gate( 8637)	 h q[13]
Gate( 8638)	 h q[12]
Gate( 8639)	 t q[3]
Gate( 8640)	 t q[11]
Gate( 8641)	 t q[12]
Gate( 8642)	cx q[11], q[3]
Gate( 8643)	cx q[12], q[11]
Gate( 8644)	cx q[3], q[12]
Gate( 8645)	tdg q[11]
Gate( 8646)	cx q[3], q[11]
Gate( 8647)	tdg q[3]
Gate( 8648)	tdg q[11]
Gate( 8649)	 t q[12]
Gate( 8650)	cx q[12], q[11]
Gate( 8651)	cx q[3], q[12]
Gate( 8652)	cx q[11], q[3]
Gate( 8653)	 h q[12]
Gate( 8654)	 h q[11]
Gate( 8655)	 t q[4]
Gate( 8656)	 t q[10]
Gate( 8657)	 t q[11]
Gate( 8658)	cx q[10], q[4]
Gate( 8659)	cx q[11], q[10]
Gate( 8660)	cx q[4], q[11]
Gate( 8661)	tdg q[10]
Gate( 8662)	cx q[4], q[10]
Gate( 8663)	tdg q[4]
Gate( 8664)	tdg q[10]
Gate( 8665)	 t q[11]
Gate( 8666)	cx q[11], q[10]
Gate( 8667)	cx q[4], q[11]
Gate( 8668)	cx q[10], q[4]
Gate( 8669)	 h q[11]
Gate( 8670)	 h q[10]
Gate( 8671)	 t q[5]
Gate( 8672)	 t q[9]
Gate( 8673)	 t q[10]
Gate( 8674)	cx q[9], q[5]
Gate( 8675)	cx q[10], q[9]
Gate( 8676)	cx q[5], q[10]
Gate( 8677)	tdg q[9]
Gate( 8678)	cx q[5], q[9]
Gate( 8679)	tdg q[5]
Gate( 8680)	tdg q[9]
Gate( 8681)	 t q[10]
Gate( 8682)	cx q[10], q[9]
Gate( 8683)	cx q[5], q[10]
Gate( 8684)	cx q[9], q[5]
Gate( 8685)	 h q[10]
Gate( 8686)	 h q[9]
Gate( 8687)	 t q[7]
Gate( 8688)	 t q[6]
Gate( 8689)	 t q[9]
Gate( 8690)	cx q[6], q[7]
Gate( 8691)	cx q[9], q[6]
Gate( 8692)	cx q[7], q[9]
Gate( 8693)	tdg q[6]
Gate( 8694)	cx q[7], q[6]
Gate( 8695)	tdg q[7]
Gate( 8696)	tdg q[6]
Gate( 8697)	 t q[9]
Gate( 8698)	cx q[9], q[6]
Gate( 8699)	cx q[7], q[9]
Gate( 8700)	cx q[6], q[7]
Gate( 8701)	 h q[9]
Gate( 8702)	 h q[10]
Gate( 8703)	 t q[5]
Gate( 8704)	 t q[9]
Gate( 8705)	 t q[10]
Gate( 8706)	cx q[9], q[5]
Gate( 8707)	cx q[10], q[9]
Gate( 8708)	cx q[5], q[10]
Gate( 8709)	tdg q[9]
Gate( 8710)	cx q[5], q[9]
Gate( 8711)	tdg q[5]
Gate( 8712)	tdg q[9]
Gate( 8713)	 t q[10]
Gate( 8714)	cx q[10], q[9]
Gate( 8715)	cx q[5], q[10]
Gate( 8716)	cx q[9], q[5]
Gate( 8717)	 h q[10]
Gate( 8718)	 h q[11]
Gate( 8719)	 t q[4]
Gate( 8720)	 t q[10]
Gate( 8721)	 t q[11]
Gate( 8722)	cx q[10], q[4]
Gate( 8723)	cx q[11], q[10]
Gate( 8724)	cx q[4], q[11]
Gate( 8725)	tdg q[10]
Gate( 8726)	cx q[4], q[10]
Gate( 8727)	tdg q[4]
Gate( 8728)	tdg q[10]
Gate( 8729)	 t q[11]
Gate( 8730)	cx q[11], q[10]
Gate( 8731)	cx q[4], q[11]
Gate( 8732)	cx q[10], q[4]
Gate( 8733)	 h q[11]
Gate( 8734)	 h q[12]
Gate( 8735)	 t q[3]
Gate( 8736)	 t q[11]
Gate( 8737)	 t q[12]
Gate( 8738)	cx q[11], q[3]
Gate( 8739)	cx q[12], q[11]
Gate( 8740)	cx q[3], q[12]
Gate( 8741)	tdg q[11]
Gate( 8742)	cx q[3], q[11]
Gate( 8743)	tdg q[3]
Gate( 8744)	tdg q[11]
Gate( 8745)	 t q[12]
Gate( 8746)	cx q[12], q[11]
Gate( 8747)	cx q[3], q[12]
Gate( 8748)	cx q[11], q[3]
Gate( 8749)	 h q[12]
Gate( 8750)	 h q[13]
Gate( 8751)	 t q[2]
Gate( 8752)	 t q[12]
Gate( 8753)	 t q[13]
Gate( 8754)	cx q[12], q[2]
Gate( 8755)	cx q[13], q[12]
Gate( 8756)	cx q[2], q[13]
Gate( 8757)	tdg q[12]
Gate( 8758)	cx q[2], q[12]
Gate( 8759)	tdg q[2]
Gate( 8760)	tdg q[12]
Gate( 8761)	 t q[13]
Gate( 8762)	cx q[13], q[12]
Gate( 8763)	cx q[2], q[13]
Gate( 8764)	cx q[12], q[2]
Gate( 8765)	 h q[13]
Gate( 8766)	 h q[14]
Gate( 8767)	 t q[1]
Gate( 8768)	 t q[13]
Gate( 8769)	 t q[14]
Gate( 8770)	cx q[13], q[1]
Gate( 8771)	cx q[14], q[13]
Gate( 8772)	cx q[1], q[14]
Gate( 8773)	tdg q[13]
Gate( 8774)	cx q[1], q[13]
Gate( 8775)	tdg q[1]
Gate( 8776)	tdg q[13]
Gate( 8777)	 t q[14]
Gate( 8778)	cx q[14], q[13]
Gate( 8779)	cx q[1], q[14]
Gate( 8780)	cx q[13], q[1]
Gate( 8781)	 h q[14]
Gate( 8782)	 h q[0]
Gate( 8783)	 t q[8]
Gate( 8784)	 t q[14]
Gate( 8785)	 t q[0]
Gate( 8786)	cx q[14], q[8]
Gate( 8787)	cx q[0], q[14]
Gate( 8788)	cx q[8], q[0]
Gate( 8789)	tdg q[14]
Gate( 8790)	cx q[8], q[14]
Gate( 8791)	tdg q[8]
Gate( 8792)	tdg q[14]
Gate( 8793)	 t q[0]
Gate( 8794)	cx q[0], q[14]
Gate( 8795)	cx q[8], q[0]
Gate( 8796)	cx q[14], q[8]
Gate( 8797)	 h q[0]
Gate( 8798)	 h q[14]
Gate( 8799)	 t q[1]
Gate( 8800)	 t q[13]
Gate( 8801)	 t q[14]
Gate( 8802)	cx q[13], q[1]
Gate( 8803)	cx q[14], q[13]
Gate( 8804)	cx q[1], q[14]
Gate( 8805)	tdg q[13]
Gate( 8806)	cx q[1], q[13]
Gate( 8807)	tdg q[1]
Gate( 8808)	tdg q[13]
Gate( 8809)	 t q[14]
Gate( 8810)	cx q[14], q[13]
Gate( 8811)	cx q[1], q[14]
Gate( 8812)	cx q[13], q[1]
Gate( 8813)	 h q[14]
Gate( 8814)	 h q[13]
Gate( 8815)	 t q[2]
Gate( 8816)	 t q[12]
Gate( 8817)	 t q[13]
Gate( 8818)	cx q[12], q[2]
Gate( 8819)	cx q[13], q[12]
Gate( 8820)	cx q[2], q[13]
Gate( 8821)	tdg q[12]
Gate( 8822)	cx q[2], q[12]
Gate( 8823)	tdg q[2]
Gate( 8824)	tdg q[12]
Gate( 8825)	 t q[13]
Gate( 8826)	cx q[13], q[12]
Gate( 8827)	cx q[2], q[13]
Gate( 8828)	cx q[12], q[2]
Gate( 8829)	 h q[13]
Gate( 8830)	 h q[12]
Gate( 8831)	 t q[3]
Gate( 8832)	 t q[11]
Gate( 8833)	 t q[12]
Gate( 8834)	cx q[11], q[3]
Gate( 8835)	cx q[12], q[11]
Gate( 8836)	cx q[3], q[12]
Gate( 8837)	tdg q[11]
Gate( 8838)	cx q[3], q[11]
Gate( 8839)	tdg q[3]
Gate( 8840)	tdg q[11]
Gate( 8841)	 t q[12]
Gate( 8842)	cx q[12], q[11]
Gate( 8843)	cx q[3], q[12]
Gate( 8844)	cx q[11], q[3]
Gate( 8845)	 h q[12]
Gate( 8846)	 h q[11]
Gate( 8847)	 t q[4]
Gate( 8848)	 t q[10]
Gate( 8849)	 t q[11]
Gate( 8850)	cx q[10], q[4]
Gate( 8851)	cx q[11], q[10]
Gate( 8852)	cx q[4], q[11]
Gate( 8853)	tdg q[10]
Gate( 8854)	cx q[4], q[10]
Gate( 8855)	tdg q[4]
Gate( 8856)	tdg q[10]
Gate( 8857)	 t q[11]
Gate( 8858)	cx q[11], q[10]
Gate( 8859)	cx q[4], q[11]
Gate( 8860)	cx q[10], q[4]
Gate( 8861)	 h q[11]
Gate( 8862)	 h q[10]
Gate( 8863)	 t q[5]
Gate( 8864)	 t q[9]
Gate( 8865)	 t q[10]
Gate( 8866)	cx q[9], q[5]
Gate( 8867)	cx q[10], q[9]
Gate( 8868)	cx q[5], q[10]
Gate( 8869)	tdg q[9]
Gate( 8870)	cx q[5], q[9]
Gate( 8871)	tdg q[5]
Gate( 8872)	tdg q[9]
Gate( 8873)	 t q[10]
Gate( 8874)	cx q[10], q[9]
Gate( 8875)	cx q[5], q[10]
Gate( 8876)	cx q[9], q[5]
Gate( 8877)	 h q[10]
Gate( 8878)	 h q[9]
Gate( 8879)	 t q[7]
Gate( 8880)	 t q[6]
Gate( 8881)	 t q[9]
Gate( 8882)	cx q[6], q[7]
Gate( 8883)	cx q[9], q[6]
Gate( 8884)	cx q[7], q[9]
Gate( 8885)	tdg q[6]
Gate( 8886)	cx q[7], q[6]
Gate( 8887)	tdg q[7]
Gate( 8888)	tdg q[6]
Gate( 8889)	 t q[9]
Gate( 8890)	cx q[9], q[6]
Gate( 8891)	cx q[7], q[9]
Gate( 8892)	cx q[6], q[7]
Gate( 8893)	 h q[9]
Gate( 8894)	 h q[10]
Gate( 8895)	 t q[5]
Gate( 8896)	 t q[9]
Gate( 8897)	 t q[10]
Gate( 8898)	cx q[9], q[5]
Gate( 8899)	cx q[10], q[9]
Gate( 8900)	cx q[5], q[10]
Gate( 8901)	tdg q[9]
Gate( 8902)	cx q[5], q[9]
Gate( 8903)	tdg q[5]
Gate( 8904)	tdg q[9]
Gate( 8905)	 t q[10]
Gate( 8906)	cx q[10], q[9]
Gate( 8907)	cx q[5], q[10]
Gate( 8908)	cx q[9], q[5]
Gate( 8909)	 h q[10]
Gate( 8910)	 h q[11]
Gate( 8911)	 t q[4]
Gate( 8912)	 t q[10]
Gate( 8913)	 t q[11]
Gate( 8914)	cx q[10], q[4]
Gate( 8915)	cx q[11], q[10]
Gate( 8916)	cx q[4], q[11]
Gate( 8917)	tdg q[10]
Gate( 8918)	cx q[4], q[10]
Gate( 8919)	tdg q[4]
Gate( 8920)	tdg q[10]
Gate( 8921)	 t q[11]
Gate( 8922)	cx q[11], q[10]
Gate( 8923)	cx q[4], q[11]
Gate( 8924)	cx q[10], q[4]
Gate( 8925)	 h q[11]
Gate( 8926)	 h q[12]
Gate( 8927)	 t q[3]
Gate( 8928)	 t q[11]
Gate( 8929)	 t q[12]
Gate( 8930)	cx q[11], q[3]
Gate( 8931)	cx q[12], q[11]
Gate( 8932)	cx q[3], q[12]
Gate( 8933)	tdg q[11]
Gate( 8934)	cx q[3], q[11]
Gate( 8935)	tdg q[3]
Gate( 8936)	tdg q[11]
Gate( 8937)	 t q[12]
Gate( 8938)	cx q[12], q[11]
Gate( 8939)	cx q[3], q[12]
Gate( 8940)	cx q[11], q[3]
Gate( 8941)	 h q[12]
Gate( 8942)	 h q[13]
Gate( 8943)	 t q[2]
Gate( 8944)	 t q[12]
Gate( 8945)	 t q[13]
Gate( 8946)	cx q[12], q[2]
Gate( 8947)	cx q[13], q[12]
Gate( 8948)	cx q[2], q[13]
Gate( 8949)	tdg q[12]
Gate( 8950)	cx q[2], q[12]
Gate( 8951)	tdg q[2]
Gate( 8952)	tdg q[12]
Gate( 8953)	 t q[13]
Gate( 8954)	cx q[13], q[12]
Gate( 8955)	cx q[2], q[13]
Gate( 8956)	cx q[12], q[2]
Gate( 8957)	 h q[13]
Gate( 8958)	 h q[14]
Gate( 8959)	 t q[1]
Gate( 8960)	 t q[13]
Gate( 8961)	 t q[14]
Gate( 8962)	cx q[13], q[1]
Gate( 8963)	cx q[14], q[13]
Gate( 8964)	cx q[1], q[14]
Gate( 8965)	tdg q[13]
Gate( 8966)	cx q[1], q[13]
Gate( 8967)	tdg q[1]
Gate( 8968)	tdg q[13]
Gate( 8969)	 t q[14]
Gate( 8970)	cx q[14], q[13]
Gate( 8971)	cx q[1], q[14]
Gate( 8972)	cx q[13], q[1]
Gate( 8973)	 h q[14]
Gate( 8974)	 h q[7]
Gate( 8975)	 t q[9]
Gate( 8976)	 t q[8]
Gate( 8977)	 t q[7]
Gate( 8978)	cx q[8], q[9]
Gate( 8979)	cx q[7], q[8]
Gate( 8980)	cx q[9], q[7]
Gate( 8981)	tdg q[8]
Gate( 8982)	cx q[9], q[8]
Gate( 8983)	tdg q[9]
Gate( 8984)	tdg q[8]
Gate( 8985)	 t q[7]
Gate( 8986)	cx q[7], q[8]
Gate( 8987)	cx q[9], q[7]
Gate( 8988)	cx q[8], q[9]
Gate( 8989)	 h q[7]
Gate( 8990)	 h q[8]
Gate( 8991)	 t q[10]
Gate( 8992)	 t q[6]
Gate( 8993)	 t q[8]
Gate( 8994)	cx q[6], q[10]
Gate( 8995)	cx q[8], q[6]
Gate( 8996)	cx q[10], q[8]
Gate( 8997)	tdg q[6]
Gate( 8998)	cx q[10], q[6]
Gate( 8999)	tdg q[10]
Gate( 9000)	tdg q[6]
Gate( 9001)	 t q[8]
Gate( 9002)	cx q[8], q[6]
Gate( 9003)	cx q[10], q[8]
Gate( 9004)	cx q[6], q[10]
Gate( 9005)	 h q[8]
Gate( 9006)	 h q[6]
Gate( 9007)	 t q[11]
Gate( 9008)	 t q[5]
Gate( 9009)	 t q[6]
Gate( 9010)	cx q[5], q[11]
Gate( 9011)	cx q[6], q[5]
Gate( 9012)	cx q[11], q[6]
Gate( 9013)	tdg q[5]
Gate( 9014)	cx q[11], q[5]
Gate( 9015)	tdg q[11]
Gate( 9016)	tdg q[5]
Gate( 9017)	 t q[6]
Gate( 9018)	cx q[6], q[5]
Gate( 9019)	cx q[11], q[6]
Gate( 9020)	cx q[5], q[11]
Gate( 9021)	 h q[6]
Gate( 9022)	 h q[5]
Gate( 9023)	 t q[12]
Gate( 9024)	 t q[4]
Gate( 9025)	 t q[5]
Gate( 9026)	cx q[4], q[12]
Gate( 9027)	cx q[5], q[4]
Gate( 9028)	cx q[12], q[5]
Gate( 9029)	tdg q[4]
Gate( 9030)	cx q[12], q[4]
Gate( 9031)	tdg q[12]
Gate( 9032)	tdg q[4]
Gate( 9033)	 t q[5]
Gate( 9034)	cx q[5], q[4]
Gate( 9035)	cx q[12], q[5]
Gate( 9036)	cx q[4], q[12]
Gate( 9037)	 h q[5]
Gate( 9038)	 h q[4]
Gate( 9039)	 t q[14]
Gate( 9040)	 t q[13]
Gate( 9041)	 t q[4]
Gate( 9042)	cx q[13], q[14]
Gate( 9043)	cx q[4], q[13]
Gate( 9044)	cx q[14], q[4]
Gate( 9045)	tdg q[13]
Gate( 9046)	cx q[14], q[13]
Gate( 9047)	tdg q[14]
Gate( 9048)	tdg q[13]
Gate( 9049)	 t q[4]
Gate( 9050)	cx q[4], q[13]
Gate( 9051)	cx q[14], q[4]
Gate( 9052)	cx q[13], q[14]
Gate( 9053)	 h q[4]
Gate( 9054)	 h q[5]
Gate( 9055)	 t q[12]
Gate( 9056)	 t q[4]
Gate( 9057)	 t q[5]
Gate( 9058)	cx q[4], q[12]
Gate( 9059)	cx q[5], q[4]
Gate( 9060)	cx q[12], q[5]
Gate( 9061)	tdg q[4]
Gate( 9062)	cx q[12], q[4]
Gate( 9063)	tdg q[12]
Gate( 9064)	tdg q[4]
Gate( 9065)	 t q[5]
Gate( 9066)	cx q[5], q[4]
Gate( 9067)	cx q[12], q[5]
Gate( 9068)	cx q[4], q[12]
Gate( 9069)	 h q[5]
Gate( 9070)	 h q[6]
Gate( 9071)	 t q[11]
Gate( 9072)	 t q[5]
Gate( 9073)	 t q[6]
Gate( 9074)	cx q[5], q[11]
Gate( 9075)	cx q[6], q[5]
Gate( 9076)	cx q[11], q[6]
Gate( 9077)	tdg q[5]
Gate( 9078)	cx q[11], q[5]
Gate( 9079)	tdg q[11]
Gate( 9080)	tdg q[5]
Gate( 9081)	 t q[6]
Gate( 9082)	cx q[6], q[5]
Gate( 9083)	cx q[11], q[6]
Gate( 9084)	cx q[5], q[11]
Gate( 9085)	 h q[6]
Gate( 9086)	 h q[8]
Gate( 9087)	 t q[10]
Gate( 9088)	 t q[6]
Gate( 9089)	 t q[8]
Gate( 9090)	cx q[6], q[10]
Gate( 9091)	cx q[8], q[6]
Gate( 9092)	cx q[10], q[8]
Gate( 9093)	tdg q[6]
Gate( 9094)	cx q[10], q[6]
Gate( 9095)	tdg q[10]
Gate( 9096)	tdg q[6]
Gate( 9097)	 t q[8]
Gate( 9098)	cx q[8], q[6]
Gate( 9099)	cx q[10], q[8]
Gate( 9100)	cx q[6], q[10]
Gate( 9101)	 h q[8]
Gate( 9102)	 h q[7]
Gate( 9103)	 t q[9]
Gate( 9104)	 t q[8]
Gate( 9105)	 t q[7]
Gate( 9106)	cx q[8], q[9]
Gate( 9107)	cx q[7], q[8]
Gate( 9108)	cx q[9], q[7]
Gate( 9109)	tdg q[8]
Gate( 9110)	cx q[9], q[8]
Gate( 9111)	tdg q[9]
Gate( 9112)	tdg q[8]
Gate( 9113)	 t q[7]
Gate( 9114)	cx q[7], q[8]
Gate( 9115)	cx q[9], q[7]
Gate( 9116)	cx q[8], q[9]
Gate( 9117)	 h q[7]
Gate( 9118)	 h q[8]
Gate( 9119)	 t q[10]
Gate( 9120)	 t q[6]
Gate( 9121)	 t q[8]
Gate( 9122)	cx q[6], q[10]
Gate( 9123)	cx q[8], q[6]
Gate( 9124)	cx q[10], q[8]
Gate( 9125)	tdg q[6]
Gate( 9126)	cx q[10], q[6]
Gate( 9127)	tdg q[10]
Gate( 9128)	tdg q[6]
Gate( 9129)	 t q[8]
Gate( 9130)	cx q[8], q[6]
Gate( 9131)	cx q[10], q[8]
Gate( 9132)	cx q[6], q[10]
Gate( 9133)	 h q[8]
Gate( 9134)	 h q[6]
Gate( 9135)	 t q[11]
Gate( 9136)	 t q[5]
Gate( 9137)	 t q[6]
Gate( 9138)	cx q[5], q[11]
Gate( 9139)	cx q[6], q[5]
Gate( 9140)	cx q[11], q[6]
Gate( 9141)	tdg q[5]
Gate( 9142)	cx q[11], q[5]
Gate( 9143)	tdg q[11]
Gate( 9144)	tdg q[5]
Gate( 9145)	 t q[6]
Gate( 9146)	cx q[6], q[5]
Gate( 9147)	cx q[11], q[6]
Gate( 9148)	cx q[5], q[11]
Gate( 9149)	 h q[6]
Gate( 9150)	 h q[5]
Gate( 9151)	 t q[12]
Gate( 9152)	 t q[4]
Gate( 9153)	 t q[5]
Gate( 9154)	cx q[4], q[12]
Gate( 9155)	cx q[5], q[4]
Gate( 9156)	cx q[12], q[5]
Gate( 9157)	tdg q[4]
Gate( 9158)	cx q[12], q[4]
Gate( 9159)	tdg q[12]
Gate( 9160)	tdg q[4]
Gate( 9161)	 t q[5]
Gate( 9162)	cx q[5], q[4]
Gate( 9163)	cx q[12], q[5]
Gate( 9164)	cx q[4], q[12]
Gate( 9165)	 h q[5]
Gate( 9166)	 h q[4]
Gate( 9167)	 t q[14]
Gate( 9168)	 t q[13]
Gate( 9169)	 t q[4]
Gate( 9170)	cx q[13], q[14]
Gate( 9171)	cx q[4], q[13]
Gate( 9172)	cx q[14], q[4]
Gate( 9173)	tdg q[13]
Gate( 9174)	cx q[14], q[13]
Gate( 9175)	tdg q[14]
Gate( 9176)	tdg q[13]
Gate( 9177)	 t q[4]
Gate( 9178)	cx q[4], q[13]
Gate( 9179)	cx q[14], q[4]
Gate( 9180)	cx q[13], q[14]
Gate( 9181)	 h q[4]
Gate( 9182)	 h q[5]
Gate( 9183)	 t q[12]
Gate( 9184)	 t q[4]
Gate( 9185)	 t q[5]
Gate( 9186)	cx q[4], q[12]
Gate( 9187)	cx q[5], q[4]
Gate( 9188)	cx q[12], q[5]
Gate( 9189)	tdg q[4]
Gate( 9190)	cx q[12], q[4]
Gate( 9191)	tdg q[12]
Gate( 9192)	tdg q[4]
Gate( 9193)	 t q[5]
Gate( 9194)	cx q[5], q[4]
Gate( 9195)	cx q[12], q[5]
Gate( 9196)	cx q[4], q[12]
Gate( 9197)	 h q[5]
Gate( 9198)	 h q[6]
Gate( 9199)	 t q[11]
Gate( 9200)	 t q[5]
Gate( 9201)	 t q[6]
Gate( 9202)	cx q[5], q[11]
Gate( 9203)	cx q[6], q[5]
Gate( 9204)	cx q[11], q[6]
Gate( 9205)	tdg q[5]
Gate( 9206)	cx q[11], q[5]
Gate( 9207)	tdg q[11]
Gate( 9208)	tdg q[5]
Gate( 9209)	 t q[6]
Gate( 9210)	cx q[6], q[5]
Gate( 9211)	cx q[11], q[6]
Gate( 9212)	cx q[5], q[11]
Gate( 9213)	 h q[6]
Gate( 9214)	 h q[8]
Gate( 9215)	 t q[10]
Gate( 9216)	 t q[6]
Gate( 9217)	 t q[8]
Gate( 9218)	cx q[6], q[10]
Gate( 9219)	cx q[8], q[6]
Gate( 9220)	cx q[10], q[8]
Gate( 9221)	tdg q[6]
Gate( 9222)	cx q[10], q[6]
Gate( 9223)	tdg q[10]
Gate( 9224)	tdg q[6]
Gate( 9225)	 t q[8]
Gate( 9226)	cx q[8], q[6]
Gate( 9227)	cx q[10], q[8]
Gate( 9228)	cx q[6], q[10]
Gate( 9229)	 h q[8]
Gate( 9230)	 h q[0]
Gate( 9231)	 t q[7]
Gate( 9232)	 t q[14]
Gate( 9233)	 t q[0]
Gate( 9234)	cx q[14], q[7]
Gate( 9235)	cx q[0], q[14]
Gate( 9236)	cx q[7], q[0]
Gate( 9237)	tdg q[14]
Gate( 9238)	cx q[7], q[14]
Gate( 9239)	tdg q[7]
Gate( 9240)	tdg q[14]
Gate( 9241)	 t q[0]
Gate( 9242)	cx q[0], q[14]
Gate( 9243)	cx q[7], q[0]
Gate( 9244)	cx q[14], q[7]
Gate( 9245)	 h q[0]
Gate( 9246)	 h q[14]
Gate( 9247)	 t q[1]
Gate( 9248)	 t q[13]
Gate( 9249)	 t q[14]
Gate( 9250)	cx q[13], q[1]
Gate( 9251)	cx q[14], q[13]
Gate( 9252)	cx q[1], q[14]
Gate( 9253)	tdg q[13]
Gate( 9254)	cx q[1], q[13]
Gate( 9255)	tdg q[1]
Gate( 9256)	tdg q[13]
Gate( 9257)	 t q[14]
Gate( 9258)	cx q[14], q[13]
Gate( 9259)	cx q[1], q[14]
Gate( 9260)	cx q[13], q[1]
Gate( 9261)	 h q[14]
Gate( 9262)	 h q[13]
Gate( 9263)	 t q[2]
Gate( 9264)	 t q[12]
Gate( 9265)	 t q[13]
Gate( 9266)	cx q[12], q[2]
Gate( 9267)	cx q[13], q[12]
Gate( 9268)	cx q[2], q[13]
Gate( 9269)	tdg q[12]
Gate( 9270)	cx q[2], q[12]
Gate( 9271)	tdg q[2]
Gate( 9272)	tdg q[12]
Gate( 9273)	 t q[13]
Gate( 9274)	cx q[13], q[12]
Gate( 9275)	cx q[2], q[13]
Gate( 9276)	cx q[12], q[2]
Gate( 9277)	 h q[13]
Gate( 9278)	 h q[12]
Gate( 9279)	 t q[3]
Gate( 9280)	 t q[11]
Gate( 9281)	 t q[12]
Gate( 9282)	cx q[11], q[3]
Gate( 9283)	cx q[12], q[11]
Gate( 9284)	cx q[3], q[12]
Gate( 9285)	tdg q[11]
Gate( 9286)	cx q[3], q[11]
Gate( 9287)	tdg q[3]
Gate( 9288)	tdg q[11]
Gate( 9289)	 t q[12]
Gate( 9290)	cx q[12], q[11]
Gate( 9291)	cx q[3], q[12]
Gate( 9292)	cx q[11], q[3]
Gate( 9293)	 h q[12]
Gate( 9294)	 h q[11]
Gate( 9295)	 t q[4]
Gate( 9296)	 t q[10]
Gate( 9297)	 t q[11]
Gate( 9298)	cx q[10], q[4]
Gate( 9299)	cx q[11], q[10]
Gate( 9300)	cx q[4], q[11]
Gate( 9301)	tdg q[10]
Gate( 9302)	cx q[4], q[10]
Gate( 9303)	tdg q[4]
Gate( 9304)	tdg q[10]
Gate( 9305)	 t q[11]
Gate( 9306)	cx q[11], q[10]
Gate( 9307)	cx q[4], q[11]
Gate( 9308)	cx q[10], q[4]
Gate( 9309)	 h q[11]
Gate( 9310)	 h q[10]
Gate( 9311)	 t q[5]
Gate( 9312)	 t q[9]
Gate( 9313)	 t q[10]
Gate( 9314)	cx q[9], q[5]
Gate( 9315)	cx q[10], q[9]
Gate( 9316)	cx q[5], q[10]
Gate( 9317)	tdg q[9]
Gate( 9318)	cx q[5], q[9]
Gate( 9319)	tdg q[5]
Gate( 9320)	tdg q[9]
Gate( 9321)	 t q[10]
Gate( 9322)	cx q[10], q[9]
Gate( 9323)	cx q[5], q[10]
Gate( 9324)	cx q[9], q[5]
Gate( 9325)	 h q[10]
Gate( 9326)	 h q[9]
Gate( 9327)	 t q[8]
Gate( 9328)	 t q[6]
Gate( 9329)	 t q[9]
Gate( 9330)	cx q[6], q[8]
Gate( 9331)	cx q[9], q[6]
Gate( 9332)	cx q[8], q[9]
Gate( 9333)	tdg q[6]
Gate( 9334)	cx q[8], q[6]
Gate( 9335)	tdg q[8]
Gate( 9336)	tdg q[6]
Gate( 9337)	 t q[9]
Gate( 9338)	cx q[9], q[6]
Gate( 9339)	cx q[8], q[9]
Gate( 9340)	cx q[6], q[8]
Gate( 9341)	 h q[9]
Gate( 9342)	 h q[10]
Gate( 9343)	 t q[5]
Gate( 9344)	 t q[9]
Gate( 9345)	 t q[10]
Gate( 9346)	cx q[9], q[5]
Gate( 9347)	cx q[10], q[9]
Gate( 9348)	cx q[5], q[10]
Gate( 9349)	tdg q[9]
Gate( 9350)	cx q[5], q[9]
Gate( 9351)	tdg q[5]
Gate( 9352)	tdg q[9]
Gate( 9353)	 t q[10]
Gate( 9354)	cx q[10], q[9]
Gate( 9355)	cx q[5], q[10]
Gate( 9356)	cx q[9], q[5]
Gate( 9357)	 h q[10]
Gate( 9358)	 h q[11]
Gate( 9359)	 t q[4]
Gate( 9360)	 t q[10]
Gate( 9361)	 t q[11]
Gate( 9362)	cx q[10], q[4]
Gate( 9363)	cx q[11], q[10]
Gate( 9364)	cx q[4], q[11]
Gate( 9365)	tdg q[10]
Gate( 9366)	cx q[4], q[10]
Gate( 9367)	tdg q[4]
Gate( 9368)	tdg q[10]
Gate( 9369)	 t q[11]
Gate( 9370)	cx q[11], q[10]
Gate( 9371)	cx q[4], q[11]
Gate( 9372)	cx q[10], q[4]
Gate( 9373)	 h q[11]
Gate( 9374)	 h q[12]
Gate( 9375)	 t q[3]
Gate( 9376)	 t q[11]
Gate( 9377)	 t q[12]
Gate( 9378)	cx q[11], q[3]
Gate( 9379)	cx q[12], q[11]
Gate( 9380)	cx q[3], q[12]
Gate( 9381)	tdg q[11]
Gate( 9382)	cx q[3], q[11]
Gate( 9383)	tdg q[3]
Gate( 9384)	tdg q[11]
Gate( 9385)	 t q[12]
Gate( 9386)	cx q[12], q[11]
Gate( 9387)	cx q[3], q[12]
Gate( 9388)	cx q[11], q[3]
Gate( 9389)	 h q[12]
Gate( 9390)	 h q[13]
Gate( 9391)	 t q[2]
Gate( 9392)	 t q[12]
Gate( 9393)	 t q[13]
Gate( 9394)	cx q[12], q[2]
Gate( 9395)	cx q[13], q[12]
Gate( 9396)	cx q[2], q[13]
Gate( 9397)	tdg q[12]
Gate( 9398)	cx q[2], q[12]
Gate( 9399)	tdg q[2]
Gate( 9400)	tdg q[12]
Gate( 9401)	 t q[13]
Gate( 9402)	cx q[13], q[12]
Gate( 9403)	cx q[2], q[13]
Gate( 9404)	cx q[12], q[2]
Gate( 9405)	 h q[13]
Gate( 9406)	 h q[14]
Gate( 9407)	 t q[1]
Gate( 9408)	 t q[13]
Gate( 9409)	 t q[14]
Gate( 9410)	cx q[13], q[1]
Gate( 9411)	cx q[14], q[13]
Gate( 9412)	cx q[1], q[14]
Gate( 9413)	tdg q[13]
Gate( 9414)	cx q[1], q[13]
Gate( 9415)	tdg q[1]
Gate( 9416)	tdg q[13]
Gate( 9417)	 t q[14]
Gate( 9418)	cx q[14], q[13]
Gate( 9419)	cx q[1], q[14]
Gate( 9420)	cx q[13], q[1]
Gate( 9421)	 h q[14]
Gate( 9422)	 h q[0]
Gate( 9423)	 t q[7]
Gate( 9424)	 t q[14]
Gate( 9425)	 t q[0]
Gate( 9426)	cx q[14], q[7]
Gate( 9427)	cx q[0], q[14]
Gate( 9428)	cx q[7], q[0]
Gate( 9429)	tdg q[14]
Gate( 9430)	cx q[7], q[14]
Gate( 9431)	tdg q[7]
Gate( 9432)	tdg q[14]
Gate( 9433)	 t q[0]
Gate( 9434)	cx q[0], q[14]
Gate( 9435)	cx q[7], q[0]
Gate( 9436)	cx q[14], q[7]
Gate( 9437)	 h q[0]
Gate( 9438)	 h q[14]
Gate( 9439)	 t q[1]
Gate( 9440)	 t q[13]
Gate( 9441)	 t q[14]
Gate( 9442)	cx q[13], q[1]
Gate( 9443)	cx q[14], q[13]
Gate( 9444)	cx q[1], q[14]
Gate( 9445)	tdg q[13]
Gate( 9446)	cx q[1], q[13]
Gate( 9447)	tdg q[1]
Gate( 9448)	tdg q[13]
Gate( 9449)	 t q[14]
Gate( 9450)	cx q[14], q[13]
Gate( 9451)	cx q[1], q[14]
Gate( 9452)	cx q[13], q[1]
Gate( 9453)	 h q[14]
Gate( 9454)	 h q[13]
Gate( 9455)	 t q[2]
Gate( 9456)	 t q[12]
Gate( 9457)	 t q[13]
Gate( 9458)	cx q[12], q[2]
Gate( 9459)	cx q[13], q[12]
Gate( 9460)	cx q[2], q[13]
Gate( 9461)	tdg q[12]
Gate( 9462)	cx q[2], q[12]
Gate( 9463)	tdg q[2]
Gate( 9464)	tdg q[12]
Gate( 9465)	 t q[13]
Gate( 9466)	cx q[13], q[12]
Gate( 9467)	cx q[2], q[13]
Gate( 9468)	cx q[12], q[2]
Gate( 9469)	 h q[13]
Gate( 9470)	 h q[12]
Gate( 9471)	 t q[3]
Gate( 9472)	 t q[11]
Gate( 9473)	 t q[12]
Gate( 9474)	cx q[11], q[3]
Gate( 9475)	cx q[12], q[11]
Gate( 9476)	cx q[3], q[12]
Gate( 9477)	tdg q[11]
Gate( 9478)	cx q[3], q[11]
Gate( 9479)	tdg q[3]
Gate( 9480)	tdg q[11]
Gate( 9481)	 t q[12]
Gate( 9482)	cx q[12], q[11]
Gate( 9483)	cx q[3], q[12]
Gate( 9484)	cx q[11], q[3]
Gate( 9485)	 h q[12]
Gate( 9486)	 h q[11]
Gate( 9487)	 t q[4]
Gate( 9488)	 t q[10]
Gate( 9489)	 t q[11]
Gate( 9490)	cx q[10], q[4]
Gate( 9491)	cx q[11], q[10]
Gate( 9492)	cx q[4], q[11]
Gate( 9493)	tdg q[10]
Gate( 9494)	cx q[4], q[10]
Gate( 9495)	tdg q[4]
Gate( 9496)	tdg q[10]
Gate( 9497)	 t q[11]
Gate( 9498)	cx q[11], q[10]
Gate( 9499)	cx q[4], q[11]
Gate( 9500)	cx q[10], q[4]
Gate( 9501)	 h q[11]
Gate( 9502)	 h q[10]
Gate( 9503)	 t q[5]
Gate( 9504)	 t q[9]
Gate( 9505)	 t q[10]
Gate( 9506)	cx q[9], q[5]
Gate( 9507)	cx q[10], q[9]
Gate( 9508)	cx q[5], q[10]
Gate( 9509)	tdg q[9]
Gate( 9510)	cx q[5], q[9]
Gate( 9511)	tdg q[5]
Gate( 9512)	tdg q[9]
Gate( 9513)	 t q[10]
Gate( 9514)	cx q[10], q[9]
Gate( 9515)	cx q[5], q[10]
Gate( 9516)	cx q[9], q[5]
Gate( 9517)	 h q[10]
Gate( 9518)	 h q[9]
Gate( 9519)	 t q[8]
Gate( 9520)	 t q[6]
Gate( 9521)	 t q[9]
Gate( 9522)	cx q[6], q[8]
Gate( 9523)	cx q[9], q[6]
Gate( 9524)	cx q[8], q[9]
Gate( 9525)	tdg q[6]
Gate( 9526)	cx q[8], q[6]
Gate( 9527)	tdg q[8]
Gate( 9528)	tdg q[6]
Gate( 9529)	 t q[9]
Gate( 9530)	cx q[9], q[6]
Gate( 9531)	cx q[8], q[9]
Gate( 9532)	cx q[6], q[8]
Gate( 9533)	 h q[9]
Gate( 9534)	 h q[10]
Gate( 9535)	 t q[5]
Gate( 9536)	 t q[9]
Gate( 9537)	 t q[10]
Gate( 9538)	cx q[9], q[5]
Gate( 9539)	cx q[10], q[9]
Gate( 9540)	cx q[5], q[10]
Gate( 9541)	tdg q[9]
Gate( 9542)	cx q[5], q[9]
Gate( 9543)	tdg q[5]
Gate( 9544)	tdg q[9]
Gate( 9545)	 t q[10]
Gate( 9546)	cx q[10], q[9]
Gate( 9547)	cx q[5], q[10]
Gate( 9548)	cx q[9], q[5]
Gate( 9549)	 h q[10]
Gate( 9550)	 h q[11]
Gate( 9551)	 t q[4]
Gate( 9552)	 t q[10]
Gate( 9553)	 t q[11]
Gate( 9554)	cx q[10], q[4]
Gate( 9555)	cx q[11], q[10]
Gate( 9556)	cx q[4], q[11]
Gate( 9557)	tdg q[10]
Gate( 9558)	cx q[4], q[10]
Gate( 9559)	tdg q[4]
Gate( 9560)	tdg q[10]
Gate( 9561)	 t q[11]
Gate( 9562)	cx q[11], q[10]
Gate( 9563)	cx q[4], q[11]
Gate( 9564)	cx q[10], q[4]
Gate( 9565)	 h q[11]
Gate( 9566)	 h q[12]
Gate( 9567)	 t q[3]
Gate( 9568)	 t q[11]
Gate( 9569)	 t q[12]
Gate( 9570)	cx q[11], q[3]
Gate( 9571)	cx q[12], q[11]
Gate( 9572)	cx q[3], q[12]
Gate( 9573)	tdg q[11]
Gate( 9574)	cx q[3], q[11]
Gate( 9575)	tdg q[3]
Gate( 9576)	tdg q[11]
Gate( 9577)	 t q[12]
Gate( 9578)	cx q[12], q[11]
Gate( 9579)	cx q[3], q[12]
Gate( 9580)	cx q[11], q[3]
Gate( 9581)	 h q[12]
Gate( 9582)	 h q[13]
Gate( 9583)	 t q[2]
Gate( 9584)	 t q[12]
Gate( 9585)	 t q[13]
Gate( 9586)	cx q[12], q[2]
Gate( 9587)	cx q[13], q[12]
Gate( 9588)	cx q[2], q[13]
Gate( 9589)	tdg q[12]
Gate( 9590)	cx q[2], q[12]
Gate( 9591)	tdg q[2]
Gate( 9592)	tdg q[12]
Gate( 9593)	 t q[13]
Gate( 9594)	cx q[13], q[12]
Gate( 9595)	cx q[2], q[13]
Gate( 9596)	cx q[12], q[2]
Gate( 9597)	 h q[13]
Gate( 9598)	 h q[14]
Gate( 9599)	 t q[1]
Gate( 9600)	 t q[13]
Gate( 9601)	 t q[14]
Gate( 9602)	cx q[13], q[1]
Gate( 9603)	cx q[14], q[13]
Gate( 9604)	cx q[1], q[14]
Gate( 9605)	tdg q[13]
Gate( 9606)	cx q[1], q[13]
Gate( 9607)	tdg q[1]
Gate( 9608)	tdg q[13]
Gate( 9609)	 t q[14]
Gate( 9610)	cx q[14], q[13]
Gate( 9611)	cx q[1], q[14]
Gate( 9612)	cx q[13], q[1]
Gate( 9613)	 h q[14]
Gate( 9614)	 h q[7]
Gate( 9615)	 t q[9]
Gate( 9616)	 t q[8]
Gate( 9617)	 t q[7]
Gate( 9618)	cx q[8], q[9]
Gate( 9619)	cx q[7], q[8]
Gate( 9620)	cx q[9], q[7]
Gate( 9621)	tdg q[8]
Gate( 9622)	cx q[9], q[8]
Gate( 9623)	tdg q[9]
Gate( 9624)	tdg q[8]
Gate( 9625)	 t q[7]
Gate( 9626)	cx q[7], q[8]
Gate( 9627)	cx q[9], q[7]
Gate( 9628)	cx q[8], q[9]
Gate( 9629)	 h q[7]
Gate( 9630)	 h q[8]
Gate( 9631)	 t q[10]
Gate( 9632)	 t q[6]
Gate( 9633)	 t q[8]
Gate( 9634)	cx q[6], q[10]
Gate( 9635)	cx q[8], q[6]
Gate( 9636)	cx q[10], q[8]
Gate( 9637)	tdg q[6]
Gate( 9638)	cx q[10], q[6]
Gate( 9639)	tdg q[10]
Gate( 9640)	tdg q[6]
Gate( 9641)	 t q[8]
Gate( 9642)	cx q[8], q[6]
Gate( 9643)	cx q[10], q[8]
Gate( 9644)	cx q[6], q[10]
Gate( 9645)	 h q[8]
Gate( 9646)	 h q[6]
Gate( 9647)	 t q[11]
Gate( 9648)	 t q[5]
Gate( 9649)	 t q[6]
Gate( 9650)	cx q[5], q[11]
Gate( 9651)	cx q[6], q[5]
Gate( 9652)	cx q[11], q[6]
Gate( 9653)	tdg q[5]
Gate( 9654)	cx q[11], q[5]
Gate( 9655)	tdg q[11]
Gate( 9656)	tdg q[5]
Gate( 9657)	 t q[6]
Gate( 9658)	cx q[6], q[5]
Gate( 9659)	cx q[11], q[6]
Gate( 9660)	cx q[5], q[11]
Gate( 9661)	 h q[6]
Gate( 9662)	 h q[5]
Gate( 9663)	 t q[12]
Gate( 9664)	 t q[4]
Gate( 9665)	 t q[5]
Gate( 9666)	cx q[4], q[12]
Gate( 9667)	cx q[5], q[4]
Gate( 9668)	cx q[12], q[5]
Gate( 9669)	tdg q[4]
Gate( 9670)	cx q[12], q[4]
Gate( 9671)	tdg q[12]
Gate( 9672)	tdg q[4]
Gate( 9673)	 t q[5]
Gate( 9674)	cx q[5], q[4]
Gate( 9675)	cx q[12], q[5]
Gate( 9676)	cx q[4], q[12]
Gate( 9677)	 h q[5]
Gate( 9678)	 h q[4]
Gate( 9679)	 t q[14]
Gate( 9680)	 t q[13]
Gate( 9681)	 t q[4]
Gate( 9682)	cx q[13], q[14]
Gate( 9683)	cx q[4], q[13]
Gate( 9684)	cx q[14], q[4]
Gate( 9685)	tdg q[13]
Gate( 9686)	cx q[14], q[13]
Gate( 9687)	tdg q[14]
Gate( 9688)	tdg q[13]
Gate( 9689)	 t q[4]
Gate( 9690)	cx q[4], q[13]
Gate( 9691)	cx q[14], q[4]
Gate( 9692)	cx q[13], q[14]
Gate( 9693)	 h q[4]
Gate( 9694)	 h q[5]
Gate( 9695)	 t q[12]
Gate( 9696)	 t q[4]
Gate( 9697)	 t q[5]
Gate( 9698)	cx q[4], q[12]
Gate( 9699)	cx q[5], q[4]
Gate( 9700)	cx q[12], q[5]
Gate( 9701)	tdg q[4]
Gate( 9702)	cx q[12], q[4]
Gate( 9703)	tdg q[12]
Gate( 9704)	tdg q[4]
Gate( 9705)	 t q[5]
Gate( 9706)	cx q[5], q[4]
Gate( 9707)	cx q[12], q[5]
Gate( 9708)	cx q[4], q[12]
Gate( 9709)	 h q[5]
Gate( 9710)	 h q[6]
Gate( 9711)	 t q[11]
Gate( 9712)	 t q[5]
Gate( 9713)	 t q[6]
Gate( 9714)	cx q[5], q[11]
Gate( 9715)	cx q[6], q[5]
Gate( 9716)	cx q[11], q[6]
Gate( 9717)	tdg q[5]
Gate( 9718)	cx q[11], q[5]
Gate( 9719)	tdg q[11]
Gate( 9720)	tdg q[5]
Gate( 9721)	 t q[6]
Gate( 9722)	cx q[6], q[5]
Gate( 9723)	cx q[11], q[6]
Gate( 9724)	cx q[5], q[11]
Gate( 9725)	 h q[6]
Gate( 9726)	 h q[8]
Gate( 9727)	 t q[10]
Gate( 9728)	 t q[6]
Gate( 9729)	 t q[8]
Gate( 9730)	cx q[6], q[10]
Gate( 9731)	cx q[8], q[6]
Gate( 9732)	cx q[10], q[8]
Gate( 9733)	tdg q[6]
Gate( 9734)	cx q[10], q[6]
Gate( 9735)	tdg q[10]
Gate( 9736)	tdg q[6]
Gate( 9737)	 t q[8]
Gate( 9738)	cx q[8], q[6]
Gate( 9739)	cx q[10], q[8]
Gate( 9740)	cx q[6], q[10]
Gate( 9741)	 h q[8]
Gate( 9742)	 h q[7]
Gate( 9743)	 t q[9]
Gate( 9744)	 t q[8]
Gate( 9745)	 t q[7]
Gate( 9746)	cx q[8], q[9]
Gate( 9747)	cx q[7], q[8]
Gate( 9748)	cx q[9], q[7]
Gate( 9749)	tdg q[8]
Gate( 9750)	cx q[9], q[8]
Gate( 9751)	tdg q[9]
Gate( 9752)	tdg q[8]
Gate( 9753)	 t q[7]
Gate( 9754)	cx q[7], q[8]
Gate( 9755)	cx q[9], q[7]
Gate( 9756)	cx q[8], q[9]
Gate( 9757)	 h q[7]
Gate( 9758)	 h q[8]
Gate( 9759)	 t q[10]
Gate( 9760)	 t q[6]
Gate( 9761)	 t q[8]
Gate( 9762)	cx q[6], q[10]
Gate( 9763)	cx q[8], q[6]
Gate( 9764)	cx q[10], q[8]
Gate( 9765)	tdg q[6]
Gate( 9766)	cx q[10], q[6]
Gate( 9767)	tdg q[10]
Gate( 9768)	tdg q[6]
Gate( 9769)	 t q[8]
Gate( 9770)	cx q[8], q[6]
Gate( 9771)	cx q[10], q[8]
Gate( 9772)	cx q[6], q[10]
Gate( 9773)	 h q[8]
Gate( 9774)	 h q[6]
Gate( 9775)	 t q[11]
Gate( 9776)	 t q[5]
Gate( 9777)	 t q[6]
Gate( 9778)	cx q[5], q[11]
Gate( 9779)	cx q[6], q[5]
Gate( 9780)	cx q[11], q[6]
Gate( 9781)	tdg q[5]
Gate( 9782)	cx q[11], q[5]
Gate( 9783)	tdg q[11]
Gate( 9784)	tdg q[5]
Gate( 9785)	 t q[6]
Gate( 9786)	cx q[6], q[5]
Gate( 9787)	cx q[11], q[6]
Gate( 9788)	cx q[5], q[11]
Gate( 9789)	 h q[6]
Gate( 9790)	 h q[5]
Gate( 9791)	 t q[12]
Gate( 9792)	 t q[4]
Gate( 9793)	 t q[5]
Gate( 9794)	cx q[4], q[12]
Gate( 9795)	cx q[5], q[4]
Gate( 9796)	cx q[12], q[5]
Gate( 9797)	tdg q[4]
Gate( 9798)	cx q[12], q[4]
Gate( 9799)	tdg q[12]
Gate( 9800)	tdg q[4]
Gate( 9801)	 t q[5]
Gate( 9802)	cx q[5], q[4]
Gate( 9803)	cx q[12], q[5]
Gate( 9804)	cx q[4], q[12]
Gate( 9805)	 h q[5]
Gate( 9806)	 h q[4]
Gate( 9807)	 t q[14]
Gate( 9808)	 t q[13]
Gate( 9809)	 t q[4]
Gate( 9810)	cx q[13], q[14]
Gate( 9811)	cx q[4], q[13]
Gate( 9812)	cx q[14], q[4]
Gate( 9813)	tdg q[13]
Gate( 9814)	cx q[14], q[13]
Gate( 9815)	tdg q[14]
Gate( 9816)	tdg q[13]
Gate( 9817)	 t q[4]
Gate( 9818)	cx q[4], q[13]
Gate( 9819)	cx q[14], q[4]
Gate( 9820)	cx q[13], q[14]
Gate( 9821)	 h q[4]
Gate( 9822)	 h q[5]
Gate( 9823)	 t q[12]
Gate( 9824)	 t q[4]
Gate( 9825)	 t q[5]
Gate( 9826)	cx q[4], q[12]
Gate( 9827)	cx q[5], q[4]
Gate( 9828)	cx q[12], q[5]
Gate( 9829)	tdg q[4]
Gate( 9830)	cx q[12], q[4]
Gate( 9831)	tdg q[12]
Gate( 9832)	tdg q[4]
Gate( 9833)	 t q[5]
Gate( 9834)	cx q[5], q[4]
Gate( 9835)	cx q[12], q[5]
Gate( 9836)	cx q[4], q[12]
Gate( 9837)	 h q[5]
Gate( 9838)	 h q[6]
Gate( 9839)	 t q[11]
Gate( 9840)	 t q[5]
Gate( 9841)	 t q[6]
Gate( 9842)	cx q[5], q[11]
Gate( 9843)	cx q[6], q[5]
Gate( 9844)	cx q[11], q[6]
Gate( 9845)	tdg q[5]
Gate( 9846)	cx q[11], q[5]
Gate( 9847)	tdg q[11]
Gate( 9848)	tdg q[5]
Gate( 9849)	 t q[6]
Gate( 9850)	cx q[6], q[5]
Gate( 9851)	cx q[11], q[6]
Gate( 9852)	cx q[5], q[11]
Gate( 9853)	 h q[6]
Gate( 9854)	 h q[8]
Gate( 9855)	 t q[10]
Gate( 9856)	 t q[6]
Gate( 9857)	 t q[8]
Gate( 9858)	cx q[6], q[10]
Gate( 9859)	cx q[8], q[6]
Gate( 9860)	cx q[10], q[8]
Gate( 9861)	tdg q[6]
Gate( 9862)	cx q[10], q[6]
Gate( 9863)	tdg q[10]
Gate( 9864)	tdg q[6]
Gate( 9865)	 t q[8]
Gate( 9866)	cx q[8], q[6]
Gate( 9867)	cx q[10], q[8]
Gate( 9868)	cx q[6], q[10]
Gate( 9869)	 h q[8]
Gate( 9870)	 h q[0]
Gate( 9871)	 t q[7]
Gate( 9872)	 t q[14]
Gate( 9873)	 t q[0]
Gate( 9874)	cx q[14], q[7]
Gate( 9875)	cx q[0], q[14]
Gate( 9876)	cx q[7], q[0]
Gate( 9877)	tdg q[14]
Gate( 9878)	cx q[7], q[14]
Gate( 9879)	tdg q[7]
Gate( 9880)	tdg q[14]
Gate( 9881)	 t q[0]
Gate( 9882)	cx q[0], q[14]
Gate( 9883)	cx q[7], q[0]
Gate( 9884)	cx q[14], q[7]
Gate( 9885)	 h q[0]
Gate( 9886)	 h q[14]
Gate( 9887)	 t q[1]
Gate( 9888)	 t q[13]
Gate( 9889)	 t q[14]
Gate( 9890)	cx q[13], q[1]
Gate( 9891)	cx q[14], q[13]
Gate( 9892)	cx q[1], q[14]
Gate( 9893)	tdg q[13]
Gate( 9894)	cx q[1], q[13]
Gate( 9895)	tdg q[1]
Gate( 9896)	tdg q[13]
Gate( 9897)	 t q[14]
Gate( 9898)	cx q[14], q[13]
Gate( 9899)	cx q[1], q[14]
Gate( 9900)	cx q[13], q[1]
Gate( 9901)	 h q[14]
Gate( 9902)	 h q[13]
Gate( 9903)	 t q[2]
Gate( 9904)	 t q[12]
Gate( 9905)	 t q[13]
Gate( 9906)	cx q[12], q[2]
Gate( 9907)	cx q[13], q[12]
Gate( 9908)	cx q[2], q[13]
Gate( 9909)	tdg q[12]
Gate( 9910)	cx q[2], q[12]
Gate( 9911)	tdg q[2]
Gate( 9912)	tdg q[12]
Gate( 9913)	 t q[13]
Gate( 9914)	cx q[13], q[12]
Gate( 9915)	cx q[2], q[13]
Gate( 9916)	cx q[12], q[2]
Gate( 9917)	 h q[13]
Gate( 9918)	 h q[12]
Gate( 9919)	 t q[3]
Gate( 9920)	 t q[11]
Gate( 9921)	 t q[12]
Gate( 9922)	cx q[11], q[3]
Gate( 9923)	cx q[12], q[11]
Gate( 9924)	cx q[3], q[12]
Gate( 9925)	tdg q[11]
Gate( 9926)	cx q[3], q[11]
Gate( 9927)	tdg q[3]
Gate( 9928)	tdg q[11]
Gate( 9929)	 t q[12]
Gate( 9930)	cx q[12], q[11]
Gate( 9931)	cx q[3], q[12]
Gate( 9932)	cx q[11], q[3]
Gate( 9933)	 h q[12]
Gate( 9934)	 h q[11]
Gate( 9935)	 t q[4]
Gate( 9936)	 t q[10]
Gate( 9937)	 t q[11]
Gate( 9938)	cx q[10], q[4]
Gate( 9939)	cx q[11], q[10]
Gate( 9940)	cx q[4], q[11]
Gate( 9941)	tdg q[10]
Gate( 9942)	cx q[4], q[10]
Gate( 9943)	tdg q[4]
Gate( 9944)	tdg q[10]
Gate( 9945)	 t q[11]
Gate( 9946)	cx q[11], q[10]
Gate( 9947)	cx q[4], q[11]
Gate( 9948)	cx q[10], q[4]
Gate( 9949)	 h q[11]
Gate( 9950)	 h q[10]
Gate( 9951)	 t q[5]
Gate( 9952)	 t q[9]
Gate( 9953)	 t q[10]
Gate( 9954)	cx q[9], q[5]
Gate( 9955)	cx q[10], q[9]
Gate( 9956)	cx q[5], q[10]
Gate( 9957)	tdg q[9]
Gate( 9958)	cx q[5], q[9]
Gate( 9959)	tdg q[5]
Gate( 9960)	tdg q[9]
Gate( 9961)	 t q[10]
Gate( 9962)	cx q[10], q[9]
Gate( 9963)	cx q[5], q[10]
Gate( 9964)	cx q[9], q[5]
Gate( 9965)	 h q[10]
Gate( 9966)	 h q[9]
Gate( 9967)	 t q[8]
Gate( 9968)	 t q[6]
Gate( 9969)	 t q[9]
Gate( 9970)	cx q[6], q[8]
Gate( 9971)	cx q[9], q[6]
Gate( 9972)	cx q[8], q[9]
Gate( 9973)	tdg q[6]
Gate( 9974)	cx q[8], q[6]
Gate( 9975)	tdg q[8]
Gate( 9976)	tdg q[6]
Gate( 9977)	 t q[9]
Gate( 9978)	cx q[9], q[6]
Gate( 9979)	cx q[8], q[9]
Gate( 9980)	cx q[6], q[8]
Gate( 9981)	 h q[9]
Gate( 9982)	 h q[10]
Gate( 9983)	 t q[5]
Gate( 9984)	 t q[9]
Gate( 9985)	 t q[10]
Gate( 9986)	cx q[9], q[5]
Gate( 9987)	cx q[10], q[9]
Gate( 9988)	cx q[5], q[10]
Gate( 9989)	tdg q[9]
Gate( 9990)	cx q[5], q[9]
Gate( 9991)	tdg q[5]
Gate( 9992)	tdg q[9]
Gate( 9993)	 t q[10]
Gate( 9994)	cx q[10], q[9]
Gate( 9995)	cx q[5], q[10]
Gate( 9996)	cx q[9], q[5]
Gate( 9997)	 h q[10]
Gate( 9998)	 h q[11]
Gate( 9999)	 t q[4]
Gate(10000)	 t q[10]
Gate(10001)	 t q[11]
Gate(10002)	cx q[10], q[4]
Gate(10003)	cx q[11], q[10]
Gate(10004)	cx q[4], q[11]
Gate(10005)	tdg q[10]
Gate(10006)	cx q[4], q[10]
Gate(10007)	tdg q[4]
Gate(10008)	tdg q[10]
Gate(10009)	 t q[11]
Gate(10010)	cx q[11], q[10]
Gate(10011)	cx q[4], q[11]
Gate(10012)	cx q[10], q[4]
Gate(10013)	 h q[11]
Gate(10014)	 h q[12]
Gate(10015)	 t q[3]
Gate(10016)	 t q[11]
Gate(10017)	 t q[12]
Gate(10018)	cx q[11], q[3]
Gate(10019)	cx q[12], q[11]
Gate(10020)	cx q[3], q[12]
Gate(10021)	tdg q[11]
Gate(10022)	cx q[3], q[11]
Gate(10023)	tdg q[3]
Gate(10024)	tdg q[11]
Gate(10025)	 t q[12]
Gate(10026)	cx q[12], q[11]
Gate(10027)	cx q[3], q[12]
Gate(10028)	cx q[11], q[3]
Gate(10029)	 h q[12]
Gate(10030)	 h q[13]
Gate(10031)	 t q[2]
Gate(10032)	 t q[12]
Gate(10033)	 t q[13]
Gate(10034)	cx q[12], q[2]
Gate(10035)	cx q[13], q[12]
Gate(10036)	cx q[2], q[13]
Gate(10037)	tdg q[12]
Gate(10038)	cx q[2], q[12]
Gate(10039)	tdg q[2]
Gate(10040)	tdg q[12]
Gate(10041)	 t q[13]
Gate(10042)	cx q[13], q[12]
Gate(10043)	cx q[2], q[13]
Gate(10044)	cx q[12], q[2]
Gate(10045)	 h q[13]
Gate(10046)	 h q[14]
Gate(10047)	 t q[1]
Gate(10048)	 t q[13]
Gate(10049)	 t q[14]
Gate(10050)	cx q[13], q[1]
Gate(10051)	cx q[14], q[13]
Gate(10052)	cx q[1], q[14]
Gate(10053)	tdg q[13]
Gate(10054)	cx q[1], q[13]
Gate(10055)	tdg q[1]
Gate(10056)	tdg q[13]
Gate(10057)	 t q[14]
Gate(10058)	cx q[14], q[13]
Gate(10059)	cx q[1], q[14]
Gate(10060)	cx q[13], q[1]
Gate(10061)	 h q[14]
Gate(10062)	 h q[0]
Gate(10063)	 t q[7]
Gate(10064)	 t q[14]
Gate(10065)	 t q[0]
Gate(10066)	cx q[14], q[7]
Gate(10067)	cx q[0], q[14]
Gate(10068)	cx q[7], q[0]
Gate(10069)	tdg q[14]
Gate(10070)	cx q[7], q[14]
Gate(10071)	tdg q[7]
Gate(10072)	tdg q[14]
Gate(10073)	 t q[0]
Gate(10074)	cx q[0], q[14]
Gate(10075)	cx q[7], q[0]
Gate(10076)	cx q[14], q[7]
Gate(10077)	 h q[0]
Gate(10078)	 h q[14]
Gate(10079)	 t q[1]
Gate(10080)	 t q[13]
Gate(10081)	 t q[14]
Gate(10082)	cx q[13], q[1]
Gate(10083)	cx q[14], q[13]
Gate(10084)	cx q[1], q[14]
Gate(10085)	tdg q[13]
Gate(10086)	cx q[1], q[13]
Gate(10087)	tdg q[1]
Gate(10088)	tdg q[13]
Gate(10089)	 t q[14]
Gate(10090)	cx q[14], q[13]
Gate(10091)	cx q[1], q[14]
Gate(10092)	cx q[13], q[1]
Gate(10093)	 h q[14]
Gate(10094)	 h q[13]
Gate(10095)	 t q[2]
Gate(10096)	 t q[12]
Gate(10097)	 t q[13]
Gate(10098)	cx q[12], q[2]
Gate(10099)	cx q[13], q[12]
Gate(10100)	cx q[2], q[13]
Gate(10101)	tdg q[12]
Gate(10102)	cx q[2], q[12]
Gate(10103)	tdg q[2]
Gate(10104)	tdg q[12]
Gate(10105)	 t q[13]
Gate(10106)	cx q[13], q[12]
Gate(10107)	cx q[2], q[13]
Gate(10108)	cx q[12], q[2]
Gate(10109)	 h q[13]
Gate(10110)	 h q[12]
Gate(10111)	 t q[3]
Gate(10112)	 t q[11]
Gate(10113)	 t q[12]
Gate(10114)	cx q[11], q[3]
Gate(10115)	cx q[12], q[11]
Gate(10116)	cx q[3], q[12]
Gate(10117)	tdg q[11]
Gate(10118)	cx q[3], q[11]
Gate(10119)	tdg q[3]
Gate(10120)	tdg q[11]
Gate(10121)	 t q[12]
Gate(10122)	cx q[12], q[11]
Gate(10123)	cx q[3], q[12]
Gate(10124)	cx q[11], q[3]
Gate(10125)	 h q[12]
Gate(10126)	 h q[11]
Gate(10127)	 t q[4]
Gate(10128)	 t q[10]
Gate(10129)	 t q[11]
Gate(10130)	cx q[10], q[4]
Gate(10131)	cx q[11], q[10]
Gate(10132)	cx q[4], q[11]
Gate(10133)	tdg q[10]
Gate(10134)	cx q[4], q[10]
Gate(10135)	tdg q[4]
Gate(10136)	tdg q[10]
Gate(10137)	 t q[11]
Gate(10138)	cx q[11], q[10]
Gate(10139)	cx q[4], q[11]
Gate(10140)	cx q[10], q[4]
Gate(10141)	 h q[11]
Gate(10142)	 h q[10]
Gate(10143)	 t q[5]
Gate(10144)	 t q[9]
Gate(10145)	 t q[10]
Gate(10146)	cx q[9], q[5]
Gate(10147)	cx q[10], q[9]
Gate(10148)	cx q[5], q[10]
Gate(10149)	tdg q[9]
Gate(10150)	cx q[5], q[9]
Gate(10151)	tdg q[5]
Gate(10152)	tdg q[9]
Gate(10153)	 t q[10]
Gate(10154)	cx q[10], q[9]
Gate(10155)	cx q[5], q[10]
Gate(10156)	cx q[9], q[5]
Gate(10157)	 h q[10]
Gate(10158)	 h q[9]
Gate(10159)	 t q[8]
Gate(10160)	 t q[6]
Gate(10161)	 t q[9]
Gate(10162)	cx q[6], q[8]
Gate(10163)	cx q[9], q[6]
Gate(10164)	cx q[8], q[9]
Gate(10165)	tdg q[6]
Gate(10166)	cx q[8], q[6]
Gate(10167)	tdg q[8]
Gate(10168)	tdg q[6]
Gate(10169)	 t q[9]
Gate(10170)	cx q[9], q[6]
Gate(10171)	cx q[8], q[9]
Gate(10172)	cx q[6], q[8]
Gate(10173)	 h q[9]
Gate(10174)	 h q[10]
Gate(10175)	 t q[5]
Gate(10176)	 t q[9]
Gate(10177)	 t q[10]
Gate(10178)	cx q[9], q[5]
Gate(10179)	cx q[10], q[9]
Gate(10180)	cx q[5], q[10]
Gate(10181)	tdg q[9]
Gate(10182)	cx q[5], q[9]
Gate(10183)	tdg q[5]
Gate(10184)	tdg q[9]
Gate(10185)	 t q[10]
Gate(10186)	cx q[10], q[9]
Gate(10187)	cx q[5], q[10]
Gate(10188)	cx q[9], q[5]
Gate(10189)	 h q[10]
Gate(10190)	 h q[11]
Gate(10191)	 t q[4]
Gate(10192)	 t q[10]
Gate(10193)	 t q[11]
Gate(10194)	cx q[10], q[4]
Gate(10195)	cx q[11], q[10]
Gate(10196)	cx q[4], q[11]
Gate(10197)	tdg q[10]
Gate(10198)	cx q[4], q[10]
Gate(10199)	tdg q[4]
Gate(10200)	tdg q[10]
Gate(10201)	 t q[11]
Gate(10202)	cx q[11], q[10]
Gate(10203)	cx q[4], q[11]
Gate(10204)	cx q[10], q[4]
Gate(10205)	 h q[11]
Gate(10206)	 h q[12]
Gate(10207)	 t q[3]
Gate(10208)	 t q[11]
Gate(10209)	 t q[12]
Gate(10210)	cx q[11], q[3]
Gate(10211)	cx q[12], q[11]
Gate(10212)	cx q[3], q[12]
Gate(10213)	tdg q[11]
Gate(10214)	cx q[3], q[11]
Gate(10215)	tdg q[3]
Gate(10216)	tdg q[11]
Gate(10217)	 t q[12]
Gate(10218)	cx q[12], q[11]
Gate(10219)	cx q[3], q[12]
Gate(10220)	cx q[11], q[3]
Gate(10221)	 h q[12]
Gate(10222)	 h q[13]
Gate(10223)	 t q[2]
Gate(10224)	 t q[12]
Gate(10225)	 t q[13]
Gate(10226)	cx q[12], q[2]
Gate(10227)	cx q[13], q[12]
Gate(10228)	cx q[2], q[13]
Gate(10229)	tdg q[12]
Gate(10230)	cx q[2], q[12]
Gate(10231)	tdg q[2]
Gate(10232)	tdg q[12]
Gate(10233)	 t q[13]
Gate(10234)	cx q[13], q[12]
Gate(10235)	cx q[2], q[13]
Gate(10236)	cx q[12], q[2]
Gate(10237)	 h q[13]
Gate(10238)	 h q[14]
Gate(10239)	 t q[1]
Gate(10240)	 t q[13]
Gate(10241)	 t q[14]
Gate(10242)	cx q[13], q[1]
Gate(10243)	cx q[14], q[13]
Gate(10244)	cx q[1], q[14]
Gate(10245)	tdg q[13]
Gate(10246)	cx q[1], q[13]
Gate(10247)	tdg q[1]
Gate(10248)	tdg q[13]
Gate(10249)	 t q[14]
Gate(10250)	cx q[14], q[13]
Gate(10251)	cx q[1], q[14]
Gate(10252)	cx q[13], q[1]
Gate(10253)	 h q[14]
Gate(10254)	 h q[6]
Gate(10255)	 t q[9]
Gate(10256)	 t q[8]
Gate(10257)	 t q[6]
Gate(10258)	cx q[8], q[9]
Gate(10259)	cx q[6], q[8]
Gate(10260)	cx q[9], q[6]
Gate(10261)	tdg q[8]
Gate(10262)	cx q[9], q[8]
Gate(10263)	tdg q[9]
Gate(10264)	tdg q[8]
Gate(10265)	 t q[6]
Gate(10266)	cx q[6], q[8]
Gate(10267)	cx q[9], q[6]
Gate(10268)	cx q[8], q[9]
Gate(10269)	 h q[6]
Gate(10270)	 h q[8]
Gate(10271)	 t q[10]
Gate(10272)	 t q[7]
Gate(10273)	 t q[8]
Gate(10274)	cx q[7], q[10]
Gate(10275)	cx q[8], q[7]
Gate(10276)	cx q[10], q[8]
Gate(10277)	tdg q[7]
Gate(10278)	cx q[10], q[7]
Gate(10279)	tdg q[10]
Gate(10280)	tdg q[7]
Gate(10281)	 t q[8]
Gate(10282)	cx q[8], q[7]
Gate(10283)	cx q[10], q[8]
Gate(10284)	cx q[7], q[10]
Gate(10285)	 h q[8]
Gate(10286)	 h q[7]
Gate(10287)	 t q[11]
Gate(10288)	 t q[5]
Gate(10289)	 t q[7]
Gate(10290)	cx q[5], q[11]
Gate(10291)	cx q[7], q[5]
Gate(10292)	cx q[11], q[7]
Gate(10293)	tdg q[5]
Gate(10294)	cx q[11], q[5]
Gate(10295)	tdg q[11]
Gate(10296)	tdg q[5]
Gate(10297)	 t q[7]
Gate(10298)	cx q[7], q[5]
Gate(10299)	cx q[11], q[7]
Gate(10300)	cx q[5], q[11]
Gate(10301)	 h q[7]
Gate(10302)	 h q[5]
Gate(10303)	 t q[12]
Gate(10304)	 t q[4]
Gate(10305)	 t q[5]
Gate(10306)	cx q[4], q[12]
Gate(10307)	cx q[5], q[4]
Gate(10308)	cx q[12], q[5]
Gate(10309)	tdg q[4]
Gate(10310)	cx q[12], q[4]
Gate(10311)	tdg q[12]
Gate(10312)	tdg q[4]
Gate(10313)	 t q[5]
Gate(10314)	cx q[5], q[4]
Gate(10315)	cx q[12], q[5]
Gate(10316)	cx q[4], q[12]
Gate(10317)	 h q[5]
Gate(10318)	 h q[4]
Gate(10319)	 t q[14]
Gate(10320)	 t q[13]
Gate(10321)	 t q[4]
Gate(10322)	cx q[13], q[14]
Gate(10323)	cx q[4], q[13]
Gate(10324)	cx q[14], q[4]
Gate(10325)	tdg q[13]
Gate(10326)	cx q[14], q[13]
Gate(10327)	tdg q[14]
Gate(10328)	tdg q[13]
Gate(10329)	 t q[4]
Gate(10330)	cx q[4], q[13]
Gate(10331)	cx q[14], q[4]
Gate(10332)	cx q[13], q[14]
Gate(10333)	 h q[4]
Gate(10334)	 h q[5]
Gate(10335)	 t q[12]
Gate(10336)	 t q[4]
Gate(10337)	 t q[5]
Gate(10338)	cx q[4], q[12]
Gate(10339)	cx q[5], q[4]
Gate(10340)	cx q[12], q[5]
Gate(10341)	tdg q[4]
Gate(10342)	cx q[12], q[4]
Gate(10343)	tdg q[12]
Gate(10344)	tdg q[4]
Gate(10345)	 t q[5]
Gate(10346)	cx q[5], q[4]
Gate(10347)	cx q[12], q[5]
Gate(10348)	cx q[4], q[12]
Gate(10349)	 h q[5]
Gate(10350)	 h q[7]
Gate(10351)	 t q[11]
Gate(10352)	 t q[5]
Gate(10353)	 t q[7]
Gate(10354)	cx q[5], q[11]
Gate(10355)	cx q[7], q[5]
Gate(10356)	cx q[11], q[7]
Gate(10357)	tdg q[5]
Gate(10358)	cx q[11], q[5]
Gate(10359)	tdg q[11]
Gate(10360)	tdg q[5]
Gate(10361)	 t q[7]
Gate(10362)	cx q[7], q[5]
Gate(10363)	cx q[11], q[7]
Gate(10364)	cx q[5], q[11]
Gate(10365)	 h q[7]
Gate(10366)	 h q[8]
Gate(10367)	 t q[10]
Gate(10368)	 t q[7]
Gate(10369)	 t q[8]
Gate(10370)	cx q[7], q[10]
Gate(10371)	cx q[8], q[7]
Gate(10372)	cx q[10], q[8]
Gate(10373)	tdg q[7]
Gate(10374)	cx q[10], q[7]
Gate(10375)	tdg q[10]
Gate(10376)	tdg q[7]
Gate(10377)	 t q[8]
Gate(10378)	cx q[8], q[7]
Gate(10379)	cx q[10], q[8]
Gate(10380)	cx q[7], q[10]
Gate(10381)	 h q[8]
Gate(10382)	 h q[6]
Gate(10383)	 t q[9]
Gate(10384)	 t q[8]
Gate(10385)	 t q[6]
Gate(10386)	cx q[8], q[9]
Gate(10387)	cx q[6], q[8]
Gate(10388)	cx q[9], q[6]
Gate(10389)	tdg q[8]
Gate(10390)	cx q[9], q[8]
Gate(10391)	tdg q[9]
Gate(10392)	tdg q[8]
Gate(10393)	 t q[6]
Gate(10394)	cx q[6], q[8]
Gate(10395)	cx q[9], q[6]
Gate(10396)	cx q[8], q[9]
Gate(10397)	 h q[6]
Gate(10398)	 h q[8]
Gate(10399)	 t q[10]
Gate(10400)	 t q[7]
Gate(10401)	 t q[8]
Gate(10402)	cx q[7], q[10]
Gate(10403)	cx q[8], q[7]
Gate(10404)	cx q[10], q[8]
Gate(10405)	tdg q[7]
Gate(10406)	cx q[10], q[7]
Gate(10407)	tdg q[10]
Gate(10408)	tdg q[7]
Gate(10409)	 t q[8]
Gate(10410)	cx q[8], q[7]
Gate(10411)	cx q[10], q[8]
Gate(10412)	cx q[7], q[10]
Gate(10413)	 h q[8]
Gate(10414)	 h q[7]
Gate(10415)	 t q[11]
Gate(10416)	 t q[5]
Gate(10417)	 t q[7]
Gate(10418)	cx q[5], q[11]
Gate(10419)	cx q[7], q[5]
Gate(10420)	cx q[11], q[7]
Gate(10421)	tdg q[5]
Gate(10422)	cx q[11], q[5]
Gate(10423)	tdg q[11]
Gate(10424)	tdg q[5]
Gate(10425)	 t q[7]
Gate(10426)	cx q[7], q[5]
Gate(10427)	cx q[11], q[7]
Gate(10428)	cx q[5], q[11]
Gate(10429)	 h q[7]
Gate(10430)	 h q[5]
Gate(10431)	 t q[12]
Gate(10432)	 t q[4]
Gate(10433)	 t q[5]
Gate(10434)	cx q[4], q[12]
Gate(10435)	cx q[5], q[4]
Gate(10436)	cx q[12], q[5]
Gate(10437)	tdg q[4]
Gate(10438)	cx q[12], q[4]
Gate(10439)	tdg q[12]
Gate(10440)	tdg q[4]
Gate(10441)	 t q[5]
Gate(10442)	cx q[5], q[4]
Gate(10443)	cx q[12], q[5]
Gate(10444)	cx q[4], q[12]
Gate(10445)	 h q[5]
Gate(10446)	 h q[4]
Gate(10447)	 t q[14]
Gate(10448)	 t q[13]
Gate(10449)	 t q[4]
Gate(10450)	cx q[13], q[14]
Gate(10451)	cx q[4], q[13]
Gate(10452)	cx q[14], q[4]
Gate(10453)	tdg q[13]
Gate(10454)	cx q[14], q[13]
Gate(10455)	tdg q[14]
Gate(10456)	tdg q[13]
Gate(10457)	 t q[4]
Gate(10458)	cx q[4], q[13]
Gate(10459)	cx q[14], q[4]
Gate(10460)	cx q[13], q[14]
Gate(10461)	 h q[4]
Gate(10462)	 h q[5]
Gate(10463)	 t q[12]
Gate(10464)	 t q[4]
Gate(10465)	 t q[5]
Gate(10466)	cx q[4], q[12]
Gate(10467)	cx q[5], q[4]
Gate(10468)	cx q[12], q[5]
Gate(10469)	tdg q[4]
Gate(10470)	cx q[12], q[4]
Gate(10471)	tdg q[12]
Gate(10472)	tdg q[4]
Gate(10473)	 t q[5]
Gate(10474)	cx q[5], q[4]
Gate(10475)	cx q[12], q[5]
Gate(10476)	cx q[4], q[12]
Gate(10477)	 h q[5]
Gate(10478)	 h q[7]
Gate(10479)	 t q[11]
Gate(10480)	 t q[5]
Gate(10481)	 t q[7]
Gate(10482)	cx q[5], q[11]
Gate(10483)	cx q[7], q[5]
Gate(10484)	cx q[11], q[7]
Gate(10485)	tdg q[5]
Gate(10486)	cx q[11], q[5]
Gate(10487)	tdg q[11]
Gate(10488)	tdg q[5]
Gate(10489)	 t q[7]
Gate(10490)	cx q[7], q[5]
Gate(10491)	cx q[11], q[7]
Gate(10492)	cx q[5], q[11]
Gate(10493)	 h q[7]
Gate(10494)	 h q[8]
Gate(10495)	 t q[10]
Gate(10496)	 t q[7]
Gate(10497)	 t q[8]
Gate(10498)	cx q[7], q[10]
Gate(10499)	cx q[8], q[7]
Gate(10500)	cx q[10], q[8]
Gate(10501)	tdg q[7]
Gate(10502)	cx q[10], q[7]
Gate(10503)	tdg q[10]
Gate(10504)	tdg q[7]
Gate(10505)	 t q[8]
Gate(10506)	cx q[8], q[7]
Gate(10507)	cx q[10], q[8]
Gate(10508)	cx q[7], q[10]
Gate(10509)	 h q[8]
Gate(10510)	 h q[0]
Gate(10511)	 t q[6]
Gate(10512)	 t q[14]
Gate(10513)	 t q[0]
Gate(10514)	cx q[14], q[6]
Gate(10515)	cx q[0], q[14]
Gate(10516)	cx q[6], q[0]
Gate(10517)	tdg q[14]
Gate(10518)	cx q[6], q[14]
Gate(10519)	tdg q[6]
Gate(10520)	tdg q[14]
Gate(10521)	 t q[0]
Gate(10522)	cx q[0], q[14]
Gate(10523)	cx q[6], q[0]
Gate(10524)	cx q[14], q[6]
Gate(10525)	 h q[0]
Gate(10526)	 h q[14]
Gate(10527)	 t q[1]
Gate(10528)	 t q[13]
Gate(10529)	 t q[14]
Gate(10530)	cx q[13], q[1]
Gate(10531)	cx q[14], q[13]
Gate(10532)	cx q[1], q[14]
Gate(10533)	tdg q[13]
Gate(10534)	cx q[1], q[13]
Gate(10535)	tdg q[1]
Gate(10536)	tdg q[13]
Gate(10537)	 t q[14]
Gate(10538)	cx q[14], q[13]
Gate(10539)	cx q[1], q[14]
Gate(10540)	cx q[13], q[1]
Gate(10541)	 h q[14]
Gate(10542)	 h q[13]
Gate(10543)	 t q[2]
Gate(10544)	 t q[12]
Gate(10545)	 t q[13]
Gate(10546)	cx q[12], q[2]
Gate(10547)	cx q[13], q[12]
Gate(10548)	cx q[2], q[13]
Gate(10549)	tdg q[12]
Gate(10550)	cx q[2], q[12]
Gate(10551)	tdg q[2]
Gate(10552)	tdg q[12]
Gate(10553)	 t q[13]
Gate(10554)	cx q[13], q[12]
Gate(10555)	cx q[2], q[13]
Gate(10556)	cx q[12], q[2]
Gate(10557)	 h q[13]
Gate(10558)	 h q[12]
Gate(10559)	 t q[3]
Gate(10560)	 t q[11]
Gate(10561)	 t q[12]
Gate(10562)	cx q[11], q[3]
Gate(10563)	cx q[12], q[11]
Gate(10564)	cx q[3], q[12]
Gate(10565)	tdg q[11]
Gate(10566)	cx q[3], q[11]
Gate(10567)	tdg q[3]
Gate(10568)	tdg q[11]
Gate(10569)	 t q[12]
Gate(10570)	cx q[12], q[11]
Gate(10571)	cx q[3], q[12]
Gate(10572)	cx q[11], q[3]
Gate(10573)	 h q[12]
Gate(10574)	 h q[11]
Gate(10575)	 t q[4]
Gate(10576)	 t q[10]
Gate(10577)	 t q[11]
Gate(10578)	cx q[10], q[4]
Gate(10579)	cx q[11], q[10]
Gate(10580)	cx q[4], q[11]
Gate(10581)	tdg q[10]
Gate(10582)	cx q[4], q[10]
Gate(10583)	tdg q[4]
Gate(10584)	tdg q[10]
Gate(10585)	 t q[11]
Gate(10586)	cx q[11], q[10]
Gate(10587)	cx q[4], q[11]
Gate(10588)	cx q[10], q[4]
Gate(10589)	 h q[11]
Gate(10590)	 h q[10]
Gate(10591)	 t q[5]
Gate(10592)	 t q[9]
Gate(10593)	 t q[10]
Gate(10594)	cx q[9], q[5]
Gate(10595)	cx q[10], q[9]
Gate(10596)	cx q[5], q[10]
Gate(10597)	tdg q[9]
Gate(10598)	cx q[5], q[9]
Gate(10599)	tdg q[5]
Gate(10600)	tdg q[9]
Gate(10601)	 t q[10]
Gate(10602)	cx q[10], q[9]
Gate(10603)	cx q[5], q[10]
Gate(10604)	cx q[9], q[5]
Gate(10605)	 h q[10]
Gate(10606)	 h q[9]
Gate(10607)	 t q[8]
Gate(10608)	 t q[7]
Gate(10609)	 t q[9]
Gate(10610)	cx q[7], q[8]
Gate(10611)	cx q[9], q[7]
Gate(10612)	cx q[8], q[9]
Gate(10613)	tdg q[7]
Gate(10614)	cx q[8], q[7]
Gate(10615)	tdg q[8]
Gate(10616)	tdg q[7]
Gate(10617)	 t q[9]
Gate(10618)	cx q[9], q[7]
Gate(10619)	cx q[8], q[9]
Gate(10620)	cx q[7], q[8]
Gate(10621)	 h q[9]
Gate(10622)	 h q[10]
Gate(10623)	 t q[5]
Gate(10624)	 t q[9]
Gate(10625)	 t q[10]
Gate(10626)	cx q[9], q[5]
Gate(10627)	cx q[10], q[9]
Gate(10628)	cx q[5], q[10]
Gate(10629)	tdg q[9]
Gate(10630)	cx q[5], q[9]
Gate(10631)	tdg q[5]
Gate(10632)	tdg q[9]
Gate(10633)	 t q[10]
Gate(10634)	cx q[10], q[9]
Gate(10635)	cx q[5], q[10]
Gate(10636)	cx q[9], q[5]
Gate(10637)	 h q[10]
Gate(10638)	 h q[11]
Gate(10639)	 t q[4]
Gate(10640)	 t q[10]
Gate(10641)	 t q[11]
Gate(10642)	cx q[10], q[4]
Gate(10643)	cx q[11], q[10]
Gate(10644)	cx q[4], q[11]
Gate(10645)	tdg q[10]
Gate(10646)	cx q[4], q[10]
Gate(10647)	tdg q[4]
Gate(10648)	tdg q[10]
Gate(10649)	 t q[11]
Gate(10650)	cx q[11], q[10]
Gate(10651)	cx q[4], q[11]
Gate(10652)	cx q[10], q[4]
Gate(10653)	 h q[11]
Gate(10654)	 h q[12]
Gate(10655)	 t q[3]
Gate(10656)	 t q[11]
Gate(10657)	 t q[12]
Gate(10658)	cx q[11], q[3]
Gate(10659)	cx q[12], q[11]
Gate(10660)	cx q[3], q[12]
Gate(10661)	tdg q[11]
Gate(10662)	cx q[3], q[11]
Gate(10663)	tdg q[3]
Gate(10664)	tdg q[11]
Gate(10665)	 t q[12]
Gate(10666)	cx q[12], q[11]
Gate(10667)	cx q[3], q[12]
Gate(10668)	cx q[11], q[3]
Gate(10669)	 h q[12]
Gate(10670)	 h q[13]
Gate(10671)	 t q[2]
Gate(10672)	 t q[12]
Gate(10673)	 t q[13]
Gate(10674)	cx q[12], q[2]
Gate(10675)	cx q[13], q[12]
Gate(10676)	cx q[2], q[13]
Gate(10677)	tdg q[12]
Gate(10678)	cx q[2], q[12]
Gate(10679)	tdg q[2]
Gate(10680)	tdg q[12]
Gate(10681)	 t q[13]
Gate(10682)	cx q[13], q[12]
Gate(10683)	cx q[2], q[13]
Gate(10684)	cx q[12], q[2]
Gate(10685)	 h q[13]
Gate(10686)	 h q[14]
Gate(10687)	 t q[1]
Gate(10688)	 t q[13]
Gate(10689)	 t q[14]
Gate(10690)	cx q[13], q[1]
Gate(10691)	cx q[14], q[13]
Gate(10692)	cx q[1], q[14]
Gate(10693)	tdg q[13]
Gate(10694)	cx q[1], q[13]
Gate(10695)	tdg q[1]
Gate(10696)	tdg q[13]
Gate(10697)	 t q[14]
Gate(10698)	cx q[14], q[13]
Gate(10699)	cx q[1], q[14]
Gate(10700)	cx q[13], q[1]
Gate(10701)	 h q[14]
Gate(10702)	 h q[0]
Gate(10703)	 t q[6]
Gate(10704)	 t q[14]
Gate(10705)	 t q[0]
Gate(10706)	cx q[14], q[6]
Gate(10707)	cx q[0], q[14]
Gate(10708)	cx q[6], q[0]
Gate(10709)	tdg q[14]
Gate(10710)	cx q[6], q[14]
Gate(10711)	tdg q[6]
Gate(10712)	tdg q[14]
Gate(10713)	 t q[0]
Gate(10714)	cx q[0], q[14]
Gate(10715)	cx q[6], q[0]
Gate(10716)	cx q[14], q[6]
Gate(10717)	 h q[0]
Gate(10718)	 h q[14]
Gate(10719)	 t q[1]
Gate(10720)	 t q[13]
Gate(10721)	 t q[14]
Gate(10722)	cx q[13], q[1]
Gate(10723)	cx q[14], q[13]
Gate(10724)	cx q[1], q[14]
Gate(10725)	tdg q[13]
Gate(10726)	cx q[1], q[13]
Gate(10727)	tdg q[1]
Gate(10728)	tdg q[13]
Gate(10729)	 t q[14]
Gate(10730)	cx q[14], q[13]
Gate(10731)	cx q[1], q[14]
Gate(10732)	cx q[13], q[1]
Gate(10733)	 h q[14]
Gate(10734)	 h q[13]
Gate(10735)	 t q[2]
Gate(10736)	 t q[12]
Gate(10737)	 t q[13]
Gate(10738)	cx q[12], q[2]
Gate(10739)	cx q[13], q[12]
Gate(10740)	cx q[2], q[13]
Gate(10741)	tdg q[12]
Gate(10742)	cx q[2], q[12]
Gate(10743)	tdg q[2]
Gate(10744)	tdg q[12]
Gate(10745)	 t q[13]
Gate(10746)	cx q[13], q[12]
Gate(10747)	cx q[2], q[13]
Gate(10748)	cx q[12], q[2]
Gate(10749)	 h q[13]
Gate(10750)	 h q[12]
Gate(10751)	 t q[3]
Gate(10752)	 t q[11]
Gate(10753)	 t q[12]
Gate(10754)	cx q[11], q[3]
Gate(10755)	cx q[12], q[11]
Gate(10756)	cx q[3], q[12]
Gate(10757)	tdg q[11]
Gate(10758)	cx q[3], q[11]
Gate(10759)	tdg q[3]
Gate(10760)	tdg q[11]
Gate(10761)	 t q[12]
Gate(10762)	cx q[12], q[11]
Gate(10763)	cx q[3], q[12]
Gate(10764)	cx q[11], q[3]
Gate(10765)	 h q[12]
Gate(10766)	 h q[11]
Gate(10767)	 t q[4]
Gate(10768)	 t q[10]
Gate(10769)	 t q[11]
Gate(10770)	cx q[10], q[4]
Gate(10771)	cx q[11], q[10]
Gate(10772)	cx q[4], q[11]
Gate(10773)	tdg q[10]
Gate(10774)	cx q[4], q[10]
Gate(10775)	tdg q[4]
Gate(10776)	tdg q[10]
Gate(10777)	 t q[11]
Gate(10778)	cx q[11], q[10]
Gate(10779)	cx q[4], q[11]
Gate(10780)	cx q[10], q[4]
Gate(10781)	 h q[11]
Gate(10782)	 h q[10]
Gate(10783)	 t q[5]
Gate(10784)	 t q[9]
Gate(10785)	 t q[10]
Gate(10786)	cx q[9], q[5]
Gate(10787)	cx q[10], q[9]
Gate(10788)	cx q[5], q[10]
Gate(10789)	tdg q[9]
Gate(10790)	cx q[5], q[9]
Gate(10791)	tdg q[5]
Gate(10792)	tdg q[9]
Gate(10793)	 t q[10]
Gate(10794)	cx q[10], q[9]
Gate(10795)	cx q[5], q[10]
Gate(10796)	cx q[9], q[5]
Gate(10797)	 h q[10]
Gate(10798)	 h q[9]
Gate(10799)	 t q[8]
Gate(10800)	 t q[7]
Gate(10801)	 t q[9]
Gate(10802)	cx q[7], q[8]
Gate(10803)	cx q[9], q[7]
Gate(10804)	cx q[8], q[9]
Gate(10805)	tdg q[7]
Gate(10806)	cx q[8], q[7]
Gate(10807)	tdg q[8]
Gate(10808)	tdg q[7]
Gate(10809)	 t q[9]
Gate(10810)	cx q[9], q[7]
Gate(10811)	cx q[8], q[9]
Gate(10812)	cx q[7], q[8]
Gate(10813)	 h q[9]
Gate(10814)	 h q[10]
Gate(10815)	 t q[5]
Gate(10816)	 t q[9]
Gate(10817)	 t q[10]
Gate(10818)	cx q[9], q[5]
Gate(10819)	cx q[10], q[9]
Gate(10820)	cx q[5], q[10]
Gate(10821)	tdg q[9]
Gate(10822)	cx q[5], q[9]
Gate(10823)	tdg q[5]
Gate(10824)	tdg q[9]
Gate(10825)	 t q[10]
Gate(10826)	cx q[10], q[9]
Gate(10827)	cx q[5], q[10]
Gate(10828)	cx q[9], q[5]
Gate(10829)	 h q[10]
Gate(10830)	 h q[11]
Gate(10831)	 t q[4]
Gate(10832)	 t q[10]
Gate(10833)	 t q[11]
Gate(10834)	cx q[10], q[4]
Gate(10835)	cx q[11], q[10]
Gate(10836)	cx q[4], q[11]
Gate(10837)	tdg q[10]
Gate(10838)	cx q[4], q[10]
Gate(10839)	tdg q[4]
Gate(10840)	tdg q[10]
Gate(10841)	 t q[11]
Gate(10842)	cx q[11], q[10]
Gate(10843)	cx q[4], q[11]
Gate(10844)	cx q[10], q[4]
Gate(10845)	 h q[11]
Gate(10846)	 h q[12]
Gate(10847)	 t q[3]
Gate(10848)	 t q[11]
Gate(10849)	 t q[12]
Gate(10850)	cx q[11], q[3]
Gate(10851)	cx q[12], q[11]
Gate(10852)	cx q[3], q[12]
Gate(10853)	tdg q[11]
Gate(10854)	cx q[3], q[11]
Gate(10855)	tdg q[3]
Gate(10856)	tdg q[11]
Gate(10857)	 t q[12]
Gate(10858)	cx q[12], q[11]
Gate(10859)	cx q[3], q[12]
Gate(10860)	cx q[11], q[3]
Gate(10861)	 h q[12]
Gate(10862)	 h q[13]
Gate(10863)	 t q[2]
Gate(10864)	 t q[12]
Gate(10865)	 t q[13]
Gate(10866)	cx q[12], q[2]
Gate(10867)	cx q[13], q[12]
Gate(10868)	cx q[2], q[13]
Gate(10869)	tdg q[12]
Gate(10870)	cx q[2], q[12]
Gate(10871)	tdg q[2]
Gate(10872)	tdg q[12]
Gate(10873)	 t q[13]
Gate(10874)	cx q[13], q[12]
Gate(10875)	cx q[2], q[13]
Gate(10876)	cx q[12], q[2]
Gate(10877)	 h q[13]
Gate(10878)	 h q[14]
Gate(10879)	 t q[1]
Gate(10880)	 t q[13]
Gate(10881)	 t q[14]
Gate(10882)	cx q[13], q[1]
Gate(10883)	cx q[14], q[13]
Gate(10884)	cx q[1], q[14]
Gate(10885)	tdg q[13]
Gate(10886)	cx q[1], q[13]
Gate(10887)	tdg q[1]
Gate(10888)	tdg q[13]
Gate(10889)	 t q[14]
Gate(10890)	cx q[14], q[13]
Gate(10891)	cx q[1], q[14]
Gate(10892)	cx q[13], q[1]
Gate(10893)	 h q[14]
Gate(10894)	 h q[6]
Gate(10895)	 t q[9]
Gate(10896)	 t q[8]
Gate(10897)	 t q[6]
Gate(10898)	cx q[8], q[9]
Gate(10899)	cx q[6], q[8]
Gate(10900)	cx q[9], q[6]
Gate(10901)	tdg q[8]
Gate(10902)	cx q[9], q[8]
Gate(10903)	tdg q[9]
Gate(10904)	tdg q[8]
Gate(10905)	 t q[6]
Gate(10906)	cx q[6], q[8]
Gate(10907)	cx q[9], q[6]
Gate(10908)	cx q[8], q[9]
Gate(10909)	 h q[6]
Gate(10910)	 h q[8]
Gate(10911)	 t q[10]
Gate(10912)	 t q[7]
Gate(10913)	 t q[8]
Gate(10914)	cx q[7], q[10]
Gate(10915)	cx q[8], q[7]
Gate(10916)	cx q[10], q[8]
Gate(10917)	tdg q[7]
Gate(10918)	cx q[10], q[7]
Gate(10919)	tdg q[10]
Gate(10920)	tdg q[7]
Gate(10921)	 t q[8]
Gate(10922)	cx q[8], q[7]
Gate(10923)	cx q[10], q[8]
Gate(10924)	cx q[7], q[10]
Gate(10925)	 h q[8]
Gate(10926)	 h q[7]
Gate(10927)	 t q[11]
Gate(10928)	 t q[5]
Gate(10929)	 t q[7]
Gate(10930)	cx q[5], q[11]
Gate(10931)	cx q[7], q[5]
Gate(10932)	cx q[11], q[7]
Gate(10933)	tdg q[5]
Gate(10934)	cx q[11], q[5]
Gate(10935)	tdg q[11]
Gate(10936)	tdg q[5]
Gate(10937)	 t q[7]
Gate(10938)	cx q[7], q[5]
Gate(10939)	cx q[11], q[7]
Gate(10940)	cx q[5], q[11]
Gate(10941)	 h q[7]
Gate(10942)	 h q[5]
Gate(10943)	 t q[12]
Gate(10944)	 t q[4]
Gate(10945)	 t q[5]
Gate(10946)	cx q[4], q[12]
Gate(10947)	cx q[5], q[4]
Gate(10948)	cx q[12], q[5]
Gate(10949)	tdg q[4]
Gate(10950)	cx q[12], q[4]
Gate(10951)	tdg q[12]
Gate(10952)	tdg q[4]
Gate(10953)	 t q[5]
Gate(10954)	cx q[5], q[4]
Gate(10955)	cx q[12], q[5]
Gate(10956)	cx q[4], q[12]
Gate(10957)	 h q[5]
Gate(10958)	 h q[4]
Gate(10959)	 t q[14]
Gate(10960)	 t q[13]
Gate(10961)	 t q[4]
Gate(10962)	cx q[13], q[14]
Gate(10963)	cx q[4], q[13]
Gate(10964)	cx q[14], q[4]
Gate(10965)	tdg q[13]
Gate(10966)	cx q[14], q[13]
Gate(10967)	tdg q[14]
Gate(10968)	tdg q[13]
Gate(10969)	 t q[4]
Gate(10970)	cx q[4], q[13]
Gate(10971)	cx q[14], q[4]
Gate(10972)	cx q[13], q[14]
Gate(10973)	 h q[4]
Gate(10974)	 h q[5]
Gate(10975)	 t q[12]
Gate(10976)	 t q[4]
Gate(10977)	 t q[5]
Gate(10978)	cx q[4], q[12]
Gate(10979)	cx q[5], q[4]
Gate(10980)	cx q[12], q[5]
Gate(10981)	tdg q[4]
Gate(10982)	cx q[12], q[4]
Gate(10983)	tdg q[12]
Gate(10984)	tdg q[4]
Gate(10985)	 t q[5]
Gate(10986)	cx q[5], q[4]
Gate(10987)	cx q[12], q[5]
Gate(10988)	cx q[4], q[12]
Gate(10989)	 h q[5]
Gate(10990)	 h q[7]
Gate(10991)	 t q[11]
Gate(10992)	 t q[5]
Gate(10993)	 t q[7]
Gate(10994)	cx q[5], q[11]
Gate(10995)	cx q[7], q[5]
Gate(10996)	cx q[11], q[7]
Gate(10997)	tdg q[5]
Gate(10998)	cx q[11], q[5]
Gate(10999)	tdg q[11]
Gate(11000)	tdg q[5]
Gate(11001)	 t q[7]
Gate(11002)	cx q[7], q[5]
Gate(11003)	cx q[11], q[7]
Gate(11004)	cx q[5], q[11]
Gate(11005)	 h q[7]
Gate(11006)	 h q[8]
Gate(11007)	 t q[10]
Gate(11008)	 t q[7]
Gate(11009)	 t q[8]
Gate(11010)	cx q[7], q[10]
Gate(11011)	cx q[8], q[7]
Gate(11012)	cx q[10], q[8]
Gate(11013)	tdg q[7]
Gate(11014)	cx q[10], q[7]
Gate(11015)	tdg q[10]
Gate(11016)	tdg q[7]
Gate(11017)	 t q[8]
Gate(11018)	cx q[8], q[7]
Gate(11019)	cx q[10], q[8]
Gate(11020)	cx q[7], q[10]
Gate(11021)	 h q[8]
Gate(11022)	 h q[6]
Gate(11023)	 t q[9]
Gate(11024)	 t q[8]
Gate(11025)	 t q[6]
Gate(11026)	cx q[8], q[9]
Gate(11027)	cx q[6], q[8]
Gate(11028)	cx q[9], q[6]
Gate(11029)	tdg q[8]
Gate(11030)	cx q[9], q[8]
Gate(11031)	tdg q[9]
Gate(11032)	tdg q[8]
Gate(11033)	 t q[6]
Gate(11034)	cx q[6], q[8]
Gate(11035)	cx q[9], q[6]
Gate(11036)	cx q[8], q[9]
Gate(11037)	 h q[6]
Gate(11038)	 h q[8]
Gate(11039)	 t q[10]
Gate(11040)	 t q[7]
Gate(11041)	 t q[8]
Gate(11042)	cx q[7], q[10]
Gate(11043)	cx q[8], q[7]
Gate(11044)	cx q[10], q[8]
Gate(11045)	tdg q[7]
Gate(11046)	cx q[10], q[7]
Gate(11047)	tdg q[10]
Gate(11048)	tdg q[7]
Gate(11049)	 t q[8]
Gate(11050)	cx q[8], q[7]
Gate(11051)	cx q[10], q[8]
Gate(11052)	cx q[7], q[10]
Gate(11053)	 h q[8]
Gate(11054)	 h q[7]
Gate(11055)	 t q[11]
Gate(11056)	 t q[5]
Gate(11057)	 t q[7]
Gate(11058)	cx q[5], q[11]
Gate(11059)	cx q[7], q[5]
Gate(11060)	cx q[11], q[7]
Gate(11061)	tdg q[5]
Gate(11062)	cx q[11], q[5]
Gate(11063)	tdg q[11]
Gate(11064)	tdg q[5]
Gate(11065)	 t q[7]
Gate(11066)	cx q[7], q[5]
Gate(11067)	cx q[11], q[7]
Gate(11068)	cx q[5], q[11]
Gate(11069)	 h q[7]
Gate(11070)	 h q[5]
Gate(11071)	 t q[12]
Gate(11072)	 t q[4]
Gate(11073)	 t q[5]
Gate(11074)	cx q[4], q[12]
Gate(11075)	cx q[5], q[4]
Gate(11076)	cx q[12], q[5]
Gate(11077)	tdg q[4]
Gate(11078)	cx q[12], q[4]
Gate(11079)	tdg q[12]
Gate(11080)	tdg q[4]
Gate(11081)	 t q[5]
Gate(11082)	cx q[5], q[4]
Gate(11083)	cx q[12], q[5]
Gate(11084)	cx q[4], q[12]
Gate(11085)	 h q[5]
Gate(11086)	 h q[4]
Gate(11087)	 t q[14]
Gate(11088)	 t q[13]
Gate(11089)	 t q[4]
Gate(11090)	cx q[13], q[14]
Gate(11091)	cx q[4], q[13]
Gate(11092)	cx q[14], q[4]
Gate(11093)	tdg q[13]
Gate(11094)	cx q[14], q[13]
Gate(11095)	tdg q[14]
Gate(11096)	tdg q[13]
Gate(11097)	 t q[4]
Gate(11098)	cx q[4], q[13]
Gate(11099)	cx q[14], q[4]
Gate(11100)	cx q[13], q[14]
Gate(11101)	 h q[4]
Gate(11102)	 h q[5]
Gate(11103)	 t q[12]
Gate(11104)	 t q[4]
Gate(11105)	 t q[5]
Gate(11106)	cx q[4], q[12]
Gate(11107)	cx q[5], q[4]
Gate(11108)	cx q[12], q[5]
Gate(11109)	tdg q[4]
Gate(11110)	cx q[12], q[4]
Gate(11111)	tdg q[12]
Gate(11112)	tdg q[4]
Gate(11113)	 t q[5]
Gate(11114)	cx q[5], q[4]
Gate(11115)	cx q[12], q[5]
Gate(11116)	cx q[4], q[12]
Gate(11117)	 h q[5]
Gate(11118)	 h q[7]
Gate(11119)	 t q[11]
Gate(11120)	 t q[5]
Gate(11121)	 t q[7]
Gate(11122)	cx q[5], q[11]
Gate(11123)	cx q[7], q[5]
Gate(11124)	cx q[11], q[7]
Gate(11125)	tdg q[5]
Gate(11126)	cx q[11], q[5]
Gate(11127)	tdg q[11]
Gate(11128)	tdg q[5]
Gate(11129)	 t q[7]
Gate(11130)	cx q[7], q[5]
Gate(11131)	cx q[11], q[7]
Gate(11132)	cx q[5], q[11]
Gate(11133)	 h q[7]
Gate(11134)	 h q[8]
Gate(11135)	 t q[10]
Gate(11136)	 t q[7]
Gate(11137)	 t q[8]
Gate(11138)	cx q[7], q[10]
Gate(11139)	cx q[8], q[7]
Gate(11140)	cx q[10], q[8]
Gate(11141)	tdg q[7]
Gate(11142)	cx q[10], q[7]
Gate(11143)	tdg q[10]
Gate(11144)	tdg q[7]
Gate(11145)	 t q[8]
Gate(11146)	cx q[8], q[7]
Gate(11147)	cx q[10], q[8]
Gate(11148)	cx q[7], q[10]
Gate(11149)	 h q[8]
Gate(11150)	 h q[0]
Gate(11151)	 t q[6]
Gate(11152)	 t q[14]
Gate(11153)	 t q[0]
Gate(11154)	cx q[14], q[6]
Gate(11155)	cx q[0], q[14]
Gate(11156)	cx q[6], q[0]
Gate(11157)	tdg q[14]
Gate(11158)	cx q[6], q[14]
Gate(11159)	tdg q[6]
Gate(11160)	tdg q[14]
Gate(11161)	 t q[0]
Gate(11162)	cx q[0], q[14]
Gate(11163)	cx q[6], q[0]
Gate(11164)	cx q[14], q[6]
Gate(11165)	 h q[0]
Gate(11166)	 h q[14]
Gate(11167)	 t q[1]
Gate(11168)	 t q[13]
Gate(11169)	 t q[14]
Gate(11170)	cx q[13], q[1]
Gate(11171)	cx q[14], q[13]
Gate(11172)	cx q[1], q[14]
Gate(11173)	tdg q[13]
Gate(11174)	cx q[1], q[13]
Gate(11175)	tdg q[1]
Gate(11176)	tdg q[13]
Gate(11177)	 t q[14]
Gate(11178)	cx q[14], q[13]
Gate(11179)	cx q[1], q[14]
Gate(11180)	cx q[13], q[1]
Gate(11181)	 h q[14]
Gate(11182)	 h q[13]
Gate(11183)	 t q[2]
Gate(11184)	 t q[12]
Gate(11185)	 t q[13]
Gate(11186)	cx q[12], q[2]
Gate(11187)	cx q[13], q[12]
Gate(11188)	cx q[2], q[13]
Gate(11189)	tdg q[12]
Gate(11190)	cx q[2], q[12]
Gate(11191)	tdg q[2]
Gate(11192)	tdg q[12]
Gate(11193)	 t q[13]
Gate(11194)	cx q[13], q[12]
Gate(11195)	cx q[2], q[13]
Gate(11196)	cx q[12], q[2]
Gate(11197)	 h q[13]
Gate(11198)	 h q[12]
Gate(11199)	 t q[3]
Gate(11200)	 t q[11]
Gate(11201)	 t q[12]
Gate(11202)	cx q[11], q[3]
Gate(11203)	cx q[12], q[11]
Gate(11204)	cx q[3], q[12]
Gate(11205)	tdg q[11]
Gate(11206)	cx q[3], q[11]
Gate(11207)	tdg q[3]
Gate(11208)	tdg q[11]
Gate(11209)	 t q[12]
Gate(11210)	cx q[12], q[11]
Gate(11211)	cx q[3], q[12]
Gate(11212)	cx q[11], q[3]
Gate(11213)	 h q[12]
Gate(11214)	 h q[11]
Gate(11215)	 t q[4]
Gate(11216)	 t q[10]
Gate(11217)	 t q[11]
Gate(11218)	cx q[10], q[4]
Gate(11219)	cx q[11], q[10]
Gate(11220)	cx q[4], q[11]
Gate(11221)	tdg q[10]
Gate(11222)	cx q[4], q[10]
Gate(11223)	tdg q[4]
Gate(11224)	tdg q[10]
Gate(11225)	 t q[11]
Gate(11226)	cx q[11], q[10]
Gate(11227)	cx q[4], q[11]
Gate(11228)	cx q[10], q[4]
Gate(11229)	 h q[11]
Gate(11230)	 h q[10]
Gate(11231)	 t q[5]
Gate(11232)	 t q[9]
Gate(11233)	 t q[10]
Gate(11234)	cx q[9], q[5]
Gate(11235)	cx q[10], q[9]
Gate(11236)	cx q[5], q[10]
Gate(11237)	tdg q[9]
Gate(11238)	cx q[5], q[9]
Gate(11239)	tdg q[5]
Gate(11240)	tdg q[9]
Gate(11241)	 t q[10]
Gate(11242)	cx q[10], q[9]
Gate(11243)	cx q[5], q[10]
Gate(11244)	cx q[9], q[5]
Gate(11245)	 h q[10]
Gate(11246)	 h q[9]
Gate(11247)	 t q[8]
Gate(11248)	 t q[7]
Gate(11249)	 t q[9]
Gate(11250)	cx q[7], q[8]
Gate(11251)	cx q[9], q[7]
Gate(11252)	cx q[8], q[9]
Gate(11253)	tdg q[7]
Gate(11254)	cx q[8], q[7]
Gate(11255)	tdg q[8]
Gate(11256)	tdg q[7]
Gate(11257)	 t q[9]
Gate(11258)	cx q[9], q[7]
Gate(11259)	cx q[8], q[9]
Gate(11260)	cx q[7], q[8]
Gate(11261)	 h q[9]
Gate(11262)	 h q[10]
Gate(11263)	 t q[5]
Gate(11264)	 t q[9]
Gate(11265)	 t q[10]
Gate(11266)	cx q[9], q[5]
Gate(11267)	cx q[10], q[9]
Gate(11268)	cx q[5], q[10]
Gate(11269)	tdg q[9]
Gate(11270)	cx q[5], q[9]
Gate(11271)	tdg q[5]
Gate(11272)	tdg q[9]
Gate(11273)	 t q[10]
Gate(11274)	cx q[10], q[9]
Gate(11275)	cx q[5], q[10]
Gate(11276)	cx q[9], q[5]
Gate(11277)	 h q[10]
Gate(11278)	 h q[11]
Gate(11279)	 t q[4]
Gate(11280)	 t q[10]
Gate(11281)	 t q[11]
Gate(11282)	cx q[10], q[4]
Gate(11283)	cx q[11], q[10]
Gate(11284)	cx q[4], q[11]
Gate(11285)	tdg q[10]
Gate(11286)	cx q[4], q[10]
Gate(11287)	tdg q[4]
Gate(11288)	tdg q[10]
Gate(11289)	 t q[11]
Gate(11290)	cx q[11], q[10]
Gate(11291)	cx q[4], q[11]
Gate(11292)	cx q[10], q[4]
Gate(11293)	 h q[11]
Gate(11294)	 h q[12]
Gate(11295)	 t q[3]
Gate(11296)	 t q[11]
Gate(11297)	 t q[12]
Gate(11298)	cx q[11], q[3]
Gate(11299)	cx q[12], q[11]
Gate(11300)	cx q[3], q[12]
Gate(11301)	tdg q[11]
Gate(11302)	cx q[3], q[11]
Gate(11303)	tdg q[3]
Gate(11304)	tdg q[11]
Gate(11305)	 t q[12]
Gate(11306)	cx q[12], q[11]
Gate(11307)	cx q[3], q[12]
Gate(11308)	cx q[11], q[3]
Gate(11309)	 h q[12]
Gate(11310)	 h q[13]
Gate(11311)	 t q[2]
Gate(11312)	 t q[12]
Gate(11313)	 t q[13]
Gate(11314)	cx q[12], q[2]
Gate(11315)	cx q[13], q[12]
Gate(11316)	cx q[2], q[13]
Gate(11317)	tdg q[12]
Gate(11318)	cx q[2], q[12]
Gate(11319)	tdg q[2]
Gate(11320)	tdg q[12]
Gate(11321)	 t q[13]
Gate(11322)	cx q[13], q[12]
Gate(11323)	cx q[2], q[13]
Gate(11324)	cx q[12], q[2]
Gate(11325)	 h q[13]
Gate(11326)	 h q[14]
Gate(11327)	 t q[1]
Gate(11328)	 t q[13]
Gate(11329)	 t q[14]
Gate(11330)	cx q[13], q[1]
Gate(11331)	cx q[14], q[13]
Gate(11332)	cx q[1], q[14]
Gate(11333)	tdg q[13]
Gate(11334)	cx q[1], q[13]
Gate(11335)	tdg q[1]
Gate(11336)	tdg q[13]
Gate(11337)	 t q[14]
Gate(11338)	cx q[14], q[13]
Gate(11339)	cx q[1], q[14]
Gate(11340)	cx q[13], q[1]
Gate(11341)	 h q[14]
Gate(11342)	 h q[0]
Gate(11343)	 t q[6]
Gate(11344)	 t q[14]
Gate(11345)	 t q[0]
Gate(11346)	cx q[14], q[6]
Gate(11347)	cx q[0], q[14]
Gate(11348)	cx q[6], q[0]
Gate(11349)	tdg q[14]
Gate(11350)	cx q[6], q[14]
Gate(11351)	tdg q[6]
Gate(11352)	tdg q[14]
Gate(11353)	 t q[0]
Gate(11354)	cx q[0], q[14]
Gate(11355)	cx q[6], q[0]
Gate(11356)	cx q[14], q[6]
Gate(11357)	 h q[0]
Gate(11358)	 h q[14]
Gate(11359)	 t q[1]
Gate(11360)	 t q[13]
Gate(11361)	 t q[14]
Gate(11362)	cx q[13], q[1]
Gate(11363)	cx q[14], q[13]
Gate(11364)	cx q[1], q[14]
Gate(11365)	tdg q[13]
Gate(11366)	cx q[1], q[13]
Gate(11367)	tdg q[1]
Gate(11368)	tdg q[13]
Gate(11369)	 t q[14]
Gate(11370)	cx q[14], q[13]
Gate(11371)	cx q[1], q[14]
Gate(11372)	cx q[13], q[1]
Gate(11373)	 h q[14]
Gate(11374)	 h q[13]
Gate(11375)	 t q[2]
Gate(11376)	 t q[12]
Gate(11377)	 t q[13]
Gate(11378)	cx q[12], q[2]
Gate(11379)	cx q[13], q[12]
Gate(11380)	cx q[2], q[13]
Gate(11381)	tdg q[12]
Gate(11382)	cx q[2], q[12]
Gate(11383)	tdg q[2]
Gate(11384)	tdg q[12]
Gate(11385)	 t q[13]
Gate(11386)	cx q[13], q[12]
Gate(11387)	cx q[2], q[13]
Gate(11388)	cx q[12], q[2]
Gate(11389)	 h q[13]
Gate(11390)	 h q[12]
Gate(11391)	 t q[3]
Gate(11392)	 t q[11]
Gate(11393)	 t q[12]
Gate(11394)	cx q[11], q[3]
Gate(11395)	cx q[12], q[11]
Gate(11396)	cx q[3], q[12]
Gate(11397)	tdg q[11]
Gate(11398)	cx q[3], q[11]
Gate(11399)	tdg q[3]
Gate(11400)	tdg q[11]
Gate(11401)	 t q[12]
Gate(11402)	cx q[12], q[11]
Gate(11403)	cx q[3], q[12]
Gate(11404)	cx q[11], q[3]
Gate(11405)	 h q[12]
Gate(11406)	 h q[11]
Gate(11407)	 t q[4]
Gate(11408)	 t q[10]
Gate(11409)	 t q[11]
Gate(11410)	cx q[10], q[4]
Gate(11411)	cx q[11], q[10]
Gate(11412)	cx q[4], q[11]
Gate(11413)	tdg q[10]
Gate(11414)	cx q[4], q[10]
Gate(11415)	tdg q[4]
Gate(11416)	tdg q[10]
Gate(11417)	 t q[11]
Gate(11418)	cx q[11], q[10]
Gate(11419)	cx q[4], q[11]
Gate(11420)	cx q[10], q[4]
Gate(11421)	 h q[11]
Gate(11422)	 h q[10]
Gate(11423)	 t q[5]
Gate(11424)	 t q[9]
Gate(11425)	 t q[10]
Gate(11426)	cx q[9], q[5]
Gate(11427)	cx q[10], q[9]
Gate(11428)	cx q[5], q[10]
Gate(11429)	tdg q[9]
Gate(11430)	cx q[5], q[9]
Gate(11431)	tdg q[5]
Gate(11432)	tdg q[9]
Gate(11433)	 t q[10]
Gate(11434)	cx q[10], q[9]
Gate(11435)	cx q[5], q[10]
Gate(11436)	cx q[9], q[5]
Gate(11437)	 h q[10]
Gate(11438)	 h q[9]
Gate(11439)	 t q[8]
Gate(11440)	 t q[7]
Gate(11441)	 t q[9]
Gate(11442)	cx q[7], q[8]
Gate(11443)	cx q[9], q[7]
Gate(11444)	cx q[8], q[9]
Gate(11445)	tdg q[7]
Gate(11446)	cx q[8], q[7]
Gate(11447)	tdg q[8]
Gate(11448)	tdg q[7]
Gate(11449)	 t q[9]
Gate(11450)	cx q[9], q[7]
Gate(11451)	cx q[8], q[9]
Gate(11452)	cx q[7], q[8]
Gate(11453)	 h q[9]
Gate(11454)	 h q[10]
Gate(11455)	 t q[5]
Gate(11456)	 t q[9]
Gate(11457)	 t q[10]
Gate(11458)	cx q[9], q[5]
Gate(11459)	cx q[10], q[9]
Gate(11460)	cx q[5], q[10]
Gate(11461)	tdg q[9]
Gate(11462)	cx q[5], q[9]
Gate(11463)	tdg q[5]
Gate(11464)	tdg q[9]
Gate(11465)	 t q[10]
Gate(11466)	cx q[10], q[9]
Gate(11467)	cx q[5], q[10]
Gate(11468)	cx q[9], q[5]
Gate(11469)	 h q[10]
Gate(11470)	 h q[11]
Gate(11471)	 t q[4]
Gate(11472)	 t q[10]
Gate(11473)	 t q[11]
Gate(11474)	cx q[10], q[4]
Gate(11475)	cx q[11], q[10]
Gate(11476)	cx q[4], q[11]
Gate(11477)	tdg q[10]
Gate(11478)	cx q[4], q[10]
Gate(11479)	tdg q[4]
Gate(11480)	tdg q[10]
Gate(11481)	 t q[11]
Gate(11482)	cx q[11], q[10]
Gate(11483)	cx q[4], q[11]
Gate(11484)	cx q[10], q[4]
Gate(11485)	 h q[11]
Gate(11486)	 h q[12]
Gate(11487)	 t q[3]
Gate(11488)	 t q[11]
Gate(11489)	 t q[12]
Gate(11490)	cx q[11], q[3]
Gate(11491)	cx q[12], q[11]
Gate(11492)	cx q[3], q[12]
Gate(11493)	tdg q[11]
Gate(11494)	cx q[3], q[11]
Gate(11495)	tdg q[3]
Gate(11496)	tdg q[11]
Gate(11497)	 t q[12]
Gate(11498)	cx q[12], q[11]
Gate(11499)	cx q[3], q[12]
Gate(11500)	cx q[11], q[3]
Gate(11501)	 h q[12]
Gate(11502)	 h q[13]
Gate(11503)	 t q[2]
Gate(11504)	 t q[12]
Gate(11505)	 t q[13]
Gate(11506)	cx q[12], q[2]
Gate(11507)	cx q[13], q[12]
Gate(11508)	cx q[2], q[13]
Gate(11509)	tdg q[12]
Gate(11510)	cx q[2], q[12]
Gate(11511)	tdg q[2]
Gate(11512)	tdg q[12]
Gate(11513)	 t q[13]
Gate(11514)	cx q[13], q[12]
Gate(11515)	cx q[2], q[13]
Gate(11516)	cx q[12], q[2]
Gate(11517)	 h q[13]
Gate(11518)	 h q[14]
Gate(11519)	 t q[1]
Gate(11520)	 t q[13]
Gate(11521)	 t q[14]
Gate(11522)	cx q[13], q[1]
Gate(11523)	cx q[14], q[13]
Gate(11524)	cx q[1], q[14]
Gate(11525)	tdg q[13]
Gate(11526)	cx q[1], q[13]
Gate(11527)	tdg q[1]
Gate(11528)	tdg q[13]
Gate(11529)	 t q[14]
Gate(11530)	cx q[14], q[13]
Gate(11531)	cx q[1], q[14]
Gate(11532)	cx q[13], q[1]
Gate(11533)	 h q[14]
Gate(11534)	 h q[5]
Gate(11535)	 t q[9]
Gate(11536)	 t q[8]
Gate(11537)	 t q[5]
Gate(11538)	cx q[8], q[9]
Gate(11539)	cx q[5], q[8]
Gate(11540)	cx q[9], q[5]
Gate(11541)	tdg q[8]
Gate(11542)	cx q[9], q[8]
Gate(11543)	tdg q[9]
Gate(11544)	tdg q[8]
Gate(11545)	 t q[5]
Gate(11546)	cx q[5], q[8]
Gate(11547)	cx q[9], q[5]
Gate(11548)	cx q[8], q[9]
Gate(11549)	 h q[5]
Gate(11550)	 h q[8]
Gate(11551)	 t q[10]
Gate(11552)	 t q[7]
Gate(11553)	 t q[8]
Gate(11554)	cx q[7], q[10]
Gate(11555)	cx q[8], q[7]
Gate(11556)	cx q[10], q[8]
Gate(11557)	tdg q[7]
Gate(11558)	cx q[10], q[7]
Gate(11559)	tdg q[10]
Gate(11560)	tdg q[7]
Gate(11561)	 t q[8]
Gate(11562)	cx q[8], q[7]
Gate(11563)	cx q[10], q[8]
Gate(11564)	cx q[7], q[10]
Gate(11565)	 h q[8]
Gate(11566)	 h q[7]
Gate(11567)	 t q[11]
Gate(11568)	 t q[6]
Gate(11569)	 t q[7]
Gate(11570)	cx q[6], q[11]
Gate(11571)	cx q[7], q[6]
Gate(11572)	cx q[11], q[7]
Gate(11573)	tdg q[6]
Gate(11574)	cx q[11], q[6]
Gate(11575)	tdg q[11]
Gate(11576)	tdg q[6]
Gate(11577)	 t q[7]
Gate(11578)	cx q[7], q[6]
Gate(11579)	cx q[11], q[7]
Gate(11580)	cx q[6], q[11]
Gate(11581)	 h q[7]
Gate(11582)	 h q[6]
Gate(11583)	 t q[12]
Gate(11584)	 t q[4]
Gate(11585)	 t q[6]
Gate(11586)	cx q[4], q[12]
Gate(11587)	cx q[6], q[4]
Gate(11588)	cx q[12], q[6]
Gate(11589)	tdg q[4]
Gate(11590)	cx q[12], q[4]
Gate(11591)	tdg q[12]
Gate(11592)	tdg q[4]
Gate(11593)	 t q[6]
Gate(11594)	cx q[6], q[4]
Gate(11595)	cx q[12], q[6]
Gate(11596)	cx q[4], q[12]
Gate(11597)	 h q[6]
Gate(11598)	 h q[4]
Gate(11599)	 t q[14]
Gate(11600)	 t q[13]
Gate(11601)	 t q[4]
Gate(11602)	cx q[13], q[14]
Gate(11603)	cx q[4], q[13]
Gate(11604)	cx q[14], q[4]
Gate(11605)	tdg q[13]
Gate(11606)	cx q[14], q[13]
Gate(11607)	tdg q[14]
Gate(11608)	tdg q[13]
Gate(11609)	 t q[4]
Gate(11610)	cx q[4], q[13]
Gate(11611)	cx q[14], q[4]
Gate(11612)	cx q[13], q[14]
Gate(11613)	 h q[4]
Gate(11614)	 h q[6]
Gate(11615)	 t q[12]
Gate(11616)	 t q[4]
Gate(11617)	 t q[6]
Gate(11618)	cx q[4], q[12]
Gate(11619)	cx q[6], q[4]
Gate(11620)	cx q[12], q[6]
Gate(11621)	tdg q[4]
Gate(11622)	cx q[12], q[4]
Gate(11623)	tdg q[12]
Gate(11624)	tdg q[4]
Gate(11625)	 t q[6]
Gate(11626)	cx q[6], q[4]
Gate(11627)	cx q[12], q[6]
Gate(11628)	cx q[4], q[12]
Gate(11629)	 h q[6]
Gate(11630)	 h q[7]
Gate(11631)	 t q[11]
Gate(11632)	 t q[6]
Gate(11633)	 t q[7]
Gate(11634)	cx q[6], q[11]
Gate(11635)	cx q[7], q[6]
Gate(11636)	cx q[11], q[7]
Gate(11637)	tdg q[6]
Gate(11638)	cx q[11], q[6]
Gate(11639)	tdg q[11]
Gate(11640)	tdg q[6]
Gate(11641)	 t q[7]
Gate(11642)	cx q[7], q[6]
Gate(11643)	cx q[11], q[7]
Gate(11644)	cx q[6], q[11]
Gate(11645)	 h q[7]
Gate(11646)	 h q[8]
Gate(11647)	 t q[10]
Gate(11648)	 t q[7]
Gate(11649)	 t q[8]
Gate(11650)	cx q[7], q[10]
Gate(11651)	cx q[8], q[7]
Gate(11652)	cx q[10], q[8]
Gate(11653)	tdg q[7]
Gate(11654)	cx q[10], q[7]
Gate(11655)	tdg q[10]
Gate(11656)	tdg q[7]
Gate(11657)	 t q[8]
Gate(11658)	cx q[8], q[7]
Gate(11659)	cx q[10], q[8]
Gate(11660)	cx q[7], q[10]
Gate(11661)	 h q[8]
Gate(11662)	 h q[5]
Gate(11663)	 t q[9]
Gate(11664)	 t q[8]
Gate(11665)	 t q[5]
Gate(11666)	cx q[8], q[9]
Gate(11667)	cx q[5], q[8]
Gate(11668)	cx q[9], q[5]
Gate(11669)	tdg q[8]
Gate(11670)	cx q[9], q[8]
Gate(11671)	tdg q[9]
Gate(11672)	tdg q[8]
Gate(11673)	 t q[5]
Gate(11674)	cx q[5], q[8]
Gate(11675)	cx q[9], q[5]
Gate(11676)	cx q[8], q[9]
Gate(11677)	 h q[5]
Gate(11678)	 h q[8]
Gate(11679)	 t q[10]
Gate(11680)	 t q[7]
Gate(11681)	 t q[8]
Gate(11682)	cx q[7], q[10]
Gate(11683)	cx q[8], q[7]
Gate(11684)	cx q[10], q[8]
Gate(11685)	tdg q[7]
Gate(11686)	cx q[10], q[7]
Gate(11687)	tdg q[10]
Gate(11688)	tdg q[7]
Gate(11689)	 t q[8]
Gate(11690)	cx q[8], q[7]
Gate(11691)	cx q[10], q[8]
Gate(11692)	cx q[7], q[10]
Gate(11693)	 h q[8]
Gate(11694)	 h q[7]
Gate(11695)	 t q[11]
Gate(11696)	 t q[6]
Gate(11697)	 t q[7]
Gate(11698)	cx q[6], q[11]
Gate(11699)	cx q[7], q[6]
Gate(11700)	cx q[11], q[7]
Gate(11701)	tdg q[6]
Gate(11702)	cx q[11], q[6]
Gate(11703)	tdg q[11]
Gate(11704)	tdg q[6]
Gate(11705)	 t q[7]
Gate(11706)	cx q[7], q[6]
Gate(11707)	cx q[11], q[7]
Gate(11708)	cx q[6], q[11]
Gate(11709)	 h q[7]
Gate(11710)	 h q[6]
Gate(11711)	 t q[12]
Gate(11712)	 t q[4]
Gate(11713)	 t q[6]
Gate(11714)	cx q[4], q[12]
Gate(11715)	cx q[6], q[4]
Gate(11716)	cx q[12], q[6]
Gate(11717)	tdg q[4]
Gate(11718)	cx q[12], q[4]
Gate(11719)	tdg q[12]
Gate(11720)	tdg q[4]
Gate(11721)	 t q[6]
Gate(11722)	cx q[6], q[4]
Gate(11723)	cx q[12], q[6]
Gate(11724)	cx q[4], q[12]
Gate(11725)	 h q[6]
Gate(11726)	 h q[4]
Gate(11727)	 t q[14]
Gate(11728)	 t q[13]
Gate(11729)	 t q[4]
Gate(11730)	cx q[13], q[14]
Gate(11731)	cx q[4], q[13]
Gate(11732)	cx q[14], q[4]
Gate(11733)	tdg q[13]
Gate(11734)	cx q[14], q[13]
Gate(11735)	tdg q[14]
Gate(11736)	tdg q[13]
Gate(11737)	 t q[4]
Gate(11738)	cx q[4], q[13]
Gate(11739)	cx q[14], q[4]
Gate(11740)	cx q[13], q[14]
Gate(11741)	 h q[4]
Gate(11742)	 h q[6]
Gate(11743)	 t q[12]
Gate(11744)	 t q[4]
Gate(11745)	 t q[6]
Gate(11746)	cx q[4], q[12]
Gate(11747)	cx q[6], q[4]
Gate(11748)	cx q[12], q[6]
Gate(11749)	tdg q[4]
Gate(11750)	cx q[12], q[4]
Gate(11751)	tdg q[12]
Gate(11752)	tdg q[4]
Gate(11753)	 t q[6]
Gate(11754)	cx q[6], q[4]
Gate(11755)	cx q[12], q[6]
Gate(11756)	cx q[4], q[12]
Gate(11757)	 h q[6]
Gate(11758)	 h q[7]
Gate(11759)	 t q[11]
Gate(11760)	 t q[6]
Gate(11761)	 t q[7]
Gate(11762)	cx q[6], q[11]
Gate(11763)	cx q[7], q[6]
Gate(11764)	cx q[11], q[7]
Gate(11765)	tdg q[6]
Gate(11766)	cx q[11], q[6]
Gate(11767)	tdg q[11]
Gate(11768)	tdg q[6]
Gate(11769)	 t q[7]
Gate(11770)	cx q[7], q[6]
Gate(11771)	cx q[11], q[7]
Gate(11772)	cx q[6], q[11]
Gate(11773)	 h q[7]
Gate(11774)	 h q[8]
Gate(11775)	 t q[10]
Gate(11776)	 t q[7]
Gate(11777)	 t q[8]
Gate(11778)	cx q[7], q[10]
Gate(11779)	cx q[8], q[7]
Gate(11780)	cx q[10], q[8]
Gate(11781)	tdg q[7]
Gate(11782)	cx q[10], q[7]
Gate(11783)	tdg q[10]
Gate(11784)	tdg q[7]
Gate(11785)	 t q[8]
Gate(11786)	cx q[8], q[7]
Gate(11787)	cx q[10], q[8]
Gate(11788)	cx q[7], q[10]
Gate(11789)	 h q[8]
Gate(11790)	 h q[0]
Gate(11791)	 t q[5]
Gate(11792)	 t q[14]
Gate(11793)	 t q[0]
Gate(11794)	cx q[14], q[5]
Gate(11795)	cx q[0], q[14]
Gate(11796)	cx q[5], q[0]
Gate(11797)	tdg q[14]
Gate(11798)	cx q[5], q[14]
Gate(11799)	tdg q[5]
Gate(11800)	tdg q[14]
Gate(11801)	 t q[0]
Gate(11802)	cx q[0], q[14]
Gate(11803)	cx q[5], q[0]
Gate(11804)	cx q[14], q[5]
Gate(11805)	 h q[0]
Gate(11806)	 h q[14]
Gate(11807)	 t q[1]
Gate(11808)	 t q[13]
Gate(11809)	 t q[14]
Gate(11810)	cx q[13], q[1]
Gate(11811)	cx q[14], q[13]
Gate(11812)	cx q[1], q[14]
Gate(11813)	tdg q[13]
Gate(11814)	cx q[1], q[13]
Gate(11815)	tdg q[1]
Gate(11816)	tdg q[13]
Gate(11817)	 t q[14]
Gate(11818)	cx q[14], q[13]
Gate(11819)	cx q[1], q[14]
Gate(11820)	cx q[13], q[1]
Gate(11821)	 h q[14]
Gate(11822)	 h q[13]
Gate(11823)	 t q[2]
Gate(11824)	 t q[12]
Gate(11825)	 t q[13]
Gate(11826)	cx q[12], q[2]
Gate(11827)	cx q[13], q[12]
Gate(11828)	cx q[2], q[13]
Gate(11829)	tdg q[12]
Gate(11830)	cx q[2], q[12]
Gate(11831)	tdg q[2]
Gate(11832)	tdg q[12]
Gate(11833)	 t q[13]
Gate(11834)	cx q[13], q[12]
Gate(11835)	cx q[2], q[13]
Gate(11836)	cx q[12], q[2]
Gate(11837)	 h q[13]
Gate(11838)	 h q[12]
Gate(11839)	 t q[3]
Gate(11840)	 t q[11]
Gate(11841)	 t q[12]
Gate(11842)	cx q[11], q[3]
Gate(11843)	cx q[12], q[11]
Gate(11844)	cx q[3], q[12]
Gate(11845)	tdg q[11]
Gate(11846)	cx q[3], q[11]
Gate(11847)	tdg q[3]
Gate(11848)	tdg q[11]
Gate(11849)	 t q[12]
Gate(11850)	cx q[12], q[11]
Gate(11851)	cx q[3], q[12]
Gate(11852)	cx q[11], q[3]
Gate(11853)	 h q[12]
Gate(11854)	 h q[11]
Gate(11855)	 t q[4]
Gate(11856)	 t q[10]
Gate(11857)	 t q[11]
Gate(11858)	cx q[10], q[4]
Gate(11859)	cx q[11], q[10]
Gate(11860)	cx q[4], q[11]
Gate(11861)	tdg q[10]
Gate(11862)	cx q[4], q[10]
Gate(11863)	tdg q[4]
Gate(11864)	tdg q[10]
Gate(11865)	 t q[11]
Gate(11866)	cx q[11], q[10]
Gate(11867)	cx q[4], q[11]
Gate(11868)	cx q[10], q[4]
Gate(11869)	 h q[11]
Gate(11870)	 h q[10]
Gate(11871)	 t q[6]
Gate(11872)	 t q[9]
Gate(11873)	 t q[10]
Gate(11874)	cx q[9], q[6]
Gate(11875)	cx q[10], q[9]
Gate(11876)	cx q[6], q[10]
Gate(11877)	tdg q[9]
Gate(11878)	cx q[6], q[9]
Gate(11879)	tdg q[6]
Gate(11880)	tdg q[9]
Gate(11881)	 t q[10]
Gate(11882)	cx q[10], q[9]
Gate(11883)	cx q[6], q[10]
Gate(11884)	cx q[9], q[6]
Gate(11885)	 h q[10]
Gate(11886)	 h q[9]
Gate(11887)	 t q[8]
Gate(11888)	 t q[7]
Gate(11889)	 t q[9]
Gate(11890)	cx q[7], q[8]
Gate(11891)	cx q[9], q[7]
Gate(11892)	cx q[8], q[9]
Gate(11893)	tdg q[7]
Gate(11894)	cx q[8], q[7]
Gate(11895)	tdg q[8]
Gate(11896)	tdg q[7]
Gate(11897)	 t q[9]
Gate(11898)	cx q[9], q[7]
Gate(11899)	cx q[8], q[9]
Gate(11900)	cx q[7], q[8]
Gate(11901)	 h q[9]
Gate(11902)	 h q[10]
Gate(11903)	 t q[6]
Gate(11904)	 t q[9]
Gate(11905)	 t q[10]
Gate(11906)	cx q[9], q[6]
Gate(11907)	cx q[10], q[9]
Gate(11908)	cx q[6], q[10]
Gate(11909)	tdg q[9]
Gate(11910)	cx q[6], q[9]
Gate(11911)	tdg q[6]
Gate(11912)	tdg q[9]
Gate(11913)	 t q[10]
Gate(11914)	cx q[10], q[9]
Gate(11915)	cx q[6], q[10]
Gate(11916)	cx q[9], q[6]
Gate(11917)	 h q[10]
Gate(11918)	 h q[11]
Gate(11919)	 t q[4]
Gate(11920)	 t q[10]
Gate(11921)	 t q[11]
Gate(11922)	cx q[10], q[4]
Gate(11923)	cx q[11], q[10]
Gate(11924)	cx q[4], q[11]
Gate(11925)	tdg q[10]
Gate(11926)	cx q[4], q[10]
Gate(11927)	tdg q[4]
Gate(11928)	tdg q[10]
Gate(11929)	 t q[11]
Gate(11930)	cx q[11], q[10]
Gate(11931)	cx q[4], q[11]
Gate(11932)	cx q[10], q[4]
Gate(11933)	 h q[11]
Gate(11934)	 h q[12]
Gate(11935)	 t q[3]
Gate(11936)	 t q[11]
Gate(11937)	 t q[12]
Gate(11938)	cx q[11], q[3]
Gate(11939)	cx q[12], q[11]
Gate(11940)	cx q[3], q[12]
Gate(11941)	tdg q[11]
Gate(11942)	cx q[3], q[11]
Gate(11943)	tdg q[3]
Gate(11944)	tdg q[11]
Gate(11945)	 t q[12]
Gate(11946)	cx q[12], q[11]
Gate(11947)	cx q[3], q[12]
Gate(11948)	cx q[11], q[3]
Gate(11949)	 h q[12]
Gate(11950)	 h q[13]
Gate(11951)	 t q[2]
Gate(11952)	 t q[12]
Gate(11953)	 t q[13]
Gate(11954)	cx q[12], q[2]
Gate(11955)	cx q[13], q[12]
Gate(11956)	cx q[2], q[13]
Gate(11957)	tdg q[12]
Gate(11958)	cx q[2], q[12]
Gate(11959)	tdg q[2]
Gate(11960)	tdg q[12]
Gate(11961)	 t q[13]
Gate(11962)	cx q[13], q[12]
Gate(11963)	cx q[2], q[13]
Gate(11964)	cx q[12], q[2]
Gate(11965)	 h q[13]
Gate(11966)	 h q[14]
Gate(11967)	 t q[1]
Gate(11968)	 t q[13]
Gate(11969)	 t q[14]
Gate(11970)	cx q[13], q[1]
Gate(11971)	cx q[14], q[13]
Gate(11972)	cx q[1], q[14]
Gate(11973)	tdg q[13]
Gate(11974)	cx q[1], q[13]
Gate(11975)	tdg q[1]
Gate(11976)	tdg q[13]
Gate(11977)	 t q[14]
Gate(11978)	cx q[14], q[13]
Gate(11979)	cx q[1], q[14]
Gate(11980)	cx q[13], q[1]
Gate(11981)	 h q[14]
Gate(11982)	 h q[0]
Gate(11983)	 t q[5]
Gate(11984)	 t q[14]
Gate(11985)	 t q[0]
Gate(11986)	cx q[14], q[5]
Gate(11987)	cx q[0], q[14]
Gate(11988)	cx q[5], q[0]
Gate(11989)	tdg q[14]
Gate(11990)	cx q[5], q[14]
Gate(11991)	tdg q[5]
Gate(11992)	tdg q[14]
Gate(11993)	 t q[0]
Gate(11994)	cx q[0], q[14]
Gate(11995)	cx q[5], q[0]
Gate(11996)	cx q[14], q[5]
Gate(11997)	 h q[0]
Gate(11998)	 h q[14]
Gate(11999)	 t q[1]
Gate(12000)	 t q[13]
Gate(12001)	 t q[14]
Gate(12002)	cx q[13], q[1]
Gate(12003)	cx q[14], q[13]
Gate(12004)	cx q[1], q[14]
Gate(12005)	tdg q[13]
Gate(12006)	cx q[1], q[13]
Gate(12007)	tdg q[1]
Gate(12008)	tdg q[13]
Gate(12009)	 t q[14]
Gate(12010)	cx q[14], q[13]
Gate(12011)	cx q[1], q[14]
Gate(12012)	cx q[13], q[1]
Gate(12013)	 h q[14]
Gate(12014)	 h q[13]
Gate(12015)	 t q[2]
Gate(12016)	 t q[12]
Gate(12017)	 t q[13]
Gate(12018)	cx q[12], q[2]
Gate(12019)	cx q[13], q[12]
Gate(12020)	cx q[2], q[13]
Gate(12021)	tdg q[12]
Gate(12022)	cx q[2], q[12]
Gate(12023)	tdg q[2]
Gate(12024)	tdg q[12]
Gate(12025)	 t q[13]
Gate(12026)	cx q[13], q[12]
Gate(12027)	cx q[2], q[13]
Gate(12028)	cx q[12], q[2]
Gate(12029)	 h q[13]
Gate(12030)	 h q[12]
Gate(12031)	 t q[3]
Gate(12032)	 t q[11]
Gate(12033)	 t q[12]
Gate(12034)	cx q[11], q[3]
Gate(12035)	cx q[12], q[11]
Gate(12036)	cx q[3], q[12]
Gate(12037)	tdg q[11]
Gate(12038)	cx q[3], q[11]
Gate(12039)	tdg q[3]
Gate(12040)	tdg q[11]
Gate(12041)	 t q[12]
Gate(12042)	cx q[12], q[11]
Gate(12043)	cx q[3], q[12]
Gate(12044)	cx q[11], q[3]
Gate(12045)	 h q[12]
Gate(12046)	 h q[11]
Gate(12047)	 t q[4]
Gate(12048)	 t q[10]
Gate(12049)	 t q[11]
Gate(12050)	cx q[10], q[4]
Gate(12051)	cx q[11], q[10]
Gate(12052)	cx q[4], q[11]
Gate(12053)	tdg q[10]
Gate(12054)	cx q[4], q[10]
Gate(12055)	tdg q[4]
Gate(12056)	tdg q[10]
Gate(12057)	 t q[11]
Gate(12058)	cx q[11], q[10]
Gate(12059)	cx q[4], q[11]
Gate(12060)	cx q[10], q[4]
Gate(12061)	 h q[11]
Gate(12062)	 h q[10]
Gate(12063)	 t q[6]
Gate(12064)	 t q[9]
Gate(12065)	 t q[10]
Gate(12066)	cx q[9], q[6]
Gate(12067)	cx q[10], q[9]
Gate(12068)	cx q[6], q[10]
Gate(12069)	tdg q[9]
Gate(12070)	cx q[6], q[9]
Gate(12071)	tdg q[6]
Gate(12072)	tdg q[9]
Gate(12073)	 t q[10]
Gate(12074)	cx q[10], q[9]
Gate(12075)	cx q[6], q[10]
Gate(12076)	cx q[9], q[6]
Gate(12077)	 h q[10]
Gate(12078)	 h q[9]
Gate(12079)	 t q[8]
Gate(12080)	 t q[7]
Gate(12081)	 t q[9]
Gate(12082)	cx q[7], q[8]
Gate(12083)	cx q[9], q[7]
Gate(12084)	cx q[8], q[9]
Gate(12085)	tdg q[7]
Gate(12086)	cx q[8], q[7]
Gate(12087)	tdg q[8]
Gate(12088)	tdg q[7]
Gate(12089)	 t q[9]
Gate(12090)	cx q[9], q[7]
Gate(12091)	cx q[8], q[9]
Gate(12092)	cx q[7], q[8]
Gate(12093)	 h q[9]
Gate(12094)	 h q[10]
Gate(12095)	 t q[6]
Gate(12096)	 t q[9]
Gate(12097)	 t q[10]
Gate(12098)	cx q[9], q[6]
Gate(12099)	cx q[10], q[9]
Gate(12100)	cx q[6], q[10]
Gate(12101)	tdg q[9]
Gate(12102)	cx q[6], q[9]
Gate(12103)	tdg q[6]
Gate(12104)	tdg q[9]
Gate(12105)	 t q[10]
Gate(12106)	cx q[10], q[9]
Gate(12107)	cx q[6], q[10]
Gate(12108)	cx q[9], q[6]
Gate(12109)	 h q[10]
Gate(12110)	 h q[11]
Gate(12111)	 t q[4]
Gate(12112)	 t q[10]
Gate(12113)	 t q[11]
Gate(12114)	cx q[10], q[4]
Gate(12115)	cx q[11], q[10]
Gate(12116)	cx q[4], q[11]
Gate(12117)	tdg q[10]
Gate(12118)	cx q[4], q[10]
Gate(12119)	tdg q[4]
Gate(12120)	tdg q[10]
Gate(12121)	 t q[11]
Gate(12122)	cx q[11], q[10]
Gate(12123)	cx q[4], q[11]
Gate(12124)	cx q[10], q[4]
Gate(12125)	 h q[11]
Gate(12126)	 h q[12]
Gate(12127)	 t q[3]
Gate(12128)	 t q[11]
Gate(12129)	 t q[12]
Gate(12130)	cx q[11], q[3]
Gate(12131)	cx q[12], q[11]
Gate(12132)	cx q[3], q[12]
Gate(12133)	tdg q[11]
Gate(12134)	cx q[3], q[11]
Gate(12135)	tdg q[3]
Gate(12136)	tdg q[11]
Gate(12137)	 t q[12]
Gate(12138)	cx q[12], q[11]
Gate(12139)	cx q[3], q[12]
Gate(12140)	cx q[11], q[3]
Gate(12141)	 h q[12]
Gate(12142)	 h q[13]
Gate(12143)	 t q[2]
Gate(12144)	 t q[12]
Gate(12145)	 t q[13]
Gate(12146)	cx q[12], q[2]
Gate(12147)	cx q[13], q[12]
Gate(12148)	cx q[2], q[13]
Gate(12149)	tdg q[12]
Gate(12150)	cx q[2], q[12]
Gate(12151)	tdg q[2]
Gate(12152)	tdg q[12]
Gate(12153)	 t q[13]
Gate(12154)	cx q[13], q[12]
Gate(12155)	cx q[2], q[13]
Gate(12156)	cx q[12], q[2]
Gate(12157)	 h q[13]
Gate(12158)	 h q[14]
Gate(12159)	 t q[1]
Gate(12160)	 t q[13]
Gate(12161)	 t q[14]
Gate(12162)	cx q[13], q[1]
Gate(12163)	cx q[14], q[13]
Gate(12164)	cx q[1], q[14]
Gate(12165)	tdg q[13]
Gate(12166)	cx q[1], q[13]
Gate(12167)	tdg q[1]
Gate(12168)	tdg q[13]
Gate(12169)	 t q[14]
Gate(12170)	cx q[14], q[13]
Gate(12171)	cx q[1], q[14]
Gate(12172)	cx q[13], q[1]
Gate(12173)	 h q[14]
Gate(12174)	 h q[5]
Gate(12175)	 t q[9]
Gate(12176)	 t q[8]
Gate(12177)	 t q[5]
Gate(12178)	cx q[8], q[9]
Gate(12179)	cx q[5], q[8]
Gate(12180)	cx q[9], q[5]
Gate(12181)	tdg q[8]
Gate(12182)	cx q[9], q[8]
Gate(12183)	tdg q[9]
Gate(12184)	tdg q[8]
Gate(12185)	 t q[5]
Gate(12186)	cx q[5], q[8]
Gate(12187)	cx q[9], q[5]
Gate(12188)	cx q[8], q[9]
Gate(12189)	 h q[5]
Gate(12190)	 h q[8]
Gate(12191)	 t q[10]
Gate(12192)	 t q[7]
Gate(12193)	 t q[8]
Gate(12194)	cx q[7], q[10]
Gate(12195)	cx q[8], q[7]
Gate(12196)	cx q[10], q[8]
Gate(12197)	tdg q[7]
Gate(12198)	cx q[10], q[7]
Gate(12199)	tdg q[10]
Gate(12200)	tdg q[7]
Gate(12201)	 t q[8]
Gate(12202)	cx q[8], q[7]
Gate(12203)	cx q[10], q[8]
Gate(12204)	cx q[7], q[10]
Gate(12205)	 h q[8]
Gate(12206)	 h q[7]
Gate(12207)	 t q[11]
Gate(12208)	 t q[6]
Gate(12209)	 t q[7]
Gate(12210)	cx q[6], q[11]
Gate(12211)	cx q[7], q[6]
Gate(12212)	cx q[11], q[7]
Gate(12213)	tdg q[6]
Gate(12214)	cx q[11], q[6]
Gate(12215)	tdg q[11]
Gate(12216)	tdg q[6]
Gate(12217)	 t q[7]
Gate(12218)	cx q[7], q[6]
Gate(12219)	cx q[11], q[7]
Gate(12220)	cx q[6], q[11]
Gate(12221)	 h q[7]
Gate(12222)	 h q[6]
Gate(12223)	 t q[12]
Gate(12224)	 t q[4]
Gate(12225)	 t q[6]
Gate(12226)	cx q[4], q[12]
Gate(12227)	cx q[6], q[4]
Gate(12228)	cx q[12], q[6]
Gate(12229)	tdg q[4]
Gate(12230)	cx q[12], q[4]
Gate(12231)	tdg q[12]
Gate(12232)	tdg q[4]
Gate(12233)	 t q[6]
Gate(12234)	cx q[6], q[4]
Gate(12235)	cx q[12], q[6]
Gate(12236)	cx q[4], q[12]
Gate(12237)	 h q[6]
Gate(12238)	 h q[4]
Gate(12239)	 t q[14]
Gate(12240)	 t q[13]
Gate(12241)	 t q[4]
Gate(12242)	cx q[13], q[14]
Gate(12243)	cx q[4], q[13]
Gate(12244)	cx q[14], q[4]
Gate(12245)	tdg q[13]
Gate(12246)	cx q[14], q[13]
Gate(12247)	tdg q[14]
Gate(12248)	tdg q[13]
Gate(12249)	 t q[4]
Gate(12250)	cx q[4], q[13]
Gate(12251)	cx q[14], q[4]
Gate(12252)	cx q[13], q[14]
Gate(12253)	 h q[4]
Gate(12254)	 h q[6]
Gate(12255)	 t q[12]
Gate(12256)	 t q[4]
Gate(12257)	 t q[6]
Gate(12258)	cx q[4], q[12]
Gate(12259)	cx q[6], q[4]
Gate(12260)	cx q[12], q[6]
Gate(12261)	tdg q[4]
Gate(12262)	cx q[12], q[4]
Gate(12263)	tdg q[12]
Gate(12264)	tdg q[4]
Gate(12265)	 t q[6]
Gate(12266)	cx q[6], q[4]
Gate(12267)	cx q[12], q[6]
Gate(12268)	cx q[4], q[12]
Gate(12269)	 h q[6]
Gate(12270)	 h q[7]
Gate(12271)	 t q[11]
Gate(12272)	 t q[6]
Gate(12273)	 t q[7]
Gate(12274)	cx q[6], q[11]
Gate(12275)	cx q[7], q[6]
Gate(12276)	cx q[11], q[7]
Gate(12277)	tdg q[6]
Gate(12278)	cx q[11], q[6]
Gate(12279)	tdg q[11]
Gate(12280)	tdg q[6]
Gate(12281)	 t q[7]
Gate(12282)	cx q[7], q[6]
Gate(12283)	cx q[11], q[7]
Gate(12284)	cx q[6], q[11]
Gate(12285)	 h q[7]
Gate(12286)	 h q[8]
Gate(12287)	 t q[10]
Gate(12288)	 t q[7]
Gate(12289)	 t q[8]
Gate(12290)	cx q[7], q[10]
Gate(12291)	cx q[8], q[7]
Gate(12292)	cx q[10], q[8]
Gate(12293)	tdg q[7]
Gate(12294)	cx q[10], q[7]
Gate(12295)	tdg q[10]
Gate(12296)	tdg q[7]
Gate(12297)	 t q[8]
Gate(12298)	cx q[8], q[7]
Gate(12299)	cx q[10], q[8]
Gate(12300)	cx q[7], q[10]
Gate(12301)	 h q[8]
Gate(12302)	 h q[5]
Gate(12303)	 t q[9]
Gate(12304)	 t q[8]
Gate(12305)	 t q[5]
Gate(12306)	cx q[8], q[9]
Gate(12307)	cx q[5], q[8]
Gate(12308)	cx q[9], q[5]
Gate(12309)	tdg q[8]
Gate(12310)	cx q[9], q[8]
Gate(12311)	tdg q[9]
Gate(12312)	tdg q[8]
Gate(12313)	 t q[5]
Gate(12314)	cx q[5], q[8]
Gate(12315)	cx q[9], q[5]
Gate(12316)	cx q[8], q[9]
Gate(12317)	 h q[5]
Gate(12318)	 h q[8]
Gate(12319)	 t q[10]
Gate(12320)	 t q[7]
Gate(12321)	 t q[8]
Gate(12322)	cx q[7], q[10]
Gate(12323)	cx q[8], q[7]
Gate(12324)	cx q[10], q[8]
Gate(12325)	tdg q[7]
Gate(12326)	cx q[10], q[7]
Gate(12327)	tdg q[10]
Gate(12328)	tdg q[7]
Gate(12329)	 t q[8]
Gate(12330)	cx q[8], q[7]
Gate(12331)	cx q[10], q[8]
Gate(12332)	cx q[7], q[10]
Gate(12333)	 h q[8]
Gate(12334)	 h q[7]
Gate(12335)	 t q[11]
Gate(12336)	 t q[6]
Gate(12337)	 t q[7]
Gate(12338)	cx q[6], q[11]
Gate(12339)	cx q[7], q[6]
Gate(12340)	cx q[11], q[7]
Gate(12341)	tdg q[6]
Gate(12342)	cx q[11], q[6]
Gate(12343)	tdg q[11]
Gate(12344)	tdg q[6]
Gate(12345)	 t q[7]
Gate(12346)	cx q[7], q[6]
Gate(12347)	cx q[11], q[7]
Gate(12348)	cx q[6], q[11]
Gate(12349)	 h q[7]
Gate(12350)	 h q[6]
Gate(12351)	 t q[12]
Gate(12352)	 t q[4]
Gate(12353)	 t q[6]
Gate(12354)	cx q[4], q[12]
Gate(12355)	cx q[6], q[4]
Gate(12356)	cx q[12], q[6]
Gate(12357)	tdg q[4]
Gate(12358)	cx q[12], q[4]
Gate(12359)	tdg q[12]
Gate(12360)	tdg q[4]
Gate(12361)	 t q[6]
Gate(12362)	cx q[6], q[4]
Gate(12363)	cx q[12], q[6]
Gate(12364)	cx q[4], q[12]
Gate(12365)	 h q[6]
Gate(12366)	 h q[4]
Gate(12367)	 t q[14]
Gate(12368)	 t q[13]
Gate(12369)	 t q[4]
Gate(12370)	cx q[13], q[14]
Gate(12371)	cx q[4], q[13]
Gate(12372)	cx q[14], q[4]
Gate(12373)	tdg q[13]
Gate(12374)	cx q[14], q[13]
Gate(12375)	tdg q[14]
Gate(12376)	tdg q[13]
Gate(12377)	 t q[4]
Gate(12378)	cx q[4], q[13]
Gate(12379)	cx q[14], q[4]
Gate(12380)	cx q[13], q[14]
Gate(12381)	 h q[4]
Gate(12382)	 h q[6]
Gate(12383)	 t q[12]
Gate(12384)	 t q[4]
Gate(12385)	 t q[6]
Gate(12386)	cx q[4], q[12]
Gate(12387)	cx q[6], q[4]
Gate(12388)	cx q[12], q[6]
Gate(12389)	tdg q[4]
Gate(12390)	cx q[12], q[4]
Gate(12391)	tdg q[12]
Gate(12392)	tdg q[4]
Gate(12393)	 t q[6]
Gate(12394)	cx q[6], q[4]
Gate(12395)	cx q[12], q[6]
Gate(12396)	cx q[4], q[12]
Gate(12397)	 h q[6]
Gate(12398)	 h q[7]
Gate(12399)	 t q[11]
Gate(12400)	 t q[6]
Gate(12401)	 t q[7]
Gate(12402)	cx q[6], q[11]
Gate(12403)	cx q[7], q[6]
Gate(12404)	cx q[11], q[7]
Gate(12405)	tdg q[6]
Gate(12406)	cx q[11], q[6]
Gate(12407)	tdg q[11]
Gate(12408)	tdg q[6]
Gate(12409)	 t q[7]
Gate(12410)	cx q[7], q[6]
Gate(12411)	cx q[11], q[7]
Gate(12412)	cx q[6], q[11]
Gate(12413)	 h q[7]
Gate(12414)	 h q[8]
Gate(12415)	 t q[10]
Gate(12416)	 t q[7]
Gate(12417)	 t q[8]
Gate(12418)	cx q[7], q[10]
Gate(12419)	cx q[8], q[7]
Gate(12420)	cx q[10], q[8]
Gate(12421)	tdg q[7]
Gate(12422)	cx q[10], q[7]
Gate(12423)	tdg q[10]
Gate(12424)	tdg q[7]
Gate(12425)	 t q[8]
Gate(12426)	cx q[8], q[7]
Gate(12427)	cx q[10], q[8]
Gate(12428)	cx q[7], q[10]
Gate(12429)	 h q[8]
Gate(12430)	 h q[0]
Gate(12431)	 t q[5]
Gate(12432)	 t q[14]
Gate(12433)	 t q[0]
Gate(12434)	cx q[14], q[5]
Gate(12435)	cx q[0], q[14]
Gate(12436)	cx q[5], q[0]
Gate(12437)	tdg q[14]
Gate(12438)	cx q[5], q[14]
Gate(12439)	tdg q[5]
Gate(12440)	tdg q[14]
Gate(12441)	 t q[0]
Gate(12442)	cx q[0], q[14]
Gate(12443)	cx q[5], q[0]
Gate(12444)	cx q[14], q[5]
Gate(12445)	 h q[0]
Gate(12446)	 h q[14]
Gate(12447)	 t q[1]
Gate(12448)	 t q[13]
Gate(12449)	 t q[14]
Gate(12450)	cx q[13], q[1]
Gate(12451)	cx q[14], q[13]
Gate(12452)	cx q[1], q[14]
Gate(12453)	tdg q[13]
Gate(12454)	cx q[1], q[13]
Gate(12455)	tdg q[1]
Gate(12456)	tdg q[13]
Gate(12457)	 t q[14]
Gate(12458)	cx q[14], q[13]
Gate(12459)	cx q[1], q[14]
Gate(12460)	cx q[13], q[1]
Gate(12461)	 h q[14]
Gate(12462)	 h q[13]
Gate(12463)	 t q[2]
Gate(12464)	 t q[12]
Gate(12465)	 t q[13]
Gate(12466)	cx q[12], q[2]
Gate(12467)	cx q[13], q[12]
Gate(12468)	cx q[2], q[13]
Gate(12469)	tdg q[12]
Gate(12470)	cx q[2], q[12]
Gate(12471)	tdg q[2]
Gate(12472)	tdg q[12]
Gate(12473)	 t q[13]
Gate(12474)	cx q[13], q[12]
Gate(12475)	cx q[2], q[13]
Gate(12476)	cx q[12], q[2]
Gate(12477)	 h q[13]
Gate(12478)	 h q[12]
Gate(12479)	 t q[3]
Gate(12480)	 t q[11]
Gate(12481)	 t q[12]
Gate(12482)	cx q[11], q[3]
Gate(12483)	cx q[12], q[11]
Gate(12484)	cx q[3], q[12]
Gate(12485)	tdg q[11]
Gate(12486)	cx q[3], q[11]
Gate(12487)	tdg q[3]
Gate(12488)	tdg q[11]
Gate(12489)	 t q[12]
Gate(12490)	cx q[12], q[11]
Gate(12491)	cx q[3], q[12]
Gate(12492)	cx q[11], q[3]
Gate(12493)	 h q[12]
Gate(12494)	 h q[11]
Gate(12495)	 t q[4]
Gate(12496)	 t q[10]
Gate(12497)	 t q[11]
Gate(12498)	cx q[10], q[4]
Gate(12499)	cx q[11], q[10]
Gate(12500)	cx q[4], q[11]
Gate(12501)	tdg q[10]
Gate(12502)	cx q[4], q[10]
Gate(12503)	tdg q[4]
Gate(12504)	tdg q[10]
Gate(12505)	 t q[11]
Gate(12506)	cx q[11], q[10]
Gate(12507)	cx q[4], q[11]
Gate(12508)	cx q[10], q[4]
Gate(12509)	 h q[11]
Gate(12510)	 h q[10]
Gate(12511)	 t q[6]
Gate(12512)	 t q[9]
Gate(12513)	 t q[10]
Gate(12514)	cx q[9], q[6]
Gate(12515)	cx q[10], q[9]
Gate(12516)	cx q[6], q[10]
Gate(12517)	tdg q[9]
Gate(12518)	cx q[6], q[9]
Gate(12519)	tdg q[6]
Gate(12520)	tdg q[9]
Gate(12521)	 t q[10]
Gate(12522)	cx q[10], q[9]
Gate(12523)	cx q[6], q[10]
Gate(12524)	cx q[9], q[6]
Gate(12525)	 h q[10]
Gate(12526)	 h q[9]
Gate(12527)	 t q[8]
Gate(12528)	 t q[7]
Gate(12529)	 t q[9]
Gate(12530)	cx q[7], q[8]
Gate(12531)	cx q[9], q[7]
Gate(12532)	cx q[8], q[9]
Gate(12533)	tdg q[7]
Gate(12534)	cx q[8], q[7]
Gate(12535)	tdg q[8]
Gate(12536)	tdg q[7]
Gate(12537)	 t q[9]
Gate(12538)	cx q[9], q[7]
Gate(12539)	cx q[8], q[9]
Gate(12540)	cx q[7], q[8]
Gate(12541)	 h q[9]
Gate(12542)	 h q[10]
Gate(12543)	 t q[6]
Gate(12544)	 t q[9]
Gate(12545)	 t q[10]
Gate(12546)	cx q[9], q[6]
Gate(12547)	cx q[10], q[9]
Gate(12548)	cx q[6], q[10]
Gate(12549)	tdg q[9]
Gate(12550)	cx q[6], q[9]
Gate(12551)	tdg q[6]
Gate(12552)	tdg q[9]
Gate(12553)	 t q[10]
Gate(12554)	cx q[10], q[9]
Gate(12555)	cx q[6], q[10]
Gate(12556)	cx q[9], q[6]
Gate(12557)	 h q[10]
Gate(12558)	 h q[11]
Gate(12559)	 t q[4]
Gate(12560)	 t q[10]
Gate(12561)	 t q[11]
Gate(12562)	cx q[10], q[4]
Gate(12563)	cx q[11], q[10]
Gate(12564)	cx q[4], q[11]
Gate(12565)	tdg q[10]
Gate(12566)	cx q[4], q[10]
Gate(12567)	tdg q[4]
Gate(12568)	tdg q[10]
Gate(12569)	 t q[11]
Gate(12570)	cx q[11], q[10]
Gate(12571)	cx q[4], q[11]
Gate(12572)	cx q[10], q[4]
Gate(12573)	 h q[11]
Gate(12574)	 h q[12]
Gate(12575)	 t q[3]
Gate(12576)	 t q[11]
Gate(12577)	 t q[12]
Gate(12578)	cx q[11], q[3]
Gate(12579)	cx q[12], q[11]
Gate(12580)	cx q[3], q[12]
Gate(12581)	tdg q[11]
Gate(12582)	cx q[3], q[11]
Gate(12583)	tdg q[3]
Gate(12584)	tdg q[11]
Gate(12585)	 t q[12]
Gate(12586)	cx q[12], q[11]
Gate(12587)	cx q[3], q[12]
Gate(12588)	cx q[11], q[3]
Gate(12589)	 h q[12]
Gate(12590)	 h q[13]
Gate(12591)	 t q[2]
Gate(12592)	 t q[12]
Gate(12593)	 t q[13]
Gate(12594)	cx q[12], q[2]
Gate(12595)	cx q[13], q[12]
Gate(12596)	cx q[2], q[13]
Gate(12597)	tdg q[12]
Gate(12598)	cx q[2], q[12]
Gate(12599)	tdg q[2]
Gate(12600)	tdg q[12]
Gate(12601)	 t q[13]
Gate(12602)	cx q[13], q[12]
Gate(12603)	cx q[2], q[13]
Gate(12604)	cx q[12], q[2]
Gate(12605)	 h q[13]
Gate(12606)	 h q[14]
Gate(12607)	 t q[1]
Gate(12608)	 t q[13]
Gate(12609)	 t q[14]
Gate(12610)	cx q[13], q[1]
Gate(12611)	cx q[14], q[13]
Gate(12612)	cx q[1], q[14]
Gate(12613)	tdg q[13]
Gate(12614)	cx q[1], q[13]
Gate(12615)	tdg q[1]
Gate(12616)	tdg q[13]
Gate(12617)	 t q[14]
Gate(12618)	cx q[14], q[13]
Gate(12619)	cx q[1], q[14]
Gate(12620)	cx q[13], q[1]
Gate(12621)	 h q[14]
Gate(12622)	 h q[0]
Gate(12623)	 t q[5]
Gate(12624)	 t q[14]
Gate(12625)	 t q[0]
Gate(12626)	cx q[14], q[5]
Gate(12627)	cx q[0], q[14]
Gate(12628)	cx q[5], q[0]
Gate(12629)	tdg q[14]
Gate(12630)	cx q[5], q[14]
Gate(12631)	tdg q[5]
Gate(12632)	tdg q[14]
Gate(12633)	 t q[0]
Gate(12634)	cx q[0], q[14]
Gate(12635)	cx q[5], q[0]
Gate(12636)	cx q[14], q[5]
Gate(12637)	 h q[0]
Gate(12638)	 h q[14]
Gate(12639)	 t q[1]
Gate(12640)	 t q[13]
Gate(12641)	 t q[14]
Gate(12642)	cx q[13], q[1]
Gate(12643)	cx q[14], q[13]
Gate(12644)	cx q[1], q[14]
Gate(12645)	tdg q[13]
Gate(12646)	cx q[1], q[13]
Gate(12647)	tdg q[1]
Gate(12648)	tdg q[13]
Gate(12649)	 t q[14]
Gate(12650)	cx q[14], q[13]
Gate(12651)	cx q[1], q[14]
Gate(12652)	cx q[13], q[1]
Gate(12653)	 h q[14]
Gate(12654)	 h q[13]
Gate(12655)	 t q[2]
Gate(12656)	 t q[12]
Gate(12657)	 t q[13]
Gate(12658)	cx q[12], q[2]
Gate(12659)	cx q[13], q[12]
Gate(12660)	cx q[2], q[13]
Gate(12661)	tdg q[12]
Gate(12662)	cx q[2], q[12]
Gate(12663)	tdg q[2]
Gate(12664)	tdg q[12]
Gate(12665)	 t q[13]
Gate(12666)	cx q[13], q[12]
Gate(12667)	cx q[2], q[13]
Gate(12668)	cx q[12], q[2]
Gate(12669)	 h q[13]
Gate(12670)	 h q[12]
Gate(12671)	 t q[3]
Gate(12672)	 t q[11]
Gate(12673)	 t q[12]
Gate(12674)	cx q[11], q[3]
Gate(12675)	cx q[12], q[11]
Gate(12676)	cx q[3], q[12]
Gate(12677)	tdg q[11]
Gate(12678)	cx q[3], q[11]
Gate(12679)	tdg q[3]
Gate(12680)	tdg q[11]
Gate(12681)	 t q[12]
Gate(12682)	cx q[12], q[11]
Gate(12683)	cx q[3], q[12]
Gate(12684)	cx q[11], q[3]
Gate(12685)	 h q[12]
Gate(12686)	 h q[11]
Gate(12687)	 t q[4]
Gate(12688)	 t q[10]
Gate(12689)	 t q[11]
Gate(12690)	cx q[10], q[4]
Gate(12691)	cx q[11], q[10]
Gate(12692)	cx q[4], q[11]
Gate(12693)	tdg q[10]
Gate(12694)	cx q[4], q[10]
Gate(12695)	tdg q[4]
Gate(12696)	tdg q[10]
Gate(12697)	 t q[11]
Gate(12698)	cx q[11], q[10]
Gate(12699)	cx q[4], q[11]
Gate(12700)	cx q[10], q[4]
Gate(12701)	 h q[11]
Gate(12702)	 h q[10]
Gate(12703)	 t q[6]
Gate(12704)	 t q[9]
Gate(12705)	 t q[10]
Gate(12706)	cx q[9], q[6]
Gate(12707)	cx q[10], q[9]
Gate(12708)	cx q[6], q[10]
Gate(12709)	tdg q[9]
Gate(12710)	cx q[6], q[9]
Gate(12711)	tdg q[6]
Gate(12712)	tdg q[9]
Gate(12713)	 t q[10]
Gate(12714)	cx q[10], q[9]
Gate(12715)	cx q[6], q[10]
Gate(12716)	cx q[9], q[6]
Gate(12717)	 h q[10]
Gate(12718)	 h q[9]
Gate(12719)	 t q[8]
Gate(12720)	 t q[7]
Gate(12721)	 t q[9]
Gate(12722)	cx q[7], q[8]
Gate(12723)	cx q[9], q[7]
Gate(12724)	cx q[8], q[9]
Gate(12725)	tdg q[7]
Gate(12726)	cx q[8], q[7]
Gate(12727)	tdg q[8]
Gate(12728)	tdg q[7]
Gate(12729)	 t q[9]
Gate(12730)	cx q[9], q[7]
Gate(12731)	cx q[8], q[9]
Gate(12732)	cx q[7], q[8]
Gate(12733)	 h q[9]
Gate(12734)	 h q[10]
Gate(12735)	 t q[6]
Gate(12736)	 t q[9]
Gate(12737)	 t q[10]
Gate(12738)	cx q[9], q[6]
Gate(12739)	cx q[10], q[9]
Gate(12740)	cx q[6], q[10]
Gate(12741)	tdg q[9]
Gate(12742)	cx q[6], q[9]
Gate(12743)	tdg q[6]
Gate(12744)	tdg q[9]
Gate(12745)	 t q[10]
Gate(12746)	cx q[10], q[9]
Gate(12747)	cx q[6], q[10]
Gate(12748)	cx q[9], q[6]
Gate(12749)	 h q[10]
Gate(12750)	 h q[11]
Gate(12751)	 t q[4]
Gate(12752)	 t q[10]
Gate(12753)	 t q[11]
Gate(12754)	cx q[10], q[4]
Gate(12755)	cx q[11], q[10]
Gate(12756)	cx q[4], q[11]
Gate(12757)	tdg q[10]
Gate(12758)	cx q[4], q[10]
Gate(12759)	tdg q[4]
Gate(12760)	tdg q[10]
Gate(12761)	 t q[11]
Gate(12762)	cx q[11], q[10]
Gate(12763)	cx q[4], q[11]
Gate(12764)	cx q[10], q[4]
Gate(12765)	 h q[11]
Gate(12766)	 h q[12]
Gate(12767)	 t q[3]
Gate(12768)	 t q[11]
Gate(12769)	 t q[12]
Gate(12770)	cx q[11], q[3]
Gate(12771)	cx q[12], q[11]
Gate(12772)	cx q[3], q[12]
Gate(12773)	tdg q[11]
Gate(12774)	cx q[3], q[11]
Gate(12775)	tdg q[3]
Gate(12776)	tdg q[11]
Gate(12777)	 t q[12]
Gate(12778)	cx q[12], q[11]
Gate(12779)	cx q[3], q[12]
Gate(12780)	cx q[11], q[3]
Gate(12781)	 h q[12]
Gate(12782)	 h q[13]
Gate(12783)	 t q[2]
Gate(12784)	 t q[12]
Gate(12785)	 t q[13]
Gate(12786)	cx q[12], q[2]
Gate(12787)	cx q[13], q[12]
Gate(12788)	cx q[2], q[13]
Gate(12789)	tdg q[12]
Gate(12790)	cx q[2], q[12]
Gate(12791)	tdg q[2]
Gate(12792)	tdg q[12]
Gate(12793)	 t q[13]
Gate(12794)	cx q[13], q[12]
Gate(12795)	cx q[2], q[13]
Gate(12796)	cx q[12], q[2]
Gate(12797)	 h q[13]
Gate(12798)	 h q[14]
Gate(12799)	 t q[1]
Gate(12800)	 t q[13]
Gate(12801)	 t q[14]
Gate(12802)	cx q[13], q[1]
Gate(12803)	cx q[14], q[13]
Gate(12804)	cx q[1], q[14]
Gate(12805)	tdg q[13]
Gate(12806)	cx q[1], q[13]
Gate(12807)	tdg q[1]
Gate(12808)	tdg q[13]
Gate(12809)	 t q[14]
Gate(12810)	cx q[14], q[13]
Gate(12811)	cx q[1], q[14]
Gate(12812)	cx q[13], q[1]
Gate(12813)	 h q[14]
Gate(12814)	 h q[4]
Gate(12815)	 t q[9]
Gate(12816)	 t q[8]
Gate(12817)	 t q[4]
Gate(12818)	cx q[8], q[9]
Gate(12819)	cx q[4], q[8]
Gate(12820)	cx q[9], q[4]
Gate(12821)	tdg q[8]
Gate(12822)	cx q[9], q[8]
Gate(12823)	tdg q[9]
Gate(12824)	tdg q[8]
Gate(12825)	 t q[4]
Gate(12826)	cx q[4], q[8]
Gate(12827)	cx q[9], q[4]
Gate(12828)	cx q[8], q[9]
Gate(12829)	 h q[4]
Gate(12830)	 h q[8]
Gate(12831)	 t q[10]
Gate(12832)	 t q[7]
Gate(12833)	 t q[8]
Gate(12834)	cx q[7], q[10]
Gate(12835)	cx q[8], q[7]
Gate(12836)	cx q[10], q[8]
Gate(12837)	tdg q[7]
Gate(12838)	cx q[10], q[7]
Gate(12839)	tdg q[10]
Gate(12840)	tdg q[7]
Gate(12841)	 t q[8]
Gate(12842)	cx q[8], q[7]
Gate(12843)	cx q[10], q[8]
Gate(12844)	cx q[7], q[10]
Gate(12845)	 h q[8]
Gate(12846)	 h q[7]
Gate(12847)	 t q[11]
Gate(12848)	 t q[6]
Gate(12849)	 t q[7]
Gate(12850)	cx q[6], q[11]
Gate(12851)	cx q[7], q[6]
Gate(12852)	cx q[11], q[7]
Gate(12853)	tdg q[6]
Gate(12854)	cx q[11], q[6]
Gate(12855)	tdg q[11]
Gate(12856)	tdg q[6]
Gate(12857)	 t q[7]
Gate(12858)	cx q[7], q[6]
Gate(12859)	cx q[11], q[7]
Gate(12860)	cx q[6], q[11]
Gate(12861)	 h q[7]
Gate(12862)	 h q[6]
Gate(12863)	 t q[12]
Gate(12864)	 t q[5]
Gate(12865)	 t q[6]
Gate(12866)	cx q[5], q[12]
Gate(12867)	cx q[6], q[5]
Gate(12868)	cx q[12], q[6]
Gate(12869)	tdg q[5]
Gate(12870)	cx q[12], q[5]
Gate(12871)	tdg q[12]
Gate(12872)	tdg q[5]
Gate(12873)	 t q[6]
Gate(12874)	cx q[6], q[5]
Gate(12875)	cx q[12], q[6]
Gate(12876)	cx q[5], q[12]
Gate(12877)	 h q[6]
Gate(12878)	 h q[5]
Gate(12879)	 t q[14]
Gate(12880)	 t q[13]
Gate(12881)	 t q[5]
Gate(12882)	cx q[13], q[14]
Gate(12883)	cx q[5], q[13]
Gate(12884)	cx q[14], q[5]
Gate(12885)	tdg q[13]
Gate(12886)	cx q[14], q[13]
Gate(12887)	tdg q[14]
Gate(12888)	tdg q[13]
Gate(12889)	 t q[5]
Gate(12890)	cx q[5], q[13]
Gate(12891)	cx q[14], q[5]
Gate(12892)	cx q[13], q[14]
Gate(12893)	 h q[5]
Gate(12894)	 h q[6]
Gate(12895)	 t q[12]
Gate(12896)	 t q[5]
Gate(12897)	 t q[6]
Gate(12898)	cx q[5], q[12]
Gate(12899)	cx q[6], q[5]
Gate(12900)	cx q[12], q[6]
Gate(12901)	tdg q[5]
Gate(12902)	cx q[12], q[5]
Gate(12903)	tdg q[12]
Gate(12904)	tdg q[5]
Gate(12905)	 t q[6]
Gate(12906)	cx q[6], q[5]
Gate(12907)	cx q[12], q[6]
Gate(12908)	cx q[5], q[12]
Gate(12909)	 h q[6]
Gate(12910)	 h q[7]
Gate(12911)	 t q[11]
Gate(12912)	 t q[6]
Gate(12913)	 t q[7]
Gate(12914)	cx q[6], q[11]
Gate(12915)	cx q[7], q[6]
Gate(12916)	cx q[11], q[7]
Gate(12917)	tdg q[6]
Gate(12918)	cx q[11], q[6]
Gate(12919)	tdg q[11]
Gate(12920)	tdg q[6]
Gate(12921)	 t q[7]
Gate(12922)	cx q[7], q[6]
Gate(12923)	cx q[11], q[7]
Gate(12924)	cx q[6], q[11]
Gate(12925)	 h q[7]
Gate(12926)	 h q[8]
Gate(12927)	 t q[10]
Gate(12928)	 t q[7]
Gate(12929)	 t q[8]
Gate(12930)	cx q[7], q[10]
Gate(12931)	cx q[8], q[7]
Gate(12932)	cx q[10], q[8]
Gate(12933)	tdg q[7]
Gate(12934)	cx q[10], q[7]
Gate(12935)	tdg q[10]
Gate(12936)	tdg q[7]
Gate(12937)	 t q[8]
Gate(12938)	cx q[8], q[7]
Gate(12939)	cx q[10], q[8]
Gate(12940)	cx q[7], q[10]
Gate(12941)	 h q[8]
Gate(12942)	 h q[4]
Gate(12943)	 t q[9]
Gate(12944)	 t q[8]
Gate(12945)	 t q[4]
Gate(12946)	cx q[8], q[9]
Gate(12947)	cx q[4], q[8]
Gate(12948)	cx q[9], q[4]
Gate(12949)	tdg q[8]
Gate(12950)	cx q[9], q[8]
Gate(12951)	tdg q[9]
Gate(12952)	tdg q[8]
Gate(12953)	 t q[4]
Gate(12954)	cx q[4], q[8]
Gate(12955)	cx q[9], q[4]
Gate(12956)	cx q[8], q[9]
Gate(12957)	 h q[4]
Gate(12958)	 h q[8]
Gate(12959)	 t q[10]
Gate(12960)	 t q[7]
Gate(12961)	 t q[8]
Gate(12962)	cx q[7], q[10]
Gate(12963)	cx q[8], q[7]
Gate(12964)	cx q[10], q[8]
Gate(12965)	tdg q[7]
Gate(12966)	cx q[10], q[7]
Gate(12967)	tdg q[10]
Gate(12968)	tdg q[7]
Gate(12969)	 t q[8]
Gate(12970)	cx q[8], q[7]
Gate(12971)	cx q[10], q[8]
Gate(12972)	cx q[7], q[10]
Gate(12973)	 h q[8]
Gate(12974)	 h q[7]
Gate(12975)	 t q[11]
Gate(12976)	 t q[6]
Gate(12977)	 t q[7]
Gate(12978)	cx q[6], q[11]
Gate(12979)	cx q[7], q[6]
Gate(12980)	cx q[11], q[7]
Gate(12981)	tdg q[6]
Gate(12982)	cx q[11], q[6]
Gate(12983)	tdg q[11]
Gate(12984)	tdg q[6]
Gate(12985)	 t q[7]
Gate(12986)	cx q[7], q[6]
Gate(12987)	cx q[11], q[7]
Gate(12988)	cx q[6], q[11]
Gate(12989)	 h q[7]
Gate(12990)	 h q[6]
Gate(12991)	 t q[12]
Gate(12992)	 t q[5]
Gate(12993)	 t q[6]
Gate(12994)	cx q[5], q[12]
Gate(12995)	cx q[6], q[5]
Gate(12996)	cx q[12], q[6]
Gate(12997)	tdg q[5]
Gate(12998)	cx q[12], q[5]
Gate(12999)	tdg q[12]
Gate(13000)	tdg q[5]
Gate(13001)	 t q[6]
Gate(13002)	cx q[6], q[5]
Gate(13003)	cx q[12], q[6]
Gate(13004)	cx q[5], q[12]
Gate(13005)	 h q[6]
Gate(13006)	 h q[5]
Gate(13007)	 t q[14]
Gate(13008)	 t q[13]
Gate(13009)	 t q[5]
Gate(13010)	cx q[13], q[14]
Gate(13011)	cx q[5], q[13]
Gate(13012)	cx q[14], q[5]
Gate(13013)	tdg q[13]
Gate(13014)	cx q[14], q[13]
Gate(13015)	tdg q[14]
Gate(13016)	tdg q[13]
Gate(13017)	 t q[5]
Gate(13018)	cx q[5], q[13]
Gate(13019)	cx q[14], q[5]
Gate(13020)	cx q[13], q[14]
Gate(13021)	 h q[5]
Gate(13022)	 h q[6]
Gate(13023)	 t q[12]
Gate(13024)	 t q[5]
Gate(13025)	 t q[6]
Gate(13026)	cx q[5], q[12]
Gate(13027)	cx q[6], q[5]
Gate(13028)	cx q[12], q[6]
Gate(13029)	tdg q[5]
Gate(13030)	cx q[12], q[5]
Gate(13031)	tdg q[12]
Gate(13032)	tdg q[5]
Gate(13033)	 t q[6]
Gate(13034)	cx q[6], q[5]
Gate(13035)	cx q[12], q[6]
Gate(13036)	cx q[5], q[12]
Gate(13037)	 h q[6]
Gate(13038)	 h q[7]
Gate(13039)	 t q[11]
Gate(13040)	 t q[6]
Gate(13041)	 t q[7]
Gate(13042)	cx q[6], q[11]
Gate(13043)	cx q[7], q[6]
Gate(13044)	cx q[11], q[7]
Gate(13045)	tdg q[6]
Gate(13046)	cx q[11], q[6]
Gate(13047)	tdg q[11]
Gate(13048)	tdg q[6]
Gate(13049)	 t q[7]
Gate(13050)	cx q[7], q[6]
Gate(13051)	cx q[11], q[7]
Gate(13052)	cx q[6], q[11]
Gate(13053)	 h q[7]
Gate(13054)	 h q[8]
Gate(13055)	 t q[10]
Gate(13056)	 t q[7]
Gate(13057)	 t q[8]
Gate(13058)	cx q[7], q[10]
Gate(13059)	cx q[8], q[7]
Gate(13060)	cx q[10], q[8]
Gate(13061)	tdg q[7]
Gate(13062)	cx q[10], q[7]
Gate(13063)	tdg q[10]
Gate(13064)	tdg q[7]
Gate(13065)	 t q[8]
Gate(13066)	cx q[8], q[7]
Gate(13067)	cx q[10], q[8]
Gate(13068)	cx q[7], q[10]
Gate(13069)	 h q[8]
Gate(13070)	 h q[0]
Gate(13071)	 t q[4]
Gate(13072)	 t q[14]
Gate(13073)	 t q[0]
Gate(13074)	cx q[14], q[4]
Gate(13075)	cx q[0], q[14]
Gate(13076)	cx q[4], q[0]
Gate(13077)	tdg q[14]
Gate(13078)	cx q[4], q[14]
Gate(13079)	tdg q[4]
Gate(13080)	tdg q[14]
Gate(13081)	 t q[0]
Gate(13082)	cx q[0], q[14]
Gate(13083)	cx q[4], q[0]
Gate(13084)	cx q[14], q[4]
Gate(13085)	 h q[0]
Gate(13086)	 h q[14]
Gate(13087)	 t q[1]
Gate(13088)	 t q[13]
Gate(13089)	 t q[14]
Gate(13090)	cx q[13], q[1]
Gate(13091)	cx q[14], q[13]
Gate(13092)	cx q[1], q[14]
Gate(13093)	tdg q[13]
Gate(13094)	cx q[1], q[13]
Gate(13095)	tdg q[1]
Gate(13096)	tdg q[13]
Gate(13097)	 t q[14]
Gate(13098)	cx q[14], q[13]
Gate(13099)	cx q[1], q[14]
Gate(13100)	cx q[13], q[1]
Gate(13101)	 h q[14]
Gate(13102)	 h q[13]
Gate(13103)	 t q[2]
Gate(13104)	 t q[12]
Gate(13105)	 t q[13]
Gate(13106)	cx q[12], q[2]
Gate(13107)	cx q[13], q[12]
Gate(13108)	cx q[2], q[13]
Gate(13109)	tdg q[12]
Gate(13110)	cx q[2], q[12]
Gate(13111)	tdg q[2]
Gate(13112)	tdg q[12]
Gate(13113)	 t q[13]
Gate(13114)	cx q[13], q[12]
Gate(13115)	cx q[2], q[13]
Gate(13116)	cx q[12], q[2]
Gate(13117)	 h q[13]
Gate(13118)	 h q[12]
Gate(13119)	 t q[3]
Gate(13120)	 t q[11]
Gate(13121)	 t q[12]
Gate(13122)	cx q[11], q[3]
Gate(13123)	cx q[12], q[11]
Gate(13124)	cx q[3], q[12]
Gate(13125)	tdg q[11]
Gate(13126)	cx q[3], q[11]
Gate(13127)	tdg q[3]
Gate(13128)	tdg q[11]
Gate(13129)	 t q[12]
Gate(13130)	cx q[12], q[11]
Gate(13131)	cx q[3], q[12]
Gate(13132)	cx q[11], q[3]
Gate(13133)	 h q[12]
Gate(13134)	 h q[11]
Gate(13135)	 t q[5]
Gate(13136)	 t q[10]
Gate(13137)	 t q[11]
Gate(13138)	cx q[10], q[5]
Gate(13139)	cx q[11], q[10]
Gate(13140)	cx q[5], q[11]
Gate(13141)	tdg q[10]
Gate(13142)	cx q[5], q[10]
Gate(13143)	tdg q[5]
Gate(13144)	tdg q[10]
Gate(13145)	 t q[11]
Gate(13146)	cx q[11], q[10]
Gate(13147)	cx q[5], q[11]
Gate(13148)	cx q[10], q[5]
Gate(13149)	 h q[11]
Gate(13150)	 h q[10]
Gate(13151)	 t q[6]
Gate(13152)	 t q[9]
Gate(13153)	 t q[10]
Gate(13154)	cx q[9], q[6]
Gate(13155)	cx q[10], q[9]
Gate(13156)	cx q[6], q[10]
Gate(13157)	tdg q[9]
Gate(13158)	cx q[6], q[9]
Gate(13159)	tdg q[6]
Gate(13160)	tdg q[9]
Gate(13161)	 t q[10]
Gate(13162)	cx q[10], q[9]
Gate(13163)	cx q[6], q[10]
Gate(13164)	cx q[9], q[6]
Gate(13165)	 h q[10]
Gate(13166)	 h q[9]
Gate(13167)	 t q[8]
Gate(13168)	 t q[7]
Gate(13169)	 t q[9]
Gate(13170)	cx q[7], q[8]
Gate(13171)	cx q[9], q[7]
Gate(13172)	cx q[8], q[9]
Gate(13173)	tdg q[7]
Gate(13174)	cx q[8], q[7]
Gate(13175)	tdg q[8]
Gate(13176)	tdg q[7]
Gate(13177)	 t q[9]
Gate(13178)	cx q[9], q[7]
Gate(13179)	cx q[8], q[9]
Gate(13180)	cx q[7], q[8]
Gate(13181)	 h q[9]
Gate(13182)	 h q[10]
Gate(13183)	 t q[6]
Gate(13184)	 t q[9]
Gate(13185)	 t q[10]
Gate(13186)	cx q[9], q[6]
Gate(13187)	cx q[10], q[9]
Gate(13188)	cx q[6], q[10]
Gate(13189)	tdg q[9]
Gate(13190)	cx q[6], q[9]
Gate(13191)	tdg q[6]
Gate(13192)	tdg q[9]
Gate(13193)	 t q[10]
Gate(13194)	cx q[10], q[9]
Gate(13195)	cx q[6], q[10]
Gate(13196)	cx q[9], q[6]
Gate(13197)	 h q[10]
Gate(13198)	 h q[11]
Gate(13199)	 t q[5]
Gate(13200)	 t q[10]
Gate(13201)	 t q[11]
Gate(13202)	cx q[10], q[5]
Gate(13203)	cx q[11], q[10]
Gate(13204)	cx q[5], q[11]
Gate(13205)	tdg q[10]
Gate(13206)	cx q[5], q[10]
Gate(13207)	tdg q[5]
Gate(13208)	tdg q[10]
Gate(13209)	 t q[11]
Gate(13210)	cx q[11], q[10]
Gate(13211)	cx q[5], q[11]
Gate(13212)	cx q[10], q[5]
Gate(13213)	 h q[11]
Gate(13214)	 h q[12]
Gate(13215)	 t q[3]
Gate(13216)	 t q[11]
Gate(13217)	 t q[12]
Gate(13218)	cx q[11], q[3]
Gate(13219)	cx q[12], q[11]
Gate(13220)	cx q[3], q[12]
Gate(13221)	tdg q[11]
Gate(13222)	cx q[3], q[11]
Gate(13223)	tdg q[3]
Gate(13224)	tdg q[11]
Gate(13225)	 t q[12]
Gate(13226)	cx q[12], q[11]
Gate(13227)	cx q[3], q[12]
Gate(13228)	cx q[11], q[3]
Gate(13229)	 h q[12]
Gate(13230)	 h q[13]
Gate(13231)	 t q[2]
Gate(13232)	 t q[12]
Gate(13233)	 t q[13]
Gate(13234)	cx q[12], q[2]
Gate(13235)	cx q[13], q[12]
Gate(13236)	cx q[2], q[13]
Gate(13237)	tdg q[12]
Gate(13238)	cx q[2], q[12]
Gate(13239)	tdg q[2]
Gate(13240)	tdg q[12]
Gate(13241)	 t q[13]
Gate(13242)	cx q[13], q[12]
Gate(13243)	cx q[2], q[13]
Gate(13244)	cx q[12], q[2]
Gate(13245)	 h q[13]
Gate(13246)	 h q[14]
Gate(13247)	 t q[1]
Gate(13248)	 t q[13]
Gate(13249)	 t q[14]
Gate(13250)	cx q[13], q[1]
Gate(13251)	cx q[14], q[13]
Gate(13252)	cx q[1], q[14]
Gate(13253)	tdg q[13]
Gate(13254)	cx q[1], q[13]
Gate(13255)	tdg q[1]
Gate(13256)	tdg q[13]
Gate(13257)	 t q[14]
Gate(13258)	cx q[14], q[13]
Gate(13259)	cx q[1], q[14]
Gate(13260)	cx q[13], q[1]
Gate(13261)	 h q[14]
Gate(13262)	 h q[0]
Gate(13263)	 t q[4]
Gate(13264)	 t q[14]
Gate(13265)	 t q[0]
Gate(13266)	cx q[14], q[4]
Gate(13267)	cx q[0], q[14]
Gate(13268)	cx q[4], q[0]
Gate(13269)	tdg q[14]
Gate(13270)	cx q[4], q[14]
Gate(13271)	tdg q[4]
Gate(13272)	tdg q[14]
Gate(13273)	 t q[0]
Gate(13274)	cx q[0], q[14]
Gate(13275)	cx q[4], q[0]
Gate(13276)	cx q[14], q[4]
Gate(13277)	 h q[0]
Gate(13278)	 h q[14]
Gate(13279)	 t q[1]
Gate(13280)	 t q[13]
Gate(13281)	 t q[14]
Gate(13282)	cx q[13], q[1]
Gate(13283)	cx q[14], q[13]
Gate(13284)	cx q[1], q[14]
Gate(13285)	tdg q[13]
Gate(13286)	cx q[1], q[13]
Gate(13287)	tdg q[1]
Gate(13288)	tdg q[13]
Gate(13289)	 t q[14]
Gate(13290)	cx q[14], q[13]
Gate(13291)	cx q[1], q[14]
Gate(13292)	cx q[13], q[1]
Gate(13293)	 h q[14]
Gate(13294)	 h q[13]
Gate(13295)	 t q[2]
Gate(13296)	 t q[12]
Gate(13297)	 t q[13]
Gate(13298)	cx q[12], q[2]
Gate(13299)	cx q[13], q[12]
Gate(13300)	cx q[2], q[13]
Gate(13301)	tdg q[12]
Gate(13302)	cx q[2], q[12]
Gate(13303)	tdg q[2]
Gate(13304)	tdg q[12]
Gate(13305)	 t q[13]
Gate(13306)	cx q[13], q[12]
Gate(13307)	cx q[2], q[13]
Gate(13308)	cx q[12], q[2]
Gate(13309)	 h q[13]
Gate(13310)	 h q[12]
Gate(13311)	 t q[3]
Gate(13312)	 t q[11]
Gate(13313)	 t q[12]
Gate(13314)	cx q[11], q[3]
Gate(13315)	cx q[12], q[11]
Gate(13316)	cx q[3], q[12]
Gate(13317)	tdg q[11]
Gate(13318)	cx q[3], q[11]
Gate(13319)	tdg q[3]
Gate(13320)	tdg q[11]
Gate(13321)	 t q[12]
Gate(13322)	cx q[12], q[11]
Gate(13323)	cx q[3], q[12]
Gate(13324)	cx q[11], q[3]
Gate(13325)	 h q[12]
Gate(13326)	 h q[11]
Gate(13327)	 t q[5]
Gate(13328)	 t q[10]
Gate(13329)	 t q[11]
Gate(13330)	cx q[10], q[5]
Gate(13331)	cx q[11], q[10]
Gate(13332)	cx q[5], q[11]
Gate(13333)	tdg q[10]
Gate(13334)	cx q[5], q[10]
Gate(13335)	tdg q[5]
Gate(13336)	tdg q[10]
Gate(13337)	 t q[11]
Gate(13338)	cx q[11], q[10]
Gate(13339)	cx q[5], q[11]
Gate(13340)	cx q[10], q[5]
Gate(13341)	 h q[11]
Gate(13342)	 h q[10]
Gate(13343)	 t q[6]
Gate(13344)	 t q[9]
Gate(13345)	 t q[10]
Gate(13346)	cx q[9], q[6]
Gate(13347)	cx q[10], q[9]
Gate(13348)	cx q[6], q[10]
Gate(13349)	tdg q[9]
Gate(13350)	cx q[6], q[9]
Gate(13351)	tdg q[6]
Gate(13352)	tdg q[9]
Gate(13353)	 t q[10]
Gate(13354)	cx q[10], q[9]
Gate(13355)	cx q[6], q[10]
Gate(13356)	cx q[9], q[6]
Gate(13357)	 h q[10]
Gate(13358)	 h q[9]
Gate(13359)	 t q[8]
Gate(13360)	 t q[7]
Gate(13361)	 t q[9]
Gate(13362)	cx q[7], q[8]
Gate(13363)	cx q[9], q[7]
Gate(13364)	cx q[8], q[9]
Gate(13365)	tdg q[7]
Gate(13366)	cx q[8], q[7]
Gate(13367)	tdg q[8]
Gate(13368)	tdg q[7]
Gate(13369)	 t q[9]
Gate(13370)	cx q[9], q[7]
Gate(13371)	cx q[8], q[9]
Gate(13372)	cx q[7], q[8]
Gate(13373)	 h q[9]
Gate(13374)	 h q[10]
Gate(13375)	 t q[6]
Gate(13376)	 t q[9]
Gate(13377)	 t q[10]
Gate(13378)	cx q[9], q[6]
Gate(13379)	cx q[10], q[9]
Gate(13380)	cx q[6], q[10]
Gate(13381)	tdg q[9]
Gate(13382)	cx q[6], q[9]
Gate(13383)	tdg q[6]
Gate(13384)	tdg q[9]
Gate(13385)	 t q[10]
Gate(13386)	cx q[10], q[9]
Gate(13387)	cx q[6], q[10]
Gate(13388)	cx q[9], q[6]
Gate(13389)	 h q[10]
Gate(13390)	 h q[11]
Gate(13391)	 t q[5]
Gate(13392)	 t q[10]
Gate(13393)	 t q[11]
Gate(13394)	cx q[10], q[5]
Gate(13395)	cx q[11], q[10]
Gate(13396)	cx q[5], q[11]
Gate(13397)	tdg q[10]
Gate(13398)	cx q[5], q[10]
Gate(13399)	tdg q[5]
Gate(13400)	tdg q[10]
Gate(13401)	 t q[11]
Gate(13402)	cx q[11], q[10]
Gate(13403)	cx q[5], q[11]
Gate(13404)	cx q[10], q[5]
Gate(13405)	 h q[11]
Gate(13406)	 h q[12]
Gate(13407)	 t q[3]
Gate(13408)	 t q[11]
Gate(13409)	 t q[12]
Gate(13410)	cx q[11], q[3]
Gate(13411)	cx q[12], q[11]
Gate(13412)	cx q[3], q[12]
Gate(13413)	tdg q[11]
Gate(13414)	cx q[3], q[11]
Gate(13415)	tdg q[3]
Gate(13416)	tdg q[11]
Gate(13417)	 t q[12]
Gate(13418)	cx q[12], q[11]
Gate(13419)	cx q[3], q[12]
Gate(13420)	cx q[11], q[3]
Gate(13421)	 h q[12]
Gate(13422)	 h q[13]
Gate(13423)	 t q[2]
Gate(13424)	 t q[12]
Gate(13425)	 t q[13]
Gate(13426)	cx q[12], q[2]
Gate(13427)	cx q[13], q[12]
Gate(13428)	cx q[2], q[13]
Gate(13429)	tdg q[12]
Gate(13430)	cx q[2], q[12]
Gate(13431)	tdg q[2]
Gate(13432)	tdg q[12]
Gate(13433)	 t q[13]
Gate(13434)	cx q[13], q[12]
Gate(13435)	cx q[2], q[13]
Gate(13436)	cx q[12], q[2]
Gate(13437)	 h q[13]
Gate(13438)	 h q[14]
Gate(13439)	 t q[1]
Gate(13440)	 t q[13]
Gate(13441)	 t q[14]
Gate(13442)	cx q[13], q[1]
Gate(13443)	cx q[14], q[13]
Gate(13444)	cx q[1], q[14]
Gate(13445)	tdg q[13]
Gate(13446)	cx q[1], q[13]
Gate(13447)	tdg q[1]
Gate(13448)	tdg q[13]
Gate(13449)	 t q[14]
Gate(13450)	cx q[14], q[13]
Gate(13451)	cx q[1], q[14]
Gate(13452)	cx q[13], q[1]
Gate(13453)	 h q[14]
Gate(13454)	 h q[4]
Gate(13455)	 t q[9]
Gate(13456)	 t q[8]
Gate(13457)	 t q[4]
Gate(13458)	cx q[8], q[9]
Gate(13459)	cx q[4], q[8]
Gate(13460)	cx q[9], q[4]
Gate(13461)	tdg q[8]
Gate(13462)	cx q[9], q[8]
Gate(13463)	tdg q[9]
Gate(13464)	tdg q[8]
Gate(13465)	 t q[4]
Gate(13466)	cx q[4], q[8]
Gate(13467)	cx q[9], q[4]
Gate(13468)	cx q[8], q[9]
Gate(13469)	 h q[4]
Gate(13470)	 h q[8]
Gate(13471)	 t q[10]
Gate(13472)	 t q[7]
Gate(13473)	 t q[8]
Gate(13474)	cx q[7], q[10]
Gate(13475)	cx q[8], q[7]
Gate(13476)	cx q[10], q[8]
Gate(13477)	tdg q[7]
Gate(13478)	cx q[10], q[7]
Gate(13479)	tdg q[10]
Gate(13480)	tdg q[7]
Gate(13481)	 t q[8]
Gate(13482)	cx q[8], q[7]
Gate(13483)	cx q[10], q[8]
Gate(13484)	cx q[7], q[10]
Gate(13485)	 h q[8]
Gate(13486)	 h q[7]
Gate(13487)	 t q[11]
Gate(13488)	 t q[6]
Gate(13489)	 t q[7]
Gate(13490)	cx q[6], q[11]
Gate(13491)	cx q[7], q[6]
Gate(13492)	cx q[11], q[7]
Gate(13493)	tdg q[6]
Gate(13494)	cx q[11], q[6]
Gate(13495)	tdg q[11]
Gate(13496)	tdg q[6]
Gate(13497)	 t q[7]
Gate(13498)	cx q[7], q[6]
Gate(13499)	cx q[11], q[7]
Gate(13500)	cx q[6], q[11]
Gate(13501)	 h q[7]
Gate(13502)	 h q[6]
Gate(13503)	 t q[12]
Gate(13504)	 t q[5]
Gate(13505)	 t q[6]
Gate(13506)	cx q[5], q[12]
Gate(13507)	cx q[6], q[5]
Gate(13508)	cx q[12], q[6]
Gate(13509)	tdg q[5]
Gate(13510)	cx q[12], q[5]
Gate(13511)	tdg q[12]
Gate(13512)	tdg q[5]
Gate(13513)	 t q[6]
Gate(13514)	cx q[6], q[5]
Gate(13515)	cx q[12], q[6]
Gate(13516)	cx q[5], q[12]
Gate(13517)	 h q[6]
Gate(13518)	 h q[5]
Gate(13519)	 t q[14]
Gate(13520)	 t q[13]
Gate(13521)	 t q[5]
Gate(13522)	cx q[13], q[14]
Gate(13523)	cx q[5], q[13]
Gate(13524)	cx q[14], q[5]
Gate(13525)	tdg q[13]
Gate(13526)	cx q[14], q[13]
Gate(13527)	tdg q[14]
Gate(13528)	tdg q[13]
Gate(13529)	 t q[5]
Gate(13530)	cx q[5], q[13]
Gate(13531)	cx q[14], q[5]
Gate(13532)	cx q[13], q[14]
Gate(13533)	 h q[5]
Gate(13534)	 h q[6]
Gate(13535)	 t q[12]
Gate(13536)	 t q[5]
Gate(13537)	 t q[6]
Gate(13538)	cx q[5], q[12]
Gate(13539)	cx q[6], q[5]
Gate(13540)	cx q[12], q[6]
Gate(13541)	tdg q[5]
Gate(13542)	cx q[12], q[5]
Gate(13543)	tdg q[12]
Gate(13544)	tdg q[5]
Gate(13545)	 t q[6]
Gate(13546)	cx q[6], q[5]
Gate(13547)	cx q[12], q[6]
Gate(13548)	cx q[5], q[12]
Gate(13549)	 h q[6]
Gate(13550)	 h q[7]
Gate(13551)	 t q[11]
Gate(13552)	 t q[6]
Gate(13553)	 t q[7]
Gate(13554)	cx q[6], q[11]
Gate(13555)	cx q[7], q[6]
Gate(13556)	cx q[11], q[7]
Gate(13557)	tdg q[6]
Gate(13558)	cx q[11], q[6]
Gate(13559)	tdg q[11]
Gate(13560)	tdg q[6]
Gate(13561)	 t q[7]
Gate(13562)	cx q[7], q[6]
Gate(13563)	cx q[11], q[7]
Gate(13564)	cx q[6], q[11]
Gate(13565)	 h q[7]
Gate(13566)	 h q[8]
Gate(13567)	 t q[10]
Gate(13568)	 t q[7]
Gate(13569)	 t q[8]
Gate(13570)	cx q[7], q[10]
Gate(13571)	cx q[8], q[7]
Gate(13572)	cx q[10], q[8]
Gate(13573)	tdg q[7]
Gate(13574)	cx q[10], q[7]
Gate(13575)	tdg q[10]
Gate(13576)	tdg q[7]
Gate(13577)	 t q[8]
Gate(13578)	cx q[8], q[7]
Gate(13579)	cx q[10], q[8]
Gate(13580)	cx q[7], q[10]
Gate(13581)	 h q[8]
Gate(13582)	 h q[4]
Gate(13583)	 t q[9]
Gate(13584)	 t q[8]
Gate(13585)	 t q[4]
Gate(13586)	cx q[8], q[9]
Gate(13587)	cx q[4], q[8]
Gate(13588)	cx q[9], q[4]
Gate(13589)	tdg q[8]
Gate(13590)	cx q[9], q[8]
Gate(13591)	tdg q[9]
Gate(13592)	tdg q[8]
Gate(13593)	 t q[4]
Gate(13594)	cx q[4], q[8]
Gate(13595)	cx q[9], q[4]
Gate(13596)	cx q[8], q[9]
Gate(13597)	 h q[4]
Gate(13598)	 h q[8]
Gate(13599)	 t q[10]
Gate(13600)	 t q[7]
Gate(13601)	 t q[8]
Gate(13602)	cx q[7], q[10]
Gate(13603)	cx q[8], q[7]
Gate(13604)	cx q[10], q[8]
Gate(13605)	tdg q[7]
Gate(13606)	cx q[10], q[7]
Gate(13607)	tdg q[10]
Gate(13608)	tdg q[7]
Gate(13609)	 t q[8]
Gate(13610)	cx q[8], q[7]
Gate(13611)	cx q[10], q[8]
Gate(13612)	cx q[7], q[10]
Gate(13613)	 h q[8]
Gate(13614)	 h q[7]
Gate(13615)	 t q[11]
Gate(13616)	 t q[6]
Gate(13617)	 t q[7]
Gate(13618)	cx q[6], q[11]
Gate(13619)	cx q[7], q[6]
Gate(13620)	cx q[11], q[7]
Gate(13621)	tdg q[6]
Gate(13622)	cx q[11], q[6]
Gate(13623)	tdg q[11]
Gate(13624)	tdg q[6]
Gate(13625)	 t q[7]
Gate(13626)	cx q[7], q[6]
Gate(13627)	cx q[11], q[7]
Gate(13628)	cx q[6], q[11]
Gate(13629)	 h q[7]
Gate(13630)	 h q[6]
Gate(13631)	 t q[12]
Gate(13632)	 t q[5]
Gate(13633)	 t q[6]
Gate(13634)	cx q[5], q[12]
Gate(13635)	cx q[6], q[5]
Gate(13636)	cx q[12], q[6]
Gate(13637)	tdg q[5]
Gate(13638)	cx q[12], q[5]
Gate(13639)	tdg q[12]
Gate(13640)	tdg q[5]
Gate(13641)	 t q[6]
Gate(13642)	cx q[6], q[5]
Gate(13643)	cx q[12], q[6]
Gate(13644)	cx q[5], q[12]
Gate(13645)	 h q[6]
Gate(13646)	 h q[5]
Gate(13647)	 t q[14]
Gate(13648)	 t q[13]
Gate(13649)	 t q[5]
Gate(13650)	cx q[13], q[14]
Gate(13651)	cx q[5], q[13]
Gate(13652)	cx q[14], q[5]
Gate(13653)	tdg q[13]
Gate(13654)	cx q[14], q[13]
Gate(13655)	tdg q[14]
Gate(13656)	tdg q[13]
Gate(13657)	 t q[5]
Gate(13658)	cx q[5], q[13]
Gate(13659)	cx q[14], q[5]
Gate(13660)	cx q[13], q[14]
Gate(13661)	 h q[5]
Gate(13662)	 h q[6]
Gate(13663)	 t q[12]
Gate(13664)	 t q[5]
Gate(13665)	 t q[6]
Gate(13666)	cx q[5], q[12]
Gate(13667)	cx q[6], q[5]
Gate(13668)	cx q[12], q[6]
Gate(13669)	tdg q[5]
Gate(13670)	cx q[12], q[5]
Gate(13671)	tdg q[12]
Gate(13672)	tdg q[5]
Gate(13673)	 t q[6]
Gate(13674)	cx q[6], q[5]
Gate(13675)	cx q[12], q[6]
Gate(13676)	cx q[5], q[12]
Gate(13677)	 h q[6]
Gate(13678)	 h q[7]
Gate(13679)	 t q[11]
Gate(13680)	 t q[6]
Gate(13681)	 t q[7]
Gate(13682)	cx q[6], q[11]
Gate(13683)	cx q[7], q[6]
Gate(13684)	cx q[11], q[7]
Gate(13685)	tdg q[6]
Gate(13686)	cx q[11], q[6]
Gate(13687)	tdg q[11]
Gate(13688)	tdg q[6]
Gate(13689)	 t q[7]
Gate(13690)	cx q[7], q[6]
Gate(13691)	cx q[11], q[7]
Gate(13692)	cx q[6], q[11]
Gate(13693)	 h q[7]
Gate(13694)	 h q[8]
Gate(13695)	 t q[10]
Gate(13696)	 t q[7]
Gate(13697)	 t q[8]
Gate(13698)	cx q[7], q[10]
Gate(13699)	cx q[8], q[7]
Gate(13700)	cx q[10], q[8]
Gate(13701)	tdg q[7]
Gate(13702)	cx q[10], q[7]
Gate(13703)	tdg q[10]
Gate(13704)	tdg q[7]
Gate(13705)	 t q[8]
Gate(13706)	cx q[8], q[7]
Gate(13707)	cx q[10], q[8]
Gate(13708)	cx q[7], q[10]
Gate(13709)	 h q[8]
Gate(13710)	 h q[0]
Gate(13711)	 t q[4]
Gate(13712)	 t q[14]
Gate(13713)	 t q[0]
Gate(13714)	cx q[14], q[4]
Gate(13715)	cx q[0], q[14]
Gate(13716)	cx q[4], q[0]
Gate(13717)	tdg q[14]
Gate(13718)	cx q[4], q[14]
Gate(13719)	tdg q[4]
Gate(13720)	tdg q[14]
Gate(13721)	 t q[0]
Gate(13722)	cx q[0], q[14]
Gate(13723)	cx q[4], q[0]
Gate(13724)	cx q[14], q[4]
Gate(13725)	 h q[0]
Gate(13726)	 h q[14]
Gate(13727)	 t q[1]
Gate(13728)	 t q[13]
Gate(13729)	 t q[14]
Gate(13730)	cx q[13], q[1]
Gate(13731)	cx q[14], q[13]
Gate(13732)	cx q[1], q[14]
Gate(13733)	tdg q[13]
Gate(13734)	cx q[1], q[13]
Gate(13735)	tdg q[1]
Gate(13736)	tdg q[13]
Gate(13737)	 t q[14]
Gate(13738)	cx q[14], q[13]
Gate(13739)	cx q[1], q[14]
Gate(13740)	cx q[13], q[1]
Gate(13741)	 h q[14]
Gate(13742)	 h q[13]
Gate(13743)	 t q[2]
Gate(13744)	 t q[12]
Gate(13745)	 t q[13]
Gate(13746)	cx q[12], q[2]
Gate(13747)	cx q[13], q[12]
Gate(13748)	cx q[2], q[13]
Gate(13749)	tdg q[12]
Gate(13750)	cx q[2], q[12]
Gate(13751)	tdg q[2]
Gate(13752)	tdg q[12]
Gate(13753)	 t q[13]
Gate(13754)	cx q[13], q[12]
Gate(13755)	cx q[2], q[13]
Gate(13756)	cx q[12], q[2]
Gate(13757)	 h q[13]
Gate(13758)	 h q[12]
Gate(13759)	 t q[3]
Gate(13760)	 t q[11]
Gate(13761)	 t q[12]
Gate(13762)	cx q[11], q[3]
Gate(13763)	cx q[12], q[11]
Gate(13764)	cx q[3], q[12]
Gate(13765)	tdg q[11]
Gate(13766)	cx q[3], q[11]
Gate(13767)	tdg q[3]
Gate(13768)	tdg q[11]
Gate(13769)	 t q[12]
Gate(13770)	cx q[12], q[11]
Gate(13771)	cx q[3], q[12]
Gate(13772)	cx q[11], q[3]
Gate(13773)	 h q[12]
Gate(13774)	 h q[11]
Gate(13775)	 t q[5]
Gate(13776)	 t q[10]
Gate(13777)	 t q[11]
Gate(13778)	cx q[10], q[5]
Gate(13779)	cx q[11], q[10]
Gate(13780)	cx q[5], q[11]
Gate(13781)	tdg q[10]
Gate(13782)	cx q[5], q[10]
Gate(13783)	tdg q[5]
Gate(13784)	tdg q[10]
Gate(13785)	 t q[11]
Gate(13786)	cx q[11], q[10]
Gate(13787)	cx q[5], q[11]
Gate(13788)	cx q[10], q[5]
Gate(13789)	 h q[11]
Gate(13790)	 h q[10]
Gate(13791)	 t q[6]
Gate(13792)	 t q[9]
Gate(13793)	 t q[10]
Gate(13794)	cx q[9], q[6]
Gate(13795)	cx q[10], q[9]
Gate(13796)	cx q[6], q[10]
Gate(13797)	tdg q[9]
Gate(13798)	cx q[6], q[9]
Gate(13799)	tdg q[6]
Gate(13800)	tdg q[9]
Gate(13801)	 t q[10]
Gate(13802)	cx q[10], q[9]
Gate(13803)	cx q[6], q[10]
Gate(13804)	cx q[9], q[6]
Gate(13805)	 h q[10]
Gate(13806)	 h q[9]
Gate(13807)	 t q[8]
Gate(13808)	 t q[7]
Gate(13809)	 t q[9]
Gate(13810)	cx q[7], q[8]
Gate(13811)	cx q[9], q[7]
Gate(13812)	cx q[8], q[9]
Gate(13813)	tdg q[7]
Gate(13814)	cx q[8], q[7]
Gate(13815)	tdg q[8]
Gate(13816)	tdg q[7]
Gate(13817)	 t q[9]
Gate(13818)	cx q[9], q[7]
Gate(13819)	cx q[8], q[9]
Gate(13820)	cx q[7], q[8]
Gate(13821)	 h q[9]
Gate(13822)	 h q[10]
Gate(13823)	 t q[6]
Gate(13824)	 t q[9]
Gate(13825)	 t q[10]
Gate(13826)	cx q[9], q[6]
Gate(13827)	cx q[10], q[9]
Gate(13828)	cx q[6], q[10]
Gate(13829)	tdg q[9]
Gate(13830)	cx q[6], q[9]
Gate(13831)	tdg q[6]
Gate(13832)	tdg q[9]
Gate(13833)	 t q[10]
Gate(13834)	cx q[10], q[9]
Gate(13835)	cx q[6], q[10]
Gate(13836)	cx q[9], q[6]
Gate(13837)	 h q[10]
Gate(13838)	 h q[11]
Gate(13839)	 t q[5]
Gate(13840)	 t q[10]
Gate(13841)	 t q[11]
Gate(13842)	cx q[10], q[5]
Gate(13843)	cx q[11], q[10]
Gate(13844)	cx q[5], q[11]
Gate(13845)	tdg q[10]
Gate(13846)	cx q[5], q[10]
Gate(13847)	tdg q[5]
Gate(13848)	tdg q[10]
Gate(13849)	 t q[11]
Gate(13850)	cx q[11], q[10]
Gate(13851)	cx q[5], q[11]
Gate(13852)	cx q[10], q[5]
Gate(13853)	 h q[11]
Gate(13854)	 h q[12]
Gate(13855)	 t q[3]
Gate(13856)	 t q[11]
Gate(13857)	 t q[12]
Gate(13858)	cx q[11], q[3]
Gate(13859)	cx q[12], q[11]
Gate(13860)	cx q[3], q[12]
Gate(13861)	tdg q[11]
Gate(13862)	cx q[3], q[11]
Gate(13863)	tdg q[3]
Gate(13864)	tdg q[11]
Gate(13865)	 t q[12]
Gate(13866)	cx q[12], q[11]
Gate(13867)	cx q[3], q[12]
Gate(13868)	cx q[11], q[3]
Gate(13869)	 h q[12]
Gate(13870)	 h q[13]
Gate(13871)	 t q[2]
Gate(13872)	 t q[12]
Gate(13873)	 t q[13]
Gate(13874)	cx q[12], q[2]
Gate(13875)	cx q[13], q[12]
Gate(13876)	cx q[2], q[13]
Gate(13877)	tdg q[12]
Gate(13878)	cx q[2], q[12]
Gate(13879)	tdg q[2]
Gate(13880)	tdg q[12]
Gate(13881)	 t q[13]
Gate(13882)	cx q[13], q[12]
Gate(13883)	cx q[2], q[13]
Gate(13884)	cx q[12], q[2]
Gate(13885)	 h q[13]
Gate(13886)	 h q[14]
Gate(13887)	 t q[1]
Gate(13888)	 t q[13]
Gate(13889)	 t q[14]
Gate(13890)	cx q[13], q[1]
Gate(13891)	cx q[14], q[13]
Gate(13892)	cx q[1], q[14]
Gate(13893)	tdg q[13]
Gate(13894)	cx q[1], q[13]
Gate(13895)	tdg q[1]
Gate(13896)	tdg q[13]
Gate(13897)	 t q[14]
Gate(13898)	cx q[14], q[13]
Gate(13899)	cx q[1], q[14]
Gate(13900)	cx q[13], q[1]
Gate(13901)	 h q[14]
Gate(13902)	 h q[0]
Gate(13903)	 t q[4]
Gate(13904)	 t q[14]
Gate(13905)	 t q[0]
Gate(13906)	cx q[14], q[4]
Gate(13907)	cx q[0], q[14]
Gate(13908)	cx q[4], q[0]
Gate(13909)	tdg q[14]
Gate(13910)	cx q[4], q[14]
Gate(13911)	tdg q[4]
Gate(13912)	tdg q[14]
Gate(13913)	 t q[0]
Gate(13914)	cx q[0], q[14]
Gate(13915)	cx q[4], q[0]
Gate(13916)	cx q[14], q[4]
Gate(13917)	 h q[0]
Gate(13918)	 h q[14]
Gate(13919)	 t q[1]
Gate(13920)	 t q[13]
Gate(13921)	 t q[14]
Gate(13922)	cx q[13], q[1]
Gate(13923)	cx q[14], q[13]
Gate(13924)	cx q[1], q[14]
Gate(13925)	tdg q[13]
Gate(13926)	cx q[1], q[13]
Gate(13927)	tdg q[1]
Gate(13928)	tdg q[13]
Gate(13929)	 t q[14]
Gate(13930)	cx q[14], q[13]
Gate(13931)	cx q[1], q[14]
Gate(13932)	cx q[13], q[1]
Gate(13933)	 h q[14]
Gate(13934)	 h q[13]
Gate(13935)	 t q[2]
Gate(13936)	 t q[12]
Gate(13937)	 t q[13]
Gate(13938)	cx q[12], q[2]
Gate(13939)	cx q[13], q[12]
Gate(13940)	cx q[2], q[13]
Gate(13941)	tdg q[12]
Gate(13942)	cx q[2], q[12]
Gate(13943)	tdg q[2]
Gate(13944)	tdg q[12]
Gate(13945)	 t q[13]
Gate(13946)	cx q[13], q[12]
Gate(13947)	cx q[2], q[13]
Gate(13948)	cx q[12], q[2]
Gate(13949)	 h q[13]
Gate(13950)	 h q[12]
Gate(13951)	 t q[3]
Gate(13952)	 t q[11]
Gate(13953)	 t q[12]
Gate(13954)	cx q[11], q[3]
Gate(13955)	cx q[12], q[11]
Gate(13956)	cx q[3], q[12]
Gate(13957)	tdg q[11]
Gate(13958)	cx q[3], q[11]
Gate(13959)	tdg q[3]
Gate(13960)	tdg q[11]
Gate(13961)	 t q[12]
Gate(13962)	cx q[12], q[11]
Gate(13963)	cx q[3], q[12]
Gate(13964)	cx q[11], q[3]
Gate(13965)	 h q[12]
Gate(13966)	 h q[11]
Gate(13967)	 t q[5]
Gate(13968)	 t q[10]
Gate(13969)	 t q[11]
Gate(13970)	cx q[10], q[5]
Gate(13971)	cx q[11], q[10]
Gate(13972)	cx q[5], q[11]
Gate(13973)	tdg q[10]
Gate(13974)	cx q[5], q[10]
Gate(13975)	tdg q[5]
Gate(13976)	tdg q[10]
Gate(13977)	 t q[11]
Gate(13978)	cx q[11], q[10]
Gate(13979)	cx q[5], q[11]
Gate(13980)	cx q[10], q[5]
Gate(13981)	 h q[11]
Gate(13982)	 h q[10]
Gate(13983)	 t q[6]
Gate(13984)	 t q[9]
Gate(13985)	 t q[10]
Gate(13986)	cx q[9], q[6]
Gate(13987)	cx q[10], q[9]
Gate(13988)	cx q[6], q[10]
Gate(13989)	tdg q[9]
Gate(13990)	cx q[6], q[9]
Gate(13991)	tdg q[6]
Gate(13992)	tdg q[9]
Gate(13993)	 t q[10]
Gate(13994)	cx q[10], q[9]
Gate(13995)	cx q[6], q[10]
Gate(13996)	cx q[9], q[6]
Gate(13997)	 h q[10]
Gate(13998)	 h q[9]
Gate(13999)	 t q[8]
Gate(14000)	 t q[7]
Gate(14001)	 t q[9]
Gate(14002)	cx q[7], q[8]
Gate(14003)	cx q[9], q[7]
Gate(14004)	cx q[8], q[9]
Gate(14005)	tdg q[7]
Gate(14006)	cx q[8], q[7]
Gate(14007)	tdg q[8]
Gate(14008)	tdg q[7]
Gate(14009)	 t q[9]
Gate(14010)	cx q[9], q[7]
Gate(14011)	cx q[8], q[9]
Gate(14012)	cx q[7], q[8]
Gate(14013)	 h q[9]
Gate(14014)	 h q[10]
Gate(14015)	 t q[6]
Gate(14016)	 t q[9]
Gate(14017)	 t q[10]
Gate(14018)	cx q[9], q[6]
Gate(14019)	cx q[10], q[9]
Gate(14020)	cx q[6], q[10]
Gate(14021)	tdg q[9]
Gate(14022)	cx q[6], q[9]
Gate(14023)	tdg q[6]
Gate(14024)	tdg q[9]
Gate(14025)	 t q[10]
Gate(14026)	cx q[10], q[9]
Gate(14027)	cx q[6], q[10]
Gate(14028)	cx q[9], q[6]
Gate(14029)	 h q[10]
Gate(14030)	 h q[11]
Gate(14031)	 t q[5]
Gate(14032)	 t q[10]
Gate(14033)	 t q[11]
Gate(14034)	cx q[10], q[5]
Gate(14035)	cx q[11], q[10]
Gate(14036)	cx q[5], q[11]
Gate(14037)	tdg q[10]
Gate(14038)	cx q[5], q[10]
Gate(14039)	tdg q[5]
Gate(14040)	tdg q[10]
Gate(14041)	 t q[11]
Gate(14042)	cx q[11], q[10]
Gate(14043)	cx q[5], q[11]
Gate(14044)	cx q[10], q[5]
Gate(14045)	 h q[11]
Gate(14046)	 h q[12]
Gate(14047)	 t q[3]
Gate(14048)	 t q[11]
Gate(14049)	 t q[12]
Gate(14050)	cx q[11], q[3]
Gate(14051)	cx q[12], q[11]
Gate(14052)	cx q[3], q[12]
Gate(14053)	tdg q[11]
Gate(14054)	cx q[3], q[11]
Gate(14055)	tdg q[3]
Gate(14056)	tdg q[11]
Gate(14057)	 t q[12]
Gate(14058)	cx q[12], q[11]
Gate(14059)	cx q[3], q[12]
Gate(14060)	cx q[11], q[3]
Gate(14061)	 h q[12]
Gate(14062)	 h q[13]
Gate(14063)	 t q[2]
Gate(14064)	 t q[12]
Gate(14065)	 t q[13]
Gate(14066)	cx q[12], q[2]
Gate(14067)	cx q[13], q[12]
Gate(14068)	cx q[2], q[13]
Gate(14069)	tdg q[12]
Gate(14070)	cx q[2], q[12]
Gate(14071)	tdg q[2]
Gate(14072)	tdg q[12]
Gate(14073)	 t q[13]
Gate(14074)	cx q[13], q[12]
Gate(14075)	cx q[2], q[13]
Gate(14076)	cx q[12], q[2]
Gate(14077)	 h q[13]
Gate(14078)	 h q[14]
Gate(14079)	 t q[1]
Gate(14080)	 t q[13]
Gate(14081)	 t q[14]
Gate(14082)	cx q[13], q[1]
Gate(14083)	cx q[14], q[13]
Gate(14084)	cx q[1], q[14]
Gate(14085)	tdg q[13]
Gate(14086)	cx q[1], q[13]
Gate(14087)	tdg q[1]
Gate(14088)	tdg q[13]
Gate(14089)	 t q[14]
Gate(14090)	cx q[14], q[13]
Gate(14091)	cx q[1], q[14]
Gate(14092)	cx q[13], q[1]
Gate(14093)	 h q[14]
Gate(14094)	 h q[3]
Gate(14095)	 t q[9]
Gate(14096)	 t q[8]
Gate(14097)	 t q[3]
Gate(14098)	cx q[8], q[9]
Gate(14099)	cx q[3], q[8]
Gate(14100)	cx q[9], q[3]
Gate(14101)	tdg q[8]
Gate(14102)	cx q[9], q[8]
Gate(14103)	tdg q[9]
Gate(14104)	tdg q[8]
Gate(14105)	 t q[3]
Gate(14106)	cx q[3], q[8]
Gate(14107)	cx q[9], q[3]
Gate(14108)	cx q[8], q[9]
Gate(14109)	 h q[3]
Gate(14110)	 h q[8]
Gate(14111)	 t q[10]
Gate(14112)	 t q[7]
Gate(14113)	 t q[8]
Gate(14114)	cx q[7], q[10]
Gate(14115)	cx q[8], q[7]
Gate(14116)	cx q[10], q[8]
Gate(14117)	tdg q[7]
Gate(14118)	cx q[10], q[7]
Gate(14119)	tdg q[10]
Gate(14120)	tdg q[7]
Gate(14121)	 t q[8]
Gate(14122)	cx q[8], q[7]
Gate(14123)	cx q[10], q[8]
Gate(14124)	cx q[7], q[10]
Gate(14125)	 h q[8]
Gate(14126)	 h q[7]
Gate(14127)	 t q[11]
Gate(14128)	 t q[6]
Gate(14129)	 t q[7]
Gate(14130)	cx q[6], q[11]
Gate(14131)	cx q[7], q[6]
Gate(14132)	cx q[11], q[7]
Gate(14133)	tdg q[6]
Gate(14134)	cx q[11], q[6]
Gate(14135)	tdg q[11]
Gate(14136)	tdg q[6]
Gate(14137)	 t q[7]
Gate(14138)	cx q[7], q[6]
Gate(14139)	cx q[11], q[7]
Gate(14140)	cx q[6], q[11]
Gate(14141)	 h q[7]
Gate(14142)	 h q[6]
Gate(14143)	 t q[12]
Gate(14144)	 t q[5]
Gate(14145)	 t q[6]
Gate(14146)	cx q[5], q[12]
Gate(14147)	cx q[6], q[5]
Gate(14148)	cx q[12], q[6]
Gate(14149)	tdg q[5]
Gate(14150)	cx q[12], q[5]
Gate(14151)	tdg q[12]
Gate(14152)	tdg q[5]
Gate(14153)	 t q[6]
Gate(14154)	cx q[6], q[5]
Gate(14155)	cx q[12], q[6]
Gate(14156)	cx q[5], q[12]
Gate(14157)	 h q[6]
Gate(14158)	 h q[5]
Gate(14159)	 t q[14]
Gate(14160)	 t q[13]
Gate(14161)	 t q[5]
Gate(14162)	cx q[13], q[14]
Gate(14163)	cx q[5], q[13]
Gate(14164)	cx q[14], q[5]
Gate(14165)	tdg q[13]
Gate(14166)	cx q[14], q[13]
Gate(14167)	tdg q[14]
Gate(14168)	tdg q[13]
Gate(14169)	 t q[5]
Gate(14170)	cx q[5], q[13]
Gate(14171)	cx q[14], q[5]
Gate(14172)	cx q[13], q[14]
Gate(14173)	 h q[5]
Gate(14174)	 h q[6]
Gate(14175)	 t q[12]
Gate(14176)	 t q[5]
Gate(14177)	 t q[6]
Gate(14178)	cx q[5], q[12]
Gate(14179)	cx q[6], q[5]
Gate(14180)	cx q[12], q[6]
Gate(14181)	tdg q[5]
Gate(14182)	cx q[12], q[5]
Gate(14183)	tdg q[12]
Gate(14184)	tdg q[5]
Gate(14185)	 t q[6]
Gate(14186)	cx q[6], q[5]
Gate(14187)	cx q[12], q[6]
Gate(14188)	cx q[5], q[12]
Gate(14189)	 h q[6]
Gate(14190)	 h q[7]
Gate(14191)	 t q[11]
Gate(14192)	 t q[6]
Gate(14193)	 t q[7]
Gate(14194)	cx q[6], q[11]
Gate(14195)	cx q[7], q[6]
Gate(14196)	cx q[11], q[7]
Gate(14197)	tdg q[6]
Gate(14198)	cx q[11], q[6]
Gate(14199)	tdg q[11]
Gate(14200)	tdg q[6]
Gate(14201)	 t q[7]
Gate(14202)	cx q[7], q[6]
Gate(14203)	cx q[11], q[7]
Gate(14204)	cx q[6], q[11]
Gate(14205)	 h q[7]
Gate(14206)	 h q[8]
Gate(14207)	 t q[10]
Gate(14208)	 t q[7]
Gate(14209)	 t q[8]
Gate(14210)	cx q[7], q[10]
Gate(14211)	cx q[8], q[7]
Gate(14212)	cx q[10], q[8]
Gate(14213)	tdg q[7]
Gate(14214)	cx q[10], q[7]
Gate(14215)	tdg q[10]
Gate(14216)	tdg q[7]
Gate(14217)	 t q[8]
Gate(14218)	cx q[8], q[7]
Gate(14219)	cx q[10], q[8]
Gate(14220)	cx q[7], q[10]
Gate(14221)	 h q[8]
Gate(14222)	 h q[3]
Gate(14223)	 t q[9]
Gate(14224)	 t q[8]
Gate(14225)	 t q[3]
Gate(14226)	cx q[8], q[9]
Gate(14227)	cx q[3], q[8]
Gate(14228)	cx q[9], q[3]
Gate(14229)	tdg q[8]
Gate(14230)	cx q[9], q[8]
Gate(14231)	tdg q[9]
Gate(14232)	tdg q[8]
Gate(14233)	 t q[3]
Gate(14234)	cx q[3], q[8]
Gate(14235)	cx q[9], q[3]
Gate(14236)	cx q[8], q[9]
Gate(14237)	 h q[3]
Gate(14238)	 h q[8]
Gate(14239)	 t q[10]
Gate(14240)	 t q[7]
Gate(14241)	 t q[8]
Gate(14242)	cx q[7], q[10]
Gate(14243)	cx q[8], q[7]
Gate(14244)	cx q[10], q[8]
Gate(14245)	tdg q[7]
Gate(14246)	cx q[10], q[7]
Gate(14247)	tdg q[10]
Gate(14248)	tdg q[7]
Gate(14249)	 t q[8]
Gate(14250)	cx q[8], q[7]
Gate(14251)	cx q[10], q[8]
Gate(14252)	cx q[7], q[10]
Gate(14253)	 h q[8]
Gate(14254)	 h q[7]
Gate(14255)	 t q[11]
Gate(14256)	 t q[6]
Gate(14257)	 t q[7]
Gate(14258)	cx q[6], q[11]
Gate(14259)	cx q[7], q[6]
Gate(14260)	cx q[11], q[7]
Gate(14261)	tdg q[6]
Gate(14262)	cx q[11], q[6]
Gate(14263)	tdg q[11]
Gate(14264)	tdg q[6]
Gate(14265)	 t q[7]
Gate(14266)	cx q[7], q[6]
Gate(14267)	cx q[11], q[7]
Gate(14268)	cx q[6], q[11]
Gate(14269)	 h q[7]
Gate(14270)	 h q[6]
Gate(14271)	 t q[12]
Gate(14272)	 t q[5]
Gate(14273)	 t q[6]
Gate(14274)	cx q[5], q[12]
Gate(14275)	cx q[6], q[5]
Gate(14276)	cx q[12], q[6]
Gate(14277)	tdg q[5]
Gate(14278)	cx q[12], q[5]
Gate(14279)	tdg q[12]
Gate(14280)	tdg q[5]
Gate(14281)	 t q[6]
Gate(14282)	cx q[6], q[5]
Gate(14283)	cx q[12], q[6]
Gate(14284)	cx q[5], q[12]
Gate(14285)	 h q[6]
Gate(14286)	 h q[5]
Gate(14287)	 t q[14]
Gate(14288)	 t q[13]
Gate(14289)	 t q[5]
Gate(14290)	cx q[13], q[14]
Gate(14291)	cx q[5], q[13]
Gate(14292)	cx q[14], q[5]
Gate(14293)	tdg q[13]
Gate(14294)	cx q[14], q[13]
Gate(14295)	tdg q[14]
Gate(14296)	tdg q[13]
Gate(14297)	 t q[5]
Gate(14298)	cx q[5], q[13]
Gate(14299)	cx q[14], q[5]
Gate(14300)	cx q[13], q[14]
Gate(14301)	 h q[5]
Gate(14302)	 h q[6]
Gate(14303)	 t q[12]
Gate(14304)	 t q[5]
Gate(14305)	 t q[6]
Gate(14306)	cx q[5], q[12]
Gate(14307)	cx q[6], q[5]
Gate(14308)	cx q[12], q[6]
Gate(14309)	tdg q[5]
Gate(14310)	cx q[12], q[5]
Gate(14311)	tdg q[12]
Gate(14312)	tdg q[5]
Gate(14313)	 t q[6]
Gate(14314)	cx q[6], q[5]
Gate(14315)	cx q[12], q[6]
Gate(14316)	cx q[5], q[12]
Gate(14317)	 h q[6]
Gate(14318)	 h q[7]
Gate(14319)	 t q[11]
Gate(14320)	 t q[6]
Gate(14321)	 t q[7]
Gate(14322)	cx q[6], q[11]
Gate(14323)	cx q[7], q[6]
Gate(14324)	cx q[11], q[7]
Gate(14325)	tdg q[6]
Gate(14326)	cx q[11], q[6]
Gate(14327)	tdg q[11]
Gate(14328)	tdg q[6]
Gate(14329)	 t q[7]
Gate(14330)	cx q[7], q[6]
Gate(14331)	cx q[11], q[7]
Gate(14332)	cx q[6], q[11]
Gate(14333)	 h q[7]
Gate(14334)	 h q[8]
Gate(14335)	 t q[10]
Gate(14336)	 t q[7]
Gate(14337)	 t q[8]
Gate(14338)	cx q[7], q[10]
Gate(14339)	cx q[8], q[7]
Gate(14340)	cx q[10], q[8]
Gate(14341)	tdg q[7]
Gate(14342)	cx q[10], q[7]
Gate(14343)	tdg q[10]
Gate(14344)	tdg q[7]
Gate(14345)	 t q[8]
Gate(14346)	cx q[8], q[7]
Gate(14347)	cx q[10], q[8]
Gate(14348)	cx q[7], q[10]
Gate(14349)	 h q[8]
Gate(14350)	 h q[0]
Gate(14351)	 t q[3]
Gate(14352)	 t q[14]
Gate(14353)	 t q[0]
Gate(14354)	cx q[14], q[3]
Gate(14355)	cx q[0], q[14]
Gate(14356)	cx q[3], q[0]
Gate(14357)	tdg q[14]
Gate(14358)	cx q[3], q[14]
Gate(14359)	tdg q[3]
Gate(14360)	tdg q[14]
Gate(14361)	 t q[0]
Gate(14362)	cx q[0], q[14]
Gate(14363)	cx q[3], q[0]
Gate(14364)	cx q[14], q[3]
Gate(14365)	 h q[0]
Gate(14366)	 h q[14]
Gate(14367)	 t q[1]
Gate(14368)	 t q[13]
Gate(14369)	 t q[14]
Gate(14370)	cx q[13], q[1]
Gate(14371)	cx q[14], q[13]
Gate(14372)	cx q[1], q[14]
Gate(14373)	tdg q[13]
Gate(14374)	cx q[1], q[13]
Gate(14375)	tdg q[1]
Gate(14376)	tdg q[13]
Gate(14377)	 t q[14]
Gate(14378)	cx q[14], q[13]
Gate(14379)	cx q[1], q[14]
Gate(14380)	cx q[13], q[1]
Gate(14381)	 h q[14]
Gate(14382)	 h q[13]
Gate(14383)	 t q[2]
Gate(14384)	 t q[12]
Gate(14385)	 t q[13]
Gate(14386)	cx q[12], q[2]
Gate(14387)	cx q[13], q[12]
Gate(14388)	cx q[2], q[13]
Gate(14389)	tdg q[12]
Gate(14390)	cx q[2], q[12]
Gate(14391)	tdg q[2]
Gate(14392)	tdg q[12]
Gate(14393)	 t q[13]
Gate(14394)	cx q[13], q[12]
Gate(14395)	cx q[2], q[13]
Gate(14396)	cx q[12], q[2]
Gate(14397)	 h q[13]
Gate(14398)	 h q[12]
Gate(14399)	 t q[4]
Gate(14400)	 t q[11]
Gate(14401)	 t q[12]
Gate(14402)	cx q[11], q[4]
Gate(14403)	cx q[12], q[11]
Gate(14404)	cx q[4], q[12]
Gate(14405)	tdg q[11]
Gate(14406)	cx q[4], q[11]
Gate(14407)	tdg q[4]
Gate(14408)	tdg q[11]
Gate(14409)	 t q[12]
Gate(14410)	cx q[12], q[11]
Gate(14411)	cx q[4], q[12]
Gate(14412)	cx q[11], q[4]
Gate(14413)	 h q[12]
Gate(14414)	 h q[11]
Gate(14415)	 t q[5]
Gate(14416)	 t q[10]
Gate(14417)	 t q[11]
Gate(14418)	cx q[10], q[5]
Gate(14419)	cx q[11], q[10]
Gate(14420)	cx q[5], q[11]
Gate(14421)	tdg q[10]
Gate(14422)	cx q[5], q[10]
Gate(14423)	tdg q[5]
Gate(14424)	tdg q[10]
Gate(14425)	 t q[11]
Gate(14426)	cx q[11], q[10]
Gate(14427)	cx q[5], q[11]
Gate(14428)	cx q[10], q[5]
Gate(14429)	 h q[11]
Gate(14430)	 h q[10]
Gate(14431)	 t q[6]
Gate(14432)	 t q[9]
Gate(14433)	 t q[10]
Gate(14434)	cx q[9], q[6]
Gate(14435)	cx q[10], q[9]
Gate(14436)	cx q[6], q[10]
Gate(14437)	tdg q[9]
Gate(14438)	cx q[6], q[9]
Gate(14439)	tdg q[6]
Gate(14440)	tdg q[9]
Gate(14441)	 t q[10]
Gate(14442)	cx q[10], q[9]
Gate(14443)	cx q[6], q[10]
Gate(14444)	cx q[9], q[6]
Gate(14445)	 h q[10]
Gate(14446)	 h q[9]
Gate(14447)	 t q[8]
Gate(14448)	 t q[7]
Gate(14449)	 t q[9]
Gate(14450)	cx q[7], q[8]
Gate(14451)	cx q[9], q[7]
Gate(14452)	cx q[8], q[9]
Gate(14453)	tdg q[7]
Gate(14454)	cx q[8], q[7]
Gate(14455)	tdg q[8]
Gate(14456)	tdg q[7]
Gate(14457)	 t q[9]
Gate(14458)	cx q[9], q[7]
Gate(14459)	cx q[8], q[9]
Gate(14460)	cx q[7], q[8]
Gate(14461)	 h q[9]
Gate(14462)	 h q[10]
Gate(14463)	 t q[6]
Gate(14464)	 t q[9]
Gate(14465)	 t q[10]
Gate(14466)	cx q[9], q[6]
Gate(14467)	cx q[10], q[9]
Gate(14468)	cx q[6], q[10]
Gate(14469)	tdg q[9]
Gate(14470)	cx q[6], q[9]
Gate(14471)	tdg q[6]
Gate(14472)	tdg q[9]
Gate(14473)	 t q[10]
Gate(14474)	cx q[10], q[9]
Gate(14475)	cx q[6], q[10]
Gate(14476)	cx q[9], q[6]
Gate(14477)	 h q[10]
Gate(14478)	 h q[11]
Gate(14479)	 t q[5]
Gate(14480)	 t q[10]
Gate(14481)	 t q[11]
Gate(14482)	cx q[10], q[5]
Gate(14483)	cx q[11], q[10]
Gate(14484)	cx q[5], q[11]
Gate(14485)	tdg q[10]
Gate(14486)	cx q[5], q[10]
Gate(14487)	tdg q[5]
Gate(14488)	tdg q[10]
Gate(14489)	 t q[11]
Gate(14490)	cx q[11], q[10]
Gate(14491)	cx q[5], q[11]
Gate(14492)	cx q[10], q[5]
Gate(14493)	 h q[11]
Gate(14494)	 h q[12]
Gate(14495)	 t q[4]
Gate(14496)	 t q[11]
Gate(14497)	 t q[12]
Gate(14498)	cx q[11], q[4]
Gate(14499)	cx q[12], q[11]
Gate(14500)	cx q[4], q[12]
Gate(14501)	tdg q[11]
Gate(14502)	cx q[4], q[11]
Gate(14503)	tdg q[4]
Gate(14504)	tdg q[11]
Gate(14505)	 t q[12]
Gate(14506)	cx q[12], q[11]
Gate(14507)	cx q[4], q[12]
Gate(14508)	cx q[11], q[4]
Gate(14509)	 h q[12]
Gate(14510)	 h q[13]
Gate(14511)	 t q[2]
Gate(14512)	 t q[12]
Gate(14513)	 t q[13]
Gate(14514)	cx q[12], q[2]
Gate(14515)	cx q[13], q[12]
Gate(14516)	cx q[2], q[13]
Gate(14517)	tdg q[12]
Gate(14518)	cx q[2], q[12]
Gate(14519)	tdg q[2]
Gate(14520)	tdg q[12]
Gate(14521)	 t q[13]
Gate(14522)	cx q[13], q[12]
Gate(14523)	cx q[2], q[13]
Gate(14524)	cx q[12], q[2]
Gate(14525)	 h q[13]
Gate(14526)	 h q[14]
Gate(14527)	 t q[1]
Gate(14528)	 t q[13]
Gate(14529)	 t q[14]
Gate(14530)	cx q[13], q[1]
Gate(14531)	cx q[14], q[13]
Gate(14532)	cx q[1], q[14]
Gate(14533)	tdg q[13]
Gate(14534)	cx q[1], q[13]
Gate(14535)	tdg q[1]
Gate(14536)	tdg q[13]
Gate(14537)	 t q[14]
Gate(14538)	cx q[14], q[13]
Gate(14539)	cx q[1], q[14]
Gate(14540)	cx q[13], q[1]
Gate(14541)	 h q[14]
Gate(14542)	 h q[0]
Gate(14543)	 t q[3]
Gate(14544)	 t q[14]
Gate(14545)	 t q[0]
Gate(14546)	cx q[14], q[3]
Gate(14547)	cx q[0], q[14]
Gate(14548)	cx q[3], q[0]
Gate(14549)	tdg q[14]
Gate(14550)	cx q[3], q[14]
Gate(14551)	tdg q[3]
Gate(14552)	tdg q[14]
Gate(14553)	 t q[0]
Gate(14554)	cx q[0], q[14]
Gate(14555)	cx q[3], q[0]
Gate(14556)	cx q[14], q[3]
Gate(14557)	 h q[0]
Gate(14558)	 h q[14]
Gate(14559)	 t q[1]
Gate(14560)	 t q[13]
Gate(14561)	 t q[14]
Gate(14562)	cx q[13], q[1]
Gate(14563)	cx q[14], q[13]
Gate(14564)	cx q[1], q[14]
Gate(14565)	tdg q[13]
Gate(14566)	cx q[1], q[13]
Gate(14567)	tdg q[1]
Gate(14568)	tdg q[13]
Gate(14569)	 t q[14]
Gate(14570)	cx q[14], q[13]
Gate(14571)	cx q[1], q[14]
Gate(14572)	cx q[13], q[1]
Gate(14573)	 h q[14]
Gate(14574)	 h q[13]
Gate(14575)	 t q[2]
Gate(14576)	 t q[12]
Gate(14577)	 t q[13]
Gate(14578)	cx q[12], q[2]
Gate(14579)	cx q[13], q[12]
Gate(14580)	cx q[2], q[13]
Gate(14581)	tdg q[12]
Gate(14582)	cx q[2], q[12]
Gate(14583)	tdg q[2]
Gate(14584)	tdg q[12]
Gate(14585)	 t q[13]
Gate(14586)	cx q[13], q[12]
Gate(14587)	cx q[2], q[13]
Gate(14588)	cx q[12], q[2]
Gate(14589)	 h q[13]
Gate(14590)	 h q[12]
Gate(14591)	 t q[4]
Gate(14592)	 t q[11]
Gate(14593)	 t q[12]
Gate(14594)	cx q[11], q[4]
Gate(14595)	cx q[12], q[11]
Gate(14596)	cx q[4], q[12]
Gate(14597)	tdg q[11]
Gate(14598)	cx q[4], q[11]
Gate(14599)	tdg q[4]
Gate(14600)	tdg q[11]
Gate(14601)	 t q[12]
Gate(14602)	cx q[12], q[11]
Gate(14603)	cx q[4], q[12]
Gate(14604)	cx q[11], q[4]
Gate(14605)	 h q[12]
Gate(14606)	 h q[11]
Gate(14607)	 t q[5]
Gate(14608)	 t q[10]
Gate(14609)	 t q[11]
Gate(14610)	cx q[10], q[5]
Gate(14611)	cx q[11], q[10]
Gate(14612)	cx q[5], q[11]
Gate(14613)	tdg q[10]
Gate(14614)	cx q[5], q[10]
Gate(14615)	tdg q[5]
Gate(14616)	tdg q[10]
Gate(14617)	 t q[11]
Gate(14618)	cx q[11], q[10]
Gate(14619)	cx q[5], q[11]
Gate(14620)	cx q[10], q[5]
Gate(14621)	 h q[11]
Gate(14622)	 h q[10]
Gate(14623)	 t q[6]
Gate(14624)	 t q[9]
Gate(14625)	 t q[10]
Gate(14626)	cx q[9], q[6]
Gate(14627)	cx q[10], q[9]
Gate(14628)	cx q[6], q[10]
Gate(14629)	tdg q[9]
Gate(14630)	cx q[6], q[9]
Gate(14631)	tdg q[6]
Gate(14632)	tdg q[9]
Gate(14633)	 t q[10]
Gate(14634)	cx q[10], q[9]
Gate(14635)	cx q[6], q[10]
Gate(14636)	cx q[9], q[6]
Gate(14637)	 h q[10]
Gate(14638)	 h q[9]
Gate(14639)	 t q[8]
Gate(14640)	 t q[7]
Gate(14641)	 t q[9]
Gate(14642)	cx q[7], q[8]
Gate(14643)	cx q[9], q[7]
Gate(14644)	cx q[8], q[9]
Gate(14645)	tdg q[7]
Gate(14646)	cx q[8], q[7]
Gate(14647)	tdg q[8]
Gate(14648)	tdg q[7]
Gate(14649)	 t q[9]
Gate(14650)	cx q[9], q[7]
Gate(14651)	cx q[8], q[9]
Gate(14652)	cx q[7], q[8]
Gate(14653)	 h q[9]
Gate(14654)	 h q[10]
Gate(14655)	 t q[6]
Gate(14656)	 t q[9]
Gate(14657)	 t q[10]
Gate(14658)	cx q[9], q[6]
Gate(14659)	cx q[10], q[9]
Gate(14660)	cx q[6], q[10]
Gate(14661)	tdg q[9]
Gate(14662)	cx q[6], q[9]
Gate(14663)	tdg q[6]
Gate(14664)	tdg q[9]
Gate(14665)	 t q[10]
Gate(14666)	cx q[10], q[9]
Gate(14667)	cx q[6], q[10]
Gate(14668)	cx q[9], q[6]
Gate(14669)	 h q[10]
Gate(14670)	 h q[11]
Gate(14671)	 t q[5]
Gate(14672)	 t q[10]
Gate(14673)	 t q[11]
Gate(14674)	cx q[10], q[5]
Gate(14675)	cx q[11], q[10]
Gate(14676)	cx q[5], q[11]
Gate(14677)	tdg q[10]
Gate(14678)	cx q[5], q[10]
Gate(14679)	tdg q[5]
Gate(14680)	tdg q[10]
Gate(14681)	 t q[11]
Gate(14682)	cx q[11], q[10]
Gate(14683)	cx q[5], q[11]
Gate(14684)	cx q[10], q[5]
Gate(14685)	 h q[11]
Gate(14686)	 h q[12]
Gate(14687)	 t q[4]
Gate(14688)	 t q[11]
Gate(14689)	 t q[12]
Gate(14690)	cx q[11], q[4]
Gate(14691)	cx q[12], q[11]
Gate(14692)	cx q[4], q[12]
Gate(14693)	tdg q[11]
Gate(14694)	cx q[4], q[11]
Gate(14695)	tdg q[4]
Gate(14696)	tdg q[11]
Gate(14697)	 t q[12]
Gate(14698)	cx q[12], q[11]
Gate(14699)	cx q[4], q[12]
Gate(14700)	cx q[11], q[4]
Gate(14701)	 h q[12]
Gate(14702)	 h q[13]
Gate(14703)	 t q[2]
Gate(14704)	 t q[12]
Gate(14705)	 t q[13]
Gate(14706)	cx q[12], q[2]
Gate(14707)	cx q[13], q[12]
Gate(14708)	cx q[2], q[13]
Gate(14709)	tdg q[12]
Gate(14710)	cx q[2], q[12]
Gate(14711)	tdg q[2]
Gate(14712)	tdg q[12]
Gate(14713)	 t q[13]
Gate(14714)	cx q[13], q[12]
Gate(14715)	cx q[2], q[13]
Gate(14716)	cx q[12], q[2]
Gate(14717)	 h q[13]
Gate(14718)	 h q[14]
Gate(14719)	 t q[1]
Gate(14720)	 t q[13]
Gate(14721)	 t q[14]
Gate(14722)	cx q[13], q[1]
Gate(14723)	cx q[14], q[13]
Gate(14724)	cx q[1], q[14]
Gate(14725)	tdg q[13]
Gate(14726)	cx q[1], q[13]
Gate(14727)	tdg q[1]
Gate(14728)	tdg q[13]
Gate(14729)	 t q[14]
Gate(14730)	cx q[14], q[13]
Gate(14731)	cx q[1], q[14]
Gate(14732)	cx q[13], q[1]
Gate(14733)	 h q[14]
Gate(14734)	 h q[3]
Gate(14735)	 t q[9]
Gate(14736)	 t q[8]
Gate(14737)	 t q[3]
Gate(14738)	cx q[8], q[9]
Gate(14739)	cx q[3], q[8]
Gate(14740)	cx q[9], q[3]
Gate(14741)	tdg q[8]
Gate(14742)	cx q[9], q[8]
Gate(14743)	tdg q[9]
Gate(14744)	tdg q[8]
Gate(14745)	 t q[3]
Gate(14746)	cx q[3], q[8]
Gate(14747)	cx q[9], q[3]
Gate(14748)	cx q[8], q[9]
Gate(14749)	 h q[3]
Gate(14750)	 h q[8]
Gate(14751)	 t q[10]
Gate(14752)	 t q[7]
Gate(14753)	 t q[8]
Gate(14754)	cx q[7], q[10]
Gate(14755)	cx q[8], q[7]
Gate(14756)	cx q[10], q[8]
Gate(14757)	tdg q[7]
Gate(14758)	cx q[10], q[7]
Gate(14759)	tdg q[10]
Gate(14760)	tdg q[7]
Gate(14761)	 t q[8]
Gate(14762)	cx q[8], q[7]
Gate(14763)	cx q[10], q[8]
Gate(14764)	cx q[7], q[10]
Gate(14765)	 h q[8]
Gate(14766)	 h q[7]
Gate(14767)	 t q[11]
Gate(14768)	 t q[6]
Gate(14769)	 t q[7]
Gate(14770)	cx q[6], q[11]
Gate(14771)	cx q[7], q[6]
Gate(14772)	cx q[11], q[7]
Gate(14773)	tdg q[6]
Gate(14774)	cx q[11], q[6]
Gate(14775)	tdg q[11]
Gate(14776)	tdg q[6]
Gate(14777)	 t q[7]
Gate(14778)	cx q[7], q[6]
Gate(14779)	cx q[11], q[7]
Gate(14780)	cx q[6], q[11]
Gate(14781)	 h q[7]
Gate(14782)	 h q[6]
Gate(14783)	 t q[12]
Gate(14784)	 t q[5]
Gate(14785)	 t q[6]
Gate(14786)	cx q[5], q[12]
Gate(14787)	cx q[6], q[5]
Gate(14788)	cx q[12], q[6]
Gate(14789)	tdg q[5]
Gate(14790)	cx q[12], q[5]
Gate(14791)	tdg q[12]
Gate(14792)	tdg q[5]
Gate(14793)	 t q[6]
Gate(14794)	cx q[6], q[5]
Gate(14795)	cx q[12], q[6]
Gate(14796)	cx q[5], q[12]
Gate(14797)	 h q[6]
Gate(14798)	 h q[5]
Gate(14799)	 t q[14]
Gate(14800)	 t q[13]
Gate(14801)	 t q[5]
Gate(14802)	cx q[13], q[14]
Gate(14803)	cx q[5], q[13]
Gate(14804)	cx q[14], q[5]
Gate(14805)	tdg q[13]
Gate(14806)	cx q[14], q[13]
Gate(14807)	tdg q[14]
Gate(14808)	tdg q[13]
Gate(14809)	 t q[5]
Gate(14810)	cx q[5], q[13]
Gate(14811)	cx q[14], q[5]
Gate(14812)	cx q[13], q[14]
Gate(14813)	 h q[5]
Gate(14814)	 h q[6]
Gate(14815)	 t q[12]
Gate(14816)	 t q[5]
Gate(14817)	 t q[6]
Gate(14818)	cx q[5], q[12]
Gate(14819)	cx q[6], q[5]
Gate(14820)	cx q[12], q[6]
Gate(14821)	tdg q[5]
Gate(14822)	cx q[12], q[5]
Gate(14823)	tdg q[12]
Gate(14824)	tdg q[5]
Gate(14825)	 t q[6]
Gate(14826)	cx q[6], q[5]
Gate(14827)	cx q[12], q[6]
Gate(14828)	cx q[5], q[12]
Gate(14829)	 h q[6]
Gate(14830)	 h q[7]
Gate(14831)	 t q[11]
Gate(14832)	 t q[6]
Gate(14833)	 t q[7]
Gate(14834)	cx q[6], q[11]
Gate(14835)	cx q[7], q[6]
Gate(14836)	cx q[11], q[7]
Gate(14837)	tdg q[6]
Gate(14838)	cx q[11], q[6]
Gate(14839)	tdg q[11]
Gate(14840)	tdg q[6]
Gate(14841)	 t q[7]
Gate(14842)	cx q[7], q[6]
Gate(14843)	cx q[11], q[7]
Gate(14844)	cx q[6], q[11]
Gate(14845)	 h q[7]
Gate(14846)	 h q[8]
Gate(14847)	 t q[10]
Gate(14848)	 t q[7]
Gate(14849)	 t q[8]
Gate(14850)	cx q[7], q[10]
Gate(14851)	cx q[8], q[7]
Gate(14852)	cx q[10], q[8]
Gate(14853)	tdg q[7]
Gate(14854)	cx q[10], q[7]
Gate(14855)	tdg q[10]
Gate(14856)	tdg q[7]
Gate(14857)	 t q[8]
Gate(14858)	cx q[8], q[7]
Gate(14859)	cx q[10], q[8]
Gate(14860)	cx q[7], q[10]
Gate(14861)	 h q[8]
Gate(14862)	 h q[3]
Gate(14863)	 t q[9]
Gate(14864)	 t q[8]
Gate(14865)	 t q[3]
Gate(14866)	cx q[8], q[9]
Gate(14867)	cx q[3], q[8]
Gate(14868)	cx q[9], q[3]
Gate(14869)	tdg q[8]
Gate(14870)	cx q[9], q[8]
Gate(14871)	tdg q[9]
Gate(14872)	tdg q[8]
Gate(14873)	 t q[3]
Gate(14874)	cx q[3], q[8]
Gate(14875)	cx q[9], q[3]
Gate(14876)	cx q[8], q[9]
Gate(14877)	 h q[3]
Gate(14878)	 h q[8]
Gate(14879)	 t q[10]
Gate(14880)	 t q[7]
Gate(14881)	 t q[8]
Gate(14882)	cx q[7], q[10]
Gate(14883)	cx q[8], q[7]
Gate(14884)	cx q[10], q[8]
Gate(14885)	tdg q[7]
Gate(14886)	cx q[10], q[7]
Gate(14887)	tdg q[10]
Gate(14888)	tdg q[7]
Gate(14889)	 t q[8]
Gate(14890)	cx q[8], q[7]
Gate(14891)	cx q[10], q[8]
Gate(14892)	cx q[7], q[10]
Gate(14893)	 h q[8]
Gate(14894)	 h q[7]
Gate(14895)	 t q[11]
Gate(14896)	 t q[6]
Gate(14897)	 t q[7]
Gate(14898)	cx q[6], q[11]
Gate(14899)	cx q[7], q[6]
Gate(14900)	cx q[11], q[7]
Gate(14901)	tdg q[6]
Gate(14902)	cx q[11], q[6]
Gate(14903)	tdg q[11]
Gate(14904)	tdg q[6]
Gate(14905)	 t q[7]
Gate(14906)	cx q[7], q[6]
Gate(14907)	cx q[11], q[7]
Gate(14908)	cx q[6], q[11]
Gate(14909)	 h q[7]
Gate(14910)	 h q[6]
Gate(14911)	 t q[12]
Gate(14912)	 t q[5]
Gate(14913)	 t q[6]
Gate(14914)	cx q[5], q[12]
Gate(14915)	cx q[6], q[5]
Gate(14916)	cx q[12], q[6]
Gate(14917)	tdg q[5]
Gate(14918)	cx q[12], q[5]
Gate(14919)	tdg q[12]
Gate(14920)	tdg q[5]
Gate(14921)	 t q[6]
Gate(14922)	cx q[6], q[5]
Gate(14923)	cx q[12], q[6]
Gate(14924)	cx q[5], q[12]
Gate(14925)	 h q[6]
Gate(14926)	 h q[5]
Gate(14927)	 t q[14]
Gate(14928)	 t q[13]
Gate(14929)	 t q[5]
Gate(14930)	cx q[13], q[14]
Gate(14931)	cx q[5], q[13]
Gate(14932)	cx q[14], q[5]
Gate(14933)	tdg q[13]
Gate(14934)	cx q[14], q[13]
Gate(14935)	tdg q[14]
Gate(14936)	tdg q[13]
Gate(14937)	 t q[5]
Gate(14938)	cx q[5], q[13]
Gate(14939)	cx q[14], q[5]
Gate(14940)	cx q[13], q[14]
Gate(14941)	 h q[5]
Gate(14942)	 h q[6]
Gate(14943)	 t q[12]
Gate(14944)	 t q[5]
Gate(14945)	 t q[6]
Gate(14946)	cx q[5], q[12]
Gate(14947)	cx q[6], q[5]
Gate(14948)	cx q[12], q[6]
Gate(14949)	tdg q[5]
Gate(14950)	cx q[12], q[5]
Gate(14951)	tdg q[12]
Gate(14952)	tdg q[5]
Gate(14953)	 t q[6]
Gate(14954)	cx q[6], q[5]
Gate(14955)	cx q[12], q[6]
Gate(14956)	cx q[5], q[12]
Gate(14957)	 h q[6]
Gate(14958)	 h q[7]
Gate(14959)	 t q[11]
Gate(14960)	 t q[6]
Gate(14961)	 t q[7]
Gate(14962)	cx q[6], q[11]
Gate(14963)	cx q[7], q[6]
Gate(14964)	cx q[11], q[7]
Gate(14965)	tdg q[6]
Gate(14966)	cx q[11], q[6]
Gate(14967)	tdg q[11]
Gate(14968)	tdg q[6]
Gate(14969)	 t q[7]
Gate(14970)	cx q[7], q[6]
Gate(14971)	cx q[11], q[7]
Gate(14972)	cx q[6], q[11]
Gate(14973)	 h q[7]
Gate(14974)	 h q[8]
Gate(14975)	 t q[10]
Gate(14976)	 t q[7]
Gate(14977)	 t q[8]
Gate(14978)	cx q[7], q[10]
Gate(14979)	cx q[8], q[7]
Gate(14980)	cx q[10], q[8]
Gate(14981)	tdg q[7]
Gate(14982)	cx q[10], q[7]
Gate(14983)	tdg q[10]
Gate(14984)	tdg q[7]
Gate(14985)	 t q[8]
Gate(14986)	cx q[8], q[7]
Gate(14987)	cx q[10], q[8]
Gate(14988)	cx q[7], q[10]
Gate(14989)	 h q[8]
Gate(14990)	 h q[0]
Gate(14991)	 t q[3]
Gate(14992)	 t q[14]
Gate(14993)	 t q[0]
Gate(14994)	cx q[14], q[3]
Gate(14995)	cx q[0], q[14]
Gate(14996)	cx q[3], q[0]
Gate(14997)	tdg q[14]
Gate(14998)	cx q[3], q[14]
Gate(14999)	tdg q[3]
Gate(15000)	tdg q[14]
Gate(15001)	 t q[0]
Gate(15002)	cx q[0], q[14]
Gate(15003)	cx q[3], q[0]
Gate(15004)	cx q[14], q[3]
Gate(15005)	 h q[0]
Gate(15006)	 h q[14]
Gate(15007)	 t q[1]
Gate(15008)	 t q[13]
Gate(15009)	 t q[14]
Gate(15010)	cx q[13], q[1]
Gate(15011)	cx q[14], q[13]
Gate(15012)	cx q[1], q[14]
Gate(15013)	tdg q[13]
Gate(15014)	cx q[1], q[13]
Gate(15015)	tdg q[1]
Gate(15016)	tdg q[13]
Gate(15017)	 t q[14]
Gate(15018)	cx q[14], q[13]
Gate(15019)	cx q[1], q[14]
Gate(15020)	cx q[13], q[1]
Gate(15021)	 h q[14]
Gate(15022)	 h q[13]
Gate(15023)	 t q[2]
Gate(15024)	 t q[12]
Gate(15025)	 t q[13]
Gate(15026)	cx q[12], q[2]
Gate(15027)	cx q[13], q[12]
Gate(15028)	cx q[2], q[13]
Gate(15029)	tdg q[12]
Gate(15030)	cx q[2], q[12]
Gate(15031)	tdg q[2]
Gate(15032)	tdg q[12]
Gate(15033)	 t q[13]
Gate(15034)	cx q[13], q[12]
Gate(15035)	cx q[2], q[13]
Gate(15036)	cx q[12], q[2]
Gate(15037)	 h q[13]
Gate(15038)	 h q[12]
Gate(15039)	 t q[4]
Gate(15040)	 t q[11]
Gate(15041)	 t q[12]
Gate(15042)	cx q[11], q[4]
Gate(15043)	cx q[12], q[11]
Gate(15044)	cx q[4], q[12]
Gate(15045)	tdg q[11]
Gate(15046)	cx q[4], q[11]
Gate(15047)	tdg q[4]
Gate(15048)	tdg q[11]
Gate(15049)	 t q[12]
Gate(15050)	cx q[12], q[11]
Gate(15051)	cx q[4], q[12]
Gate(15052)	cx q[11], q[4]
Gate(15053)	 h q[12]
Gate(15054)	 h q[11]
Gate(15055)	 t q[5]
Gate(15056)	 t q[10]
Gate(15057)	 t q[11]
Gate(15058)	cx q[10], q[5]
Gate(15059)	cx q[11], q[10]
Gate(15060)	cx q[5], q[11]
Gate(15061)	tdg q[10]
Gate(15062)	cx q[5], q[10]
Gate(15063)	tdg q[5]
Gate(15064)	tdg q[10]
Gate(15065)	 t q[11]
Gate(15066)	cx q[11], q[10]
Gate(15067)	cx q[5], q[11]
Gate(15068)	cx q[10], q[5]
Gate(15069)	 h q[11]
Gate(15070)	 h q[10]
Gate(15071)	 t q[6]
Gate(15072)	 t q[9]
Gate(15073)	 t q[10]
Gate(15074)	cx q[9], q[6]
Gate(15075)	cx q[10], q[9]
Gate(15076)	cx q[6], q[10]
Gate(15077)	tdg q[9]
Gate(15078)	cx q[6], q[9]
Gate(15079)	tdg q[6]
Gate(15080)	tdg q[9]
Gate(15081)	 t q[10]
Gate(15082)	cx q[10], q[9]
Gate(15083)	cx q[6], q[10]
Gate(15084)	cx q[9], q[6]
Gate(15085)	 h q[10]
Gate(15086)	 h q[9]
Gate(15087)	 t q[8]
Gate(15088)	 t q[7]
Gate(15089)	 t q[9]
Gate(15090)	cx q[7], q[8]
Gate(15091)	cx q[9], q[7]
Gate(15092)	cx q[8], q[9]
Gate(15093)	tdg q[7]
Gate(15094)	cx q[8], q[7]
Gate(15095)	tdg q[8]
Gate(15096)	tdg q[7]
Gate(15097)	 t q[9]
Gate(15098)	cx q[9], q[7]
Gate(15099)	cx q[8], q[9]
Gate(15100)	cx q[7], q[8]
Gate(15101)	 h q[9]
Gate(15102)	 h q[10]
Gate(15103)	 t q[6]
Gate(15104)	 t q[9]
Gate(15105)	 t q[10]
Gate(15106)	cx q[9], q[6]
Gate(15107)	cx q[10], q[9]
Gate(15108)	cx q[6], q[10]
Gate(15109)	tdg q[9]
Gate(15110)	cx q[6], q[9]
Gate(15111)	tdg q[6]
Gate(15112)	tdg q[9]
Gate(15113)	 t q[10]
Gate(15114)	cx q[10], q[9]
Gate(15115)	cx q[6], q[10]
Gate(15116)	cx q[9], q[6]
Gate(15117)	 h q[10]
Gate(15118)	 h q[11]
Gate(15119)	 t q[5]
Gate(15120)	 t q[10]
Gate(15121)	 t q[11]
Gate(15122)	cx q[10], q[5]
Gate(15123)	cx q[11], q[10]
Gate(15124)	cx q[5], q[11]
Gate(15125)	tdg q[10]
Gate(15126)	cx q[5], q[10]
Gate(15127)	tdg q[5]
Gate(15128)	tdg q[10]
Gate(15129)	 t q[11]
Gate(15130)	cx q[11], q[10]
Gate(15131)	cx q[5], q[11]
Gate(15132)	cx q[10], q[5]
Gate(15133)	 h q[11]
Gate(15134)	 h q[12]
Gate(15135)	 t q[4]
Gate(15136)	 t q[11]
Gate(15137)	 t q[12]
Gate(15138)	cx q[11], q[4]
Gate(15139)	cx q[12], q[11]
Gate(15140)	cx q[4], q[12]
Gate(15141)	tdg q[11]
Gate(15142)	cx q[4], q[11]
Gate(15143)	tdg q[4]
Gate(15144)	tdg q[11]
Gate(15145)	 t q[12]
Gate(15146)	cx q[12], q[11]
Gate(15147)	cx q[4], q[12]
Gate(15148)	cx q[11], q[4]
Gate(15149)	 h q[12]
Gate(15150)	 h q[13]
Gate(15151)	 t q[2]
Gate(15152)	 t q[12]
Gate(15153)	 t q[13]
Gate(15154)	cx q[12], q[2]
Gate(15155)	cx q[13], q[12]
Gate(15156)	cx q[2], q[13]
Gate(15157)	tdg q[12]
Gate(15158)	cx q[2], q[12]
Gate(15159)	tdg q[2]
Gate(15160)	tdg q[12]
Gate(15161)	 t q[13]
Gate(15162)	cx q[13], q[12]
Gate(15163)	cx q[2], q[13]
Gate(15164)	cx q[12], q[2]
Gate(15165)	 h q[13]
Gate(15166)	 h q[14]
Gate(15167)	 t q[1]
Gate(15168)	 t q[13]
Gate(15169)	 t q[14]
Gate(15170)	cx q[13], q[1]
Gate(15171)	cx q[14], q[13]
Gate(15172)	cx q[1], q[14]
Gate(15173)	tdg q[13]
Gate(15174)	cx q[1], q[13]
Gate(15175)	tdg q[1]
Gate(15176)	tdg q[13]
Gate(15177)	 t q[14]
Gate(15178)	cx q[14], q[13]
Gate(15179)	cx q[1], q[14]
Gate(15180)	cx q[13], q[1]
Gate(15181)	 h q[14]
Gate(15182)	 h q[0]
Gate(15183)	 t q[3]
Gate(15184)	 t q[14]
Gate(15185)	 t q[0]
Gate(15186)	cx q[14], q[3]
Gate(15187)	cx q[0], q[14]
Gate(15188)	cx q[3], q[0]
Gate(15189)	tdg q[14]
Gate(15190)	cx q[3], q[14]
Gate(15191)	tdg q[3]
Gate(15192)	tdg q[14]
Gate(15193)	 t q[0]
Gate(15194)	cx q[0], q[14]
Gate(15195)	cx q[3], q[0]
Gate(15196)	cx q[14], q[3]
Gate(15197)	 h q[0]
Gate(15198)	 h q[14]
Gate(15199)	 t q[1]
Gate(15200)	 t q[13]
Gate(15201)	 t q[14]
Gate(15202)	cx q[13], q[1]
Gate(15203)	cx q[14], q[13]
Gate(15204)	cx q[1], q[14]
Gate(15205)	tdg q[13]
Gate(15206)	cx q[1], q[13]
Gate(15207)	tdg q[1]
Gate(15208)	tdg q[13]
Gate(15209)	 t q[14]
Gate(15210)	cx q[14], q[13]
Gate(15211)	cx q[1], q[14]
Gate(15212)	cx q[13], q[1]
Gate(15213)	 h q[14]
Gate(15214)	 h q[13]
Gate(15215)	 t q[2]
Gate(15216)	 t q[12]
Gate(15217)	 t q[13]
Gate(15218)	cx q[12], q[2]
Gate(15219)	cx q[13], q[12]
Gate(15220)	cx q[2], q[13]
Gate(15221)	tdg q[12]
Gate(15222)	cx q[2], q[12]
Gate(15223)	tdg q[2]
Gate(15224)	tdg q[12]
Gate(15225)	 t q[13]
Gate(15226)	cx q[13], q[12]
Gate(15227)	cx q[2], q[13]
Gate(15228)	cx q[12], q[2]
Gate(15229)	 h q[13]
Gate(15230)	 h q[12]
Gate(15231)	 t q[4]
Gate(15232)	 t q[11]
Gate(15233)	 t q[12]
Gate(15234)	cx q[11], q[4]
Gate(15235)	cx q[12], q[11]
Gate(15236)	cx q[4], q[12]
Gate(15237)	tdg q[11]
Gate(15238)	cx q[4], q[11]
Gate(15239)	tdg q[4]
Gate(15240)	tdg q[11]
Gate(15241)	 t q[12]
Gate(15242)	cx q[12], q[11]
Gate(15243)	cx q[4], q[12]
Gate(15244)	cx q[11], q[4]
Gate(15245)	 h q[12]
Gate(15246)	 h q[11]
Gate(15247)	 t q[5]
Gate(15248)	 t q[10]
Gate(15249)	 t q[11]
Gate(15250)	cx q[10], q[5]
Gate(15251)	cx q[11], q[10]
Gate(15252)	cx q[5], q[11]
Gate(15253)	tdg q[10]
Gate(15254)	cx q[5], q[10]
Gate(15255)	tdg q[5]
Gate(15256)	tdg q[10]
Gate(15257)	 t q[11]
Gate(15258)	cx q[11], q[10]
Gate(15259)	cx q[5], q[11]
Gate(15260)	cx q[10], q[5]
Gate(15261)	 h q[11]
Gate(15262)	 h q[10]
Gate(15263)	 t q[6]
Gate(15264)	 t q[9]
Gate(15265)	 t q[10]
Gate(15266)	cx q[9], q[6]
Gate(15267)	cx q[10], q[9]
Gate(15268)	cx q[6], q[10]
Gate(15269)	tdg q[9]
Gate(15270)	cx q[6], q[9]
Gate(15271)	tdg q[6]
Gate(15272)	tdg q[9]
Gate(15273)	 t q[10]
Gate(15274)	cx q[10], q[9]
Gate(15275)	cx q[6], q[10]
Gate(15276)	cx q[9], q[6]
Gate(15277)	 h q[10]
Gate(15278)	 h q[9]
Gate(15279)	 t q[8]
Gate(15280)	 t q[7]
Gate(15281)	 t q[9]
Gate(15282)	cx q[7], q[8]
Gate(15283)	cx q[9], q[7]
Gate(15284)	cx q[8], q[9]
Gate(15285)	tdg q[7]
Gate(15286)	cx q[8], q[7]
Gate(15287)	tdg q[8]
Gate(15288)	tdg q[7]
Gate(15289)	 t q[9]
Gate(15290)	cx q[9], q[7]
Gate(15291)	cx q[8], q[9]
Gate(15292)	cx q[7], q[8]
Gate(15293)	 h q[9]
Gate(15294)	 h q[10]
Gate(15295)	 t q[6]
Gate(15296)	 t q[9]
Gate(15297)	 t q[10]
Gate(15298)	cx q[9], q[6]
Gate(15299)	cx q[10], q[9]
Gate(15300)	cx q[6], q[10]
Gate(15301)	tdg q[9]
Gate(15302)	cx q[6], q[9]
Gate(15303)	tdg q[6]
Gate(15304)	tdg q[9]
Gate(15305)	 t q[10]
Gate(15306)	cx q[10], q[9]
Gate(15307)	cx q[6], q[10]
Gate(15308)	cx q[9], q[6]
Gate(15309)	 h q[10]
Gate(15310)	 h q[11]
Gate(15311)	 t q[5]
Gate(15312)	 t q[10]
Gate(15313)	 t q[11]
Gate(15314)	cx q[10], q[5]
Gate(15315)	cx q[11], q[10]
Gate(15316)	cx q[5], q[11]
Gate(15317)	tdg q[10]
Gate(15318)	cx q[5], q[10]
Gate(15319)	tdg q[5]
Gate(15320)	tdg q[10]
Gate(15321)	 t q[11]
Gate(15322)	cx q[11], q[10]
Gate(15323)	cx q[5], q[11]
Gate(15324)	cx q[10], q[5]
Gate(15325)	 h q[11]
Gate(15326)	 h q[12]
Gate(15327)	 t q[4]
Gate(15328)	 t q[11]
Gate(15329)	 t q[12]
Gate(15330)	cx q[11], q[4]
Gate(15331)	cx q[12], q[11]
Gate(15332)	cx q[4], q[12]
Gate(15333)	tdg q[11]
Gate(15334)	cx q[4], q[11]
Gate(15335)	tdg q[4]
Gate(15336)	tdg q[11]
Gate(15337)	 t q[12]
Gate(15338)	cx q[12], q[11]
Gate(15339)	cx q[4], q[12]
Gate(15340)	cx q[11], q[4]
Gate(15341)	 h q[12]
Gate(15342)	 h q[13]
Gate(15343)	 t q[2]
Gate(15344)	 t q[12]
Gate(15345)	 t q[13]
Gate(15346)	cx q[12], q[2]
Gate(15347)	cx q[13], q[12]
Gate(15348)	cx q[2], q[13]
Gate(15349)	tdg q[12]
Gate(15350)	cx q[2], q[12]
Gate(15351)	tdg q[2]
Gate(15352)	tdg q[12]
Gate(15353)	 t q[13]
Gate(15354)	cx q[13], q[12]
Gate(15355)	cx q[2], q[13]
Gate(15356)	cx q[12], q[2]
Gate(15357)	 h q[13]
Gate(15358)	 h q[14]
Gate(15359)	 t q[1]
Gate(15360)	 t q[13]
Gate(15361)	 t q[14]
Gate(15362)	cx q[13], q[1]
Gate(15363)	cx q[14], q[13]
Gate(15364)	cx q[1], q[14]
Gate(15365)	tdg q[13]
Gate(15366)	cx q[1], q[13]
Gate(15367)	tdg q[1]
Gate(15368)	tdg q[13]
Gate(15369)	 t q[14]
Gate(15370)	cx q[14], q[13]
Gate(15371)	cx q[1], q[14]
Gate(15372)	cx q[13], q[1]
Gate(15373)	 h q[14]
Gate(15374)	 x q[1]
Gate(15375)	 x q[2]
Gate(15376)	 h q[2]
Gate(15377)	 t q[9]
Gate(15378)	 t q[8]
Gate(15379)	 t q[2]
Gate(15380)	cx q[8], q[9]
Gate(15381)	cx q[2], q[8]
Gate(15382)	cx q[9], q[2]
Gate(15383)	tdg q[8]
Gate(15384)	cx q[9], q[8]
Gate(15385)	tdg q[9]
Gate(15386)	tdg q[8]
Gate(15387)	 t q[2]
Gate(15388)	cx q[2], q[8]
Gate(15389)	cx q[9], q[2]
Gate(15390)	cx q[8], q[9]
Gate(15391)	 h q[2]
Gate(15392)	 h q[8]
Gate(15393)	 t q[10]
Gate(15394)	 t q[7]
Gate(15395)	 t q[8]
Gate(15396)	cx q[7], q[10]
Gate(15397)	cx q[8], q[7]
Gate(15398)	cx q[10], q[8]
Gate(15399)	tdg q[7]
Gate(15400)	cx q[10], q[7]
Gate(15401)	tdg q[10]
Gate(15402)	tdg q[7]
Gate(15403)	 t q[8]
Gate(15404)	cx q[8], q[7]
Gate(15405)	cx q[10], q[8]
Gate(15406)	cx q[7], q[10]
Gate(15407)	 h q[8]
Gate(15408)	 h q[7]
Gate(15409)	 t q[11]
Gate(15410)	 t q[6]
Gate(15411)	 t q[7]
Gate(15412)	cx q[6], q[11]
Gate(15413)	cx q[7], q[6]
Gate(15414)	cx q[11], q[7]
Gate(15415)	tdg q[6]
Gate(15416)	cx q[11], q[6]
Gate(15417)	tdg q[11]
Gate(15418)	tdg q[6]
Gate(15419)	 t q[7]
Gate(15420)	cx q[7], q[6]
Gate(15421)	cx q[11], q[7]
Gate(15422)	cx q[6], q[11]
Gate(15423)	 h q[7]
Gate(15424)	 h q[6]
Gate(15425)	 t q[12]
Gate(15426)	 t q[5]
Gate(15427)	 t q[6]
Gate(15428)	cx q[5], q[12]
Gate(15429)	cx q[6], q[5]
Gate(15430)	cx q[12], q[6]
Gate(15431)	tdg q[5]
Gate(15432)	cx q[12], q[5]
Gate(15433)	tdg q[12]
Gate(15434)	tdg q[5]
Gate(15435)	 t q[6]
Gate(15436)	cx q[6], q[5]
Gate(15437)	cx q[12], q[6]
Gate(15438)	cx q[5], q[12]
Gate(15439)	 h q[6]
Gate(15440)	 h q[5]
Gate(15441)	 t q[14]
Gate(15442)	 t q[13]
Gate(15443)	 t q[5]
Gate(15444)	cx q[13], q[14]
Gate(15445)	cx q[5], q[13]
Gate(15446)	cx q[14], q[5]
Gate(15447)	tdg q[13]
Gate(15448)	cx q[14], q[13]
Gate(15449)	tdg q[14]
Gate(15450)	tdg q[13]
Gate(15451)	 t q[5]
Gate(15452)	cx q[5], q[13]
Gate(15453)	cx q[14], q[5]
Gate(15454)	cx q[13], q[14]
Gate(15455)	 h q[5]
Gate(15456)	 h q[6]
Gate(15457)	 t q[12]
Gate(15458)	 t q[5]
Gate(15459)	 t q[6]
Gate(15460)	cx q[5], q[12]
Gate(15461)	cx q[6], q[5]
Gate(15462)	cx q[12], q[6]
Gate(15463)	tdg q[5]
Gate(15464)	cx q[12], q[5]
Gate(15465)	tdg q[12]
Gate(15466)	tdg q[5]
Gate(15467)	 t q[6]
Gate(15468)	cx q[6], q[5]
Gate(15469)	cx q[12], q[6]
Gate(15470)	cx q[5], q[12]
Gate(15471)	 h q[6]
Gate(15472)	 h q[7]
Gate(15473)	 t q[11]
Gate(15474)	 t q[6]
Gate(15475)	 t q[7]
Gate(15476)	cx q[6], q[11]
Gate(15477)	cx q[7], q[6]
Gate(15478)	cx q[11], q[7]
Gate(15479)	tdg q[6]
Gate(15480)	cx q[11], q[6]
Gate(15481)	tdg q[11]
Gate(15482)	tdg q[6]
Gate(15483)	 t q[7]
Gate(15484)	cx q[7], q[6]
Gate(15485)	cx q[11], q[7]
Gate(15486)	cx q[6], q[11]
Gate(15487)	 h q[7]
Gate(15488)	 h q[8]
Gate(15489)	 t q[10]
Gate(15490)	 t q[7]
Gate(15491)	 t q[8]
Gate(15492)	cx q[7], q[10]
Gate(15493)	cx q[8], q[7]
Gate(15494)	cx q[10], q[8]
Gate(15495)	tdg q[7]
Gate(15496)	cx q[10], q[7]
Gate(15497)	tdg q[10]
Gate(15498)	tdg q[7]
Gate(15499)	 t q[8]
Gate(15500)	cx q[8], q[7]
Gate(15501)	cx q[10], q[8]
Gate(15502)	cx q[7], q[10]
Gate(15503)	 h q[8]
Gate(15504)	 h q[2]
Gate(15505)	 t q[9]
Gate(15506)	 t q[8]
Gate(15507)	 t q[2]
Gate(15508)	cx q[8], q[9]
Gate(15509)	cx q[2], q[8]
Gate(15510)	cx q[9], q[2]
Gate(15511)	tdg q[8]
Gate(15512)	cx q[9], q[8]
Gate(15513)	tdg q[9]
Gate(15514)	tdg q[8]
Gate(15515)	 t q[2]
Gate(15516)	cx q[2], q[8]
Gate(15517)	cx q[9], q[2]
Gate(15518)	cx q[8], q[9]
Gate(15519)	 h q[2]
Gate(15520)	 h q[8]
Gate(15521)	 t q[10]
Gate(15522)	 t q[7]
Gate(15523)	 t q[8]
Gate(15524)	cx q[7], q[10]
Gate(15525)	cx q[8], q[7]
Gate(15526)	cx q[10], q[8]
Gate(15527)	tdg q[7]
Gate(15528)	cx q[10], q[7]
Gate(15529)	tdg q[10]
Gate(15530)	tdg q[7]
Gate(15531)	 t q[8]
Gate(15532)	cx q[8], q[7]
Gate(15533)	cx q[10], q[8]
Gate(15534)	cx q[7], q[10]
Gate(15535)	 h q[8]
Gate(15536)	 h q[7]
Gate(15537)	 t q[11]
Gate(15538)	 t q[6]
Gate(15539)	 t q[7]
Gate(15540)	cx q[6], q[11]
Gate(15541)	cx q[7], q[6]
Gate(15542)	cx q[11], q[7]
Gate(15543)	tdg q[6]
Gate(15544)	cx q[11], q[6]
Gate(15545)	tdg q[11]
Gate(15546)	tdg q[6]
Gate(15547)	 t q[7]
Gate(15548)	cx q[7], q[6]
Gate(15549)	cx q[11], q[7]
Gate(15550)	cx q[6], q[11]
Gate(15551)	 h q[7]
Gate(15552)	 h q[6]
Gate(15553)	 t q[12]
Gate(15554)	 t q[5]
Gate(15555)	 t q[6]
Gate(15556)	cx q[5], q[12]
Gate(15557)	cx q[6], q[5]
Gate(15558)	cx q[12], q[6]
Gate(15559)	tdg q[5]
Gate(15560)	cx q[12], q[5]
Gate(15561)	tdg q[12]
Gate(15562)	tdg q[5]
Gate(15563)	 t q[6]
Gate(15564)	cx q[6], q[5]
Gate(15565)	cx q[12], q[6]
Gate(15566)	cx q[5], q[12]
Gate(15567)	 h q[6]
Gate(15568)	 h q[5]
Gate(15569)	 t q[14]
Gate(15570)	 t q[13]
Gate(15571)	 t q[5]
Gate(15572)	cx q[13], q[14]
Gate(15573)	cx q[5], q[13]
Gate(15574)	cx q[14], q[5]
Gate(15575)	tdg q[13]
Gate(15576)	cx q[14], q[13]
Gate(15577)	tdg q[14]
Gate(15578)	tdg q[13]
Gate(15579)	 t q[5]
Gate(15580)	cx q[5], q[13]
Gate(15581)	cx q[14], q[5]
Gate(15582)	cx q[13], q[14]
Gate(15583)	 h q[5]
Gate(15584)	 h q[6]
Gate(15585)	 t q[12]
Gate(15586)	 t q[5]
Gate(15587)	 t q[6]
Gate(15588)	cx q[5], q[12]
Gate(15589)	cx q[6], q[5]
Gate(15590)	cx q[12], q[6]
Gate(15591)	tdg q[5]
Gate(15592)	cx q[12], q[5]
Gate(15593)	tdg q[12]
Gate(15594)	tdg q[5]
Gate(15595)	 t q[6]
Gate(15596)	cx q[6], q[5]
Gate(15597)	cx q[12], q[6]
Gate(15598)	cx q[5], q[12]
Gate(15599)	 h q[6]
Gate(15600)	 h q[7]
Gate(15601)	 t q[11]
Gate(15602)	 t q[6]
Gate(15603)	 t q[7]
Gate(15604)	cx q[6], q[11]
Gate(15605)	cx q[7], q[6]
Gate(15606)	cx q[11], q[7]
Gate(15607)	tdg q[6]
Gate(15608)	cx q[11], q[6]
Gate(15609)	tdg q[11]
Gate(15610)	tdg q[6]
Gate(15611)	 t q[7]
Gate(15612)	cx q[7], q[6]
Gate(15613)	cx q[11], q[7]
Gate(15614)	cx q[6], q[11]
Gate(15615)	 h q[7]
Gate(15616)	 h q[8]
Gate(15617)	 t q[10]
Gate(15618)	 t q[7]
Gate(15619)	 t q[8]
Gate(15620)	cx q[7], q[10]
Gate(15621)	cx q[8], q[7]
Gate(15622)	cx q[10], q[8]
Gate(15623)	tdg q[7]
Gate(15624)	cx q[10], q[7]
Gate(15625)	tdg q[10]
Gate(15626)	tdg q[7]
Gate(15627)	 t q[8]
Gate(15628)	cx q[8], q[7]
Gate(15629)	cx q[10], q[8]
Gate(15630)	cx q[7], q[10]
Gate(15631)	 h q[8]
Gate(15632)	 h q[0]
Gate(15633)	 t q[2]
Gate(15634)	 t q[14]
Gate(15635)	 t q[0]
Gate(15636)	cx q[14], q[2]
Gate(15637)	cx q[0], q[14]
Gate(15638)	cx q[2], q[0]
Gate(15639)	tdg q[14]
Gate(15640)	cx q[2], q[14]
Gate(15641)	tdg q[2]
Gate(15642)	tdg q[14]
Gate(15643)	 t q[0]
Gate(15644)	cx q[0], q[14]
Gate(15645)	cx q[2], q[0]
Gate(15646)	cx q[14], q[2]
Gate(15647)	 h q[0]
Gate(15648)	 h q[14]
Gate(15649)	 t q[1]
Gate(15650)	 t q[13]
Gate(15651)	 t q[14]
Gate(15652)	cx q[13], q[1]
Gate(15653)	cx q[14], q[13]
Gate(15654)	cx q[1], q[14]
Gate(15655)	tdg q[13]
Gate(15656)	cx q[1], q[13]
Gate(15657)	tdg q[1]
Gate(15658)	tdg q[13]
Gate(15659)	 t q[14]
Gate(15660)	cx q[14], q[13]
Gate(15661)	cx q[1], q[14]
Gate(15662)	cx q[13], q[1]
Gate(15663)	 h q[14]
Gate(15664)	 h q[13]
Gate(15665)	 t q[3]
Gate(15666)	 t q[12]
Gate(15667)	 t q[13]
Gate(15668)	cx q[12], q[3]
Gate(15669)	cx q[13], q[12]
Gate(15670)	cx q[3], q[13]
Gate(15671)	tdg q[12]
Gate(15672)	cx q[3], q[12]
Gate(15673)	tdg q[3]
Gate(15674)	tdg q[12]
Gate(15675)	 t q[13]
Gate(15676)	cx q[13], q[12]
Gate(15677)	cx q[3], q[13]
Gate(15678)	cx q[12], q[3]
Gate(15679)	 h q[13]
Gate(15680)	 h q[12]
Gate(15681)	 t q[4]
Gate(15682)	 t q[11]
Gate(15683)	 t q[12]
Gate(15684)	cx q[11], q[4]
Gate(15685)	cx q[12], q[11]
Gate(15686)	cx q[4], q[12]
Gate(15687)	tdg q[11]
Gate(15688)	cx q[4], q[11]
Gate(15689)	tdg q[4]
Gate(15690)	tdg q[11]
Gate(15691)	 t q[12]
Gate(15692)	cx q[12], q[11]
Gate(15693)	cx q[4], q[12]
Gate(15694)	cx q[11], q[4]
Gate(15695)	 h q[12]
Gate(15696)	 h q[11]
Gate(15697)	 t q[5]
Gate(15698)	 t q[10]
Gate(15699)	 t q[11]
Gate(15700)	cx q[10], q[5]
Gate(15701)	cx q[11], q[10]
Gate(15702)	cx q[5], q[11]
Gate(15703)	tdg q[10]
Gate(15704)	cx q[5], q[10]
Gate(15705)	tdg q[5]
Gate(15706)	tdg q[10]
Gate(15707)	 t q[11]
Gate(15708)	cx q[11], q[10]
Gate(15709)	cx q[5], q[11]
Gate(15710)	cx q[10], q[5]
Gate(15711)	 h q[11]
Gate(15712)	 h q[10]
Gate(15713)	 t q[6]
Gate(15714)	 t q[9]
Gate(15715)	 t q[10]
Gate(15716)	cx q[9], q[6]
Gate(15717)	cx q[10], q[9]
Gate(15718)	cx q[6], q[10]
Gate(15719)	tdg q[9]
Gate(15720)	cx q[6], q[9]
Gate(15721)	tdg q[6]
Gate(15722)	tdg q[9]
Gate(15723)	 t q[10]
Gate(15724)	cx q[10], q[9]
Gate(15725)	cx q[6], q[10]
Gate(15726)	cx q[9], q[6]
Gate(15727)	 h q[10]
Gate(15728)	 h q[9]
Gate(15729)	 t q[8]
Gate(15730)	 t q[7]
Gate(15731)	 t q[9]
Gate(15732)	cx q[7], q[8]
Gate(15733)	cx q[9], q[7]
Gate(15734)	cx q[8], q[9]
Gate(15735)	tdg q[7]
Gate(15736)	cx q[8], q[7]
Gate(15737)	tdg q[8]
Gate(15738)	tdg q[7]
Gate(15739)	 t q[9]
Gate(15740)	cx q[9], q[7]
Gate(15741)	cx q[8], q[9]
Gate(15742)	cx q[7], q[8]
Gate(15743)	 h q[9]
Gate(15744)	 h q[10]
Gate(15745)	 t q[6]
Gate(15746)	 t q[9]
Gate(15747)	 t q[10]
Gate(15748)	cx q[9], q[6]
Gate(15749)	cx q[10], q[9]
Gate(15750)	cx q[6], q[10]
Gate(15751)	tdg q[9]
Gate(15752)	cx q[6], q[9]
Gate(15753)	tdg q[6]
Gate(15754)	tdg q[9]
Gate(15755)	 t q[10]
Gate(15756)	cx q[10], q[9]
Gate(15757)	cx q[6], q[10]
Gate(15758)	cx q[9], q[6]
Gate(15759)	 h q[10]
Gate(15760)	 h q[11]
Gate(15761)	 t q[5]
Gate(15762)	 t q[10]
Gate(15763)	 t q[11]
Gate(15764)	cx q[10], q[5]
Gate(15765)	cx q[11], q[10]
Gate(15766)	cx q[5], q[11]
Gate(15767)	tdg q[10]
Gate(15768)	cx q[5], q[10]
Gate(15769)	tdg q[5]
Gate(15770)	tdg q[10]
Gate(15771)	 t q[11]
Gate(15772)	cx q[11], q[10]
Gate(15773)	cx q[5], q[11]
Gate(15774)	cx q[10], q[5]
Gate(15775)	 h q[11]
Gate(15776)	 h q[12]
Gate(15777)	 t q[4]
Gate(15778)	 t q[11]
Gate(15779)	 t q[12]
Gate(15780)	cx q[11], q[4]
Gate(15781)	cx q[12], q[11]
Gate(15782)	cx q[4], q[12]
Gate(15783)	tdg q[11]
Gate(15784)	cx q[4], q[11]
Gate(15785)	tdg q[4]
Gate(15786)	tdg q[11]
Gate(15787)	 t q[12]
Gate(15788)	cx q[12], q[11]
Gate(15789)	cx q[4], q[12]
Gate(15790)	cx q[11], q[4]
Gate(15791)	 h q[12]
Gate(15792)	 h q[13]
Gate(15793)	 t q[3]
Gate(15794)	 t q[12]
Gate(15795)	 t q[13]
Gate(15796)	cx q[12], q[3]
Gate(15797)	cx q[13], q[12]
Gate(15798)	cx q[3], q[13]
Gate(15799)	tdg q[12]
Gate(15800)	cx q[3], q[12]
Gate(15801)	tdg q[3]
Gate(15802)	tdg q[12]
Gate(15803)	 t q[13]
Gate(15804)	cx q[13], q[12]
Gate(15805)	cx q[3], q[13]
Gate(15806)	cx q[12], q[3]
Gate(15807)	 h q[13]
Gate(15808)	 h q[14]
Gate(15809)	 t q[1]
Gate(15810)	 t q[13]
Gate(15811)	 t q[14]
Gate(15812)	cx q[13], q[1]
Gate(15813)	cx q[14], q[13]
Gate(15814)	cx q[1], q[14]
Gate(15815)	tdg q[13]
Gate(15816)	cx q[1], q[13]
Gate(15817)	tdg q[1]
Gate(15818)	tdg q[13]
Gate(15819)	 t q[14]
Gate(15820)	cx q[14], q[13]
Gate(15821)	cx q[1], q[14]
Gate(15822)	cx q[13], q[1]
Gate(15823)	 h q[14]
Gate(15824)	 h q[0]
Gate(15825)	 t q[2]
Gate(15826)	 t q[14]
Gate(15827)	 t q[0]
Gate(15828)	cx q[14], q[2]
Gate(15829)	cx q[0], q[14]
Gate(15830)	cx q[2], q[0]
Gate(15831)	tdg q[14]
Gate(15832)	cx q[2], q[14]
Gate(15833)	tdg q[2]
Gate(15834)	tdg q[14]
Gate(15835)	 t q[0]
Gate(15836)	cx q[0], q[14]
Gate(15837)	cx q[2], q[0]
Gate(15838)	cx q[14], q[2]
Gate(15839)	 h q[0]
Gate(15840)	 h q[14]
Gate(15841)	 t q[1]
Gate(15842)	 t q[13]
Gate(15843)	 t q[14]
Gate(15844)	cx q[13], q[1]
Gate(15845)	cx q[14], q[13]
Gate(15846)	cx q[1], q[14]
Gate(15847)	tdg q[13]
Gate(15848)	cx q[1], q[13]
Gate(15849)	tdg q[1]
Gate(15850)	tdg q[13]
Gate(15851)	 t q[14]
Gate(15852)	cx q[14], q[13]
Gate(15853)	cx q[1], q[14]
Gate(15854)	cx q[13], q[1]
Gate(15855)	 h q[14]
Gate(15856)	 h q[13]
Gate(15857)	 t q[3]
Gate(15858)	 t q[12]
Gate(15859)	 t q[13]
Gate(15860)	cx q[12], q[3]
Gate(15861)	cx q[13], q[12]
Gate(15862)	cx q[3], q[13]
Gate(15863)	tdg q[12]
Gate(15864)	cx q[3], q[12]
Gate(15865)	tdg q[3]
Gate(15866)	tdg q[12]
Gate(15867)	 t q[13]
Gate(15868)	cx q[13], q[12]
Gate(15869)	cx q[3], q[13]
Gate(15870)	cx q[12], q[3]
Gate(15871)	 h q[13]
Gate(15872)	 h q[12]
Gate(15873)	 t q[4]
Gate(15874)	 t q[11]
Gate(15875)	 t q[12]
Gate(15876)	cx q[11], q[4]
Gate(15877)	cx q[12], q[11]
Gate(15878)	cx q[4], q[12]
Gate(15879)	tdg q[11]
Gate(15880)	cx q[4], q[11]
Gate(15881)	tdg q[4]
Gate(15882)	tdg q[11]
Gate(15883)	 t q[12]
Gate(15884)	cx q[12], q[11]
Gate(15885)	cx q[4], q[12]
Gate(15886)	cx q[11], q[4]
Gate(15887)	 h q[12]
Gate(15888)	 h q[11]
Gate(15889)	 t q[5]
Gate(15890)	 t q[10]
Gate(15891)	 t q[11]
Gate(15892)	cx q[10], q[5]
Gate(15893)	cx q[11], q[10]
Gate(15894)	cx q[5], q[11]
Gate(15895)	tdg q[10]
Gate(15896)	cx q[5], q[10]
Gate(15897)	tdg q[5]
Gate(15898)	tdg q[10]
Gate(15899)	 t q[11]
Gate(15900)	cx q[11], q[10]
Gate(15901)	cx q[5], q[11]
Gate(15902)	cx q[10], q[5]
Gate(15903)	 h q[11]
Gate(15904)	 h q[10]
Gate(15905)	 t q[6]
Gate(15906)	 t q[9]
Gate(15907)	 t q[10]
Gate(15908)	cx q[9], q[6]
Gate(15909)	cx q[10], q[9]
Gate(15910)	cx q[6], q[10]
Gate(15911)	tdg q[9]
Gate(15912)	cx q[6], q[9]
Gate(15913)	tdg q[6]
Gate(15914)	tdg q[9]
Gate(15915)	 t q[10]
Gate(15916)	cx q[10], q[9]
Gate(15917)	cx q[6], q[10]
Gate(15918)	cx q[9], q[6]
Gate(15919)	 h q[10]
Gate(15920)	 h q[9]
Gate(15921)	 t q[8]
Gate(15922)	 t q[7]
Gate(15923)	 t q[9]
Gate(15924)	cx q[7], q[8]
Gate(15925)	cx q[9], q[7]
Gate(15926)	cx q[8], q[9]
Gate(15927)	tdg q[7]
Gate(15928)	cx q[8], q[7]
Gate(15929)	tdg q[8]
Gate(15930)	tdg q[7]
Gate(15931)	 t q[9]
Gate(15932)	cx q[9], q[7]
Gate(15933)	cx q[8], q[9]
Gate(15934)	cx q[7], q[8]
Gate(15935)	 h q[9]
Gate(15936)	 h q[10]
Gate(15937)	 t q[6]
Gate(15938)	 t q[9]
Gate(15939)	 t q[10]
Gate(15940)	cx q[9], q[6]
Gate(15941)	cx q[10], q[9]
Gate(15942)	cx q[6], q[10]
Gate(15943)	tdg q[9]
Gate(15944)	cx q[6], q[9]
Gate(15945)	tdg q[6]
Gate(15946)	tdg q[9]
Gate(15947)	 t q[10]
Gate(15948)	cx q[10], q[9]
Gate(15949)	cx q[6], q[10]
Gate(15950)	cx q[9], q[6]
Gate(15951)	 h q[10]
Gate(15952)	 h q[11]
Gate(15953)	 t q[5]
Gate(15954)	 t q[10]
Gate(15955)	 t q[11]
Gate(15956)	cx q[10], q[5]
Gate(15957)	cx q[11], q[10]
Gate(15958)	cx q[5], q[11]
Gate(15959)	tdg q[10]
Gate(15960)	cx q[5], q[10]
Gate(15961)	tdg q[5]
Gate(15962)	tdg q[10]
Gate(15963)	 t q[11]
Gate(15964)	cx q[11], q[10]
Gate(15965)	cx q[5], q[11]
Gate(15966)	cx q[10], q[5]
Gate(15967)	 h q[11]
Gate(15968)	 h q[12]
Gate(15969)	 t q[4]
Gate(15970)	 t q[11]
Gate(15971)	 t q[12]
Gate(15972)	cx q[11], q[4]
Gate(15973)	cx q[12], q[11]
Gate(15974)	cx q[4], q[12]
Gate(15975)	tdg q[11]
Gate(15976)	cx q[4], q[11]
Gate(15977)	tdg q[4]
Gate(15978)	tdg q[11]
Gate(15979)	 t q[12]
Gate(15980)	cx q[12], q[11]
Gate(15981)	cx q[4], q[12]
Gate(15982)	cx q[11], q[4]
Gate(15983)	 h q[12]
Gate(15984)	 h q[13]
Gate(15985)	 t q[3]
Gate(15986)	 t q[12]
Gate(15987)	 t q[13]
Gate(15988)	cx q[12], q[3]
Gate(15989)	cx q[13], q[12]
Gate(15990)	cx q[3], q[13]
Gate(15991)	tdg q[12]
Gate(15992)	cx q[3], q[12]
Gate(15993)	tdg q[3]
Gate(15994)	tdg q[12]
Gate(15995)	 t q[13]
Gate(15996)	cx q[13], q[12]
Gate(15997)	cx q[3], q[13]
Gate(15998)	cx q[12], q[3]
Gate(15999)	 h q[13]
Gate(16000)	 h q[14]
Gate(16001)	 t q[1]
Gate(16002)	 t q[13]
Gate(16003)	 t q[14]
Gate(16004)	cx q[13], q[1]
Gate(16005)	cx q[14], q[13]
Gate(16006)	cx q[1], q[14]
Gate(16007)	tdg q[13]
Gate(16008)	cx q[1], q[13]
Gate(16009)	tdg q[1]
Gate(16010)	tdg q[13]
Gate(16011)	 t q[14]
Gate(16012)	cx q[14], q[13]
Gate(16013)	cx q[1], q[14]
Gate(16014)	cx q[13], q[1]
Gate(16015)	 h q[14]
Gate(16016)	 h q[2]
Gate(16017)	 t q[9]
Gate(16018)	 t q[8]
Gate(16019)	 t q[2]
Gate(16020)	cx q[8], q[9]
Gate(16021)	cx q[2], q[8]
Gate(16022)	cx q[9], q[2]
Gate(16023)	tdg q[8]
Gate(16024)	cx q[9], q[8]
Gate(16025)	tdg q[9]
Gate(16026)	tdg q[8]
Gate(16027)	 t q[2]
Gate(16028)	cx q[2], q[8]
Gate(16029)	cx q[9], q[2]
Gate(16030)	cx q[8], q[9]
Gate(16031)	 h q[2]
Gate(16032)	 h q[8]
Gate(16033)	 t q[10]
Gate(16034)	 t q[7]
Gate(16035)	 t q[8]
Gate(16036)	cx q[7], q[10]
Gate(16037)	cx q[8], q[7]
Gate(16038)	cx q[10], q[8]
Gate(16039)	tdg q[7]
Gate(16040)	cx q[10], q[7]
Gate(16041)	tdg q[10]
Gate(16042)	tdg q[7]
Gate(16043)	 t q[8]
Gate(16044)	cx q[8], q[7]
Gate(16045)	cx q[10], q[8]
Gate(16046)	cx q[7], q[10]
Gate(16047)	 h q[8]
Gate(16048)	 h q[7]
Gate(16049)	 t q[11]
Gate(16050)	 t q[6]
Gate(16051)	 t q[7]
Gate(16052)	cx q[6], q[11]
Gate(16053)	cx q[7], q[6]
Gate(16054)	cx q[11], q[7]
Gate(16055)	tdg q[6]
Gate(16056)	cx q[11], q[6]
Gate(16057)	tdg q[11]
Gate(16058)	tdg q[6]
Gate(16059)	 t q[7]
Gate(16060)	cx q[7], q[6]
Gate(16061)	cx q[11], q[7]
Gate(16062)	cx q[6], q[11]
Gate(16063)	 h q[7]
Gate(16064)	 h q[6]
Gate(16065)	 t q[12]
Gate(16066)	 t q[5]
Gate(16067)	 t q[6]
Gate(16068)	cx q[5], q[12]
Gate(16069)	cx q[6], q[5]
Gate(16070)	cx q[12], q[6]
Gate(16071)	tdg q[5]
Gate(16072)	cx q[12], q[5]
Gate(16073)	tdg q[12]
Gate(16074)	tdg q[5]
Gate(16075)	 t q[6]
Gate(16076)	cx q[6], q[5]
Gate(16077)	cx q[12], q[6]
Gate(16078)	cx q[5], q[12]
Gate(16079)	 h q[6]
Gate(16080)	 h q[5]
Gate(16081)	 t q[14]
Gate(16082)	 t q[13]
Gate(16083)	 t q[5]
Gate(16084)	cx q[13], q[14]
Gate(16085)	cx q[5], q[13]
Gate(16086)	cx q[14], q[5]
Gate(16087)	tdg q[13]
Gate(16088)	cx q[14], q[13]
Gate(16089)	tdg q[14]
Gate(16090)	tdg q[13]
Gate(16091)	 t q[5]
Gate(16092)	cx q[5], q[13]
Gate(16093)	cx q[14], q[5]
Gate(16094)	cx q[13], q[14]
Gate(16095)	 h q[5]
Gate(16096)	 h q[6]
Gate(16097)	 t q[12]
Gate(16098)	 t q[5]
Gate(16099)	 t q[6]
Gate(16100)	cx q[5], q[12]
Gate(16101)	cx q[6], q[5]
Gate(16102)	cx q[12], q[6]
Gate(16103)	tdg q[5]
Gate(16104)	cx q[12], q[5]
Gate(16105)	tdg q[12]
Gate(16106)	tdg q[5]
Gate(16107)	 t q[6]
Gate(16108)	cx q[6], q[5]
Gate(16109)	cx q[12], q[6]
Gate(16110)	cx q[5], q[12]
Gate(16111)	 h q[6]
Gate(16112)	 h q[7]
Gate(16113)	 t q[11]
Gate(16114)	 t q[6]
Gate(16115)	 t q[7]
Gate(16116)	cx q[6], q[11]
Gate(16117)	cx q[7], q[6]
Gate(16118)	cx q[11], q[7]
Gate(16119)	tdg q[6]
Gate(16120)	cx q[11], q[6]
Gate(16121)	tdg q[11]
Gate(16122)	tdg q[6]
Gate(16123)	 t q[7]
Gate(16124)	cx q[7], q[6]
Gate(16125)	cx q[11], q[7]
Gate(16126)	cx q[6], q[11]
Gate(16127)	 h q[7]
Gate(16128)	 h q[8]
Gate(16129)	 t q[10]
Gate(16130)	 t q[7]
Gate(16131)	 t q[8]
Gate(16132)	cx q[7], q[10]
Gate(16133)	cx q[8], q[7]
Gate(16134)	cx q[10], q[8]
Gate(16135)	tdg q[7]
Gate(16136)	cx q[10], q[7]
Gate(16137)	tdg q[10]
Gate(16138)	tdg q[7]
Gate(16139)	 t q[8]
Gate(16140)	cx q[8], q[7]
Gate(16141)	cx q[10], q[8]
Gate(16142)	cx q[7], q[10]
Gate(16143)	 h q[8]
Gate(16144)	 h q[2]
Gate(16145)	 t q[9]
Gate(16146)	 t q[8]
Gate(16147)	 t q[2]
Gate(16148)	cx q[8], q[9]
Gate(16149)	cx q[2], q[8]
Gate(16150)	cx q[9], q[2]
Gate(16151)	tdg q[8]
Gate(16152)	cx q[9], q[8]
Gate(16153)	tdg q[9]
Gate(16154)	tdg q[8]
Gate(16155)	 t q[2]
Gate(16156)	cx q[2], q[8]
Gate(16157)	cx q[9], q[2]
Gate(16158)	cx q[8], q[9]
Gate(16159)	 h q[2]
Gate(16160)	 h q[8]
Gate(16161)	 t q[10]
Gate(16162)	 t q[7]
Gate(16163)	 t q[8]
Gate(16164)	cx q[7], q[10]
Gate(16165)	cx q[8], q[7]
Gate(16166)	cx q[10], q[8]
Gate(16167)	tdg q[7]
Gate(16168)	cx q[10], q[7]
Gate(16169)	tdg q[10]
Gate(16170)	tdg q[7]
Gate(16171)	 t q[8]
Gate(16172)	cx q[8], q[7]
Gate(16173)	cx q[10], q[8]
Gate(16174)	cx q[7], q[10]
Gate(16175)	 h q[8]
Gate(16176)	 h q[7]
Gate(16177)	 t q[11]
Gate(16178)	 t q[6]
Gate(16179)	 t q[7]
Gate(16180)	cx q[6], q[11]
Gate(16181)	cx q[7], q[6]
Gate(16182)	cx q[11], q[7]
Gate(16183)	tdg q[6]
Gate(16184)	cx q[11], q[6]
Gate(16185)	tdg q[11]
Gate(16186)	tdg q[6]
Gate(16187)	 t q[7]
Gate(16188)	cx q[7], q[6]
Gate(16189)	cx q[11], q[7]
Gate(16190)	cx q[6], q[11]
Gate(16191)	 h q[7]
Gate(16192)	 h q[6]
Gate(16193)	 t q[12]
Gate(16194)	 t q[5]
Gate(16195)	 t q[6]
Gate(16196)	cx q[5], q[12]
Gate(16197)	cx q[6], q[5]
Gate(16198)	cx q[12], q[6]
Gate(16199)	tdg q[5]
Gate(16200)	cx q[12], q[5]
Gate(16201)	tdg q[12]
Gate(16202)	tdg q[5]
Gate(16203)	 t q[6]
Gate(16204)	cx q[6], q[5]
Gate(16205)	cx q[12], q[6]
Gate(16206)	cx q[5], q[12]
Gate(16207)	 h q[6]
Gate(16208)	 h q[5]
Gate(16209)	 t q[14]
Gate(16210)	 t q[13]
Gate(16211)	 t q[5]
Gate(16212)	cx q[13], q[14]
Gate(16213)	cx q[5], q[13]
Gate(16214)	cx q[14], q[5]
Gate(16215)	tdg q[13]
Gate(16216)	cx q[14], q[13]
Gate(16217)	tdg q[14]
Gate(16218)	tdg q[13]
Gate(16219)	 t q[5]
Gate(16220)	cx q[5], q[13]
Gate(16221)	cx q[14], q[5]
Gate(16222)	cx q[13], q[14]
Gate(16223)	 h q[5]
Gate(16224)	 h q[6]
Gate(16225)	 t q[12]
Gate(16226)	 t q[5]
Gate(16227)	 t q[6]
Gate(16228)	cx q[5], q[12]
Gate(16229)	cx q[6], q[5]
Gate(16230)	cx q[12], q[6]
Gate(16231)	tdg q[5]
Gate(16232)	cx q[12], q[5]
Gate(16233)	tdg q[12]
Gate(16234)	tdg q[5]
Gate(16235)	 t q[6]
Gate(16236)	cx q[6], q[5]
Gate(16237)	cx q[12], q[6]
Gate(16238)	cx q[5], q[12]
Gate(16239)	 h q[6]
Gate(16240)	 h q[7]
Gate(16241)	 t q[11]
Gate(16242)	 t q[6]
Gate(16243)	 t q[7]
Gate(16244)	cx q[6], q[11]
Gate(16245)	cx q[7], q[6]
Gate(16246)	cx q[11], q[7]
Gate(16247)	tdg q[6]
Gate(16248)	cx q[11], q[6]
Gate(16249)	tdg q[11]
Gate(16250)	tdg q[6]
Gate(16251)	 t q[7]
Gate(16252)	cx q[7], q[6]
Gate(16253)	cx q[11], q[7]
Gate(16254)	cx q[6], q[11]
Gate(16255)	 h q[7]
Gate(16256)	 h q[8]
Gate(16257)	 t q[10]
Gate(16258)	 t q[7]
Gate(16259)	 t q[8]
Gate(16260)	cx q[7], q[10]
Gate(16261)	cx q[8], q[7]
Gate(16262)	cx q[10], q[8]
Gate(16263)	tdg q[7]
Gate(16264)	cx q[10], q[7]
Gate(16265)	tdg q[10]
Gate(16266)	tdg q[7]
Gate(16267)	 t q[8]
Gate(16268)	cx q[8], q[7]
Gate(16269)	cx q[10], q[8]
Gate(16270)	cx q[7], q[10]
Gate(16271)	 h q[8]
Gate(16272)	 h q[0]
Gate(16273)	 t q[2]
Gate(16274)	 t q[14]
Gate(16275)	 t q[0]
Gate(16276)	cx q[14], q[2]
Gate(16277)	cx q[0], q[14]
Gate(16278)	cx q[2], q[0]
Gate(16279)	tdg q[14]
Gate(16280)	cx q[2], q[14]
Gate(16281)	tdg q[2]
Gate(16282)	tdg q[14]
Gate(16283)	 t q[0]
Gate(16284)	cx q[0], q[14]
Gate(16285)	cx q[2], q[0]
Gate(16286)	cx q[14], q[2]
Gate(16287)	 h q[0]
Gate(16288)	 h q[14]
Gate(16289)	 t q[1]
Gate(16290)	 t q[13]
Gate(16291)	 t q[14]
Gate(16292)	cx q[13], q[1]
Gate(16293)	cx q[14], q[13]
Gate(16294)	cx q[1], q[14]
Gate(16295)	tdg q[13]
Gate(16296)	cx q[1], q[13]
Gate(16297)	tdg q[1]
Gate(16298)	tdg q[13]
Gate(16299)	 t q[14]
Gate(16300)	cx q[14], q[13]
Gate(16301)	cx q[1], q[14]
Gate(16302)	cx q[13], q[1]
Gate(16303)	 h q[14]
Gate(16304)	 h q[13]
Gate(16305)	 t q[3]
Gate(16306)	 t q[12]
Gate(16307)	 t q[13]
Gate(16308)	cx q[12], q[3]
Gate(16309)	cx q[13], q[12]
Gate(16310)	cx q[3], q[13]
Gate(16311)	tdg q[12]
Gate(16312)	cx q[3], q[12]
Gate(16313)	tdg q[3]
Gate(16314)	tdg q[12]
Gate(16315)	 t q[13]
Gate(16316)	cx q[13], q[12]
Gate(16317)	cx q[3], q[13]
Gate(16318)	cx q[12], q[3]
Gate(16319)	 h q[13]
Gate(16320)	 h q[12]
Gate(16321)	 t q[4]
Gate(16322)	 t q[11]
Gate(16323)	 t q[12]
Gate(16324)	cx q[11], q[4]
Gate(16325)	cx q[12], q[11]
Gate(16326)	cx q[4], q[12]
Gate(16327)	tdg q[11]
Gate(16328)	cx q[4], q[11]
Gate(16329)	tdg q[4]
Gate(16330)	tdg q[11]
Gate(16331)	 t q[12]
Gate(16332)	cx q[12], q[11]
Gate(16333)	cx q[4], q[12]
Gate(16334)	cx q[11], q[4]
Gate(16335)	 h q[12]
Gate(16336)	 h q[11]
Gate(16337)	 t q[5]
Gate(16338)	 t q[10]
Gate(16339)	 t q[11]
Gate(16340)	cx q[10], q[5]
Gate(16341)	cx q[11], q[10]
Gate(16342)	cx q[5], q[11]
Gate(16343)	tdg q[10]
Gate(16344)	cx q[5], q[10]
Gate(16345)	tdg q[5]
Gate(16346)	tdg q[10]
Gate(16347)	 t q[11]
Gate(16348)	cx q[11], q[10]
Gate(16349)	cx q[5], q[11]
Gate(16350)	cx q[10], q[5]
Gate(16351)	 h q[11]
Gate(16352)	 h q[10]
Gate(16353)	 t q[6]
Gate(16354)	 t q[9]
Gate(16355)	 t q[10]
Gate(16356)	cx q[9], q[6]
Gate(16357)	cx q[10], q[9]
Gate(16358)	cx q[6], q[10]
Gate(16359)	tdg q[9]
Gate(16360)	cx q[6], q[9]
Gate(16361)	tdg q[6]
Gate(16362)	tdg q[9]
Gate(16363)	 t q[10]
Gate(16364)	cx q[10], q[9]
Gate(16365)	cx q[6], q[10]
Gate(16366)	cx q[9], q[6]
Gate(16367)	 h q[10]
Gate(16368)	 h q[9]
Gate(16369)	 t q[8]
Gate(16370)	 t q[7]
Gate(16371)	 t q[9]
Gate(16372)	cx q[7], q[8]
Gate(16373)	cx q[9], q[7]
Gate(16374)	cx q[8], q[9]
Gate(16375)	tdg q[7]
Gate(16376)	cx q[8], q[7]
Gate(16377)	tdg q[8]
Gate(16378)	tdg q[7]
Gate(16379)	 t q[9]
Gate(16380)	cx q[9], q[7]
Gate(16381)	cx q[8], q[9]
Gate(16382)	cx q[7], q[8]
Gate(16383)	 h q[9]
Gate(16384)	 h q[10]
Gate(16385)	 t q[6]
Gate(16386)	 t q[9]
Gate(16387)	 t q[10]
Gate(16388)	cx q[9], q[6]
Gate(16389)	cx q[10], q[9]
Gate(16390)	cx q[6], q[10]
Gate(16391)	tdg q[9]
Gate(16392)	cx q[6], q[9]
Gate(16393)	tdg q[6]
Gate(16394)	tdg q[9]
Gate(16395)	 t q[10]
Gate(16396)	cx q[10], q[9]
Gate(16397)	cx q[6], q[10]
Gate(16398)	cx q[9], q[6]
Gate(16399)	 h q[10]
Gate(16400)	 h q[11]
Gate(16401)	 t q[5]
Gate(16402)	 t q[10]
Gate(16403)	 t q[11]
Gate(16404)	cx q[10], q[5]
Gate(16405)	cx q[11], q[10]
Gate(16406)	cx q[5], q[11]
Gate(16407)	tdg q[10]
Gate(16408)	cx q[5], q[10]
Gate(16409)	tdg q[5]
Gate(16410)	tdg q[10]
Gate(16411)	 t q[11]
Gate(16412)	cx q[11], q[10]
Gate(16413)	cx q[5], q[11]
Gate(16414)	cx q[10], q[5]
Gate(16415)	 h q[11]
Gate(16416)	 h q[12]
Gate(16417)	 t q[4]
Gate(16418)	 t q[11]
Gate(16419)	 t q[12]
Gate(16420)	cx q[11], q[4]
Gate(16421)	cx q[12], q[11]
Gate(16422)	cx q[4], q[12]
Gate(16423)	tdg q[11]
Gate(16424)	cx q[4], q[11]
Gate(16425)	tdg q[4]
Gate(16426)	tdg q[11]
Gate(16427)	 t q[12]
Gate(16428)	cx q[12], q[11]
Gate(16429)	cx q[4], q[12]
Gate(16430)	cx q[11], q[4]
Gate(16431)	 h q[12]
Gate(16432)	 h q[13]
Gate(16433)	 t q[3]
Gate(16434)	 t q[12]
Gate(16435)	 t q[13]
Gate(16436)	cx q[12], q[3]
Gate(16437)	cx q[13], q[12]
Gate(16438)	cx q[3], q[13]
Gate(16439)	tdg q[12]
Gate(16440)	cx q[3], q[12]
Gate(16441)	tdg q[3]
Gate(16442)	tdg q[12]
Gate(16443)	 t q[13]
Gate(16444)	cx q[13], q[12]
Gate(16445)	cx q[3], q[13]
Gate(16446)	cx q[12], q[3]
Gate(16447)	 h q[13]
Gate(16448)	 h q[14]
Gate(16449)	 t q[1]
Gate(16450)	 t q[13]
Gate(16451)	 t q[14]
Gate(16452)	cx q[13], q[1]
Gate(16453)	cx q[14], q[13]
Gate(16454)	cx q[1], q[14]
Gate(16455)	tdg q[13]
Gate(16456)	cx q[1], q[13]
Gate(16457)	tdg q[1]
Gate(16458)	tdg q[13]
Gate(16459)	 t q[14]
Gate(16460)	cx q[14], q[13]
Gate(16461)	cx q[1], q[14]
Gate(16462)	cx q[13], q[1]
Gate(16463)	 h q[14]
Gate(16464)	 h q[0]
Gate(16465)	 t q[2]
Gate(16466)	 t q[14]
Gate(16467)	 t q[0]
Gate(16468)	cx q[14], q[2]
Gate(16469)	cx q[0], q[14]
Gate(16470)	cx q[2], q[0]
Gate(16471)	tdg q[14]
Gate(16472)	cx q[2], q[14]
Gate(16473)	tdg q[2]
Gate(16474)	tdg q[14]
Gate(16475)	 t q[0]
Gate(16476)	cx q[0], q[14]
Gate(16477)	cx q[2], q[0]
Gate(16478)	cx q[14], q[2]
Gate(16479)	 h q[0]
Gate(16480)	 h q[14]
Gate(16481)	 t q[1]
Gate(16482)	 t q[13]
Gate(16483)	 t q[14]
Gate(16484)	cx q[13], q[1]
Gate(16485)	cx q[14], q[13]
Gate(16486)	cx q[1], q[14]
Gate(16487)	tdg q[13]
Gate(16488)	cx q[1], q[13]
Gate(16489)	tdg q[1]
Gate(16490)	tdg q[13]
Gate(16491)	 t q[14]
Gate(16492)	cx q[14], q[13]
Gate(16493)	cx q[1], q[14]
Gate(16494)	cx q[13], q[1]
Gate(16495)	 h q[14]
Gate(16496)	 h q[13]
Gate(16497)	 t q[3]
Gate(16498)	 t q[12]
Gate(16499)	 t q[13]
Gate(16500)	cx q[12], q[3]
Gate(16501)	cx q[13], q[12]
Gate(16502)	cx q[3], q[13]
Gate(16503)	tdg q[12]
Gate(16504)	cx q[3], q[12]
Gate(16505)	tdg q[3]
Gate(16506)	tdg q[12]
Gate(16507)	 t q[13]
Gate(16508)	cx q[13], q[12]
Gate(16509)	cx q[3], q[13]
Gate(16510)	cx q[12], q[3]
Gate(16511)	 h q[13]
Gate(16512)	 h q[12]
Gate(16513)	 t q[4]
Gate(16514)	 t q[11]
Gate(16515)	 t q[12]
Gate(16516)	cx q[11], q[4]
Gate(16517)	cx q[12], q[11]
Gate(16518)	cx q[4], q[12]
Gate(16519)	tdg q[11]
Gate(16520)	cx q[4], q[11]
Gate(16521)	tdg q[4]
Gate(16522)	tdg q[11]
Gate(16523)	 t q[12]
Gate(16524)	cx q[12], q[11]
Gate(16525)	cx q[4], q[12]
Gate(16526)	cx q[11], q[4]
Gate(16527)	 h q[12]
Gate(16528)	 h q[11]
Gate(16529)	 t q[5]
Gate(16530)	 t q[10]
Gate(16531)	 t q[11]
Gate(16532)	cx q[10], q[5]
Gate(16533)	cx q[11], q[10]
Gate(16534)	cx q[5], q[11]
Gate(16535)	tdg q[10]
Gate(16536)	cx q[5], q[10]
Gate(16537)	tdg q[5]
Gate(16538)	tdg q[10]
Gate(16539)	 t q[11]
Gate(16540)	cx q[11], q[10]
Gate(16541)	cx q[5], q[11]
Gate(16542)	cx q[10], q[5]
Gate(16543)	 h q[11]
Gate(16544)	 h q[10]
Gate(16545)	 t q[6]
Gate(16546)	 t q[9]
Gate(16547)	 t q[10]
Gate(16548)	cx q[9], q[6]
Gate(16549)	cx q[10], q[9]
Gate(16550)	cx q[6], q[10]
Gate(16551)	tdg q[9]
Gate(16552)	cx q[6], q[9]
Gate(16553)	tdg q[6]
Gate(16554)	tdg q[9]
Gate(16555)	 t q[10]
Gate(16556)	cx q[10], q[9]
Gate(16557)	cx q[6], q[10]
Gate(16558)	cx q[9], q[6]
Gate(16559)	 h q[10]
Gate(16560)	 h q[9]
Gate(16561)	 t q[8]
Gate(16562)	 t q[7]
Gate(16563)	 t q[9]
Gate(16564)	cx q[7], q[8]
Gate(16565)	cx q[9], q[7]
Gate(16566)	cx q[8], q[9]
Gate(16567)	tdg q[7]
Gate(16568)	cx q[8], q[7]
Gate(16569)	tdg q[8]
Gate(16570)	tdg q[7]
Gate(16571)	 t q[9]
Gate(16572)	cx q[9], q[7]
Gate(16573)	cx q[8], q[9]
Gate(16574)	cx q[7], q[8]
Gate(16575)	 h q[9]
Gate(16576)	 h q[10]
Gate(16577)	 t q[6]
Gate(16578)	 t q[9]
Gate(16579)	 t q[10]
Gate(16580)	cx q[9], q[6]
Gate(16581)	cx q[10], q[9]
Gate(16582)	cx q[6], q[10]
Gate(16583)	tdg q[9]
Gate(16584)	cx q[6], q[9]
Gate(16585)	tdg q[6]
Gate(16586)	tdg q[9]
Gate(16587)	 t q[10]
Gate(16588)	cx q[10], q[9]
Gate(16589)	cx q[6], q[10]
Gate(16590)	cx q[9], q[6]
Gate(16591)	 h q[10]
Gate(16592)	 h q[11]
Gate(16593)	 t q[5]
Gate(16594)	 t q[10]
Gate(16595)	 t q[11]
Gate(16596)	cx q[10], q[5]
Gate(16597)	cx q[11], q[10]
Gate(16598)	cx q[5], q[11]
Gate(16599)	tdg q[10]
Gate(16600)	cx q[5], q[10]
Gate(16601)	tdg q[5]
Gate(16602)	tdg q[10]
Gate(16603)	 t q[11]
Gate(16604)	cx q[11], q[10]
Gate(16605)	cx q[5], q[11]
Gate(16606)	cx q[10], q[5]
Gate(16607)	 h q[11]
Gate(16608)	 h q[12]
Gate(16609)	 t q[4]
Gate(16610)	 t q[11]
Gate(16611)	 t q[12]
Gate(16612)	cx q[11], q[4]
Gate(16613)	cx q[12], q[11]
Gate(16614)	cx q[4], q[12]
Gate(16615)	tdg q[11]
Gate(16616)	cx q[4], q[11]
Gate(16617)	tdg q[4]
Gate(16618)	tdg q[11]
Gate(16619)	 t q[12]
Gate(16620)	cx q[12], q[11]
Gate(16621)	cx q[4], q[12]
Gate(16622)	cx q[11], q[4]
Gate(16623)	 h q[12]
Gate(16624)	 h q[13]
Gate(16625)	 t q[3]
Gate(16626)	 t q[12]
Gate(16627)	 t q[13]
Gate(16628)	cx q[12], q[3]
Gate(16629)	cx q[13], q[12]
Gate(16630)	cx q[3], q[13]
Gate(16631)	tdg q[12]
Gate(16632)	cx q[3], q[12]
Gate(16633)	tdg q[3]
Gate(16634)	tdg q[12]
Gate(16635)	 t q[13]
Gate(16636)	cx q[13], q[12]
Gate(16637)	cx q[3], q[13]
Gate(16638)	cx q[12], q[3]
Gate(16639)	 h q[13]
Gate(16640)	 h q[14]
Gate(16641)	 t q[1]
Gate(16642)	 t q[13]
Gate(16643)	 t q[14]
Gate(16644)	cx q[13], q[1]
Gate(16645)	cx q[14], q[13]
Gate(16646)	cx q[1], q[14]
Gate(16647)	tdg q[13]
Gate(16648)	cx q[1], q[13]
Gate(16649)	tdg q[1]
Gate(16650)	tdg q[13]
Gate(16651)	 t q[14]
Gate(16652)	cx q[14], q[13]
Gate(16653)	cx q[1], q[14]
Gate(16654)	cx q[13], q[1]
Gate(16655)	 h q[14]
Gate(16656)	 h q[1]
Gate(16657)	 t q[9]
Gate(16658)	 t q[8]
Gate(16659)	 t q[1]
Gate(16660)	cx q[8], q[9]
Gate(16661)	cx q[1], q[8]
Gate(16662)	cx q[9], q[1]
Gate(16663)	tdg q[8]
Gate(16664)	cx q[9], q[8]
Gate(16665)	tdg q[9]
Gate(16666)	tdg q[8]
Gate(16667)	 t q[1]
Gate(16668)	cx q[1], q[8]
Gate(16669)	cx q[9], q[1]
Gate(16670)	cx q[8], q[9]
Gate(16671)	 h q[1]
Gate(16672)	 h q[8]
Gate(16673)	 t q[10]
Gate(16674)	 t q[7]
Gate(16675)	 t q[8]
Gate(16676)	cx q[7], q[10]
Gate(16677)	cx q[8], q[7]
Gate(16678)	cx q[10], q[8]
Gate(16679)	tdg q[7]
Gate(16680)	cx q[10], q[7]
Gate(16681)	tdg q[10]
Gate(16682)	tdg q[7]
Gate(16683)	 t q[8]
Gate(16684)	cx q[8], q[7]
Gate(16685)	cx q[10], q[8]
Gate(16686)	cx q[7], q[10]
Gate(16687)	 h q[8]
Gate(16688)	 h q[7]
Gate(16689)	 t q[11]
Gate(16690)	 t q[6]
Gate(16691)	 t q[7]
Gate(16692)	cx q[6], q[11]
Gate(16693)	cx q[7], q[6]
Gate(16694)	cx q[11], q[7]
Gate(16695)	tdg q[6]
Gate(16696)	cx q[11], q[6]
Gate(16697)	tdg q[11]
Gate(16698)	tdg q[6]
Gate(16699)	 t q[7]
Gate(16700)	cx q[7], q[6]
Gate(16701)	cx q[11], q[7]
Gate(16702)	cx q[6], q[11]
Gate(16703)	 h q[7]
Gate(16704)	 h q[6]
Gate(16705)	 t q[12]
Gate(16706)	 t q[5]
Gate(16707)	 t q[6]
Gate(16708)	cx q[5], q[12]
Gate(16709)	cx q[6], q[5]
Gate(16710)	cx q[12], q[6]
Gate(16711)	tdg q[5]
Gate(16712)	cx q[12], q[5]
Gate(16713)	tdg q[12]
Gate(16714)	tdg q[5]
Gate(16715)	 t q[6]
Gate(16716)	cx q[6], q[5]
Gate(16717)	cx q[12], q[6]
Gate(16718)	cx q[5], q[12]
Gate(16719)	 h q[6]
Gate(16720)	 h q[5]
Gate(16721)	 t q[14]
Gate(16722)	 t q[13]
Gate(16723)	 t q[5]
Gate(16724)	cx q[13], q[14]
Gate(16725)	cx q[5], q[13]
Gate(16726)	cx q[14], q[5]
Gate(16727)	tdg q[13]
Gate(16728)	cx q[14], q[13]
Gate(16729)	tdg q[14]
Gate(16730)	tdg q[13]
Gate(16731)	 t q[5]
Gate(16732)	cx q[5], q[13]
Gate(16733)	cx q[14], q[5]
Gate(16734)	cx q[13], q[14]
Gate(16735)	 h q[5]
Gate(16736)	 h q[6]
Gate(16737)	 t q[12]
Gate(16738)	 t q[5]
Gate(16739)	 t q[6]
Gate(16740)	cx q[5], q[12]
Gate(16741)	cx q[6], q[5]
Gate(16742)	cx q[12], q[6]
Gate(16743)	tdg q[5]
Gate(16744)	cx q[12], q[5]
Gate(16745)	tdg q[12]
Gate(16746)	tdg q[5]
Gate(16747)	 t q[6]
Gate(16748)	cx q[6], q[5]
Gate(16749)	cx q[12], q[6]
Gate(16750)	cx q[5], q[12]
Gate(16751)	 h q[6]
Gate(16752)	 h q[7]
Gate(16753)	 t q[11]
Gate(16754)	 t q[6]
Gate(16755)	 t q[7]
Gate(16756)	cx q[6], q[11]
Gate(16757)	cx q[7], q[6]
Gate(16758)	cx q[11], q[7]
Gate(16759)	tdg q[6]
Gate(16760)	cx q[11], q[6]
Gate(16761)	tdg q[11]
Gate(16762)	tdg q[6]
Gate(16763)	 t q[7]
Gate(16764)	cx q[7], q[6]
Gate(16765)	cx q[11], q[7]
Gate(16766)	cx q[6], q[11]
Gate(16767)	 h q[7]
Gate(16768)	 h q[8]
Gate(16769)	 t q[10]
Gate(16770)	 t q[7]
Gate(16771)	 t q[8]
Gate(16772)	cx q[7], q[10]
Gate(16773)	cx q[8], q[7]
Gate(16774)	cx q[10], q[8]
Gate(16775)	tdg q[7]
Gate(16776)	cx q[10], q[7]
Gate(16777)	tdg q[10]
Gate(16778)	tdg q[7]
Gate(16779)	 t q[8]
Gate(16780)	cx q[8], q[7]
Gate(16781)	cx q[10], q[8]
Gate(16782)	cx q[7], q[10]
Gate(16783)	 h q[8]
Gate(16784)	 h q[1]
Gate(16785)	 t q[9]
Gate(16786)	 t q[8]
Gate(16787)	 t q[1]
Gate(16788)	cx q[8], q[9]
Gate(16789)	cx q[1], q[8]
Gate(16790)	cx q[9], q[1]
Gate(16791)	tdg q[8]
Gate(16792)	cx q[9], q[8]
Gate(16793)	tdg q[9]
Gate(16794)	tdg q[8]
Gate(16795)	 t q[1]
Gate(16796)	cx q[1], q[8]
Gate(16797)	cx q[9], q[1]
Gate(16798)	cx q[8], q[9]
Gate(16799)	 h q[1]
Gate(16800)	 h q[8]
Gate(16801)	 t q[10]
Gate(16802)	 t q[7]
Gate(16803)	 t q[8]
Gate(16804)	cx q[7], q[10]
Gate(16805)	cx q[8], q[7]
Gate(16806)	cx q[10], q[8]
Gate(16807)	tdg q[7]
Gate(16808)	cx q[10], q[7]
Gate(16809)	tdg q[10]
Gate(16810)	tdg q[7]
Gate(16811)	 t q[8]
Gate(16812)	cx q[8], q[7]
Gate(16813)	cx q[10], q[8]
Gate(16814)	cx q[7], q[10]
Gate(16815)	 h q[8]
Gate(16816)	 h q[7]
Gate(16817)	 t q[11]
Gate(16818)	 t q[6]
Gate(16819)	 t q[7]
Gate(16820)	cx q[6], q[11]
Gate(16821)	cx q[7], q[6]
Gate(16822)	cx q[11], q[7]
Gate(16823)	tdg q[6]
Gate(16824)	cx q[11], q[6]
Gate(16825)	tdg q[11]
Gate(16826)	tdg q[6]
Gate(16827)	 t q[7]
Gate(16828)	cx q[7], q[6]
Gate(16829)	cx q[11], q[7]
Gate(16830)	cx q[6], q[11]
Gate(16831)	 h q[7]
Gate(16832)	 h q[6]
Gate(16833)	 t q[12]
Gate(16834)	 t q[5]
Gate(16835)	 t q[6]
Gate(16836)	cx q[5], q[12]
Gate(16837)	cx q[6], q[5]
Gate(16838)	cx q[12], q[6]
Gate(16839)	tdg q[5]
Gate(16840)	cx q[12], q[5]
Gate(16841)	tdg q[12]
Gate(16842)	tdg q[5]
Gate(16843)	 t q[6]
Gate(16844)	cx q[6], q[5]
Gate(16845)	cx q[12], q[6]
Gate(16846)	cx q[5], q[12]
Gate(16847)	 h q[6]
Gate(16848)	 h q[5]
Gate(16849)	 t q[14]
Gate(16850)	 t q[13]
Gate(16851)	 t q[5]
Gate(16852)	cx q[13], q[14]
Gate(16853)	cx q[5], q[13]
Gate(16854)	cx q[14], q[5]
Gate(16855)	tdg q[13]
Gate(16856)	cx q[14], q[13]
Gate(16857)	tdg q[14]
Gate(16858)	tdg q[13]
Gate(16859)	 t q[5]
Gate(16860)	cx q[5], q[13]
Gate(16861)	cx q[14], q[5]
Gate(16862)	cx q[13], q[14]
Gate(16863)	 h q[5]
Gate(16864)	 h q[6]
Gate(16865)	 t q[12]
Gate(16866)	 t q[5]
Gate(16867)	 t q[6]
Gate(16868)	cx q[5], q[12]
Gate(16869)	cx q[6], q[5]
Gate(16870)	cx q[12], q[6]
Gate(16871)	tdg q[5]
Gate(16872)	cx q[12], q[5]
Gate(16873)	tdg q[12]
Gate(16874)	tdg q[5]
Gate(16875)	 t q[6]
Gate(16876)	cx q[6], q[5]
Gate(16877)	cx q[12], q[6]
Gate(16878)	cx q[5], q[12]
Gate(16879)	 h q[6]
Gate(16880)	 h q[7]
Gate(16881)	 t q[11]
Gate(16882)	 t q[6]
Gate(16883)	 t q[7]
Gate(16884)	cx q[6], q[11]
Gate(16885)	cx q[7], q[6]
Gate(16886)	cx q[11], q[7]
Gate(16887)	tdg q[6]
Gate(16888)	cx q[11], q[6]
Gate(16889)	tdg q[11]
Gate(16890)	tdg q[6]
Gate(16891)	 t q[7]
Gate(16892)	cx q[7], q[6]
Gate(16893)	cx q[11], q[7]
Gate(16894)	cx q[6], q[11]
Gate(16895)	 h q[7]
Gate(16896)	 h q[8]
Gate(16897)	 t q[10]
Gate(16898)	 t q[7]
Gate(16899)	 t q[8]
Gate(16900)	cx q[7], q[10]
Gate(16901)	cx q[8], q[7]
Gate(16902)	cx q[10], q[8]
Gate(16903)	tdg q[7]
Gate(16904)	cx q[10], q[7]
Gate(16905)	tdg q[10]
Gate(16906)	tdg q[7]
Gate(16907)	 t q[8]
Gate(16908)	cx q[8], q[7]
Gate(16909)	cx q[10], q[8]
Gate(16910)	cx q[7], q[10]
Gate(16911)	 h q[8]
Gate(16912)	 h q[0]
Gate(16913)	 t q[1]
Gate(16914)	 t q[14]
Gate(16915)	 t q[0]
Gate(16916)	cx q[14], q[1]
Gate(16917)	cx q[0], q[14]
Gate(16918)	cx q[1], q[0]
Gate(16919)	tdg q[14]
Gate(16920)	cx q[1], q[14]
Gate(16921)	tdg q[1]
Gate(16922)	tdg q[14]
Gate(16923)	 t q[0]
Gate(16924)	cx q[0], q[14]
Gate(16925)	cx q[1], q[0]
Gate(16926)	cx q[14], q[1]
Gate(16927)	 h q[0]
Gate(16928)	 h q[14]
Gate(16929)	 t q[2]
Gate(16930)	 t q[13]
Gate(16931)	 t q[14]
Gate(16932)	cx q[13], q[2]
Gate(16933)	cx q[14], q[13]
Gate(16934)	cx q[2], q[14]
Gate(16935)	tdg q[13]
Gate(16936)	cx q[2], q[13]
Gate(16937)	tdg q[2]
Gate(16938)	tdg q[13]
Gate(16939)	 t q[14]
Gate(16940)	cx q[14], q[13]
Gate(16941)	cx q[2], q[14]
Gate(16942)	cx q[13], q[2]
Gate(16943)	 h q[14]
Gate(16944)	 h q[13]
Gate(16945)	 t q[3]
Gate(16946)	 t q[12]
Gate(16947)	 t q[13]
Gate(16948)	cx q[12], q[3]
Gate(16949)	cx q[13], q[12]
Gate(16950)	cx q[3], q[13]
Gate(16951)	tdg q[12]
Gate(16952)	cx q[3], q[12]
Gate(16953)	tdg q[3]
Gate(16954)	tdg q[12]
Gate(16955)	 t q[13]
Gate(16956)	cx q[13], q[12]
Gate(16957)	cx q[3], q[13]
Gate(16958)	cx q[12], q[3]
Gate(16959)	 h q[13]
Gate(16960)	 h q[12]
Gate(16961)	 t q[4]
Gate(16962)	 t q[11]
Gate(16963)	 t q[12]
Gate(16964)	cx q[11], q[4]
Gate(16965)	cx q[12], q[11]
Gate(16966)	cx q[4], q[12]
Gate(16967)	tdg q[11]
Gate(16968)	cx q[4], q[11]
Gate(16969)	tdg q[4]
Gate(16970)	tdg q[11]
Gate(16971)	 t q[12]
Gate(16972)	cx q[12], q[11]
Gate(16973)	cx q[4], q[12]
Gate(16974)	cx q[11], q[4]
Gate(16975)	 h q[12]
Gate(16976)	 h q[11]
Gate(16977)	 t q[5]
Gate(16978)	 t q[10]
Gate(16979)	 t q[11]
Gate(16980)	cx q[10], q[5]
Gate(16981)	cx q[11], q[10]
Gate(16982)	cx q[5], q[11]
Gate(16983)	tdg q[10]
Gate(16984)	cx q[5], q[10]
Gate(16985)	tdg q[5]
Gate(16986)	tdg q[10]
Gate(16987)	 t q[11]
Gate(16988)	cx q[11], q[10]
Gate(16989)	cx q[5], q[11]
Gate(16990)	cx q[10], q[5]
Gate(16991)	 h q[11]
Gate(16992)	 h q[10]
Gate(16993)	 t q[6]
Gate(16994)	 t q[9]
Gate(16995)	 t q[10]
Gate(16996)	cx q[9], q[6]
Gate(16997)	cx q[10], q[9]
Gate(16998)	cx q[6], q[10]
Gate(16999)	tdg q[9]
Gate(17000)	cx q[6], q[9]
Gate(17001)	tdg q[6]
Gate(17002)	tdg q[9]
Gate(17003)	 t q[10]
Gate(17004)	cx q[10], q[9]
Gate(17005)	cx q[6], q[10]
Gate(17006)	cx q[9], q[6]
Gate(17007)	 h q[10]
Gate(17008)	 h q[9]
Gate(17009)	 t q[8]
Gate(17010)	 t q[7]
Gate(17011)	 t q[9]
Gate(17012)	cx q[7], q[8]
Gate(17013)	cx q[9], q[7]
Gate(17014)	cx q[8], q[9]
Gate(17015)	tdg q[7]
Gate(17016)	cx q[8], q[7]
Gate(17017)	tdg q[8]
Gate(17018)	tdg q[7]
Gate(17019)	 t q[9]
Gate(17020)	cx q[9], q[7]
Gate(17021)	cx q[8], q[9]
Gate(17022)	cx q[7], q[8]
Gate(17023)	 h q[9]
Gate(17024)	 h q[10]
Gate(17025)	 t q[6]
Gate(17026)	 t q[9]
Gate(17027)	 t q[10]
Gate(17028)	cx q[9], q[6]
Gate(17029)	cx q[10], q[9]
Gate(17030)	cx q[6], q[10]
Gate(17031)	tdg q[9]
Gate(17032)	cx q[6], q[9]
Gate(17033)	tdg q[6]
Gate(17034)	tdg q[9]
Gate(17035)	 t q[10]
Gate(17036)	cx q[10], q[9]
Gate(17037)	cx q[6], q[10]
Gate(17038)	cx q[9], q[6]
Gate(17039)	 h q[10]
Gate(17040)	 h q[11]
Gate(17041)	 t q[5]
Gate(17042)	 t q[10]
Gate(17043)	 t q[11]
Gate(17044)	cx q[10], q[5]
Gate(17045)	cx q[11], q[10]
Gate(17046)	cx q[5], q[11]
Gate(17047)	tdg q[10]
Gate(17048)	cx q[5], q[10]
Gate(17049)	tdg q[5]
Gate(17050)	tdg q[10]
Gate(17051)	 t q[11]
Gate(17052)	cx q[11], q[10]
Gate(17053)	cx q[5], q[11]
Gate(17054)	cx q[10], q[5]
Gate(17055)	 h q[11]
Gate(17056)	 h q[12]
Gate(17057)	 t q[4]
Gate(17058)	 t q[11]
Gate(17059)	 t q[12]
Gate(17060)	cx q[11], q[4]
Gate(17061)	cx q[12], q[11]
Gate(17062)	cx q[4], q[12]
Gate(17063)	tdg q[11]
Gate(17064)	cx q[4], q[11]
Gate(17065)	tdg q[4]
Gate(17066)	tdg q[11]
Gate(17067)	 t q[12]
Gate(17068)	cx q[12], q[11]
Gate(17069)	cx q[4], q[12]
Gate(17070)	cx q[11], q[4]
Gate(17071)	 h q[12]
Gate(17072)	 h q[13]
Gate(17073)	 t q[3]
Gate(17074)	 t q[12]
Gate(17075)	 t q[13]
Gate(17076)	cx q[12], q[3]
Gate(17077)	cx q[13], q[12]
Gate(17078)	cx q[3], q[13]
Gate(17079)	tdg q[12]
Gate(17080)	cx q[3], q[12]
Gate(17081)	tdg q[3]
Gate(17082)	tdg q[12]
Gate(17083)	 t q[13]
Gate(17084)	cx q[13], q[12]
Gate(17085)	cx q[3], q[13]
Gate(17086)	cx q[12], q[3]
Gate(17087)	 h q[13]
Gate(17088)	 h q[14]
Gate(17089)	 t q[2]
Gate(17090)	 t q[13]
Gate(17091)	 t q[14]
Gate(17092)	cx q[13], q[2]
Gate(17093)	cx q[14], q[13]
Gate(17094)	cx q[2], q[14]
Gate(17095)	tdg q[13]
Gate(17096)	cx q[2], q[13]
Gate(17097)	tdg q[2]
Gate(17098)	tdg q[13]
Gate(17099)	 t q[14]
Gate(17100)	cx q[14], q[13]
Gate(17101)	cx q[2], q[14]
Gate(17102)	cx q[13], q[2]
Gate(17103)	 h q[14]
Gate(17104)	 h q[0]
Gate(17105)	 t q[1]
Gate(17106)	 t q[14]
Gate(17107)	 t q[0]
Gate(17108)	cx q[14], q[1]
Gate(17109)	cx q[0], q[14]
Gate(17110)	cx q[1], q[0]
Gate(17111)	tdg q[14]
Gate(17112)	cx q[1], q[14]
Gate(17113)	tdg q[1]
Gate(17114)	tdg q[14]
Gate(17115)	 t q[0]
Gate(17116)	cx q[0], q[14]
Gate(17117)	cx q[1], q[0]
Gate(17118)	cx q[14], q[1]
Gate(17119)	 h q[0]
Gate(17120)	 h q[14]
Gate(17121)	 t q[2]
Gate(17122)	 t q[13]
Gate(17123)	 t q[14]
Gate(17124)	cx q[13], q[2]
Gate(17125)	cx q[14], q[13]
Gate(17126)	cx q[2], q[14]
Gate(17127)	tdg q[13]
Gate(17128)	cx q[2], q[13]
Gate(17129)	tdg q[2]
Gate(17130)	tdg q[13]
Gate(17131)	 t q[14]
Gate(17132)	cx q[14], q[13]
Gate(17133)	cx q[2], q[14]
Gate(17134)	cx q[13], q[2]
Gate(17135)	 h q[14]
Gate(17136)	 h q[13]
Gate(17137)	 t q[3]
Gate(17138)	 t q[12]
Gate(17139)	 t q[13]
Gate(17140)	cx q[12], q[3]
Gate(17141)	cx q[13], q[12]
Gate(17142)	cx q[3], q[13]
Gate(17143)	tdg q[12]
Gate(17144)	cx q[3], q[12]
Gate(17145)	tdg q[3]
Gate(17146)	tdg q[12]
Gate(17147)	 t q[13]
Gate(17148)	cx q[13], q[12]
Gate(17149)	cx q[3], q[13]
Gate(17150)	cx q[12], q[3]
Gate(17151)	 h q[13]
Gate(17152)	 h q[12]
Gate(17153)	 t q[4]
Gate(17154)	 t q[11]
Gate(17155)	 t q[12]
Gate(17156)	cx q[11], q[4]
Gate(17157)	cx q[12], q[11]
Gate(17158)	cx q[4], q[12]
Gate(17159)	tdg q[11]
Gate(17160)	cx q[4], q[11]
Gate(17161)	tdg q[4]
Gate(17162)	tdg q[11]
Gate(17163)	 t q[12]
Gate(17164)	cx q[12], q[11]
Gate(17165)	cx q[4], q[12]
Gate(17166)	cx q[11], q[4]
Gate(17167)	 h q[12]
Gate(17168)	 h q[11]
Gate(17169)	 t q[5]
Gate(17170)	 t q[10]
Gate(17171)	 t q[11]
Gate(17172)	cx q[10], q[5]
Gate(17173)	cx q[11], q[10]
Gate(17174)	cx q[5], q[11]
Gate(17175)	tdg q[10]
Gate(17176)	cx q[5], q[10]
Gate(17177)	tdg q[5]
Gate(17178)	tdg q[10]
Gate(17179)	 t q[11]
Gate(17180)	cx q[11], q[10]
Gate(17181)	cx q[5], q[11]
Gate(17182)	cx q[10], q[5]
Gate(17183)	 h q[11]
Gate(17184)	 h q[10]
Gate(17185)	 t q[6]
Gate(17186)	 t q[9]
Gate(17187)	 t q[10]
Gate(17188)	cx q[9], q[6]
Gate(17189)	cx q[10], q[9]
Gate(17190)	cx q[6], q[10]
Gate(17191)	tdg q[9]
Gate(17192)	cx q[6], q[9]
Gate(17193)	tdg q[6]
Gate(17194)	tdg q[9]
Gate(17195)	 t q[10]
Gate(17196)	cx q[10], q[9]
Gate(17197)	cx q[6], q[10]
Gate(17198)	cx q[9], q[6]
Gate(17199)	 h q[10]
Gate(17200)	 h q[9]
Gate(17201)	 t q[8]
Gate(17202)	 t q[7]
Gate(17203)	 t q[9]
Gate(17204)	cx q[7], q[8]
Gate(17205)	cx q[9], q[7]
Gate(17206)	cx q[8], q[9]
Gate(17207)	tdg q[7]
Gate(17208)	cx q[8], q[7]
Gate(17209)	tdg q[8]
Gate(17210)	tdg q[7]
Gate(17211)	 t q[9]
Gate(17212)	cx q[9], q[7]
Gate(17213)	cx q[8], q[9]
Gate(17214)	cx q[7], q[8]
Gate(17215)	 h q[9]
Gate(17216)	 h q[10]
Gate(17217)	 t q[6]
Gate(17218)	 t q[9]
Gate(17219)	 t q[10]
Gate(17220)	cx q[9], q[6]
Gate(17221)	cx q[10], q[9]
Gate(17222)	cx q[6], q[10]
Gate(17223)	tdg q[9]
Gate(17224)	cx q[6], q[9]
Gate(17225)	tdg q[6]
Gate(17226)	tdg q[9]
Gate(17227)	 t q[10]
Gate(17228)	cx q[10], q[9]
Gate(17229)	cx q[6], q[10]
Gate(17230)	cx q[9], q[6]
Gate(17231)	 h q[10]
Gate(17232)	 h q[11]
Gate(17233)	 t q[5]
Gate(17234)	 t q[10]
Gate(17235)	 t q[11]
Gate(17236)	cx q[10], q[5]
Gate(17237)	cx q[11], q[10]
Gate(17238)	cx q[5], q[11]
Gate(17239)	tdg q[10]
Gate(17240)	cx q[5], q[10]
Gate(17241)	tdg q[5]
Gate(17242)	tdg q[10]
Gate(17243)	 t q[11]
Gate(17244)	cx q[11], q[10]
Gate(17245)	cx q[5], q[11]
Gate(17246)	cx q[10], q[5]
Gate(17247)	 h q[11]
Gate(17248)	 h q[12]
Gate(17249)	 t q[4]
Gate(17250)	 t q[11]
Gate(17251)	 t q[12]
Gate(17252)	cx q[11], q[4]
Gate(17253)	cx q[12], q[11]
Gate(17254)	cx q[4], q[12]
Gate(17255)	tdg q[11]
Gate(17256)	cx q[4], q[11]
Gate(17257)	tdg q[4]
Gate(17258)	tdg q[11]
Gate(17259)	 t q[12]
Gate(17260)	cx q[12], q[11]
Gate(17261)	cx q[4], q[12]
Gate(17262)	cx q[11], q[4]
Gate(17263)	 h q[12]
Gate(17264)	 h q[13]
Gate(17265)	 t q[3]
Gate(17266)	 t q[12]
Gate(17267)	 t q[13]
Gate(17268)	cx q[12], q[3]
Gate(17269)	cx q[13], q[12]
Gate(17270)	cx q[3], q[13]
Gate(17271)	tdg q[12]
Gate(17272)	cx q[3], q[12]
Gate(17273)	tdg q[3]
Gate(17274)	tdg q[12]
Gate(17275)	 t q[13]
Gate(17276)	cx q[13], q[12]
Gate(17277)	cx q[3], q[13]
Gate(17278)	cx q[12], q[3]
Gate(17279)	 h q[13]
Gate(17280)	 h q[14]
Gate(17281)	 t q[2]
Gate(17282)	 t q[13]
Gate(17283)	 t q[14]
Gate(17284)	cx q[13], q[2]
Gate(17285)	cx q[14], q[13]
Gate(17286)	cx q[2], q[14]
Gate(17287)	tdg q[13]
Gate(17288)	cx q[2], q[13]
Gate(17289)	tdg q[2]
Gate(17290)	tdg q[13]
Gate(17291)	 t q[14]
Gate(17292)	cx q[14], q[13]
Gate(17293)	cx q[2], q[14]
Gate(17294)	cx q[13], q[2]
Gate(17295)	 h q[14]
Gate(17296)	 h q[1]
Gate(17297)	 t q[9]
Gate(17298)	 t q[8]
Gate(17299)	 t q[1]
Gate(17300)	cx q[8], q[9]
Gate(17301)	cx q[1], q[8]
Gate(17302)	cx q[9], q[1]
Gate(17303)	tdg q[8]
Gate(17304)	cx q[9], q[8]
Gate(17305)	tdg q[9]
Gate(17306)	tdg q[8]
Gate(17307)	 t q[1]
Gate(17308)	cx q[1], q[8]
Gate(17309)	cx q[9], q[1]
Gate(17310)	cx q[8], q[9]
Gate(17311)	 h q[1]
Gate(17312)	 h q[8]
Gate(17313)	 t q[10]
Gate(17314)	 t q[7]
Gate(17315)	 t q[8]
Gate(17316)	cx q[7], q[10]
Gate(17317)	cx q[8], q[7]
Gate(17318)	cx q[10], q[8]
Gate(17319)	tdg q[7]
Gate(17320)	cx q[10], q[7]
Gate(17321)	tdg q[10]
Gate(17322)	tdg q[7]
Gate(17323)	 t q[8]
Gate(17324)	cx q[8], q[7]
Gate(17325)	cx q[10], q[8]
Gate(17326)	cx q[7], q[10]
Gate(17327)	 h q[8]
Gate(17328)	 h q[7]
Gate(17329)	 t q[11]
Gate(17330)	 t q[6]
Gate(17331)	 t q[7]
Gate(17332)	cx q[6], q[11]
Gate(17333)	cx q[7], q[6]
Gate(17334)	cx q[11], q[7]
Gate(17335)	tdg q[6]
Gate(17336)	cx q[11], q[6]
Gate(17337)	tdg q[11]
Gate(17338)	tdg q[6]
Gate(17339)	 t q[7]
Gate(17340)	cx q[7], q[6]
Gate(17341)	cx q[11], q[7]
Gate(17342)	cx q[6], q[11]
Gate(17343)	 h q[7]
Gate(17344)	 h q[6]
Gate(17345)	 t q[12]
Gate(17346)	 t q[5]
Gate(17347)	 t q[6]
Gate(17348)	cx q[5], q[12]
Gate(17349)	cx q[6], q[5]
Gate(17350)	cx q[12], q[6]
Gate(17351)	tdg q[5]
Gate(17352)	cx q[12], q[5]
Gate(17353)	tdg q[12]
Gate(17354)	tdg q[5]
Gate(17355)	 t q[6]
Gate(17356)	cx q[6], q[5]
Gate(17357)	cx q[12], q[6]
Gate(17358)	cx q[5], q[12]
Gate(17359)	 h q[6]
Gate(17360)	 h q[5]
Gate(17361)	 t q[14]
Gate(17362)	 t q[13]
Gate(17363)	 t q[5]
Gate(17364)	cx q[13], q[14]
Gate(17365)	cx q[5], q[13]
Gate(17366)	cx q[14], q[5]
Gate(17367)	tdg q[13]
Gate(17368)	cx q[14], q[13]
Gate(17369)	tdg q[14]
Gate(17370)	tdg q[13]
Gate(17371)	 t q[5]
Gate(17372)	cx q[5], q[13]
Gate(17373)	cx q[14], q[5]
Gate(17374)	cx q[13], q[14]
Gate(17375)	 h q[5]
Gate(17376)	 h q[6]
Gate(17377)	 t q[12]
Gate(17378)	 t q[5]
Gate(17379)	 t q[6]
Gate(17380)	cx q[5], q[12]
Gate(17381)	cx q[6], q[5]
Gate(17382)	cx q[12], q[6]
Gate(17383)	tdg q[5]
Gate(17384)	cx q[12], q[5]
Gate(17385)	tdg q[12]
Gate(17386)	tdg q[5]
Gate(17387)	 t q[6]
Gate(17388)	cx q[6], q[5]
Gate(17389)	cx q[12], q[6]
Gate(17390)	cx q[5], q[12]
Gate(17391)	 h q[6]
Gate(17392)	 h q[7]
Gate(17393)	 t q[11]
Gate(17394)	 t q[6]
Gate(17395)	 t q[7]
Gate(17396)	cx q[6], q[11]
Gate(17397)	cx q[7], q[6]
Gate(17398)	cx q[11], q[7]
Gate(17399)	tdg q[6]
Gate(17400)	cx q[11], q[6]
Gate(17401)	tdg q[11]
Gate(17402)	tdg q[6]
Gate(17403)	 t q[7]
Gate(17404)	cx q[7], q[6]
Gate(17405)	cx q[11], q[7]
Gate(17406)	cx q[6], q[11]
Gate(17407)	 h q[7]
Gate(17408)	 h q[8]
Gate(17409)	 t q[10]
Gate(17410)	 t q[7]
Gate(17411)	 t q[8]
Gate(17412)	cx q[7], q[10]
Gate(17413)	cx q[8], q[7]
Gate(17414)	cx q[10], q[8]
Gate(17415)	tdg q[7]
Gate(17416)	cx q[10], q[7]
Gate(17417)	tdg q[10]
Gate(17418)	tdg q[7]
Gate(17419)	 t q[8]
Gate(17420)	cx q[8], q[7]
Gate(17421)	cx q[10], q[8]
Gate(17422)	cx q[7], q[10]
Gate(17423)	 h q[8]
Gate(17424)	 h q[1]
Gate(17425)	 t q[9]
Gate(17426)	 t q[8]
Gate(17427)	 t q[1]
Gate(17428)	cx q[8], q[9]
Gate(17429)	cx q[1], q[8]
Gate(17430)	cx q[9], q[1]
Gate(17431)	tdg q[8]
Gate(17432)	cx q[9], q[8]
Gate(17433)	tdg q[9]
Gate(17434)	tdg q[8]
Gate(17435)	 t q[1]
Gate(17436)	cx q[1], q[8]
Gate(17437)	cx q[9], q[1]
Gate(17438)	cx q[8], q[9]
Gate(17439)	 h q[1]
Gate(17440)	 h q[8]
Gate(17441)	 t q[10]
Gate(17442)	 t q[7]
Gate(17443)	 t q[8]
Gate(17444)	cx q[7], q[10]
Gate(17445)	cx q[8], q[7]
Gate(17446)	cx q[10], q[8]
Gate(17447)	tdg q[7]
Gate(17448)	cx q[10], q[7]
Gate(17449)	tdg q[10]
Gate(17450)	tdg q[7]
Gate(17451)	 t q[8]
Gate(17452)	cx q[8], q[7]
Gate(17453)	cx q[10], q[8]
Gate(17454)	cx q[7], q[10]
Gate(17455)	 h q[8]
Gate(17456)	 h q[7]
Gate(17457)	 t q[11]
Gate(17458)	 t q[6]
Gate(17459)	 t q[7]
Gate(17460)	cx q[6], q[11]
Gate(17461)	cx q[7], q[6]
Gate(17462)	cx q[11], q[7]
Gate(17463)	tdg q[6]
Gate(17464)	cx q[11], q[6]
Gate(17465)	tdg q[11]
Gate(17466)	tdg q[6]
Gate(17467)	 t q[7]
Gate(17468)	cx q[7], q[6]
Gate(17469)	cx q[11], q[7]
Gate(17470)	cx q[6], q[11]
Gate(17471)	 h q[7]
Gate(17472)	 h q[6]
Gate(17473)	 t q[12]
Gate(17474)	 t q[5]
Gate(17475)	 t q[6]
Gate(17476)	cx q[5], q[12]
Gate(17477)	cx q[6], q[5]
Gate(17478)	cx q[12], q[6]
Gate(17479)	tdg q[5]
Gate(17480)	cx q[12], q[5]
Gate(17481)	tdg q[12]
Gate(17482)	tdg q[5]
Gate(17483)	 t q[6]
Gate(17484)	cx q[6], q[5]
Gate(17485)	cx q[12], q[6]
Gate(17486)	cx q[5], q[12]
Gate(17487)	 h q[6]
Gate(17488)	 h q[5]
Gate(17489)	 t q[14]
Gate(17490)	 t q[13]
Gate(17491)	 t q[5]
Gate(17492)	cx q[13], q[14]
Gate(17493)	cx q[5], q[13]
Gate(17494)	cx q[14], q[5]
Gate(17495)	tdg q[13]
Gate(17496)	cx q[14], q[13]
Gate(17497)	tdg q[14]
Gate(17498)	tdg q[13]
Gate(17499)	 t q[5]
Gate(17500)	cx q[5], q[13]
Gate(17501)	cx q[14], q[5]
Gate(17502)	cx q[13], q[14]
Gate(17503)	 h q[5]
Gate(17504)	 h q[6]
Gate(17505)	 t q[12]
Gate(17506)	 t q[5]
Gate(17507)	 t q[6]
Gate(17508)	cx q[5], q[12]
Gate(17509)	cx q[6], q[5]
Gate(17510)	cx q[12], q[6]
Gate(17511)	tdg q[5]
Gate(17512)	cx q[12], q[5]
Gate(17513)	tdg q[12]
Gate(17514)	tdg q[5]
Gate(17515)	 t q[6]
Gate(17516)	cx q[6], q[5]
Gate(17517)	cx q[12], q[6]
Gate(17518)	cx q[5], q[12]
Gate(17519)	 h q[6]
Gate(17520)	 h q[7]
Gate(17521)	 t q[11]
Gate(17522)	 t q[6]
Gate(17523)	 t q[7]
Gate(17524)	cx q[6], q[11]
Gate(17525)	cx q[7], q[6]
Gate(17526)	cx q[11], q[7]
Gate(17527)	tdg q[6]
Gate(17528)	cx q[11], q[6]
Gate(17529)	tdg q[11]
Gate(17530)	tdg q[6]
Gate(17531)	 t q[7]
Gate(17532)	cx q[7], q[6]
Gate(17533)	cx q[11], q[7]
Gate(17534)	cx q[6], q[11]
Gate(17535)	 h q[7]
Gate(17536)	 h q[8]
Gate(17537)	 t q[10]
Gate(17538)	 t q[7]
Gate(17539)	 t q[8]
Gate(17540)	cx q[7], q[10]
Gate(17541)	cx q[8], q[7]
Gate(17542)	cx q[10], q[8]
Gate(17543)	tdg q[7]
Gate(17544)	cx q[10], q[7]
Gate(17545)	tdg q[10]
Gate(17546)	tdg q[7]
Gate(17547)	 t q[8]
Gate(17548)	cx q[8], q[7]
Gate(17549)	cx q[10], q[8]
Gate(17550)	cx q[7], q[10]
Gate(17551)	 h q[8]
Gate(17552)	 h q[0]
Gate(17553)	 t q[1]
Gate(17554)	 t q[14]
Gate(17555)	 t q[0]
Gate(17556)	cx q[14], q[1]
Gate(17557)	cx q[0], q[14]
Gate(17558)	cx q[1], q[0]
Gate(17559)	tdg q[14]
Gate(17560)	cx q[1], q[14]
Gate(17561)	tdg q[1]
Gate(17562)	tdg q[14]
Gate(17563)	 t q[0]
Gate(17564)	cx q[0], q[14]
Gate(17565)	cx q[1], q[0]
Gate(17566)	cx q[14], q[1]
Gate(17567)	 h q[0]
Gate(17568)	 h q[14]
Gate(17569)	 t q[2]
Gate(17570)	 t q[13]
Gate(17571)	 t q[14]
Gate(17572)	cx q[13], q[2]
Gate(17573)	cx q[14], q[13]
Gate(17574)	cx q[2], q[14]
Gate(17575)	tdg q[13]
Gate(17576)	cx q[2], q[13]
Gate(17577)	tdg q[2]
Gate(17578)	tdg q[13]
Gate(17579)	 t q[14]
Gate(17580)	cx q[14], q[13]
Gate(17581)	cx q[2], q[14]
Gate(17582)	cx q[13], q[2]
Gate(17583)	 h q[14]
Gate(17584)	 h q[13]
Gate(17585)	 t q[3]
Gate(17586)	 t q[12]
Gate(17587)	 t q[13]
Gate(17588)	cx q[12], q[3]
Gate(17589)	cx q[13], q[12]
Gate(17590)	cx q[3], q[13]
Gate(17591)	tdg q[12]
Gate(17592)	cx q[3], q[12]
Gate(17593)	tdg q[3]
Gate(17594)	tdg q[12]
Gate(17595)	 t q[13]
Gate(17596)	cx q[13], q[12]
Gate(17597)	cx q[3], q[13]
Gate(17598)	cx q[12], q[3]
Gate(17599)	 h q[13]
Gate(17600)	 h q[12]
Gate(17601)	 t q[4]
Gate(17602)	 t q[11]
Gate(17603)	 t q[12]
Gate(17604)	cx q[11], q[4]
Gate(17605)	cx q[12], q[11]
Gate(17606)	cx q[4], q[12]
Gate(17607)	tdg q[11]
Gate(17608)	cx q[4], q[11]
Gate(17609)	tdg q[4]
Gate(17610)	tdg q[11]
Gate(17611)	 t q[12]
Gate(17612)	cx q[12], q[11]
Gate(17613)	cx q[4], q[12]
Gate(17614)	cx q[11], q[4]
Gate(17615)	 h q[12]
Gate(17616)	 h q[11]
Gate(17617)	 t q[5]
Gate(17618)	 t q[10]
Gate(17619)	 t q[11]
Gate(17620)	cx q[10], q[5]
Gate(17621)	cx q[11], q[10]
Gate(17622)	cx q[5], q[11]
Gate(17623)	tdg q[10]
Gate(17624)	cx q[5], q[10]
Gate(17625)	tdg q[5]
Gate(17626)	tdg q[10]
Gate(17627)	 t q[11]
Gate(17628)	cx q[11], q[10]
Gate(17629)	cx q[5], q[11]
Gate(17630)	cx q[10], q[5]
Gate(17631)	 h q[11]
Gate(17632)	 h q[10]
Gate(17633)	 t q[6]
Gate(17634)	 t q[9]
Gate(17635)	 t q[10]
Gate(17636)	cx q[9], q[6]
Gate(17637)	cx q[10], q[9]
Gate(17638)	cx q[6], q[10]
Gate(17639)	tdg q[9]
Gate(17640)	cx q[6], q[9]
Gate(17641)	tdg q[6]
Gate(17642)	tdg q[9]
Gate(17643)	 t q[10]
Gate(17644)	cx q[10], q[9]
Gate(17645)	cx q[6], q[10]
Gate(17646)	cx q[9], q[6]
Gate(17647)	 h q[10]
Gate(17648)	 h q[9]
Gate(17649)	 t q[8]
Gate(17650)	 t q[7]
Gate(17651)	 t q[9]
Gate(17652)	cx q[7], q[8]
Gate(17653)	cx q[9], q[7]
Gate(17654)	cx q[8], q[9]
Gate(17655)	tdg q[7]
Gate(17656)	cx q[8], q[7]
Gate(17657)	tdg q[8]
Gate(17658)	tdg q[7]
Gate(17659)	 t q[9]
Gate(17660)	cx q[9], q[7]
Gate(17661)	cx q[8], q[9]
Gate(17662)	cx q[7], q[8]
Gate(17663)	 h q[9]
Gate(17664)	 h q[10]
Gate(17665)	 t q[6]
Gate(17666)	 t q[9]
Gate(17667)	 t q[10]
Gate(17668)	cx q[9], q[6]
Gate(17669)	cx q[10], q[9]
Gate(17670)	cx q[6], q[10]
Gate(17671)	tdg q[9]
Gate(17672)	cx q[6], q[9]
Gate(17673)	tdg q[6]
Gate(17674)	tdg q[9]
Gate(17675)	 t q[10]
Gate(17676)	cx q[10], q[9]
Gate(17677)	cx q[6], q[10]
Gate(17678)	cx q[9], q[6]
Gate(17679)	 h q[10]
Gate(17680)	 h q[11]
Gate(17681)	 t q[5]
Gate(17682)	 t q[10]
Gate(17683)	 t q[11]
Gate(17684)	cx q[10], q[5]
Gate(17685)	cx q[11], q[10]
Gate(17686)	cx q[5], q[11]
Gate(17687)	tdg q[10]
Gate(17688)	cx q[5], q[10]
Gate(17689)	tdg q[5]
Gate(17690)	tdg q[10]
Gate(17691)	 t q[11]
Gate(17692)	cx q[11], q[10]
Gate(17693)	cx q[5], q[11]
Gate(17694)	cx q[10], q[5]
Gate(17695)	 h q[11]
Gate(17696)	 h q[12]
Gate(17697)	 t q[4]
Gate(17698)	 t q[11]
Gate(17699)	 t q[12]
Gate(17700)	cx q[11], q[4]
Gate(17701)	cx q[12], q[11]
Gate(17702)	cx q[4], q[12]
Gate(17703)	tdg q[11]
Gate(17704)	cx q[4], q[11]
Gate(17705)	tdg q[4]
Gate(17706)	tdg q[11]
Gate(17707)	 t q[12]
Gate(17708)	cx q[12], q[11]
Gate(17709)	cx q[4], q[12]
Gate(17710)	cx q[11], q[4]
Gate(17711)	 h q[12]
Gate(17712)	 h q[13]
Gate(17713)	 t q[3]
Gate(17714)	 t q[12]
Gate(17715)	 t q[13]
Gate(17716)	cx q[12], q[3]
Gate(17717)	cx q[13], q[12]
Gate(17718)	cx q[3], q[13]
Gate(17719)	tdg q[12]
Gate(17720)	cx q[3], q[12]
Gate(17721)	tdg q[3]
Gate(17722)	tdg q[12]
Gate(17723)	 t q[13]
Gate(17724)	cx q[13], q[12]
Gate(17725)	cx q[3], q[13]
Gate(17726)	cx q[12], q[3]
Gate(17727)	 h q[13]
Gate(17728)	 h q[14]
Gate(17729)	 t q[2]
Gate(17730)	 t q[13]
Gate(17731)	 t q[14]
Gate(17732)	cx q[13], q[2]
Gate(17733)	cx q[14], q[13]
Gate(17734)	cx q[2], q[14]
Gate(17735)	tdg q[13]
Gate(17736)	cx q[2], q[13]
Gate(17737)	tdg q[2]
Gate(17738)	tdg q[13]
Gate(17739)	 t q[14]
Gate(17740)	cx q[14], q[13]
Gate(17741)	cx q[2], q[14]
Gate(17742)	cx q[13], q[2]
Gate(17743)	 h q[14]
Gate(17744)	 h q[0]
Gate(17745)	 t q[1]
Gate(17746)	 t q[14]
Gate(17747)	 t q[0]
Gate(17748)	cx q[14], q[1]
Gate(17749)	cx q[0], q[14]
Gate(17750)	cx q[1], q[0]
Gate(17751)	tdg q[14]
Gate(17752)	cx q[1], q[14]
Gate(17753)	tdg q[1]
Gate(17754)	tdg q[14]
Gate(17755)	 t q[0]
Gate(17756)	cx q[0], q[14]
Gate(17757)	cx q[1], q[0]
Gate(17758)	cx q[14], q[1]
Gate(17759)	 h q[0]
Gate(17760)	 h q[14]
Gate(17761)	 t q[2]
Gate(17762)	 t q[13]
Gate(17763)	 t q[14]
Gate(17764)	cx q[13], q[2]
Gate(17765)	cx q[14], q[13]
Gate(17766)	cx q[2], q[14]
Gate(17767)	tdg q[13]
Gate(17768)	cx q[2], q[13]
Gate(17769)	tdg q[2]
Gate(17770)	tdg q[13]
Gate(17771)	 t q[14]
Gate(17772)	cx q[14], q[13]
Gate(17773)	cx q[2], q[14]
Gate(17774)	cx q[13], q[2]
Gate(17775)	 h q[14]
Gate(17776)	 h q[13]
Gate(17777)	 t q[3]
Gate(17778)	 t q[12]
Gate(17779)	 t q[13]
Gate(17780)	cx q[12], q[3]
Gate(17781)	cx q[13], q[12]
Gate(17782)	cx q[3], q[13]
Gate(17783)	tdg q[12]
Gate(17784)	cx q[3], q[12]
Gate(17785)	tdg q[3]
Gate(17786)	tdg q[12]
Gate(17787)	 t q[13]
Gate(17788)	cx q[13], q[12]
Gate(17789)	cx q[3], q[13]
Gate(17790)	cx q[12], q[3]
Gate(17791)	 h q[13]
Gate(17792)	 h q[12]
Gate(17793)	 t q[4]
Gate(17794)	 t q[11]
Gate(17795)	 t q[12]
Gate(17796)	cx q[11], q[4]
Gate(17797)	cx q[12], q[11]
Gate(17798)	cx q[4], q[12]
Gate(17799)	tdg q[11]
Gate(17800)	cx q[4], q[11]
Gate(17801)	tdg q[4]
Gate(17802)	tdg q[11]
Gate(17803)	 t q[12]
Gate(17804)	cx q[12], q[11]
Gate(17805)	cx q[4], q[12]
Gate(17806)	cx q[11], q[4]
Gate(17807)	 h q[12]
Gate(17808)	 h q[11]
Gate(17809)	 t q[5]
Gate(17810)	 t q[10]
Gate(17811)	 t q[11]
Gate(17812)	cx q[10], q[5]
Gate(17813)	cx q[11], q[10]
Gate(17814)	cx q[5], q[11]
Gate(17815)	tdg q[10]
Gate(17816)	cx q[5], q[10]
Gate(17817)	tdg q[5]
Gate(17818)	tdg q[10]
Gate(17819)	 t q[11]
Gate(17820)	cx q[11], q[10]
Gate(17821)	cx q[5], q[11]
Gate(17822)	cx q[10], q[5]
Gate(17823)	 h q[11]
Gate(17824)	 h q[10]
Gate(17825)	 t q[6]
Gate(17826)	 t q[9]
Gate(17827)	 t q[10]
Gate(17828)	cx q[9], q[6]
Gate(17829)	cx q[10], q[9]
Gate(17830)	cx q[6], q[10]
Gate(17831)	tdg q[9]
Gate(17832)	cx q[6], q[9]
Gate(17833)	tdg q[6]
Gate(17834)	tdg q[9]
Gate(17835)	 t q[10]
Gate(17836)	cx q[10], q[9]
Gate(17837)	cx q[6], q[10]
Gate(17838)	cx q[9], q[6]
Gate(17839)	 h q[10]
Gate(17840)	 h q[9]
Gate(17841)	 t q[8]
Gate(17842)	 t q[7]
Gate(17843)	 t q[9]
Gate(17844)	cx q[7], q[8]
Gate(17845)	cx q[9], q[7]
Gate(17846)	cx q[8], q[9]
Gate(17847)	tdg q[7]
Gate(17848)	cx q[8], q[7]
Gate(17849)	tdg q[8]
Gate(17850)	tdg q[7]
Gate(17851)	 t q[9]
Gate(17852)	cx q[9], q[7]
Gate(17853)	cx q[8], q[9]
Gate(17854)	cx q[7], q[8]
Gate(17855)	 h q[9]
Gate(17856)	 h q[10]
Gate(17857)	 t q[6]
Gate(17858)	 t q[9]
Gate(17859)	 t q[10]
Gate(17860)	cx q[9], q[6]
Gate(17861)	cx q[10], q[9]
Gate(17862)	cx q[6], q[10]
Gate(17863)	tdg q[9]
Gate(17864)	cx q[6], q[9]
Gate(17865)	tdg q[6]
Gate(17866)	tdg q[9]
Gate(17867)	 t q[10]
Gate(17868)	cx q[10], q[9]
Gate(17869)	cx q[6], q[10]
Gate(17870)	cx q[9], q[6]
Gate(17871)	 h q[10]
Gate(17872)	 h q[11]
Gate(17873)	 t q[5]
Gate(17874)	 t q[10]
Gate(17875)	 t q[11]
Gate(17876)	cx q[10], q[5]
Gate(17877)	cx q[11], q[10]
Gate(17878)	cx q[5], q[11]
Gate(17879)	tdg q[10]
Gate(17880)	cx q[5], q[10]
Gate(17881)	tdg q[5]
Gate(17882)	tdg q[10]
Gate(17883)	 t q[11]
Gate(17884)	cx q[11], q[10]
Gate(17885)	cx q[5], q[11]
Gate(17886)	cx q[10], q[5]
Gate(17887)	 h q[11]
Gate(17888)	 h q[12]
Gate(17889)	 t q[4]
Gate(17890)	 t q[11]
Gate(17891)	 t q[12]
Gate(17892)	cx q[11], q[4]
Gate(17893)	cx q[12], q[11]
Gate(17894)	cx q[4], q[12]
Gate(17895)	tdg q[11]
Gate(17896)	cx q[4], q[11]
Gate(17897)	tdg q[4]
Gate(17898)	tdg q[11]
Gate(17899)	 t q[12]
Gate(17900)	cx q[12], q[11]
Gate(17901)	cx q[4], q[12]
Gate(17902)	cx q[11], q[4]
Gate(17903)	 h q[12]
Gate(17904)	 h q[13]
Gate(17905)	 t q[3]
Gate(17906)	 t q[12]
Gate(17907)	 t q[13]
Gate(17908)	cx q[12], q[3]
Gate(17909)	cx q[13], q[12]
Gate(17910)	cx q[3], q[13]
Gate(17911)	tdg q[12]
Gate(17912)	cx q[3], q[12]
Gate(17913)	tdg q[3]
Gate(17914)	tdg q[12]
Gate(17915)	 t q[13]
Gate(17916)	cx q[13], q[12]
Gate(17917)	cx q[3], q[13]
Gate(17918)	cx q[12], q[3]
Gate(17919)	 h q[13]
Gate(17920)	 h q[14]
Gate(17921)	 t q[2]
Gate(17922)	 t q[13]
Gate(17923)	 t q[14]
Gate(17924)	cx q[13], q[2]
Gate(17925)	cx q[14], q[13]
Gate(17926)	cx q[2], q[14]
Gate(17927)	tdg q[13]
Gate(17928)	cx q[2], q[13]
Gate(17929)	tdg q[2]
Gate(17930)	tdg q[13]
Gate(17931)	 t q[14]
Gate(17932)	cx q[14], q[13]
Gate(17933)	cx q[2], q[14]
Gate(17934)	cx q[13], q[2]
Gate(17935)	 h q[14]

*** Option ***
Input file  : ../example/co14_215.qasm
Output file : ../output/co14_215.qasm

Generating Multi-QPU Architecture: 3 QPUs, each with 9 qubits

Skipping complex QPU Degree Graph (Using simple Star Topology meta-info)

=== Multi-QPU Interconnect Edges ===
initial_mapping

================ Interaction Graph ================
[Nodes]
  Node 0 (weight=1): edges -> 16 17 40 47 53 56 58 59 62 66 69 73 77 81 
  Node 1 (weight=1): edges -> 18 19 37 79 80 81 
  Node 2 (weight=1): edges -> 20 22 42 74 75 76 77 
  Node 3 (weight=1): edges -> 23 25 48 70 71 72 73 78 
  Node 4 (weight=1): edges -> 9 10 13 14 26 28 36 63 67 69 
  Node 5 (weight=1): edges -> 6 7 10 11 29 31 45 60 65 66 68 
  Node 6 (weight=1): edges -> 3 4 7 8 32 44 61 62 63 64 
  Node 7 (weight=1): edges -> 0 1 4 5 33 38 43 50 59 60 
  Node 8 (weight=1): edges -> 0 2 29 30 32 34 39 49 51 58 67 70 74 79 
  Node 9 (weight=1): edges -> 3 5 26 27 30 31 46 47 57 71 75 80 
  Node 10 (weight=1): edges -> 6 8 23 24 27 28 43 49 54 55 56 
  Node 11 (weight=1): edges -> 9 11 20 21 24 25 41 44 50 51 52 53 57 
  Node 12 (weight=1): edges -> 12 13 18 21 22 35 38 39 40 45 48 54 64 
  Node 13 (weight=1): edges -> 12 14 15 16 19 33 34 41 42 68 78 
  Node 14 (weight=1): edges -> 1 2 15 17 35 36 37 46 52 55 61 65 72 76 

[Edges]
  Edge 0 : q8 -- q7  weight=22.2527
  Edge 1 : q7 -- q14  weight=12.5678
  Edge 2 : q14 -- q8  weight=12.5677
  Edge 3 : q9 -- q6  weight=23.328
  Edge 4 : q6 -- q7  weight=14.3087
  Edge 5 : q7 -- q9  weight=13.0143
  Edge 6 : q10 -- q5  weight=21.4088
  Edge 7 : q5 -- q6  weight=12.5236
  Edge 8 : q6 -- q10  weight=12.3552
  Edge 9 : q11 -- q4  weight=20.2571
  Edge 10 : q4 -- q5  weight=12.1831
  Edge 11 : q5 -- q11  weight=12.1025
  Edge 12 : q13 -- q12  weight=8.75299
  Edge 13 : q12 -- q4  weight=4.86899
  Edge 14 : q4 -- q13  weight=4.48156
  Edge 15 : q14 -- q13  weight=0.395776
  Edge 16 : q13 -- q0  weight=0.222937
  Edge 17 : q0 -- q14  weight=0.200645
  Edge 18 : q1 -- q12  weight=0.357938
  Edge 19 : q13 -- q1  weight=0.188717
  Edge 20 : q2 -- q11  weight=0.284952
  Edge 21 : q11 -- q12  weight=0.163982
  Edge 22 : q12 -- q2  weight=0.163981
  Edge 23 : q3 -- q10  weight=0.252571
  Edge 24 : q10 -- q11  weight=0.15099
  Edge 25 : q11 -- q3  weight=0.135893
  Edge 26 : q4 -- q9  weight=0.231444
  Edge 27 : q9 -- q10  weight=0.1325
  Edge 28 : q10 -- q4  weight=0.1325
  Edge 29 : q5 -- q8  weight=0.21893
  Edge 30 : q8 -- q9  weight=0.130577
  Edge 31 : q9 -- q5  weight=0.130577
  Edge 32 : q6 -- q8  weight=0.0510009
  Edge 33 : q7 -- q13  weight=3.56741e-08
  Edge 34 : q13 -- q8  weight=3.48826e-08
  Edge 35 : q14 -- q12  weight=2.48229e-08
  Edge 36 : q4 -- q14  weight=1.35141e-08
  Edge 37 : q14 -- q1  weight=5.23794e-10
  Edge 38 : q7 -- q12  weight=1.07575e-16
  Edge 39 : q12 -- q8  weight=9.90154e-17
  Edge 40 : q0 -- q12  weight=1.71745e-18
  Edge 41 : q11 -- q13  weight=1.40362e-18
  Edge 42 : q13 -- q2  weight=1.29095e-18
  Edge 43 : q7 -- q10  weight=3.0919e-25
  Edge 44 : q6 -- q11  weight=2.93531e-25
  Edge 45 : q5 -- q12  weight=2.87528e-25
  Edge 46 : q9 -- q14  weight=9.40275e-27
  Edge 47 : q0 -- q9  weight=4.76688e-27
  Edge 48 : q12 -- q3  weight=3.2285e-27
  Edge 49 : q8 -- q10  weight=3.10222e-27
  Edge 50 : q7 -- q11  weight=8.47537e-34
  Edge 51 : q11 -- q8  weight=8.28732e-34
  Edge 52 : q11 -- q14  weight=2.60978e-35
  Edge 53 : q0 -- q11  weight=1.47007e-35
  Edge 54 : q10 -- q12  weight=9.95653e-36
  Edge 55 : q10 -- q14  weight=8.04836e-44
  Edge 56 : q0 -- q10  weight=4.08028e-44
  Edge 57 : q9 -- q11  weight=2.69449e-44
  Edge 58 : q0 -- q8  weight=1.1325e-52
  Edge 59 : q0 -- q7  weight=3.49255e-61
  Edge 60 : q5 -- q7  weight=5.96919e-68
  Edge 61 : q6 -- q14  weight=1.91211e-69
  Edge 62 : q0 -- q6  weight=9.69384e-70
  Edge 63 : q4 -- q6  weight=1.6337e-76
  Edge 64 : q6 -- q12  weight=1.62289e-76
  Edge 65 : q5 -- q14  weight=5.3072e-78
  Edge 66 : q0 -- q5  weight=2.69057e-78
  Edge 67 : q8 -- q4  weight=4.78376e-85
  Edge 68 : q13 -- q5  weight=1.81221e-85
  Edge 69 : q0 -- q4  weight=8.2975e-87
  Edge 70 : q8 -- q3  weight=1.44254e-93
  Edge 71 : q3 -- q9  weight=1.32776e-93
  Edge 72 : q3 -- q14  weight=4.54274e-95
  Edge 73 : q0 -- q3  weight=2.30304e-95
  Edge 74 : q8 -- q2  weight=4.00388e-102
  Edge 75 : q2 -- q9  weight=4.00385e-102
  Edge 76 : q2 -- q14  weight=1.26087e-103
  Edge 77 : q0 -- q2  weight=6.3922e-104
  Edge 78 : q13 -- q3  weight=5.22414e-104
  Edge 79 : q8 -- q1  weight=1.13651e-110
  Edge 80 : q1 -- q9  weight=1.1113e-110
  Edge 81 : q0 -- q1  weight=1.9713e-112
===================================================


[METIS] Partitioning complete
Total Sum of Weight: 32

===== InteractionGraph Subsets Complete =====

===== Building inter_Sub_edge (Cross-Sub Edges) =====

========== Cross-Subgraph Weighted Sums (Sorted) ==========

===== MATCHING START =====
[MATCH] Sub0 -> QPU0
[MATCH] Sub1 -> QPU1
[MATCH] Sub2 -> QPU2

===== MATCHING DONE =====

===================== initial_mapping END =====================
[START] main_mapping - 빈 칸 활용 및 고립 방지 통합 버전
[END] main_mapping 완료. 추가된 SWAP 개수: 1840
*** Final Circuit ***
# add_2q_num: 1840
# fidelity: 0

*** Time & Memory Measure ***
tasks                          Wtime      Ctime
PARSING                        0.950      0.072
GENERATE MULTI-QPU             0.954      0.075
INITIAL MAPPING                0.974      0.095
MAIN MAPPING                   1.005      0.127
END PROGRAM                    1.020      0.142

----------------------------------------
### VmPeak         FDSize:	64
### Memory Usage           : 16.6094 MB
