
================================================================
         Multi-QPU Mapping by Ajou University QCSS Lab          
================================================================
Gate(    0)	 h q[0]
Gate(    1)	 t q[4]
Gate(    2)	 t q[11]
Gate(    3)	 t q[0]
Gate(    4)	cx q[11], q[4]
Gate(    5)	cx q[0], q[11]
Gate(    6)	cx q[4], q[0]
Gate(    7)	tdg q[11]
Gate(    8)	cx q[4], q[11]
Gate(    9)	tdg q[4]
Gate(   10)	tdg q[11]
Gate(   11)	 t q[0]
Gate(   12)	cx q[0], q[11]
Gate(   13)	cx q[4], q[0]
Gate(   14)	cx q[11], q[4]
Gate(   15)	 h q[0]
Gate(   16)	 h q[11]
Gate(   17)	 t q[3]
Gate(   18)	 t q[10]
Gate(   19)	 t q[11]
Gate(   20)	cx q[10], q[3]
Gate(   21)	cx q[11], q[10]
Gate(   22)	cx q[3], q[11]
Gate(   23)	tdg q[10]
Gate(   24)	cx q[3], q[10]
Gate(   25)	tdg q[3]
Gate(   26)	tdg q[10]
Gate(   27)	 t q[11]
Gate(   28)	cx q[11], q[10]
Gate(   29)	cx q[3], q[11]
Gate(   30)	cx q[10], q[3]
Gate(   31)	 h q[11]
Gate(   32)	 h q[10]
Gate(   33)	 t q[1]
Gate(   34)	 t q[2]
Gate(   35)	 t q[10]
Gate(   36)	cx q[2], q[1]
Gate(   37)	cx q[10], q[2]
Gate(   38)	cx q[1], q[10]
Gate(   39)	tdg q[2]
Gate(   40)	cx q[1], q[2]
Gate(   41)	tdg q[1]
Gate(   42)	tdg q[2]
Gate(   43)	 t q[10]
Gate(   44)	cx q[10], q[2]
Gate(   45)	cx q[1], q[10]
Gate(   46)	cx q[2], q[1]
Gate(   47)	 h q[10]
Gate(   48)	 h q[11]
Gate(   49)	 t q[3]
Gate(   50)	 t q[10]
Gate(   51)	 t q[11]
Gate(   52)	cx q[10], q[3]
Gate(   53)	cx q[11], q[10]
Gate(   54)	cx q[3], q[11]
Gate(   55)	tdg q[10]
Gate(   56)	cx q[3], q[10]
Gate(   57)	tdg q[3]
Gate(   58)	tdg q[10]
Gate(   59)	 t q[11]
Gate(   60)	cx q[11], q[10]
Gate(   61)	cx q[3], q[11]
Gate(   62)	cx q[10], q[3]
Gate(   63)	 h q[11]
Gate(   64)	 h q[0]
Gate(   65)	 t q[4]
Gate(   66)	 t q[11]
Gate(   67)	 t q[0]
Gate(   68)	cx q[11], q[4]
Gate(   69)	cx q[0], q[11]
Gate(   70)	cx q[4], q[0]
Gate(   71)	tdg q[11]
Gate(   72)	cx q[4], q[11]
Gate(   73)	tdg q[4]
Gate(   74)	tdg q[11]
Gate(   75)	 t q[0]
Gate(   76)	cx q[0], q[11]
Gate(   77)	cx q[4], q[0]
Gate(   78)	cx q[11], q[4]
Gate(   79)	 h q[0]
Gate(   80)	 h q[11]
Gate(   81)	 t q[3]
Gate(   82)	 t q[10]
Gate(   83)	 t q[11]
Gate(   84)	cx q[10], q[3]
Gate(   85)	cx q[11], q[10]
Gate(   86)	cx q[3], q[11]
Gate(   87)	tdg q[10]
Gate(   88)	cx q[3], q[10]
Gate(   89)	tdg q[3]
Gate(   90)	tdg q[10]
Gate(   91)	 t q[11]
Gate(   92)	cx q[11], q[10]
Gate(   93)	cx q[3], q[11]
Gate(   94)	cx q[10], q[3]
Gate(   95)	 h q[11]
Gate(   96)	 h q[10]
Gate(   97)	 t q[1]
Gate(   98)	 t q[2]
Gate(   99)	 t q[10]
Gate(  100)	cx q[2], q[1]
Gate(  101)	cx q[10], q[2]
Gate(  102)	cx q[1], q[10]
Gate(  103)	tdg q[2]
Gate(  104)	cx q[1], q[2]
Gate(  105)	tdg q[1]
Gate(  106)	tdg q[2]
Gate(  107)	 t q[10]
Gate(  108)	cx q[10], q[2]
Gate(  109)	cx q[1], q[10]
Gate(  110)	cx q[2], q[1]
Gate(  111)	 h q[10]
Gate(  112)	 h q[11]
Gate(  113)	 t q[3]
Gate(  114)	 t q[10]
Gate(  115)	 t q[11]
Gate(  116)	cx q[10], q[3]
Gate(  117)	cx q[11], q[10]
Gate(  118)	cx q[3], q[11]
Gate(  119)	tdg q[10]
Gate(  120)	cx q[3], q[10]
Gate(  121)	tdg q[3]
Gate(  122)	tdg q[10]
Gate(  123)	 t q[11]
Gate(  124)	cx q[11], q[10]
Gate(  125)	cx q[3], q[11]
Gate(  126)	cx q[10], q[3]
Gate(  127)	 h q[11]
Gate(  128)	 h q[9]
Gate(  129)	 t q[0]
Gate(  130)	 t q[10]
Gate(  131)	 t q[9]
Gate(  132)	cx q[10], q[0]
Gate(  133)	cx q[9], q[10]
Gate(  134)	cx q[0], q[9]
Gate(  135)	tdg q[10]
Gate(  136)	cx q[0], q[10]
Gate(  137)	tdg q[0]
Gate(  138)	tdg q[10]
Gate(  139)	 t q[9]
Gate(  140)	cx q[9], q[10]
Gate(  141)	cx q[0], q[9]
Gate(  142)	cx q[10], q[0]
Gate(  143)	 h q[9]
Gate(  144)	 h q[10]
Gate(  145)	 t q[11]
Gate(  146)	 t q[4]
Gate(  147)	 t q[10]
Gate(  148)	cx q[4], q[11]
Gate(  149)	cx q[10], q[4]
Gate(  150)	cx q[11], q[10]
Gate(  151)	tdg q[4]
Gate(  152)	cx q[11], q[4]
Gate(  153)	tdg q[11]
Gate(  154)	tdg q[4]
Gate(  155)	 t q[10]
Gate(  156)	cx q[10], q[4]
Gate(  157)	cx q[11], q[10]
Gate(  158)	cx q[4], q[11]
Gate(  159)	 h q[10]
Gate(  160)	 h q[4]
Gate(  161)	 t q[8]
Gate(  162)	 t q[3]
Gate(  163)	 t q[4]
Gate(  164)	cx q[3], q[8]
Gate(  165)	cx q[4], q[3]
Gate(  166)	cx q[8], q[4]
Gate(  167)	tdg q[3]
Gate(  168)	cx q[8], q[3]
Gate(  169)	tdg q[8]
Gate(  170)	tdg q[3]
Gate(  171)	 t q[4]
Gate(  172)	cx q[4], q[3]
Gate(  173)	cx q[8], q[4]
Gate(  174)	cx q[3], q[8]
Gate(  175)	 h q[4]
Gate(  176)	 h q[3]
Gate(  177)	 t q[7]
Gate(  178)	 t q[2]
Gate(  179)	 t q[3]
Gate(  180)	cx q[2], q[7]
Gate(  181)	cx q[3], q[2]
Gate(  182)	cx q[7], q[3]
Gate(  183)	tdg q[2]
Gate(  184)	cx q[7], q[2]
Gate(  185)	tdg q[7]
Gate(  186)	tdg q[2]
Gate(  187)	 t q[3]
Gate(  188)	cx q[3], q[2]
Gate(  189)	cx q[7], q[3]
Gate(  190)	cx q[2], q[7]
Gate(  191)	 h q[3]
Gate(  192)	 h q[2]
Gate(  193)	 t q[5]
Gate(  194)	 t q[6]
Gate(  195)	 t q[2]
Gate(  196)	cx q[6], q[5]
Gate(  197)	cx q[2], q[6]
Gate(  198)	cx q[5], q[2]
Gate(  199)	tdg q[6]
Gate(  200)	cx q[5], q[6]
Gate(  201)	tdg q[5]
Gate(  202)	tdg q[6]
Gate(  203)	 t q[2]
Gate(  204)	cx q[2], q[6]
Gate(  205)	cx q[5], q[2]
Gate(  206)	cx q[6], q[5]
Gate(  207)	 h q[2]
Gate(  208)	 h q[3]
Gate(  209)	 t q[7]
Gate(  210)	 t q[2]
Gate(  211)	 t q[3]
Gate(  212)	cx q[2], q[7]
Gate(  213)	cx q[3], q[2]
Gate(  214)	cx q[7], q[3]
Gate(  215)	tdg q[2]
Gate(  216)	cx q[7], q[2]
Gate(  217)	tdg q[7]
Gate(  218)	tdg q[2]
Gate(  219)	 t q[3]
Gate(  220)	cx q[3], q[2]
Gate(  221)	cx q[7], q[3]
Gate(  222)	cx q[2], q[7]
Gate(  223)	 h q[3]
Gate(  224)	 h q[4]
Gate(  225)	 t q[8]
Gate(  226)	 t q[3]
Gate(  227)	 t q[4]
Gate(  228)	cx q[3], q[8]
Gate(  229)	cx q[4], q[3]
Gate(  230)	cx q[8], q[4]
Gate(  231)	tdg q[3]
Gate(  232)	cx q[8], q[3]
Gate(  233)	tdg q[8]
Gate(  234)	tdg q[3]
Gate(  235)	 t q[4]
Gate(  236)	cx q[4], q[3]
Gate(  237)	cx q[8], q[4]
Gate(  238)	cx q[3], q[8]
Gate(  239)	 h q[4]
Gate(  240)	 h q[10]
Gate(  241)	 t q[11]
Gate(  242)	 t q[4]
Gate(  243)	 t q[10]
Gate(  244)	cx q[4], q[11]
Gate(  245)	cx q[10], q[4]
Gate(  246)	cx q[11], q[10]
Gate(  247)	tdg q[4]
Gate(  248)	cx q[11], q[4]
Gate(  249)	tdg q[11]
Gate(  250)	tdg q[4]
Gate(  251)	 t q[10]
Gate(  252)	cx q[10], q[4]
Gate(  253)	cx q[11], q[10]
Gate(  254)	cx q[4], q[11]
Gate(  255)	 h q[10]
Gate(  256)	 h q[9]
Gate(  257)	 t q[0]
Gate(  258)	 t q[10]
Gate(  259)	 t q[9]
Gate(  260)	cx q[10], q[0]
Gate(  261)	cx q[9], q[10]
Gate(  262)	cx q[0], q[9]
Gate(  263)	tdg q[10]
Gate(  264)	cx q[0], q[10]
Gate(  265)	tdg q[0]
Gate(  266)	tdg q[10]
Gate(  267)	 t q[9]
Gate(  268)	cx q[9], q[10]
Gate(  269)	cx q[0], q[9]
Gate(  270)	cx q[10], q[0]
Gate(  271)	 h q[9]
Gate(  272)	 h q[10]
Gate(  273)	 t q[11]
Gate(  274)	 t q[4]
Gate(  275)	 t q[10]
Gate(  276)	cx q[4], q[11]
Gate(  277)	cx q[10], q[4]
Gate(  278)	cx q[11], q[10]
Gate(  279)	tdg q[4]
Gate(  280)	cx q[11], q[4]
Gate(  281)	tdg q[11]
Gate(  282)	tdg q[4]
Gate(  283)	 t q[10]
Gate(  284)	cx q[10], q[4]
Gate(  285)	cx q[11], q[10]
Gate(  286)	cx q[4], q[11]
Gate(  287)	 h q[10]
Gate(  288)	 h q[4]
Gate(  289)	 t q[8]
Gate(  290)	 t q[3]
Gate(  291)	 t q[4]
Gate(  292)	cx q[3], q[8]
Gate(  293)	cx q[4], q[3]
Gate(  294)	cx q[8], q[4]
Gate(  295)	tdg q[3]
Gate(  296)	cx q[8], q[3]
Gate(  297)	tdg q[8]
Gate(  298)	tdg q[3]
Gate(  299)	 t q[4]
Gate(  300)	cx q[4], q[3]
Gate(  301)	cx q[8], q[4]
Gate(  302)	cx q[3], q[8]
Gate(  303)	 h q[4]
Gate(  304)	 h q[3]
Gate(  305)	 t q[7]
Gate(  306)	 t q[2]
Gate(  307)	 t q[3]
Gate(  308)	cx q[2], q[7]
Gate(  309)	cx q[3], q[2]
Gate(  310)	cx q[7], q[3]
Gate(  311)	tdg q[2]
Gate(  312)	cx q[7], q[2]
Gate(  313)	tdg q[7]
Gate(  314)	tdg q[2]
Gate(  315)	 t q[3]
Gate(  316)	cx q[3], q[2]
Gate(  317)	cx q[7], q[3]
Gate(  318)	cx q[2], q[7]
Gate(  319)	 h q[3]
Gate(  320)	 h q[2]
Gate(  321)	 t q[5]
Gate(  322)	 t q[6]
Gate(  323)	 t q[2]
Gate(  324)	cx q[6], q[5]
Gate(  325)	cx q[2], q[6]
Gate(  326)	cx q[5], q[2]
Gate(  327)	tdg q[6]
Gate(  328)	cx q[5], q[6]
Gate(  329)	tdg q[5]
Gate(  330)	tdg q[6]
Gate(  331)	 t q[2]
Gate(  332)	cx q[2], q[6]
Gate(  333)	cx q[5], q[2]
Gate(  334)	cx q[6], q[5]
Gate(  335)	 h q[2]
Gate(  336)	 h q[3]
Gate(  337)	 t q[7]
Gate(  338)	 t q[2]
Gate(  339)	 t q[3]
Gate(  340)	cx q[2], q[7]
Gate(  341)	cx q[3], q[2]
Gate(  342)	cx q[7], q[3]
Gate(  343)	tdg q[2]
Gate(  344)	cx q[7], q[2]
Gate(  345)	tdg q[7]
Gate(  346)	tdg q[2]
Gate(  347)	 t q[3]
Gate(  348)	cx q[3], q[2]
Gate(  349)	cx q[7], q[3]
Gate(  350)	cx q[2], q[7]
Gate(  351)	 h q[3]
Gate(  352)	 h q[4]
Gate(  353)	 t q[8]
Gate(  354)	 t q[3]
Gate(  355)	 t q[4]
Gate(  356)	cx q[3], q[8]
Gate(  357)	cx q[4], q[3]
Gate(  358)	cx q[8], q[4]
Gate(  359)	tdg q[3]
Gate(  360)	cx q[8], q[3]
Gate(  361)	tdg q[8]
Gate(  362)	tdg q[3]
Gate(  363)	 t q[4]
Gate(  364)	cx q[4], q[3]
Gate(  365)	cx q[8], q[4]
Gate(  366)	cx q[3], q[8]
Gate(  367)	 h q[4]
Gate(  368)	 h q[10]
Gate(  369)	 t q[11]
Gate(  370)	 t q[4]
Gate(  371)	 t q[10]
Gate(  372)	cx q[4], q[11]
Gate(  373)	cx q[10], q[4]
Gate(  374)	cx q[11], q[10]
Gate(  375)	tdg q[4]
Gate(  376)	cx q[11], q[4]
Gate(  377)	tdg q[11]
Gate(  378)	tdg q[4]
Gate(  379)	 t q[10]
Gate(  380)	cx q[10], q[4]
Gate(  381)	cx q[11], q[10]
Gate(  382)	cx q[4], q[11]
Gate(  383)	 h q[10]
Gate(  384)	 h q[0]
Gate(  385)	 t q[4]
Gate(  386)	 t q[11]
Gate(  387)	 t q[0]
Gate(  388)	cx q[11], q[4]
Gate(  389)	cx q[0], q[11]
Gate(  390)	cx q[4], q[0]
Gate(  391)	tdg q[11]
Gate(  392)	cx q[4], q[11]
Gate(  393)	tdg q[4]
Gate(  394)	tdg q[11]
Gate(  395)	 t q[0]
Gate(  396)	cx q[0], q[11]
Gate(  397)	cx q[4], q[0]
Gate(  398)	cx q[11], q[4]
Gate(  399)	 h q[0]
Gate(  400)	 h q[11]
Gate(  401)	 t q[3]
Gate(  402)	 t q[10]
Gate(  403)	 t q[11]
Gate(  404)	cx q[10], q[3]
Gate(  405)	cx q[11], q[10]
Gate(  406)	cx q[3], q[11]
Gate(  407)	tdg q[10]
Gate(  408)	cx q[3], q[10]
Gate(  409)	tdg q[3]
Gate(  410)	tdg q[10]
Gate(  411)	 t q[11]
Gate(  412)	cx q[11], q[10]
Gate(  413)	cx q[3], q[11]
Gate(  414)	cx q[10], q[3]
Gate(  415)	 h q[11]
Gate(  416)	 h q[10]
Gate(  417)	 t q[1]
Gate(  418)	 t q[2]
Gate(  419)	 t q[10]
Gate(  420)	cx q[2], q[1]
Gate(  421)	cx q[10], q[2]
Gate(  422)	cx q[1], q[10]
Gate(  423)	tdg q[2]
Gate(  424)	cx q[1], q[2]
Gate(  425)	tdg q[1]
Gate(  426)	tdg q[2]
Gate(  427)	 t q[10]
Gate(  428)	cx q[10], q[2]
Gate(  429)	cx q[1], q[10]
Gate(  430)	cx q[2], q[1]
Gate(  431)	 h q[10]
Gate(  432)	 h q[11]
Gate(  433)	 t q[3]
Gate(  434)	 t q[10]
Gate(  435)	 t q[11]
Gate(  436)	cx q[10], q[3]
Gate(  437)	cx q[11], q[10]
Gate(  438)	cx q[3], q[11]
Gate(  439)	tdg q[10]
Gate(  440)	cx q[3], q[10]
Gate(  441)	tdg q[3]
Gate(  442)	tdg q[10]
Gate(  443)	 t q[11]
Gate(  444)	cx q[11], q[10]
Gate(  445)	cx q[3], q[11]
Gate(  446)	cx q[10], q[3]
Gate(  447)	 h q[11]
Gate(  448)	 h q[0]
Gate(  449)	 t q[4]
Gate(  450)	 t q[11]
Gate(  451)	 t q[0]
Gate(  452)	cx q[11], q[4]
Gate(  453)	cx q[0], q[11]
Gate(  454)	cx q[4], q[0]
Gate(  455)	tdg q[11]
Gate(  456)	cx q[4], q[11]
Gate(  457)	tdg q[4]
Gate(  458)	tdg q[11]
Gate(  459)	 t q[0]
Gate(  460)	cx q[0], q[11]
Gate(  461)	cx q[4], q[0]
Gate(  462)	cx q[11], q[4]
Gate(  463)	 h q[0]
Gate(  464)	 h q[11]
Gate(  465)	 t q[3]
Gate(  466)	 t q[10]
Gate(  467)	 t q[11]
Gate(  468)	cx q[10], q[3]
Gate(  469)	cx q[11], q[10]
Gate(  470)	cx q[3], q[11]
Gate(  471)	tdg q[10]
Gate(  472)	cx q[3], q[10]
Gate(  473)	tdg q[3]
Gate(  474)	tdg q[10]
Gate(  475)	 t q[11]
Gate(  476)	cx q[11], q[10]
Gate(  477)	cx q[3], q[11]
Gate(  478)	cx q[10], q[3]
Gate(  479)	 h q[11]
Gate(  480)	 h q[10]
Gate(  481)	 t q[1]
Gate(  482)	 t q[2]
Gate(  483)	 t q[10]
Gate(  484)	cx q[2], q[1]
Gate(  485)	cx q[10], q[2]
Gate(  486)	cx q[1], q[10]
Gate(  487)	tdg q[2]
Gate(  488)	cx q[1], q[2]
Gate(  489)	tdg q[1]
Gate(  490)	tdg q[2]
Gate(  491)	 t q[10]
Gate(  492)	cx q[10], q[2]
Gate(  493)	cx q[1], q[10]
Gate(  494)	cx q[2], q[1]
Gate(  495)	 h q[10]
Gate(  496)	 h q[11]
Gate(  497)	 t q[3]
Gate(  498)	 t q[10]
Gate(  499)	 t q[11]
Gate(  500)	cx q[10], q[3]
Gate(  501)	cx q[11], q[10]
Gate(  502)	cx q[3], q[11]
Gate(  503)	tdg q[10]
Gate(  504)	cx q[3], q[10]
Gate(  505)	tdg q[3]
Gate(  506)	tdg q[10]
Gate(  507)	 t q[11]
Gate(  508)	cx q[11], q[10]
Gate(  509)	cx q[3], q[11]
Gate(  510)	cx q[10], q[3]
Gate(  511)	 h q[11]
Gate(  512)	 h q[9]
Gate(  513)	 t q[0]
Gate(  514)	 t q[10]
Gate(  515)	 t q[9]
Gate(  516)	cx q[10], q[0]
Gate(  517)	cx q[9], q[10]
Gate(  518)	cx q[0], q[9]
Gate(  519)	tdg q[10]
Gate(  520)	cx q[0], q[10]
Gate(  521)	tdg q[0]
Gate(  522)	tdg q[10]
Gate(  523)	 t q[9]
Gate(  524)	cx q[9], q[10]
Gate(  525)	cx q[0], q[9]
Gate(  526)	cx q[10], q[0]
Gate(  527)	 h q[9]
Gate(  528)	 h q[10]
Gate(  529)	 t q[11]
Gate(  530)	 t q[4]
Gate(  531)	 t q[10]
Gate(  532)	cx q[4], q[11]
Gate(  533)	cx q[10], q[4]
Gate(  534)	cx q[11], q[10]
Gate(  535)	tdg q[4]
Gate(  536)	cx q[11], q[4]
Gate(  537)	tdg q[11]
Gate(  538)	tdg q[4]
Gate(  539)	 t q[10]
Gate(  540)	cx q[10], q[4]
Gate(  541)	cx q[11], q[10]
Gate(  542)	cx q[4], q[11]
Gate(  543)	 h q[10]
Gate(  544)	 h q[4]
Gate(  545)	 t q[8]
Gate(  546)	 t q[3]
Gate(  547)	 t q[4]
Gate(  548)	cx q[3], q[8]
Gate(  549)	cx q[4], q[3]
Gate(  550)	cx q[8], q[4]
Gate(  551)	tdg q[3]
Gate(  552)	cx q[8], q[3]
Gate(  553)	tdg q[8]
Gate(  554)	tdg q[3]
Gate(  555)	 t q[4]
Gate(  556)	cx q[4], q[3]
Gate(  557)	cx q[8], q[4]
Gate(  558)	cx q[3], q[8]
Gate(  559)	 h q[4]
Gate(  560)	 h q[3]
Gate(  561)	 t q[7]
Gate(  562)	 t q[2]
Gate(  563)	 t q[3]
Gate(  564)	cx q[2], q[7]
Gate(  565)	cx q[3], q[2]
Gate(  566)	cx q[7], q[3]
Gate(  567)	tdg q[2]
Gate(  568)	cx q[7], q[2]
Gate(  569)	tdg q[7]
Gate(  570)	tdg q[2]
Gate(  571)	 t q[3]
Gate(  572)	cx q[3], q[2]
Gate(  573)	cx q[7], q[3]
Gate(  574)	cx q[2], q[7]
Gate(  575)	 h q[3]
Gate(  576)	 h q[2]
Gate(  577)	 t q[5]
Gate(  578)	 t q[6]
Gate(  579)	 t q[2]
Gate(  580)	cx q[6], q[5]
Gate(  581)	cx q[2], q[6]
Gate(  582)	cx q[5], q[2]
Gate(  583)	tdg q[6]
Gate(  584)	cx q[5], q[6]
Gate(  585)	tdg q[5]
Gate(  586)	tdg q[6]
Gate(  587)	 t q[2]
Gate(  588)	cx q[2], q[6]
Gate(  589)	cx q[5], q[2]
Gate(  590)	cx q[6], q[5]
Gate(  591)	 h q[2]
Gate(  592)	 h q[3]
Gate(  593)	 t q[7]
Gate(  594)	 t q[2]
Gate(  595)	 t q[3]
Gate(  596)	cx q[2], q[7]
Gate(  597)	cx q[3], q[2]
Gate(  598)	cx q[7], q[3]
Gate(  599)	tdg q[2]
Gate(  600)	cx q[7], q[2]
Gate(  601)	tdg q[7]
Gate(  602)	tdg q[2]
Gate(  603)	 t q[3]
Gate(  604)	cx q[3], q[2]
Gate(  605)	cx q[7], q[3]
Gate(  606)	cx q[2], q[7]
Gate(  607)	 h q[3]
Gate(  608)	 h q[4]
Gate(  609)	 t q[8]
Gate(  610)	 t q[3]
Gate(  611)	 t q[4]
Gate(  612)	cx q[3], q[8]
Gate(  613)	cx q[4], q[3]
Gate(  614)	cx q[8], q[4]
Gate(  615)	tdg q[3]
Gate(  616)	cx q[8], q[3]
Gate(  617)	tdg q[8]
Gate(  618)	tdg q[3]
Gate(  619)	 t q[4]
Gate(  620)	cx q[4], q[3]
Gate(  621)	cx q[8], q[4]
Gate(  622)	cx q[3], q[8]
Gate(  623)	 h q[4]
Gate(  624)	 h q[10]
Gate(  625)	 t q[11]
Gate(  626)	 t q[4]
Gate(  627)	 t q[10]
Gate(  628)	cx q[4], q[11]
Gate(  629)	cx q[10], q[4]
Gate(  630)	cx q[11], q[10]
Gate(  631)	tdg q[4]
Gate(  632)	cx q[11], q[4]
Gate(  633)	tdg q[11]
Gate(  634)	tdg q[4]
Gate(  635)	 t q[10]
Gate(  636)	cx q[10], q[4]
Gate(  637)	cx q[11], q[10]
Gate(  638)	cx q[4], q[11]
Gate(  639)	 h q[10]
Gate(  640)	 h q[9]
Gate(  641)	 t q[0]
Gate(  642)	 t q[10]
Gate(  643)	 t q[9]
Gate(  644)	cx q[10], q[0]
Gate(  645)	cx q[9], q[10]
Gate(  646)	cx q[0], q[9]
Gate(  647)	tdg q[10]
Gate(  648)	cx q[0], q[10]
Gate(  649)	tdg q[0]
Gate(  650)	tdg q[10]
Gate(  651)	 t q[9]
Gate(  652)	cx q[9], q[10]
Gate(  653)	cx q[0], q[9]
Gate(  654)	cx q[10], q[0]
Gate(  655)	 h q[9]
Gate(  656)	 h q[10]
Gate(  657)	 t q[11]
Gate(  658)	 t q[4]
Gate(  659)	 t q[10]
Gate(  660)	cx q[4], q[11]
Gate(  661)	cx q[10], q[4]
Gate(  662)	cx q[11], q[10]
Gate(  663)	tdg q[4]
Gate(  664)	cx q[11], q[4]
Gate(  665)	tdg q[11]
Gate(  666)	tdg q[4]
Gate(  667)	 t q[10]
Gate(  668)	cx q[10], q[4]
Gate(  669)	cx q[11], q[10]
Gate(  670)	cx q[4], q[11]
Gate(  671)	 h q[10]
Gate(  672)	 h q[4]
Gate(  673)	 t q[8]
Gate(  674)	 t q[3]
Gate(  675)	 t q[4]
Gate(  676)	cx q[3], q[8]
Gate(  677)	cx q[4], q[3]
Gate(  678)	cx q[8], q[4]
Gate(  679)	tdg q[3]
Gate(  680)	cx q[8], q[3]
Gate(  681)	tdg q[8]
Gate(  682)	tdg q[3]
Gate(  683)	 t q[4]
Gate(  684)	cx q[4], q[3]
Gate(  685)	cx q[8], q[4]
Gate(  686)	cx q[3], q[8]
Gate(  687)	 h q[4]
Gate(  688)	 h q[3]
Gate(  689)	 t q[7]
Gate(  690)	 t q[2]
Gate(  691)	 t q[3]
Gate(  692)	cx q[2], q[7]
Gate(  693)	cx q[3], q[2]
Gate(  694)	cx q[7], q[3]
Gate(  695)	tdg q[2]
Gate(  696)	cx q[7], q[2]
Gate(  697)	tdg q[7]
Gate(  698)	tdg q[2]
Gate(  699)	 t q[3]
Gate(  700)	cx q[3], q[2]
Gate(  701)	cx q[7], q[3]
Gate(  702)	cx q[2], q[7]
Gate(  703)	 h q[3]
Gate(  704)	 h q[2]
Gate(  705)	 t q[5]
Gate(  706)	 t q[6]
Gate(  707)	 t q[2]
Gate(  708)	cx q[6], q[5]
Gate(  709)	cx q[2], q[6]
Gate(  710)	cx q[5], q[2]
Gate(  711)	tdg q[6]
Gate(  712)	cx q[5], q[6]
Gate(  713)	tdg q[5]
Gate(  714)	tdg q[6]
Gate(  715)	 t q[2]
Gate(  716)	cx q[2], q[6]
Gate(  717)	cx q[5], q[2]
Gate(  718)	cx q[6], q[5]
Gate(  719)	 h q[2]
Gate(  720)	 h q[3]
Gate(  721)	 t q[7]
Gate(  722)	 t q[2]
Gate(  723)	 t q[3]
Gate(  724)	cx q[2], q[7]
Gate(  725)	cx q[3], q[2]
Gate(  726)	cx q[7], q[3]
Gate(  727)	tdg q[2]
Gate(  728)	cx q[7], q[2]
Gate(  729)	tdg q[7]
Gate(  730)	tdg q[2]
Gate(  731)	 t q[3]
Gate(  732)	cx q[3], q[2]
Gate(  733)	cx q[7], q[3]
Gate(  734)	cx q[2], q[7]
Gate(  735)	 h q[3]
Gate(  736)	 h q[4]
Gate(  737)	 t q[8]
Gate(  738)	 t q[3]
Gate(  739)	 t q[4]
Gate(  740)	cx q[3], q[8]
Gate(  741)	cx q[4], q[3]
Gate(  742)	cx q[8], q[4]
Gate(  743)	tdg q[3]
Gate(  744)	cx q[8], q[3]
Gate(  745)	tdg q[8]
Gate(  746)	tdg q[3]
Gate(  747)	 t q[4]
Gate(  748)	cx q[4], q[3]
Gate(  749)	cx q[8], q[4]
Gate(  750)	cx q[3], q[8]
Gate(  751)	 h q[4]
Gate(  752)	 h q[10]
Gate(  753)	 t q[11]
Gate(  754)	 t q[4]
Gate(  755)	 t q[10]
Gate(  756)	cx q[4], q[11]
Gate(  757)	cx q[10], q[4]
Gate(  758)	cx q[11], q[10]
Gate(  759)	tdg q[4]
Gate(  760)	cx q[11], q[4]
Gate(  761)	tdg q[11]
Gate(  762)	tdg q[4]
Gate(  763)	 t q[10]
Gate(  764)	cx q[10], q[4]
Gate(  765)	cx q[11], q[10]
Gate(  766)	cx q[4], q[11]
Gate(  767)	 h q[10]
Gate(  768)	 h q[0]
Gate(  769)	 t q[4]
Gate(  770)	 t q[11]
Gate(  771)	 t q[0]
Gate(  772)	cx q[11], q[4]
Gate(  773)	cx q[0], q[11]
Gate(  774)	cx q[4], q[0]
Gate(  775)	tdg q[11]
Gate(  776)	cx q[4], q[11]
Gate(  777)	tdg q[4]
Gate(  778)	tdg q[11]
Gate(  779)	 t q[0]
Gate(  780)	cx q[0], q[11]
Gate(  781)	cx q[4], q[0]
Gate(  782)	cx q[11], q[4]
Gate(  783)	 h q[0]
Gate(  784)	 h q[11]
Gate(  785)	 t q[3]
Gate(  786)	 t q[10]
Gate(  787)	 t q[11]
Gate(  788)	cx q[10], q[3]
Gate(  789)	cx q[11], q[10]
Gate(  790)	cx q[3], q[11]
Gate(  791)	tdg q[10]
Gate(  792)	cx q[3], q[10]
Gate(  793)	tdg q[3]
Gate(  794)	tdg q[10]
Gate(  795)	 t q[11]
Gate(  796)	cx q[11], q[10]
Gate(  797)	cx q[3], q[11]
Gate(  798)	cx q[10], q[3]
Gate(  799)	 h q[11]
Gate(  800)	 h q[10]
Gate(  801)	 t q[1]
Gate(  802)	 t q[2]
Gate(  803)	 t q[10]
Gate(  804)	cx q[2], q[1]
Gate(  805)	cx q[10], q[2]
Gate(  806)	cx q[1], q[10]
Gate(  807)	tdg q[2]
Gate(  808)	cx q[1], q[2]
Gate(  809)	tdg q[1]
Gate(  810)	tdg q[2]
Gate(  811)	 t q[10]
Gate(  812)	cx q[10], q[2]
Gate(  813)	cx q[1], q[10]
Gate(  814)	cx q[2], q[1]
Gate(  815)	 h q[10]
Gate(  816)	 h q[11]
Gate(  817)	 t q[3]
Gate(  818)	 t q[10]
Gate(  819)	 t q[11]
Gate(  820)	cx q[10], q[3]
Gate(  821)	cx q[11], q[10]
Gate(  822)	cx q[3], q[11]
Gate(  823)	tdg q[10]
Gate(  824)	cx q[3], q[10]
Gate(  825)	tdg q[3]
Gate(  826)	tdg q[10]
Gate(  827)	 t q[11]
Gate(  828)	cx q[11], q[10]
Gate(  829)	cx q[3], q[11]
Gate(  830)	cx q[10], q[3]
Gate(  831)	 h q[11]
Gate(  832)	 h q[0]
Gate(  833)	 t q[4]
Gate(  834)	 t q[11]
Gate(  835)	 t q[0]
Gate(  836)	cx q[11], q[4]
Gate(  837)	cx q[0], q[11]
Gate(  838)	cx q[4], q[0]
Gate(  839)	tdg q[11]
Gate(  840)	cx q[4], q[11]
Gate(  841)	tdg q[4]
Gate(  842)	tdg q[11]
Gate(  843)	 t q[0]
Gate(  844)	cx q[0], q[11]
Gate(  845)	cx q[4], q[0]
Gate(  846)	cx q[11], q[4]
Gate(  847)	 h q[0]
Gate(  848)	 h q[11]
Gate(  849)	 t q[3]
Gate(  850)	 t q[10]
Gate(  851)	 t q[11]
Gate(  852)	cx q[10], q[3]
Gate(  853)	cx q[11], q[10]
Gate(  854)	cx q[3], q[11]
Gate(  855)	tdg q[10]
Gate(  856)	cx q[3], q[10]
Gate(  857)	tdg q[3]
Gate(  858)	tdg q[10]
Gate(  859)	 t q[11]
Gate(  860)	cx q[11], q[10]
Gate(  861)	cx q[3], q[11]
Gate(  862)	cx q[10], q[3]
Gate(  863)	 h q[11]
Gate(  864)	 h q[10]
Gate(  865)	 t q[1]
Gate(  866)	 t q[2]
Gate(  867)	 t q[10]
Gate(  868)	cx q[2], q[1]
Gate(  869)	cx q[10], q[2]
Gate(  870)	cx q[1], q[10]
Gate(  871)	tdg q[2]
Gate(  872)	cx q[1], q[2]
Gate(  873)	tdg q[1]
Gate(  874)	tdg q[2]
Gate(  875)	 t q[10]
Gate(  876)	cx q[10], q[2]
Gate(  877)	cx q[1], q[10]
Gate(  878)	cx q[2], q[1]
Gate(  879)	 h q[10]
Gate(  880)	 h q[11]
Gate(  881)	 t q[3]
Gate(  882)	 t q[10]
Gate(  883)	 t q[11]
Gate(  884)	cx q[10], q[3]
Gate(  885)	cx q[11], q[10]
Gate(  886)	cx q[3], q[11]
Gate(  887)	tdg q[10]
Gate(  888)	cx q[3], q[10]
Gate(  889)	tdg q[3]
Gate(  890)	tdg q[10]
Gate(  891)	 t q[11]
Gate(  892)	cx q[11], q[10]
Gate(  893)	cx q[3], q[11]
Gate(  894)	cx q[10], q[3]
Gate(  895)	 h q[11]
Gate(  896)	 h q[8]
Gate(  897)	 t q[0]
Gate(  898)	 t q[10]
Gate(  899)	 t q[8]
Gate(  900)	cx q[10], q[0]
Gate(  901)	cx q[8], q[10]
Gate(  902)	cx q[0], q[8]
Gate(  903)	tdg q[10]
Gate(  904)	cx q[0], q[10]
Gate(  905)	tdg q[0]
Gate(  906)	tdg q[10]
Gate(  907)	 t q[8]
Gate(  908)	cx q[8], q[10]
Gate(  909)	cx q[0], q[8]
Gate(  910)	cx q[10], q[0]
Gate(  911)	 h q[8]
Gate(  912)	 h q[10]
Gate(  913)	 t q[11]
Gate(  914)	 t q[9]
Gate(  915)	 t q[10]
Gate(  916)	cx q[9], q[11]
Gate(  917)	cx q[10], q[9]
Gate(  918)	cx q[11], q[10]
Gate(  919)	tdg q[9]
Gate(  920)	cx q[11], q[9]
Gate(  921)	tdg q[11]
Gate(  922)	tdg q[9]
Gate(  923)	 t q[10]
Gate(  924)	cx q[10], q[9]
Gate(  925)	cx q[11], q[10]
Gate(  926)	cx q[9], q[11]
Gate(  927)	 h q[10]
Gate(  928)	 h q[9]
Gate(  929)	 t q[7]
Gate(  930)	 t q[4]
Gate(  931)	 t q[9]
Gate(  932)	cx q[4], q[7]
Gate(  933)	cx q[9], q[4]
Gate(  934)	cx q[7], q[9]
Gate(  935)	tdg q[4]
Gate(  936)	cx q[7], q[4]
Gate(  937)	tdg q[7]
Gate(  938)	tdg q[4]
Gate(  939)	 t q[9]
Gate(  940)	cx q[9], q[4]
Gate(  941)	cx q[7], q[9]
Gate(  942)	cx q[4], q[7]
Gate(  943)	 h q[9]
Gate(  944)	 h q[4]
Gate(  945)	 t q[5]
Gate(  946)	 t q[6]
Gate(  947)	 t q[4]
Gate(  948)	cx q[6], q[5]
Gate(  949)	cx q[4], q[6]
Gate(  950)	cx q[5], q[4]
Gate(  951)	tdg q[6]
Gate(  952)	cx q[5], q[6]
Gate(  953)	tdg q[5]
Gate(  954)	tdg q[6]
Gate(  955)	 t q[4]
Gate(  956)	cx q[4], q[6]
Gate(  957)	cx q[5], q[4]
Gate(  958)	cx q[6], q[5]
Gate(  959)	 h q[4]
Gate(  960)	 h q[9]
Gate(  961)	 t q[7]
Gate(  962)	 t q[4]
Gate(  963)	 t q[9]
Gate(  964)	cx q[4], q[7]
Gate(  965)	cx q[9], q[4]
Gate(  966)	cx q[7], q[9]
Gate(  967)	tdg q[4]
Gate(  968)	cx q[7], q[4]
Gate(  969)	tdg q[7]
Gate(  970)	tdg q[4]
Gate(  971)	 t q[9]
Gate(  972)	cx q[9], q[4]
Gate(  973)	cx q[7], q[9]
Gate(  974)	cx q[4], q[7]
Gate(  975)	 h q[9]
Gate(  976)	 h q[10]
Gate(  977)	 t q[11]
Gate(  978)	 t q[9]
Gate(  979)	 t q[10]
Gate(  980)	cx q[9], q[11]
Gate(  981)	cx q[10], q[9]
Gate(  982)	cx q[11], q[10]
Gate(  983)	tdg q[9]
Gate(  984)	cx q[11], q[9]
Gate(  985)	tdg q[11]
Gate(  986)	tdg q[9]
Gate(  987)	 t q[10]
Gate(  988)	cx q[10], q[9]
Gate(  989)	cx q[11], q[10]
Gate(  990)	cx q[9], q[11]
Gate(  991)	 h q[10]
Gate(  992)	 h q[8]
Gate(  993)	 t q[0]
Gate(  994)	 t q[10]
Gate(  995)	 t q[8]
Gate(  996)	cx q[10], q[0]
Gate(  997)	cx q[8], q[10]
Gate(  998)	cx q[0], q[8]
Gate(  999)	tdg q[10]
Gate( 1000)	cx q[0], q[10]
Gate( 1001)	tdg q[0]
Gate( 1002)	tdg q[10]
Gate( 1003)	 t q[8]
Gate( 1004)	cx q[8], q[10]
Gate( 1005)	cx q[0], q[8]
Gate( 1006)	cx q[10], q[0]
Gate( 1007)	 h q[8]
Gate( 1008)	 h q[10]
Gate( 1009)	 t q[11]
Gate( 1010)	 t q[9]
Gate( 1011)	 t q[10]
Gate( 1012)	cx q[9], q[11]
Gate( 1013)	cx q[10], q[9]
Gate( 1014)	cx q[11], q[10]
Gate( 1015)	tdg q[9]
Gate( 1016)	cx q[11], q[9]
Gate( 1017)	tdg q[11]
Gate( 1018)	tdg q[9]
Gate( 1019)	 t q[10]
Gate( 1020)	cx q[10], q[9]
Gate( 1021)	cx q[11], q[10]
Gate( 1022)	cx q[9], q[11]
Gate( 1023)	 h q[10]
Gate( 1024)	 h q[9]
Gate( 1025)	 t q[7]
Gate( 1026)	 t q[4]
Gate( 1027)	 t q[9]
Gate( 1028)	cx q[4], q[7]
Gate( 1029)	cx q[9], q[4]
Gate( 1030)	cx q[7], q[9]
Gate( 1031)	tdg q[4]
Gate( 1032)	cx q[7], q[4]
Gate( 1033)	tdg q[7]
Gate( 1034)	tdg q[4]
Gate( 1035)	 t q[9]
Gate( 1036)	cx q[9], q[4]
Gate( 1037)	cx q[7], q[9]
Gate( 1038)	cx q[4], q[7]
Gate( 1039)	 h q[9]
Gate( 1040)	 h q[4]
Gate( 1041)	 t q[5]
Gate( 1042)	 t q[6]
Gate( 1043)	 t q[4]
Gate( 1044)	cx q[6], q[5]
Gate( 1045)	cx q[4], q[6]
Gate( 1046)	cx q[5], q[4]
Gate( 1047)	tdg q[6]
Gate( 1048)	cx q[5], q[6]
Gate( 1049)	tdg q[5]
Gate( 1050)	tdg q[6]
Gate( 1051)	 t q[4]
Gate( 1052)	cx q[4], q[6]
Gate( 1053)	cx q[5], q[4]
Gate( 1054)	cx q[6], q[5]
Gate( 1055)	 h q[4]
Gate( 1056)	 h q[9]
Gate( 1057)	 t q[7]
Gate( 1058)	 t q[4]
Gate( 1059)	 t q[9]
Gate( 1060)	cx q[4], q[7]
Gate( 1061)	cx q[9], q[4]
Gate( 1062)	cx q[7], q[9]
Gate( 1063)	tdg q[4]
Gate( 1064)	cx q[7], q[4]
Gate( 1065)	tdg q[7]
Gate( 1066)	tdg q[4]
Gate( 1067)	 t q[9]
Gate( 1068)	cx q[9], q[4]
Gate( 1069)	cx q[7], q[9]
Gate( 1070)	cx q[4], q[7]
Gate( 1071)	 h q[9]
Gate( 1072)	 h q[10]
Gate( 1073)	 t q[11]
Gate( 1074)	 t q[9]
Gate( 1075)	 t q[10]
Gate( 1076)	cx q[9], q[11]
Gate( 1077)	cx q[10], q[9]
Gate( 1078)	cx q[11], q[10]
Gate( 1079)	tdg q[9]
Gate( 1080)	cx q[11], q[9]
Gate( 1081)	tdg q[11]
Gate( 1082)	tdg q[9]
Gate( 1083)	 t q[10]
Gate( 1084)	cx q[10], q[9]
Gate( 1085)	cx q[11], q[10]
Gate( 1086)	cx q[9], q[11]
Gate( 1087)	 h q[10]
Gate( 1088)	 h q[0]
Gate( 1089)	 t q[4]
Gate( 1090)	 t q[11]
Gate( 1091)	 t q[0]
Gate( 1092)	cx q[11], q[4]
Gate( 1093)	cx q[0], q[11]
Gate( 1094)	cx q[4], q[0]
Gate( 1095)	tdg q[11]
Gate( 1096)	cx q[4], q[11]
Gate( 1097)	tdg q[4]
Gate( 1098)	tdg q[11]
Gate( 1099)	 t q[0]
Gate( 1100)	cx q[0], q[11]
Gate( 1101)	cx q[4], q[0]
Gate( 1102)	cx q[11], q[4]
Gate( 1103)	 h q[0]
Gate( 1104)	 h q[11]
Gate( 1105)	 t q[3]
Gate( 1106)	 t q[10]
Gate( 1107)	 t q[11]
Gate( 1108)	cx q[10], q[3]
Gate( 1109)	cx q[11], q[10]
Gate( 1110)	cx q[3], q[11]
Gate( 1111)	tdg q[10]
Gate( 1112)	cx q[3], q[10]
Gate( 1113)	tdg q[3]
Gate( 1114)	tdg q[10]
Gate( 1115)	 t q[11]
Gate( 1116)	cx q[11], q[10]
Gate( 1117)	cx q[3], q[11]
Gate( 1118)	cx q[10], q[3]
Gate( 1119)	 h q[11]
Gate( 1120)	 h q[10]
Gate( 1121)	 t q[1]
Gate( 1122)	 t q[2]
Gate( 1123)	 t q[10]
Gate( 1124)	cx q[2], q[1]
Gate( 1125)	cx q[10], q[2]
Gate( 1126)	cx q[1], q[10]
Gate( 1127)	tdg q[2]
Gate( 1128)	cx q[1], q[2]
Gate( 1129)	tdg q[1]
Gate( 1130)	tdg q[2]
Gate( 1131)	 t q[10]
Gate( 1132)	cx q[10], q[2]
Gate( 1133)	cx q[1], q[10]
Gate( 1134)	cx q[2], q[1]
Gate( 1135)	 h q[10]
Gate( 1136)	 h q[11]
Gate( 1137)	 t q[3]
Gate( 1138)	 t q[10]
Gate( 1139)	 t q[11]
Gate( 1140)	cx q[10], q[3]
Gate( 1141)	cx q[11], q[10]
Gate( 1142)	cx q[3], q[11]
Gate( 1143)	tdg q[10]
Gate( 1144)	cx q[3], q[10]
Gate( 1145)	tdg q[3]
Gate( 1146)	tdg q[10]
Gate( 1147)	 t q[11]
Gate( 1148)	cx q[11], q[10]
Gate( 1149)	cx q[3], q[11]
Gate( 1150)	cx q[10], q[3]
Gate( 1151)	 h q[11]
Gate( 1152)	 h q[0]
Gate( 1153)	 t q[4]
Gate( 1154)	 t q[11]
Gate( 1155)	 t q[0]
Gate( 1156)	cx q[11], q[4]
Gate( 1157)	cx q[0], q[11]
Gate( 1158)	cx q[4], q[0]
Gate( 1159)	tdg q[11]
Gate( 1160)	cx q[4], q[11]
Gate( 1161)	tdg q[4]
Gate( 1162)	tdg q[11]
Gate( 1163)	 t q[0]
Gate( 1164)	cx q[0], q[11]
Gate( 1165)	cx q[4], q[0]
Gate( 1166)	cx q[11], q[4]
Gate( 1167)	 h q[0]
Gate( 1168)	 h q[11]
Gate( 1169)	 t q[3]
Gate( 1170)	 t q[10]
Gate( 1171)	 t q[11]
Gate( 1172)	cx q[10], q[3]
Gate( 1173)	cx q[11], q[10]
Gate( 1174)	cx q[3], q[11]
Gate( 1175)	tdg q[10]
Gate( 1176)	cx q[3], q[10]
Gate( 1177)	tdg q[3]
Gate( 1178)	tdg q[10]
Gate( 1179)	 t q[11]
Gate( 1180)	cx q[11], q[10]
Gate( 1181)	cx q[3], q[11]
Gate( 1182)	cx q[10], q[3]
Gate( 1183)	 h q[11]
Gate( 1184)	 h q[10]
Gate( 1185)	 t q[1]
Gate( 1186)	 t q[2]
Gate( 1187)	 t q[10]
Gate( 1188)	cx q[2], q[1]
Gate( 1189)	cx q[10], q[2]
Gate( 1190)	cx q[1], q[10]
Gate( 1191)	tdg q[2]
Gate( 1192)	cx q[1], q[2]
Gate( 1193)	tdg q[1]
Gate( 1194)	tdg q[2]
Gate( 1195)	 t q[10]
Gate( 1196)	cx q[10], q[2]
Gate( 1197)	cx q[1], q[10]
Gate( 1198)	cx q[2], q[1]
Gate( 1199)	 h q[10]
Gate( 1200)	 h q[11]
Gate( 1201)	 t q[3]
Gate( 1202)	 t q[10]
Gate( 1203)	 t q[11]
Gate( 1204)	cx q[10], q[3]
Gate( 1205)	cx q[11], q[10]
Gate( 1206)	cx q[3], q[11]
Gate( 1207)	tdg q[10]
Gate( 1208)	cx q[3], q[10]
Gate( 1209)	tdg q[3]
Gate( 1210)	tdg q[10]
Gate( 1211)	 t q[11]
Gate( 1212)	cx q[11], q[10]
Gate( 1213)	cx q[3], q[11]
Gate( 1214)	cx q[10], q[3]
Gate( 1215)	 h q[11]
Gate( 1216)	 h q[8]
Gate( 1217)	 t q[0]
Gate( 1218)	 t q[10]
Gate( 1219)	 t q[8]
Gate( 1220)	cx q[10], q[0]
Gate( 1221)	cx q[8], q[10]
Gate( 1222)	cx q[0], q[8]
Gate( 1223)	tdg q[10]
Gate( 1224)	cx q[0], q[10]
Gate( 1225)	tdg q[0]
Gate( 1226)	tdg q[10]
Gate( 1227)	 t q[8]
Gate( 1228)	cx q[8], q[10]
Gate( 1229)	cx q[0], q[8]
Gate( 1230)	cx q[10], q[0]
Gate( 1231)	 h q[8]
Gate( 1232)	 h q[10]
Gate( 1233)	 t q[11]
Gate( 1234)	 t q[9]
Gate( 1235)	 t q[10]
Gate( 1236)	cx q[9], q[11]
Gate( 1237)	cx q[10], q[9]
Gate( 1238)	cx q[11], q[10]
Gate( 1239)	tdg q[9]
Gate( 1240)	cx q[11], q[9]
Gate( 1241)	tdg q[11]
Gate( 1242)	tdg q[9]
Gate( 1243)	 t q[10]
Gate( 1244)	cx q[10], q[9]
Gate( 1245)	cx q[11], q[10]
Gate( 1246)	cx q[9], q[11]
Gate( 1247)	 h q[10]
Gate( 1248)	 h q[9]
Gate( 1249)	 t q[7]
Gate( 1250)	 t q[4]
Gate( 1251)	 t q[9]
Gate( 1252)	cx q[4], q[7]
Gate( 1253)	cx q[9], q[4]
Gate( 1254)	cx q[7], q[9]
Gate( 1255)	tdg q[4]
Gate( 1256)	cx q[7], q[4]
Gate( 1257)	tdg q[7]
Gate( 1258)	tdg q[4]
Gate( 1259)	 t q[9]
Gate( 1260)	cx q[9], q[4]
Gate( 1261)	cx q[7], q[9]
Gate( 1262)	cx q[4], q[7]
Gate( 1263)	 h q[9]
Gate( 1264)	 h q[4]
Gate( 1265)	 t q[5]
Gate( 1266)	 t q[6]
Gate( 1267)	 t q[4]
Gate( 1268)	cx q[6], q[5]
Gate( 1269)	cx q[4], q[6]
Gate( 1270)	cx q[5], q[4]
Gate( 1271)	tdg q[6]
Gate( 1272)	cx q[5], q[6]
Gate( 1273)	tdg q[5]
Gate( 1274)	tdg q[6]
Gate( 1275)	 t q[4]
Gate( 1276)	cx q[4], q[6]
Gate( 1277)	cx q[5], q[4]
Gate( 1278)	cx q[6], q[5]
Gate( 1279)	 h q[4]
Gate( 1280)	 h q[9]
Gate( 1281)	 t q[7]
Gate( 1282)	 t q[4]
Gate( 1283)	 t q[9]
Gate( 1284)	cx q[4], q[7]
Gate( 1285)	cx q[9], q[4]
Gate( 1286)	cx q[7], q[9]
Gate( 1287)	tdg q[4]
Gate( 1288)	cx q[7], q[4]
Gate( 1289)	tdg q[7]
Gate( 1290)	tdg q[4]
Gate( 1291)	 t q[9]
Gate( 1292)	cx q[9], q[4]
Gate( 1293)	cx q[7], q[9]
Gate( 1294)	cx q[4], q[7]
Gate( 1295)	 h q[9]
Gate( 1296)	 h q[10]
Gate( 1297)	 t q[11]
Gate( 1298)	 t q[9]
Gate( 1299)	 t q[10]
Gate( 1300)	cx q[9], q[11]
Gate( 1301)	cx q[10], q[9]
Gate( 1302)	cx q[11], q[10]
Gate( 1303)	tdg q[9]
Gate( 1304)	cx q[11], q[9]
Gate( 1305)	tdg q[11]
Gate( 1306)	tdg q[9]
Gate( 1307)	 t q[10]
Gate( 1308)	cx q[10], q[9]
Gate( 1309)	cx q[11], q[10]
Gate( 1310)	cx q[9], q[11]
Gate( 1311)	 h q[10]
Gate( 1312)	 h q[8]
Gate( 1313)	 t q[0]
Gate( 1314)	 t q[10]
Gate( 1315)	 t q[8]
Gate( 1316)	cx q[10], q[0]
Gate( 1317)	cx q[8], q[10]
Gate( 1318)	cx q[0], q[8]
Gate( 1319)	tdg q[10]
Gate( 1320)	cx q[0], q[10]
Gate( 1321)	tdg q[0]
Gate( 1322)	tdg q[10]
Gate( 1323)	 t q[8]
Gate( 1324)	cx q[8], q[10]
Gate( 1325)	cx q[0], q[8]
Gate( 1326)	cx q[10], q[0]
Gate( 1327)	 h q[8]
Gate( 1328)	 h q[10]
Gate( 1329)	 t q[11]
Gate( 1330)	 t q[9]
Gate( 1331)	 t q[10]
Gate( 1332)	cx q[9], q[11]
Gate( 1333)	cx q[10], q[9]
Gate( 1334)	cx q[11], q[10]
Gate( 1335)	tdg q[9]
Gate( 1336)	cx q[11], q[9]
Gate( 1337)	tdg q[11]
Gate( 1338)	tdg q[9]
Gate( 1339)	 t q[10]
Gate( 1340)	cx q[10], q[9]
Gate( 1341)	cx q[11], q[10]
Gate( 1342)	cx q[9], q[11]
Gate( 1343)	 h q[10]
Gate( 1344)	 h q[9]
Gate( 1345)	 t q[7]
Gate( 1346)	 t q[4]
Gate( 1347)	 t q[9]
Gate( 1348)	cx q[4], q[7]
Gate( 1349)	cx q[9], q[4]
Gate( 1350)	cx q[7], q[9]
Gate( 1351)	tdg q[4]
Gate( 1352)	cx q[7], q[4]
Gate( 1353)	tdg q[7]
Gate( 1354)	tdg q[4]
Gate( 1355)	 t q[9]
Gate( 1356)	cx q[9], q[4]
Gate( 1357)	cx q[7], q[9]
Gate( 1358)	cx q[4], q[7]
Gate( 1359)	 h q[9]
Gate( 1360)	 h q[4]
Gate( 1361)	 t q[5]
Gate( 1362)	 t q[6]
Gate( 1363)	 t q[4]
Gate( 1364)	cx q[6], q[5]
Gate( 1365)	cx q[4], q[6]
Gate( 1366)	cx q[5], q[4]
Gate( 1367)	tdg q[6]
Gate( 1368)	cx q[5], q[6]
Gate( 1369)	tdg q[5]
Gate( 1370)	tdg q[6]
Gate( 1371)	 t q[4]
Gate( 1372)	cx q[4], q[6]
Gate( 1373)	cx q[5], q[4]
Gate( 1374)	cx q[6], q[5]
Gate( 1375)	 h q[4]
Gate( 1376)	 h q[9]
Gate( 1377)	 t q[7]
Gate( 1378)	 t q[4]
Gate( 1379)	 t q[9]
Gate( 1380)	cx q[4], q[7]
Gate( 1381)	cx q[9], q[4]
Gate( 1382)	cx q[7], q[9]
Gate( 1383)	tdg q[4]
Gate( 1384)	cx q[7], q[4]
Gate( 1385)	tdg q[7]
Gate( 1386)	tdg q[4]
Gate( 1387)	 t q[9]
Gate( 1388)	cx q[9], q[4]
Gate( 1389)	cx q[7], q[9]
Gate( 1390)	cx q[4], q[7]
Gate( 1391)	 h q[9]
Gate( 1392)	 h q[10]
Gate( 1393)	 t q[11]
Gate( 1394)	 t q[9]
Gate( 1395)	 t q[10]
Gate( 1396)	cx q[9], q[11]
Gate( 1397)	cx q[10], q[9]
Gate( 1398)	cx q[11], q[10]
Gate( 1399)	tdg q[9]
Gate( 1400)	cx q[11], q[9]
Gate( 1401)	tdg q[11]
Gate( 1402)	tdg q[9]
Gate( 1403)	 t q[10]
Gate( 1404)	cx q[10], q[9]
Gate( 1405)	cx q[11], q[10]
Gate( 1406)	cx q[9], q[11]
Gate( 1407)	 h q[10]
Gate( 1408)	 h q[0]
Gate( 1409)	 t q[3]
Gate( 1410)	 t q[11]
Gate( 1411)	 t q[0]
Gate( 1412)	cx q[11], q[3]
Gate( 1413)	cx q[0], q[11]
Gate( 1414)	cx q[3], q[0]
Gate( 1415)	tdg q[11]
Gate( 1416)	cx q[3], q[11]
Gate( 1417)	tdg q[3]
Gate( 1418)	tdg q[11]
Gate( 1419)	 t q[0]
Gate( 1420)	cx q[0], q[11]
Gate( 1421)	cx q[3], q[0]
Gate( 1422)	cx q[11], q[3]
Gate( 1423)	 h q[0]
Gate( 1424)	 h q[11]
Gate( 1425)	 t q[1]
Gate( 1426)	 t q[2]
Gate( 1427)	 t q[11]
Gate( 1428)	cx q[2], q[1]
Gate( 1429)	cx q[11], q[2]
Gate( 1430)	cx q[1], q[11]
Gate( 1431)	tdg q[2]
Gate( 1432)	cx q[1], q[2]
Gate( 1433)	tdg q[1]
Gate( 1434)	tdg q[2]
Gate( 1435)	 t q[11]
Gate( 1436)	cx q[11], q[2]
Gate( 1437)	cx q[1], q[11]
Gate( 1438)	cx q[2], q[1]
Gate( 1439)	 h q[11]
Gate( 1440)	 h q[0]
Gate( 1441)	 t q[3]
Gate( 1442)	 t q[11]
Gate( 1443)	 t q[0]
Gate( 1444)	cx q[11], q[3]
Gate( 1445)	cx q[0], q[11]
Gate( 1446)	cx q[3], q[0]
Gate( 1447)	tdg q[11]
Gate( 1448)	cx q[3], q[11]
Gate( 1449)	tdg q[3]
Gate( 1450)	tdg q[11]
Gate( 1451)	 t q[0]
Gate( 1452)	cx q[0], q[11]
Gate( 1453)	cx q[3], q[0]
Gate( 1454)	cx q[11], q[3]
Gate( 1455)	 h q[0]
Gate( 1456)	 h q[11]
Gate( 1457)	 t q[1]
Gate( 1458)	 t q[2]
Gate( 1459)	 t q[11]
Gate( 1460)	cx q[2], q[1]
Gate( 1461)	cx q[11], q[2]
Gate( 1462)	cx q[1], q[11]
Gate( 1463)	tdg q[2]
Gate( 1464)	cx q[1], q[2]
Gate( 1465)	tdg q[1]
Gate( 1466)	tdg q[2]
Gate( 1467)	 t q[11]
Gate( 1468)	cx q[11], q[2]
Gate( 1469)	cx q[1], q[11]
Gate( 1470)	cx q[2], q[1]
Gate( 1471)	 h q[11]
Gate( 1472)	 h q[7]
Gate( 1473)	 t q[0]
Gate( 1474)	 t q[10]
Gate( 1475)	 t q[7]
Gate( 1476)	cx q[10], q[0]
Gate( 1477)	cx q[7], q[10]
Gate( 1478)	cx q[0], q[7]
Gate( 1479)	tdg q[10]
Gate( 1480)	cx q[0], q[10]
Gate( 1481)	tdg q[0]
Gate( 1482)	tdg q[10]
Gate( 1483)	 t q[7]
Gate( 1484)	cx q[7], q[10]
Gate( 1485)	cx q[0], q[7]
Gate( 1486)	cx q[10], q[0]
Gate( 1487)	 h q[7]
Gate( 1488)	 h q[10]
Gate( 1489)	 t q[11]
Gate( 1490)	 t q[9]
Gate( 1491)	 t q[10]
Gate( 1492)	cx q[9], q[11]
Gate( 1493)	cx q[10], q[9]
Gate( 1494)	cx q[11], q[10]
Gate( 1495)	tdg q[9]
Gate( 1496)	cx q[11], q[9]
Gate( 1497)	tdg q[11]
Gate( 1498)	tdg q[9]
Gate( 1499)	 t q[10]
Gate( 1500)	cx q[10], q[9]
Gate( 1501)	cx q[11], q[10]
Gate( 1502)	cx q[9], q[11]
Gate( 1503)	 h q[10]
Gate( 1504)	 h q[9]
Gate( 1505)	 t q[6]
Gate( 1506)	 t q[8]
Gate( 1507)	 t q[9]
Gate( 1508)	cx q[8], q[6]
Gate( 1509)	cx q[9], q[8]
Gate( 1510)	cx q[6], q[9]
Gate( 1511)	tdg q[8]
Gate( 1512)	cx q[6], q[8]
Gate( 1513)	tdg q[6]
Gate( 1514)	tdg q[8]
Gate( 1515)	 t q[9]
Gate( 1516)	cx q[9], q[8]
Gate( 1517)	cx q[6], q[9]
Gate( 1518)	cx q[8], q[6]
Gate( 1519)	 h q[9]
Gate( 1520)	 h q[8]
Gate( 1521)	 t q[4]
Gate( 1522)	 t q[5]
Gate( 1523)	 t q[8]
Gate( 1524)	cx q[5], q[4]
Gate( 1525)	cx q[8], q[5]
Gate( 1526)	cx q[4], q[8]
Gate( 1527)	tdg q[5]
Gate( 1528)	cx q[4], q[5]
Gate( 1529)	tdg q[4]
Gate( 1530)	tdg q[5]
Gate( 1531)	 t q[8]
Gate( 1532)	cx q[8], q[5]
Gate( 1533)	cx q[4], q[8]
Gate( 1534)	cx q[5], q[4]
Gate( 1535)	 h q[8]
Gate( 1536)	 h q[9]
Gate( 1537)	 t q[6]
Gate( 1538)	 t q[8]
Gate( 1539)	 t q[9]
Gate( 1540)	cx q[8], q[6]
Gate( 1541)	cx q[9], q[8]
Gate( 1542)	cx q[6], q[9]
Gate( 1543)	tdg q[8]
Gate( 1544)	cx q[6], q[8]
Gate( 1545)	tdg q[6]
Gate( 1546)	tdg q[8]
Gate( 1547)	 t q[9]
Gate( 1548)	cx q[9], q[8]
Gate( 1549)	cx q[6], q[9]
Gate( 1550)	cx q[8], q[6]
Gate( 1551)	 h q[9]
Gate( 1552)	 h q[10]
Gate( 1553)	 t q[11]
Gate( 1554)	 t q[9]
Gate( 1555)	 t q[10]
Gate( 1556)	cx q[9], q[11]
Gate( 1557)	cx q[10], q[9]
Gate( 1558)	cx q[11], q[10]
Gate( 1559)	tdg q[9]
Gate( 1560)	cx q[11], q[9]
Gate( 1561)	tdg q[11]
Gate( 1562)	tdg q[9]
Gate( 1563)	 t q[10]
Gate( 1564)	cx q[10], q[9]
Gate( 1565)	cx q[11], q[10]
Gate( 1566)	cx q[9], q[11]
Gate( 1567)	 h q[10]
Gate( 1568)	 h q[7]
Gate( 1569)	 t q[0]
Gate( 1570)	 t q[10]
Gate( 1571)	 t q[7]
Gate( 1572)	cx q[10], q[0]
Gate( 1573)	cx q[7], q[10]
Gate( 1574)	cx q[0], q[7]
Gate( 1575)	tdg q[10]
Gate( 1576)	cx q[0], q[10]
Gate( 1577)	tdg q[0]
Gate( 1578)	tdg q[10]
Gate( 1579)	 t q[7]
Gate( 1580)	cx q[7], q[10]
Gate( 1581)	cx q[0], q[7]
Gate( 1582)	cx q[10], q[0]
Gate( 1583)	 h q[7]
Gate( 1584)	 h q[10]
Gate( 1585)	 t q[11]
Gate( 1586)	 t q[9]
Gate( 1587)	 t q[10]
Gate( 1588)	cx q[9], q[11]
Gate( 1589)	cx q[10], q[9]
Gate( 1590)	cx q[11], q[10]
Gate( 1591)	tdg q[9]
Gate( 1592)	cx q[11], q[9]
Gate( 1593)	tdg q[11]
Gate( 1594)	tdg q[9]
Gate( 1595)	 t q[10]
Gate( 1596)	cx q[10], q[9]
Gate( 1597)	cx q[11], q[10]
Gate( 1598)	cx q[9], q[11]
Gate( 1599)	 h q[10]
Gate( 1600)	 h q[9]
Gate( 1601)	 t q[6]
Gate( 1602)	 t q[8]
Gate( 1603)	 t q[9]
Gate( 1604)	cx q[8], q[6]
Gate( 1605)	cx q[9], q[8]
Gate( 1606)	cx q[6], q[9]
Gate( 1607)	tdg q[8]
Gate( 1608)	cx q[6], q[8]
Gate( 1609)	tdg q[6]
Gate( 1610)	tdg q[8]
Gate( 1611)	 t q[9]
Gate( 1612)	cx q[9], q[8]
Gate( 1613)	cx q[6], q[9]
Gate( 1614)	cx q[8], q[6]
Gate( 1615)	 h q[9]
Gate( 1616)	 h q[8]
Gate( 1617)	 t q[4]
Gate( 1618)	 t q[5]
Gate( 1619)	 t q[8]
Gate( 1620)	cx q[5], q[4]
Gate( 1621)	cx q[8], q[5]
Gate( 1622)	cx q[4], q[8]
Gate( 1623)	tdg q[5]
Gate( 1624)	cx q[4], q[5]
Gate( 1625)	tdg q[4]
Gate( 1626)	tdg q[5]
Gate( 1627)	 t q[8]
Gate( 1628)	cx q[8], q[5]
Gate( 1629)	cx q[4], q[8]
Gate( 1630)	cx q[5], q[4]
Gate( 1631)	 h q[8]
Gate( 1632)	 h q[9]
Gate( 1633)	 t q[6]
Gate( 1634)	 t q[8]
Gate( 1635)	 t q[9]
Gate( 1636)	cx q[8], q[6]
Gate( 1637)	cx q[9], q[8]
Gate( 1638)	cx q[6], q[9]
Gate( 1639)	tdg q[8]
Gate( 1640)	cx q[6], q[8]
Gate( 1641)	tdg q[6]
Gate( 1642)	tdg q[8]
Gate( 1643)	 t q[9]
Gate( 1644)	cx q[9], q[8]
Gate( 1645)	cx q[6], q[9]
Gate( 1646)	cx q[8], q[6]
Gate( 1647)	 h q[9]
Gate( 1648)	 h q[10]
Gate( 1649)	 t q[11]
Gate( 1650)	 t q[9]
Gate( 1651)	 t q[10]
Gate( 1652)	cx q[9], q[11]
Gate( 1653)	cx q[10], q[9]
Gate( 1654)	cx q[11], q[10]
Gate( 1655)	tdg q[9]
Gate( 1656)	cx q[11], q[9]
Gate( 1657)	tdg q[11]
Gate( 1658)	tdg q[9]
Gate( 1659)	 t q[10]
Gate( 1660)	cx q[10], q[9]
Gate( 1661)	cx q[11], q[10]
Gate( 1662)	cx q[9], q[11]
Gate( 1663)	 h q[10]
Gate( 1664)	 h q[0]
Gate( 1665)	 t q[3]
Gate( 1666)	 t q[11]
Gate( 1667)	 t q[0]
Gate( 1668)	cx q[11], q[3]
Gate( 1669)	cx q[0], q[11]
Gate( 1670)	cx q[3], q[0]
Gate( 1671)	tdg q[11]
Gate( 1672)	cx q[3], q[11]
Gate( 1673)	tdg q[3]
Gate( 1674)	tdg q[11]
Gate( 1675)	 t q[0]
Gate( 1676)	cx q[0], q[11]
Gate( 1677)	cx q[3], q[0]
Gate( 1678)	cx q[11], q[3]
Gate( 1679)	 h q[0]
Gate( 1680)	 h q[11]
Gate( 1681)	 t q[1]
Gate( 1682)	 t q[2]
Gate( 1683)	 t q[11]
Gate( 1684)	cx q[2], q[1]
Gate( 1685)	cx q[11], q[2]
Gate( 1686)	cx q[1], q[11]
Gate( 1687)	tdg q[2]
Gate( 1688)	cx q[1], q[2]
Gate( 1689)	tdg q[1]
Gate( 1690)	tdg q[2]
Gate( 1691)	 t q[11]
Gate( 1692)	cx q[11], q[2]
Gate( 1693)	cx q[1], q[11]
Gate( 1694)	cx q[2], q[1]
Gate( 1695)	 h q[11]
Gate( 1696)	 h q[0]
Gate( 1697)	 t q[3]
Gate( 1698)	 t q[11]
Gate( 1699)	 t q[0]
Gate( 1700)	cx q[11], q[3]
Gate( 1701)	cx q[0], q[11]
Gate( 1702)	cx q[3], q[0]
Gate( 1703)	tdg q[11]
Gate( 1704)	cx q[3], q[11]
Gate( 1705)	tdg q[3]
Gate( 1706)	tdg q[11]
Gate( 1707)	 t q[0]
Gate( 1708)	cx q[0], q[11]
Gate( 1709)	cx q[3], q[0]
Gate( 1710)	cx q[11], q[3]
Gate( 1711)	 h q[0]
Gate( 1712)	 h q[11]
Gate( 1713)	 t q[1]
Gate( 1714)	 t q[2]
Gate( 1715)	 t q[11]
Gate( 1716)	cx q[2], q[1]
Gate( 1717)	cx q[11], q[2]
Gate( 1718)	cx q[1], q[11]
Gate( 1719)	tdg q[2]
Gate( 1720)	cx q[1], q[2]
Gate( 1721)	tdg q[1]
Gate( 1722)	tdg q[2]
Gate( 1723)	 t q[11]
Gate( 1724)	cx q[11], q[2]
Gate( 1725)	cx q[1], q[11]
Gate( 1726)	cx q[2], q[1]
Gate( 1727)	 h q[11]
Gate( 1728)	 h q[7]
Gate( 1729)	 t q[0]
Gate( 1730)	 t q[10]
Gate( 1731)	 t q[7]
Gate( 1732)	cx q[10], q[0]
Gate( 1733)	cx q[7], q[10]
Gate( 1734)	cx q[0], q[7]
Gate( 1735)	tdg q[10]
Gate( 1736)	cx q[0], q[10]
Gate( 1737)	tdg q[0]
Gate( 1738)	tdg q[10]
Gate( 1739)	 t q[7]
Gate( 1740)	cx q[7], q[10]
Gate( 1741)	cx q[0], q[7]
Gate( 1742)	cx q[10], q[0]
Gate( 1743)	 h q[7]
Gate( 1744)	 h q[10]
Gate( 1745)	 t q[11]
Gate( 1746)	 t q[9]
Gate( 1747)	 t q[10]
Gate( 1748)	cx q[9], q[11]
Gate( 1749)	cx q[10], q[9]
Gate( 1750)	cx q[11], q[10]
Gate( 1751)	tdg q[9]
Gate( 1752)	cx q[11], q[9]
Gate( 1753)	tdg q[11]
Gate( 1754)	tdg q[9]
Gate( 1755)	 t q[10]
Gate( 1756)	cx q[10], q[9]
Gate( 1757)	cx q[11], q[10]
Gate( 1758)	cx q[9], q[11]
Gate( 1759)	 h q[10]
Gate( 1760)	 h q[9]
Gate( 1761)	 t q[6]
Gate( 1762)	 t q[8]
Gate( 1763)	 t q[9]
Gate( 1764)	cx q[8], q[6]
Gate( 1765)	cx q[9], q[8]
Gate( 1766)	cx q[6], q[9]
Gate( 1767)	tdg q[8]
Gate( 1768)	cx q[6], q[8]
Gate( 1769)	tdg q[6]
Gate( 1770)	tdg q[8]
Gate( 1771)	 t q[9]
Gate( 1772)	cx q[9], q[8]
Gate( 1773)	cx q[6], q[9]
Gate( 1774)	cx q[8], q[6]
Gate( 1775)	 h q[9]
Gate( 1776)	 h q[8]
Gate( 1777)	 t q[4]
Gate( 1778)	 t q[5]
Gate( 1779)	 t q[8]
Gate( 1780)	cx q[5], q[4]
Gate( 1781)	cx q[8], q[5]
Gate( 1782)	cx q[4], q[8]
Gate( 1783)	tdg q[5]
Gate( 1784)	cx q[4], q[5]
Gate( 1785)	tdg q[4]
Gate( 1786)	tdg q[5]
Gate( 1787)	 t q[8]
Gate( 1788)	cx q[8], q[5]
Gate( 1789)	cx q[4], q[8]
Gate( 1790)	cx q[5], q[4]
Gate( 1791)	 h q[8]
Gate( 1792)	 h q[9]
Gate( 1793)	 t q[6]
Gate( 1794)	 t q[8]
Gate( 1795)	 t q[9]
Gate( 1796)	cx q[8], q[6]
Gate( 1797)	cx q[9], q[8]
Gate( 1798)	cx q[6], q[9]
Gate( 1799)	tdg q[8]
Gate( 1800)	cx q[6], q[8]
Gate( 1801)	tdg q[6]
Gate( 1802)	tdg q[8]
Gate( 1803)	 t q[9]
Gate( 1804)	cx q[9], q[8]
Gate( 1805)	cx q[6], q[9]
Gate( 1806)	cx q[8], q[6]
Gate( 1807)	 h q[9]
Gate( 1808)	 h q[10]
Gate( 1809)	 t q[11]
Gate( 1810)	 t q[9]
Gate( 1811)	 t q[10]
Gate( 1812)	cx q[9], q[11]
Gate( 1813)	cx q[10], q[9]
Gate( 1814)	cx q[11], q[10]
Gate( 1815)	tdg q[9]
Gate( 1816)	cx q[11], q[9]
Gate( 1817)	tdg q[11]
Gate( 1818)	tdg q[9]
Gate( 1819)	 t q[10]
Gate( 1820)	cx q[10], q[9]
Gate( 1821)	cx q[11], q[10]
Gate( 1822)	cx q[9], q[11]
Gate( 1823)	 h q[10]
Gate( 1824)	 h q[7]
Gate( 1825)	 t q[0]
Gate( 1826)	 t q[10]
Gate( 1827)	 t q[7]
Gate( 1828)	cx q[10], q[0]
Gate( 1829)	cx q[7], q[10]
Gate( 1830)	cx q[0], q[7]
Gate( 1831)	tdg q[10]
Gate( 1832)	cx q[0], q[10]
Gate( 1833)	tdg q[0]
Gate( 1834)	tdg q[10]
Gate( 1835)	 t q[7]
Gate( 1836)	cx q[7], q[10]
Gate( 1837)	cx q[0], q[7]
Gate( 1838)	cx q[10], q[0]
Gate( 1839)	 h q[7]
Gate( 1840)	 h q[10]
Gate( 1841)	 t q[11]
Gate( 1842)	 t q[9]
Gate( 1843)	 t q[10]
Gate( 1844)	cx q[9], q[11]
Gate( 1845)	cx q[10], q[9]
Gate( 1846)	cx q[11], q[10]
Gate( 1847)	tdg q[9]
Gate( 1848)	cx q[11], q[9]
Gate( 1849)	tdg q[11]
Gate( 1850)	tdg q[9]
Gate( 1851)	 t q[10]
Gate( 1852)	cx q[10], q[9]
Gate( 1853)	cx q[11], q[10]
Gate( 1854)	cx q[9], q[11]
Gate( 1855)	 h q[10]
Gate( 1856)	 h q[9]
Gate( 1857)	 t q[6]
Gate( 1858)	 t q[8]
Gate( 1859)	 t q[9]
Gate( 1860)	cx q[8], q[6]
Gate( 1861)	cx q[9], q[8]
Gate( 1862)	cx q[6], q[9]
Gate( 1863)	tdg q[8]
Gate( 1864)	cx q[6], q[8]
Gate( 1865)	tdg q[6]
Gate( 1866)	tdg q[8]
Gate( 1867)	 t q[9]
Gate( 1868)	cx q[9], q[8]
Gate( 1869)	cx q[6], q[9]
Gate( 1870)	cx q[8], q[6]
Gate( 1871)	 h q[9]
Gate( 1872)	 h q[8]
Gate( 1873)	 t q[4]
Gate( 1874)	 t q[5]
Gate( 1875)	 t q[8]
Gate( 1876)	cx q[5], q[4]
Gate( 1877)	cx q[8], q[5]
Gate( 1878)	cx q[4], q[8]
Gate( 1879)	tdg q[5]
Gate( 1880)	cx q[4], q[5]
Gate( 1881)	tdg q[4]
Gate( 1882)	tdg q[5]
Gate( 1883)	 t q[8]
Gate( 1884)	cx q[8], q[5]
Gate( 1885)	cx q[4], q[8]
Gate( 1886)	cx q[5], q[4]
Gate( 1887)	 h q[8]
Gate( 1888)	 h q[9]
Gate( 1889)	 t q[6]
Gate( 1890)	 t q[8]
Gate( 1891)	 t q[9]
Gate( 1892)	cx q[8], q[6]
Gate( 1893)	cx q[9], q[8]
Gate( 1894)	cx q[6], q[9]
Gate( 1895)	tdg q[8]
Gate( 1896)	cx q[6], q[8]
Gate( 1897)	tdg q[6]
Gate( 1898)	tdg q[8]
Gate( 1899)	 t q[9]
Gate( 1900)	cx q[9], q[8]
Gate( 1901)	cx q[6], q[9]
Gate( 1902)	cx q[8], q[6]
Gate( 1903)	 h q[9]
Gate( 1904)	 h q[10]
Gate( 1905)	 t q[11]
Gate( 1906)	 t q[9]
Gate( 1907)	 t q[10]
Gate( 1908)	cx q[9], q[11]
Gate( 1909)	cx q[10], q[9]
Gate( 1910)	cx q[11], q[10]
Gate( 1911)	tdg q[9]
Gate( 1912)	cx q[11], q[9]
Gate( 1913)	tdg q[11]
Gate( 1914)	tdg q[9]
Gate( 1915)	 t q[10]
Gate( 1916)	cx q[10], q[9]
Gate( 1917)	cx q[11], q[10]
Gate( 1918)	cx q[9], q[11]
Gate( 1919)	 h q[10]
Gate( 1920)	 h q[6]
Gate( 1921)	 t q[11]
Gate( 1922)	 t q[10]
Gate( 1923)	 t q[6]
Gate( 1924)	cx q[10], q[11]
Gate( 1925)	cx q[6], q[10]
Gate( 1926)	cx q[11], q[6]
Gate( 1927)	tdg q[10]
Gate( 1928)	cx q[11], q[10]
Gate( 1929)	tdg q[11]
Gate( 1930)	tdg q[10]
Gate( 1931)	 t q[6]
Gate( 1932)	cx q[6], q[10]
Gate( 1933)	cx q[11], q[6]
Gate( 1934)	cx q[10], q[11]
Gate( 1935)	 h q[6]
Gate( 1936)	 h q[10]
Gate( 1937)	 t q[5]
Gate( 1938)	 t q[9]
Gate( 1939)	 t q[10]
Gate( 1940)	cx q[9], q[5]
Gate( 1941)	cx q[10], q[9]
Gate( 1942)	cx q[5], q[10]
Gate( 1943)	tdg q[9]
Gate( 1944)	cx q[5], q[9]
Gate( 1945)	tdg q[5]
Gate( 1946)	tdg q[9]
Gate( 1947)	 t q[10]
Gate( 1948)	cx q[10], q[9]
Gate( 1949)	cx q[5], q[10]
Gate( 1950)	cx q[9], q[5]
Gate( 1951)	 h q[10]
Gate( 1952)	 h q[9]
Gate( 1953)	 t q[4]
Gate( 1954)	 t q[8]
Gate( 1955)	 t q[9]
Gate( 1956)	cx q[8], q[4]
Gate( 1957)	cx q[9], q[8]
Gate( 1958)	cx q[4], q[9]
Gate( 1959)	tdg q[8]
Gate( 1960)	cx q[4], q[8]
Gate( 1961)	tdg q[4]
Gate( 1962)	tdg q[8]
Gate( 1963)	 t q[9]
Gate( 1964)	cx q[9], q[8]
Gate( 1965)	cx q[4], q[9]
Gate( 1966)	cx q[8], q[4]
Gate( 1967)	 h q[9]
Gate( 1968)	 h q[8]
Gate( 1969)	 t q[3]
Gate( 1970)	 t q[7]
Gate( 1971)	 t q[8]
Gate( 1972)	cx q[7], q[3]
Gate( 1973)	cx q[8], q[7]
Gate( 1974)	cx q[3], q[8]
Gate( 1975)	tdg q[7]
Gate( 1976)	cx q[3], q[7]
Gate( 1977)	tdg q[3]
Gate( 1978)	tdg q[7]
Gate( 1979)	 t q[8]
Gate( 1980)	cx q[8], q[7]
Gate( 1981)	cx q[3], q[8]
Gate( 1982)	cx q[7], q[3]
Gate( 1983)	 h q[8]
Gate( 1984)	 h q[7]
Gate( 1985)	 t q[1]
Gate( 1986)	 t q[2]
Gate( 1987)	 t q[7]
Gate( 1988)	cx q[2], q[1]
Gate( 1989)	cx q[7], q[2]
Gate( 1990)	cx q[1], q[7]
Gate( 1991)	tdg q[2]
Gate( 1992)	cx q[1], q[2]
Gate( 1993)	tdg q[1]
Gate( 1994)	tdg q[2]
Gate( 1995)	 t q[7]
Gate( 1996)	cx q[7], q[2]
Gate( 1997)	cx q[1], q[7]
Gate( 1998)	cx q[2], q[1]
Gate( 1999)	 h q[7]
Gate( 2000)	 h q[8]
Gate( 2001)	 t q[3]
Gate( 2002)	 t q[7]
Gate( 2003)	 t q[8]
Gate( 2004)	cx q[7], q[3]
Gate( 2005)	cx q[8], q[7]
Gate( 2006)	cx q[3], q[8]
Gate( 2007)	tdg q[7]
Gate( 2008)	cx q[3], q[7]
Gate( 2009)	tdg q[3]
Gate( 2010)	tdg q[7]
Gate( 2011)	 t q[8]
Gate( 2012)	cx q[8], q[7]
Gate( 2013)	cx q[3], q[8]
Gate( 2014)	cx q[7], q[3]
Gate( 2015)	 h q[8]
Gate( 2016)	 h q[9]
Gate( 2017)	 t q[4]
Gate( 2018)	 t q[8]
Gate( 2019)	 t q[9]
Gate( 2020)	cx q[8], q[4]
Gate( 2021)	cx q[9], q[8]
Gate( 2022)	cx q[4], q[9]
Gate( 2023)	tdg q[8]
Gate( 2024)	cx q[4], q[8]
Gate( 2025)	tdg q[4]
Gate( 2026)	tdg q[8]
Gate( 2027)	 t q[9]
Gate( 2028)	cx q[9], q[8]
Gate( 2029)	cx q[4], q[9]
Gate( 2030)	cx q[8], q[4]
Gate( 2031)	 h q[9]
Gate( 2032)	 h q[10]
Gate( 2033)	 t q[5]
Gate( 2034)	 t q[9]
Gate( 2035)	 t q[10]
Gate( 2036)	cx q[9], q[5]
Gate( 2037)	cx q[10], q[9]
Gate( 2038)	cx q[5], q[10]
Gate( 2039)	tdg q[9]
Gate( 2040)	cx q[5], q[9]
Gate( 2041)	tdg q[5]
Gate( 2042)	tdg q[9]
Gate( 2043)	 t q[10]
Gate( 2044)	cx q[10], q[9]
Gate( 2045)	cx q[5], q[10]
Gate( 2046)	cx q[9], q[5]
Gate( 2047)	 h q[10]
Gate( 2048)	 h q[6]
Gate( 2049)	 t q[11]
Gate( 2050)	 t q[10]
Gate( 2051)	 t q[6]
Gate( 2052)	cx q[10], q[11]
Gate( 2053)	cx q[6], q[10]
Gate( 2054)	cx q[11], q[6]
Gate( 2055)	tdg q[10]
Gate( 2056)	cx q[11], q[10]
Gate( 2057)	tdg q[11]
Gate( 2058)	tdg q[10]
Gate( 2059)	 t q[6]
Gate( 2060)	cx q[6], q[10]
Gate( 2061)	cx q[11], q[6]
Gate( 2062)	cx q[10], q[11]
Gate( 2063)	 h q[6]
Gate( 2064)	 h q[10]
Gate( 2065)	 t q[5]
Gate( 2066)	 t q[9]
Gate( 2067)	 t q[10]
Gate( 2068)	cx q[9], q[5]
Gate( 2069)	cx q[10], q[9]
Gate( 2070)	cx q[5], q[10]
Gate( 2071)	tdg q[9]
Gate( 2072)	cx q[5], q[9]
Gate( 2073)	tdg q[5]
Gate( 2074)	tdg q[9]
Gate( 2075)	 t q[10]
Gate( 2076)	cx q[10], q[9]
Gate( 2077)	cx q[5], q[10]
Gate( 2078)	cx q[9], q[5]
Gate( 2079)	 h q[10]
Gate( 2080)	 h q[9]
Gate( 2081)	 t q[4]
Gate( 2082)	 t q[8]
Gate( 2083)	 t q[9]
Gate( 2084)	cx q[8], q[4]
Gate( 2085)	cx q[9], q[8]
Gate( 2086)	cx q[4], q[9]
Gate( 2087)	tdg q[8]
Gate( 2088)	cx q[4], q[8]
Gate( 2089)	tdg q[4]
Gate( 2090)	tdg q[8]
Gate( 2091)	 t q[9]
Gate( 2092)	cx q[9], q[8]
Gate( 2093)	cx q[4], q[9]
Gate( 2094)	cx q[8], q[4]
Gate( 2095)	 h q[9]
Gate( 2096)	 h q[8]
Gate( 2097)	 t q[3]
Gate( 2098)	 t q[7]
Gate( 2099)	 t q[8]
Gate( 2100)	cx q[7], q[3]
Gate( 2101)	cx q[8], q[7]
Gate( 2102)	cx q[3], q[8]
Gate( 2103)	tdg q[7]
Gate( 2104)	cx q[3], q[7]
Gate( 2105)	tdg q[3]
Gate( 2106)	tdg q[7]
Gate( 2107)	 t q[8]
Gate( 2108)	cx q[8], q[7]
Gate( 2109)	cx q[3], q[8]
Gate( 2110)	cx q[7], q[3]
Gate( 2111)	 h q[8]
Gate( 2112)	 h q[7]
Gate( 2113)	 t q[1]
Gate( 2114)	 t q[2]
Gate( 2115)	 t q[7]
Gate( 2116)	cx q[2], q[1]
Gate( 2117)	cx q[7], q[2]
Gate( 2118)	cx q[1], q[7]
Gate( 2119)	tdg q[2]
Gate( 2120)	cx q[1], q[2]
Gate( 2121)	tdg q[1]
Gate( 2122)	tdg q[2]
Gate( 2123)	 t q[7]
Gate( 2124)	cx q[7], q[2]
Gate( 2125)	cx q[1], q[7]
Gate( 2126)	cx q[2], q[1]
Gate( 2127)	 h q[7]
Gate( 2128)	 h q[8]
Gate( 2129)	 t q[3]
Gate( 2130)	 t q[7]
Gate( 2131)	 t q[8]
Gate( 2132)	cx q[7], q[3]
Gate( 2133)	cx q[8], q[7]
Gate( 2134)	cx q[3], q[8]
Gate( 2135)	tdg q[7]
Gate( 2136)	cx q[3], q[7]
Gate( 2137)	tdg q[3]
Gate( 2138)	tdg q[7]
Gate( 2139)	 t q[8]
Gate( 2140)	cx q[8], q[7]
Gate( 2141)	cx q[3], q[8]
Gate( 2142)	cx q[7], q[3]
Gate( 2143)	 h q[8]
Gate( 2144)	 h q[9]
Gate( 2145)	 t q[4]
Gate( 2146)	 t q[8]
Gate( 2147)	 t q[9]
Gate( 2148)	cx q[8], q[4]
Gate( 2149)	cx q[9], q[8]
Gate( 2150)	cx q[4], q[9]
Gate( 2151)	tdg q[8]
Gate( 2152)	cx q[4], q[8]
Gate( 2153)	tdg q[4]
Gate( 2154)	tdg q[8]
Gate( 2155)	 t q[9]
Gate( 2156)	cx q[9], q[8]
Gate( 2157)	cx q[4], q[9]
Gate( 2158)	cx q[8], q[4]
Gate( 2159)	 h q[9]
Gate( 2160)	 h q[10]
Gate( 2161)	 t q[5]
Gate( 2162)	 t q[9]
Gate( 2163)	 t q[10]
Gate( 2164)	cx q[9], q[5]
Gate( 2165)	cx q[10], q[9]
Gate( 2166)	cx q[5], q[10]
Gate( 2167)	tdg q[9]
Gate( 2168)	cx q[5], q[9]
Gate( 2169)	tdg q[5]
Gate( 2170)	tdg q[9]
Gate( 2171)	 t q[10]
Gate( 2172)	cx q[10], q[9]
Gate( 2173)	cx q[5], q[10]
Gate( 2174)	cx q[9], q[5]
Gate( 2175)	 h q[10]
Gate( 2176)	 h q[5]
Gate( 2177)	 t q[11]
Gate( 2178)	 t q[10]
Gate( 2179)	 t q[5]
Gate( 2180)	cx q[10], q[11]
Gate( 2181)	cx q[5], q[10]
Gate( 2182)	cx q[11], q[5]
Gate( 2183)	tdg q[10]
Gate( 2184)	cx q[11], q[10]
Gate( 2185)	tdg q[11]
Gate( 2186)	tdg q[10]
Gate( 2187)	 t q[5]
Gate( 2188)	cx q[5], q[10]
Gate( 2189)	cx q[11], q[5]
Gate( 2190)	cx q[10], q[11]
Gate( 2191)	 h q[5]
Gate( 2192)	 h q[10]
Gate( 2193)	 t q[4]
Gate( 2194)	 t q[9]
Gate( 2195)	 t q[10]
Gate( 2196)	cx q[9], q[4]
Gate( 2197)	cx q[10], q[9]
Gate( 2198)	cx q[4], q[10]
Gate( 2199)	tdg q[9]
Gate( 2200)	cx q[4], q[9]
Gate( 2201)	tdg q[4]
Gate( 2202)	tdg q[9]
Gate( 2203)	 t q[10]
Gate( 2204)	cx q[10], q[9]
Gate( 2205)	cx q[4], q[10]
Gate( 2206)	cx q[9], q[4]
Gate( 2207)	 h q[10]
Gate( 2208)	 h q[9]
Gate( 2209)	 t q[3]
Gate( 2210)	 t q[8]
Gate( 2211)	 t q[9]
Gate( 2212)	cx q[8], q[3]
Gate( 2213)	cx q[9], q[8]
Gate( 2214)	cx q[3], q[9]
Gate( 2215)	tdg q[8]
Gate( 2216)	cx q[3], q[8]
Gate( 2217)	tdg q[3]
Gate( 2218)	tdg q[8]
Gate( 2219)	 t q[9]
Gate( 2220)	cx q[9], q[8]
Gate( 2221)	cx q[3], q[9]
Gate( 2222)	cx q[8], q[3]
Gate( 2223)	 h q[9]
Gate( 2224)	 h q[8]
Gate( 2225)	 t q[1]
Gate( 2226)	 t q[2]
Gate( 2227)	 t q[8]
Gate( 2228)	cx q[2], q[1]
Gate( 2229)	cx q[8], q[2]
Gate( 2230)	cx q[1], q[8]
Gate( 2231)	tdg q[2]
Gate( 2232)	cx q[1], q[2]
Gate( 2233)	tdg q[1]
Gate( 2234)	tdg q[2]
Gate( 2235)	 t q[8]
Gate( 2236)	cx q[8], q[2]
Gate( 2237)	cx q[1], q[8]
Gate( 2238)	cx q[2], q[1]
Gate( 2239)	 h q[8]
Gate( 2240)	 h q[9]
Gate( 2241)	 t q[3]
Gate( 2242)	 t q[8]
Gate( 2243)	 t q[9]
Gate( 2244)	cx q[8], q[3]
Gate( 2245)	cx q[9], q[8]
Gate( 2246)	cx q[3], q[9]
Gate( 2247)	tdg q[8]
Gate( 2248)	cx q[3], q[8]
Gate( 2249)	tdg q[3]
Gate( 2250)	tdg q[8]
Gate( 2251)	 t q[9]
Gate( 2252)	cx q[9], q[8]
Gate( 2253)	cx q[3], q[9]
Gate( 2254)	cx q[8], q[3]
Gate( 2255)	 h q[9]
Gate( 2256)	 h q[10]
Gate( 2257)	 t q[4]
Gate( 2258)	 t q[9]
Gate( 2259)	 t q[10]
Gate( 2260)	cx q[9], q[4]
Gate( 2261)	cx q[10], q[9]
Gate( 2262)	cx q[4], q[10]
Gate( 2263)	tdg q[9]
Gate( 2264)	cx q[4], q[9]
Gate( 2265)	tdg q[4]
Gate( 2266)	tdg q[9]
Gate( 2267)	 t q[10]
Gate( 2268)	cx q[10], q[9]
Gate( 2269)	cx q[4], q[10]
Gate( 2270)	cx q[9], q[4]
Gate( 2271)	 h q[10]
Gate( 2272)	 h q[5]
Gate( 2273)	 t q[11]
Gate( 2274)	 t q[10]
Gate( 2275)	 t q[5]
Gate( 2276)	cx q[10], q[11]
Gate( 2277)	cx q[5], q[10]
Gate( 2278)	cx q[11], q[5]
Gate( 2279)	tdg q[10]
Gate( 2280)	cx q[11], q[10]
Gate( 2281)	tdg q[11]
Gate( 2282)	tdg q[10]
Gate( 2283)	 t q[5]
Gate( 2284)	cx q[5], q[10]
Gate( 2285)	cx q[11], q[5]
Gate( 2286)	cx q[10], q[11]
Gate( 2287)	 h q[5]
Gate( 2288)	 h q[10]
Gate( 2289)	 t q[4]
Gate( 2290)	 t q[9]
Gate( 2291)	 t q[10]
Gate( 2292)	cx q[9], q[4]
Gate( 2293)	cx q[10], q[9]
Gate( 2294)	cx q[4], q[10]
Gate( 2295)	tdg q[9]
Gate( 2296)	cx q[4], q[9]
Gate( 2297)	tdg q[4]
Gate( 2298)	tdg q[9]
Gate( 2299)	 t q[10]
Gate( 2300)	cx q[10], q[9]
Gate( 2301)	cx q[4], q[10]
Gate( 2302)	cx q[9], q[4]
Gate( 2303)	 h q[10]
Gate( 2304)	 h q[9]
Gate( 2305)	 t q[3]
Gate( 2306)	 t q[8]
Gate( 2307)	 t q[9]
Gate( 2308)	cx q[8], q[3]
Gate( 2309)	cx q[9], q[8]
Gate( 2310)	cx q[3], q[9]
Gate( 2311)	tdg q[8]
Gate( 2312)	cx q[3], q[8]
Gate( 2313)	tdg q[3]
Gate( 2314)	tdg q[8]
Gate( 2315)	 t q[9]
Gate( 2316)	cx q[9], q[8]
Gate( 2317)	cx q[3], q[9]
Gate( 2318)	cx q[8], q[3]
Gate( 2319)	 h q[9]
Gate( 2320)	 h q[8]
Gate( 2321)	 t q[1]
Gate( 2322)	 t q[2]
Gate( 2323)	 t q[8]
Gate( 2324)	cx q[2], q[1]
Gate( 2325)	cx q[8], q[2]
Gate( 2326)	cx q[1], q[8]
Gate( 2327)	tdg q[2]
Gate( 2328)	cx q[1], q[2]
Gate( 2329)	tdg q[1]
Gate( 2330)	tdg q[2]
Gate( 2331)	 t q[8]
Gate( 2332)	cx q[8], q[2]
Gate( 2333)	cx q[1], q[8]
Gate( 2334)	cx q[2], q[1]
Gate( 2335)	 h q[8]
Gate( 2336)	 h q[9]
Gate( 2337)	 t q[3]
Gate( 2338)	 t q[8]
Gate( 2339)	 t q[9]
Gate( 2340)	cx q[8], q[3]
Gate( 2341)	cx q[9], q[8]
Gate( 2342)	cx q[3], q[9]
Gate( 2343)	tdg q[8]
Gate( 2344)	cx q[3], q[8]
Gate( 2345)	tdg q[3]
Gate( 2346)	tdg q[8]
Gate( 2347)	 t q[9]
Gate( 2348)	cx q[9], q[8]
Gate( 2349)	cx q[3], q[9]
Gate( 2350)	cx q[8], q[3]
Gate( 2351)	 h q[9]
Gate( 2352)	 h q[10]
Gate( 2353)	 t q[4]
Gate( 2354)	 t q[9]
Gate( 2355)	 t q[10]
Gate( 2356)	cx q[9], q[4]
Gate( 2357)	cx q[10], q[9]
Gate( 2358)	cx q[4], q[10]
Gate( 2359)	tdg q[9]
Gate( 2360)	cx q[4], q[9]
Gate( 2361)	tdg q[4]
Gate( 2362)	tdg q[9]
Gate( 2363)	 t q[10]
Gate( 2364)	cx q[10], q[9]
Gate( 2365)	cx q[4], q[10]
Gate( 2366)	cx q[9], q[4]
Gate( 2367)	 h q[10]
Gate( 2368)	 h q[4]
Gate( 2369)	 t q[11]
Gate( 2370)	 t q[10]
Gate( 2371)	 t q[4]
Gate( 2372)	cx q[10], q[11]
Gate( 2373)	cx q[4], q[10]
Gate( 2374)	cx q[11], q[4]
Gate( 2375)	tdg q[10]
Gate( 2376)	cx q[11], q[10]
Gate( 2377)	tdg q[11]
Gate( 2378)	tdg q[10]
Gate( 2379)	 t q[4]
Gate( 2380)	cx q[4], q[10]
Gate( 2381)	cx q[11], q[4]
Gate( 2382)	cx q[10], q[11]
Gate( 2383)	 h q[4]
Gate( 2384)	 h q[10]
Gate( 2385)	 t q[3]
Gate( 2386)	 t q[9]
Gate( 2387)	 t q[10]
Gate( 2388)	cx q[9], q[3]
Gate( 2389)	cx q[10], q[9]
Gate( 2390)	cx q[3], q[10]
Gate( 2391)	tdg q[9]
Gate( 2392)	cx q[3], q[9]
Gate( 2393)	tdg q[3]
Gate( 2394)	tdg q[9]
Gate( 2395)	 t q[10]
Gate( 2396)	cx q[10], q[9]
Gate( 2397)	cx q[3], q[10]
Gate( 2398)	cx q[9], q[3]
Gate( 2399)	 h q[10]
Gate( 2400)	 h q[9]
Gate( 2401)	 t q[1]
Gate( 2402)	 t q[2]
Gate( 2403)	 t q[9]
Gate( 2404)	cx q[2], q[1]
Gate( 2405)	cx q[9], q[2]
Gate( 2406)	cx q[1], q[9]
Gate( 2407)	tdg q[2]
Gate( 2408)	cx q[1], q[2]
Gate( 2409)	tdg q[1]
Gate( 2410)	tdg q[2]
Gate( 2411)	 t q[9]
Gate( 2412)	cx q[9], q[2]
Gate( 2413)	cx q[1], q[9]
Gate( 2414)	cx q[2], q[1]
Gate( 2415)	 h q[9]
Gate( 2416)	 h q[10]
Gate( 2417)	 t q[3]
Gate( 2418)	 t q[9]
Gate( 2419)	 t q[10]
Gate( 2420)	cx q[9], q[3]
Gate( 2421)	cx q[10], q[9]
Gate( 2422)	cx q[3], q[10]
Gate( 2423)	tdg q[9]
Gate( 2424)	cx q[3], q[9]
Gate( 2425)	tdg q[3]
Gate( 2426)	tdg q[9]
Gate( 2427)	 t q[10]
Gate( 2428)	cx q[10], q[9]
Gate( 2429)	cx q[3], q[10]
Gate( 2430)	cx q[9], q[3]
Gate( 2431)	 h q[10]
Gate( 2432)	 h q[4]
Gate( 2433)	 t q[11]
Gate( 2434)	 t q[10]
Gate( 2435)	 t q[4]
Gate( 2436)	cx q[10], q[11]
Gate( 2437)	cx q[4], q[10]
Gate( 2438)	cx q[11], q[4]
Gate( 2439)	tdg q[10]
Gate( 2440)	cx q[11], q[10]
Gate( 2441)	tdg q[11]
Gate( 2442)	tdg q[10]
Gate( 2443)	 t q[4]
Gate( 2444)	cx q[4], q[10]
Gate( 2445)	cx q[11], q[4]
Gate( 2446)	cx q[10], q[11]
Gate( 2447)	 h q[4]
Gate( 2448)	 h q[10]
Gate( 2449)	 t q[3]
Gate( 2450)	 t q[9]
Gate( 2451)	 t q[10]
Gate( 2452)	cx q[9], q[3]
Gate( 2453)	cx q[10], q[9]
Gate( 2454)	cx q[3], q[10]
Gate( 2455)	tdg q[9]
Gate( 2456)	cx q[3], q[9]
Gate( 2457)	tdg q[3]
Gate( 2458)	tdg q[9]
Gate( 2459)	 t q[10]
Gate( 2460)	cx q[10], q[9]
Gate( 2461)	cx q[3], q[10]
Gate( 2462)	cx q[9], q[3]
Gate( 2463)	 h q[10]
Gate( 2464)	 h q[9]
Gate( 2465)	 t q[1]
Gate( 2466)	 t q[2]
Gate( 2467)	 t q[9]
Gate( 2468)	cx q[2], q[1]
Gate( 2469)	cx q[9], q[2]
Gate( 2470)	cx q[1], q[9]
Gate( 2471)	tdg q[2]
Gate( 2472)	cx q[1], q[2]
Gate( 2473)	tdg q[1]
Gate( 2474)	tdg q[2]
Gate( 2475)	 t q[9]
Gate( 2476)	cx q[9], q[2]
Gate( 2477)	cx q[1], q[9]
Gate( 2478)	cx q[2], q[1]
Gate( 2479)	 h q[9]
Gate( 2480)	 h q[10]
Gate( 2481)	 t q[3]
Gate( 2482)	 t q[9]
Gate( 2483)	 t q[10]
Gate( 2484)	cx q[9], q[3]
Gate( 2485)	cx q[10], q[9]
Gate( 2486)	cx q[3], q[10]
Gate( 2487)	tdg q[9]
Gate( 2488)	cx q[3], q[9]
Gate( 2489)	tdg q[3]
Gate( 2490)	tdg q[9]
Gate( 2491)	 t q[10]
Gate( 2492)	cx q[10], q[9]
Gate( 2493)	cx q[3], q[10]
Gate( 2494)	cx q[9], q[3]
Gate( 2495)	 h q[10]
Gate( 2496)	 h q[3]
Gate( 2497)	 t q[11]
Gate( 2498)	 t q[10]
Gate( 2499)	 t q[3]
Gate( 2500)	cx q[10], q[11]
Gate( 2501)	cx q[3], q[10]
Gate( 2502)	cx q[11], q[3]
Gate( 2503)	tdg q[10]
Gate( 2504)	cx q[11], q[10]
Gate( 2505)	tdg q[11]
Gate( 2506)	tdg q[10]
Gate( 2507)	 t q[3]
Gate( 2508)	cx q[3], q[10]
Gate( 2509)	cx q[11], q[3]
Gate( 2510)	cx q[10], q[11]
Gate( 2511)	 h q[3]
Gate( 2512)	 h q[10]
Gate( 2513)	 t q[1]
Gate( 2514)	 t q[2]
Gate( 2515)	 t q[10]
Gate( 2516)	cx q[2], q[1]
Gate( 2517)	cx q[10], q[2]
Gate( 2518)	cx q[1], q[10]
Gate( 2519)	tdg q[2]
Gate( 2520)	cx q[1], q[2]
Gate( 2521)	tdg q[1]
Gate( 2522)	tdg q[2]
Gate( 2523)	 t q[10]
Gate( 2524)	cx q[10], q[2]
Gate( 2525)	cx q[1], q[10]
Gate( 2526)	cx q[2], q[1]
Gate( 2527)	 h q[10]
Gate( 2528)	 h q[3]
Gate( 2529)	 t q[11]
Gate( 2530)	 t q[10]
Gate( 2531)	 t q[3]
Gate( 2532)	cx q[10], q[11]
Gate( 2533)	cx q[3], q[10]
Gate( 2534)	cx q[11], q[3]
Gate( 2535)	tdg q[10]
Gate( 2536)	cx q[11], q[10]
Gate( 2537)	tdg q[11]
Gate( 2538)	tdg q[10]
Gate( 2539)	 t q[3]
Gate( 2540)	cx q[3], q[10]
Gate( 2541)	cx q[11], q[3]
Gate( 2542)	cx q[10], q[11]
Gate( 2543)	 h q[3]
Gate( 2544)	 h q[10]
Gate( 2545)	 t q[1]
Gate( 2546)	 t q[2]
Gate( 2547)	 t q[10]
Gate( 2548)	cx q[2], q[1]
Gate( 2549)	cx q[10], q[2]
Gate( 2550)	cx q[1], q[10]
Gate( 2551)	tdg q[2]
Gate( 2552)	cx q[1], q[2]
Gate( 2553)	tdg q[1]
Gate( 2554)	tdg q[2]
Gate( 2555)	 t q[10]
Gate( 2556)	cx q[10], q[2]
Gate( 2557)	cx q[1], q[10]
Gate( 2558)	cx q[2], q[1]
Gate( 2559)	 h q[10]
Gate( 2560)	 h q[2]
Gate( 2561)	 t q[1]
Gate( 2562)	 t q[11]
Gate( 2563)	 t q[2]
Gate( 2564)	cx q[11], q[1]
Gate( 2565)	cx q[2], q[11]
Gate( 2566)	cx q[1], q[2]
Gate( 2567)	tdg q[11]
Gate( 2568)	cx q[1], q[11]
Gate( 2569)	tdg q[1]
Gate( 2570)	tdg q[11]
Gate( 2571)	 t q[2]
Gate( 2572)	cx q[2], q[11]
Gate( 2573)	cx q[1], q[2]
Gate( 2574)	cx q[11], q[1]
Gate( 2575)	 h q[2]
Gate( 2576)	cx q[11], q[1]
Gate( 2577)	 h q[11]
Gate( 2578)	 t q[4]
Gate( 2579)	 t q[10]
Gate( 2580)	 t q[11]
Gate( 2581)	cx q[10], q[4]
Gate( 2582)	cx q[11], q[10]
Gate( 2583)	cx q[4], q[11]
Gate( 2584)	tdg q[10]
Gate( 2585)	cx q[4], q[10]
Gate( 2586)	tdg q[4]
Gate( 2587)	tdg q[10]
Gate( 2588)	 t q[11]
Gate( 2589)	cx q[11], q[10]
Gate( 2590)	cx q[4], q[11]
Gate( 2591)	cx q[10], q[4]
Gate( 2592)	 h q[11]
Gate( 2593)	 h q[10]
Gate( 2594)	 t q[3]
Gate( 2595)	 t q[9]
Gate( 2596)	 t q[10]
Gate( 2597)	cx q[9], q[3]
Gate( 2598)	cx q[10], q[9]
Gate( 2599)	cx q[3], q[10]
Gate( 2600)	tdg q[9]
Gate( 2601)	cx q[3], q[9]
Gate( 2602)	tdg q[3]
Gate( 2603)	tdg q[9]
Gate( 2604)	 t q[10]
Gate( 2605)	cx q[10], q[9]
Gate( 2606)	cx q[3], q[10]
Gate( 2607)	cx q[9], q[3]
Gate( 2608)	 h q[10]
Gate( 2609)	 h q[9]
Gate( 2610)	 t q[2]
Gate( 2611)	 t q[8]
Gate( 2612)	 t q[9]
Gate( 2613)	cx q[8], q[2]
Gate( 2614)	cx q[9], q[8]
Gate( 2615)	cx q[2], q[9]
Gate( 2616)	tdg q[8]
Gate( 2617)	cx q[2], q[8]
Gate( 2618)	tdg q[2]
Gate( 2619)	tdg q[8]
Gate( 2620)	 t q[9]
Gate( 2621)	cx q[9], q[8]
Gate( 2622)	cx q[2], q[9]
Gate( 2623)	cx q[8], q[2]
Gate( 2624)	 h q[9]
Gate( 2625)	 h q[8]
Gate( 2626)	 t q[0]
Gate( 2627)	 t q[1]
Gate( 2628)	 t q[8]
Gate( 2629)	cx q[1], q[0]
Gate( 2630)	cx q[8], q[1]
Gate( 2631)	cx q[0], q[8]
Gate( 2632)	tdg q[1]
Gate( 2633)	cx q[0], q[1]
Gate( 2634)	tdg q[0]
Gate( 2635)	tdg q[1]
Gate( 2636)	 t q[8]
Gate( 2637)	cx q[8], q[1]
Gate( 2638)	cx q[0], q[8]
Gate( 2639)	cx q[1], q[0]
Gate( 2640)	 h q[8]
Gate( 2641)	 h q[9]
Gate( 2642)	 t q[2]
Gate( 2643)	 t q[8]
Gate( 2644)	 t q[9]
Gate( 2645)	cx q[8], q[2]
Gate( 2646)	cx q[9], q[8]
Gate( 2647)	cx q[2], q[9]
Gate( 2648)	tdg q[8]
Gate( 2649)	cx q[2], q[8]
Gate( 2650)	tdg q[2]
Gate( 2651)	tdg q[8]
Gate( 2652)	 t q[9]
Gate( 2653)	cx q[9], q[8]
Gate( 2654)	cx q[2], q[9]
Gate( 2655)	cx q[8], q[2]
Gate( 2656)	 h q[9]
Gate( 2657)	 h q[10]
Gate( 2658)	 t q[3]
Gate( 2659)	 t q[9]
Gate( 2660)	 t q[10]
Gate( 2661)	cx q[9], q[3]
Gate( 2662)	cx q[10], q[9]
Gate( 2663)	cx q[3], q[10]
Gate( 2664)	tdg q[9]
Gate( 2665)	cx q[3], q[9]
Gate( 2666)	tdg q[3]
Gate( 2667)	tdg q[9]
Gate( 2668)	 t q[10]
Gate( 2669)	cx q[10], q[9]
Gate( 2670)	cx q[3], q[10]
Gate( 2671)	cx q[9], q[3]
Gate( 2672)	 h q[10]
Gate( 2673)	 h q[11]
Gate( 2674)	 t q[4]
Gate( 2675)	 t q[10]
Gate( 2676)	 t q[11]
Gate( 2677)	cx q[10], q[4]
Gate( 2678)	cx q[11], q[10]
Gate( 2679)	cx q[4], q[11]
Gate( 2680)	tdg q[10]
Gate( 2681)	cx q[4], q[10]
Gate( 2682)	tdg q[4]
Gate( 2683)	tdg q[10]
Gate( 2684)	 t q[11]
Gate( 2685)	cx q[11], q[10]
Gate( 2686)	cx q[4], q[11]
Gate( 2687)	cx q[10], q[4]
Gate( 2688)	 h q[11]
Gate( 2689)	 h q[10]
Gate( 2690)	 t q[3]
Gate( 2691)	 t q[9]
Gate( 2692)	 t q[10]
Gate( 2693)	cx q[9], q[3]
Gate( 2694)	cx q[10], q[9]
Gate( 2695)	cx q[3], q[10]
Gate( 2696)	tdg q[9]
Gate( 2697)	cx q[3], q[9]
Gate( 2698)	tdg q[3]
Gate( 2699)	tdg q[9]
Gate( 2700)	 t q[10]
Gate( 2701)	cx q[10], q[9]
Gate( 2702)	cx q[3], q[10]
Gate( 2703)	cx q[9], q[3]
Gate( 2704)	 h q[10]
Gate( 2705)	 h q[9]
Gate( 2706)	 t q[2]
Gate( 2707)	 t q[8]
Gate( 2708)	 t q[9]
Gate( 2709)	cx q[8], q[2]
Gate( 2710)	cx q[9], q[8]
Gate( 2711)	cx q[2], q[9]
Gate( 2712)	tdg q[8]
Gate( 2713)	cx q[2], q[8]
Gate( 2714)	tdg q[2]
Gate( 2715)	tdg q[8]
Gate( 2716)	 t q[9]
Gate( 2717)	cx q[9], q[8]
Gate( 2718)	cx q[2], q[9]
Gate( 2719)	cx q[8], q[2]
Gate( 2720)	 h q[9]
Gate( 2721)	 h q[8]
Gate( 2722)	 t q[0]
Gate( 2723)	 t q[1]
Gate( 2724)	 t q[8]
Gate( 2725)	cx q[1], q[0]
Gate( 2726)	cx q[8], q[1]
Gate( 2727)	cx q[0], q[8]
Gate( 2728)	tdg q[1]
Gate( 2729)	cx q[0], q[1]
Gate( 2730)	tdg q[0]
Gate( 2731)	tdg q[1]
Gate( 2732)	 t q[8]
Gate( 2733)	cx q[8], q[1]
Gate( 2734)	cx q[0], q[8]
Gate( 2735)	cx q[1], q[0]
Gate( 2736)	 h q[8]
Gate( 2737)	 h q[9]
Gate( 2738)	 t q[2]
Gate( 2739)	 t q[8]
Gate( 2740)	 t q[9]
Gate( 2741)	cx q[8], q[2]
Gate( 2742)	cx q[9], q[8]
Gate( 2743)	cx q[2], q[9]
Gate( 2744)	tdg q[8]
Gate( 2745)	cx q[2], q[8]
Gate( 2746)	tdg q[2]
Gate( 2747)	tdg q[8]
Gate( 2748)	 t q[9]
Gate( 2749)	cx q[9], q[8]
Gate( 2750)	cx q[2], q[9]
Gate( 2751)	cx q[8], q[2]
Gate( 2752)	 h q[9]
Gate( 2753)	 h q[10]
Gate( 2754)	 t q[3]
Gate( 2755)	 t q[9]
Gate( 2756)	 t q[10]
Gate( 2757)	cx q[9], q[3]
Gate( 2758)	cx q[10], q[9]
Gate( 2759)	cx q[3], q[10]
Gate( 2760)	tdg q[9]
Gate( 2761)	cx q[3], q[9]
Gate( 2762)	tdg q[3]
Gate( 2763)	tdg q[9]
Gate( 2764)	 t q[10]
Gate( 2765)	cx q[10], q[9]
Gate( 2766)	cx q[3], q[10]
Gate( 2767)	cx q[9], q[3]
Gate( 2768)	 h q[10]
Gate( 2769)	 h q[9]
Gate( 2770)	 t q[11]
Gate( 2771)	 t q[4]
Gate( 2772)	 t q[9]
Gate( 2773)	cx q[4], q[11]
Gate( 2774)	cx q[9], q[4]
Gate( 2775)	cx q[11], q[9]
Gate( 2776)	tdg q[4]
Gate( 2777)	cx q[11], q[4]
Gate( 2778)	tdg q[11]
Gate( 2779)	tdg q[4]
Gate( 2780)	 t q[9]
Gate( 2781)	cx q[9], q[4]
Gate( 2782)	cx q[11], q[9]
Gate( 2783)	cx q[4], q[11]
Gate( 2784)	 h q[9]
Gate( 2785)	 h q[4]
Gate( 2786)	 t q[10]
Gate( 2787)	 t q[3]
Gate( 2788)	 t q[4]
Gate( 2789)	cx q[3], q[10]
Gate( 2790)	cx q[4], q[3]
Gate( 2791)	cx q[10], q[4]
Gate( 2792)	tdg q[3]
Gate( 2793)	cx q[10], q[3]
Gate( 2794)	tdg q[10]
Gate( 2795)	tdg q[3]
Gate( 2796)	 t q[4]
Gate( 2797)	cx q[4], q[3]
Gate( 2798)	cx q[10], q[4]
Gate( 2799)	cx q[3], q[10]
Gate( 2800)	 h q[4]
Gate( 2801)	 h q[3]
Gate( 2802)	 t q[8]
Gate( 2803)	 t q[2]
Gate( 2804)	 t q[3]
Gate( 2805)	cx q[2], q[8]
Gate( 2806)	cx q[3], q[2]
Gate( 2807)	cx q[8], q[3]
Gate( 2808)	tdg q[2]
Gate( 2809)	cx q[8], q[2]
Gate( 2810)	tdg q[8]
Gate( 2811)	tdg q[2]
Gate( 2812)	 t q[3]
Gate( 2813)	cx q[3], q[2]
Gate( 2814)	cx q[8], q[3]
Gate( 2815)	cx q[2], q[8]
Gate( 2816)	 h q[3]
Gate( 2817)	 h q[2]
Gate( 2818)	 t q[7]
Gate( 2819)	 t q[1]
Gate( 2820)	 t q[2]
Gate( 2821)	cx q[1], q[7]
Gate( 2822)	cx q[2], q[1]
Gate( 2823)	cx q[7], q[2]
Gate( 2824)	tdg q[1]
Gate( 2825)	cx q[7], q[1]
Gate( 2826)	tdg q[7]
Gate( 2827)	tdg q[1]
Gate( 2828)	 t q[2]
Gate( 2829)	cx q[2], q[1]
Gate( 2830)	cx q[7], q[2]
Gate( 2831)	cx q[1], q[7]
Gate( 2832)	 h q[2]
Gate( 2833)	 h q[1]
Gate( 2834)	 t q[5]
Gate( 2835)	 t q[6]
Gate( 2836)	 t q[1]
Gate( 2837)	cx q[6], q[5]
Gate( 2838)	cx q[1], q[6]
Gate( 2839)	cx q[5], q[1]
Gate( 2840)	tdg q[6]
Gate( 2841)	cx q[5], q[6]
Gate( 2842)	tdg q[5]
Gate( 2843)	tdg q[6]
Gate( 2844)	 t q[1]
Gate( 2845)	cx q[1], q[6]
Gate( 2846)	cx q[5], q[1]
Gate( 2847)	cx q[6], q[5]
Gate( 2848)	 h q[1]
Gate( 2849)	 h q[2]
Gate( 2850)	 t q[7]
Gate( 2851)	 t q[1]
Gate( 2852)	 t q[2]
Gate( 2853)	cx q[1], q[7]
Gate( 2854)	cx q[2], q[1]
Gate( 2855)	cx q[7], q[2]
Gate( 2856)	tdg q[1]
Gate( 2857)	cx q[7], q[1]
Gate( 2858)	tdg q[7]
Gate( 2859)	tdg q[1]
Gate( 2860)	 t q[2]
Gate( 2861)	cx q[2], q[1]
Gate( 2862)	cx q[7], q[2]
Gate( 2863)	cx q[1], q[7]
Gate( 2864)	 h q[2]
Gate( 2865)	 h q[3]
Gate( 2866)	 t q[8]
Gate( 2867)	 t q[2]
Gate( 2868)	 t q[3]
Gate( 2869)	cx q[2], q[8]
Gate( 2870)	cx q[3], q[2]
Gate( 2871)	cx q[8], q[3]
Gate( 2872)	tdg q[2]
Gate( 2873)	cx q[8], q[2]
Gate( 2874)	tdg q[8]
Gate( 2875)	tdg q[2]
Gate( 2876)	 t q[3]
Gate( 2877)	cx q[3], q[2]
Gate( 2878)	cx q[8], q[3]
Gate( 2879)	cx q[2], q[8]
Gate( 2880)	 h q[3]
Gate( 2881)	 h q[4]
Gate( 2882)	 t q[10]
Gate( 2883)	 t q[3]
Gate( 2884)	 t q[4]
Gate( 2885)	cx q[3], q[10]
Gate( 2886)	cx q[4], q[3]
Gate( 2887)	cx q[10], q[4]
Gate( 2888)	tdg q[3]
Gate( 2889)	cx q[10], q[3]
Gate( 2890)	tdg q[10]
Gate( 2891)	tdg q[3]
Gate( 2892)	 t q[4]
Gate( 2893)	cx q[4], q[3]
Gate( 2894)	cx q[10], q[4]
Gate( 2895)	cx q[3], q[10]
Gate( 2896)	 h q[4]
Gate( 2897)	 h q[9]
Gate( 2898)	 t q[11]
Gate( 2899)	 t q[4]
Gate( 2900)	 t q[9]
Gate( 2901)	cx q[4], q[11]
Gate( 2902)	cx q[9], q[4]
Gate( 2903)	cx q[11], q[9]
Gate( 2904)	tdg q[4]
Gate( 2905)	cx q[11], q[4]
Gate( 2906)	tdg q[11]
Gate( 2907)	tdg q[4]
Gate( 2908)	 t q[9]
Gate( 2909)	cx q[9], q[4]
Gate( 2910)	cx q[11], q[9]
Gate( 2911)	cx q[4], q[11]
Gate( 2912)	 h q[9]
Gate( 2913)	 h q[4]
Gate( 2914)	 t q[10]
Gate( 2915)	 t q[3]
Gate( 2916)	 t q[4]
Gate( 2917)	cx q[3], q[10]
Gate( 2918)	cx q[4], q[3]
Gate( 2919)	cx q[10], q[4]
Gate( 2920)	tdg q[3]
Gate( 2921)	cx q[10], q[3]
Gate( 2922)	tdg q[10]
Gate( 2923)	tdg q[3]
Gate( 2924)	 t q[4]
Gate( 2925)	cx q[4], q[3]
Gate( 2926)	cx q[10], q[4]
Gate( 2927)	cx q[3], q[10]
Gate( 2928)	 h q[4]
Gate( 2929)	 h q[3]
Gate( 2930)	 t q[8]
Gate( 2931)	 t q[2]
Gate( 2932)	 t q[3]
Gate( 2933)	cx q[2], q[8]
Gate( 2934)	cx q[3], q[2]
Gate( 2935)	cx q[8], q[3]
Gate( 2936)	tdg q[2]
Gate( 2937)	cx q[8], q[2]
Gate( 2938)	tdg q[8]
Gate( 2939)	tdg q[2]
Gate( 2940)	 t q[3]
Gate( 2941)	cx q[3], q[2]
Gate( 2942)	cx q[8], q[3]
Gate( 2943)	cx q[2], q[8]
Gate( 2944)	 h q[3]
Gate( 2945)	 h q[2]
Gate( 2946)	 t q[7]
Gate( 2947)	 t q[1]
Gate( 2948)	 t q[2]
Gate( 2949)	cx q[1], q[7]
Gate( 2950)	cx q[2], q[1]
Gate( 2951)	cx q[7], q[2]
Gate( 2952)	tdg q[1]
Gate( 2953)	cx q[7], q[1]
Gate( 2954)	tdg q[7]
Gate( 2955)	tdg q[1]
Gate( 2956)	 t q[2]
Gate( 2957)	cx q[2], q[1]
Gate( 2958)	cx q[7], q[2]
Gate( 2959)	cx q[1], q[7]
Gate( 2960)	 h q[2]
Gate( 2961)	 h q[1]
Gate( 2962)	 t q[5]
Gate( 2963)	 t q[6]
Gate( 2964)	 t q[1]
Gate( 2965)	cx q[6], q[5]
Gate( 2966)	cx q[1], q[6]
Gate( 2967)	cx q[5], q[1]
Gate( 2968)	tdg q[6]
Gate( 2969)	cx q[5], q[6]
Gate( 2970)	tdg q[5]
Gate( 2971)	tdg q[6]
Gate( 2972)	 t q[1]
Gate( 2973)	cx q[1], q[6]
Gate( 2974)	cx q[5], q[1]
Gate( 2975)	cx q[6], q[5]
Gate( 2976)	 h q[1]
Gate( 2977)	 h q[2]
Gate( 2978)	 t q[7]
Gate( 2979)	 t q[1]
Gate( 2980)	 t q[2]
Gate( 2981)	cx q[1], q[7]
Gate( 2982)	cx q[2], q[1]
Gate( 2983)	cx q[7], q[2]
Gate( 2984)	tdg q[1]
Gate( 2985)	cx q[7], q[1]
Gate( 2986)	tdg q[7]
Gate( 2987)	tdg q[1]
Gate( 2988)	 t q[2]
Gate( 2989)	cx q[2], q[1]
Gate( 2990)	cx q[7], q[2]
Gate( 2991)	cx q[1], q[7]
Gate( 2992)	 h q[2]
Gate( 2993)	 h q[3]
Gate( 2994)	 t q[8]
Gate( 2995)	 t q[2]
Gate( 2996)	 t q[3]
Gate( 2997)	cx q[2], q[8]
Gate( 2998)	cx q[3], q[2]
Gate( 2999)	cx q[8], q[3]
Gate( 3000)	tdg q[2]
Gate( 3001)	cx q[8], q[2]
Gate( 3002)	tdg q[8]
Gate( 3003)	tdg q[2]
Gate( 3004)	 t q[3]
Gate( 3005)	cx q[3], q[2]
Gate( 3006)	cx q[8], q[3]
Gate( 3007)	cx q[2], q[8]
Gate( 3008)	 h q[3]
Gate( 3009)	 h q[4]
Gate( 3010)	 t q[10]
Gate( 3011)	 t q[3]
Gate( 3012)	 t q[4]
Gate( 3013)	cx q[3], q[10]
Gate( 3014)	cx q[4], q[3]
Gate( 3015)	cx q[10], q[4]
Gate( 3016)	tdg q[3]
Gate( 3017)	cx q[10], q[3]
Gate( 3018)	tdg q[10]
Gate( 3019)	tdg q[3]
Gate( 3020)	 t q[4]
Gate( 3021)	cx q[4], q[3]
Gate( 3022)	cx q[10], q[4]
Gate( 3023)	cx q[3], q[10]
Gate( 3024)	 h q[4]
Gate( 3025)	 h q[11]
Gate( 3026)	 t q[4]
Gate( 3027)	 t q[10]
Gate( 3028)	 t q[11]
Gate( 3029)	cx q[10], q[4]
Gate( 3030)	cx q[11], q[10]
Gate( 3031)	cx q[4], q[11]
Gate( 3032)	tdg q[10]
Gate( 3033)	cx q[4], q[10]
Gate( 3034)	tdg q[4]
Gate( 3035)	tdg q[10]
Gate( 3036)	 t q[11]
Gate( 3037)	cx q[11], q[10]
Gate( 3038)	cx q[4], q[11]
Gate( 3039)	cx q[10], q[4]
Gate( 3040)	 h q[11]
Gate( 3041)	 h q[10]
Gate( 3042)	 t q[3]
Gate( 3043)	 t q[9]
Gate( 3044)	 t q[10]
Gate( 3045)	cx q[9], q[3]
Gate( 3046)	cx q[10], q[9]
Gate( 3047)	cx q[3], q[10]
Gate( 3048)	tdg q[9]
Gate( 3049)	cx q[3], q[9]
Gate( 3050)	tdg q[3]
Gate( 3051)	tdg q[9]
Gate( 3052)	 t q[10]
Gate( 3053)	cx q[10], q[9]
Gate( 3054)	cx q[3], q[10]
Gate( 3055)	cx q[9], q[3]
Gate( 3056)	 h q[10]
Gate( 3057)	 h q[9]
Gate( 3058)	 t q[2]
Gate( 3059)	 t q[8]
Gate( 3060)	 t q[9]
Gate( 3061)	cx q[8], q[2]
Gate( 3062)	cx q[9], q[8]
Gate( 3063)	cx q[2], q[9]
Gate( 3064)	tdg q[8]
Gate( 3065)	cx q[2], q[8]
Gate( 3066)	tdg q[2]
Gate( 3067)	tdg q[8]
Gate( 3068)	 t q[9]
Gate( 3069)	cx q[9], q[8]
Gate( 3070)	cx q[2], q[9]
Gate( 3071)	cx q[8], q[2]
Gate( 3072)	 h q[9]
Gate( 3073)	 h q[8]
Gate( 3074)	 t q[0]
Gate( 3075)	 t q[1]
Gate( 3076)	 t q[8]
Gate( 3077)	cx q[1], q[0]
Gate( 3078)	cx q[8], q[1]
Gate( 3079)	cx q[0], q[8]
Gate( 3080)	tdg q[1]
Gate( 3081)	cx q[0], q[1]
Gate( 3082)	tdg q[0]
Gate( 3083)	tdg q[1]
Gate( 3084)	 t q[8]
Gate( 3085)	cx q[8], q[1]
Gate( 3086)	cx q[0], q[8]
Gate( 3087)	cx q[1], q[0]
Gate( 3088)	 h q[8]
Gate( 3089)	 h q[9]
Gate( 3090)	 t q[2]
Gate( 3091)	 t q[8]
Gate( 3092)	 t q[9]
Gate( 3093)	cx q[8], q[2]
Gate( 3094)	cx q[9], q[8]
Gate( 3095)	cx q[2], q[9]
Gate( 3096)	tdg q[8]
Gate( 3097)	cx q[2], q[8]
Gate( 3098)	tdg q[2]
Gate( 3099)	tdg q[8]
Gate( 3100)	 t q[9]
Gate( 3101)	cx q[9], q[8]
Gate( 3102)	cx q[2], q[9]
Gate( 3103)	cx q[8], q[2]
Gate( 3104)	 h q[9]
Gate( 3105)	 h q[10]
Gate( 3106)	 t q[3]
Gate( 3107)	 t q[9]
Gate( 3108)	 t q[10]
Gate( 3109)	cx q[9], q[3]
Gate( 3110)	cx q[10], q[9]
Gate( 3111)	cx q[3], q[10]
Gate( 3112)	tdg q[9]
Gate( 3113)	cx q[3], q[9]
Gate( 3114)	tdg q[3]
Gate( 3115)	tdg q[9]
Gate( 3116)	 t q[10]
Gate( 3117)	cx q[10], q[9]
Gate( 3118)	cx q[3], q[10]
Gate( 3119)	cx q[9], q[3]
Gate( 3120)	 h q[10]
Gate( 3121)	 h q[11]
Gate( 3122)	 t q[4]
Gate( 3123)	 t q[10]
Gate( 3124)	 t q[11]
Gate( 3125)	cx q[10], q[4]
Gate( 3126)	cx q[11], q[10]
Gate( 3127)	cx q[4], q[11]
Gate( 3128)	tdg q[10]
Gate( 3129)	cx q[4], q[10]
Gate( 3130)	tdg q[4]
Gate( 3131)	tdg q[10]
Gate( 3132)	 t q[11]
Gate( 3133)	cx q[11], q[10]
Gate( 3134)	cx q[4], q[11]
Gate( 3135)	cx q[10], q[4]
Gate( 3136)	 h q[11]
Gate( 3137)	 h q[10]
Gate( 3138)	 t q[3]
Gate( 3139)	 t q[9]
Gate( 3140)	 t q[10]
Gate( 3141)	cx q[9], q[3]
Gate( 3142)	cx q[10], q[9]
Gate( 3143)	cx q[3], q[10]
Gate( 3144)	tdg q[9]
Gate( 3145)	cx q[3], q[9]
Gate( 3146)	tdg q[3]
Gate( 3147)	tdg q[9]
Gate( 3148)	 t q[10]
Gate( 3149)	cx q[10], q[9]
Gate( 3150)	cx q[3], q[10]
Gate( 3151)	cx q[9], q[3]
Gate( 3152)	 h q[10]
Gate( 3153)	 h q[9]
Gate( 3154)	 t q[2]
Gate( 3155)	 t q[8]
Gate( 3156)	 t q[9]
Gate( 3157)	cx q[8], q[2]
Gate( 3158)	cx q[9], q[8]
Gate( 3159)	cx q[2], q[9]
Gate( 3160)	tdg q[8]
Gate( 3161)	cx q[2], q[8]
Gate( 3162)	tdg q[2]
Gate( 3163)	tdg q[8]
Gate( 3164)	 t q[9]
Gate( 3165)	cx q[9], q[8]
Gate( 3166)	cx q[2], q[9]
Gate( 3167)	cx q[8], q[2]
Gate( 3168)	 h q[9]
Gate( 3169)	 h q[8]
Gate( 3170)	 t q[0]
Gate( 3171)	 t q[1]
Gate( 3172)	 t q[8]
Gate( 3173)	cx q[1], q[0]
Gate( 3174)	cx q[8], q[1]
Gate( 3175)	cx q[0], q[8]
Gate( 3176)	tdg q[1]
Gate( 3177)	cx q[0], q[1]
Gate( 3178)	tdg q[0]
Gate( 3179)	tdg q[1]
Gate( 3180)	 t q[8]
Gate( 3181)	cx q[8], q[1]
Gate( 3182)	cx q[0], q[8]
Gate( 3183)	cx q[1], q[0]
Gate( 3184)	 h q[8]
Gate( 3185)	 h q[9]
Gate( 3186)	 t q[2]
Gate( 3187)	 t q[8]
Gate( 3188)	 t q[9]
Gate( 3189)	cx q[8], q[2]
Gate( 3190)	cx q[9], q[8]
Gate( 3191)	cx q[2], q[9]
Gate( 3192)	tdg q[8]
Gate( 3193)	cx q[2], q[8]
Gate( 3194)	tdg q[2]
Gate( 3195)	tdg q[8]
Gate( 3196)	 t q[9]
Gate( 3197)	cx q[9], q[8]
Gate( 3198)	cx q[2], q[9]
Gate( 3199)	cx q[8], q[2]
Gate( 3200)	 h q[9]
Gate( 3201)	 h q[10]
Gate( 3202)	 t q[3]
Gate( 3203)	 t q[9]
Gate( 3204)	 t q[10]
Gate( 3205)	cx q[9], q[3]
Gate( 3206)	cx q[10], q[9]
Gate( 3207)	cx q[3], q[10]
Gate( 3208)	tdg q[9]
Gate( 3209)	cx q[3], q[9]
Gate( 3210)	tdg q[3]
Gate( 3211)	tdg q[9]
Gate( 3212)	 t q[10]
Gate( 3213)	cx q[10], q[9]
Gate( 3214)	cx q[3], q[10]
Gate( 3215)	cx q[9], q[3]
Gate( 3216)	 h q[10]
Gate( 3217)	 h q[9]
Gate( 3218)	 t q[11]
Gate( 3219)	 t q[4]
Gate( 3220)	 t q[9]
Gate( 3221)	cx q[4], q[11]
Gate( 3222)	cx q[9], q[4]
Gate( 3223)	cx q[11], q[9]
Gate( 3224)	tdg q[4]
Gate( 3225)	cx q[11], q[4]
Gate( 3226)	tdg q[11]
Gate( 3227)	tdg q[4]
Gate( 3228)	 t q[9]
Gate( 3229)	cx q[9], q[4]
Gate( 3230)	cx q[11], q[9]
Gate( 3231)	cx q[4], q[11]
Gate( 3232)	 h q[9]
Gate( 3233)	 h q[4]
Gate( 3234)	 t q[10]
Gate( 3235)	 t q[3]
Gate( 3236)	 t q[4]
Gate( 3237)	cx q[3], q[10]
Gate( 3238)	cx q[4], q[3]
Gate( 3239)	cx q[10], q[4]
Gate( 3240)	tdg q[3]
Gate( 3241)	cx q[10], q[3]
Gate( 3242)	tdg q[10]
Gate( 3243)	tdg q[3]
Gate( 3244)	 t q[4]
Gate( 3245)	cx q[4], q[3]
Gate( 3246)	cx q[10], q[4]
Gate( 3247)	cx q[3], q[10]
Gate( 3248)	 h q[4]
Gate( 3249)	 h q[3]
Gate( 3250)	 t q[8]
Gate( 3251)	 t q[2]
Gate( 3252)	 t q[3]
Gate( 3253)	cx q[2], q[8]
Gate( 3254)	cx q[3], q[2]
Gate( 3255)	cx q[8], q[3]
Gate( 3256)	tdg q[2]
Gate( 3257)	cx q[8], q[2]
Gate( 3258)	tdg q[8]
Gate( 3259)	tdg q[2]
Gate( 3260)	 t q[3]
Gate( 3261)	cx q[3], q[2]
Gate( 3262)	cx q[8], q[3]
Gate( 3263)	cx q[2], q[8]
Gate( 3264)	 h q[3]
Gate( 3265)	 h q[2]
Gate( 3266)	 t q[7]
Gate( 3267)	 t q[1]
Gate( 3268)	 t q[2]
Gate( 3269)	cx q[1], q[7]
Gate( 3270)	cx q[2], q[1]
Gate( 3271)	cx q[7], q[2]
Gate( 3272)	tdg q[1]
Gate( 3273)	cx q[7], q[1]
Gate( 3274)	tdg q[7]
Gate( 3275)	tdg q[1]
Gate( 3276)	 t q[2]
Gate( 3277)	cx q[2], q[1]
Gate( 3278)	cx q[7], q[2]
Gate( 3279)	cx q[1], q[7]
Gate( 3280)	 h q[2]
Gate( 3281)	 h q[1]
Gate( 3282)	 t q[5]
Gate( 3283)	 t q[6]
Gate( 3284)	 t q[1]
Gate( 3285)	cx q[6], q[5]
Gate( 3286)	cx q[1], q[6]
Gate( 3287)	cx q[5], q[1]
Gate( 3288)	tdg q[6]
Gate( 3289)	cx q[5], q[6]
Gate( 3290)	tdg q[5]
Gate( 3291)	tdg q[6]
Gate( 3292)	 t q[1]
Gate( 3293)	cx q[1], q[6]
Gate( 3294)	cx q[5], q[1]
Gate( 3295)	cx q[6], q[5]
Gate( 3296)	 h q[1]
Gate( 3297)	 h q[2]
Gate( 3298)	 t q[7]
Gate( 3299)	 t q[1]
Gate( 3300)	 t q[2]
Gate( 3301)	cx q[1], q[7]
Gate( 3302)	cx q[2], q[1]
Gate( 3303)	cx q[7], q[2]
Gate( 3304)	tdg q[1]
Gate( 3305)	cx q[7], q[1]
Gate( 3306)	tdg q[7]
Gate( 3307)	tdg q[1]
Gate( 3308)	 t q[2]
Gate( 3309)	cx q[2], q[1]
Gate( 3310)	cx q[7], q[2]
Gate( 3311)	cx q[1], q[7]
Gate( 3312)	 h q[2]
Gate( 3313)	 h q[3]
Gate( 3314)	 t q[8]
Gate( 3315)	 t q[2]
Gate( 3316)	 t q[3]
Gate( 3317)	cx q[2], q[8]
Gate( 3318)	cx q[3], q[2]
Gate( 3319)	cx q[8], q[3]
Gate( 3320)	tdg q[2]
Gate( 3321)	cx q[8], q[2]
Gate( 3322)	tdg q[8]
Gate( 3323)	tdg q[2]
Gate( 3324)	 t q[3]
Gate( 3325)	cx q[3], q[2]
Gate( 3326)	cx q[8], q[3]
Gate( 3327)	cx q[2], q[8]
Gate( 3328)	 h q[3]
Gate( 3329)	 h q[4]
Gate( 3330)	 t q[10]
Gate( 3331)	 t q[3]
Gate( 3332)	 t q[4]
Gate( 3333)	cx q[3], q[10]
Gate( 3334)	cx q[4], q[3]
Gate( 3335)	cx q[10], q[4]
Gate( 3336)	tdg q[3]
Gate( 3337)	cx q[10], q[3]
Gate( 3338)	tdg q[10]
Gate( 3339)	tdg q[3]
Gate( 3340)	 t q[4]
Gate( 3341)	cx q[4], q[3]
Gate( 3342)	cx q[10], q[4]
Gate( 3343)	cx q[3], q[10]
Gate( 3344)	 h q[4]
Gate( 3345)	 h q[9]
Gate( 3346)	 t q[11]
Gate( 3347)	 t q[4]
Gate( 3348)	 t q[9]
Gate( 3349)	cx q[4], q[11]
Gate( 3350)	cx q[9], q[4]
Gate( 3351)	cx q[11], q[9]
Gate( 3352)	tdg q[4]
Gate( 3353)	cx q[11], q[4]
Gate( 3354)	tdg q[11]
Gate( 3355)	tdg q[4]
Gate( 3356)	 t q[9]
Gate( 3357)	cx q[9], q[4]
Gate( 3358)	cx q[11], q[9]
Gate( 3359)	cx q[4], q[11]
Gate( 3360)	 h q[9]
Gate( 3361)	 h q[4]
Gate( 3362)	 t q[10]
Gate( 3363)	 t q[3]
Gate( 3364)	 t q[4]
Gate( 3365)	cx q[3], q[10]
Gate( 3366)	cx q[4], q[3]
Gate( 3367)	cx q[10], q[4]
Gate( 3368)	tdg q[3]
Gate( 3369)	cx q[10], q[3]
Gate( 3370)	tdg q[10]
Gate( 3371)	tdg q[3]
Gate( 3372)	 t q[4]
Gate( 3373)	cx q[4], q[3]
Gate( 3374)	cx q[10], q[4]
Gate( 3375)	cx q[3], q[10]
Gate( 3376)	 h q[4]
Gate( 3377)	 h q[3]
Gate( 3378)	 t q[8]
Gate( 3379)	 t q[2]
Gate( 3380)	 t q[3]
Gate( 3381)	cx q[2], q[8]
Gate( 3382)	cx q[3], q[2]
Gate( 3383)	cx q[8], q[3]
Gate( 3384)	tdg q[2]
Gate( 3385)	cx q[8], q[2]
Gate( 3386)	tdg q[8]
Gate( 3387)	tdg q[2]
Gate( 3388)	 t q[3]
Gate( 3389)	cx q[3], q[2]
Gate( 3390)	cx q[8], q[3]
Gate( 3391)	cx q[2], q[8]
Gate( 3392)	 h q[3]
Gate( 3393)	 h q[2]
Gate( 3394)	 t q[7]
Gate( 3395)	 t q[1]
Gate( 3396)	 t q[2]
Gate( 3397)	cx q[1], q[7]
Gate( 3398)	cx q[2], q[1]
Gate( 3399)	cx q[7], q[2]
Gate( 3400)	tdg q[1]
Gate( 3401)	cx q[7], q[1]
Gate( 3402)	tdg q[7]
Gate( 3403)	tdg q[1]
Gate( 3404)	 t q[2]
Gate( 3405)	cx q[2], q[1]
Gate( 3406)	cx q[7], q[2]
Gate( 3407)	cx q[1], q[7]
Gate( 3408)	 h q[2]
Gate( 3409)	 h q[1]
Gate( 3410)	 t q[5]
Gate( 3411)	 t q[6]
Gate( 3412)	 t q[1]
Gate( 3413)	cx q[6], q[5]
Gate( 3414)	cx q[1], q[6]
Gate( 3415)	cx q[5], q[1]
Gate( 3416)	tdg q[6]
Gate( 3417)	cx q[5], q[6]
Gate( 3418)	tdg q[5]
Gate( 3419)	tdg q[6]
Gate( 3420)	 t q[1]
Gate( 3421)	cx q[1], q[6]
Gate( 3422)	cx q[5], q[1]
Gate( 3423)	cx q[6], q[5]
Gate( 3424)	 h q[1]
Gate( 3425)	 h q[2]
Gate( 3426)	 t q[7]
Gate( 3427)	 t q[1]
Gate( 3428)	 t q[2]
Gate( 3429)	cx q[1], q[7]
Gate( 3430)	cx q[2], q[1]
Gate( 3431)	cx q[7], q[2]
Gate( 3432)	tdg q[1]
Gate( 3433)	cx q[7], q[1]
Gate( 3434)	tdg q[7]
Gate( 3435)	tdg q[1]
Gate( 3436)	 t q[2]
Gate( 3437)	cx q[2], q[1]
Gate( 3438)	cx q[7], q[2]
Gate( 3439)	cx q[1], q[7]
Gate( 3440)	 h q[2]
Gate( 3441)	 h q[3]
Gate( 3442)	 t q[8]
Gate( 3443)	 t q[2]
Gate( 3444)	 t q[3]
Gate( 3445)	cx q[2], q[8]
Gate( 3446)	cx q[3], q[2]
Gate( 3447)	cx q[8], q[3]
Gate( 3448)	tdg q[2]
Gate( 3449)	cx q[8], q[2]
Gate( 3450)	tdg q[8]
Gate( 3451)	tdg q[2]
Gate( 3452)	 t q[3]
Gate( 3453)	cx q[3], q[2]
Gate( 3454)	cx q[8], q[3]
Gate( 3455)	cx q[2], q[8]
Gate( 3456)	 h q[3]
Gate( 3457)	 h q[4]
Gate( 3458)	 t q[10]
Gate( 3459)	 t q[3]
Gate( 3460)	 t q[4]
Gate( 3461)	cx q[3], q[10]
Gate( 3462)	cx q[4], q[3]
Gate( 3463)	cx q[10], q[4]
Gate( 3464)	tdg q[3]
Gate( 3465)	cx q[10], q[3]
Gate( 3466)	tdg q[10]
Gate( 3467)	tdg q[3]
Gate( 3468)	 t q[4]
Gate( 3469)	cx q[4], q[3]
Gate( 3470)	cx q[10], q[4]
Gate( 3471)	cx q[3], q[10]
Gate( 3472)	 h q[4]
Gate( 3473)	 h q[9]
Gate( 3474)	 t q[3]
Gate( 3475)	 t q[11]
Gate( 3476)	 t q[9]
Gate( 3477)	cx q[11], q[3]
Gate( 3478)	cx q[9], q[11]
Gate( 3479)	cx q[3], q[9]
Gate( 3480)	tdg q[11]
Gate( 3481)	cx q[3], q[11]
Gate( 3482)	tdg q[3]
Gate( 3483)	tdg q[11]
Gate( 3484)	 t q[9]
Gate( 3485)	cx q[9], q[11]
Gate( 3486)	cx q[3], q[9]
Gate( 3487)	cx q[11], q[3]
Gate( 3488)	 h q[9]
Gate( 3489)	 h q[11]
Gate( 3490)	 t q[2]
Gate( 3491)	 t q[10]
Gate( 3492)	 t q[11]
Gate( 3493)	cx q[10], q[2]
Gate( 3494)	cx q[11], q[10]
Gate( 3495)	cx q[2], q[11]
Gate( 3496)	tdg q[10]
Gate( 3497)	cx q[2], q[10]
Gate( 3498)	tdg q[2]
Gate( 3499)	tdg q[10]
Gate( 3500)	 t q[11]
Gate( 3501)	cx q[11], q[10]
Gate( 3502)	cx q[2], q[11]
Gate( 3503)	cx q[10], q[2]
Gate( 3504)	 h q[11]
Gate( 3505)	 h q[10]
Gate( 3506)	 t q[0]
Gate( 3507)	 t q[1]
Gate( 3508)	 t q[10]
Gate( 3509)	cx q[1], q[0]
Gate( 3510)	cx q[10], q[1]
Gate( 3511)	cx q[0], q[10]
Gate( 3512)	tdg q[1]
Gate( 3513)	cx q[0], q[1]
Gate( 3514)	tdg q[0]
Gate( 3515)	tdg q[1]
Gate( 3516)	 t q[10]
Gate( 3517)	cx q[10], q[1]
Gate( 3518)	cx q[0], q[10]
Gate( 3519)	cx q[1], q[0]
Gate( 3520)	 h q[10]
Gate( 3521)	 h q[11]
Gate( 3522)	 t q[2]
Gate( 3523)	 t q[10]
Gate( 3524)	 t q[11]
Gate( 3525)	cx q[10], q[2]
Gate( 3526)	cx q[11], q[10]
Gate( 3527)	cx q[2], q[11]
Gate( 3528)	tdg q[10]
Gate( 3529)	cx q[2], q[10]
Gate( 3530)	tdg q[2]
Gate( 3531)	tdg q[10]
Gate( 3532)	 t q[11]
Gate( 3533)	cx q[11], q[10]
Gate( 3534)	cx q[2], q[11]
Gate( 3535)	cx q[10], q[2]
Gate( 3536)	 h q[11]
Gate( 3537)	 h q[9]
Gate( 3538)	 t q[3]
Gate( 3539)	 t q[11]
Gate( 3540)	 t q[9]
Gate( 3541)	cx q[11], q[3]
Gate( 3542)	cx q[9], q[11]
Gate( 3543)	cx q[3], q[9]
Gate( 3544)	tdg q[11]
Gate( 3545)	cx q[3], q[11]
Gate( 3546)	tdg q[3]
Gate( 3547)	tdg q[11]
Gate( 3548)	 t q[9]
Gate( 3549)	cx q[9], q[11]
Gate( 3550)	cx q[3], q[9]
Gate( 3551)	cx q[11], q[3]
Gate( 3552)	 h q[9]
Gate( 3553)	 h q[11]
Gate( 3554)	 t q[2]
Gate( 3555)	 t q[10]
Gate( 3556)	 t q[11]
Gate( 3557)	cx q[10], q[2]
Gate( 3558)	cx q[11], q[10]
Gate( 3559)	cx q[2], q[11]
Gate( 3560)	tdg q[10]
Gate( 3561)	cx q[2], q[10]
Gate( 3562)	tdg q[2]
Gate( 3563)	tdg q[10]
Gate( 3564)	 t q[11]
Gate( 3565)	cx q[11], q[10]
Gate( 3566)	cx q[2], q[11]
Gate( 3567)	cx q[10], q[2]
Gate( 3568)	 h q[11]
Gate( 3569)	 h q[10]
Gate( 3570)	 t q[0]
Gate( 3571)	 t q[1]
Gate( 3572)	 t q[10]
Gate( 3573)	cx q[1], q[0]
Gate( 3574)	cx q[10], q[1]
Gate( 3575)	cx q[0], q[10]
Gate( 3576)	tdg q[1]
Gate( 3577)	cx q[0], q[1]
Gate( 3578)	tdg q[0]
Gate( 3579)	tdg q[1]
Gate( 3580)	 t q[10]
Gate( 3581)	cx q[10], q[1]
Gate( 3582)	cx q[0], q[10]
Gate( 3583)	cx q[1], q[0]
Gate( 3584)	 h q[10]
Gate( 3585)	 h q[11]
Gate( 3586)	 t q[2]
Gate( 3587)	 t q[10]
Gate( 3588)	 t q[11]
Gate( 3589)	cx q[10], q[2]
Gate( 3590)	cx q[11], q[10]
Gate( 3591)	cx q[2], q[11]
Gate( 3592)	tdg q[10]
Gate( 3593)	cx q[2], q[10]
Gate( 3594)	tdg q[2]
Gate( 3595)	tdg q[10]
Gate( 3596)	 t q[11]
Gate( 3597)	cx q[11], q[10]
Gate( 3598)	cx q[2], q[11]
Gate( 3599)	cx q[10], q[2]
Gate( 3600)	 h q[11]
Gate( 3601)	 h q[8]
Gate( 3602)	 t q[9]
Gate( 3603)	 t q[11]
Gate( 3604)	 t q[8]
Gate( 3605)	cx q[11], q[9]
Gate( 3606)	cx q[8], q[11]
Gate( 3607)	cx q[9], q[8]
Gate( 3608)	tdg q[11]
Gate( 3609)	cx q[9], q[11]
Gate( 3610)	tdg q[9]
Gate( 3611)	tdg q[11]
Gate( 3612)	 t q[8]
Gate( 3613)	cx q[8], q[11]
Gate( 3614)	cx q[9], q[8]
Gate( 3615)	cx q[11], q[9]
Gate( 3616)	 h q[8]
Gate( 3617)	 h q[11]
Gate( 3618)	 t q[10]
Gate( 3619)	 t q[3]
Gate( 3620)	 t q[11]
Gate( 3621)	cx q[3], q[10]
Gate( 3622)	cx q[11], q[3]
Gate( 3623)	cx q[10], q[11]
Gate( 3624)	tdg q[3]
Gate( 3625)	cx q[10], q[3]
Gate( 3626)	tdg q[10]
Gate( 3627)	tdg q[3]
Gate( 3628)	 t q[11]
Gate( 3629)	cx q[11], q[3]
Gate( 3630)	cx q[10], q[11]
Gate( 3631)	cx q[3], q[10]
Gate( 3632)	 h q[11]
Gate( 3633)	 h q[3]
Gate( 3634)	 t q[7]
Gate( 3635)	 t q[2]
Gate( 3636)	 t q[3]
Gate( 3637)	cx q[2], q[7]
Gate( 3638)	cx q[3], q[2]
Gate( 3639)	cx q[7], q[3]
Gate( 3640)	tdg q[2]
Gate( 3641)	cx q[7], q[2]
Gate( 3642)	tdg q[7]
Gate( 3643)	tdg q[2]
Gate( 3644)	 t q[3]
Gate( 3645)	cx q[3], q[2]
Gate( 3646)	cx q[7], q[3]
Gate( 3647)	cx q[2], q[7]
Gate( 3648)	 h q[3]
Gate( 3649)	 h q[2]
Gate( 3650)	 t q[6]
Gate( 3651)	 t q[1]
Gate( 3652)	 t q[2]
Gate( 3653)	cx q[1], q[6]
Gate( 3654)	cx q[2], q[1]
Gate( 3655)	cx q[6], q[2]
Gate( 3656)	tdg q[1]
Gate( 3657)	cx q[6], q[1]
Gate( 3658)	tdg q[6]
Gate( 3659)	tdg q[1]
Gate( 3660)	 t q[2]
Gate( 3661)	cx q[2], q[1]
Gate( 3662)	cx q[6], q[2]
Gate( 3663)	cx q[1], q[6]
Gate( 3664)	 h q[2]
Gate( 3665)	 h q[1]
Gate( 3666)	 t q[4]
Gate( 3667)	 t q[5]
Gate( 3668)	 t q[1]
Gate( 3669)	cx q[5], q[4]
Gate( 3670)	cx q[1], q[5]
Gate( 3671)	cx q[4], q[1]
Gate( 3672)	tdg q[5]
Gate( 3673)	cx q[4], q[5]
Gate( 3674)	tdg q[4]
Gate( 3675)	tdg q[5]
Gate( 3676)	 t q[1]
Gate( 3677)	cx q[1], q[5]
Gate( 3678)	cx q[4], q[1]
Gate( 3679)	cx q[5], q[4]
Gate( 3680)	 h q[1]
Gate( 3681)	 h q[2]
Gate( 3682)	 t q[6]
Gate( 3683)	 t q[1]
Gate( 3684)	 t q[2]
Gate( 3685)	cx q[1], q[6]
Gate( 3686)	cx q[2], q[1]
Gate( 3687)	cx q[6], q[2]
Gate( 3688)	tdg q[1]
Gate( 3689)	cx q[6], q[1]
Gate( 3690)	tdg q[6]
Gate( 3691)	tdg q[1]
Gate( 3692)	 t q[2]
Gate( 3693)	cx q[2], q[1]
Gate( 3694)	cx q[6], q[2]
Gate( 3695)	cx q[1], q[6]
Gate( 3696)	 h q[2]
Gate( 3697)	 h q[3]
Gate( 3698)	 t q[7]
Gate( 3699)	 t q[2]
Gate( 3700)	 t q[3]
Gate( 3701)	cx q[2], q[7]
Gate( 3702)	cx q[3], q[2]
Gate( 3703)	cx q[7], q[3]
Gate( 3704)	tdg q[2]
Gate( 3705)	cx q[7], q[2]
Gate( 3706)	tdg q[7]
Gate( 3707)	tdg q[2]
Gate( 3708)	 t q[3]
Gate( 3709)	cx q[3], q[2]
Gate( 3710)	cx q[7], q[3]
Gate( 3711)	cx q[2], q[7]
Gate( 3712)	 h q[3]
Gate( 3713)	 h q[11]
Gate( 3714)	 t q[10]
Gate( 3715)	 t q[3]
Gate( 3716)	 t q[11]
Gate( 3717)	cx q[3], q[10]
Gate( 3718)	cx q[11], q[3]
Gate( 3719)	cx q[10], q[11]
Gate( 3720)	tdg q[3]
Gate( 3721)	cx q[10], q[3]
Gate( 3722)	tdg q[10]
Gate( 3723)	tdg q[3]
Gate( 3724)	 t q[11]
Gate( 3725)	cx q[11], q[3]
Gate( 3726)	cx q[10], q[11]
Gate( 3727)	cx q[3], q[10]
Gate( 3728)	 h q[11]
Gate( 3729)	 h q[8]
Gate( 3730)	 t q[9]
Gate( 3731)	 t q[11]
Gate( 3732)	 t q[8]
Gate( 3733)	cx q[11], q[9]
Gate( 3734)	cx q[8], q[11]
Gate( 3735)	cx q[9], q[8]
Gate( 3736)	tdg q[11]
Gate( 3737)	cx q[9], q[11]
Gate( 3738)	tdg q[9]
Gate( 3739)	tdg q[11]
Gate( 3740)	 t q[8]
Gate( 3741)	cx q[8], q[11]
Gate( 3742)	cx q[9], q[8]
Gate( 3743)	cx q[11], q[9]
Gate( 3744)	 h q[8]
Gate( 3745)	 h q[11]
Gate( 3746)	 t q[10]
Gate( 3747)	 t q[3]
Gate( 3748)	 t q[11]
Gate( 3749)	cx q[3], q[10]
Gate( 3750)	cx q[11], q[3]
Gate( 3751)	cx q[10], q[11]
Gate( 3752)	tdg q[3]
Gate( 3753)	cx q[10], q[3]
Gate( 3754)	tdg q[10]
Gate( 3755)	tdg q[3]
Gate( 3756)	 t q[11]
Gate( 3757)	cx q[11], q[3]
Gate( 3758)	cx q[10], q[11]
Gate( 3759)	cx q[3], q[10]
Gate( 3760)	 h q[11]
Gate( 3761)	 h q[3]
Gate( 3762)	 t q[7]
Gate( 3763)	 t q[2]
Gate( 3764)	 t q[3]
Gate( 3765)	cx q[2], q[7]
Gate( 3766)	cx q[3], q[2]
Gate( 3767)	cx q[7], q[3]
Gate( 3768)	tdg q[2]
Gate( 3769)	cx q[7], q[2]
Gate( 3770)	tdg q[7]
Gate( 3771)	tdg q[2]
Gate( 3772)	 t q[3]
Gate( 3773)	cx q[3], q[2]
Gate( 3774)	cx q[7], q[3]
Gate( 3775)	cx q[2], q[7]
Gate( 3776)	 h q[3]
Gate( 3777)	 h q[2]
Gate( 3778)	 t q[6]
Gate( 3779)	 t q[1]
Gate( 3780)	 t q[2]
Gate( 3781)	cx q[1], q[6]
Gate( 3782)	cx q[2], q[1]
Gate( 3783)	cx q[6], q[2]
Gate( 3784)	tdg q[1]
Gate( 3785)	cx q[6], q[1]
Gate( 3786)	tdg q[6]
Gate( 3787)	tdg q[1]
Gate( 3788)	 t q[2]
Gate( 3789)	cx q[2], q[1]
Gate( 3790)	cx q[6], q[2]
Gate( 3791)	cx q[1], q[6]
Gate( 3792)	 h q[2]
Gate( 3793)	 h q[1]
Gate( 3794)	 t q[4]
Gate( 3795)	 t q[5]
Gate( 3796)	 t q[1]
Gate( 3797)	cx q[5], q[4]
Gate( 3798)	cx q[1], q[5]
Gate( 3799)	cx q[4], q[1]
Gate( 3800)	tdg q[5]
Gate( 3801)	cx q[4], q[5]
Gate( 3802)	tdg q[4]
Gate( 3803)	tdg q[5]
Gate( 3804)	 t q[1]
Gate( 3805)	cx q[1], q[5]
Gate( 3806)	cx q[4], q[1]
Gate( 3807)	cx q[5], q[4]
Gate( 3808)	 h q[1]
Gate( 3809)	 h q[2]
Gate( 3810)	 t q[6]
Gate( 3811)	 t q[1]
Gate( 3812)	 t q[2]
Gate( 3813)	cx q[1], q[6]
Gate( 3814)	cx q[2], q[1]
Gate( 3815)	cx q[6], q[2]
Gate( 3816)	tdg q[1]
Gate( 3817)	cx q[6], q[1]
Gate( 3818)	tdg q[6]
Gate( 3819)	tdg q[1]
Gate( 3820)	 t q[2]
Gate( 3821)	cx q[2], q[1]
Gate( 3822)	cx q[6], q[2]
Gate( 3823)	cx q[1], q[6]
Gate( 3824)	 h q[2]
Gate( 3825)	 h q[3]
Gate( 3826)	 t q[7]
Gate( 3827)	 t q[2]
Gate( 3828)	 t q[3]
Gate( 3829)	cx q[2], q[7]
Gate( 3830)	cx q[3], q[2]
Gate( 3831)	cx q[7], q[3]
Gate( 3832)	tdg q[2]
Gate( 3833)	cx q[7], q[2]
Gate( 3834)	tdg q[7]
Gate( 3835)	tdg q[2]
Gate( 3836)	 t q[3]
Gate( 3837)	cx q[3], q[2]
Gate( 3838)	cx q[7], q[3]
Gate( 3839)	cx q[2], q[7]
Gate( 3840)	 h q[3]
Gate( 3841)	 h q[11]
Gate( 3842)	 t q[10]
Gate( 3843)	 t q[3]
Gate( 3844)	 t q[11]
Gate( 3845)	cx q[3], q[10]
Gate( 3846)	cx q[11], q[3]
Gate( 3847)	cx q[10], q[11]
Gate( 3848)	tdg q[3]
Gate( 3849)	cx q[10], q[3]
Gate( 3850)	tdg q[10]
Gate( 3851)	tdg q[3]
Gate( 3852)	 t q[11]
Gate( 3853)	cx q[11], q[3]
Gate( 3854)	cx q[10], q[11]
Gate( 3855)	cx q[3], q[10]
Gate( 3856)	 h q[11]
Gate( 3857)	 h q[9]
Gate( 3858)	 t q[3]
Gate( 3859)	 t q[11]
Gate( 3860)	 t q[9]
Gate( 3861)	cx q[11], q[3]
Gate( 3862)	cx q[9], q[11]
Gate( 3863)	cx q[3], q[9]
Gate( 3864)	tdg q[11]
Gate( 3865)	cx q[3], q[11]
Gate( 3866)	tdg q[3]
Gate( 3867)	tdg q[11]
Gate( 3868)	 t q[9]
Gate( 3869)	cx q[9], q[11]
Gate( 3870)	cx q[3], q[9]
Gate( 3871)	cx q[11], q[3]
Gate( 3872)	 h q[9]
Gate( 3873)	 h q[11]
Gate( 3874)	 t q[2]
Gate( 3875)	 t q[10]
Gate( 3876)	 t q[11]
Gate( 3877)	cx q[10], q[2]
Gate( 3878)	cx q[11], q[10]
Gate( 3879)	cx q[2], q[11]
Gate( 3880)	tdg q[10]
Gate( 3881)	cx q[2], q[10]
Gate( 3882)	tdg q[2]
Gate( 3883)	tdg q[10]
Gate( 3884)	 t q[11]
Gate( 3885)	cx q[11], q[10]
Gate( 3886)	cx q[2], q[11]
Gate( 3887)	cx q[10], q[2]
Gate( 3888)	 h q[11]
Gate( 3889)	 h q[10]
Gate( 3890)	 t q[0]
Gate( 3891)	 t q[1]
Gate( 3892)	 t q[10]
Gate( 3893)	cx q[1], q[0]
Gate( 3894)	cx q[10], q[1]
Gate( 3895)	cx q[0], q[10]
Gate( 3896)	tdg q[1]
Gate( 3897)	cx q[0], q[1]
Gate( 3898)	tdg q[0]
Gate( 3899)	tdg q[1]
Gate( 3900)	 t q[10]
Gate( 3901)	cx q[10], q[1]
Gate( 3902)	cx q[0], q[10]
Gate( 3903)	cx q[1], q[0]
Gate( 3904)	 h q[10]
Gate( 3905)	 h q[11]
Gate( 3906)	 t q[2]
Gate( 3907)	 t q[10]
Gate( 3908)	 t q[11]
Gate( 3909)	cx q[10], q[2]
Gate( 3910)	cx q[11], q[10]
Gate( 3911)	cx q[2], q[11]
Gate( 3912)	tdg q[10]
Gate( 3913)	cx q[2], q[10]
Gate( 3914)	tdg q[2]
Gate( 3915)	tdg q[10]
Gate( 3916)	 t q[11]
Gate( 3917)	cx q[11], q[10]
Gate( 3918)	cx q[2], q[11]
Gate( 3919)	cx q[10], q[2]
Gate( 3920)	 h q[11]
Gate( 3921)	 h q[9]
Gate( 3922)	 t q[3]
Gate( 3923)	 t q[11]
Gate( 3924)	 t q[9]
Gate( 3925)	cx q[11], q[3]
Gate( 3926)	cx q[9], q[11]
Gate( 3927)	cx q[3], q[9]
Gate( 3928)	tdg q[11]
Gate( 3929)	cx q[3], q[11]
Gate( 3930)	tdg q[3]
Gate( 3931)	tdg q[11]
Gate( 3932)	 t q[9]
Gate( 3933)	cx q[9], q[11]
Gate( 3934)	cx q[3], q[9]
Gate( 3935)	cx q[11], q[3]
Gate( 3936)	 h q[9]
Gate( 3937)	 h q[11]
Gate( 3938)	 t q[2]
Gate( 3939)	 t q[10]
Gate( 3940)	 t q[11]
Gate( 3941)	cx q[10], q[2]
Gate( 3942)	cx q[11], q[10]
Gate( 3943)	cx q[2], q[11]
Gate( 3944)	tdg q[10]
Gate( 3945)	cx q[2], q[10]
Gate( 3946)	tdg q[2]
Gate( 3947)	tdg q[10]
Gate( 3948)	 t q[11]
Gate( 3949)	cx q[11], q[10]
Gate( 3950)	cx q[2], q[11]
Gate( 3951)	cx q[10], q[2]
Gate( 3952)	 h q[11]
Gate( 3953)	 h q[10]
Gate( 3954)	 t q[0]
Gate( 3955)	 t q[1]
Gate( 3956)	 t q[10]
Gate( 3957)	cx q[1], q[0]
Gate( 3958)	cx q[10], q[1]
Gate( 3959)	cx q[0], q[10]
Gate( 3960)	tdg q[1]
Gate( 3961)	cx q[0], q[1]
Gate( 3962)	tdg q[0]
Gate( 3963)	tdg q[1]
Gate( 3964)	 t q[10]
Gate( 3965)	cx q[10], q[1]
Gate( 3966)	cx q[0], q[10]
Gate( 3967)	cx q[1], q[0]
Gate( 3968)	 h q[10]
Gate( 3969)	 h q[11]
Gate( 3970)	 t q[2]
Gate( 3971)	 t q[10]
Gate( 3972)	 t q[11]
Gate( 3973)	cx q[10], q[2]
Gate( 3974)	cx q[11], q[10]
Gate( 3975)	cx q[2], q[11]
Gate( 3976)	tdg q[10]
Gate( 3977)	cx q[2], q[10]
Gate( 3978)	tdg q[2]
Gate( 3979)	tdg q[10]
Gate( 3980)	 t q[11]
Gate( 3981)	cx q[11], q[10]
Gate( 3982)	cx q[2], q[11]
Gate( 3983)	cx q[10], q[2]
Gate( 3984)	 h q[11]
Gate( 3985)	 h q[8]
Gate( 3986)	 t q[9]
Gate( 3987)	 t q[11]
Gate( 3988)	 t q[8]
Gate( 3989)	cx q[11], q[9]
Gate( 3990)	cx q[8], q[11]
Gate( 3991)	cx q[9], q[8]
Gate( 3992)	tdg q[11]
Gate( 3993)	cx q[9], q[11]
Gate( 3994)	tdg q[9]
Gate( 3995)	tdg q[11]
Gate( 3996)	 t q[8]
Gate( 3997)	cx q[8], q[11]
Gate( 3998)	cx q[9], q[8]
Gate( 3999)	cx q[11], q[9]
Gate( 4000)	 h q[8]
Gate( 4001)	 h q[11]
Gate( 4002)	 t q[10]
Gate( 4003)	 t q[3]
Gate( 4004)	 t q[11]
Gate( 4005)	cx q[3], q[10]
Gate( 4006)	cx q[11], q[3]
Gate( 4007)	cx q[10], q[11]
Gate( 4008)	tdg q[3]
Gate( 4009)	cx q[10], q[3]
Gate( 4010)	tdg q[10]
Gate( 4011)	tdg q[3]
Gate( 4012)	 t q[11]
Gate( 4013)	cx q[11], q[3]
Gate( 4014)	cx q[10], q[11]
Gate( 4015)	cx q[3], q[10]
Gate( 4016)	 h q[11]
Gate( 4017)	 h q[3]
Gate( 4018)	 t q[7]
Gate( 4019)	 t q[2]
Gate( 4020)	 t q[3]
Gate( 4021)	cx q[2], q[7]
Gate( 4022)	cx q[3], q[2]
Gate( 4023)	cx q[7], q[3]
Gate( 4024)	tdg q[2]
Gate( 4025)	cx q[7], q[2]
Gate( 4026)	tdg q[7]
Gate( 4027)	tdg q[2]
Gate( 4028)	 t q[3]
Gate( 4029)	cx q[3], q[2]
Gate( 4030)	cx q[7], q[3]
Gate( 4031)	cx q[2], q[7]
Gate( 4032)	 h q[3]
Gate( 4033)	 h q[2]
Gate( 4034)	 t q[6]
Gate( 4035)	 t q[1]
Gate( 4036)	 t q[2]
Gate( 4037)	cx q[1], q[6]
Gate( 4038)	cx q[2], q[1]
Gate( 4039)	cx q[6], q[2]
Gate( 4040)	tdg q[1]
Gate( 4041)	cx q[6], q[1]
Gate( 4042)	tdg q[6]
Gate( 4043)	tdg q[1]
Gate( 4044)	 t q[2]
Gate( 4045)	cx q[2], q[1]
Gate( 4046)	cx q[6], q[2]
Gate( 4047)	cx q[1], q[6]
Gate( 4048)	 h q[2]
Gate( 4049)	 h q[1]
Gate( 4050)	 t q[4]
Gate( 4051)	 t q[5]
Gate( 4052)	 t q[1]
Gate( 4053)	cx q[5], q[4]
Gate( 4054)	cx q[1], q[5]
Gate( 4055)	cx q[4], q[1]
Gate( 4056)	tdg q[5]
Gate( 4057)	cx q[4], q[5]
Gate( 4058)	tdg q[4]
Gate( 4059)	tdg q[5]
Gate( 4060)	 t q[1]
Gate( 4061)	cx q[1], q[5]
Gate( 4062)	cx q[4], q[1]
Gate( 4063)	cx q[5], q[4]
Gate( 4064)	 h q[1]
Gate( 4065)	 h q[2]
Gate( 4066)	 t q[6]
Gate( 4067)	 t q[1]
Gate( 4068)	 t q[2]
Gate( 4069)	cx q[1], q[6]
Gate( 4070)	cx q[2], q[1]
Gate( 4071)	cx q[6], q[2]
Gate( 4072)	tdg q[1]
Gate( 4073)	cx q[6], q[1]
Gate( 4074)	tdg q[6]
Gate( 4075)	tdg q[1]
Gate( 4076)	 t q[2]
Gate( 4077)	cx q[2], q[1]
Gate( 4078)	cx q[6], q[2]
Gate( 4079)	cx q[1], q[6]
Gate( 4080)	 h q[2]
Gate( 4081)	 h q[3]
Gate( 4082)	 t q[7]
Gate( 4083)	 t q[2]
Gate( 4084)	 t q[3]
Gate( 4085)	cx q[2], q[7]
Gate( 4086)	cx q[3], q[2]
Gate( 4087)	cx q[7], q[3]
Gate( 4088)	tdg q[2]
Gate( 4089)	cx q[7], q[2]
Gate( 4090)	tdg q[7]
Gate( 4091)	tdg q[2]
Gate( 4092)	 t q[3]
Gate( 4093)	cx q[3], q[2]
Gate( 4094)	cx q[7], q[3]
Gate( 4095)	cx q[2], q[7]
Gate( 4096)	 h q[3]
Gate( 4097)	 h q[11]
Gate( 4098)	 t q[10]
Gate( 4099)	 t q[3]
Gate( 4100)	 t q[11]
Gate( 4101)	cx q[3], q[10]
Gate( 4102)	cx q[11], q[3]
Gate( 4103)	cx q[10], q[11]
Gate( 4104)	tdg q[3]
Gate( 4105)	cx q[10], q[3]
Gate( 4106)	tdg q[10]
Gate( 4107)	tdg q[3]
Gate( 4108)	 t q[11]
Gate( 4109)	cx q[11], q[3]
Gate( 4110)	cx q[10], q[11]
Gate( 4111)	cx q[3], q[10]
Gate( 4112)	 h q[11]
Gate( 4113)	 h q[8]
Gate( 4114)	 t q[9]
Gate( 4115)	 t q[11]
Gate( 4116)	 t q[8]
Gate( 4117)	cx q[11], q[9]
Gate( 4118)	cx q[8], q[11]
Gate( 4119)	cx q[9], q[8]
Gate( 4120)	tdg q[11]
Gate( 4121)	cx q[9], q[11]
Gate( 4122)	tdg q[9]
Gate( 4123)	tdg q[11]
Gate( 4124)	 t q[8]
Gate( 4125)	cx q[8], q[11]
Gate( 4126)	cx q[9], q[8]
Gate( 4127)	cx q[11], q[9]
Gate( 4128)	 h q[8]
Gate( 4129)	 h q[11]
Gate( 4130)	 t q[10]
Gate( 4131)	 t q[3]
Gate( 4132)	 t q[11]
Gate( 4133)	cx q[3], q[10]
Gate( 4134)	cx q[11], q[3]
Gate( 4135)	cx q[10], q[11]
Gate( 4136)	tdg q[3]
Gate( 4137)	cx q[10], q[3]
Gate( 4138)	tdg q[10]
Gate( 4139)	tdg q[3]
Gate( 4140)	 t q[11]
Gate( 4141)	cx q[11], q[3]
Gate( 4142)	cx q[10], q[11]
Gate( 4143)	cx q[3], q[10]
Gate( 4144)	 h q[11]
Gate( 4145)	 h q[3]
Gate( 4146)	 t q[7]
Gate( 4147)	 t q[2]
Gate( 4148)	 t q[3]
Gate( 4149)	cx q[2], q[7]
Gate( 4150)	cx q[3], q[2]
Gate( 4151)	cx q[7], q[3]
Gate( 4152)	tdg q[2]
Gate( 4153)	cx q[7], q[2]
Gate( 4154)	tdg q[7]
Gate( 4155)	tdg q[2]
Gate( 4156)	 t q[3]
Gate( 4157)	cx q[3], q[2]
Gate( 4158)	cx q[7], q[3]
Gate( 4159)	cx q[2], q[7]
Gate( 4160)	 h q[3]
Gate( 4161)	 h q[2]
Gate( 4162)	 t q[6]
Gate( 4163)	 t q[1]
Gate( 4164)	 t q[2]
Gate( 4165)	cx q[1], q[6]
Gate( 4166)	cx q[2], q[1]
Gate( 4167)	cx q[6], q[2]
Gate( 4168)	tdg q[1]
Gate( 4169)	cx q[6], q[1]
Gate( 4170)	tdg q[6]
Gate( 4171)	tdg q[1]
Gate( 4172)	 t q[2]
Gate( 4173)	cx q[2], q[1]
Gate( 4174)	cx q[6], q[2]
Gate( 4175)	cx q[1], q[6]
Gate( 4176)	 h q[2]
Gate( 4177)	 h q[1]
Gate( 4178)	 t q[4]
Gate( 4179)	 t q[5]
Gate( 4180)	 t q[1]
Gate( 4181)	cx q[5], q[4]
Gate( 4182)	cx q[1], q[5]
Gate( 4183)	cx q[4], q[1]
Gate( 4184)	tdg q[5]
Gate( 4185)	cx q[4], q[5]
Gate( 4186)	tdg q[4]
Gate( 4187)	tdg q[5]
Gate( 4188)	 t q[1]
Gate( 4189)	cx q[1], q[5]
Gate( 4190)	cx q[4], q[1]
Gate( 4191)	cx q[5], q[4]
Gate( 4192)	 h q[1]
Gate( 4193)	 h q[2]
Gate( 4194)	 t q[6]
Gate( 4195)	 t q[1]
Gate( 4196)	 t q[2]
Gate( 4197)	cx q[1], q[6]
Gate( 4198)	cx q[2], q[1]
Gate( 4199)	cx q[6], q[2]
Gate( 4200)	tdg q[1]
Gate( 4201)	cx q[6], q[1]
Gate( 4202)	tdg q[6]
Gate( 4203)	tdg q[1]
Gate( 4204)	 t q[2]
Gate( 4205)	cx q[2], q[1]
Gate( 4206)	cx q[6], q[2]
Gate( 4207)	cx q[1], q[6]
Gate( 4208)	 h q[2]
Gate( 4209)	 h q[3]
Gate( 4210)	 t q[7]
Gate( 4211)	 t q[2]
Gate( 4212)	 t q[3]
Gate( 4213)	cx q[2], q[7]
Gate( 4214)	cx q[3], q[2]
Gate( 4215)	cx q[7], q[3]
Gate( 4216)	tdg q[2]
Gate( 4217)	cx q[7], q[2]
Gate( 4218)	tdg q[7]
Gate( 4219)	tdg q[2]
Gate( 4220)	 t q[3]
Gate( 4221)	cx q[3], q[2]
Gate( 4222)	cx q[7], q[3]
Gate( 4223)	cx q[2], q[7]
Gate( 4224)	 h q[3]
Gate( 4225)	 h q[11]
Gate( 4226)	 t q[10]
Gate( 4227)	 t q[3]
Gate( 4228)	 t q[11]
Gate( 4229)	cx q[3], q[10]
Gate( 4230)	cx q[11], q[3]
Gate( 4231)	cx q[10], q[11]
Gate( 4232)	tdg q[3]
Gate( 4233)	cx q[10], q[3]
Gate( 4234)	tdg q[10]
Gate( 4235)	tdg q[3]
Gate( 4236)	 t q[11]
Gate( 4237)	cx q[11], q[3]
Gate( 4238)	cx q[10], q[11]
Gate( 4239)	cx q[3], q[10]
Gate( 4240)	 h q[11]
Gate( 4241)	 h q[8]
Gate( 4242)	 t q[3]
Gate( 4243)	 t q[11]
Gate( 4244)	 t q[8]
Gate( 4245)	cx q[11], q[3]
Gate( 4246)	cx q[8], q[11]
Gate( 4247)	cx q[3], q[8]
Gate( 4248)	tdg q[11]
Gate( 4249)	cx q[3], q[11]
Gate( 4250)	tdg q[3]
Gate( 4251)	tdg q[11]
Gate( 4252)	 t q[8]
Gate( 4253)	cx q[8], q[11]
Gate( 4254)	cx q[3], q[8]
Gate( 4255)	cx q[11], q[3]
Gate( 4256)	 h q[8]
Gate( 4257)	 h q[11]
Gate( 4258)	 t q[2]
Gate( 4259)	 t q[10]
Gate( 4260)	 t q[11]
Gate( 4261)	cx q[10], q[2]
Gate( 4262)	cx q[11], q[10]
Gate( 4263)	cx q[2], q[11]
Gate( 4264)	tdg q[10]
Gate( 4265)	cx q[2], q[10]
Gate( 4266)	tdg q[2]
Gate( 4267)	tdg q[10]
Gate( 4268)	 t q[11]
Gate( 4269)	cx q[11], q[10]
Gate( 4270)	cx q[2], q[11]
Gate( 4271)	cx q[10], q[2]
Gate( 4272)	 h q[11]
Gate( 4273)	 h q[10]
Gate( 4274)	 t q[0]
Gate( 4275)	 t q[1]
Gate( 4276)	 t q[10]
Gate( 4277)	cx q[1], q[0]
Gate( 4278)	cx q[10], q[1]
Gate( 4279)	cx q[0], q[10]
Gate( 4280)	tdg q[1]
Gate( 4281)	cx q[0], q[1]
Gate( 4282)	tdg q[0]
Gate( 4283)	tdg q[1]
Gate( 4284)	 t q[10]
Gate( 4285)	cx q[10], q[1]
Gate( 4286)	cx q[0], q[10]
Gate( 4287)	cx q[1], q[0]
Gate( 4288)	 h q[10]
Gate( 4289)	 h q[11]
Gate( 4290)	 t q[2]
Gate( 4291)	 t q[10]
Gate( 4292)	 t q[11]
Gate( 4293)	cx q[10], q[2]
Gate( 4294)	cx q[11], q[10]
Gate( 4295)	cx q[2], q[11]
Gate( 4296)	tdg q[10]
Gate( 4297)	cx q[2], q[10]
Gate( 4298)	tdg q[2]
Gate( 4299)	tdg q[10]
Gate( 4300)	 t q[11]
Gate( 4301)	cx q[11], q[10]
Gate( 4302)	cx q[2], q[11]
Gate( 4303)	cx q[10], q[2]
Gate( 4304)	 h q[11]
Gate( 4305)	 h q[8]
Gate( 4306)	 t q[3]
Gate( 4307)	 t q[11]
Gate( 4308)	 t q[8]
Gate( 4309)	cx q[11], q[3]
Gate( 4310)	cx q[8], q[11]
Gate( 4311)	cx q[3], q[8]
Gate( 4312)	tdg q[11]
Gate( 4313)	cx q[3], q[11]
Gate( 4314)	tdg q[3]
Gate( 4315)	tdg q[11]
Gate( 4316)	 t q[8]
Gate( 4317)	cx q[8], q[11]
Gate( 4318)	cx q[3], q[8]
Gate( 4319)	cx q[11], q[3]
Gate( 4320)	 h q[8]
Gate( 4321)	 h q[11]
Gate( 4322)	 t q[2]
Gate( 4323)	 t q[10]
Gate( 4324)	 t q[11]
Gate( 4325)	cx q[10], q[2]
Gate( 4326)	cx q[11], q[10]
Gate( 4327)	cx q[2], q[11]
Gate( 4328)	tdg q[10]
Gate( 4329)	cx q[2], q[10]
Gate( 4330)	tdg q[2]
Gate( 4331)	tdg q[10]
Gate( 4332)	 t q[11]
Gate( 4333)	cx q[11], q[10]
Gate( 4334)	cx q[2], q[11]
Gate( 4335)	cx q[10], q[2]
Gate( 4336)	 h q[11]
Gate( 4337)	 h q[10]
Gate( 4338)	 t q[0]
Gate( 4339)	 t q[1]
Gate( 4340)	 t q[10]
Gate( 4341)	cx q[1], q[0]
Gate( 4342)	cx q[10], q[1]
Gate( 4343)	cx q[0], q[10]
Gate( 4344)	tdg q[1]
Gate( 4345)	cx q[0], q[1]
Gate( 4346)	tdg q[0]
Gate( 4347)	tdg q[1]
Gate( 4348)	 t q[10]
Gate( 4349)	cx q[10], q[1]
Gate( 4350)	cx q[0], q[10]
Gate( 4351)	cx q[1], q[0]
Gate( 4352)	 h q[10]
Gate( 4353)	 h q[11]
Gate( 4354)	 t q[2]
Gate( 4355)	 t q[10]
Gate( 4356)	 t q[11]
Gate( 4357)	cx q[10], q[2]
Gate( 4358)	cx q[11], q[10]
Gate( 4359)	cx q[2], q[11]
Gate( 4360)	tdg q[10]
Gate( 4361)	cx q[2], q[10]
Gate( 4362)	tdg q[2]
Gate( 4363)	tdg q[10]
Gate( 4364)	 t q[11]
Gate( 4365)	cx q[11], q[10]
Gate( 4366)	cx q[2], q[11]
Gate( 4367)	cx q[10], q[2]
Gate( 4368)	 h q[11]
Gate( 4369)	 h q[7]
Gate( 4370)	 t q[8]
Gate( 4371)	 t q[11]
Gate( 4372)	 t q[7]
Gate( 4373)	cx q[11], q[8]
Gate( 4374)	cx q[7], q[11]
Gate( 4375)	cx q[8], q[7]
Gate( 4376)	tdg q[11]
Gate( 4377)	cx q[8], q[11]
Gate( 4378)	tdg q[8]
Gate( 4379)	tdg q[11]
Gate( 4380)	 t q[7]
Gate( 4381)	cx q[7], q[11]
Gate( 4382)	cx q[8], q[7]
Gate( 4383)	cx q[11], q[8]
Gate( 4384)	 h q[7]
Gate( 4385)	 h q[11]
Gate( 4386)	 t q[10]
Gate( 4387)	 t q[9]
Gate( 4388)	 t q[11]
Gate( 4389)	cx q[9], q[10]
Gate( 4390)	cx q[11], q[9]
Gate( 4391)	cx q[10], q[11]
Gate( 4392)	tdg q[9]
Gate( 4393)	cx q[10], q[9]
Gate( 4394)	tdg q[10]
Gate( 4395)	tdg q[9]
Gate( 4396)	 t q[11]
Gate( 4397)	cx q[11], q[9]
Gate( 4398)	cx q[10], q[11]
Gate( 4399)	cx q[9], q[10]
Gate( 4400)	 h q[11]
Gate( 4401)	 h q[9]
Gate( 4402)	 t q[6]
Gate( 4403)	 t q[3]
Gate( 4404)	 t q[9]
Gate( 4405)	cx q[3], q[6]
Gate( 4406)	cx q[9], q[3]
Gate( 4407)	cx q[6], q[9]
Gate( 4408)	tdg q[3]
Gate( 4409)	cx q[6], q[3]
Gate( 4410)	tdg q[6]
Gate( 4411)	tdg q[3]
Gate( 4412)	 t q[9]
Gate( 4413)	cx q[9], q[3]
Gate( 4414)	cx q[6], q[9]
Gate( 4415)	cx q[3], q[6]
Gate( 4416)	 h q[9]
Gate( 4417)	 h q[3]
Gate( 4418)	 t q[4]
Gate( 4419)	 t q[5]
Gate( 4420)	 t q[3]
Gate( 4421)	cx q[5], q[4]
Gate( 4422)	cx q[3], q[5]
Gate( 4423)	cx q[4], q[3]
Gate( 4424)	tdg q[5]
Gate( 4425)	cx q[4], q[5]
Gate( 4426)	tdg q[4]
Gate( 4427)	tdg q[5]
Gate( 4428)	 t q[3]
Gate( 4429)	cx q[3], q[5]
Gate( 4430)	cx q[4], q[3]
Gate( 4431)	cx q[5], q[4]
Gate( 4432)	 h q[3]
Gate( 4433)	 h q[9]
Gate( 4434)	 t q[6]
Gate( 4435)	 t q[3]
Gate( 4436)	 t q[9]
Gate( 4437)	cx q[3], q[6]
Gate( 4438)	cx q[9], q[3]
Gate( 4439)	cx q[6], q[9]
Gate( 4440)	tdg q[3]
Gate( 4441)	cx q[6], q[3]
Gate( 4442)	tdg q[6]
Gate( 4443)	tdg q[3]
Gate( 4444)	 t q[9]
Gate( 4445)	cx q[9], q[3]
Gate( 4446)	cx q[6], q[9]
Gate( 4447)	cx q[3], q[6]
Gate( 4448)	 h q[9]
Gate( 4449)	 h q[11]
Gate( 4450)	 t q[10]
Gate( 4451)	 t q[9]
Gate( 4452)	 t q[11]
Gate( 4453)	cx q[9], q[10]
Gate( 4454)	cx q[11], q[9]
Gate( 4455)	cx q[10], q[11]
Gate( 4456)	tdg q[9]
Gate( 4457)	cx q[10], q[9]
Gate( 4458)	tdg q[10]
Gate( 4459)	tdg q[9]
Gate( 4460)	 t q[11]
Gate( 4461)	cx q[11], q[9]
Gate( 4462)	cx q[10], q[11]
Gate( 4463)	cx q[9], q[10]
Gate( 4464)	 h q[11]
Gate( 4465)	 h q[7]
Gate( 4466)	 t q[8]
Gate( 4467)	 t q[11]
Gate( 4468)	 t q[7]
Gate( 4469)	cx q[11], q[8]
Gate( 4470)	cx q[7], q[11]
Gate( 4471)	cx q[8], q[7]
Gate( 4472)	tdg q[11]
Gate( 4473)	cx q[8], q[11]
Gate( 4474)	tdg q[8]
Gate( 4475)	tdg q[11]
Gate( 4476)	 t q[7]
Gate( 4477)	cx q[7], q[11]
Gate( 4478)	cx q[8], q[7]
Gate( 4479)	cx q[11], q[8]
Gate( 4480)	 h q[7]
Gate( 4481)	 h q[11]
Gate( 4482)	 t q[10]
Gate( 4483)	 t q[9]
Gate( 4484)	 t q[11]
Gate( 4485)	cx q[9], q[10]
Gate( 4486)	cx q[11], q[9]
Gate( 4487)	cx q[10], q[11]
Gate( 4488)	tdg q[9]
Gate( 4489)	cx q[10], q[9]
Gate( 4490)	tdg q[10]
Gate( 4491)	tdg q[9]
Gate( 4492)	 t q[11]
Gate( 4493)	cx q[11], q[9]
Gate( 4494)	cx q[10], q[11]
Gate( 4495)	cx q[9], q[10]
Gate( 4496)	 h q[11]
Gate( 4497)	 h q[9]
Gate( 4498)	 t q[6]
Gate( 4499)	 t q[3]
Gate( 4500)	 t q[9]
Gate( 4501)	cx q[3], q[6]
Gate( 4502)	cx q[9], q[3]
Gate( 4503)	cx q[6], q[9]
Gate( 4504)	tdg q[3]
Gate( 4505)	cx q[6], q[3]
Gate( 4506)	tdg q[6]
Gate( 4507)	tdg q[3]
Gate( 4508)	 t q[9]
Gate( 4509)	cx q[9], q[3]
Gate( 4510)	cx q[6], q[9]
Gate( 4511)	cx q[3], q[6]
Gate( 4512)	 h q[9]
Gate( 4513)	 h q[3]
Gate( 4514)	 t q[4]
Gate( 4515)	 t q[5]
Gate( 4516)	 t q[3]
Gate( 4517)	cx q[5], q[4]
Gate( 4518)	cx q[3], q[5]
Gate( 4519)	cx q[4], q[3]
Gate( 4520)	tdg q[5]
Gate( 4521)	cx q[4], q[5]
Gate( 4522)	tdg q[4]
Gate( 4523)	tdg q[5]
Gate( 4524)	 t q[3]
Gate( 4525)	cx q[3], q[5]
Gate( 4526)	cx q[4], q[3]
Gate( 4527)	cx q[5], q[4]
Gate( 4528)	 h q[3]
Gate( 4529)	 h q[9]
Gate( 4530)	 t q[6]
Gate( 4531)	 t q[3]
Gate( 4532)	 t q[9]
Gate( 4533)	cx q[3], q[6]
Gate( 4534)	cx q[9], q[3]
Gate( 4535)	cx q[6], q[9]
Gate( 4536)	tdg q[3]
Gate( 4537)	cx q[6], q[3]
Gate( 4538)	tdg q[6]
Gate( 4539)	tdg q[3]
Gate( 4540)	 t q[9]
Gate( 4541)	cx q[9], q[3]
Gate( 4542)	cx q[6], q[9]
Gate( 4543)	cx q[3], q[6]
Gate( 4544)	 h q[9]
Gate( 4545)	 h q[11]
Gate( 4546)	 t q[10]
Gate( 4547)	 t q[9]
Gate( 4548)	 t q[11]
Gate( 4549)	cx q[9], q[10]
Gate( 4550)	cx q[11], q[9]
Gate( 4551)	cx q[10], q[11]
Gate( 4552)	tdg q[9]
Gate( 4553)	cx q[10], q[9]
Gate( 4554)	tdg q[10]
Gate( 4555)	tdg q[9]
Gate( 4556)	 t q[11]
Gate( 4557)	cx q[11], q[9]
Gate( 4558)	cx q[10], q[11]
Gate( 4559)	cx q[9], q[10]
Gate( 4560)	 h q[11]
Gate( 4561)	 h q[8]
Gate( 4562)	 t q[3]
Gate( 4563)	 t q[11]
Gate( 4564)	 t q[8]
Gate( 4565)	cx q[11], q[3]
Gate( 4566)	cx q[8], q[11]
Gate( 4567)	cx q[3], q[8]
Gate( 4568)	tdg q[11]
Gate( 4569)	cx q[3], q[11]
Gate( 4570)	tdg q[3]
Gate( 4571)	tdg q[11]
Gate( 4572)	 t q[8]
Gate( 4573)	cx q[8], q[11]
Gate( 4574)	cx q[3], q[8]
Gate( 4575)	cx q[11], q[3]
Gate( 4576)	 h q[8]
Gate( 4577)	 h q[11]
Gate( 4578)	 t q[2]
Gate( 4579)	 t q[10]
Gate( 4580)	 t q[11]
Gate( 4581)	cx q[10], q[2]
Gate( 4582)	cx q[11], q[10]
Gate( 4583)	cx q[2], q[11]
Gate( 4584)	tdg q[10]
Gate( 4585)	cx q[2], q[10]
Gate( 4586)	tdg q[2]
Gate( 4587)	tdg q[10]
Gate( 4588)	 t q[11]
Gate( 4589)	cx q[11], q[10]
Gate( 4590)	cx q[2], q[11]
Gate( 4591)	cx q[10], q[2]
Gate( 4592)	 h q[11]
Gate( 4593)	 h q[10]
Gate( 4594)	 t q[0]
Gate( 4595)	 t q[1]
Gate( 4596)	 t q[10]
Gate( 4597)	cx q[1], q[0]
Gate( 4598)	cx q[10], q[1]
Gate( 4599)	cx q[0], q[10]
Gate( 4600)	tdg q[1]
Gate( 4601)	cx q[0], q[1]
Gate( 4602)	tdg q[0]
Gate( 4603)	tdg q[1]
Gate( 4604)	 t q[10]
Gate( 4605)	cx q[10], q[1]
Gate( 4606)	cx q[0], q[10]
Gate( 4607)	cx q[1], q[0]
Gate( 4608)	 h q[10]
Gate( 4609)	 h q[11]
Gate( 4610)	 t q[2]
Gate( 4611)	 t q[10]
Gate( 4612)	 t q[11]
Gate( 4613)	cx q[10], q[2]
Gate( 4614)	cx q[11], q[10]
Gate( 4615)	cx q[2], q[11]
Gate( 4616)	tdg q[10]
Gate( 4617)	cx q[2], q[10]
Gate( 4618)	tdg q[2]
Gate( 4619)	tdg q[10]
Gate( 4620)	 t q[11]
Gate( 4621)	cx q[11], q[10]
Gate( 4622)	cx q[2], q[11]
Gate( 4623)	cx q[10], q[2]
Gate( 4624)	 h q[11]
Gate( 4625)	 h q[8]
Gate( 4626)	 t q[3]
Gate( 4627)	 t q[11]
Gate( 4628)	 t q[8]
Gate( 4629)	cx q[11], q[3]
Gate( 4630)	cx q[8], q[11]
Gate( 4631)	cx q[3], q[8]
Gate( 4632)	tdg q[11]
Gate( 4633)	cx q[3], q[11]
Gate( 4634)	tdg q[3]
Gate( 4635)	tdg q[11]
Gate( 4636)	 t q[8]
Gate( 4637)	cx q[8], q[11]
Gate( 4638)	cx q[3], q[8]
Gate( 4639)	cx q[11], q[3]
Gate( 4640)	 h q[8]
Gate( 4641)	 h q[11]
Gate( 4642)	 t q[2]
Gate( 4643)	 t q[10]
Gate( 4644)	 t q[11]
Gate( 4645)	cx q[10], q[2]
Gate( 4646)	cx q[11], q[10]
Gate( 4647)	cx q[2], q[11]
Gate( 4648)	tdg q[10]
Gate( 4649)	cx q[2], q[10]
Gate( 4650)	tdg q[2]
Gate( 4651)	tdg q[10]
Gate( 4652)	 t q[11]
Gate( 4653)	cx q[11], q[10]
Gate( 4654)	cx q[2], q[11]
Gate( 4655)	cx q[10], q[2]
Gate( 4656)	 h q[11]
Gate( 4657)	 h q[10]
Gate( 4658)	 t q[0]
Gate( 4659)	 t q[1]
Gate( 4660)	 t q[10]
Gate( 4661)	cx q[1], q[0]
Gate( 4662)	cx q[10], q[1]
Gate( 4663)	cx q[0], q[10]
Gate( 4664)	tdg q[1]
Gate( 4665)	cx q[0], q[1]
Gate( 4666)	tdg q[0]
Gate( 4667)	tdg q[1]
Gate( 4668)	 t q[10]
Gate( 4669)	cx q[10], q[1]
Gate( 4670)	cx q[0], q[10]
Gate( 4671)	cx q[1], q[0]
Gate( 4672)	 h q[10]
Gate( 4673)	 h q[11]
Gate( 4674)	 t q[2]
Gate( 4675)	 t q[10]
Gate( 4676)	 t q[11]
Gate( 4677)	cx q[10], q[2]
Gate( 4678)	cx q[11], q[10]
Gate( 4679)	cx q[2], q[11]
Gate( 4680)	tdg q[10]
Gate( 4681)	cx q[2], q[10]
Gate( 4682)	tdg q[2]
Gate( 4683)	tdg q[10]
Gate( 4684)	 t q[11]
Gate( 4685)	cx q[11], q[10]
Gate( 4686)	cx q[2], q[11]
Gate( 4687)	cx q[10], q[2]
Gate( 4688)	 h q[11]
Gate( 4689)	 h q[7]
Gate( 4690)	 t q[8]
Gate( 4691)	 t q[11]
Gate( 4692)	 t q[7]
Gate( 4693)	cx q[11], q[8]
Gate( 4694)	cx q[7], q[11]
Gate( 4695)	cx q[8], q[7]
Gate( 4696)	tdg q[11]
Gate( 4697)	cx q[8], q[11]
Gate( 4698)	tdg q[8]
Gate( 4699)	tdg q[11]
Gate( 4700)	 t q[7]
Gate( 4701)	cx q[7], q[11]
Gate( 4702)	cx q[8], q[7]
Gate( 4703)	cx q[11], q[8]
Gate( 4704)	 h q[7]
Gate( 4705)	 h q[11]
Gate( 4706)	 t q[10]
Gate( 4707)	 t q[9]
Gate( 4708)	 t q[11]
Gate( 4709)	cx q[9], q[10]
Gate( 4710)	cx q[11], q[9]
Gate( 4711)	cx q[10], q[11]
Gate( 4712)	tdg q[9]
Gate( 4713)	cx q[10], q[9]
Gate( 4714)	tdg q[10]
Gate( 4715)	tdg q[9]
Gate( 4716)	 t q[11]
Gate( 4717)	cx q[11], q[9]
Gate( 4718)	cx q[10], q[11]
Gate( 4719)	cx q[9], q[10]
Gate( 4720)	 h q[11]
Gate( 4721)	 h q[9]
Gate( 4722)	 t q[6]
Gate( 4723)	 t q[3]
Gate( 4724)	 t q[9]
Gate( 4725)	cx q[3], q[6]
Gate( 4726)	cx q[9], q[3]
Gate( 4727)	cx q[6], q[9]
Gate( 4728)	tdg q[3]
Gate( 4729)	cx q[6], q[3]
Gate( 4730)	tdg q[6]
Gate( 4731)	tdg q[3]
Gate( 4732)	 t q[9]
Gate( 4733)	cx q[9], q[3]
Gate( 4734)	cx q[6], q[9]
Gate( 4735)	cx q[3], q[6]
Gate( 4736)	 h q[9]
Gate( 4737)	 h q[3]
Gate( 4738)	 t q[4]
Gate( 4739)	 t q[5]
Gate( 4740)	 t q[3]
Gate( 4741)	cx q[5], q[4]
Gate( 4742)	cx q[3], q[5]
Gate( 4743)	cx q[4], q[3]
Gate( 4744)	tdg q[5]
Gate( 4745)	cx q[4], q[5]
Gate( 4746)	tdg q[4]
Gate( 4747)	tdg q[5]
Gate( 4748)	 t q[3]
Gate( 4749)	cx q[3], q[5]
Gate( 4750)	cx q[4], q[3]
Gate( 4751)	cx q[5], q[4]
Gate( 4752)	 h q[3]
Gate( 4753)	 h q[9]
Gate( 4754)	 t q[6]
Gate( 4755)	 t q[3]
Gate( 4756)	 t q[9]
Gate( 4757)	cx q[3], q[6]
Gate( 4758)	cx q[9], q[3]
Gate( 4759)	cx q[6], q[9]
Gate( 4760)	tdg q[3]
Gate( 4761)	cx q[6], q[3]
Gate( 4762)	tdg q[6]
Gate( 4763)	tdg q[3]
Gate( 4764)	 t q[9]
Gate( 4765)	cx q[9], q[3]
Gate( 4766)	cx q[6], q[9]
Gate( 4767)	cx q[3], q[6]
Gate( 4768)	 h q[9]
Gate( 4769)	 h q[11]
Gate( 4770)	 t q[10]
Gate( 4771)	 t q[9]
Gate( 4772)	 t q[11]
Gate( 4773)	cx q[9], q[10]
Gate( 4774)	cx q[11], q[9]
Gate( 4775)	cx q[10], q[11]
Gate( 4776)	tdg q[9]
Gate( 4777)	cx q[10], q[9]
Gate( 4778)	tdg q[10]
Gate( 4779)	tdg q[9]
Gate( 4780)	 t q[11]
Gate( 4781)	cx q[11], q[9]
Gate( 4782)	cx q[10], q[11]
Gate( 4783)	cx q[9], q[10]
Gate( 4784)	 h q[11]
Gate( 4785)	 h q[7]
Gate( 4786)	 t q[8]
Gate( 4787)	 t q[11]
Gate( 4788)	 t q[7]
Gate( 4789)	cx q[11], q[8]
Gate( 4790)	cx q[7], q[11]
Gate( 4791)	cx q[8], q[7]
Gate( 4792)	tdg q[11]
Gate( 4793)	cx q[8], q[11]
Gate( 4794)	tdg q[8]
Gate( 4795)	tdg q[11]
Gate( 4796)	 t q[7]
Gate( 4797)	cx q[7], q[11]
Gate( 4798)	cx q[8], q[7]
Gate( 4799)	cx q[11], q[8]
Gate( 4800)	 h q[7]
Gate( 4801)	 h q[11]
Gate( 4802)	 t q[10]
Gate( 4803)	 t q[9]
Gate( 4804)	 t q[11]
Gate( 4805)	cx q[9], q[10]
Gate( 4806)	cx q[11], q[9]
Gate( 4807)	cx q[10], q[11]
Gate( 4808)	tdg q[9]
Gate( 4809)	cx q[10], q[9]
Gate( 4810)	tdg q[10]
Gate( 4811)	tdg q[9]
Gate( 4812)	 t q[11]
Gate( 4813)	cx q[11], q[9]
Gate( 4814)	cx q[10], q[11]
Gate( 4815)	cx q[9], q[10]
Gate( 4816)	 h q[11]
Gate( 4817)	 h q[9]
Gate( 4818)	 t q[6]
Gate( 4819)	 t q[3]
Gate( 4820)	 t q[9]
Gate( 4821)	cx q[3], q[6]
Gate( 4822)	cx q[9], q[3]
Gate( 4823)	cx q[6], q[9]
Gate( 4824)	tdg q[3]
Gate( 4825)	cx q[6], q[3]
Gate( 4826)	tdg q[6]
Gate( 4827)	tdg q[3]
Gate( 4828)	 t q[9]
Gate( 4829)	cx q[9], q[3]
Gate( 4830)	cx q[6], q[9]
Gate( 4831)	cx q[3], q[6]
Gate( 4832)	 h q[9]
Gate( 4833)	 h q[3]
Gate( 4834)	 t q[4]
Gate( 4835)	 t q[5]
Gate( 4836)	 t q[3]
Gate( 4837)	cx q[5], q[4]
Gate( 4838)	cx q[3], q[5]
Gate( 4839)	cx q[4], q[3]
Gate( 4840)	tdg q[5]
Gate( 4841)	cx q[4], q[5]
Gate( 4842)	tdg q[4]
Gate( 4843)	tdg q[5]
Gate( 4844)	 t q[3]
Gate( 4845)	cx q[3], q[5]
Gate( 4846)	cx q[4], q[3]
Gate( 4847)	cx q[5], q[4]
Gate( 4848)	 h q[3]
Gate( 4849)	 h q[9]
Gate( 4850)	 t q[6]
Gate( 4851)	 t q[3]
Gate( 4852)	 t q[9]
Gate( 4853)	cx q[3], q[6]
Gate( 4854)	cx q[9], q[3]
Gate( 4855)	cx q[6], q[9]
Gate( 4856)	tdg q[3]
Gate( 4857)	cx q[6], q[3]
Gate( 4858)	tdg q[6]
Gate( 4859)	tdg q[3]
Gate( 4860)	 t q[9]
Gate( 4861)	cx q[9], q[3]
Gate( 4862)	cx q[6], q[9]
Gate( 4863)	cx q[3], q[6]
Gate( 4864)	 h q[9]
Gate( 4865)	 h q[11]
Gate( 4866)	 t q[10]
Gate( 4867)	 t q[9]
Gate( 4868)	 t q[11]
Gate( 4869)	cx q[9], q[10]
Gate( 4870)	cx q[11], q[9]
Gate( 4871)	cx q[10], q[11]
Gate( 4872)	tdg q[9]
Gate( 4873)	cx q[10], q[9]
Gate( 4874)	tdg q[10]
Gate( 4875)	tdg q[9]
Gate( 4876)	 t q[11]
Gate( 4877)	cx q[11], q[9]
Gate( 4878)	cx q[10], q[11]
Gate( 4879)	cx q[9], q[10]
Gate( 4880)	 h q[11]
Gate( 4881)	 h q[7]
Gate( 4882)	 t q[2]
Gate( 4883)	 t q[11]
Gate( 4884)	 t q[7]
Gate( 4885)	cx q[11], q[2]
Gate( 4886)	cx q[7], q[11]
Gate( 4887)	cx q[2], q[7]
Gate( 4888)	tdg q[11]
Gate( 4889)	cx q[2], q[11]
Gate( 4890)	tdg q[2]
Gate( 4891)	tdg q[11]
Gate( 4892)	 t q[7]
Gate( 4893)	cx q[7], q[11]
Gate( 4894)	cx q[2], q[7]
Gate( 4895)	cx q[11], q[2]
Gate( 4896)	 h q[7]
Gate( 4897)	 h q[11]
Gate( 4898)	 t q[0]
Gate( 4899)	 t q[1]
Gate( 4900)	 t q[11]
Gate( 4901)	cx q[1], q[0]
Gate( 4902)	cx q[11], q[1]
Gate( 4903)	cx q[0], q[11]
Gate( 4904)	tdg q[1]
Gate( 4905)	cx q[0], q[1]
Gate( 4906)	tdg q[0]
Gate( 4907)	tdg q[1]
Gate( 4908)	 t q[11]
Gate( 4909)	cx q[11], q[1]
Gate( 4910)	cx q[0], q[11]
Gate( 4911)	cx q[1], q[0]
Gate( 4912)	 h q[11]
Gate( 4913)	 h q[7]
Gate( 4914)	 t q[2]
Gate( 4915)	 t q[11]
Gate( 4916)	 t q[7]
Gate( 4917)	cx q[11], q[2]
Gate( 4918)	cx q[7], q[11]
Gate( 4919)	cx q[2], q[7]
Gate( 4920)	tdg q[11]
Gate( 4921)	cx q[2], q[11]
Gate( 4922)	tdg q[2]
Gate( 4923)	tdg q[11]
Gate( 4924)	 t q[7]
Gate( 4925)	cx q[7], q[11]
Gate( 4926)	cx q[2], q[7]
Gate( 4927)	cx q[11], q[2]
Gate( 4928)	 h q[7]
Gate( 4929)	 h q[11]
Gate( 4930)	 t q[0]
Gate( 4931)	 t q[1]
Gate( 4932)	 t q[11]
Gate( 4933)	cx q[1], q[0]
Gate( 4934)	cx q[11], q[1]
Gate( 4935)	cx q[0], q[11]
Gate( 4936)	tdg q[1]
Gate( 4937)	cx q[0], q[1]
Gate( 4938)	tdg q[0]
Gate( 4939)	tdg q[1]
Gate( 4940)	 t q[11]
Gate( 4941)	cx q[11], q[1]
Gate( 4942)	cx q[0], q[11]
Gate( 4943)	cx q[1], q[0]
Gate( 4944)	 h q[11]
Gate( 4945)	 h q[6]
Gate( 4946)	 t q[7]
Gate( 4947)	 t q[11]
Gate( 4948)	 t q[6]
Gate( 4949)	cx q[11], q[7]
Gate( 4950)	cx q[6], q[11]
Gate( 4951)	cx q[7], q[6]
Gate( 4952)	tdg q[11]
Gate( 4953)	cx q[7], q[11]
Gate( 4954)	tdg q[7]
Gate( 4955)	tdg q[11]
Gate( 4956)	 t q[6]
Gate( 4957)	cx q[6], q[11]
Gate( 4958)	cx q[7], q[6]
Gate( 4959)	cx q[11], q[7]
Gate( 4960)	 h q[6]
Gate( 4961)	 h q[11]
Gate( 4962)	 t q[10]
Gate( 4963)	 t q[9]
Gate( 4964)	 t q[11]
Gate( 4965)	cx q[9], q[10]
Gate( 4966)	cx q[11], q[9]
Gate( 4967)	cx q[10], q[11]
Gate( 4968)	tdg q[9]
Gate( 4969)	cx q[10], q[9]
Gate( 4970)	tdg q[10]
Gate( 4971)	tdg q[9]
Gate( 4972)	 t q[11]
Gate( 4973)	cx q[11], q[9]
Gate( 4974)	cx q[10], q[11]
Gate( 4975)	cx q[9], q[10]
Gate( 4976)	 h q[11]
Gate( 4977)	 h q[9]
Gate( 4978)	 t q[5]
Gate( 4979)	 t q[8]
Gate( 4980)	 t q[9]
Gate( 4981)	cx q[8], q[5]
Gate( 4982)	cx q[9], q[8]
Gate( 4983)	cx q[5], q[9]
Gate( 4984)	tdg q[8]
Gate( 4985)	cx q[5], q[8]
Gate( 4986)	tdg q[5]
Gate( 4987)	tdg q[8]
Gate( 4988)	 t q[9]
Gate( 4989)	cx q[9], q[8]
Gate( 4990)	cx q[5], q[9]
Gate( 4991)	cx q[8], q[5]
Gate( 4992)	 h q[9]
Gate( 4993)	 h q[8]
Gate( 4994)	 t q[3]
Gate( 4995)	 t q[4]
Gate( 4996)	 t q[8]
Gate( 4997)	cx q[4], q[3]
Gate( 4998)	cx q[8], q[4]
Gate( 4999)	cx q[3], q[8]
Gate( 5000)	tdg q[4]
Gate( 5001)	cx q[3], q[4]
Gate( 5002)	tdg q[3]
Gate( 5003)	tdg q[4]
Gate( 5004)	 t q[8]
Gate( 5005)	cx q[8], q[4]
Gate( 5006)	cx q[3], q[8]
Gate( 5007)	cx q[4], q[3]
Gate( 5008)	 h q[8]
Gate( 5009)	 h q[9]
Gate( 5010)	 t q[5]
Gate( 5011)	 t q[8]
Gate( 5012)	 t q[9]
Gate( 5013)	cx q[8], q[5]
Gate( 5014)	cx q[9], q[8]
Gate( 5015)	cx q[5], q[9]
Gate( 5016)	tdg q[8]
Gate( 5017)	cx q[5], q[8]
Gate( 5018)	tdg q[5]
Gate( 5019)	tdg q[8]
Gate( 5020)	 t q[9]
Gate( 5021)	cx q[9], q[8]
Gate( 5022)	cx q[5], q[9]
Gate( 5023)	cx q[8], q[5]
Gate( 5024)	 h q[9]
Gate( 5025)	 h q[11]
Gate( 5026)	 t q[10]
Gate( 5027)	 t q[9]
Gate( 5028)	 t q[11]
Gate( 5029)	cx q[9], q[10]
Gate( 5030)	cx q[11], q[9]
Gate( 5031)	cx q[10], q[11]
Gate( 5032)	tdg q[9]
Gate( 5033)	cx q[10], q[9]
Gate( 5034)	tdg q[10]
Gate( 5035)	tdg q[9]
Gate( 5036)	 t q[11]
Gate( 5037)	cx q[11], q[9]
Gate( 5038)	cx q[10], q[11]
Gate( 5039)	cx q[9], q[10]
Gate( 5040)	 h q[11]
Gate( 5041)	 h q[6]
Gate( 5042)	 t q[7]
Gate( 5043)	 t q[11]
Gate( 5044)	 t q[6]
Gate( 5045)	cx q[11], q[7]
Gate( 5046)	cx q[6], q[11]
Gate( 5047)	cx q[7], q[6]
Gate( 5048)	tdg q[11]
Gate( 5049)	cx q[7], q[11]
Gate( 5050)	tdg q[7]
Gate( 5051)	tdg q[11]
Gate( 5052)	 t q[6]
Gate( 5053)	cx q[6], q[11]
Gate( 5054)	cx q[7], q[6]
Gate( 5055)	cx q[11], q[7]
Gate( 5056)	 h q[6]
Gate( 5057)	 h q[11]
Gate( 5058)	 t q[10]
Gate( 5059)	 t q[9]
Gate( 5060)	 t q[11]
Gate( 5061)	cx q[9], q[10]
Gate( 5062)	cx q[11], q[9]
Gate( 5063)	cx q[10], q[11]
Gate( 5064)	tdg q[9]
Gate( 5065)	cx q[10], q[9]
Gate( 5066)	tdg q[10]
Gate( 5067)	tdg q[9]
Gate( 5068)	 t q[11]
Gate( 5069)	cx q[11], q[9]
Gate( 5070)	cx q[10], q[11]
Gate( 5071)	cx q[9], q[10]
Gate( 5072)	 h q[11]
Gate( 5073)	 h q[9]
Gate( 5074)	 t q[5]
Gate( 5075)	 t q[8]
Gate( 5076)	 t q[9]
Gate( 5077)	cx q[8], q[5]
Gate( 5078)	cx q[9], q[8]
Gate( 5079)	cx q[5], q[9]
Gate( 5080)	tdg q[8]
Gate( 5081)	cx q[5], q[8]
Gate( 5082)	tdg q[5]
Gate( 5083)	tdg q[8]
Gate( 5084)	 t q[9]
Gate( 5085)	cx q[9], q[8]
Gate( 5086)	cx q[5], q[9]
Gate( 5087)	cx q[8], q[5]
Gate( 5088)	 h q[9]
Gate( 5089)	 h q[8]
Gate( 5090)	 t q[3]
Gate( 5091)	 t q[4]
Gate( 5092)	 t q[8]
Gate( 5093)	cx q[4], q[3]
Gate( 5094)	cx q[8], q[4]
Gate( 5095)	cx q[3], q[8]
Gate( 5096)	tdg q[4]
Gate( 5097)	cx q[3], q[4]
Gate( 5098)	tdg q[3]
Gate( 5099)	tdg q[4]
Gate( 5100)	 t q[8]
Gate( 5101)	cx q[8], q[4]
Gate( 5102)	cx q[3], q[8]
Gate( 5103)	cx q[4], q[3]
Gate( 5104)	 h q[8]
Gate( 5105)	 h q[9]
Gate( 5106)	 t q[5]
Gate( 5107)	 t q[8]
Gate( 5108)	 t q[9]
Gate( 5109)	cx q[8], q[5]
Gate( 5110)	cx q[9], q[8]
Gate( 5111)	cx q[5], q[9]
Gate( 5112)	tdg q[8]
Gate( 5113)	cx q[5], q[8]
Gate( 5114)	tdg q[5]
Gate( 5115)	tdg q[8]
Gate( 5116)	 t q[9]
Gate( 5117)	cx q[9], q[8]
Gate( 5118)	cx q[5], q[9]
Gate( 5119)	cx q[8], q[5]
Gate( 5120)	 h q[9]
Gate( 5121)	 h q[11]
Gate( 5122)	 t q[10]
Gate( 5123)	 t q[9]
Gate( 5124)	 t q[11]
Gate( 5125)	cx q[9], q[10]
Gate( 5126)	cx q[11], q[9]
Gate( 5127)	cx q[10], q[11]
Gate( 5128)	tdg q[9]
Gate( 5129)	cx q[10], q[9]
Gate( 5130)	tdg q[10]
Gate( 5131)	tdg q[9]
Gate( 5132)	 t q[11]
Gate( 5133)	cx q[11], q[9]
Gate( 5134)	cx q[10], q[11]
Gate( 5135)	cx q[9], q[10]
Gate( 5136)	 h q[11]
Gate( 5137)	 h q[7]
Gate( 5138)	 t q[2]
Gate( 5139)	 t q[11]
Gate( 5140)	 t q[7]
Gate( 5141)	cx q[11], q[2]
Gate( 5142)	cx q[7], q[11]
Gate( 5143)	cx q[2], q[7]
Gate( 5144)	tdg q[11]
Gate( 5145)	cx q[2], q[11]
Gate( 5146)	tdg q[2]
Gate( 5147)	tdg q[11]
Gate( 5148)	 t q[7]
Gate( 5149)	cx q[7], q[11]
Gate( 5150)	cx q[2], q[7]
Gate( 5151)	cx q[11], q[2]
Gate( 5152)	 h q[7]
Gate( 5153)	 h q[11]
Gate( 5154)	 t q[0]
Gate( 5155)	 t q[1]
Gate( 5156)	 t q[11]
Gate( 5157)	cx q[1], q[0]
Gate( 5158)	cx q[11], q[1]
Gate( 5159)	cx q[0], q[11]
Gate( 5160)	tdg q[1]
Gate( 5161)	cx q[0], q[1]
Gate( 5162)	tdg q[0]
Gate( 5163)	tdg q[1]
Gate( 5164)	 t q[11]
Gate( 5165)	cx q[11], q[1]
Gate( 5166)	cx q[0], q[11]
Gate( 5167)	cx q[1], q[0]
Gate( 5168)	 h q[11]
Gate( 5169)	 h q[7]
Gate( 5170)	 t q[2]
Gate( 5171)	 t q[11]
Gate( 5172)	 t q[7]
Gate( 5173)	cx q[11], q[2]
Gate( 5174)	cx q[7], q[11]
Gate( 5175)	cx q[2], q[7]
Gate( 5176)	tdg q[11]
Gate( 5177)	cx q[2], q[11]
Gate( 5178)	tdg q[2]
Gate( 5179)	tdg q[11]
Gate( 5180)	 t q[7]
Gate( 5181)	cx q[7], q[11]
Gate( 5182)	cx q[2], q[7]
Gate( 5183)	cx q[11], q[2]
Gate( 5184)	 h q[7]
Gate( 5185)	 h q[11]
Gate( 5186)	 t q[0]
Gate( 5187)	 t q[1]
Gate( 5188)	 t q[11]
Gate( 5189)	cx q[1], q[0]
Gate( 5190)	cx q[11], q[1]
Gate( 5191)	cx q[0], q[11]
Gate( 5192)	tdg q[1]
Gate( 5193)	cx q[0], q[1]
Gate( 5194)	tdg q[0]
Gate( 5195)	tdg q[1]
Gate( 5196)	 t q[11]
Gate( 5197)	cx q[11], q[1]
Gate( 5198)	cx q[0], q[11]
Gate( 5199)	cx q[1], q[0]
Gate( 5200)	 h q[11]
Gate( 5201)	 h q[6]
Gate( 5202)	 t q[7]
Gate( 5203)	 t q[11]
Gate( 5204)	 t q[6]
Gate( 5205)	cx q[11], q[7]
Gate( 5206)	cx q[6], q[11]
Gate( 5207)	cx q[7], q[6]
Gate( 5208)	tdg q[11]
Gate( 5209)	cx q[7], q[11]
Gate( 5210)	tdg q[7]
Gate( 5211)	tdg q[11]
Gate( 5212)	 t q[6]
Gate( 5213)	cx q[6], q[11]
Gate( 5214)	cx q[7], q[6]
Gate( 5215)	cx q[11], q[7]
Gate( 5216)	 h q[6]
Gate( 5217)	 h q[11]
Gate( 5218)	 t q[10]
Gate( 5219)	 t q[9]
Gate( 5220)	 t q[11]
Gate( 5221)	cx q[9], q[10]
Gate( 5222)	cx q[11], q[9]
Gate( 5223)	cx q[10], q[11]
Gate( 5224)	tdg q[9]
Gate( 5225)	cx q[10], q[9]
Gate( 5226)	tdg q[10]
Gate( 5227)	tdg q[9]
Gate( 5228)	 t q[11]
Gate( 5229)	cx q[11], q[9]
Gate( 5230)	cx q[10], q[11]
Gate( 5231)	cx q[9], q[10]
Gate( 5232)	 h q[11]
Gate( 5233)	 h q[9]
Gate( 5234)	 t q[5]
Gate( 5235)	 t q[8]
Gate( 5236)	 t q[9]
Gate( 5237)	cx q[8], q[5]
Gate( 5238)	cx q[9], q[8]
Gate( 5239)	cx q[5], q[9]
Gate( 5240)	tdg q[8]
Gate( 5241)	cx q[5], q[8]
Gate( 5242)	tdg q[5]
Gate( 5243)	tdg q[8]
Gate( 5244)	 t q[9]
Gate( 5245)	cx q[9], q[8]
Gate( 5246)	cx q[5], q[9]
Gate( 5247)	cx q[8], q[5]
Gate( 5248)	 h q[9]
Gate( 5249)	 h q[8]
Gate( 5250)	 t q[3]
Gate( 5251)	 t q[4]
Gate( 5252)	 t q[8]
Gate( 5253)	cx q[4], q[3]
Gate( 5254)	cx q[8], q[4]
Gate( 5255)	cx q[3], q[8]
Gate( 5256)	tdg q[4]
Gate( 5257)	cx q[3], q[4]
Gate( 5258)	tdg q[3]
Gate( 5259)	tdg q[4]
Gate( 5260)	 t q[8]
Gate( 5261)	cx q[8], q[4]
Gate( 5262)	cx q[3], q[8]
Gate( 5263)	cx q[4], q[3]
Gate( 5264)	 h q[8]
Gate( 5265)	 h q[9]
Gate( 5266)	 t q[5]
Gate( 5267)	 t q[8]
Gate( 5268)	 t q[9]
Gate( 5269)	cx q[8], q[5]
Gate( 5270)	cx q[9], q[8]
Gate( 5271)	cx q[5], q[9]
Gate( 5272)	tdg q[8]
Gate( 5273)	cx q[5], q[8]
Gate( 5274)	tdg q[5]
Gate( 5275)	tdg q[8]
Gate( 5276)	 t q[9]
Gate( 5277)	cx q[9], q[8]
Gate( 5278)	cx q[5], q[9]
Gate( 5279)	cx q[8], q[5]
Gate( 5280)	 h q[9]
Gate( 5281)	 h q[11]
Gate( 5282)	 t q[10]
Gate( 5283)	 t q[9]
Gate( 5284)	 t q[11]
Gate( 5285)	cx q[9], q[10]
Gate( 5286)	cx q[11], q[9]
Gate( 5287)	cx q[10], q[11]
Gate( 5288)	tdg q[9]
Gate( 5289)	cx q[10], q[9]
Gate( 5290)	tdg q[10]
Gate( 5291)	tdg q[9]
Gate( 5292)	 t q[11]
Gate( 5293)	cx q[11], q[9]
Gate( 5294)	cx q[10], q[11]
Gate( 5295)	cx q[9], q[10]
Gate( 5296)	 h q[11]
Gate( 5297)	 h q[6]
Gate( 5298)	 t q[7]
Gate( 5299)	 t q[11]
Gate( 5300)	 t q[6]
Gate( 5301)	cx q[11], q[7]
Gate( 5302)	cx q[6], q[11]
Gate( 5303)	cx q[7], q[6]
Gate( 5304)	tdg q[11]
Gate( 5305)	cx q[7], q[11]
Gate( 5306)	tdg q[7]
Gate( 5307)	tdg q[11]
Gate( 5308)	 t q[6]
Gate( 5309)	cx q[6], q[11]
Gate( 5310)	cx q[7], q[6]
Gate( 5311)	cx q[11], q[7]
Gate( 5312)	 h q[6]
Gate( 5313)	 h q[11]
Gate( 5314)	 t q[10]
Gate( 5315)	 t q[9]
Gate( 5316)	 t q[11]
Gate( 5317)	cx q[9], q[10]
Gate( 5318)	cx q[11], q[9]
Gate( 5319)	cx q[10], q[11]
Gate( 5320)	tdg q[9]
Gate( 5321)	cx q[10], q[9]
Gate( 5322)	tdg q[10]
Gate( 5323)	tdg q[9]
Gate( 5324)	 t q[11]
Gate( 5325)	cx q[11], q[9]
Gate( 5326)	cx q[10], q[11]
Gate( 5327)	cx q[9], q[10]
Gate( 5328)	 h q[11]
Gate( 5329)	 h q[9]
Gate( 5330)	 t q[5]
Gate( 5331)	 t q[8]
Gate( 5332)	 t q[9]
Gate( 5333)	cx q[8], q[5]
Gate( 5334)	cx q[9], q[8]
Gate( 5335)	cx q[5], q[9]
Gate( 5336)	tdg q[8]
Gate( 5337)	cx q[5], q[8]
Gate( 5338)	tdg q[5]
Gate( 5339)	tdg q[8]
Gate( 5340)	 t q[9]
Gate( 5341)	cx q[9], q[8]
Gate( 5342)	cx q[5], q[9]
Gate( 5343)	cx q[8], q[5]
Gate( 5344)	 h q[9]
Gate( 5345)	 h q[8]
Gate( 5346)	 t q[3]
Gate( 5347)	 t q[4]
Gate( 5348)	 t q[8]
Gate( 5349)	cx q[4], q[3]
Gate( 5350)	cx q[8], q[4]
Gate( 5351)	cx q[3], q[8]
Gate( 5352)	tdg q[4]
Gate( 5353)	cx q[3], q[4]
Gate( 5354)	tdg q[3]
Gate( 5355)	tdg q[4]
Gate( 5356)	 t q[8]
Gate( 5357)	cx q[8], q[4]
Gate( 5358)	cx q[3], q[8]
Gate( 5359)	cx q[4], q[3]
Gate( 5360)	 h q[8]
Gate( 5361)	 h q[9]
Gate( 5362)	 t q[5]
Gate( 5363)	 t q[8]
Gate( 5364)	 t q[9]
Gate( 5365)	cx q[8], q[5]
Gate( 5366)	cx q[9], q[8]
Gate( 5367)	cx q[5], q[9]
Gate( 5368)	tdg q[8]
Gate( 5369)	cx q[5], q[8]
Gate( 5370)	tdg q[5]
Gate( 5371)	tdg q[8]
Gate( 5372)	 t q[9]
Gate( 5373)	cx q[9], q[8]
Gate( 5374)	cx q[5], q[9]
Gate( 5375)	cx q[8], q[5]
Gate( 5376)	 h q[9]
Gate( 5377)	 h q[11]
Gate( 5378)	 t q[10]
Gate( 5379)	 t q[9]
Gate( 5380)	 t q[11]
Gate( 5381)	cx q[9], q[10]
Gate( 5382)	cx q[11], q[9]
Gate( 5383)	cx q[10], q[11]
Gate( 5384)	tdg q[9]
Gate( 5385)	cx q[10], q[9]
Gate( 5386)	tdg q[10]
Gate( 5387)	tdg q[9]
Gate( 5388)	 t q[11]
Gate( 5389)	cx q[11], q[9]
Gate( 5390)	cx q[10], q[11]
Gate( 5391)	cx q[9], q[10]
Gate( 5392)	 h q[11]
Gate( 5393)	 h q[5]
Gate( 5394)	 t q[10]
Gate( 5395)	 t q[11]
Gate( 5396)	 t q[5]
Gate( 5397)	cx q[11], q[10]
Gate( 5398)	cx q[5], q[11]
Gate( 5399)	cx q[10], q[5]
Gate( 5400)	tdg q[11]
Gate( 5401)	cx q[10], q[11]
Gate( 5402)	tdg q[10]
Gate( 5403)	tdg q[11]
Gate( 5404)	 t q[5]
Gate( 5405)	cx q[5], q[11]
Gate( 5406)	cx q[10], q[5]
Gate( 5407)	cx q[11], q[10]
Gate( 5408)	 h q[5]
Gate( 5409)	 h q[11]
Gate( 5410)	 t q[4]
Gate( 5411)	 t q[9]
Gate( 5412)	 t q[11]
Gate( 5413)	cx q[9], q[4]
Gate( 5414)	cx q[11], q[9]
Gate( 5415)	cx q[4], q[11]
Gate( 5416)	tdg q[9]
Gate( 5417)	cx q[4], q[9]
Gate( 5418)	tdg q[4]
Gate( 5419)	tdg q[9]
Gate( 5420)	 t q[11]
Gate( 5421)	cx q[11], q[9]
Gate( 5422)	cx q[4], q[11]
Gate( 5423)	cx q[9], q[4]
Gate( 5424)	 h q[11]
Gate( 5425)	 h q[9]
Gate( 5426)	 t q[3]
Gate( 5427)	 t q[8]
Gate( 5428)	 t q[9]
Gate( 5429)	cx q[8], q[3]
Gate( 5430)	cx q[9], q[8]
Gate( 5431)	cx q[3], q[9]
Gate( 5432)	tdg q[8]
Gate( 5433)	cx q[3], q[8]
Gate( 5434)	tdg q[3]
Gate( 5435)	tdg q[8]
Gate( 5436)	 t q[9]
Gate( 5437)	cx q[9], q[8]
Gate( 5438)	cx q[3], q[9]
Gate( 5439)	cx q[8], q[3]
Gate( 5440)	 h q[9]
Gate( 5441)	 h q[8]
Gate( 5442)	 t q[2]
Gate( 5443)	 t q[7]
Gate( 5444)	 t q[8]
Gate( 5445)	cx q[7], q[2]
Gate( 5446)	cx q[8], q[7]
Gate( 5447)	cx q[2], q[8]
Gate( 5448)	tdg q[7]
Gate( 5449)	cx q[2], q[7]
Gate( 5450)	tdg q[2]
Gate( 5451)	tdg q[7]
Gate( 5452)	 t q[8]
Gate( 5453)	cx q[8], q[7]
Gate( 5454)	cx q[2], q[8]
Gate( 5455)	cx q[7], q[2]
Gate( 5456)	 h q[8]
Gate( 5457)	 h q[7]
Gate( 5458)	 t q[0]
Gate( 5459)	 t q[1]
Gate( 5460)	 t q[7]
Gate( 5461)	cx q[1], q[0]
Gate( 5462)	cx q[7], q[1]
Gate( 5463)	cx q[0], q[7]
Gate( 5464)	tdg q[1]
Gate( 5465)	cx q[0], q[1]
Gate( 5466)	tdg q[0]
Gate( 5467)	tdg q[1]
Gate( 5468)	 t q[7]
Gate( 5469)	cx q[7], q[1]
Gate( 5470)	cx q[0], q[7]
Gate( 5471)	cx q[1], q[0]
Gate( 5472)	 h q[7]
Gate( 5473)	 h q[8]
Gate( 5474)	 t q[2]
Gate( 5475)	 t q[7]
Gate( 5476)	 t q[8]
Gate( 5477)	cx q[7], q[2]
Gate( 5478)	cx q[8], q[7]
Gate( 5479)	cx q[2], q[8]
Gate( 5480)	tdg q[7]
Gate( 5481)	cx q[2], q[7]
Gate( 5482)	tdg q[2]
Gate( 5483)	tdg q[7]
Gate( 5484)	 t q[8]
Gate( 5485)	cx q[8], q[7]
Gate( 5486)	cx q[2], q[8]
Gate( 5487)	cx q[7], q[2]
Gate( 5488)	 h q[8]
Gate( 5489)	 h q[9]
Gate( 5490)	 t q[3]
Gate( 5491)	 t q[8]
Gate( 5492)	 t q[9]
Gate( 5493)	cx q[8], q[3]
Gate( 5494)	cx q[9], q[8]
Gate( 5495)	cx q[3], q[9]
Gate( 5496)	tdg q[8]
Gate( 5497)	cx q[3], q[8]
Gate( 5498)	tdg q[3]
Gate( 5499)	tdg q[8]
Gate( 5500)	 t q[9]
Gate( 5501)	cx q[9], q[8]
Gate( 5502)	cx q[3], q[9]
Gate( 5503)	cx q[8], q[3]
Gate( 5504)	 h q[9]
Gate( 5505)	 h q[11]
Gate( 5506)	 t q[4]
Gate( 5507)	 t q[9]
Gate( 5508)	 t q[11]
Gate( 5509)	cx q[9], q[4]
Gate( 5510)	cx q[11], q[9]
Gate( 5511)	cx q[4], q[11]
Gate( 5512)	tdg q[9]
Gate( 5513)	cx q[4], q[9]
Gate( 5514)	tdg q[4]
Gate( 5515)	tdg q[9]
Gate( 5516)	 t q[11]
Gate( 5517)	cx q[11], q[9]
Gate( 5518)	cx q[4], q[11]
Gate( 5519)	cx q[9], q[4]
Gate( 5520)	 h q[11]
Gate( 5521)	 h q[5]
Gate( 5522)	 t q[10]
Gate( 5523)	 t q[11]
Gate( 5524)	 t q[5]
Gate( 5525)	cx q[11], q[10]
Gate( 5526)	cx q[5], q[11]
Gate( 5527)	cx q[10], q[5]
Gate( 5528)	tdg q[11]
Gate( 5529)	cx q[10], q[11]
Gate( 5530)	tdg q[10]
Gate( 5531)	tdg q[11]
Gate( 5532)	 t q[5]
Gate( 5533)	cx q[5], q[11]
Gate( 5534)	cx q[10], q[5]
Gate( 5535)	cx q[11], q[10]
Gate( 5536)	 h q[5]
Gate( 5537)	 h q[11]
Gate( 5538)	 t q[4]
Gate( 5539)	 t q[9]
Gate( 5540)	 t q[11]
Gate( 5541)	cx q[9], q[4]
Gate( 5542)	cx q[11], q[9]
Gate( 5543)	cx q[4], q[11]
Gate( 5544)	tdg q[9]
Gate( 5545)	cx q[4], q[9]
Gate( 5546)	tdg q[4]
Gate( 5547)	tdg q[9]
Gate( 5548)	 t q[11]
Gate( 5549)	cx q[11], q[9]
Gate( 5550)	cx q[4], q[11]
Gate( 5551)	cx q[9], q[4]
Gate( 5552)	 h q[11]
Gate( 5553)	 h q[9]
Gate( 5554)	 t q[3]
Gate( 5555)	 t q[8]
Gate( 5556)	 t q[9]
Gate( 5557)	cx q[8], q[3]
Gate( 5558)	cx q[9], q[8]
Gate( 5559)	cx q[3], q[9]
Gate( 5560)	tdg q[8]
Gate( 5561)	cx q[3], q[8]
Gate( 5562)	tdg q[3]
Gate( 5563)	tdg q[8]
Gate( 5564)	 t q[9]
Gate( 5565)	cx q[9], q[8]
Gate( 5566)	cx q[3], q[9]
Gate( 5567)	cx q[8], q[3]
Gate( 5568)	 h q[9]
Gate( 5569)	 h q[8]
Gate( 5570)	 t q[2]
Gate( 5571)	 t q[7]
Gate( 5572)	 t q[8]
Gate( 5573)	cx q[7], q[2]
Gate( 5574)	cx q[8], q[7]
Gate( 5575)	cx q[2], q[8]
Gate( 5576)	tdg q[7]
Gate( 5577)	cx q[2], q[7]
Gate( 5578)	tdg q[2]
Gate( 5579)	tdg q[7]
Gate( 5580)	 t q[8]
Gate( 5581)	cx q[8], q[7]
Gate( 5582)	cx q[2], q[8]
Gate( 5583)	cx q[7], q[2]
Gate( 5584)	 h q[8]
Gate( 5585)	 h q[7]
Gate( 5586)	 t q[0]
Gate( 5587)	 t q[1]
Gate( 5588)	 t q[7]
Gate( 5589)	cx q[1], q[0]
Gate( 5590)	cx q[7], q[1]
Gate( 5591)	cx q[0], q[7]
Gate( 5592)	tdg q[1]
Gate( 5593)	cx q[0], q[1]
Gate( 5594)	tdg q[0]
Gate( 5595)	tdg q[1]
Gate( 5596)	 t q[7]
Gate( 5597)	cx q[7], q[1]
Gate( 5598)	cx q[0], q[7]
Gate( 5599)	cx q[1], q[0]
Gate( 5600)	 h q[7]
Gate( 5601)	 h q[8]
Gate( 5602)	 t q[2]
Gate( 5603)	 t q[7]
Gate( 5604)	 t q[8]
Gate( 5605)	cx q[7], q[2]
Gate( 5606)	cx q[8], q[7]
Gate( 5607)	cx q[2], q[8]
Gate( 5608)	tdg q[7]
Gate( 5609)	cx q[2], q[7]
Gate( 5610)	tdg q[2]
Gate( 5611)	tdg q[7]
Gate( 5612)	 t q[8]
Gate( 5613)	cx q[8], q[7]
Gate( 5614)	cx q[2], q[8]
Gate( 5615)	cx q[7], q[2]
Gate( 5616)	 h q[8]
Gate( 5617)	 h q[9]
Gate( 5618)	 t q[3]
Gate( 5619)	 t q[8]
Gate( 5620)	 t q[9]
Gate( 5621)	cx q[8], q[3]
Gate( 5622)	cx q[9], q[8]
Gate( 5623)	cx q[3], q[9]
Gate( 5624)	tdg q[8]
Gate( 5625)	cx q[3], q[8]
Gate( 5626)	tdg q[3]
Gate( 5627)	tdg q[8]
Gate( 5628)	 t q[9]
Gate( 5629)	cx q[9], q[8]
Gate( 5630)	cx q[3], q[9]
Gate( 5631)	cx q[8], q[3]
Gate( 5632)	 h q[9]
Gate( 5633)	 h q[11]
Gate( 5634)	 t q[4]
Gate( 5635)	 t q[9]
Gate( 5636)	 t q[11]
Gate( 5637)	cx q[9], q[4]
Gate( 5638)	cx q[11], q[9]
Gate( 5639)	cx q[4], q[11]
Gate( 5640)	tdg q[9]
Gate( 5641)	cx q[4], q[9]
Gate( 5642)	tdg q[4]
Gate( 5643)	tdg q[9]
Gate( 5644)	 t q[11]
Gate( 5645)	cx q[11], q[9]
Gate( 5646)	cx q[4], q[11]
Gate( 5647)	cx q[9], q[4]
Gate( 5648)	 h q[11]
Gate( 5649)	 h q[4]
Gate( 5650)	 t q[10]
Gate( 5651)	 t q[11]
Gate( 5652)	 t q[4]
Gate( 5653)	cx q[11], q[10]
Gate( 5654)	cx q[4], q[11]
Gate( 5655)	cx q[10], q[4]
Gate( 5656)	tdg q[11]
Gate( 5657)	cx q[10], q[11]
Gate( 5658)	tdg q[10]
Gate( 5659)	tdg q[11]
Gate( 5660)	 t q[4]
Gate( 5661)	cx q[4], q[11]
Gate( 5662)	cx q[10], q[4]
Gate( 5663)	cx q[11], q[10]
Gate( 5664)	 h q[4]
Gate( 5665)	 h q[11]
Gate( 5666)	 t q[3]
Gate( 5667)	 t q[9]
Gate( 5668)	 t q[11]
Gate( 5669)	cx q[9], q[3]
Gate( 5670)	cx q[11], q[9]
Gate( 5671)	cx q[3], q[11]
Gate( 5672)	tdg q[9]
Gate( 5673)	cx q[3], q[9]
Gate( 5674)	tdg q[3]
Gate( 5675)	tdg q[9]
Gate( 5676)	 t q[11]
Gate( 5677)	cx q[11], q[9]
Gate( 5678)	cx q[3], q[11]
Gate( 5679)	cx q[9], q[3]
Gate( 5680)	 h q[11]
Gate( 5681)	 h q[9]
Gate( 5682)	 t q[2]
Gate( 5683)	 t q[8]
Gate( 5684)	 t q[9]
Gate( 5685)	cx q[8], q[2]
Gate( 5686)	cx q[9], q[8]
Gate( 5687)	cx q[2], q[9]
Gate( 5688)	tdg q[8]
Gate( 5689)	cx q[2], q[8]
Gate( 5690)	tdg q[2]
Gate( 5691)	tdg q[8]
Gate( 5692)	 t q[9]
Gate( 5693)	cx q[9], q[8]
Gate( 5694)	cx q[2], q[9]
Gate( 5695)	cx q[8], q[2]
Gate( 5696)	 h q[9]
Gate( 5697)	 h q[8]
Gate( 5698)	 t q[0]
Gate( 5699)	 t q[1]
Gate( 5700)	 t q[8]
Gate( 5701)	cx q[1], q[0]
Gate( 5702)	cx q[8], q[1]
Gate( 5703)	cx q[0], q[8]
Gate( 5704)	tdg q[1]
Gate( 5705)	cx q[0], q[1]
Gate( 5706)	tdg q[0]
Gate( 5707)	tdg q[1]
Gate( 5708)	 t q[8]
Gate( 5709)	cx q[8], q[1]
Gate( 5710)	cx q[0], q[8]
Gate( 5711)	cx q[1], q[0]
Gate( 5712)	 h q[8]
Gate( 5713)	 h q[9]
Gate( 5714)	 t q[2]
Gate( 5715)	 t q[8]
Gate( 5716)	 t q[9]
Gate( 5717)	cx q[8], q[2]
Gate( 5718)	cx q[9], q[8]
Gate( 5719)	cx q[2], q[9]
Gate( 5720)	tdg q[8]
Gate( 5721)	cx q[2], q[8]
Gate( 5722)	tdg q[2]
Gate( 5723)	tdg q[8]
Gate( 5724)	 t q[9]
Gate( 5725)	cx q[9], q[8]
Gate( 5726)	cx q[2], q[9]
Gate( 5727)	cx q[8], q[2]
Gate( 5728)	 h q[9]
Gate( 5729)	 h q[11]
Gate( 5730)	 t q[3]
Gate( 5731)	 t q[9]
Gate( 5732)	 t q[11]
Gate( 5733)	cx q[9], q[3]
Gate( 5734)	cx q[11], q[9]
Gate( 5735)	cx q[3], q[11]
Gate( 5736)	tdg q[9]
Gate( 5737)	cx q[3], q[9]
Gate( 5738)	tdg q[3]
Gate( 5739)	tdg q[9]
Gate( 5740)	 t q[11]
Gate( 5741)	cx q[11], q[9]
Gate( 5742)	cx q[3], q[11]
Gate( 5743)	cx q[9], q[3]
Gate( 5744)	 h q[11]
Gate( 5745)	 h q[4]
Gate( 5746)	 t q[10]
Gate( 5747)	 t q[11]
Gate( 5748)	 t q[4]
Gate( 5749)	cx q[11], q[10]
Gate( 5750)	cx q[4], q[11]
Gate( 5751)	cx q[10], q[4]
Gate( 5752)	tdg q[11]
Gate( 5753)	cx q[10], q[11]
Gate( 5754)	tdg q[10]
Gate( 5755)	tdg q[11]
Gate( 5756)	 t q[4]
Gate( 5757)	cx q[4], q[11]
Gate( 5758)	cx q[10], q[4]
Gate( 5759)	cx q[11], q[10]
Gate( 5760)	 h q[4]
Gate( 5761)	 h q[11]
Gate( 5762)	 t q[3]
Gate( 5763)	 t q[9]
Gate( 5764)	 t q[11]
Gate( 5765)	cx q[9], q[3]
Gate( 5766)	cx q[11], q[9]
Gate( 5767)	cx q[3], q[11]
Gate( 5768)	tdg q[9]
Gate( 5769)	cx q[3], q[9]
Gate( 5770)	tdg q[3]
Gate( 5771)	tdg q[9]
Gate( 5772)	 t q[11]
Gate( 5773)	cx q[11], q[9]
Gate( 5774)	cx q[3], q[11]
Gate( 5775)	cx q[9], q[3]
Gate( 5776)	 h q[11]
Gate( 5777)	 h q[9]
Gate( 5778)	 t q[2]
Gate( 5779)	 t q[8]
Gate( 5780)	 t q[9]
Gate( 5781)	cx q[8], q[2]
Gate( 5782)	cx q[9], q[8]
Gate( 5783)	cx q[2], q[9]
Gate( 5784)	tdg q[8]
Gate( 5785)	cx q[2], q[8]
Gate( 5786)	tdg q[2]
Gate( 5787)	tdg q[8]
Gate( 5788)	 t q[9]
Gate( 5789)	cx q[9], q[8]
Gate( 5790)	cx q[2], q[9]
Gate( 5791)	cx q[8], q[2]
Gate( 5792)	 h q[9]
Gate( 5793)	 h q[8]
Gate( 5794)	 t q[0]
Gate( 5795)	 t q[1]
Gate( 5796)	 t q[8]
Gate( 5797)	cx q[1], q[0]
Gate( 5798)	cx q[8], q[1]
Gate( 5799)	cx q[0], q[8]
Gate( 5800)	tdg q[1]
Gate( 5801)	cx q[0], q[1]
Gate( 5802)	tdg q[0]
Gate( 5803)	tdg q[1]
Gate( 5804)	 t q[8]
Gate( 5805)	cx q[8], q[1]
Gate( 5806)	cx q[0], q[8]
Gate( 5807)	cx q[1], q[0]
Gate( 5808)	 h q[8]
Gate( 5809)	 h q[9]
Gate( 5810)	 t q[2]
Gate( 5811)	 t q[8]
Gate( 5812)	 t q[9]
Gate( 5813)	cx q[8], q[2]
Gate( 5814)	cx q[9], q[8]
Gate( 5815)	cx q[2], q[9]
Gate( 5816)	tdg q[8]
Gate( 5817)	cx q[2], q[8]
Gate( 5818)	tdg q[2]
Gate( 5819)	tdg q[8]
Gate( 5820)	 t q[9]
Gate( 5821)	cx q[9], q[8]
Gate( 5822)	cx q[2], q[9]
Gate( 5823)	cx q[8], q[2]
Gate( 5824)	 h q[9]
Gate( 5825)	 h q[11]
Gate( 5826)	 t q[3]
Gate( 5827)	 t q[9]
Gate( 5828)	 t q[11]
Gate( 5829)	cx q[9], q[3]
Gate( 5830)	cx q[11], q[9]
Gate( 5831)	cx q[3], q[11]
Gate( 5832)	tdg q[9]
Gate( 5833)	cx q[3], q[9]
Gate( 5834)	tdg q[3]
Gate( 5835)	tdg q[9]
Gate( 5836)	 t q[11]
Gate( 5837)	cx q[11], q[9]
Gate( 5838)	cx q[3], q[11]
Gate( 5839)	cx q[9], q[3]
Gate( 5840)	 h q[11]
Gate( 5841)	 h q[3]
Gate( 5842)	 t q[10]
Gate( 5843)	 t q[11]
Gate( 5844)	 t q[3]
Gate( 5845)	cx q[11], q[10]
Gate( 5846)	cx q[3], q[11]
Gate( 5847)	cx q[10], q[3]
Gate( 5848)	tdg q[11]
Gate( 5849)	cx q[10], q[11]
Gate( 5850)	tdg q[10]
Gate( 5851)	tdg q[11]
Gate( 5852)	 t q[3]
Gate( 5853)	cx q[3], q[11]
Gate( 5854)	cx q[10], q[3]
Gate( 5855)	cx q[11], q[10]
Gate( 5856)	 h q[3]
Gate( 5857)	 h q[11]
Gate( 5858)	 t q[2]
Gate( 5859)	 t q[9]
Gate( 5860)	 t q[11]
Gate( 5861)	cx q[9], q[2]
Gate( 5862)	cx q[11], q[9]
Gate( 5863)	cx q[2], q[11]
Gate( 5864)	tdg q[9]
Gate( 5865)	cx q[2], q[9]
Gate( 5866)	tdg q[2]
Gate( 5867)	tdg q[9]
Gate( 5868)	 t q[11]
Gate( 5869)	cx q[11], q[9]
Gate( 5870)	cx q[2], q[11]
Gate( 5871)	cx q[9], q[2]
Gate( 5872)	 h q[11]
Gate( 5873)	 h q[9]
Gate( 5874)	 t q[0]
Gate( 5875)	 t q[1]
Gate( 5876)	 t q[9]
Gate( 5877)	cx q[1], q[0]
Gate( 5878)	cx q[9], q[1]
Gate( 5879)	cx q[0], q[9]
Gate( 5880)	tdg q[1]
Gate( 5881)	cx q[0], q[1]
Gate( 5882)	tdg q[0]
Gate( 5883)	tdg q[1]
Gate( 5884)	 t q[9]
Gate( 5885)	cx q[9], q[1]
Gate( 5886)	cx q[0], q[9]
Gate( 5887)	cx q[1], q[0]
Gate( 5888)	 h q[9]
Gate( 5889)	 h q[11]
Gate( 5890)	 t q[2]
Gate( 5891)	 t q[9]
Gate( 5892)	 t q[11]
Gate( 5893)	cx q[9], q[2]
Gate( 5894)	cx q[11], q[9]
Gate( 5895)	cx q[2], q[11]
Gate( 5896)	tdg q[9]
Gate( 5897)	cx q[2], q[9]
Gate( 5898)	tdg q[2]
Gate( 5899)	tdg q[9]
Gate( 5900)	 t q[11]
Gate( 5901)	cx q[11], q[9]
Gate( 5902)	cx q[2], q[11]
Gate( 5903)	cx q[9], q[2]
Gate( 5904)	 h q[11]
Gate( 5905)	 h q[3]
Gate( 5906)	 t q[10]
Gate( 5907)	 t q[11]
Gate( 5908)	 t q[3]
Gate( 5909)	cx q[11], q[10]
Gate( 5910)	cx q[3], q[11]
Gate( 5911)	cx q[10], q[3]
Gate( 5912)	tdg q[11]
Gate( 5913)	cx q[10], q[11]
Gate( 5914)	tdg q[10]
Gate( 5915)	tdg q[11]
Gate( 5916)	 t q[3]
Gate( 5917)	cx q[3], q[11]
Gate( 5918)	cx q[10], q[3]
Gate( 5919)	cx q[11], q[10]
Gate( 5920)	 h q[3]
Gate( 5921)	 h q[11]
Gate( 5922)	 t q[2]
Gate( 5923)	 t q[9]
Gate( 5924)	 t q[11]
Gate( 5925)	cx q[9], q[2]
Gate( 5926)	cx q[11], q[9]
Gate( 5927)	cx q[2], q[11]
Gate( 5928)	tdg q[9]
Gate( 5929)	cx q[2], q[9]
Gate( 5930)	tdg q[2]
Gate( 5931)	tdg q[9]
Gate( 5932)	 t q[11]
Gate( 5933)	cx q[11], q[9]
Gate( 5934)	cx q[2], q[11]
Gate( 5935)	cx q[9], q[2]
Gate( 5936)	 h q[11]
Gate( 5937)	 h q[9]
Gate( 5938)	 t q[0]
Gate( 5939)	 t q[1]
Gate( 5940)	 t q[9]
Gate( 5941)	cx q[1], q[0]
Gate( 5942)	cx q[9], q[1]
Gate( 5943)	cx q[0], q[9]
Gate( 5944)	tdg q[1]
Gate( 5945)	cx q[0], q[1]
Gate( 5946)	tdg q[0]
Gate( 5947)	tdg q[1]
Gate( 5948)	 t q[9]
Gate( 5949)	cx q[9], q[1]
Gate( 5950)	cx q[0], q[9]
Gate( 5951)	cx q[1], q[0]
Gate( 5952)	 h q[9]
Gate( 5953)	 h q[11]
Gate( 5954)	 t q[2]
Gate( 5955)	 t q[9]
Gate( 5956)	 t q[11]
Gate( 5957)	cx q[9], q[2]
Gate( 5958)	cx q[11], q[9]
Gate( 5959)	cx q[2], q[11]
Gate( 5960)	tdg q[9]
Gate( 5961)	cx q[2], q[9]
Gate( 5962)	tdg q[2]
Gate( 5963)	tdg q[9]
Gate( 5964)	 t q[11]
Gate( 5965)	cx q[11], q[9]
Gate( 5966)	cx q[2], q[11]
Gate( 5967)	cx q[9], q[2]
Gate( 5968)	 h q[11]
Gate( 5969)	 h q[2]
Gate( 5970)	 t q[10]
Gate( 5971)	 t q[11]
Gate( 5972)	 t q[2]
Gate( 5973)	cx q[11], q[10]
Gate( 5974)	cx q[2], q[11]
Gate( 5975)	cx q[10], q[2]
Gate( 5976)	tdg q[11]
Gate( 5977)	cx q[10], q[11]
Gate( 5978)	tdg q[10]
Gate( 5979)	tdg q[11]
Gate( 5980)	 t q[2]
Gate( 5981)	cx q[2], q[11]
Gate( 5982)	cx q[10], q[2]
Gate( 5983)	cx q[11], q[10]
Gate( 5984)	 h q[2]
Gate( 5985)	 h q[11]
Gate( 5986)	 t q[0]
Gate( 5987)	 t q[1]
Gate( 5988)	 t q[11]
Gate( 5989)	cx q[1], q[0]
Gate( 5990)	cx q[11], q[1]
Gate( 5991)	cx q[0], q[11]
Gate( 5992)	tdg q[1]
Gate( 5993)	cx q[0], q[1]
Gate( 5994)	tdg q[0]
Gate( 5995)	tdg q[1]
Gate( 5996)	 t q[11]
Gate( 5997)	cx q[11], q[1]
Gate( 5998)	cx q[0], q[11]
Gate( 5999)	cx q[1], q[0]
Gate( 6000)	 h q[11]
Gate( 6001)	 h q[2]
Gate( 6002)	 t q[10]
Gate( 6003)	 t q[11]
Gate( 6004)	 t q[2]
Gate( 6005)	cx q[11], q[10]
Gate( 6006)	cx q[2], q[11]
Gate( 6007)	cx q[10], q[2]
Gate( 6008)	tdg q[11]
Gate( 6009)	cx q[10], q[11]
Gate( 6010)	tdg q[10]
Gate( 6011)	tdg q[11]
Gate( 6012)	 t q[2]
Gate( 6013)	cx q[2], q[11]
Gate( 6014)	cx q[10], q[2]
Gate( 6015)	cx q[11], q[10]
Gate( 6016)	 h q[2]
Gate( 6017)	 h q[11]
Gate( 6018)	 t q[0]
Gate( 6019)	 t q[1]
Gate( 6020)	 t q[11]
Gate( 6021)	cx q[1], q[0]
Gate( 6022)	cx q[11], q[1]
Gate( 6023)	cx q[0], q[11]
Gate( 6024)	tdg q[1]
Gate( 6025)	cx q[0], q[1]
Gate( 6026)	tdg q[0]
Gate( 6027)	tdg q[1]
Gate( 6028)	 t q[11]
Gate( 6029)	cx q[11], q[1]
Gate( 6030)	cx q[0], q[11]
Gate( 6031)	cx q[1], q[0]
Gate( 6032)	 h q[11]
Gate( 6033)	 h q[1]
Gate( 6034)	 t q[0]
Gate( 6035)	 t q[10]
Gate( 6036)	 t q[1]
Gate( 6037)	cx q[10], q[0]
Gate( 6038)	cx q[1], q[10]
Gate( 6039)	cx q[0], q[1]
Gate( 6040)	tdg q[10]
Gate( 6041)	cx q[0], q[10]
Gate( 6042)	tdg q[0]
Gate( 6043)	tdg q[10]
Gate( 6044)	 t q[1]
Gate( 6045)	cx q[1], q[10]
Gate( 6046)	cx q[0], q[1]
Gate( 6047)	cx q[10], q[0]
Gate( 6048)	 h q[1]
Gate( 6049)	cx q[10], q[0]

*** Option ***
Input file  : ../example/cycle10_2_110.qasm
Output file : ../output/cycle10_2_110.qasm

Generating Multi-QPU Architecture: 4 QPUs, each with 16 qubits

Skipping complex QPU Degree Graph (Using simple Star Topology meta-info)

=== Multi-QPU Interconnect Edges ===
initial_mapping

================ Interaction Graph ================
[Nodes]
  Node 0 (weight=1): edges -> 1 2 9 11 23 30 34 51 
  Node 1 (weight=1): edges -> 6 8 32 44 48 50 51 52 53 55 
  Node 2 (weight=1): edges -> 6 7 16 17 20 21 31 47 49 
  Node 3 (weight=1): edges -> 3 5 13 14 17 18 30 46 57 58 
  Node 4 (weight=1): edges -> 0 2 12 14 15 25 26 28 29 55 
  Node 5 (weight=1): edges -> 19 21 29 38 41 42 45 53 58 
  Node 6 (weight=1): edges -> 19 20 28 35 37 39 40 52 57 59 
  Node 7 (weight=1): edges -> 16 18 25 27 33 34 43 44 56 59 
  Node 8 (weight=1): edges -> 13 15 22 23 35 36 38 43 47 48 54 
  Node 9 (weight=1): edges -> 10 11 24 26 27 36 37 41 46 49 50 
  Node 10 (weight=1): edges -> 3 4 7 8 9 10 12 22 33 39 42 
  Node 11 (weight=1): edges -> 0 1 4 5 24 31 32 40 45 54 56 

[Edges]
  Edge 0 : q4 -- q11  weight=32.9043
  Edge 1 : q11 -- q0  weight=17.4334
  Edge 2 : q0 -- q4  weight=16.6953
  Edge 3 : q3 -- q10  weight=41.2818
  Edge 4 : q10 -- q11  weight=29.0738
  Edge 5 : q11 -- q3  weight=24.9989
  Edge 6 : q1 -- q2  weight=18.1409
  Edge 7 : q2 -- q10  weight=10.2942
  Edge 8 : q10 -- q1  weight=10.2942
  Edge 9 : q0 -- q10  weight=3.27886
  Edge 10 : q10 -- q9  weight=1.7442
  Edge 11 : q9 -- q0  weight=1.70554
  Edge 12 : q4 -- q10  weight=1.92281
  Edge 13 : q8 -- q3  weight=2.99524
  Edge 14 : q3 -- q4  weight=1.79615
  Edge 15 : q4 -- q8  weight=1.69822
  Edge 16 : q7 -- q2  weight=2.87581
  Edge 17 : q2 -- q3  weight=1.75097
  Edge 18 : q3 -- q7  weight=1.65173
  Edge 19 : q5 -- q6  weight=1.16462
  Edge 20 : q6 -- q2  weight=0.660762
  Edge 21 : q2 -- q5  weight=0.660762
  Edge 22 : q10 -- q8  weight=1.47243e-05
  Edge 23 : q8 -- q0  weight=1.47057e-05
  Edge 24 : q11 -- q9  weight=3.08305e-05
  Edge 25 : q7 -- q4  weight=2.94888e-05
  Edge 26 : q4 -- q9  weight=1.88791e-05
  Edge 27 : q9 -- q7  weight=1.79252e-05
  Edge 28 : q6 -- q4  weight=7.04257e-06
  Edge 29 : q4 -- q5  weight=7.0363e-06
  Edge 30 : q0 -- q3  weight=8.653e-09
  Edge 31 : q2 -- q11  weight=7.00893e-09
  Edge 32 : q11 -- q1  weight=6.63034e-09
  Edge 33 : q10 -- q7  weight=2.15271e-09
  Edge 34 : q7 -- q0  weight=2.15271e-09
  Edge 35 : q6 -- q8  weight=4.29215e-09
  Edge 36 : q8 -- q9  weight=2.75119e-09
  Edge 37 : q9 -- q6  weight=2.60898e-09
  Edge 38 : q5 -- q8  weight=1.02964e-09
  Edge 39 : q10 -- q6  weight=1.93696e-12
  Edge 40 : q6 -- q11  weight=1.93696e-12
  Edge 41 : q5 -- q9  weight=3.59541e-12
  Edge 42 : q10 -- q5  weight=2.07876e-12
  Edge 43 : q7 -- q8  weight=1.8777e-12
  Edge 44 : q7 -- q1  weight=6.90711e-13
  Edge 45 : q5 -- q11  weight=4.03522e-14
  Edge 46 : q9 -- q3  weight=5.99326e-14
  Edge 47 : q2 -- q8  weight=2.16708e-14
  Edge 48 : q8 -- q1  weight=1.93701e-14
  Edge 49 : q2 -- q9  weight=1.81366e-15
  Edge 50 : q9 -- q1  weight=1.6056e-15
  Edge 51 : q0 -- q1  weight=7.26294e-17
  Edge 52 : q6 -- q1  weight=1.59258e-18
  Edge 53 : q1 -- q5  weight=1.46601e-18
  Edge 54 : q11 -- q8  weight=1.19847e-23
  Edge 55 : q1 -- q4  weight=4.17828e-24
  Edge 56 : q11 -- q7  weight=1.03438e-28
  Edge 57 : q6 -- q3  weight=1.95766e-28
  Edge 58 : q5 -- q3  weight=4.94189e-29
  Edge 59 : q6 -- q7  weight=1.36125e-32
===================================================


[ADAPTIVE-METIS] start: nvtxs=12 edges=60 ufactor=1000 max_trials=50
Input Error: Incorrect numflag.
  [trial   0] Q=0.51192 cut=109862 perturb=0.000 sizes=[3,3,3,3]  *** BEST ***
Input Error: Incorrect numflag.
Input Error: Incorrect numflag.
Input Error: Incorrect numflag.
Input Error: Incorrect numflag.
Input Error: Incorrect numflag.
Input Error: Incorrect numflag.
Input Error: Incorrect numflag.
Input Error: Incorrect numflag.
Input Error: Incorrect numflag.
  [trial   9] Q=0.51192 best=0.51192 no_imp=9/12
Input Error: Incorrect numflag.
Input Error: Incorrect numflag.
Input Error: Incorrect numflag.
  [ADAPTIVE-METIS] saturated at trial=12
[ADAPTIVE-METIS] DONE: best_Q=0.51192 trials=13/50 success=13
  partition sizes: [3,3,3,3] imbalance=1.00

===== InteractionGraph Subsets Complete =====

===== Building inter_Sub_edge (Cross-Sub Edges) =====

========== Cross-Subgraph Weighted Sums ==========
  Total cross-QPU weight: 109.829
  QPU1<->QPU3: 43.052
  QPU0<->QPU1: 39.619
  QPU0<->QPU3: 17.356
  QPU2<->QPU3: 5.242
  QPU1<->QPU2: 3.396
  QPU0<->QPU2: 1.165

===== MATCHING START =====
[MATCH] Sub0 -> QPU0
[MATCH] Sub1 -> QPU1
[MATCH] Sub2 -> QPU2
[MATCH] Sub3 -> QPU3

===== MATCHING DONE =====

===================== initial_mapping END =====================
[START] main_mapping v5
[FIDELITY] swaps=147 inter_epr=1916 => F=0.000 (0%)
[END] main_mapping v5.1 SWAPs=147 inter_exec=1916 fidelity=0.000%
*** Final Circuit ***
# add_2q_num: 147
# fidelity: 0.000

*** Time & Memory Measure ***
tasks                          Wtime      Ctime
PARSING                        0.535      0.023
GENERATE MULTI-QPU             0.576      0.063
INITIAL MAPPING                0.586      0.073
MAIN MAPPING                   0.594      0.082
END PROGRAM                    0.598      0.085

----------------------------------------
### VmPeak         FDSize:	64
### Memory Usage           : 10.391 MB
