
================================================================
         Multi-QPU Mapping by Ajou University QCSS Lab          
================================================================
Gate(    0)	 x q[14]
Gate(    1)	 h q[6]
Gate(    2)	 t q[11]
Gate(    3)	 t q[10]
Gate(    4)	 t q[6]
Gate(    5)	cx q[10], q[11]
Gate(    6)	cx q[6], q[10]
Gate(    7)	cx q[11], q[6]
Gate(    8)	tdg q[10]
Gate(    9)	cx q[11], q[10]
Gate(   10)	tdg q[11]
Gate(   11)	tdg q[10]
Gate(   12)	 t q[6]
Gate(   13)	cx q[6], q[10]
Gate(   14)	cx q[11], q[6]
Gate(   15)	cx q[10], q[11]
Gate(   16)	 h q[6]
Gate(   17)	 h q[10]
Gate(   18)	 t q[12]
Gate(   19)	 t q[9]
Gate(   20)	 t q[10]
Gate(   21)	cx q[9], q[12]
Gate(   22)	cx q[10], q[9]
Gate(   23)	cx q[12], q[10]
Gate(   24)	tdg q[9]
Gate(   25)	cx q[12], q[9]
Gate(   26)	tdg q[12]
Gate(   27)	tdg q[9]
Gate(   28)	 t q[10]
Gate(   29)	cx q[10], q[9]
Gate(   30)	cx q[12], q[10]
Gate(   31)	cx q[9], q[12]
Gate(   32)	 h q[10]
Gate(   33)	 h q[9]
Gate(   34)	 t q[14]
Gate(   35)	 t q[13]
Gate(   36)	 t q[9]
Gate(   37)	cx q[13], q[14]
Gate(   38)	cx q[9], q[13]
Gate(   39)	cx q[14], q[9]
Gate(   40)	tdg q[13]
Gate(   41)	cx q[14], q[13]
Gate(   42)	tdg q[14]
Gate(   43)	tdg q[13]
Gate(   44)	 t q[9]
Gate(   45)	cx q[9], q[13]
Gate(   46)	cx q[14], q[9]
Gate(   47)	cx q[13], q[14]
Gate(   48)	 h q[9]
Gate(   49)	 h q[10]
Gate(   50)	 t q[12]
Gate(   51)	 t q[9]
Gate(   52)	 t q[10]
Gate(   53)	cx q[9], q[12]
Gate(   54)	cx q[10], q[9]
Gate(   55)	cx q[12], q[10]
Gate(   56)	tdg q[9]
Gate(   57)	cx q[12], q[9]
Gate(   58)	tdg q[12]
Gate(   59)	tdg q[9]
Gate(   60)	 t q[10]
Gate(   61)	cx q[10], q[9]
Gate(   62)	cx q[12], q[10]
Gate(   63)	cx q[9], q[12]
Gate(   64)	 h q[10]
Gate(   65)	 h q[6]
Gate(   66)	 t q[11]
Gate(   67)	 t q[10]
Gate(   68)	 t q[6]
Gate(   69)	cx q[10], q[11]
Gate(   70)	cx q[6], q[10]
Gate(   71)	cx q[11], q[6]
Gate(   72)	tdg q[10]
Gate(   73)	cx q[11], q[10]
Gate(   74)	tdg q[11]
Gate(   75)	tdg q[10]
Gate(   76)	 t q[6]
Gate(   77)	cx q[6], q[10]
Gate(   78)	cx q[11], q[6]
Gate(   79)	cx q[10], q[11]
Gate(   80)	 h q[6]
Gate(   81)	 h q[10]
Gate(   82)	 t q[12]
Gate(   83)	 t q[9]
Gate(   84)	 t q[10]
Gate(   85)	cx q[9], q[12]
Gate(   86)	cx q[10], q[9]
Gate(   87)	cx q[12], q[10]
Gate(   88)	tdg q[9]
Gate(   89)	cx q[12], q[9]
Gate(   90)	tdg q[12]
Gate(   91)	tdg q[9]
Gate(   92)	 t q[10]
Gate(   93)	cx q[10], q[9]
Gate(   94)	cx q[12], q[10]
Gate(   95)	cx q[9], q[12]
Gate(   96)	 h q[10]
Gate(   97)	 h q[9]
Gate(   98)	 t q[14]
Gate(   99)	 t q[13]
Gate(  100)	 t q[9]
Gate(  101)	cx q[13], q[14]
Gate(  102)	cx q[9], q[13]
Gate(  103)	cx q[14], q[9]
Gate(  104)	tdg q[13]
Gate(  105)	cx q[14], q[13]
Gate(  106)	tdg q[14]
Gate(  107)	tdg q[13]
Gate(  108)	 t q[9]
Gate(  109)	cx q[9], q[13]
Gate(  110)	cx q[14], q[9]
Gate(  111)	cx q[13], q[14]
Gate(  112)	 h q[9]
Gate(  113)	 h q[10]
Gate(  114)	 t q[12]
Gate(  115)	 t q[9]
Gate(  116)	 t q[10]
Gate(  117)	cx q[9], q[12]
Gate(  118)	cx q[10], q[9]
Gate(  119)	cx q[12], q[10]
Gate(  120)	tdg q[9]
Gate(  121)	cx q[12], q[9]
Gate(  122)	tdg q[12]
Gate(  123)	tdg q[9]
Gate(  124)	 t q[10]
Gate(  125)	cx q[10], q[9]
Gate(  126)	cx q[12], q[10]
Gate(  127)	cx q[9], q[12]
Gate(  128)	 h q[10]
Gate(  129)	 h q[4]
Gate(  130)	 t q[11]
Gate(  131)	 t q[10]
Gate(  132)	 t q[4]
Gate(  133)	cx q[10], q[11]
Gate(  134)	cx q[4], q[10]
Gate(  135)	cx q[11], q[4]
Gate(  136)	tdg q[10]
Gate(  137)	cx q[11], q[10]
Gate(  138)	tdg q[11]
Gate(  139)	tdg q[10]
Gate(  140)	 t q[4]
Gate(  141)	cx q[4], q[10]
Gate(  142)	cx q[11], q[4]
Gate(  143)	cx q[10], q[11]
Gate(  144)	 h q[4]
Gate(  145)	 h q[10]
Gate(  146)	 t q[12]
Gate(  147)	 t q[9]
Gate(  148)	 t q[10]
Gate(  149)	cx q[9], q[12]
Gate(  150)	cx q[10], q[9]
Gate(  151)	cx q[12], q[10]
Gate(  152)	tdg q[9]
Gate(  153)	cx q[12], q[9]
Gate(  154)	tdg q[12]
Gate(  155)	tdg q[9]
Gate(  156)	 t q[10]
Gate(  157)	cx q[10], q[9]
Gate(  158)	cx q[12], q[10]
Gate(  159)	cx q[9], q[12]
Gate(  160)	 h q[10]
Gate(  161)	 h q[9]
Gate(  162)	 t q[14]
Gate(  163)	 t q[13]
Gate(  164)	 t q[9]
Gate(  165)	cx q[13], q[14]
Gate(  166)	cx q[9], q[13]
Gate(  167)	cx q[14], q[9]
Gate(  168)	tdg q[13]
Gate(  169)	cx q[14], q[13]
Gate(  170)	tdg q[14]
Gate(  171)	tdg q[13]
Gate(  172)	 t q[9]
Gate(  173)	cx q[9], q[13]
Gate(  174)	cx q[14], q[9]
Gate(  175)	cx q[13], q[14]
Gate(  176)	 h q[9]
Gate(  177)	 h q[10]
Gate(  178)	 t q[12]
Gate(  179)	 t q[9]
Gate(  180)	 t q[10]
Gate(  181)	cx q[9], q[12]
Gate(  182)	cx q[10], q[9]
Gate(  183)	cx q[12], q[10]
Gate(  184)	tdg q[9]
Gate(  185)	cx q[12], q[9]
Gate(  186)	tdg q[12]
Gate(  187)	tdg q[9]
Gate(  188)	 t q[10]
Gate(  189)	cx q[10], q[9]
Gate(  190)	cx q[12], q[10]
Gate(  191)	cx q[9], q[12]
Gate(  192)	 h q[10]
Gate(  193)	 h q[4]
Gate(  194)	 t q[11]
Gate(  195)	 t q[10]
Gate(  196)	 t q[4]
Gate(  197)	cx q[10], q[11]
Gate(  198)	cx q[4], q[10]
Gate(  199)	cx q[11], q[4]
Gate(  200)	tdg q[10]
Gate(  201)	cx q[11], q[10]
Gate(  202)	tdg q[11]
Gate(  203)	tdg q[10]
Gate(  204)	 t q[4]
Gate(  205)	cx q[4], q[10]
Gate(  206)	cx q[11], q[4]
Gate(  207)	cx q[10], q[11]
Gate(  208)	 h q[4]
Gate(  209)	 h q[10]
Gate(  210)	 t q[12]
Gate(  211)	 t q[9]
Gate(  212)	 t q[10]
Gate(  213)	cx q[9], q[12]
Gate(  214)	cx q[10], q[9]
Gate(  215)	cx q[12], q[10]
Gate(  216)	tdg q[9]
Gate(  217)	cx q[12], q[9]
Gate(  218)	tdg q[12]
Gate(  219)	tdg q[9]
Gate(  220)	 t q[10]
Gate(  221)	cx q[10], q[9]
Gate(  222)	cx q[12], q[10]
Gate(  223)	cx q[9], q[12]
Gate(  224)	 h q[10]
Gate(  225)	 h q[9]
Gate(  226)	 t q[14]
Gate(  227)	 t q[13]
Gate(  228)	 t q[9]
Gate(  229)	cx q[13], q[14]
Gate(  230)	cx q[9], q[13]
Gate(  231)	cx q[14], q[9]
Gate(  232)	tdg q[13]
Gate(  233)	cx q[14], q[13]
Gate(  234)	tdg q[14]
Gate(  235)	tdg q[13]
Gate(  236)	 t q[9]
Gate(  237)	cx q[9], q[13]
Gate(  238)	cx q[14], q[9]
Gate(  239)	cx q[13], q[14]
Gate(  240)	 h q[9]
Gate(  241)	 h q[10]
Gate(  242)	 t q[12]
Gate(  243)	 t q[9]
Gate(  244)	 t q[10]
Gate(  245)	cx q[9], q[12]
Gate(  246)	cx q[10], q[9]
Gate(  247)	cx q[12], q[10]
Gate(  248)	tdg q[9]
Gate(  249)	cx q[12], q[9]
Gate(  250)	tdg q[12]
Gate(  251)	tdg q[9]
Gate(  252)	 t q[10]
Gate(  253)	cx q[10], q[9]
Gate(  254)	cx q[12], q[10]
Gate(  255)	cx q[9], q[12]
Gate(  256)	 h q[10]
Gate(  257)	 h q[2]
Gate(  258)	 t q[11]
Gate(  259)	 t q[10]
Gate(  260)	 t q[2]
Gate(  261)	cx q[10], q[11]
Gate(  262)	cx q[2], q[10]
Gate(  263)	cx q[11], q[2]
Gate(  264)	tdg q[10]
Gate(  265)	cx q[11], q[10]
Gate(  266)	tdg q[11]
Gate(  267)	tdg q[10]
Gate(  268)	 t q[2]
Gate(  269)	cx q[2], q[10]
Gate(  270)	cx q[11], q[2]
Gate(  271)	cx q[10], q[11]
Gate(  272)	 h q[2]
Gate(  273)	 h q[10]
Gate(  274)	 t q[12]
Gate(  275)	 t q[9]
Gate(  276)	 t q[10]
Gate(  277)	cx q[9], q[12]
Gate(  278)	cx q[10], q[9]
Gate(  279)	cx q[12], q[10]
Gate(  280)	tdg q[9]
Gate(  281)	cx q[12], q[9]
Gate(  282)	tdg q[12]
Gate(  283)	tdg q[9]
Gate(  284)	 t q[10]
Gate(  285)	cx q[10], q[9]
Gate(  286)	cx q[12], q[10]
Gate(  287)	cx q[9], q[12]
Gate(  288)	 h q[10]
Gate(  289)	 h q[9]
Gate(  290)	 t q[14]
Gate(  291)	 t q[13]
Gate(  292)	 t q[9]
Gate(  293)	cx q[13], q[14]
Gate(  294)	cx q[9], q[13]
Gate(  295)	cx q[14], q[9]
Gate(  296)	tdg q[13]
Gate(  297)	cx q[14], q[13]
Gate(  298)	tdg q[14]
Gate(  299)	tdg q[13]
Gate(  300)	 t q[9]
Gate(  301)	cx q[9], q[13]
Gate(  302)	cx q[14], q[9]
Gate(  303)	cx q[13], q[14]
Gate(  304)	 h q[9]
Gate(  305)	 h q[10]
Gate(  306)	 t q[12]
Gate(  307)	 t q[9]
Gate(  308)	 t q[10]
Gate(  309)	cx q[9], q[12]
Gate(  310)	cx q[10], q[9]
Gate(  311)	cx q[12], q[10]
Gate(  312)	tdg q[9]
Gate(  313)	cx q[12], q[9]
Gate(  314)	tdg q[12]
Gate(  315)	tdg q[9]
Gate(  316)	 t q[10]
Gate(  317)	cx q[10], q[9]
Gate(  318)	cx q[12], q[10]
Gate(  319)	cx q[9], q[12]
Gate(  320)	 h q[10]
Gate(  321)	 h q[2]
Gate(  322)	 t q[11]
Gate(  323)	 t q[10]
Gate(  324)	 t q[2]
Gate(  325)	cx q[10], q[11]
Gate(  326)	cx q[2], q[10]
Gate(  327)	cx q[11], q[2]
Gate(  328)	tdg q[10]
Gate(  329)	cx q[11], q[10]
Gate(  330)	tdg q[11]
Gate(  331)	tdg q[10]
Gate(  332)	 t q[2]
Gate(  333)	cx q[2], q[10]
Gate(  334)	cx q[11], q[2]
Gate(  335)	cx q[10], q[11]
Gate(  336)	 h q[2]
Gate(  337)	 h q[10]
Gate(  338)	 t q[12]
Gate(  339)	 t q[9]
Gate(  340)	 t q[10]
Gate(  341)	cx q[9], q[12]
Gate(  342)	cx q[10], q[9]
Gate(  343)	cx q[12], q[10]
Gate(  344)	tdg q[9]
Gate(  345)	cx q[12], q[9]
Gate(  346)	tdg q[12]
Gate(  347)	tdg q[9]
Gate(  348)	 t q[10]
Gate(  349)	cx q[10], q[9]
Gate(  350)	cx q[12], q[10]
Gate(  351)	cx q[9], q[12]
Gate(  352)	 h q[10]
Gate(  353)	 h q[9]
Gate(  354)	 t q[14]
Gate(  355)	 t q[13]
Gate(  356)	 t q[9]
Gate(  357)	cx q[13], q[14]
Gate(  358)	cx q[9], q[13]
Gate(  359)	cx q[14], q[9]
Gate(  360)	tdg q[13]
Gate(  361)	cx q[14], q[13]
Gate(  362)	tdg q[14]
Gate(  363)	tdg q[13]
Gate(  364)	 t q[9]
Gate(  365)	cx q[9], q[13]
Gate(  366)	cx q[14], q[9]
Gate(  367)	cx q[13], q[14]
Gate(  368)	 h q[9]
Gate(  369)	 h q[10]
Gate(  370)	 t q[12]
Gate(  371)	 t q[9]
Gate(  372)	 t q[10]
Gate(  373)	cx q[9], q[12]
Gate(  374)	cx q[10], q[9]
Gate(  375)	cx q[12], q[10]
Gate(  376)	tdg q[9]
Gate(  377)	cx q[12], q[9]
Gate(  378)	tdg q[12]
Gate(  379)	tdg q[9]
Gate(  380)	 t q[10]
Gate(  381)	cx q[10], q[9]
Gate(  382)	cx q[12], q[10]
Gate(  383)	cx q[9], q[12]
Gate(  384)	 h q[10]
Gate(  385)	 h q[1]
Gate(  386)	 t q[11]
Gate(  387)	 t q[10]
Gate(  388)	 t q[1]
Gate(  389)	cx q[10], q[11]
Gate(  390)	cx q[1], q[10]
Gate(  391)	cx q[11], q[1]
Gate(  392)	tdg q[10]
Gate(  393)	cx q[11], q[10]
Gate(  394)	tdg q[11]
Gate(  395)	tdg q[10]
Gate(  396)	 t q[1]
Gate(  397)	cx q[1], q[10]
Gate(  398)	cx q[11], q[1]
Gate(  399)	cx q[10], q[11]
Gate(  400)	 h q[1]
Gate(  401)	 h q[10]
Gate(  402)	 t q[12]
Gate(  403)	 t q[9]
Gate(  404)	 t q[10]
Gate(  405)	cx q[9], q[12]
Gate(  406)	cx q[10], q[9]
Gate(  407)	cx q[12], q[10]
Gate(  408)	tdg q[9]
Gate(  409)	cx q[12], q[9]
Gate(  410)	tdg q[12]
Gate(  411)	tdg q[9]
Gate(  412)	 t q[10]
Gate(  413)	cx q[10], q[9]
Gate(  414)	cx q[12], q[10]
Gate(  415)	cx q[9], q[12]
Gate(  416)	 h q[10]
Gate(  417)	 h q[9]
Gate(  418)	 t q[14]
Gate(  419)	 t q[13]
Gate(  420)	 t q[9]
Gate(  421)	cx q[13], q[14]
Gate(  422)	cx q[9], q[13]
Gate(  423)	cx q[14], q[9]
Gate(  424)	tdg q[13]
Gate(  425)	cx q[14], q[13]
Gate(  426)	tdg q[14]
Gate(  427)	tdg q[13]
Gate(  428)	 t q[9]
Gate(  429)	cx q[9], q[13]
Gate(  430)	cx q[14], q[9]
Gate(  431)	cx q[13], q[14]
Gate(  432)	 h q[9]
Gate(  433)	 h q[10]
Gate(  434)	 t q[12]
Gate(  435)	 t q[9]
Gate(  436)	 t q[10]
Gate(  437)	cx q[9], q[12]
Gate(  438)	cx q[10], q[9]
Gate(  439)	cx q[12], q[10]
Gate(  440)	tdg q[9]
Gate(  441)	cx q[12], q[9]
Gate(  442)	tdg q[12]
Gate(  443)	tdg q[9]
Gate(  444)	 t q[10]
Gate(  445)	cx q[10], q[9]
Gate(  446)	cx q[12], q[10]
Gate(  447)	cx q[9], q[12]
Gate(  448)	 h q[10]
Gate(  449)	 h q[1]
Gate(  450)	 t q[11]
Gate(  451)	 t q[10]
Gate(  452)	 t q[1]
Gate(  453)	cx q[10], q[11]
Gate(  454)	cx q[1], q[10]
Gate(  455)	cx q[11], q[1]
Gate(  456)	tdg q[10]
Gate(  457)	cx q[11], q[10]
Gate(  458)	tdg q[11]
Gate(  459)	tdg q[10]
Gate(  460)	 t q[1]
Gate(  461)	cx q[1], q[10]
Gate(  462)	cx q[11], q[1]
Gate(  463)	cx q[10], q[11]
Gate(  464)	 h q[1]
Gate(  465)	 h q[10]
Gate(  466)	 t q[12]
Gate(  467)	 t q[9]
Gate(  468)	 t q[10]
Gate(  469)	cx q[9], q[12]
Gate(  470)	cx q[10], q[9]
Gate(  471)	cx q[12], q[10]
Gate(  472)	tdg q[9]
Gate(  473)	cx q[12], q[9]
Gate(  474)	tdg q[12]
Gate(  475)	tdg q[9]
Gate(  476)	 t q[10]
Gate(  477)	cx q[10], q[9]
Gate(  478)	cx q[12], q[10]
Gate(  479)	cx q[9], q[12]
Gate(  480)	 h q[10]
Gate(  481)	 h q[9]
Gate(  482)	 t q[14]
Gate(  483)	 t q[13]
Gate(  484)	 t q[9]
Gate(  485)	cx q[13], q[14]
Gate(  486)	cx q[9], q[13]
Gate(  487)	cx q[14], q[9]
Gate(  488)	tdg q[13]
Gate(  489)	cx q[14], q[13]
Gate(  490)	tdg q[14]
Gate(  491)	tdg q[13]
Gate(  492)	 t q[9]
Gate(  493)	cx q[9], q[13]
Gate(  494)	cx q[14], q[9]
Gate(  495)	cx q[13], q[14]
Gate(  496)	 h q[9]
Gate(  497)	 h q[10]
Gate(  498)	 t q[12]
Gate(  499)	 t q[9]
Gate(  500)	 t q[10]
Gate(  501)	cx q[9], q[12]
Gate(  502)	cx q[10], q[9]
Gate(  503)	cx q[12], q[10]
Gate(  504)	tdg q[9]
Gate(  505)	cx q[12], q[9]
Gate(  506)	tdg q[12]
Gate(  507)	tdg q[9]
Gate(  508)	 t q[10]
Gate(  509)	cx q[10], q[9]
Gate(  510)	cx q[12], q[10]
Gate(  511)	cx q[9], q[12]
Gate(  512)	 h q[10]
Gate(  513)	 h q[0]
Gate(  514)	 t q[11]
Gate(  515)	 t q[10]
Gate(  516)	 t q[0]
Gate(  517)	cx q[10], q[11]
Gate(  518)	cx q[0], q[10]
Gate(  519)	cx q[11], q[0]
Gate(  520)	tdg q[10]
Gate(  521)	cx q[11], q[10]
Gate(  522)	tdg q[11]
Gate(  523)	tdg q[10]
Gate(  524)	 t q[0]
Gate(  525)	cx q[0], q[10]
Gate(  526)	cx q[11], q[0]
Gate(  527)	cx q[10], q[11]
Gate(  528)	 h q[0]
Gate(  529)	 h q[10]
Gate(  530)	 t q[12]
Gate(  531)	 t q[9]
Gate(  532)	 t q[10]
Gate(  533)	cx q[9], q[12]
Gate(  534)	cx q[10], q[9]
Gate(  535)	cx q[12], q[10]
Gate(  536)	tdg q[9]
Gate(  537)	cx q[12], q[9]
Gate(  538)	tdg q[12]
Gate(  539)	tdg q[9]
Gate(  540)	 t q[10]
Gate(  541)	cx q[10], q[9]
Gate(  542)	cx q[12], q[10]
Gate(  543)	cx q[9], q[12]
Gate(  544)	 h q[10]
Gate(  545)	 h q[9]
Gate(  546)	 t q[14]
Gate(  547)	 t q[13]
Gate(  548)	 t q[9]
Gate(  549)	cx q[13], q[14]
Gate(  550)	cx q[9], q[13]
Gate(  551)	cx q[14], q[9]
Gate(  552)	tdg q[13]
Gate(  553)	cx q[14], q[13]
Gate(  554)	tdg q[14]
Gate(  555)	tdg q[13]
Gate(  556)	 t q[9]
Gate(  557)	cx q[9], q[13]
Gate(  558)	cx q[14], q[9]
Gate(  559)	cx q[13], q[14]
Gate(  560)	 h q[9]
Gate(  561)	 h q[10]
Gate(  562)	 t q[12]
Gate(  563)	 t q[9]
Gate(  564)	 t q[10]
Gate(  565)	cx q[9], q[12]
Gate(  566)	cx q[10], q[9]
Gate(  567)	cx q[12], q[10]
Gate(  568)	tdg q[9]
Gate(  569)	cx q[12], q[9]
Gate(  570)	tdg q[12]
Gate(  571)	tdg q[9]
Gate(  572)	 t q[10]
Gate(  573)	cx q[10], q[9]
Gate(  574)	cx q[12], q[10]
Gate(  575)	cx q[9], q[12]
Gate(  576)	 h q[10]
Gate(  577)	 h q[0]
Gate(  578)	 t q[11]
Gate(  579)	 t q[10]
Gate(  580)	 t q[0]
Gate(  581)	cx q[10], q[11]
Gate(  582)	cx q[0], q[10]
Gate(  583)	cx q[11], q[0]
Gate(  584)	tdg q[10]
Gate(  585)	cx q[11], q[10]
Gate(  586)	tdg q[11]
Gate(  587)	tdg q[10]
Gate(  588)	 t q[0]
Gate(  589)	cx q[0], q[10]
Gate(  590)	cx q[11], q[0]
Gate(  591)	cx q[10], q[11]
Gate(  592)	 h q[0]
Gate(  593)	 h q[10]
Gate(  594)	 t q[12]
Gate(  595)	 t q[9]
Gate(  596)	 t q[10]
Gate(  597)	cx q[9], q[12]
Gate(  598)	cx q[10], q[9]
Gate(  599)	cx q[12], q[10]
Gate(  600)	tdg q[9]
Gate(  601)	cx q[12], q[9]
Gate(  602)	tdg q[12]
Gate(  603)	tdg q[9]
Gate(  604)	 t q[10]
Gate(  605)	cx q[10], q[9]
Gate(  606)	cx q[12], q[10]
Gate(  607)	cx q[9], q[12]
Gate(  608)	 h q[10]
Gate(  609)	 h q[9]
Gate(  610)	 t q[14]
Gate(  611)	 t q[13]
Gate(  612)	 t q[9]
Gate(  613)	cx q[13], q[14]
Gate(  614)	cx q[9], q[13]
Gate(  615)	cx q[14], q[9]
Gate(  616)	tdg q[13]
Gate(  617)	cx q[14], q[13]
Gate(  618)	tdg q[14]
Gate(  619)	tdg q[13]
Gate(  620)	 t q[9]
Gate(  621)	cx q[9], q[13]
Gate(  622)	cx q[14], q[9]
Gate(  623)	cx q[13], q[14]
Gate(  624)	 h q[9]
Gate(  625)	 h q[10]
Gate(  626)	 t q[12]
Gate(  627)	 t q[9]
Gate(  628)	 t q[10]
Gate(  629)	cx q[9], q[12]
Gate(  630)	cx q[10], q[9]
Gate(  631)	cx q[12], q[10]
Gate(  632)	tdg q[9]
Gate(  633)	cx q[12], q[9]
Gate(  634)	tdg q[12]
Gate(  635)	tdg q[9]
Gate(  636)	 t q[10]
Gate(  637)	cx q[10], q[9]
Gate(  638)	cx q[12], q[10]
Gate(  639)	cx q[9], q[12]
Gate(  640)	 h q[10]
Gate(  641)	 x q[13]
Gate(  642)	 h q[5]
Gate(  643)	 t q[12]
Gate(  644)	 t q[11]
Gate(  645)	 t q[5]
Gate(  646)	cx q[11], q[12]
Gate(  647)	cx q[5], q[11]
Gate(  648)	cx q[12], q[5]
Gate(  649)	tdg q[11]
Gate(  650)	cx q[12], q[11]
Gate(  651)	tdg q[12]
Gate(  652)	tdg q[11]
Gate(  653)	 t q[5]
Gate(  654)	cx q[5], q[11]
Gate(  655)	cx q[12], q[5]
Gate(  656)	cx q[11], q[12]
Gate(  657)	 h q[5]
Gate(  658)	 h q[11]
Gate(  659)	 t q[14]
Gate(  660)	 t q[13]
Gate(  661)	 t q[11]
Gate(  662)	cx q[13], q[14]
Gate(  663)	cx q[11], q[13]
Gate(  664)	cx q[14], q[11]
Gate(  665)	tdg q[13]
Gate(  666)	cx q[14], q[13]
Gate(  667)	tdg q[14]
Gate(  668)	tdg q[13]
Gate(  669)	 t q[11]
Gate(  670)	cx q[11], q[13]
Gate(  671)	cx q[14], q[11]
Gate(  672)	cx q[13], q[14]
Gate(  673)	 h q[11]
Gate(  674)	 h q[5]
Gate(  675)	 t q[12]
Gate(  676)	 t q[11]
Gate(  677)	 t q[5]
Gate(  678)	cx q[11], q[12]
Gate(  679)	cx q[5], q[11]
Gate(  680)	cx q[12], q[5]
Gate(  681)	tdg q[11]
Gate(  682)	cx q[12], q[11]
Gate(  683)	tdg q[12]
Gate(  684)	tdg q[11]
Gate(  685)	 t q[5]
Gate(  686)	cx q[5], q[11]
Gate(  687)	cx q[12], q[5]
Gate(  688)	cx q[11], q[12]
Gate(  689)	 h q[5]
Gate(  690)	 h q[11]
Gate(  691)	 t q[14]
Gate(  692)	 t q[13]
Gate(  693)	 t q[11]
Gate(  694)	cx q[13], q[14]
Gate(  695)	cx q[11], q[13]
Gate(  696)	cx q[14], q[11]
Gate(  697)	tdg q[13]
Gate(  698)	cx q[14], q[13]
Gate(  699)	tdg q[14]
Gate(  700)	tdg q[13]
Gate(  701)	 t q[11]
Gate(  702)	cx q[11], q[13]
Gate(  703)	cx q[14], q[11]
Gate(  704)	cx q[13], q[14]
Gate(  705)	 h q[11]
Gate(  706)	 h q[2]
Gate(  707)	 t q[12]
Gate(  708)	 t q[11]
Gate(  709)	 t q[2]
Gate(  710)	cx q[11], q[12]
Gate(  711)	cx q[2], q[11]
Gate(  712)	cx q[12], q[2]
Gate(  713)	tdg q[11]
Gate(  714)	cx q[12], q[11]
Gate(  715)	tdg q[12]
Gate(  716)	tdg q[11]
Gate(  717)	 t q[2]
Gate(  718)	cx q[2], q[11]
Gate(  719)	cx q[12], q[2]
Gate(  720)	cx q[11], q[12]
Gate(  721)	 h q[2]
Gate(  722)	 h q[11]
Gate(  723)	 t q[14]
Gate(  724)	 t q[13]
Gate(  725)	 t q[11]
Gate(  726)	cx q[13], q[14]
Gate(  727)	cx q[11], q[13]
Gate(  728)	cx q[14], q[11]
Gate(  729)	tdg q[13]
Gate(  730)	cx q[14], q[13]
Gate(  731)	tdg q[14]
Gate(  732)	tdg q[13]
Gate(  733)	 t q[11]
Gate(  734)	cx q[11], q[13]
Gate(  735)	cx q[14], q[11]
Gate(  736)	cx q[13], q[14]
Gate(  737)	 h q[11]
Gate(  738)	 h q[2]
Gate(  739)	 t q[12]
Gate(  740)	 t q[11]
Gate(  741)	 t q[2]
Gate(  742)	cx q[11], q[12]
Gate(  743)	cx q[2], q[11]
Gate(  744)	cx q[12], q[2]
Gate(  745)	tdg q[11]
Gate(  746)	cx q[12], q[11]
Gate(  747)	tdg q[12]
Gate(  748)	tdg q[11]
Gate(  749)	 t q[2]
Gate(  750)	cx q[2], q[11]
Gate(  751)	cx q[12], q[2]
Gate(  752)	cx q[11], q[12]
Gate(  753)	 h q[2]
Gate(  754)	 h q[11]
Gate(  755)	 t q[14]
Gate(  756)	 t q[13]
Gate(  757)	 t q[11]
Gate(  758)	cx q[13], q[14]
Gate(  759)	cx q[11], q[13]
Gate(  760)	cx q[14], q[11]
Gate(  761)	tdg q[13]
Gate(  762)	cx q[14], q[13]
Gate(  763)	tdg q[14]
Gate(  764)	tdg q[13]
Gate(  765)	 t q[11]
Gate(  766)	cx q[11], q[13]
Gate(  767)	cx q[14], q[11]
Gate(  768)	cx q[13], q[14]
Gate(  769)	 h q[11]
Gate(  770)	 h q[1]
Gate(  771)	 t q[12]
Gate(  772)	 t q[11]
Gate(  773)	 t q[1]
Gate(  774)	cx q[11], q[12]
Gate(  775)	cx q[1], q[11]
Gate(  776)	cx q[12], q[1]
Gate(  777)	tdg q[11]
Gate(  778)	cx q[12], q[11]
Gate(  779)	tdg q[12]
Gate(  780)	tdg q[11]
Gate(  781)	 t q[1]
Gate(  782)	cx q[1], q[11]
Gate(  783)	cx q[12], q[1]
Gate(  784)	cx q[11], q[12]
Gate(  785)	 h q[1]
Gate(  786)	 h q[11]
Gate(  787)	 t q[14]
Gate(  788)	 t q[13]
Gate(  789)	 t q[11]
Gate(  790)	cx q[13], q[14]
Gate(  791)	cx q[11], q[13]
Gate(  792)	cx q[14], q[11]
Gate(  793)	tdg q[13]
Gate(  794)	cx q[14], q[13]
Gate(  795)	tdg q[14]
Gate(  796)	tdg q[13]
Gate(  797)	 t q[11]
Gate(  798)	cx q[11], q[13]
Gate(  799)	cx q[14], q[11]
Gate(  800)	cx q[13], q[14]
Gate(  801)	 h q[11]
Gate(  802)	 h q[1]
Gate(  803)	 t q[12]
Gate(  804)	 t q[11]
Gate(  805)	 t q[1]
Gate(  806)	cx q[11], q[12]
Gate(  807)	cx q[1], q[11]
Gate(  808)	cx q[12], q[1]
Gate(  809)	tdg q[11]
Gate(  810)	cx q[12], q[11]
Gate(  811)	tdg q[12]
Gate(  812)	tdg q[11]
Gate(  813)	 t q[1]
Gate(  814)	cx q[1], q[11]
Gate(  815)	cx q[12], q[1]
Gate(  816)	cx q[11], q[12]
Gate(  817)	 h q[1]
Gate(  818)	 h q[11]
Gate(  819)	 t q[14]
Gate(  820)	 t q[13]
Gate(  821)	 t q[11]
Gate(  822)	cx q[13], q[14]
Gate(  823)	cx q[11], q[13]
Gate(  824)	cx q[14], q[11]
Gate(  825)	tdg q[13]
Gate(  826)	cx q[14], q[13]
Gate(  827)	tdg q[14]
Gate(  828)	tdg q[13]
Gate(  829)	 t q[11]
Gate(  830)	cx q[11], q[13]
Gate(  831)	cx q[14], q[11]
Gate(  832)	cx q[13], q[14]
Gate(  833)	 h q[11]
Gate(  834)	 x q[14]
Gate(  835)	 x q[11]
Gate(  836)	 h q[6]
Gate(  837)	 t q[11]
Gate(  838)	 t q[10]
Gate(  839)	 t q[6]
Gate(  840)	cx q[10], q[11]
Gate(  841)	cx q[6], q[10]
Gate(  842)	cx q[11], q[6]
Gate(  843)	tdg q[10]
Gate(  844)	cx q[11], q[10]
Gate(  845)	tdg q[11]
Gate(  846)	tdg q[10]
Gate(  847)	 t q[6]
Gate(  848)	cx q[6], q[10]
Gate(  849)	cx q[11], q[6]
Gate(  850)	cx q[10], q[11]
Gate(  851)	 h q[6]
Gate(  852)	 h q[10]
Gate(  853)	 t q[12]
Gate(  854)	 t q[9]
Gate(  855)	 t q[10]
Gate(  856)	cx q[9], q[12]
Gate(  857)	cx q[10], q[9]
Gate(  858)	cx q[12], q[10]
Gate(  859)	tdg q[9]
Gate(  860)	cx q[12], q[9]
Gate(  861)	tdg q[12]
Gate(  862)	tdg q[9]
Gate(  863)	 t q[10]
Gate(  864)	cx q[10], q[9]
Gate(  865)	cx q[12], q[10]
Gate(  866)	cx q[9], q[12]
Gate(  867)	 h q[10]
Gate(  868)	 h q[9]
Gate(  869)	 t q[14]
Gate(  870)	 t q[13]
Gate(  871)	 t q[9]
Gate(  872)	cx q[13], q[14]
Gate(  873)	cx q[9], q[13]
Gate(  874)	cx q[14], q[9]
Gate(  875)	tdg q[13]
Gate(  876)	cx q[14], q[13]
Gate(  877)	tdg q[14]
Gate(  878)	tdg q[13]
Gate(  879)	 t q[9]
Gate(  880)	cx q[9], q[13]
Gate(  881)	cx q[14], q[9]
Gate(  882)	cx q[13], q[14]
Gate(  883)	 h q[9]
Gate(  884)	 h q[10]
Gate(  885)	 t q[12]
Gate(  886)	 t q[9]
Gate(  887)	 t q[10]
Gate(  888)	cx q[9], q[12]
Gate(  889)	cx q[10], q[9]
Gate(  890)	cx q[12], q[10]
Gate(  891)	tdg q[9]
Gate(  892)	cx q[12], q[9]
Gate(  893)	tdg q[12]
Gate(  894)	tdg q[9]
Gate(  895)	 t q[10]
Gate(  896)	cx q[10], q[9]
Gate(  897)	cx q[12], q[10]
Gate(  898)	cx q[9], q[12]
Gate(  899)	 h q[10]
Gate(  900)	 h q[6]
Gate(  901)	 t q[11]
Gate(  902)	 t q[10]
Gate(  903)	 t q[6]
Gate(  904)	cx q[10], q[11]
Gate(  905)	cx q[6], q[10]
Gate(  906)	cx q[11], q[6]
Gate(  907)	tdg q[10]
Gate(  908)	cx q[11], q[10]
Gate(  909)	tdg q[11]
Gate(  910)	tdg q[10]
Gate(  911)	 t q[6]
Gate(  912)	cx q[6], q[10]
Gate(  913)	cx q[11], q[6]
Gate(  914)	cx q[10], q[11]
Gate(  915)	 h q[6]
Gate(  916)	 h q[10]
Gate(  917)	 t q[12]
Gate(  918)	 t q[9]
Gate(  919)	 t q[10]
Gate(  920)	cx q[9], q[12]
Gate(  921)	cx q[10], q[9]
Gate(  922)	cx q[12], q[10]
Gate(  923)	tdg q[9]
Gate(  924)	cx q[12], q[9]
Gate(  925)	tdg q[12]
Gate(  926)	tdg q[9]
Gate(  927)	 t q[10]
Gate(  928)	cx q[10], q[9]
Gate(  929)	cx q[12], q[10]
Gate(  930)	cx q[9], q[12]
Gate(  931)	 h q[10]
Gate(  932)	 h q[9]
Gate(  933)	 t q[14]
Gate(  934)	 t q[13]
Gate(  935)	 t q[9]
Gate(  936)	cx q[13], q[14]
Gate(  937)	cx q[9], q[13]
Gate(  938)	cx q[14], q[9]
Gate(  939)	tdg q[13]
Gate(  940)	cx q[14], q[13]
Gate(  941)	tdg q[14]
Gate(  942)	tdg q[13]
Gate(  943)	 t q[9]
Gate(  944)	cx q[9], q[13]
Gate(  945)	cx q[14], q[9]
Gate(  946)	cx q[13], q[14]
Gate(  947)	 h q[9]
Gate(  948)	 h q[10]
Gate(  949)	 t q[12]
Gate(  950)	 t q[9]
Gate(  951)	 t q[10]
Gate(  952)	cx q[9], q[12]
Gate(  953)	cx q[10], q[9]
Gate(  954)	cx q[12], q[10]
Gate(  955)	tdg q[9]
Gate(  956)	cx q[12], q[9]
Gate(  957)	tdg q[12]
Gate(  958)	tdg q[9]
Gate(  959)	 t q[10]
Gate(  960)	cx q[10], q[9]
Gate(  961)	cx q[12], q[10]
Gate(  962)	cx q[9], q[12]
Gate(  963)	 h q[10]
Gate(  964)	 h q[3]
Gate(  965)	 t q[11]
Gate(  966)	 t q[10]
Gate(  967)	 t q[3]
Gate(  968)	cx q[10], q[11]
Gate(  969)	cx q[3], q[10]
Gate(  970)	cx q[11], q[3]
Gate(  971)	tdg q[10]
Gate(  972)	cx q[11], q[10]
Gate(  973)	tdg q[11]
Gate(  974)	tdg q[10]
Gate(  975)	 t q[3]
Gate(  976)	cx q[3], q[10]
Gate(  977)	cx q[11], q[3]
Gate(  978)	cx q[10], q[11]
Gate(  979)	 h q[3]
Gate(  980)	 h q[10]
Gate(  981)	 t q[12]
Gate(  982)	 t q[9]
Gate(  983)	 t q[10]
Gate(  984)	cx q[9], q[12]
Gate(  985)	cx q[10], q[9]
Gate(  986)	cx q[12], q[10]
Gate(  987)	tdg q[9]
Gate(  988)	cx q[12], q[9]
Gate(  989)	tdg q[12]
Gate(  990)	tdg q[9]
Gate(  991)	 t q[10]
Gate(  992)	cx q[10], q[9]
Gate(  993)	cx q[12], q[10]
Gate(  994)	cx q[9], q[12]
Gate(  995)	 h q[10]
Gate(  996)	 h q[9]
Gate(  997)	 t q[14]
Gate(  998)	 t q[13]
Gate(  999)	 t q[9]
Gate( 1000)	cx q[13], q[14]
Gate( 1001)	cx q[9], q[13]
Gate( 1002)	cx q[14], q[9]
Gate( 1003)	tdg q[13]
Gate( 1004)	cx q[14], q[13]
Gate( 1005)	tdg q[14]
Gate( 1006)	tdg q[13]
Gate( 1007)	 t q[9]
Gate( 1008)	cx q[9], q[13]
Gate( 1009)	cx q[14], q[9]
Gate( 1010)	cx q[13], q[14]
Gate( 1011)	 h q[9]
Gate( 1012)	 h q[10]
Gate( 1013)	 t q[12]
Gate( 1014)	 t q[9]
Gate( 1015)	 t q[10]
Gate( 1016)	cx q[9], q[12]
Gate( 1017)	cx q[10], q[9]
Gate( 1018)	cx q[12], q[10]
Gate( 1019)	tdg q[9]
Gate( 1020)	cx q[12], q[9]
Gate( 1021)	tdg q[12]
Gate( 1022)	tdg q[9]
Gate( 1023)	 t q[10]
Gate( 1024)	cx q[10], q[9]
Gate( 1025)	cx q[12], q[10]
Gate( 1026)	cx q[9], q[12]
Gate( 1027)	 h q[10]
Gate( 1028)	 h q[3]
Gate( 1029)	 t q[11]
Gate( 1030)	 t q[10]
Gate( 1031)	 t q[3]
Gate( 1032)	cx q[10], q[11]
Gate( 1033)	cx q[3], q[10]
Gate( 1034)	cx q[11], q[3]
Gate( 1035)	tdg q[10]
Gate( 1036)	cx q[11], q[10]
Gate( 1037)	tdg q[11]
Gate( 1038)	tdg q[10]
Gate( 1039)	 t q[3]
Gate( 1040)	cx q[3], q[10]
Gate( 1041)	cx q[11], q[3]
Gate( 1042)	cx q[10], q[11]
Gate( 1043)	 h q[3]
Gate( 1044)	 h q[10]
Gate( 1045)	 t q[12]
Gate( 1046)	 t q[9]
Gate( 1047)	 t q[10]
Gate( 1048)	cx q[9], q[12]
Gate( 1049)	cx q[10], q[9]
Gate( 1050)	cx q[12], q[10]
Gate( 1051)	tdg q[9]
Gate( 1052)	cx q[12], q[9]
Gate( 1053)	tdg q[12]
Gate( 1054)	tdg q[9]
Gate( 1055)	 t q[10]
Gate( 1056)	cx q[10], q[9]
Gate( 1057)	cx q[12], q[10]
Gate( 1058)	cx q[9], q[12]
Gate( 1059)	 h q[10]
Gate( 1060)	 h q[9]
Gate( 1061)	 t q[14]
Gate( 1062)	 t q[13]
Gate( 1063)	 t q[9]
Gate( 1064)	cx q[13], q[14]
Gate( 1065)	cx q[9], q[13]
Gate( 1066)	cx q[14], q[9]
Gate( 1067)	tdg q[13]
Gate( 1068)	cx q[14], q[13]
Gate( 1069)	tdg q[14]
Gate( 1070)	tdg q[13]
Gate( 1071)	 t q[9]
Gate( 1072)	cx q[9], q[13]
Gate( 1073)	cx q[14], q[9]
Gate( 1074)	cx q[13], q[14]
Gate( 1075)	 h q[9]
Gate( 1076)	 h q[10]
Gate( 1077)	 t q[12]
Gate( 1078)	 t q[9]
Gate( 1079)	 t q[10]
Gate( 1080)	cx q[9], q[12]
Gate( 1081)	cx q[10], q[9]
Gate( 1082)	cx q[12], q[10]
Gate( 1083)	tdg q[9]
Gate( 1084)	cx q[12], q[9]
Gate( 1085)	tdg q[12]
Gate( 1086)	tdg q[9]
Gate( 1087)	 t q[10]
Gate( 1088)	cx q[10], q[9]
Gate( 1089)	cx q[12], q[10]
Gate( 1090)	cx q[9], q[12]
Gate( 1091)	 h q[10]
Gate( 1092)	 h q[2]
Gate( 1093)	 t q[11]
Gate( 1094)	 t q[10]
Gate( 1095)	 t q[2]
Gate( 1096)	cx q[10], q[11]
Gate( 1097)	cx q[2], q[10]
Gate( 1098)	cx q[11], q[2]
Gate( 1099)	tdg q[10]
Gate( 1100)	cx q[11], q[10]
Gate( 1101)	tdg q[11]
Gate( 1102)	tdg q[10]
Gate( 1103)	 t q[2]
Gate( 1104)	cx q[2], q[10]
Gate( 1105)	cx q[11], q[2]
Gate( 1106)	cx q[10], q[11]
Gate( 1107)	 h q[2]
Gate( 1108)	 h q[10]
Gate( 1109)	 t q[12]
Gate( 1110)	 t q[9]
Gate( 1111)	 t q[10]
Gate( 1112)	cx q[9], q[12]
Gate( 1113)	cx q[10], q[9]
Gate( 1114)	cx q[12], q[10]
Gate( 1115)	tdg q[9]
Gate( 1116)	cx q[12], q[9]
Gate( 1117)	tdg q[12]
Gate( 1118)	tdg q[9]
Gate( 1119)	 t q[10]
Gate( 1120)	cx q[10], q[9]
Gate( 1121)	cx q[12], q[10]
Gate( 1122)	cx q[9], q[12]
Gate( 1123)	 h q[10]
Gate( 1124)	 h q[9]
Gate( 1125)	 t q[14]
Gate( 1126)	 t q[13]
Gate( 1127)	 t q[9]
Gate( 1128)	cx q[13], q[14]
Gate( 1129)	cx q[9], q[13]
Gate( 1130)	cx q[14], q[9]
Gate( 1131)	tdg q[13]
Gate( 1132)	cx q[14], q[13]
Gate( 1133)	tdg q[14]
Gate( 1134)	tdg q[13]
Gate( 1135)	 t q[9]
Gate( 1136)	cx q[9], q[13]
Gate( 1137)	cx q[14], q[9]
Gate( 1138)	cx q[13], q[14]
Gate( 1139)	 h q[9]
Gate( 1140)	 h q[10]
Gate( 1141)	 t q[12]
Gate( 1142)	 t q[9]
Gate( 1143)	 t q[10]
Gate( 1144)	cx q[9], q[12]
Gate( 1145)	cx q[10], q[9]
Gate( 1146)	cx q[12], q[10]
Gate( 1147)	tdg q[9]
Gate( 1148)	cx q[12], q[9]
Gate( 1149)	tdg q[12]
Gate( 1150)	tdg q[9]
Gate( 1151)	 t q[10]
Gate( 1152)	cx q[10], q[9]
Gate( 1153)	cx q[12], q[10]
Gate( 1154)	cx q[9], q[12]
Gate( 1155)	 h q[10]
Gate( 1156)	 h q[2]
Gate( 1157)	 t q[11]
Gate( 1158)	 t q[10]
Gate( 1159)	 t q[2]
Gate( 1160)	cx q[10], q[11]
Gate( 1161)	cx q[2], q[10]
Gate( 1162)	cx q[11], q[2]
Gate( 1163)	tdg q[10]
Gate( 1164)	cx q[11], q[10]
Gate( 1165)	tdg q[11]
Gate( 1166)	tdg q[10]
Gate( 1167)	 t q[2]
Gate( 1168)	cx q[2], q[10]
Gate( 1169)	cx q[11], q[2]
Gate( 1170)	cx q[10], q[11]
Gate( 1171)	 h q[2]
Gate( 1172)	 h q[10]
Gate( 1173)	 t q[12]
Gate( 1174)	 t q[9]
Gate( 1175)	 t q[10]
Gate( 1176)	cx q[9], q[12]
Gate( 1177)	cx q[10], q[9]
Gate( 1178)	cx q[12], q[10]
Gate( 1179)	tdg q[9]
Gate( 1180)	cx q[12], q[9]
Gate( 1181)	tdg q[12]
Gate( 1182)	tdg q[9]
Gate( 1183)	 t q[10]
Gate( 1184)	cx q[10], q[9]
Gate( 1185)	cx q[12], q[10]
Gate( 1186)	cx q[9], q[12]
Gate( 1187)	 h q[10]
Gate( 1188)	 h q[9]
Gate( 1189)	 t q[14]
Gate( 1190)	 t q[13]
Gate( 1191)	 t q[9]
Gate( 1192)	cx q[13], q[14]
Gate( 1193)	cx q[9], q[13]
Gate( 1194)	cx q[14], q[9]
Gate( 1195)	tdg q[13]
Gate( 1196)	cx q[14], q[13]
Gate( 1197)	tdg q[14]
Gate( 1198)	tdg q[13]
Gate( 1199)	 t q[9]
Gate( 1200)	cx q[9], q[13]
Gate( 1201)	cx q[14], q[9]
Gate( 1202)	cx q[13], q[14]
Gate( 1203)	 h q[9]
Gate( 1204)	 h q[10]
Gate( 1205)	 t q[12]
Gate( 1206)	 t q[9]
Gate( 1207)	 t q[10]
Gate( 1208)	cx q[9], q[12]
Gate( 1209)	cx q[10], q[9]
Gate( 1210)	cx q[12], q[10]
Gate( 1211)	tdg q[9]
Gate( 1212)	cx q[12], q[9]
Gate( 1213)	tdg q[12]
Gate( 1214)	tdg q[9]
Gate( 1215)	 t q[10]
Gate( 1216)	cx q[10], q[9]
Gate( 1217)	cx q[12], q[10]
Gate( 1218)	cx q[9], q[12]
Gate( 1219)	 h q[10]
Gate( 1220)	 h q[1]
Gate( 1221)	 t q[11]
Gate( 1222)	 t q[10]
Gate( 1223)	 t q[1]
Gate( 1224)	cx q[10], q[11]
Gate( 1225)	cx q[1], q[10]
Gate( 1226)	cx q[11], q[1]
Gate( 1227)	tdg q[10]
Gate( 1228)	cx q[11], q[10]
Gate( 1229)	tdg q[11]
Gate( 1230)	tdg q[10]
Gate( 1231)	 t q[1]
Gate( 1232)	cx q[1], q[10]
Gate( 1233)	cx q[11], q[1]
Gate( 1234)	cx q[10], q[11]
Gate( 1235)	 h q[1]
Gate( 1236)	 h q[10]
Gate( 1237)	 t q[12]
Gate( 1238)	 t q[9]
Gate( 1239)	 t q[10]
Gate( 1240)	cx q[9], q[12]
Gate( 1241)	cx q[10], q[9]
Gate( 1242)	cx q[12], q[10]
Gate( 1243)	tdg q[9]
Gate( 1244)	cx q[12], q[9]
Gate( 1245)	tdg q[12]
Gate( 1246)	tdg q[9]
Gate( 1247)	 t q[10]
Gate( 1248)	cx q[10], q[9]
Gate( 1249)	cx q[12], q[10]
Gate( 1250)	cx q[9], q[12]
Gate( 1251)	 h q[10]
Gate( 1252)	 h q[9]
Gate( 1253)	 t q[14]
Gate( 1254)	 t q[13]
Gate( 1255)	 t q[9]
Gate( 1256)	cx q[13], q[14]
Gate( 1257)	cx q[9], q[13]
Gate( 1258)	cx q[14], q[9]
Gate( 1259)	tdg q[13]
Gate( 1260)	cx q[14], q[13]
Gate( 1261)	tdg q[14]
Gate( 1262)	tdg q[13]
Gate( 1263)	 t q[9]
Gate( 1264)	cx q[9], q[13]
Gate( 1265)	cx q[14], q[9]
Gate( 1266)	cx q[13], q[14]
Gate( 1267)	 h q[9]
Gate( 1268)	 h q[10]
Gate( 1269)	 t q[12]
Gate( 1270)	 t q[9]
Gate( 1271)	 t q[10]
Gate( 1272)	cx q[9], q[12]
Gate( 1273)	cx q[10], q[9]
Gate( 1274)	cx q[12], q[10]
Gate( 1275)	tdg q[9]
Gate( 1276)	cx q[12], q[9]
Gate( 1277)	tdg q[12]
Gate( 1278)	tdg q[9]
Gate( 1279)	 t q[10]
Gate( 1280)	cx q[10], q[9]
Gate( 1281)	cx q[12], q[10]
Gate( 1282)	cx q[9], q[12]
Gate( 1283)	 h q[10]
Gate( 1284)	 h q[1]
Gate( 1285)	 t q[11]
Gate( 1286)	 t q[10]
Gate( 1287)	 t q[1]
Gate( 1288)	cx q[10], q[11]
Gate( 1289)	cx q[1], q[10]
Gate( 1290)	cx q[11], q[1]
Gate( 1291)	tdg q[10]
Gate( 1292)	cx q[11], q[10]
Gate( 1293)	tdg q[11]
Gate( 1294)	tdg q[10]
Gate( 1295)	 t q[1]
Gate( 1296)	cx q[1], q[10]
Gate( 1297)	cx q[11], q[1]
Gate( 1298)	cx q[10], q[11]
Gate( 1299)	 h q[1]
Gate( 1300)	 h q[10]
Gate( 1301)	 t q[12]
Gate( 1302)	 t q[9]
Gate( 1303)	 t q[10]
Gate( 1304)	cx q[9], q[12]
Gate( 1305)	cx q[10], q[9]
Gate( 1306)	cx q[12], q[10]
Gate( 1307)	tdg q[9]
Gate( 1308)	cx q[12], q[9]
Gate( 1309)	tdg q[12]
Gate( 1310)	tdg q[9]
Gate( 1311)	 t q[10]
Gate( 1312)	cx q[10], q[9]
Gate( 1313)	cx q[12], q[10]
Gate( 1314)	cx q[9], q[12]
Gate( 1315)	 h q[10]
Gate( 1316)	 h q[9]
Gate( 1317)	 t q[14]
Gate( 1318)	 t q[13]
Gate( 1319)	 t q[9]
Gate( 1320)	cx q[13], q[14]
Gate( 1321)	cx q[9], q[13]
Gate( 1322)	cx q[14], q[9]
Gate( 1323)	tdg q[13]
Gate( 1324)	cx q[14], q[13]
Gate( 1325)	tdg q[14]
Gate( 1326)	tdg q[13]
Gate( 1327)	 t q[9]
Gate( 1328)	cx q[9], q[13]
Gate( 1329)	cx q[14], q[9]
Gate( 1330)	cx q[13], q[14]
Gate( 1331)	 h q[9]
Gate( 1332)	 h q[10]
Gate( 1333)	 t q[12]
Gate( 1334)	 t q[9]
Gate( 1335)	 t q[10]
Gate( 1336)	cx q[9], q[12]
Gate( 1337)	cx q[10], q[9]
Gate( 1338)	cx q[12], q[10]
Gate( 1339)	tdg q[9]
Gate( 1340)	cx q[12], q[9]
Gate( 1341)	tdg q[12]
Gate( 1342)	tdg q[9]
Gate( 1343)	 t q[10]
Gate( 1344)	cx q[10], q[9]
Gate( 1345)	cx q[12], q[10]
Gate( 1346)	cx q[9], q[12]
Gate( 1347)	 h q[10]
Gate( 1348)	 h q[0]
Gate( 1349)	 t q[11]
Gate( 1350)	 t q[10]
Gate( 1351)	 t q[0]
Gate( 1352)	cx q[10], q[11]
Gate( 1353)	cx q[0], q[10]
Gate( 1354)	cx q[11], q[0]
Gate( 1355)	tdg q[10]
Gate( 1356)	cx q[11], q[10]
Gate( 1357)	tdg q[11]
Gate( 1358)	tdg q[10]
Gate( 1359)	 t q[0]
Gate( 1360)	cx q[0], q[10]
Gate( 1361)	cx q[11], q[0]
Gate( 1362)	cx q[10], q[11]
Gate( 1363)	 h q[0]
Gate( 1364)	 h q[10]
Gate( 1365)	 t q[12]
Gate( 1366)	 t q[9]
Gate( 1367)	 t q[10]
Gate( 1368)	cx q[9], q[12]
Gate( 1369)	cx q[10], q[9]
Gate( 1370)	cx q[12], q[10]
Gate( 1371)	tdg q[9]
Gate( 1372)	cx q[12], q[9]
Gate( 1373)	tdg q[12]
Gate( 1374)	tdg q[9]
Gate( 1375)	 t q[10]
Gate( 1376)	cx q[10], q[9]
Gate( 1377)	cx q[12], q[10]
Gate( 1378)	cx q[9], q[12]
Gate( 1379)	 h q[10]
Gate( 1380)	 h q[9]
Gate( 1381)	 t q[14]
Gate( 1382)	 t q[13]
Gate( 1383)	 t q[9]
Gate( 1384)	cx q[13], q[14]
Gate( 1385)	cx q[9], q[13]
Gate( 1386)	cx q[14], q[9]
Gate( 1387)	tdg q[13]
Gate( 1388)	cx q[14], q[13]
Gate( 1389)	tdg q[14]
Gate( 1390)	tdg q[13]
Gate( 1391)	 t q[9]
Gate( 1392)	cx q[9], q[13]
Gate( 1393)	cx q[14], q[9]
Gate( 1394)	cx q[13], q[14]
Gate( 1395)	 h q[9]
Gate( 1396)	 h q[10]
Gate( 1397)	 t q[12]
Gate( 1398)	 t q[9]
Gate( 1399)	 t q[10]
Gate( 1400)	cx q[9], q[12]
Gate( 1401)	cx q[10], q[9]
Gate( 1402)	cx q[12], q[10]
Gate( 1403)	tdg q[9]
Gate( 1404)	cx q[12], q[9]
Gate( 1405)	tdg q[12]
Gate( 1406)	tdg q[9]
Gate( 1407)	 t q[10]
Gate( 1408)	cx q[10], q[9]
Gate( 1409)	cx q[12], q[10]
Gate( 1410)	cx q[9], q[12]
Gate( 1411)	 h q[10]
Gate( 1412)	 h q[0]
Gate( 1413)	 t q[11]
Gate( 1414)	 t q[10]
Gate( 1415)	 t q[0]
Gate( 1416)	cx q[10], q[11]
Gate( 1417)	cx q[0], q[10]
Gate( 1418)	cx q[11], q[0]
Gate( 1419)	tdg q[10]
Gate( 1420)	cx q[11], q[10]
Gate( 1421)	tdg q[11]
Gate( 1422)	tdg q[10]
Gate( 1423)	 t q[0]
Gate( 1424)	cx q[0], q[10]
Gate( 1425)	cx q[11], q[0]
Gate( 1426)	cx q[10], q[11]
Gate( 1427)	 h q[0]
Gate( 1428)	 h q[10]
Gate( 1429)	 t q[12]
Gate( 1430)	 t q[9]
Gate( 1431)	 t q[10]
Gate( 1432)	cx q[9], q[12]
Gate( 1433)	cx q[10], q[9]
Gate( 1434)	cx q[12], q[10]
Gate( 1435)	tdg q[9]
Gate( 1436)	cx q[12], q[9]
Gate( 1437)	tdg q[12]
Gate( 1438)	tdg q[9]
Gate( 1439)	 t q[10]
Gate( 1440)	cx q[10], q[9]
Gate( 1441)	cx q[12], q[10]
Gate( 1442)	cx q[9], q[12]
Gate( 1443)	 h q[10]
Gate( 1444)	 h q[9]
Gate( 1445)	 t q[14]
Gate( 1446)	 t q[13]
Gate( 1447)	 t q[9]
Gate( 1448)	cx q[13], q[14]
Gate( 1449)	cx q[9], q[13]
Gate( 1450)	cx q[14], q[9]
Gate( 1451)	tdg q[13]
Gate( 1452)	cx q[14], q[13]
Gate( 1453)	tdg q[14]
Gate( 1454)	tdg q[13]
Gate( 1455)	 t q[9]
Gate( 1456)	cx q[9], q[13]
Gate( 1457)	cx q[14], q[9]
Gate( 1458)	cx q[13], q[14]
Gate( 1459)	 h q[9]
Gate( 1460)	 h q[10]
Gate( 1461)	 t q[12]
Gate( 1462)	 t q[9]
Gate( 1463)	 t q[10]
Gate( 1464)	cx q[9], q[12]
Gate( 1465)	cx q[10], q[9]
Gate( 1466)	cx q[12], q[10]
Gate( 1467)	tdg q[9]
Gate( 1468)	cx q[12], q[9]
Gate( 1469)	tdg q[12]
Gate( 1470)	tdg q[9]
Gate( 1471)	 t q[10]
Gate( 1472)	cx q[10], q[9]
Gate( 1473)	cx q[12], q[10]
Gate( 1474)	cx q[9], q[12]
Gate( 1475)	 h q[10]
Gate( 1476)	 x q[14]
Gate( 1477)	 h q[5]
Gate( 1478)	 t q[9]
Gate( 1479)	 t q[10]
Gate( 1480)	 t q[5]
Gate( 1481)	cx q[10], q[9]
Gate( 1482)	cx q[5], q[10]
Gate( 1483)	cx q[9], q[5]
Gate( 1484)	tdg q[10]
Gate( 1485)	cx q[9], q[10]
Gate( 1486)	tdg q[9]
Gate( 1487)	tdg q[10]
Gate( 1488)	 t q[5]
Gate( 1489)	cx q[5], q[10]
Gate( 1490)	cx q[9], q[5]
Gate( 1491)	cx q[10], q[9]
Gate( 1492)	 h q[5]
Gate( 1493)	 h q[10]
Gate( 1494)	 t q[11]
Gate( 1495)	 t q[8]
Gate( 1496)	 t q[10]
Gate( 1497)	cx q[8], q[11]
Gate( 1498)	cx q[10], q[8]
Gate( 1499)	cx q[11], q[10]
Gate( 1500)	tdg q[8]
Gate( 1501)	cx q[11], q[8]
Gate( 1502)	tdg q[11]
Gate( 1503)	tdg q[8]
Gate( 1504)	 t q[10]
Gate( 1505)	cx q[10], q[8]
Gate( 1506)	cx q[11], q[10]
Gate( 1507)	cx q[8], q[11]
Gate( 1508)	 h q[10]
Gate( 1509)	 h q[8]
Gate( 1510)	 t q[12]
Gate( 1511)	 t q[7]
Gate( 1512)	 t q[8]
Gate( 1513)	cx q[7], q[12]
Gate( 1514)	cx q[8], q[7]
Gate( 1515)	cx q[12], q[8]
Gate( 1516)	tdg q[7]
Gate( 1517)	cx q[12], q[7]
Gate( 1518)	tdg q[12]
Gate( 1519)	tdg q[7]
Gate( 1520)	 t q[8]
Gate( 1521)	cx q[8], q[7]
Gate( 1522)	cx q[12], q[8]
Gate( 1523)	cx q[7], q[12]
Gate( 1524)	 h q[8]
Gate( 1525)	 h q[7]
Gate( 1526)	 t q[14]
Gate( 1527)	 t q[13]
Gate( 1528)	 t q[7]
Gate( 1529)	cx q[13], q[14]
Gate( 1530)	cx q[7], q[13]
Gate( 1531)	cx q[14], q[7]
Gate( 1532)	tdg q[13]
Gate( 1533)	cx q[14], q[13]
Gate( 1534)	tdg q[14]
Gate( 1535)	tdg q[13]
Gate( 1536)	 t q[7]
Gate( 1537)	cx q[7], q[13]
Gate( 1538)	cx q[14], q[7]
Gate( 1539)	cx q[13], q[14]
Gate( 1540)	 h q[7]
Gate( 1541)	 h q[8]
Gate( 1542)	 t q[12]
Gate( 1543)	 t q[7]
Gate( 1544)	 t q[8]
Gate( 1545)	cx q[7], q[12]
Gate( 1546)	cx q[8], q[7]
Gate( 1547)	cx q[12], q[8]
Gate( 1548)	tdg q[7]
Gate( 1549)	cx q[12], q[7]
Gate( 1550)	tdg q[12]
Gate( 1551)	tdg q[7]
Gate( 1552)	 t q[8]
Gate( 1553)	cx q[8], q[7]
Gate( 1554)	cx q[12], q[8]
Gate( 1555)	cx q[7], q[12]
Gate( 1556)	 h q[8]
Gate( 1557)	 h q[10]
Gate( 1558)	 t q[11]
Gate( 1559)	 t q[8]
Gate( 1560)	 t q[10]
Gate( 1561)	cx q[8], q[11]
Gate( 1562)	cx q[10], q[8]
Gate( 1563)	cx q[11], q[10]
Gate( 1564)	tdg q[8]
Gate( 1565)	cx q[11], q[8]
Gate( 1566)	tdg q[11]
Gate( 1567)	tdg q[8]
Gate( 1568)	 t q[10]
Gate( 1569)	cx q[10], q[8]
Gate( 1570)	cx q[11], q[10]
Gate( 1571)	cx q[8], q[11]
Gate( 1572)	 h q[10]
Gate( 1573)	 h q[5]
Gate( 1574)	 t q[9]
Gate( 1575)	 t q[10]
Gate( 1576)	 t q[5]
Gate( 1577)	cx q[10], q[9]
Gate( 1578)	cx q[5], q[10]
Gate( 1579)	cx q[9], q[5]
Gate( 1580)	tdg q[10]
Gate( 1581)	cx q[9], q[10]
Gate( 1582)	tdg q[9]
Gate( 1583)	tdg q[10]
Gate( 1584)	 t q[5]
Gate( 1585)	cx q[5], q[10]
Gate( 1586)	cx q[9], q[5]
Gate( 1587)	cx q[10], q[9]
Gate( 1588)	 h q[5]
Gate( 1589)	 h q[10]
Gate( 1590)	 t q[11]
Gate( 1591)	 t q[8]
Gate( 1592)	 t q[10]
Gate( 1593)	cx q[8], q[11]
Gate( 1594)	cx q[10], q[8]
Gate( 1595)	cx q[11], q[10]
Gate( 1596)	tdg q[8]
Gate( 1597)	cx q[11], q[8]
Gate( 1598)	tdg q[11]
Gate( 1599)	tdg q[8]
Gate( 1600)	 t q[10]
Gate( 1601)	cx q[10], q[8]
Gate( 1602)	cx q[11], q[10]
Gate( 1603)	cx q[8], q[11]
Gate( 1604)	 h q[10]
Gate( 1605)	 h q[8]
Gate( 1606)	 t q[12]
Gate( 1607)	 t q[7]
Gate( 1608)	 t q[8]
Gate( 1609)	cx q[7], q[12]
Gate( 1610)	cx q[8], q[7]
Gate( 1611)	cx q[12], q[8]
Gate( 1612)	tdg q[7]
Gate( 1613)	cx q[12], q[7]
Gate( 1614)	tdg q[12]
Gate( 1615)	tdg q[7]
Gate( 1616)	 t q[8]
Gate( 1617)	cx q[8], q[7]
Gate( 1618)	cx q[12], q[8]
Gate( 1619)	cx q[7], q[12]
Gate( 1620)	 h q[8]
Gate( 1621)	 h q[7]
Gate( 1622)	 t q[14]
Gate( 1623)	 t q[13]
Gate( 1624)	 t q[7]
Gate( 1625)	cx q[13], q[14]
Gate( 1626)	cx q[7], q[13]
Gate( 1627)	cx q[14], q[7]
Gate( 1628)	tdg q[13]
Gate( 1629)	cx q[14], q[13]
Gate( 1630)	tdg q[14]
Gate( 1631)	tdg q[13]
Gate( 1632)	 t q[7]
Gate( 1633)	cx q[7], q[13]
Gate( 1634)	cx q[14], q[7]
Gate( 1635)	cx q[13], q[14]
Gate( 1636)	 h q[7]
Gate( 1637)	 h q[8]
Gate( 1638)	 t q[12]
Gate( 1639)	 t q[7]
Gate( 1640)	 t q[8]
Gate( 1641)	cx q[7], q[12]
Gate( 1642)	cx q[8], q[7]
Gate( 1643)	cx q[12], q[8]
Gate( 1644)	tdg q[7]
Gate( 1645)	cx q[12], q[7]
Gate( 1646)	tdg q[12]
Gate( 1647)	tdg q[7]
Gate( 1648)	 t q[8]
Gate( 1649)	cx q[8], q[7]
Gate( 1650)	cx q[12], q[8]
Gate( 1651)	cx q[7], q[12]
Gate( 1652)	 h q[8]
Gate( 1653)	 h q[10]
Gate( 1654)	 t q[11]
Gate( 1655)	 t q[8]
Gate( 1656)	 t q[10]
Gate( 1657)	cx q[8], q[11]
Gate( 1658)	cx q[10], q[8]
Gate( 1659)	cx q[11], q[10]
Gate( 1660)	tdg q[8]
Gate( 1661)	cx q[11], q[8]
Gate( 1662)	tdg q[11]
Gate( 1663)	tdg q[8]
Gate( 1664)	 t q[10]
Gate( 1665)	cx q[10], q[8]
Gate( 1666)	cx q[11], q[10]
Gate( 1667)	cx q[8], q[11]
Gate( 1668)	 h q[10]
Gate( 1669)	 h q[4]
Gate( 1670)	 t q[9]
Gate( 1671)	 t q[10]
Gate( 1672)	 t q[4]
Gate( 1673)	cx q[10], q[9]
Gate( 1674)	cx q[4], q[10]
Gate( 1675)	cx q[9], q[4]
Gate( 1676)	tdg q[10]
Gate( 1677)	cx q[9], q[10]
Gate( 1678)	tdg q[9]
Gate( 1679)	tdg q[10]
Gate( 1680)	 t q[4]
Gate( 1681)	cx q[4], q[10]
Gate( 1682)	cx q[9], q[4]
Gate( 1683)	cx q[10], q[9]
Gate( 1684)	 h q[4]
Gate( 1685)	 h q[10]
Gate( 1686)	 t q[11]
Gate( 1687)	 t q[8]
Gate( 1688)	 t q[10]
Gate( 1689)	cx q[8], q[11]
Gate( 1690)	cx q[10], q[8]
Gate( 1691)	cx q[11], q[10]
Gate( 1692)	tdg q[8]
Gate( 1693)	cx q[11], q[8]
Gate( 1694)	tdg q[11]
Gate( 1695)	tdg q[8]
Gate( 1696)	 t q[10]
Gate( 1697)	cx q[10], q[8]
Gate( 1698)	cx q[11], q[10]
Gate( 1699)	cx q[8], q[11]
Gate( 1700)	 h q[10]
Gate( 1701)	 h q[8]
Gate( 1702)	 t q[12]
Gate( 1703)	 t q[7]
Gate( 1704)	 t q[8]
Gate( 1705)	cx q[7], q[12]
Gate( 1706)	cx q[8], q[7]
Gate( 1707)	cx q[12], q[8]
Gate( 1708)	tdg q[7]
Gate( 1709)	cx q[12], q[7]
Gate( 1710)	tdg q[12]
Gate( 1711)	tdg q[7]
Gate( 1712)	 t q[8]
Gate( 1713)	cx q[8], q[7]
Gate( 1714)	cx q[12], q[8]
Gate( 1715)	cx q[7], q[12]
Gate( 1716)	 h q[8]
Gate( 1717)	 h q[7]
Gate( 1718)	 t q[14]
Gate( 1719)	 t q[13]
Gate( 1720)	 t q[7]
Gate( 1721)	cx q[13], q[14]
Gate( 1722)	cx q[7], q[13]
Gate( 1723)	cx q[14], q[7]
Gate( 1724)	tdg q[13]
Gate( 1725)	cx q[14], q[13]
Gate( 1726)	tdg q[14]
Gate( 1727)	tdg q[13]
Gate( 1728)	 t q[7]
Gate( 1729)	cx q[7], q[13]
Gate( 1730)	cx q[14], q[7]
Gate( 1731)	cx q[13], q[14]
Gate( 1732)	 h q[7]
Gate( 1733)	 h q[8]
Gate( 1734)	 t q[12]
Gate( 1735)	 t q[7]
Gate( 1736)	 t q[8]
Gate( 1737)	cx q[7], q[12]
Gate( 1738)	cx q[8], q[7]
Gate( 1739)	cx q[12], q[8]
Gate( 1740)	tdg q[7]
Gate( 1741)	cx q[12], q[7]
Gate( 1742)	tdg q[12]
Gate( 1743)	tdg q[7]
Gate( 1744)	 t q[8]
Gate( 1745)	cx q[8], q[7]
Gate( 1746)	cx q[12], q[8]
Gate( 1747)	cx q[7], q[12]
Gate( 1748)	 h q[8]
Gate( 1749)	 h q[10]
Gate( 1750)	 t q[11]
Gate( 1751)	 t q[8]
Gate( 1752)	 t q[10]
Gate( 1753)	cx q[8], q[11]
Gate( 1754)	cx q[10], q[8]
Gate( 1755)	cx q[11], q[10]
Gate( 1756)	tdg q[8]
Gate( 1757)	cx q[11], q[8]
Gate( 1758)	tdg q[11]
Gate( 1759)	tdg q[8]
Gate( 1760)	 t q[10]
Gate( 1761)	cx q[10], q[8]
Gate( 1762)	cx q[11], q[10]
Gate( 1763)	cx q[8], q[11]
Gate( 1764)	 h q[10]
Gate( 1765)	 h q[4]
Gate( 1766)	 t q[9]
Gate( 1767)	 t q[10]
Gate( 1768)	 t q[4]
Gate( 1769)	cx q[10], q[9]
Gate( 1770)	cx q[4], q[10]
Gate( 1771)	cx q[9], q[4]
Gate( 1772)	tdg q[10]
Gate( 1773)	cx q[9], q[10]
Gate( 1774)	tdg q[9]
Gate( 1775)	tdg q[10]
Gate( 1776)	 t q[4]
Gate( 1777)	cx q[4], q[10]
Gate( 1778)	cx q[9], q[4]
Gate( 1779)	cx q[10], q[9]
Gate( 1780)	 h q[4]
Gate( 1781)	 h q[10]
Gate( 1782)	 t q[11]
Gate( 1783)	 t q[8]
Gate( 1784)	 t q[10]
Gate( 1785)	cx q[8], q[11]
Gate( 1786)	cx q[10], q[8]
Gate( 1787)	cx q[11], q[10]
Gate( 1788)	tdg q[8]
Gate( 1789)	cx q[11], q[8]
Gate( 1790)	tdg q[11]
Gate( 1791)	tdg q[8]
Gate( 1792)	 t q[10]
Gate( 1793)	cx q[10], q[8]
Gate( 1794)	cx q[11], q[10]
Gate( 1795)	cx q[8], q[11]
Gate( 1796)	 h q[10]
Gate( 1797)	 h q[8]
Gate( 1798)	 t q[12]
Gate( 1799)	 t q[7]
Gate( 1800)	 t q[8]
Gate( 1801)	cx q[7], q[12]
Gate( 1802)	cx q[8], q[7]
Gate( 1803)	cx q[12], q[8]
Gate( 1804)	tdg q[7]
Gate( 1805)	cx q[12], q[7]
Gate( 1806)	tdg q[12]
Gate( 1807)	tdg q[7]
Gate( 1808)	 t q[8]
Gate( 1809)	cx q[8], q[7]
Gate( 1810)	cx q[12], q[8]
Gate( 1811)	cx q[7], q[12]
Gate( 1812)	 h q[8]
Gate( 1813)	 h q[7]
Gate( 1814)	 t q[14]
Gate( 1815)	 t q[13]
Gate( 1816)	 t q[7]
Gate( 1817)	cx q[13], q[14]
Gate( 1818)	cx q[7], q[13]
Gate( 1819)	cx q[14], q[7]
Gate( 1820)	tdg q[13]
Gate( 1821)	cx q[14], q[13]
Gate( 1822)	tdg q[14]
Gate( 1823)	tdg q[13]
Gate( 1824)	 t q[7]
Gate( 1825)	cx q[7], q[13]
Gate( 1826)	cx q[14], q[7]
Gate( 1827)	cx q[13], q[14]
Gate( 1828)	 h q[7]
Gate( 1829)	 h q[8]
Gate( 1830)	 t q[12]
Gate( 1831)	 t q[7]
Gate( 1832)	 t q[8]
Gate( 1833)	cx q[7], q[12]
Gate( 1834)	cx q[8], q[7]
Gate( 1835)	cx q[12], q[8]
Gate( 1836)	tdg q[7]
Gate( 1837)	cx q[12], q[7]
Gate( 1838)	tdg q[12]
Gate( 1839)	tdg q[7]
Gate( 1840)	 t q[8]
Gate( 1841)	cx q[8], q[7]
Gate( 1842)	cx q[12], q[8]
Gate( 1843)	cx q[7], q[12]
Gate( 1844)	 h q[8]
Gate( 1845)	 h q[10]
Gate( 1846)	 t q[11]
Gate( 1847)	 t q[8]
Gate( 1848)	 t q[10]
Gate( 1849)	cx q[8], q[11]
Gate( 1850)	cx q[10], q[8]
Gate( 1851)	cx q[11], q[10]
Gate( 1852)	tdg q[8]
Gate( 1853)	cx q[11], q[8]
Gate( 1854)	tdg q[11]
Gate( 1855)	tdg q[8]
Gate( 1856)	 t q[10]
Gate( 1857)	cx q[10], q[8]
Gate( 1858)	cx q[11], q[10]
Gate( 1859)	cx q[8], q[11]
Gate( 1860)	 h q[10]
Gate( 1861)	 h q[3]
Gate( 1862)	 t q[9]
Gate( 1863)	 t q[10]
Gate( 1864)	 t q[3]
Gate( 1865)	cx q[10], q[9]
Gate( 1866)	cx q[3], q[10]
Gate( 1867)	cx q[9], q[3]
Gate( 1868)	tdg q[10]
Gate( 1869)	cx q[9], q[10]
Gate( 1870)	tdg q[9]
Gate( 1871)	tdg q[10]
Gate( 1872)	 t q[3]
Gate( 1873)	cx q[3], q[10]
Gate( 1874)	cx q[9], q[3]
Gate( 1875)	cx q[10], q[9]
Gate( 1876)	 h q[3]
Gate( 1877)	 h q[10]
Gate( 1878)	 t q[11]
Gate( 1879)	 t q[8]
Gate( 1880)	 t q[10]
Gate( 1881)	cx q[8], q[11]
Gate( 1882)	cx q[10], q[8]
Gate( 1883)	cx q[11], q[10]
Gate( 1884)	tdg q[8]
Gate( 1885)	cx q[11], q[8]
Gate( 1886)	tdg q[11]
Gate( 1887)	tdg q[8]
Gate( 1888)	 t q[10]
Gate( 1889)	cx q[10], q[8]
Gate( 1890)	cx q[11], q[10]
Gate( 1891)	cx q[8], q[11]
Gate( 1892)	 h q[10]
Gate( 1893)	 h q[8]
Gate( 1894)	 t q[12]
Gate( 1895)	 t q[7]
Gate( 1896)	 t q[8]
Gate( 1897)	cx q[7], q[12]
Gate( 1898)	cx q[8], q[7]
Gate( 1899)	cx q[12], q[8]
Gate( 1900)	tdg q[7]
Gate( 1901)	cx q[12], q[7]
Gate( 1902)	tdg q[12]
Gate( 1903)	tdg q[7]
Gate( 1904)	 t q[8]
Gate( 1905)	cx q[8], q[7]
Gate( 1906)	cx q[12], q[8]
Gate( 1907)	cx q[7], q[12]
Gate( 1908)	 h q[8]
Gate( 1909)	 h q[7]
Gate( 1910)	 t q[14]
Gate( 1911)	 t q[13]
Gate( 1912)	 t q[7]
Gate( 1913)	cx q[13], q[14]
Gate( 1914)	cx q[7], q[13]
Gate( 1915)	cx q[14], q[7]
Gate( 1916)	tdg q[13]
Gate( 1917)	cx q[14], q[13]
Gate( 1918)	tdg q[14]
Gate( 1919)	tdg q[13]
Gate( 1920)	 t q[7]
Gate( 1921)	cx q[7], q[13]
Gate( 1922)	cx q[14], q[7]
Gate( 1923)	cx q[13], q[14]
Gate( 1924)	 h q[7]
Gate( 1925)	 h q[8]
Gate( 1926)	 t q[12]
Gate( 1927)	 t q[7]
Gate( 1928)	 t q[8]
Gate( 1929)	cx q[7], q[12]
Gate( 1930)	cx q[8], q[7]
Gate( 1931)	cx q[12], q[8]
Gate( 1932)	tdg q[7]
Gate( 1933)	cx q[12], q[7]
Gate( 1934)	tdg q[12]
Gate( 1935)	tdg q[7]
Gate( 1936)	 t q[8]
Gate( 1937)	cx q[8], q[7]
Gate( 1938)	cx q[12], q[8]
Gate( 1939)	cx q[7], q[12]
Gate( 1940)	 h q[8]
Gate( 1941)	 h q[10]
Gate( 1942)	 t q[11]
Gate( 1943)	 t q[8]
Gate( 1944)	 t q[10]
Gate( 1945)	cx q[8], q[11]
Gate( 1946)	cx q[10], q[8]
Gate( 1947)	cx q[11], q[10]
Gate( 1948)	tdg q[8]
Gate( 1949)	cx q[11], q[8]
Gate( 1950)	tdg q[11]
Gate( 1951)	tdg q[8]
Gate( 1952)	 t q[10]
Gate( 1953)	cx q[10], q[8]
Gate( 1954)	cx q[11], q[10]
Gate( 1955)	cx q[8], q[11]
Gate( 1956)	 h q[10]
Gate( 1957)	 h q[3]
Gate( 1958)	 t q[9]
Gate( 1959)	 t q[10]
Gate( 1960)	 t q[3]
Gate( 1961)	cx q[10], q[9]
Gate( 1962)	cx q[3], q[10]
Gate( 1963)	cx q[9], q[3]
Gate( 1964)	tdg q[10]
Gate( 1965)	cx q[9], q[10]
Gate( 1966)	tdg q[9]
Gate( 1967)	tdg q[10]
Gate( 1968)	 t q[3]
Gate( 1969)	cx q[3], q[10]
Gate( 1970)	cx q[9], q[3]
Gate( 1971)	cx q[10], q[9]
Gate( 1972)	 h q[3]
Gate( 1973)	 h q[10]
Gate( 1974)	 t q[11]
Gate( 1975)	 t q[8]
Gate( 1976)	 t q[10]
Gate( 1977)	cx q[8], q[11]
Gate( 1978)	cx q[10], q[8]
Gate( 1979)	cx q[11], q[10]
Gate( 1980)	tdg q[8]
Gate( 1981)	cx q[11], q[8]
Gate( 1982)	tdg q[11]
Gate( 1983)	tdg q[8]
Gate( 1984)	 t q[10]
Gate( 1985)	cx q[10], q[8]
Gate( 1986)	cx q[11], q[10]
Gate( 1987)	cx q[8], q[11]
Gate( 1988)	 h q[10]
Gate( 1989)	 h q[8]
Gate( 1990)	 t q[12]
Gate( 1991)	 t q[7]
Gate( 1992)	 t q[8]
Gate( 1993)	cx q[7], q[12]
Gate( 1994)	cx q[8], q[7]
Gate( 1995)	cx q[12], q[8]
Gate( 1996)	tdg q[7]
Gate( 1997)	cx q[12], q[7]
Gate( 1998)	tdg q[12]
Gate( 1999)	tdg q[7]
Gate( 2000)	 t q[8]
Gate( 2001)	cx q[8], q[7]
Gate( 2002)	cx q[12], q[8]
Gate( 2003)	cx q[7], q[12]
Gate( 2004)	 h q[8]
Gate( 2005)	 h q[7]
Gate( 2006)	 t q[14]
Gate( 2007)	 t q[13]
Gate( 2008)	 t q[7]
Gate( 2009)	cx q[13], q[14]
Gate( 2010)	cx q[7], q[13]
Gate( 2011)	cx q[14], q[7]
Gate( 2012)	tdg q[13]
Gate( 2013)	cx q[14], q[13]
Gate( 2014)	tdg q[14]
Gate( 2015)	tdg q[13]
Gate( 2016)	 t q[7]
Gate( 2017)	cx q[7], q[13]
Gate( 2018)	cx q[14], q[7]
Gate( 2019)	cx q[13], q[14]
Gate( 2020)	 h q[7]
Gate( 2021)	 h q[8]
Gate( 2022)	 t q[12]
Gate( 2023)	 t q[7]
Gate( 2024)	 t q[8]
Gate( 2025)	cx q[7], q[12]
Gate( 2026)	cx q[8], q[7]
Gate( 2027)	cx q[12], q[8]
Gate( 2028)	tdg q[7]
Gate( 2029)	cx q[12], q[7]
Gate( 2030)	tdg q[12]
Gate( 2031)	tdg q[7]
Gate( 2032)	 t q[8]
Gate( 2033)	cx q[8], q[7]
Gate( 2034)	cx q[12], q[8]
Gate( 2035)	cx q[7], q[12]
Gate( 2036)	 h q[8]
Gate( 2037)	 h q[10]
Gate( 2038)	 t q[11]
Gate( 2039)	 t q[8]
Gate( 2040)	 t q[10]
Gate( 2041)	cx q[8], q[11]
Gate( 2042)	cx q[10], q[8]
Gate( 2043)	cx q[11], q[10]
Gate( 2044)	tdg q[8]
Gate( 2045)	cx q[11], q[8]
Gate( 2046)	tdg q[11]
Gate( 2047)	tdg q[8]
Gate( 2048)	 t q[10]
Gate( 2049)	cx q[10], q[8]
Gate( 2050)	cx q[11], q[10]
Gate( 2051)	cx q[8], q[11]
Gate( 2052)	 h q[10]
Gate( 2053)	 h q[1]
Gate( 2054)	 t q[9]
Gate( 2055)	 t q[10]
Gate( 2056)	 t q[1]
Gate( 2057)	cx q[10], q[9]
Gate( 2058)	cx q[1], q[10]
Gate( 2059)	cx q[9], q[1]
Gate( 2060)	tdg q[10]
Gate( 2061)	cx q[9], q[10]
Gate( 2062)	tdg q[9]
Gate( 2063)	tdg q[10]
Gate( 2064)	 t q[1]
Gate( 2065)	cx q[1], q[10]
Gate( 2066)	cx q[9], q[1]
Gate( 2067)	cx q[10], q[9]
Gate( 2068)	 h q[1]
Gate( 2069)	 h q[10]
Gate( 2070)	 t q[11]
Gate( 2071)	 t q[8]
Gate( 2072)	 t q[10]
Gate( 2073)	cx q[8], q[11]
Gate( 2074)	cx q[10], q[8]
Gate( 2075)	cx q[11], q[10]
Gate( 2076)	tdg q[8]
Gate( 2077)	cx q[11], q[8]
Gate( 2078)	tdg q[11]
Gate( 2079)	tdg q[8]
Gate( 2080)	 t q[10]
Gate( 2081)	cx q[10], q[8]
Gate( 2082)	cx q[11], q[10]
Gate( 2083)	cx q[8], q[11]
Gate( 2084)	 h q[10]
Gate( 2085)	 h q[8]
Gate( 2086)	 t q[12]
Gate( 2087)	 t q[7]
Gate( 2088)	 t q[8]
Gate( 2089)	cx q[7], q[12]
Gate( 2090)	cx q[8], q[7]
Gate( 2091)	cx q[12], q[8]
Gate( 2092)	tdg q[7]
Gate( 2093)	cx q[12], q[7]
Gate( 2094)	tdg q[12]
Gate( 2095)	tdg q[7]
Gate( 2096)	 t q[8]
Gate( 2097)	cx q[8], q[7]
Gate( 2098)	cx q[12], q[8]
Gate( 2099)	cx q[7], q[12]
Gate( 2100)	 h q[8]
Gate( 2101)	 h q[7]
Gate( 2102)	 t q[14]
Gate( 2103)	 t q[13]
Gate( 2104)	 t q[7]
Gate( 2105)	cx q[13], q[14]
Gate( 2106)	cx q[7], q[13]
Gate( 2107)	cx q[14], q[7]
Gate( 2108)	tdg q[13]
Gate( 2109)	cx q[14], q[13]
Gate( 2110)	tdg q[14]
Gate( 2111)	tdg q[13]
Gate( 2112)	 t q[7]
Gate( 2113)	cx q[7], q[13]
Gate( 2114)	cx q[14], q[7]
Gate( 2115)	cx q[13], q[14]
Gate( 2116)	 h q[7]
Gate( 2117)	 h q[8]
Gate( 2118)	 t q[12]
Gate( 2119)	 t q[7]
Gate( 2120)	 t q[8]
Gate( 2121)	cx q[7], q[12]
Gate( 2122)	cx q[8], q[7]
Gate( 2123)	cx q[12], q[8]
Gate( 2124)	tdg q[7]
Gate( 2125)	cx q[12], q[7]
Gate( 2126)	tdg q[12]
Gate( 2127)	tdg q[7]
Gate( 2128)	 t q[8]
Gate( 2129)	cx q[8], q[7]
Gate( 2130)	cx q[12], q[8]
Gate( 2131)	cx q[7], q[12]
Gate( 2132)	 h q[8]
Gate( 2133)	 h q[10]
Gate( 2134)	 t q[11]
Gate( 2135)	 t q[8]
Gate( 2136)	 t q[10]
Gate( 2137)	cx q[8], q[11]
Gate( 2138)	cx q[10], q[8]
Gate( 2139)	cx q[11], q[10]
Gate( 2140)	tdg q[8]
Gate( 2141)	cx q[11], q[8]
Gate( 2142)	tdg q[11]
Gate( 2143)	tdg q[8]
Gate( 2144)	 t q[10]
Gate( 2145)	cx q[10], q[8]
Gate( 2146)	cx q[11], q[10]
Gate( 2147)	cx q[8], q[11]
Gate( 2148)	 h q[10]
Gate( 2149)	 h q[1]
Gate( 2150)	 t q[9]
Gate( 2151)	 t q[10]
Gate( 2152)	 t q[1]
Gate( 2153)	cx q[10], q[9]
Gate( 2154)	cx q[1], q[10]
Gate( 2155)	cx q[9], q[1]
Gate( 2156)	tdg q[10]
Gate( 2157)	cx q[9], q[10]
Gate( 2158)	tdg q[9]
Gate( 2159)	tdg q[10]
Gate( 2160)	 t q[1]
Gate( 2161)	cx q[1], q[10]
Gate( 2162)	cx q[9], q[1]
Gate( 2163)	cx q[10], q[9]
Gate( 2164)	 h q[1]
Gate( 2165)	 h q[10]
Gate( 2166)	 t q[11]
Gate( 2167)	 t q[8]
Gate( 2168)	 t q[10]
Gate( 2169)	cx q[8], q[11]
Gate( 2170)	cx q[10], q[8]
Gate( 2171)	cx q[11], q[10]
Gate( 2172)	tdg q[8]
Gate( 2173)	cx q[11], q[8]
Gate( 2174)	tdg q[11]
Gate( 2175)	tdg q[8]
Gate( 2176)	 t q[10]
Gate( 2177)	cx q[10], q[8]
Gate( 2178)	cx q[11], q[10]
Gate( 2179)	cx q[8], q[11]
Gate( 2180)	 h q[10]
Gate( 2181)	 h q[8]
Gate( 2182)	 t q[12]
Gate( 2183)	 t q[7]
Gate( 2184)	 t q[8]
Gate( 2185)	cx q[7], q[12]
Gate( 2186)	cx q[8], q[7]
Gate( 2187)	cx q[12], q[8]
Gate( 2188)	tdg q[7]
Gate( 2189)	cx q[12], q[7]
Gate( 2190)	tdg q[12]
Gate( 2191)	tdg q[7]
Gate( 2192)	 t q[8]
Gate( 2193)	cx q[8], q[7]
Gate( 2194)	cx q[12], q[8]
Gate( 2195)	cx q[7], q[12]
Gate( 2196)	 h q[8]
Gate( 2197)	 h q[7]
Gate( 2198)	 t q[14]
Gate( 2199)	 t q[13]
Gate( 2200)	 t q[7]
Gate( 2201)	cx q[13], q[14]
Gate( 2202)	cx q[7], q[13]
Gate( 2203)	cx q[14], q[7]
Gate( 2204)	tdg q[13]
Gate( 2205)	cx q[14], q[13]
Gate( 2206)	tdg q[14]
Gate( 2207)	tdg q[13]
Gate( 2208)	 t q[7]
Gate( 2209)	cx q[7], q[13]
Gate( 2210)	cx q[14], q[7]
Gate( 2211)	cx q[13], q[14]
Gate( 2212)	 h q[7]
Gate( 2213)	 h q[8]
Gate( 2214)	 t q[12]
Gate( 2215)	 t q[7]
Gate( 2216)	 t q[8]
Gate( 2217)	cx q[7], q[12]
Gate( 2218)	cx q[8], q[7]
Gate( 2219)	cx q[12], q[8]
Gate( 2220)	tdg q[7]
Gate( 2221)	cx q[12], q[7]
Gate( 2222)	tdg q[12]
Gate( 2223)	tdg q[7]
Gate( 2224)	 t q[8]
Gate( 2225)	cx q[8], q[7]
Gate( 2226)	cx q[12], q[8]
Gate( 2227)	cx q[7], q[12]
Gate( 2228)	 h q[8]
Gate( 2229)	 h q[10]
Gate( 2230)	 t q[11]
Gate( 2231)	 t q[8]
Gate( 2232)	 t q[10]
Gate( 2233)	cx q[8], q[11]
Gate( 2234)	cx q[10], q[8]
Gate( 2235)	cx q[11], q[10]
Gate( 2236)	tdg q[8]
Gate( 2237)	cx q[11], q[8]
Gate( 2238)	tdg q[11]
Gate( 2239)	tdg q[8]
Gate( 2240)	 t q[10]
Gate( 2241)	cx q[10], q[8]
Gate( 2242)	cx q[11], q[10]
Gate( 2243)	cx q[8], q[11]
Gate( 2244)	 h q[10]
Gate( 2245)	 h q[0]
Gate( 2246)	 t q[9]
Gate( 2247)	 t q[10]
Gate( 2248)	 t q[0]
Gate( 2249)	cx q[10], q[9]
Gate( 2250)	cx q[0], q[10]
Gate( 2251)	cx q[9], q[0]
Gate( 2252)	tdg q[10]
Gate( 2253)	cx q[9], q[10]
Gate( 2254)	tdg q[9]
Gate( 2255)	tdg q[10]
Gate( 2256)	 t q[0]
Gate( 2257)	cx q[0], q[10]
Gate( 2258)	cx q[9], q[0]
Gate( 2259)	cx q[10], q[9]
Gate( 2260)	 h q[0]
Gate( 2261)	 h q[10]
Gate( 2262)	 t q[11]
Gate( 2263)	 t q[8]
Gate( 2264)	 t q[10]
Gate( 2265)	cx q[8], q[11]
Gate( 2266)	cx q[10], q[8]
Gate( 2267)	cx q[11], q[10]
Gate( 2268)	tdg q[8]
Gate( 2269)	cx q[11], q[8]
Gate( 2270)	tdg q[11]
Gate( 2271)	tdg q[8]
Gate( 2272)	 t q[10]
Gate( 2273)	cx q[10], q[8]
Gate( 2274)	cx q[11], q[10]
Gate( 2275)	cx q[8], q[11]
Gate( 2276)	 h q[10]
Gate( 2277)	 h q[8]
Gate( 2278)	 t q[12]
Gate( 2279)	 t q[7]
Gate( 2280)	 t q[8]
Gate( 2281)	cx q[7], q[12]
Gate( 2282)	cx q[8], q[7]
Gate( 2283)	cx q[12], q[8]
Gate( 2284)	tdg q[7]
Gate( 2285)	cx q[12], q[7]
Gate( 2286)	tdg q[12]
Gate( 2287)	tdg q[7]
Gate( 2288)	 t q[8]
Gate( 2289)	cx q[8], q[7]
Gate( 2290)	cx q[12], q[8]
Gate( 2291)	cx q[7], q[12]
Gate( 2292)	 h q[8]
Gate( 2293)	 h q[7]
Gate( 2294)	 t q[14]
Gate( 2295)	 t q[13]
Gate( 2296)	 t q[7]
Gate( 2297)	cx q[13], q[14]
Gate( 2298)	cx q[7], q[13]
Gate( 2299)	cx q[14], q[7]
Gate( 2300)	tdg q[13]
Gate( 2301)	cx q[14], q[13]
Gate( 2302)	tdg q[14]
Gate( 2303)	tdg q[13]
Gate( 2304)	 t q[7]
Gate( 2305)	cx q[7], q[13]
Gate( 2306)	cx q[14], q[7]
Gate( 2307)	cx q[13], q[14]
Gate( 2308)	 h q[7]
Gate( 2309)	 h q[8]
Gate( 2310)	 t q[12]
Gate( 2311)	 t q[7]
Gate( 2312)	 t q[8]
Gate( 2313)	cx q[7], q[12]
Gate( 2314)	cx q[8], q[7]
Gate( 2315)	cx q[12], q[8]
Gate( 2316)	tdg q[7]
Gate( 2317)	cx q[12], q[7]
Gate( 2318)	tdg q[12]
Gate( 2319)	tdg q[7]
Gate( 2320)	 t q[8]
Gate( 2321)	cx q[8], q[7]
Gate( 2322)	cx q[12], q[8]
Gate( 2323)	cx q[7], q[12]
Gate( 2324)	 h q[8]
Gate( 2325)	 h q[10]
Gate( 2326)	 t q[11]
Gate( 2327)	 t q[8]
Gate( 2328)	 t q[10]
Gate( 2329)	cx q[8], q[11]
Gate( 2330)	cx q[10], q[8]
Gate( 2331)	cx q[11], q[10]
Gate( 2332)	tdg q[8]
Gate( 2333)	cx q[11], q[8]
Gate( 2334)	tdg q[11]
Gate( 2335)	tdg q[8]
Gate( 2336)	 t q[10]
Gate( 2337)	cx q[10], q[8]
Gate( 2338)	cx q[11], q[10]
Gate( 2339)	cx q[8], q[11]
Gate( 2340)	 h q[10]
Gate( 2341)	 h q[0]
Gate( 2342)	 t q[9]
Gate( 2343)	 t q[10]
Gate( 2344)	 t q[0]
Gate( 2345)	cx q[10], q[9]
Gate( 2346)	cx q[0], q[10]
Gate( 2347)	cx q[9], q[0]
Gate( 2348)	tdg q[10]
Gate( 2349)	cx q[9], q[10]
Gate( 2350)	tdg q[9]
Gate( 2351)	tdg q[10]
Gate( 2352)	 t q[0]
Gate( 2353)	cx q[0], q[10]
Gate( 2354)	cx q[9], q[0]
Gate( 2355)	cx q[10], q[9]
Gate( 2356)	 h q[0]
Gate( 2357)	 h q[10]
Gate( 2358)	 t q[11]
Gate( 2359)	 t q[8]
Gate( 2360)	 t q[10]
Gate( 2361)	cx q[8], q[11]
Gate( 2362)	cx q[10], q[8]
Gate( 2363)	cx q[11], q[10]
Gate( 2364)	tdg q[8]
Gate( 2365)	cx q[11], q[8]
Gate( 2366)	tdg q[11]
Gate( 2367)	tdg q[8]
Gate( 2368)	 t q[10]
Gate( 2369)	cx q[10], q[8]
Gate( 2370)	cx q[11], q[10]
Gate( 2371)	cx q[8], q[11]
Gate( 2372)	 h q[10]
Gate( 2373)	 h q[8]
Gate( 2374)	 t q[12]
Gate( 2375)	 t q[7]
Gate( 2376)	 t q[8]
Gate( 2377)	cx q[7], q[12]
Gate( 2378)	cx q[8], q[7]
Gate( 2379)	cx q[12], q[8]
Gate( 2380)	tdg q[7]
Gate( 2381)	cx q[12], q[7]
Gate( 2382)	tdg q[12]
Gate( 2383)	tdg q[7]
Gate( 2384)	 t q[8]
Gate( 2385)	cx q[8], q[7]
Gate( 2386)	cx q[12], q[8]
Gate( 2387)	cx q[7], q[12]
Gate( 2388)	 h q[8]
Gate( 2389)	 h q[7]
Gate( 2390)	 t q[14]
Gate( 2391)	 t q[13]
Gate( 2392)	 t q[7]
Gate( 2393)	cx q[13], q[14]
Gate( 2394)	cx q[7], q[13]
Gate( 2395)	cx q[14], q[7]
Gate( 2396)	tdg q[13]
Gate( 2397)	cx q[14], q[13]
Gate( 2398)	tdg q[14]
Gate( 2399)	tdg q[13]
Gate( 2400)	 t q[7]
Gate( 2401)	cx q[7], q[13]
Gate( 2402)	cx q[14], q[7]
Gate( 2403)	cx q[13], q[14]
Gate( 2404)	 h q[7]
Gate( 2405)	 h q[8]
Gate( 2406)	 t q[12]
Gate( 2407)	 t q[7]
Gate( 2408)	 t q[8]
Gate( 2409)	cx q[7], q[12]
Gate( 2410)	cx q[8], q[7]
Gate( 2411)	cx q[12], q[8]
Gate( 2412)	tdg q[7]
Gate( 2413)	cx q[12], q[7]
Gate( 2414)	tdg q[12]
Gate( 2415)	tdg q[7]
Gate( 2416)	 t q[8]
Gate( 2417)	cx q[8], q[7]
Gate( 2418)	cx q[12], q[8]
Gate( 2419)	cx q[7], q[12]
Gate( 2420)	 h q[8]
Gate( 2421)	 h q[10]
Gate( 2422)	 t q[11]
Gate( 2423)	 t q[8]
Gate( 2424)	 t q[10]
Gate( 2425)	cx q[8], q[11]
Gate( 2426)	cx q[10], q[8]
Gate( 2427)	cx q[11], q[10]
Gate( 2428)	tdg q[8]
Gate( 2429)	cx q[11], q[8]
Gate( 2430)	tdg q[11]
Gate( 2431)	tdg q[8]
Gate( 2432)	 t q[10]
Gate( 2433)	cx q[10], q[8]
Gate( 2434)	cx q[11], q[10]
Gate( 2435)	cx q[8], q[11]
Gate( 2436)	 h q[10]
Gate( 2437)	 h q[5]
Gate( 2438)	 t q[11]
Gate( 2439)	 t q[12]
Gate( 2440)	 t q[5]
Gate( 2441)	cx q[12], q[11]
Gate( 2442)	cx q[5], q[12]
Gate( 2443)	cx q[11], q[5]
Gate( 2444)	tdg q[12]
Gate( 2445)	cx q[11], q[12]
Gate( 2446)	tdg q[11]
Gate( 2447)	tdg q[12]
Gate( 2448)	 t q[5]
Gate( 2449)	cx q[5], q[12]
Gate( 2450)	cx q[11], q[5]
Gate( 2451)	cx q[12], q[11]
Gate( 2452)	 h q[5]
Gate( 2453)	 h q[12]
Gate( 2454)	 t q[14]
Gate( 2455)	 t q[13]
Gate( 2456)	 t q[12]
Gate( 2457)	cx q[13], q[14]
Gate( 2458)	cx q[12], q[13]
Gate( 2459)	cx q[14], q[12]
Gate( 2460)	tdg q[13]
Gate( 2461)	cx q[14], q[13]
Gate( 2462)	tdg q[14]
Gate( 2463)	tdg q[13]
Gate( 2464)	 t q[12]
Gate( 2465)	cx q[12], q[13]
Gate( 2466)	cx q[14], q[12]
Gate( 2467)	cx q[13], q[14]
Gate( 2468)	 h q[12]
Gate( 2469)	 h q[5]
Gate( 2470)	 t q[11]
Gate( 2471)	 t q[12]
Gate( 2472)	 t q[5]
Gate( 2473)	cx q[12], q[11]
Gate( 2474)	cx q[5], q[12]
Gate( 2475)	cx q[11], q[5]
Gate( 2476)	tdg q[12]
Gate( 2477)	cx q[11], q[12]
Gate( 2478)	tdg q[11]
Gate( 2479)	tdg q[12]
Gate( 2480)	 t q[5]
Gate( 2481)	cx q[5], q[12]
Gate( 2482)	cx q[11], q[5]
Gate( 2483)	cx q[12], q[11]
Gate( 2484)	 h q[5]
Gate( 2485)	 h q[12]
Gate( 2486)	 t q[14]
Gate( 2487)	 t q[13]
Gate( 2488)	 t q[12]
Gate( 2489)	cx q[13], q[14]
Gate( 2490)	cx q[12], q[13]
Gate( 2491)	cx q[14], q[12]
Gate( 2492)	tdg q[13]
Gate( 2493)	cx q[14], q[13]
Gate( 2494)	tdg q[14]
Gate( 2495)	tdg q[13]
Gate( 2496)	 t q[12]
Gate( 2497)	cx q[12], q[13]
Gate( 2498)	cx q[14], q[12]
Gate( 2499)	cx q[13], q[14]
Gate( 2500)	 h q[12]
Gate( 2501)	 h q[4]
Gate( 2502)	 t q[11]
Gate( 2503)	 t q[12]
Gate( 2504)	 t q[4]
Gate( 2505)	cx q[12], q[11]
Gate( 2506)	cx q[4], q[12]
Gate( 2507)	cx q[11], q[4]
Gate( 2508)	tdg q[12]
Gate( 2509)	cx q[11], q[12]
Gate( 2510)	tdg q[11]
Gate( 2511)	tdg q[12]
Gate( 2512)	 t q[4]
Gate( 2513)	cx q[4], q[12]
Gate( 2514)	cx q[11], q[4]
Gate( 2515)	cx q[12], q[11]
Gate( 2516)	 h q[4]
Gate( 2517)	 h q[12]
Gate( 2518)	 t q[14]
Gate( 2519)	 t q[13]
Gate( 2520)	 t q[12]
Gate( 2521)	cx q[13], q[14]
Gate( 2522)	cx q[12], q[13]
Gate( 2523)	cx q[14], q[12]
Gate( 2524)	tdg q[13]
Gate( 2525)	cx q[14], q[13]
Gate( 2526)	tdg q[14]
Gate( 2527)	tdg q[13]
Gate( 2528)	 t q[12]
Gate( 2529)	cx q[12], q[13]
Gate( 2530)	cx q[14], q[12]
Gate( 2531)	cx q[13], q[14]
Gate( 2532)	 h q[12]
Gate( 2533)	 h q[4]
Gate( 2534)	 t q[11]
Gate( 2535)	 t q[12]
Gate( 2536)	 t q[4]
Gate( 2537)	cx q[12], q[11]
Gate( 2538)	cx q[4], q[12]
Gate( 2539)	cx q[11], q[4]
Gate( 2540)	tdg q[12]
Gate( 2541)	cx q[11], q[12]
Gate( 2542)	tdg q[11]
Gate( 2543)	tdg q[12]
Gate( 2544)	 t q[4]
Gate( 2545)	cx q[4], q[12]
Gate( 2546)	cx q[11], q[4]
Gate( 2547)	cx q[12], q[11]
Gate( 2548)	 h q[4]
Gate( 2549)	 h q[12]
Gate( 2550)	 t q[14]
Gate( 2551)	 t q[13]
Gate( 2552)	 t q[12]
Gate( 2553)	cx q[13], q[14]
Gate( 2554)	cx q[12], q[13]
Gate( 2555)	cx q[14], q[12]
Gate( 2556)	tdg q[13]
Gate( 2557)	cx q[14], q[13]
Gate( 2558)	tdg q[14]
Gate( 2559)	tdg q[13]
Gate( 2560)	 t q[12]
Gate( 2561)	cx q[12], q[13]
Gate( 2562)	cx q[14], q[12]
Gate( 2563)	cx q[13], q[14]
Gate( 2564)	 h q[12]
Gate( 2565)	 h q[3]
Gate( 2566)	 t q[11]
Gate( 2567)	 t q[12]
Gate( 2568)	 t q[3]
Gate( 2569)	cx q[12], q[11]
Gate( 2570)	cx q[3], q[12]
Gate( 2571)	cx q[11], q[3]
Gate( 2572)	tdg q[12]
Gate( 2573)	cx q[11], q[12]
Gate( 2574)	tdg q[11]
Gate( 2575)	tdg q[12]
Gate( 2576)	 t q[3]
Gate( 2577)	cx q[3], q[12]
Gate( 2578)	cx q[11], q[3]
Gate( 2579)	cx q[12], q[11]
Gate( 2580)	 h q[3]
Gate( 2581)	 h q[12]
Gate( 2582)	 t q[14]
Gate( 2583)	 t q[13]
Gate( 2584)	 t q[12]
Gate( 2585)	cx q[13], q[14]
Gate( 2586)	cx q[12], q[13]
Gate( 2587)	cx q[14], q[12]
Gate( 2588)	tdg q[13]
Gate( 2589)	cx q[14], q[13]
Gate( 2590)	tdg q[14]
Gate( 2591)	tdg q[13]
Gate( 2592)	 t q[12]
Gate( 2593)	cx q[12], q[13]
Gate( 2594)	cx q[14], q[12]
Gate( 2595)	cx q[13], q[14]
Gate( 2596)	 h q[12]
Gate( 2597)	 h q[3]
Gate( 2598)	 t q[11]
Gate( 2599)	 t q[12]
Gate( 2600)	 t q[3]
Gate( 2601)	cx q[12], q[11]
Gate( 2602)	cx q[3], q[12]
Gate( 2603)	cx q[11], q[3]
Gate( 2604)	tdg q[12]
Gate( 2605)	cx q[11], q[12]
Gate( 2606)	tdg q[11]
Gate( 2607)	tdg q[12]
Gate( 2608)	 t q[3]
Gate( 2609)	cx q[3], q[12]
Gate( 2610)	cx q[11], q[3]
Gate( 2611)	cx q[12], q[11]
Gate( 2612)	 h q[3]
Gate( 2613)	 h q[12]
Gate( 2614)	 t q[14]
Gate( 2615)	 t q[13]
Gate( 2616)	 t q[12]
Gate( 2617)	cx q[13], q[14]
Gate( 2618)	cx q[12], q[13]
Gate( 2619)	cx q[14], q[12]
Gate( 2620)	tdg q[13]
Gate( 2621)	cx q[14], q[13]
Gate( 2622)	tdg q[14]
Gate( 2623)	tdg q[13]
Gate( 2624)	 t q[12]
Gate( 2625)	cx q[12], q[13]
Gate( 2626)	cx q[14], q[12]
Gate( 2627)	cx q[13], q[14]
Gate( 2628)	 h q[12]
Gate( 2629)	 h q[1]
Gate( 2630)	 t q[11]
Gate( 2631)	 t q[12]
Gate( 2632)	 t q[1]
Gate( 2633)	cx q[12], q[11]
Gate( 2634)	cx q[1], q[12]
Gate( 2635)	cx q[11], q[1]
Gate( 2636)	tdg q[12]
Gate( 2637)	cx q[11], q[12]
Gate( 2638)	tdg q[11]
Gate( 2639)	tdg q[12]
Gate( 2640)	 t q[1]
Gate( 2641)	cx q[1], q[12]
Gate( 2642)	cx q[11], q[1]
Gate( 2643)	cx q[12], q[11]
Gate( 2644)	 h q[1]
Gate( 2645)	 h q[12]
Gate( 2646)	 t q[14]
Gate( 2647)	 t q[13]
Gate( 2648)	 t q[12]
Gate( 2649)	cx q[13], q[14]
Gate( 2650)	cx q[12], q[13]
Gate( 2651)	cx q[14], q[12]
Gate( 2652)	tdg q[13]
Gate( 2653)	cx q[14], q[13]
Gate( 2654)	tdg q[14]
Gate( 2655)	tdg q[13]
Gate( 2656)	 t q[12]
Gate( 2657)	cx q[12], q[13]
Gate( 2658)	cx q[14], q[12]
Gate( 2659)	cx q[13], q[14]
Gate( 2660)	 h q[12]
Gate( 2661)	 h q[1]
Gate( 2662)	 t q[11]
Gate( 2663)	 t q[12]
Gate( 2664)	 t q[1]
Gate( 2665)	cx q[12], q[11]
Gate( 2666)	cx q[1], q[12]
Gate( 2667)	cx q[11], q[1]
Gate( 2668)	tdg q[12]
Gate( 2669)	cx q[11], q[12]
Gate( 2670)	tdg q[11]
Gate( 2671)	tdg q[12]
Gate( 2672)	 t q[1]
Gate( 2673)	cx q[1], q[12]
Gate( 2674)	cx q[11], q[1]
Gate( 2675)	cx q[12], q[11]
Gate( 2676)	 h q[1]
Gate( 2677)	 h q[12]
Gate( 2678)	 t q[14]
Gate( 2679)	 t q[13]
Gate( 2680)	 t q[12]
Gate( 2681)	cx q[13], q[14]
Gate( 2682)	cx q[12], q[13]
Gate( 2683)	cx q[14], q[12]
Gate( 2684)	tdg q[13]
Gate( 2685)	cx q[14], q[13]
Gate( 2686)	tdg q[14]
Gate( 2687)	tdg q[13]
Gate( 2688)	 t q[12]
Gate( 2689)	cx q[12], q[13]
Gate( 2690)	cx q[14], q[12]
Gate( 2691)	cx q[13], q[14]
Gate( 2692)	 h q[12]
Gate( 2693)	 h q[0]
Gate( 2694)	 t q[11]
Gate( 2695)	 t q[12]
Gate( 2696)	 t q[0]
Gate( 2697)	cx q[12], q[11]
Gate( 2698)	cx q[0], q[12]
Gate( 2699)	cx q[11], q[0]
Gate( 2700)	tdg q[12]
Gate( 2701)	cx q[11], q[12]
Gate( 2702)	tdg q[11]
Gate( 2703)	tdg q[12]
Gate( 2704)	 t q[0]
Gate( 2705)	cx q[0], q[12]
Gate( 2706)	cx q[11], q[0]
Gate( 2707)	cx q[12], q[11]
Gate( 2708)	 h q[0]
Gate( 2709)	 h q[12]
Gate( 2710)	 t q[14]
Gate( 2711)	 t q[13]
Gate( 2712)	 t q[12]
Gate( 2713)	cx q[13], q[14]
Gate( 2714)	cx q[12], q[13]
Gate( 2715)	cx q[14], q[12]
Gate( 2716)	tdg q[13]
Gate( 2717)	cx q[14], q[13]
Gate( 2718)	tdg q[14]
Gate( 2719)	tdg q[13]
Gate( 2720)	 t q[12]
Gate( 2721)	cx q[12], q[13]
Gate( 2722)	cx q[14], q[12]
Gate( 2723)	cx q[13], q[14]
Gate( 2724)	 h q[12]
Gate( 2725)	 h q[0]
Gate( 2726)	 t q[11]
Gate( 2727)	 t q[12]
Gate( 2728)	 t q[0]
Gate( 2729)	cx q[12], q[11]
Gate( 2730)	cx q[0], q[12]
Gate( 2731)	cx q[11], q[0]
Gate( 2732)	tdg q[12]
Gate( 2733)	cx q[11], q[12]
Gate( 2734)	tdg q[11]
Gate( 2735)	tdg q[12]
Gate( 2736)	 t q[0]
Gate( 2737)	cx q[0], q[12]
Gate( 2738)	cx q[11], q[0]
Gate( 2739)	cx q[12], q[11]
Gate( 2740)	 h q[0]
Gate( 2741)	 h q[12]
Gate( 2742)	 t q[14]
Gate( 2743)	 t q[13]
Gate( 2744)	 t q[12]
Gate( 2745)	cx q[13], q[14]
Gate( 2746)	cx q[12], q[13]
Gate( 2747)	cx q[14], q[12]
Gate( 2748)	tdg q[13]
Gate( 2749)	cx q[14], q[13]
Gate( 2750)	tdg q[14]
Gate( 2751)	tdg q[13]
Gate( 2752)	 t q[12]
Gate( 2753)	cx q[12], q[13]
Gate( 2754)	cx q[14], q[12]
Gate( 2755)	cx q[13], q[14]
Gate( 2756)	 h q[12]
Gate( 2757)	 x q[11]
Gate( 2758)	 x q[12]
Gate( 2759)	 h q[4]
Gate( 2760)	 t q[11]
Gate( 2761)	 t q[13]
Gate( 2762)	 t q[4]
Gate( 2763)	cx q[13], q[11]
Gate( 2764)	cx q[4], q[13]
Gate( 2765)	cx q[11], q[4]
Gate( 2766)	tdg q[13]
Gate( 2767)	cx q[11], q[13]
Gate( 2768)	tdg q[11]
Gate( 2769)	tdg q[13]
Gate( 2770)	 t q[4]
Gate( 2771)	cx q[4], q[13]
Gate( 2772)	cx q[11], q[4]
Gate( 2773)	cx q[13], q[11]
Gate( 2774)	 h q[4]
Gate( 2775)	 h q[13]
Gate( 2776)	 t q[14]
Gate( 2777)	 t q[12]
Gate( 2778)	 t q[13]
Gate( 2779)	cx q[12], q[14]
Gate( 2780)	cx q[13], q[12]
Gate( 2781)	cx q[14], q[13]
Gate( 2782)	tdg q[12]
Gate( 2783)	cx q[14], q[12]
Gate( 2784)	tdg q[14]
Gate( 2785)	tdg q[12]
Gate( 2786)	 t q[13]
Gate( 2787)	cx q[13], q[12]
Gate( 2788)	cx q[14], q[13]
Gate( 2789)	cx q[12], q[14]
Gate( 2790)	 h q[13]
Gate( 2791)	 h q[4]
Gate( 2792)	 t q[11]
Gate( 2793)	 t q[13]
Gate( 2794)	 t q[4]
Gate( 2795)	cx q[13], q[11]
Gate( 2796)	cx q[4], q[13]
Gate( 2797)	cx q[11], q[4]
Gate( 2798)	tdg q[13]
Gate( 2799)	cx q[11], q[13]
Gate( 2800)	tdg q[11]
Gate( 2801)	tdg q[13]
Gate( 2802)	 t q[4]
Gate( 2803)	cx q[4], q[13]
Gate( 2804)	cx q[11], q[4]
Gate( 2805)	cx q[13], q[11]
Gate( 2806)	 h q[4]
Gate( 2807)	 h q[13]
Gate( 2808)	 t q[14]
Gate( 2809)	 t q[12]
Gate( 2810)	 t q[13]
Gate( 2811)	cx q[12], q[14]
Gate( 2812)	cx q[13], q[12]
Gate( 2813)	cx q[14], q[13]
Gate( 2814)	tdg q[12]
Gate( 2815)	cx q[14], q[12]
Gate( 2816)	tdg q[14]
Gate( 2817)	tdg q[12]
Gate( 2818)	 t q[13]
Gate( 2819)	cx q[13], q[12]
Gate( 2820)	cx q[14], q[13]
Gate( 2821)	cx q[12], q[14]
Gate( 2822)	 h q[13]
Gate( 2823)	 h q[5]
Gate( 2824)	 t q[14]
Gate( 2825)	 t q[12]
Gate( 2826)	 t q[5]
Gate( 2827)	cx q[12], q[14]
Gate( 2828)	cx q[5], q[12]
Gate( 2829)	cx q[14], q[5]
Gate( 2830)	tdg q[12]
Gate( 2831)	cx q[14], q[12]
Gate( 2832)	tdg q[14]
Gate( 2833)	tdg q[12]
Gate( 2834)	 t q[5]
Gate( 2835)	cx q[5], q[12]
Gate( 2836)	cx q[14], q[5]
Gate( 2837)	cx q[12], q[14]
Gate( 2838)	 h q[5]
Gate( 2839)	 h q[2]
Gate( 2840)	 t q[14]
Gate( 2841)	 t q[12]
Gate( 2842)	 t q[2]
Gate( 2843)	cx q[12], q[14]
Gate( 2844)	cx q[2], q[12]
Gate( 2845)	cx q[14], q[2]
Gate( 2846)	tdg q[12]
Gate( 2847)	cx q[14], q[12]
Gate( 2848)	tdg q[14]
Gate( 2849)	tdg q[12]
Gate( 2850)	 t q[2]
Gate( 2851)	cx q[2], q[12]
Gate( 2852)	cx q[14], q[2]
Gate( 2853)	cx q[12], q[14]
Gate( 2854)	 h q[2]
Gate( 2855)	 h q[1]
Gate( 2856)	 t q[14]
Gate( 2857)	 t q[12]
Gate( 2858)	 t q[1]
Gate( 2859)	cx q[12], q[14]
Gate( 2860)	cx q[1], q[12]
Gate( 2861)	cx q[14], q[1]
Gate( 2862)	tdg q[12]
Gate( 2863)	cx q[14], q[12]
Gate( 2864)	tdg q[14]
Gate( 2865)	tdg q[12]
Gate( 2866)	 t q[1]
Gate( 2867)	cx q[1], q[12]
Gate( 2868)	cx q[14], q[1]
Gate( 2869)	cx q[12], q[14]
Gate( 2870)	 h q[1]
Gate( 2871)	 h q[0]
Gate( 2872)	 t q[14]
Gate( 2873)	 t q[12]
Gate( 2874)	 t q[0]
Gate( 2875)	cx q[12], q[14]
Gate( 2876)	cx q[0], q[12]
Gate( 2877)	cx q[14], q[0]
Gate( 2878)	tdg q[12]
Gate( 2879)	cx q[14], q[12]
Gate( 2880)	tdg q[14]
Gate( 2881)	tdg q[12]
Gate( 2882)	 t q[0]
Gate( 2883)	cx q[0], q[12]
Gate( 2884)	cx q[14], q[0]
Gate( 2885)	cx q[12], q[14]
Gate( 2886)	 h q[0]
Gate( 2887)	 h q[5]
Gate( 2888)	 t q[11]
Gate( 2889)	 t q[14]
Gate( 2890)	 t q[5]
Gate( 2891)	cx q[14], q[11]
Gate( 2892)	cx q[5], q[14]
Gate( 2893)	cx q[11], q[5]
Gate( 2894)	tdg q[14]
Gate( 2895)	cx q[11], q[14]
Gate( 2896)	tdg q[11]
Gate( 2897)	tdg q[14]
Gate( 2898)	 t q[5]
Gate( 2899)	cx q[5], q[14]
Gate( 2900)	cx q[11], q[5]
Gate( 2901)	cx q[14], q[11]
Gate( 2902)	 h q[5]
Gate( 2903)	 h q[14]
Gate( 2904)	 t q[13]
Gate( 2905)	 t q[12]
Gate( 2906)	 t q[14]
Gate( 2907)	cx q[12], q[13]
Gate( 2908)	cx q[14], q[12]
Gate( 2909)	cx q[13], q[14]
Gate( 2910)	tdg q[12]
Gate( 2911)	cx q[13], q[12]
Gate( 2912)	tdg q[13]
Gate( 2913)	tdg q[12]
Gate( 2914)	 t q[14]
Gate( 2915)	cx q[14], q[12]
Gate( 2916)	cx q[13], q[14]
Gate( 2917)	cx q[12], q[13]
Gate( 2918)	 h q[14]
Gate( 2919)	 h q[5]
Gate( 2920)	 t q[11]
Gate( 2921)	 t q[14]
Gate( 2922)	 t q[5]
Gate( 2923)	cx q[14], q[11]
Gate( 2924)	cx q[5], q[14]
Gate( 2925)	cx q[11], q[5]
Gate( 2926)	tdg q[14]
Gate( 2927)	cx q[11], q[14]
Gate( 2928)	tdg q[11]
Gate( 2929)	tdg q[14]
Gate( 2930)	 t q[5]
Gate( 2931)	cx q[5], q[14]
Gate( 2932)	cx q[11], q[5]
Gate( 2933)	cx q[14], q[11]
Gate( 2934)	 h q[5]
Gate( 2935)	 h q[14]
Gate( 2936)	 t q[13]
Gate( 2937)	 t q[12]
Gate( 2938)	 t q[14]
Gate( 2939)	cx q[12], q[13]
Gate( 2940)	cx q[14], q[12]
Gate( 2941)	cx q[13], q[14]
Gate( 2942)	tdg q[12]
Gate( 2943)	cx q[13], q[12]
Gate( 2944)	tdg q[13]
Gate( 2945)	tdg q[12]
Gate( 2946)	 t q[14]
Gate( 2947)	cx q[14], q[12]
Gate( 2948)	cx q[13], q[14]
Gate( 2949)	cx q[12], q[13]
Gate( 2950)	 h q[14]
Gate( 2951)	 h q[4]
Gate( 2952)	 t q[11]
Gate( 2953)	 t q[14]
Gate( 2954)	 t q[4]
Gate( 2955)	cx q[14], q[11]
Gate( 2956)	cx q[4], q[14]
Gate( 2957)	cx q[11], q[4]
Gate( 2958)	tdg q[14]
Gate( 2959)	cx q[11], q[14]
Gate( 2960)	tdg q[11]
Gate( 2961)	tdg q[14]
Gate( 2962)	 t q[4]
Gate( 2963)	cx q[4], q[14]
Gate( 2964)	cx q[11], q[4]
Gate( 2965)	cx q[14], q[11]
Gate( 2966)	 h q[4]
Gate( 2967)	 h q[14]
Gate( 2968)	 t q[13]
Gate( 2969)	 t q[12]
Gate( 2970)	 t q[14]
Gate( 2971)	cx q[12], q[13]
Gate( 2972)	cx q[14], q[12]
Gate( 2973)	cx q[13], q[14]
Gate( 2974)	tdg q[12]
Gate( 2975)	cx q[13], q[12]
Gate( 2976)	tdg q[13]
Gate( 2977)	tdg q[12]
Gate( 2978)	 t q[14]
Gate( 2979)	cx q[14], q[12]
Gate( 2980)	cx q[13], q[14]
Gate( 2981)	cx q[12], q[13]
Gate( 2982)	 h q[14]
Gate( 2983)	 h q[4]
Gate( 2984)	 t q[11]
Gate( 2985)	 t q[14]
Gate( 2986)	 t q[4]
Gate( 2987)	cx q[14], q[11]
Gate( 2988)	cx q[4], q[14]
Gate( 2989)	cx q[11], q[4]
Gate( 2990)	tdg q[14]
Gate( 2991)	cx q[11], q[14]
Gate( 2992)	tdg q[11]
Gate( 2993)	tdg q[14]
Gate( 2994)	 t q[4]
Gate( 2995)	cx q[4], q[14]
Gate( 2996)	cx q[11], q[4]
Gate( 2997)	cx q[14], q[11]
Gate( 2998)	 h q[4]
Gate( 2999)	 h q[14]
Gate( 3000)	 t q[13]
Gate( 3001)	 t q[12]
Gate( 3002)	 t q[14]
Gate( 3003)	cx q[12], q[13]
Gate( 3004)	cx q[14], q[12]
Gate( 3005)	cx q[13], q[14]
Gate( 3006)	tdg q[12]
Gate( 3007)	cx q[13], q[12]
Gate( 3008)	tdg q[13]
Gate( 3009)	tdg q[12]
Gate( 3010)	 t q[14]
Gate( 3011)	cx q[14], q[12]
Gate( 3012)	cx q[13], q[14]
Gate( 3013)	cx q[12], q[13]
Gate( 3014)	 h q[14]
Gate( 3015)	 h q[2]
Gate( 3016)	 t q[11]
Gate( 3017)	 t q[14]
Gate( 3018)	 t q[2]
Gate( 3019)	cx q[14], q[11]
Gate( 3020)	cx q[2], q[14]
Gate( 3021)	cx q[11], q[2]
Gate( 3022)	tdg q[14]
Gate( 3023)	cx q[11], q[14]
Gate( 3024)	tdg q[11]
Gate( 3025)	tdg q[14]
Gate( 3026)	 t q[2]
Gate( 3027)	cx q[2], q[14]
Gate( 3028)	cx q[11], q[2]
Gate( 3029)	cx q[14], q[11]
Gate( 3030)	 h q[2]
Gate( 3031)	 h q[14]
Gate( 3032)	 t q[13]
Gate( 3033)	 t q[12]
Gate( 3034)	 t q[14]
Gate( 3035)	cx q[12], q[13]
Gate( 3036)	cx q[14], q[12]
Gate( 3037)	cx q[13], q[14]
Gate( 3038)	tdg q[12]
Gate( 3039)	cx q[13], q[12]
Gate( 3040)	tdg q[13]
Gate( 3041)	tdg q[12]
Gate( 3042)	 t q[14]
Gate( 3043)	cx q[14], q[12]
Gate( 3044)	cx q[13], q[14]
Gate( 3045)	cx q[12], q[13]
Gate( 3046)	 h q[14]
Gate( 3047)	 h q[2]
Gate( 3048)	 t q[11]
Gate( 3049)	 t q[14]
Gate( 3050)	 t q[2]
Gate( 3051)	cx q[14], q[11]
Gate( 3052)	cx q[2], q[14]
Gate( 3053)	cx q[11], q[2]
Gate( 3054)	tdg q[14]
Gate( 3055)	cx q[11], q[14]
Gate( 3056)	tdg q[11]
Gate( 3057)	tdg q[14]
Gate( 3058)	 t q[2]
Gate( 3059)	cx q[2], q[14]
Gate( 3060)	cx q[11], q[2]
Gate( 3061)	cx q[14], q[11]
Gate( 3062)	 h q[2]
Gate( 3063)	 h q[14]
Gate( 3064)	 t q[13]
Gate( 3065)	 t q[12]
Gate( 3066)	 t q[14]
Gate( 3067)	cx q[12], q[13]
Gate( 3068)	cx q[14], q[12]
Gate( 3069)	cx q[13], q[14]
Gate( 3070)	tdg q[12]
Gate( 3071)	cx q[13], q[12]
Gate( 3072)	tdg q[13]
Gate( 3073)	tdg q[12]
Gate( 3074)	 t q[14]
Gate( 3075)	cx q[14], q[12]
Gate( 3076)	cx q[13], q[14]
Gate( 3077)	cx q[12], q[13]
Gate( 3078)	 h q[14]
Gate( 3079)	 h q[1]
Gate( 3080)	 t q[11]
Gate( 3081)	 t q[14]
Gate( 3082)	 t q[1]
Gate( 3083)	cx q[14], q[11]
Gate( 3084)	cx q[1], q[14]
Gate( 3085)	cx q[11], q[1]
Gate( 3086)	tdg q[14]
Gate( 3087)	cx q[11], q[14]
Gate( 3088)	tdg q[11]
Gate( 3089)	tdg q[14]
Gate( 3090)	 t q[1]
Gate( 3091)	cx q[1], q[14]
Gate( 3092)	cx q[11], q[1]
Gate( 3093)	cx q[14], q[11]
Gate( 3094)	 h q[1]
Gate( 3095)	 h q[14]
Gate( 3096)	 t q[13]
Gate( 3097)	 t q[12]
Gate( 3098)	 t q[14]
Gate( 3099)	cx q[12], q[13]
Gate( 3100)	cx q[14], q[12]
Gate( 3101)	cx q[13], q[14]
Gate( 3102)	tdg q[12]
Gate( 3103)	cx q[13], q[12]
Gate( 3104)	tdg q[13]
Gate( 3105)	tdg q[12]
Gate( 3106)	 t q[14]
Gate( 3107)	cx q[14], q[12]
Gate( 3108)	cx q[13], q[14]
Gate( 3109)	cx q[12], q[13]
Gate( 3110)	 h q[14]
Gate( 3111)	 h q[1]
Gate( 3112)	 t q[11]
Gate( 3113)	 t q[14]
Gate( 3114)	 t q[1]
Gate( 3115)	cx q[14], q[11]
Gate( 3116)	cx q[1], q[14]
Gate( 3117)	cx q[11], q[1]
Gate( 3118)	tdg q[14]
Gate( 3119)	cx q[11], q[14]
Gate( 3120)	tdg q[11]
Gate( 3121)	tdg q[14]
Gate( 3122)	 t q[1]
Gate( 3123)	cx q[1], q[14]
Gate( 3124)	cx q[11], q[1]
Gate( 3125)	cx q[14], q[11]
Gate( 3126)	 h q[1]
Gate( 3127)	 h q[14]
Gate( 3128)	 t q[13]
Gate( 3129)	 t q[12]
Gate( 3130)	 t q[14]
Gate( 3131)	cx q[12], q[13]
Gate( 3132)	cx q[14], q[12]
Gate( 3133)	cx q[13], q[14]
Gate( 3134)	tdg q[12]
Gate( 3135)	cx q[13], q[12]
Gate( 3136)	tdg q[13]
Gate( 3137)	tdg q[12]
Gate( 3138)	 t q[14]
Gate( 3139)	cx q[14], q[12]
Gate( 3140)	cx q[13], q[14]
Gate( 3141)	cx q[12], q[13]
Gate( 3142)	 h q[14]
Gate( 3143)	 h q[0]
Gate( 3144)	 t q[11]
Gate( 3145)	 t q[14]
Gate( 3146)	 t q[0]
Gate( 3147)	cx q[14], q[11]
Gate( 3148)	cx q[0], q[14]
Gate( 3149)	cx q[11], q[0]
Gate( 3150)	tdg q[14]
Gate( 3151)	cx q[11], q[14]
Gate( 3152)	tdg q[11]
Gate( 3153)	tdg q[14]
Gate( 3154)	 t q[0]
Gate( 3155)	cx q[0], q[14]
Gate( 3156)	cx q[11], q[0]
Gate( 3157)	cx q[14], q[11]
Gate( 3158)	 h q[0]
Gate( 3159)	 h q[14]
Gate( 3160)	 t q[13]
Gate( 3161)	 t q[12]
Gate( 3162)	 t q[14]
Gate( 3163)	cx q[12], q[13]
Gate( 3164)	cx q[14], q[12]
Gate( 3165)	cx q[13], q[14]
Gate( 3166)	tdg q[12]
Gate( 3167)	cx q[13], q[12]
Gate( 3168)	tdg q[13]
Gate( 3169)	tdg q[12]
Gate( 3170)	 t q[14]
Gate( 3171)	cx q[14], q[12]
Gate( 3172)	cx q[13], q[14]
Gate( 3173)	cx q[12], q[13]
Gate( 3174)	 h q[14]
Gate( 3175)	 h q[0]
Gate( 3176)	 t q[11]
Gate( 3177)	 t q[14]
Gate( 3178)	 t q[0]
Gate( 3179)	cx q[14], q[11]
Gate( 3180)	cx q[0], q[14]
Gate( 3181)	cx q[11], q[0]
Gate( 3182)	tdg q[14]
Gate( 3183)	cx q[11], q[14]
Gate( 3184)	tdg q[11]
Gate( 3185)	tdg q[14]
Gate( 3186)	 t q[0]
Gate( 3187)	cx q[0], q[14]
Gate( 3188)	cx q[11], q[0]
Gate( 3189)	cx q[14], q[11]
Gate( 3190)	 h q[0]
Gate( 3191)	 h q[14]
Gate( 3192)	 t q[13]
Gate( 3193)	 t q[12]
Gate( 3194)	 t q[14]
Gate( 3195)	cx q[12], q[13]
Gate( 3196)	cx q[14], q[12]
Gate( 3197)	cx q[13], q[14]
Gate( 3198)	tdg q[12]
Gate( 3199)	cx q[13], q[12]
Gate( 3200)	tdg q[13]
Gate( 3201)	tdg q[12]
Gate( 3202)	 t q[14]
Gate( 3203)	cx q[14], q[12]
Gate( 3204)	cx q[13], q[14]
Gate( 3205)	cx q[12], q[13]
Gate( 3206)	 h q[14]
Gate( 3207)	 x q[13]
Gate( 3208)	 x q[11]
Gate( 3209)	 h q[3]
Gate( 3210)	 t q[11]
Gate( 3211)	 t q[13]
Gate( 3212)	 t q[3]
Gate( 3213)	cx q[13], q[11]
Gate( 3214)	cx q[3], q[13]
Gate( 3215)	cx q[11], q[3]
Gate( 3216)	tdg q[13]
Gate( 3217)	cx q[11], q[13]
Gate( 3218)	tdg q[11]
Gate( 3219)	tdg q[13]
Gate( 3220)	 t q[3]
Gate( 3221)	cx q[3], q[13]
Gate( 3222)	cx q[11], q[3]
Gate( 3223)	cx q[13], q[11]
Gate( 3224)	 h q[3]
Gate( 3225)	 h q[13]
Gate( 3226)	 t q[14]
Gate( 3227)	 t q[12]
Gate( 3228)	 t q[13]
Gate( 3229)	cx q[12], q[14]
Gate( 3230)	cx q[13], q[12]
Gate( 3231)	cx q[14], q[13]
Gate( 3232)	tdg q[12]
Gate( 3233)	cx q[14], q[12]
Gate( 3234)	tdg q[14]
Gate( 3235)	tdg q[12]
Gate( 3236)	 t q[13]
Gate( 3237)	cx q[13], q[12]
Gate( 3238)	cx q[14], q[13]
Gate( 3239)	cx q[12], q[14]
Gate( 3240)	 h q[13]
Gate( 3241)	 h q[3]
Gate( 3242)	 t q[11]
Gate( 3243)	 t q[13]
Gate( 3244)	 t q[3]
Gate( 3245)	cx q[13], q[11]
Gate( 3246)	cx q[3], q[13]
Gate( 3247)	cx q[11], q[3]
Gate( 3248)	tdg q[13]
Gate( 3249)	cx q[11], q[13]
Gate( 3250)	tdg q[11]
Gate( 3251)	tdg q[13]
Gate( 3252)	 t q[3]
Gate( 3253)	cx q[3], q[13]
Gate( 3254)	cx q[11], q[3]
Gate( 3255)	cx q[13], q[11]
Gate( 3256)	 h q[3]
Gate( 3257)	 h q[13]
Gate( 3258)	 t q[14]
Gate( 3259)	 t q[12]
Gate( 3260)	 t q[13]
Gate( 3261)	cx q[12], q[14]
Gate( 3262)	cx q[13], q[12]
Gate( 3263)	cx q[14], q[13]
Gate( 3264)	tdg q[12]
Gate( 3265)	cx q[14], q[12]
Gate( 3266)	tdg q[14]
Gate( 3267)	tdg q[12]
Gate( 3268)	 t q[13]
Gate( 3269)	cx q[13], q[12]
Gate( 3270)	cx q[14], q[13]
Gate( 3271)	cx q[12], q[14]
Gate( 3272)	 h q[13]
Gate( 3273)	 h q[4]
Gate( 3274)	 t q[10]
Gate( 3275)	 t q[9]
Gate( 3276)	 t q[4]
Gate( 3277)	cx q[9], q[10]
Gate( 3278)	cx q[4], q[9]
Gate( 3279)	cx q[10], q[4]
Gate( 3280)	tdg q[9]
Gate( 3281)	cx q[10], q[9]
Gate( 3282)	tdg q[10]
Gate( 3283)	tdg q[9]
Gate( 3284)	 t q[4]
Gate( 3285)	cx q[4], q[9]
Gate( 3286)	cx q[10], q[4]
Gate( 3287)	cx q[9], q[10]
Gate( 3288)	 h q[4]
Gate( 3289)	 h q[9]
Gate( 3290)	 t q[11]
Gate( 3291)	 t q[8]
Gate( 3292)	 t q[9]
Gate( 3293)	cx q[8], q[11]
Gate( 3294)	cx q[9], q[8]
Gate( 3295)	cx q[11], q[9]
Gate( 3296)	tdg q[8]
Gate( 3297)	cx q[11], q[8]
Gate( 3298)	tdg q[11]
Gate( 3299)	tdg q[8]
Gate( 3300)	 t q[9]
Gate( 3301)	cx q[9], q[8]
Gate( 3302)	cx q[11], q[9]
Gate( 3303)	cx q[8], q[11]
Gate( 3304)	 h q[9]
Gate( 3305)	 h q[8]
Gate( 3306)	 t q[12]
Gate( 3307)	 t q[7]
Gate( 3308)	 t q[8]
Gate( 3309)	cx q[7], q[12]
Gate( 3310)	cx q[8], q[7]
Gate( 3311)	cx q[12], q[8]
Gate( 3312)	tdg q[7]
Gate( 3313)	cx q[12], q[7]
Gate( 3314)	tdg q[12]
Gate( 3315)	tdg q[7]
Gate( 3316)	 t q[8]
Gate( 3317)	cx q[8], q[7]
Gate( 3318)	cx q[12], q[8]
Gate( 3319)	cx q[7], q[12]
Gate( 3320)	 h q[8]
Gate( 3321)	 h q[7]
Gate( 3322)	 t q[14]
Gate( 3323)	 t q[13]
Gate( 3324)	 t q[7]
Gate( 3325)	cx q[13], q[14]
Gate( 3326)	cx q[7], q[13]
Gate( 3327)	cx q[14], q[7]
Gate( 3328)	tdg q[13]
Gate( 3329)	cx q[14], q[13]
Gate( 3330)	tdg q[14]
Gate( 3331)	tdg q[13]
Gate( 3332)	 t q[7]
Gate( 3333)	cx q[7], q[13]
Gate( 3334)	cx q[14], q[7]
Gate( 3335)	cx q[13], q[14]
Gate( 3336)	 h q[7]
Gate( 3337)	 h q[8]
Gate( 3338)	 t q[12]
Gate( 3339)	 t q[7]
Gate( 3340)	 t q[8]
Gate( 3341)	cx q[7], q[12]
Gate( 3342)	cx q[8], q[7]
Gate( 3343)	cx q[12], q[8]
Gate( 3344)	tdg q[7]
Gate( 3345)	cx q[12], q[7]
Gate( 3346)	tdg q[12]
Gate( 3347)	tdg q[7]
Gate( 3348)	 t q[8]
Gate( 3349)	cx q[8], q[7]
Gate( 3350)	cx q[12], q[8]
Gate( 3351)	cx q[7], q[12]
Gate( 3352)	 h q[8]
Gate( 3353)	 h q[9]
Gate( 3354)	 t q[11]
Gate( 3355)	 t q[8]
Gate( 3356)	 t q[9]
Gate( 3357)	cx q[8], q[11]
Gate( 3358)	cx q[9], q[8]
Gate( 3359)	cx q[11], q[9]
Gate( 3360)	tdg q[8]
Gate( 3361)	cx q[11], q[8]
Gate( 3362)	tdg q[11]
Gate( 3363)	tdg q[8]
Gate( 3364)	 t q[9]
Gate( 3365)	cx q[9], q[8]
Gate( 3366)	cx q[11], q[9]
Gate( 3367)	cx q[8], q[11]
Gate( 3368)	 h q[9]
Gate( 3369)	 h q[4]
Gate( 3370)	 t q[10]
Gate( 3371)	 t q[9]
Gate( 3372)	 t q[4]
Gate( 3373)	cx q[9], q[10]
Gate( 3374)	cx q[4], q[9]
Gate( 3375)	cx q[10], q[4]
Gate( 3376)	tdg q[9]
Gate( 3377)	cx q[10], q[9]
Gate( 3378)	tdg q[10]
Gate( 3379)	tdg q[9]
Gate( 3380)	 t q[4]
Gate( 3381)	cx q[4], q[9]
Gate( 3382)	cx q[10], q[4]
Gate( 3383)	cx q[9], q[10]
Gate( 3384)	 h q[4]
Gate( 3385)	 h q[9]
Gate( 3386)	 t q[11]
Gate( 3387)	 t q[8]
Gate( 3388)	 t q[9]
Gate( 3389)	cx q[8], q[11]
Gate( 3390)	cx q[9], q[8]
Gate( 3391)	cx q[11], q[9]
Gate( 3392)	tdg q[8]
Gate( 3393)	cx q[11], q[8]
Gate( 3394)	tdg q[11]
Gate( 3395)	tdg q[8]
Gate( 3396)	 t q[9]
Gate( 3397)	cx q[9], q[8]
Gate( 3398)	cx q[11], q[9]
Gate( 3399)	cx q[8], q[11]
Gate( 3400)	 h q[9]
Gate( 3401)	 h q[8]
Gate( 3402)	 t q[12]
Gate( 3403)	 t q[7]
Gate( 3404)	 t q[8]
Gate( 3405)	cx q[7], q[12]
Gate( 3406)	cx q[8], q[7]
Gate( 3407)	cx q[12], q[8]
Gate( 3408)	tdg q[7]
Gate( 3409)	cx q[12], q[7]
Gate( 3410)	tdg q[12]
Gate( 3411)	tdg q[7]
Gate( 3412)	 t q[8]
Gate( 3413)	cx q[8], q[7]
Gate( 3414)	cx q[12], q[8]
Gate( 3415)	cx q[7], q[12]
Gate( 3416)	 h q[8]
Gate( 3417)	 h q[7]
Gate( 3418)	 t q[14]
Gate( 3419)	 t q[13]
Gate( 3420)	 t q[7]
Gate( 3421)	cx q[13], q[14]
Gate( 3422)	cx q[7], q[13]
Gate( 3423)	cx q[14], q[7]
Gate( 3424)	tdg q[13]
Gate( 3425)	cx q[14], q[13]
Gate( 3426)	tdg q[14]
Gate( 3427)	tdg q[13]
Gate( 3428)	 t q[7]
Gate( 3429)	cx q[7], q[13]
Gate( 3430)	cx q[14], q[7]
Gate( 3431)	cx q[13], q[14]
Gate( 3432)	 h q[7]
Gate( 3433)	 h q[8]
Gate( 3434)	 t q[12]
Gate( 3435)	 t q[7]
Gate( 3436)	 t q[8]
Gate( 3437)	cx q[7], q[12]
Gate( 3438)	cx q[8], q[7]
Gate( 3439)	cx q[12], q[8]
Gate( 3440)	tdg q[7]
Gate( 3441)	cx q[12], q[7]
Gate( 3442)	tdg q[12]
Gate( 3443)	tdg q[7]
Gate( 3444)	 t q[8]
Gate( 3445)	cx q[8], q[7]
Gate( 3446)	cx q[12], q[8]
Gate( 3447)	cx q[7], q[12]
Gate( 3448)	 h q[8]
Gate( 3449)	 h q[9]
Gate( 3450)	 t q[11]
Gate( 3451)	 t q[8]
Gate( 3452)	 t q[9]
Gate( 3453)	cx q[8], q[11]
Gate( 3454)	cx q[9], q[8]
Gate( 3455)	cx q[11], q[9]
Gate( 3456)	tdg q[8]
Gate( 3457)	cx q[11], q[8]
Gate( 3458)	tdg q[11]
Gate( 3459)	tdg q[8]
Gate( 3460)	 t q[9]
Gate( 3461)	cx q[9], q[8]
Gate( 3462)	cx q[11], q[9]
Gate( 3463)	cx q[8], q[11]
Gate( 3464)	 h q[9]
Gate( 3465)	 h q[3]
Gate( 3466)	 t q[10]
Gate( 3467)	 t q[9]
Gate( 3468)	 t q[3]
Gate( 3469)	cx q[9], q[10]
Gate( 3470)	cx q[3], q[9]
Gate( 3471)	cx q[10], q[3]
Gate( 3472)	tdg q[9]
Gate( 3473)	cx q[10], q[9]
Gate( 3474)	tdg q[10]
Gate( 3475)	tdg q[9]
Gate( 3476)	 t q[3]
Gate( 3477)	cx q[3], q[9]
Gate( 3478)	cx q[10], q[3]
Gate( 3479)	cx q[9], q[10]
Gate( 3480)	 h q[3]
Gate( 3481)	 h q[9]
Gate( 3482)	 t q[11]
Gate( 3483)	 t q[8]
Gate( 3484)	 t q[9]
Gate( 3485)	cx q[8], q[11]
Gate( 3486)	cx q[9], q[8]
Gate( 3487)	cx q[11], q[9]
Gate( 3488)	tdg q[8]
Gate( 3489)	cx q[11], q[8]
Gate( 3490)	tdg q[11]
Gate( 3491)	tdg q[8]
Gate( 3492)	 t q[9]
Gate( 3493)	cx q[9], q[8]
Gate( 3494)	cx q[11], q[9]
Gate( 3495)	cx q[8], q[11]
Gate( 3496)	 h q[9]
Gate( 3497)	 h q[8]
Gate( 3498)	 t q[12]
Gate( 3499)	 t q[7]
Gate( 3500)	 t q[8]
Gate( 3501)	cx q[7], q[12]
Gate( 3502)	cx q[8], q[7]
Gate( 3503)	cx q[12], q[8]
Gate( 3504)	tdg q[7]
Gate( 3505)	cx q[12], q[7]
Gate( 3506)	tdg q[12]
Gate( 3507)	tdg q[7]
Gate( 3508)	 t q[8]
Gate( 3509)	cx q[8], q[7]
Gate( 3510)	cx q[12], q[8]
Gate( 3511)	cx q[7], q[12]
Gate( 3512)	 h q[8]
Gate( 3513)	 h q[7]
Gate( 3514)	 t q[14]
Gate( 3515)	 t q[13]
Gate( 3516)	 t q[7]
Gate( 3517)	cx q[13], q[14]
Gate( 3518)	cx q[7], q[13]
Gate( 3519)	cx q[14], q[7]
Gate( 3520)	tdg q[13]
Gate( 3521)	cx q[14], q[13]
Gate( 3522)	tdg q[14]
Gate( 3523)	tdg q[13]
Gate( 3524)	 t q[7]
Gate( 3525)	cx q[7], q[13]
Gate( 3526)	cx q[14], q[7]
Gate( 3527)	cx q[13], q[14]
Gate( 3528)	 h q[7]
Gate( 3529)	 h q[8]
Gate( 3530)	 t q[12]
Gate( 3531)	 t q[7]
Gate( 3532)	 t q[8]
Gate( 3533)	cx q[7], q[12]
Gate( 3534)	cx q[8], q[7]
Gate( 3535)	cx q[12], q[8]
Gate( 3536)	tdg q[7]
Gate( 3537)	cx q[12], q[7]
Gate( 3538)	tdg q[12]
Gate( 3539)	tdg q[7]
Gate( 3540)	 t q[8]
Gate( 3541)	cx q[8], q[7]
Gate( 3542)	cx q[12], q[8]
Gate( 3543)	cx q[7], q[12]
Gate( 3544)	 h q[8]
Gate( 3545)	 h q[9]
Gate( 3546)	 t q[11]
Gate( 3547)	 t q[8]
Gate( 3548)	 t q[9]
Gate( 3549)	cx q[8], q[11]
Gate( 3550)	cx q[9], q[8]
Gate( 3551)	cx q[11], q[9]
Gate( 3552)	tdg q[8]
Gate( 3553)	cx q[11], q[8]
Gate( 3554)	tdg q[11]
Gate( 3555)	tdg q[8]
Gate( 3556)	 t q[9]
Gate( 3557)	cx q[9], q[8]
Gate( 3558)	cx q[11], q[9]
Gate( 3559)	cx q[8], q[11]
Gate( 3560)	 h q[9]
Gate( 3561)	 h q[3]
Gate( 3562)	 t q[10]
Gate( 3563)	 t q[9]
Gate( 3564)	 t q[3]
Gate( 3565)	cx q[9], q[10]
Gate( 3566)	cx q[3], q[9]
Gate( 3567)	cx q[10], q[3]
Gate( 3568)	tdg q[9]
Gate( 3569)	cx q[10], q[9]
Gate( 3570)	tdg q[10]
Gate( 3571)	tdg q[9]
Gate( 3572)	 t q[3]
Gate( 3573)	cx q[3], q[9]
Gate( 3574)	cx q[10], q[3]
Gate( 3575)	cx q[9], q[10]
Gate( 3576)	 h q[3]
Gate( 3577)	 h q[9]
Gate( 3578)	 t q[11]
Gate( 3579)	 t q[8]
Gate( 3580)	 t q[9]
Gate( 3581)	cx q[8], q[11]
Gate( 3582)	cx q[9], q[8]
Gate( 3583)	cx q[11], q[9]
Gate( 3584)	tdg q[8]
Gate( 3585)	cx q[11], q[8]
Gate( 3586)	tdg q[11]
Gate( 3587)	tdg q[8]
Gate( 3588)	 t q[9]
Gate( 3589)	cx q[9], q[8]
Gate( 3590)	cx q[11], q[9]
Gate( 3591)	cx q[8], q[11]
Gate( 3592)	 h q[9]
Gate( 3593)	 h q[8]
Gate( 3594)	 t q[12]
Gate( 3595)	 t q[7]
Gate( 3596)	 t q[8]
Gate( 3597)	cx q[7], q[12]
Gate( 3598)	cx q[8], q[7]
Gate( 3599)	cx q[12], q[8]
Gate( 3600)	tdg q[7]
Gate( 3601)	cx q[12], q[7]
Gate( 3602)	tdg q[12]
Gate( 3603)	tdg q[7]
Gate( 3604)	 t q[8]
Gate( 3605)	cx q[8], q[7]
Gate( 3606)	cx q[12], q[8]
Gate( 3607)	cx q[7], q[12]
Gate( 3608)	 h q[8]
Gate( 3609)	 h q[7]
Gate( 3610)	 t q[14]
Gate( 3611)	 t q[13]
Gate( 3612)	 t q[7]
Gate( 3613)	cx q[13], q[14]
Gate( 3614)	cx q[7], q[13]
Gate( 3615)	cx q[14], q[7]
Gate( 3616)	tdg q[13]
Gate( 3617)	cx q[14], q[13]
Gate( 3618)	tdg q[14]
Gate( 3619)	tdg q[13]
Gate( 3620)	 t q[7]
Gate( 3621)	cx q[7], q[13]
Gate( 3622)	cx q[14], q[7]
Gate( 3623)	cx q[13], q[14]
Gate( 3624)	 h q[7]
Gate( 3625)	 h q[8]
Gate( 3626)	 t q[12]
Gate( 3627)	 t q[7]
Gate( 3628)	 t q[8]
Gate( 3629)	cx q[7], q[12]
Gate( 3630)	cx q[8], q[7]
Gate( 3631)	cx q[12], q[8]
Gate( 3632)	tdg q[7]
Gate( 3633)	cx q[12], q[7]
Gate( 3634)	tdg q[12]
Gate( 3635)	tdg q[7]
Gate( 3636)	 t q[8]
Gate( 3637)	cx q[8], q[7]
Gate( 3638)	cx q[12], q[8]
Gate( 3639)	cx q[7], q[12]
Gate( 3640)	 h q[8]
Gate( 3641)	 h q[9]
Gate( 3642)	 t q[11]
Gate( 3643)	 t q[8]
Gate( 3644)	 t q[9]
Gate( 3645)	cx q[8], q[11]
Gate( 3646)	cx q[9], q[8]
Gate( 3647)	cx q[11], q[9]
Gate( 3648)	tdg q[8]
Gate( 3649)	cx q[11], q[8]
Gate( 3650)	tdg q[11]
Gate( 3651)	tdg q[8]
Gate( 3652)	 t q[9]
Gate( 3653)	cx q[9], q[8]
Gate( 3654)	cx q[11], q[9]
Gate( 3655)	cx q[8], q[11]
Gate( 3656)	 h q[9]
Gate( 3657)	 h q[0]
Gate( 3658)	 t q[10]
Gate( 3659)	 t q[9]
Gate( 3660)	 t q[0]
Gate( 3661)	cx q[9], q[10]
Gate( 3662)	cx q[0], q[9]
Gate( 3663)	cx q[10], q[0]
Gate( 3664)	tdg q[9]
Gate( 3665)	cx q[10], q[9]
Gate( 3666)	tdg q[10]
Gate( 3667)	tdg q[9]
Gate( 3668)	 t q[0]
Gate( 3669)	cx q[0], q[9]
Gate( 3670)	cx q[10], q[0]
Gate( 3671)	cx q[9], q[10]
Gate( 3672)	 h q[0]
Gate( 3673)	 h q[9]
Gate( 3674)	 t q[11]
Gate( 3675)	 t q[8]
Gate( 3676)	 t q[9]
Gate( 3677)	cx q[8], q[11]
Gate( 3678)	cx q[9], q[8]
Gate( 3679)	cx q[11], q[9]
Gate( 3680)	tdg q[8]
Gate( 3681)	cx q[11], q[8]
Gate( 3682)	tdg q[11]
Gate( 3683)	tdg q[8]
Gate( 3684)	 t q[9]
Gate( 3685)	cx q[9], q[8]
Gate( 3686)	cx q[11], q[9]
Gate( 3687)	cx q[8], q[11]
Gate( 3688)	 h q[9]
Gate( 3689)	 h q[8]
Gate( 3690)	 t q[12]
Gate( 3691)	 t q[7]
Gate( 3692)	 t q[8]
Gate( 3693)	cx q[7], q[12]
Gate( 3694)	cx q[8], q[7]
Gate( 3695)	cx q[12], q[8]
Gate( 3696)	tdg q[7]
Gate( 3697)	cx q[12], q[7]
Gate( 3698)	tdg q[12]
Gate( 3699)	tdg q[7]
Gate( 3700)	 t q[8]
Gate( 3701)	cx q[8], q[7]
Gate( 3702)	cx q[12], q[8]
Gate( 3703)	cx q[7], q[12]
Gate( 3704)	 h q[8]
Gate( 3705)	 h q[7]
Gate( 3706)	 t q[14]
Gate( 3707)	 t q[13]
Gate( 3708)	 t q[7]
Gate( 3709)	cx q[13], q[14]
Gate( 3710)	cx q[7], q[13]
Gate( 3711)	cx q[14], q[7]
Gate( 3712)	tdg q[13]
Gate( 3713)	cx q[14], q[13]
Gate( 3714)	tdg q[14]
Gate( 3715)	tdg q[13]
Gate( 3716)	 t q[7]
Gate( 3717)	cx q[7], q[13]
Gate( 3718)	cx q[14], q[7]
Gate( 3719)	cx q[13], q[14]
Gate( 3720)	 h q[7]
Gate( 3721)	 h q[8]
Gate( 3722)	 t q[12]
Gate( 3723)	 t q[7]
Gate( 3724)	 t q[8]
Gate( 3725)	cx q[7], q[12]
Gate( 3726)	cx q[8], q[7]
Gate( 3727)	cx q[12], q[8]
Gate( 3728)	tdg q[7]
Gate( 3729)	cx q[12], q[7]
Gate( 3730)	tdg q[12]
Gate( 3731)	tdg q[7]
Gate( 3732)	 t q[8]
Gate( 3733)	cx q[8], q[7]
Gate( 3734)	cx q[12], q[8]
Gate( 3735)	cx q[7], q[12]
Gate( 3736)	 h q[8]
Gate( 3737)	 h q[9]
Gate( 3738)	 t q[11]
Gate( 3739)	 t q[8]
Gate( 3740)	 t q[9]
Gate( 3741)	cx q[8], q[11]
Gate( 3742)	cx q[9], q[8]
Gate( 3743)	cx q[11], q[9]
Gate( 3744)	tdg q[8]
Gate( 3745)	cx q[11], q[8]
Gate( 3746)	tdg q[11]
Gate( 3747)	tdg q[8]
Gate( 3748)	 t q[9]
Gate( 3749)	cx q[9], q[8]
Gate( 3750)	cx q[11], q[9]
Gate( 3751)	cx q[8], q[11]
Gate( 3752)	 h q[9]
Gate( 3753)	 h q[0]
Gate( 3754)	 t q[10]
Gate( 3755)	 t q[9]
Gate( 3756)	 t q[0]
Gate( 3757)	cx q[9], q[10]
Gate( 3758)	cx q[0], q[9]
Gate( 3759)	cx q[10], q[0]
Gate( 3760)	tdg q[9]
Gate( 3761)	cx q[10], q[9]
Gate( 3762)	tdg q[10]
Gate( 3763)	tdg q[9]
Gate( 3764)	 t q[0]
Gate( 3765)	cx q[0], q[9]
Gate( 3766)	cx q[10], q[0]
Gate( 3767)	cx q[9], q[10]
Gate( 3768)	 h q[0]
Gate( 3769)	 h q[9]
Gate( 3770)	 t q[11]
Gate( 3771)	 t q[8]
Gate( 3772)	 t q[9]
Gate( 3773)	cx q[8], q[11]
Gate( 3774)	cx q[9], q[8]
Gate( 3775)	cx q[11], q[9]
Gate( 3776)	tdg q[8]
Gate( 3777)	cx q[11], q[8]
Gate( 3778)	tdg q[11]
Gate( 3779)	tdg q[8]
Gate( 3780)	 t q[9]
Gate( 3781)	cx q[9], q[8]
Gate( 3782)	cx q[11], q[9]
Gate( 3783)	cx q[8], q[11]
Gate( 3784)	 h q[9]
Gate( 3785)	 h q[8]
Gate( 3786)	 t q[12]
Gate( 3787)	 t q[7]
Gate( 3788)	 t q[8]
Gate( 3789)	cx q[7], q[12]
Gate( 3790)	cx q[8], q[7]
Gate( 3791)	cx q[12], q[8]
Gate( 3792)	tdg q[7]
Gate( 3793)	cx q[12], q[7]
Gate( 3794)	tdg q[12]
Gate( 3795)	tdg q[7]
Gate( 3796)	 t q[8]
Gate( 3797)	cx q[8], q[7]
Gate( 3798)	cx q[12], q[8]
Gate( 3799)	cx q[7], q[12]
Gate( 3800)	 h q[8]
Gate( 3801)	 h q[7]
Gate( 3802)	 t q[14]
Gate( 3803)	 t q[13]
Gate( 3804)	 t q[7]
Gate( 3805)	cx q[13], q[14]
Gate( 3806)	cx q[7], q[13]
Gate( 3807)	cx q[14], q[7]
Gate( 3808)	tdg q[13]
Gate( 3809)	cx q[14], q[13]
Gate( 3810)	tdg q[14]
Gate( 3811)	tdg q[13]
Gate( 3812)	 t q[7]
Gate( 3813)	cx q[7], q[13]
Gate( 3814)	cx q[14], q[7]
Gate( 3815)	cx q[13], q[14]
Gate( 3816)	 h q[7]
Gate( 3817)	 h q[8]
Gate( 3818)	 t q[12]
Gate( 3819)	 t q[7]
Gate( 3820)	 t q[8]
Gate( 3821)	cx q[7], q[12]
Gate( 3822)	cx q[8], q[7]
Gate( 3823)	cx q[12], q[8]
Gate( 3824)	tdg q[7]
Gate( 3825)	cx q[12], q[7]
Gate( 3826)	tdg q[12]
Gate( 3827)	tdg q[7]
Gate( 3828)	 t q[8]
Gate( 3829)	cx q[8], q[7]
Gate( 3830)	cx q[12], q[8]
Gate( 3831)	cx q[7], q[12]
Gate( 3832)	 h q[8]
Gate( 3833)	 h q[9]
Gate( 3834)	 t q[11]
Gate( 3835)	 t q[8]
Gate( 3836)	 t q[9]
Gate( 3837)	cx q[8], q[11]
Gate( 3838)	cx q[9], q[8]
Gate( 3839)	cx q[11], q[9]
Gate( 3840)	tdg q[8]
Gate( 3841)	cx q[11], q[8]
Gate( 3842)	tdg q[11]
Gate( 3843)	tdg q[8]
Gate( 3844)	 t q[9]
Gate( 3845)	cx q[9], q[8]
Gate( 3846)	cx q[11], q[9]
Gate( 3847)	cx q[8], q[11]
Gate( 3848)	 h q[9]
Gate( 3849)	 x q[13]
Gate( 3850)	 h q[5]
Gate( 3851)	 t q[8]
Gate( 3852)	 t q[10]
Gate( 3853)	 t q[5]
Gate( 3854)	cx q[10], q[8]
Gate( 3855)	cx q[5], q[10]
Gate( 3856)	cx q[8], q[5]
Gate( 3857)	tdg q[10]
Gate( 3858)	cx q[8], q[10]
Gate( 3859)	tdg q[8]
Gate( 3860)	tdg q[10]
Gate( 3861)	 t q[5]
Gate( 3862)	cx q[5], q[10]
Gate( 3863)	cx q[8], q[5]
Gate( 3864)	cx q[10], q[8]
Gate( 3865)	 h q[5]
Gate( 3866)	 h q[10]
Gate( 3867)	 t q[11]
Gate( 3868)	 t q[9]
Gate( 3869)	 t q[10]
Gate( 3870)	cx q[9], q[11]
Gate( 3871)	cx q[10], q[9]
Gate( 3872)	cx q[11], q[10]
Gate( 3873)	tdg q[9]
Gate( 3874)	cx q[11], q[9]
Gate( 3875)	tdg q[11]
Gate( 3876)	tdg q[9]
Gate( 3877)	 t q[10]
Gate( 3878)	cx q[10], q[9]
Gate( 3879)	cx q[11], q[10]
Gate( 3880)	cx q[9], q[11]
Gate( 3881)	 h q[10]
Gate( 3882)	 h q[9]
Gate( 3883)	 t q[12]
Gate( 3884)	 t q[7]
Gate( 3885)	 t q[9]
Gate( 3886)	cx q[7], q[12]
Gate( 3887)	cx q[9], q[7]
Gate( 3888)	cx q[12], q[9]
Gate( 3889)	tdg q[7]
Gate( 3890)	cx q[12], q[7]
Gate( 3891)	tdg q[12]
Gate( 3892)	tdg q[7]
Gate( 3893)	 t q[9]
Gate( 3894)	cx q[9], q[7]
Gate( 3895)	cx q[12], q[9]
Gate( 3896)	cx q[7], q[12]
Gate( 3897)	 h q[9]
Gate( 3898)	 h q[7]
Gate( 3899)	 t q[14]
Gate( 3900)	 t q[13]
Gate( 3901)	 t q[7]
Gate( 3902)	cx q[13], q[14]
Gate( 3903)	cx q[7], q[13]
Gate( 3904)	cx q[14], q[7]
Gate( 3905)	tdg q[13]
Gate( 3906)	cx q[14], q[13]
Gate( 3907)	tdg q[14]
Gate( 3908)	tdg q[13]
Gate( 3909)	 t q[7]
Gate( 3910)	cx q[7], q[13]
Gate( 3911)	cx q[14], q[7]
Gate( 3912)	cx q[13], q[14]
Gate( 3913)	 h q[7]
Gate( 3914)	 h q[9]
Gate( 3915)	 t q[12]
Gate( 3916)	 t q[7]
Gate( 3917)	 t q[9]
Gate( 3918)	cx q[7], q[12]
Gate( 3919)	cx q[9], q[7]
Gate( 3920)	cx q[12], q[9]
Gate( 3921)	tdg q[7]
Gate( 3922)	cx q[12], q[7]
Gate( 3923)	tdg q[12]
Gate( 3924)	tdg q[7]
Gate( 3925)	 t q[9]
Gate( 3926)	cx q[9], q[7]
Gate( 3927)	cx q[12], q[9]
Gate( 3928)	cx q[7], q[12]
Gate( 3929)	 h q[9]
Gate( 3930)	 h q[10]
Gate( 3931)	 t q[11]
Gate( 3932)	 t q[9]
Gate( 3933)	 t q[10]
Gate( 3934)	cx q[9], q[11]
Gate( 3935)	cx q[10], q[9]
Gate( 3936)	cx q[11], q[10]
Gate( 3937)	tdg q[9]
Gate( 3938)	cx q[11], q[9]
Gate( 3939)	tdg q[11]
Gate( 3940)	tdg q[9]
Gate( 3941)	 t q[10]
Gate( 3942)	cx q[10], q[9]
Gate( 3943)	cx q[11], q[10]
Gate( 3944)	cx q[9], q[11]
Gate( 3945)	 h q[10]
Gate( 3946)	 h q[5]
Gate( 3947)	 t q[8]
Gate( 3948)	 t q[10]
Gate( 3949)	 t q[5]
Gate( 3950)	cx q[10], q[8]
Gate( 3951)	cx q[5], q[10]
Gate( 3952)	cx q[8], q[5]
Gate( 3953)	tdg q[10]
Gate( 3954)	cx q[8], q[10]
Gate( 3955)	tdg q[8]
Gate( 3956)	tdg q[10]
Gate( 3957)	 t q[5]
Gate( 3958)	cx q[5], q[10]
Gate( 3959)	cx q[8], q[5]
Gate( 3960)	cx q[10], q[8]
Gate( 3961)	 h q[5]
Gate( 3962)	 h q[10]
Gate( 3963)	 t q[11]
Gate( 3964)	 t q[9]
Gate( 3965)	 t q[10]
Gate( 3966)	cx q[9], q[11]
Gate( 3967)	cx q[10], q[9]
Gate( 3968)	cx q[11], q[10]
Gate( 3969)	tdg q[9]
Gate( 3970)	cx q[11], q[9]
Gate( 3971)	tdg q[11]
Gate( 3972)	tdg q[9]
Gate( 3973)	 t q[10]
Gate( 3974)	cx q[10], q[9]
Gate( 3975)	cx q[11], q[10]
Gate( 3976)	cx q[9], q[11]
Gate( 3977)	 h q[10]
Gate( 3978)	 h q[9]
Gate( 3979)	 t q[12]
Gate( 3980)	 t q[7]
Gate( 3981)	 t q[9]
Gate( 3982)	cx q[7], q[12]
Gate( 3983)	cx q[9], q[7]
Gate( 3984)	cx q[12], q[9]
Gate( 3985)	tdg q[7]
Gate( 3986)	cx q[12], q[7]
Gate( 3987)	tdg q[12]
Gate( 3988)	tdg q[7]
Gate( 3989)	 t q[9]
Gate( 3990)	cx q[9], q[7]
Gate( 3991)	cx q[12], q[9]
Gate( 3992)	cx q[7], q[12]
Gate( 3993)	 h q[9]
Gate( 3994)	 h q[7]
Gate( 3995)	 t q[14]
Gate( 3996)	 t q[13]
Gate( 3997)	 t q[7]
Gate( 3998)	cx q[13], q[14]
Gate( 3999)	cx q[7], q[13]
Gate( 4000)	cx q[14], q[7]
Gate( 4001)	tdg q[13]
Gate( 4002)	cx q[14], q[13]
Gate( 4003)	tdg q[14]
Gate( 4004)	tdg q[13]
Gate( 4005)	 t q[7]
Gate( 4006)	cx q[7], q[13]
Gate( 4007)	cx q[14], q[7]
Gate( 4008)	cx q[13], q[14]
Gate( 4009)	 h q[7]
Gate( 4010)	 h q[9]
Gate( 4011)	 t q[12]
Gate( 4012)	 t q[7]
Gate( 4013)	 t q[9]
Gate( 4014)	cx q[7], q[12]
Gate( 4015)	cx q[9], q[7]
Gate( 4016)	cx q[12], q[9]
Gate( 4017)	tdg q[7]
Gate( 4018)	cx q[12], q[7]
Gate( 4019)	tdg q[12]
Gate( 4020)	tdg q[7]
Gate( 4021)	 t q[9]
Gate( 4022)	cx q[9], q[7]
Gate( 4023)	cx q[12], q[9]
Gate( 4024)	cx q[7], q[12]
Gate( 4025)	 h q[9]
Gate( 4026)	 h q[10]
Gate( 4027)	 t q[11]
Gate( 4028)	 t q[9]
Gate( 4029)	 t q[10]
Gate( 4030)	cx q[9], q[11]
Gate( 4031)	cx q[10], q[9]
Gate( 4032)	cx q[11], q[10]
Gate( 4033)	tdg q[9]
Gate( 4034)	cx q[11], q[9]
Gate( 4035)	tdg q[11]
Gate( 4036)	tdg q[9]
Gate( 4037)	 t q[10]
Gate( 4038)	cx q[10], q[9]
Gate( 4039)	cx q[11], q[10]
Gate( 4040)	cx q[9], q[11]
Gate( 4041)	 h q[10]
Gate( 4042)	 h q[4]
Gate( 4043)	 t q[8]
Gate( 4044)	 t q[10]
Gate( 4045)	 t q[4]
Gate( 4046)	cx q[10], q[8]
Gate( 4047)	cx q[4], q[10]
Gate( 4048)	cx q[8], q[4]
Gate( 4049)	tdg q[10]
Gate( 4050)	cx q[8], q[10]
Gate( 4051)	tdg q[8]
Gate( 4052)	tdg q[10]
Gate( 4053)	 t q[4]
Gate( 4054)	cx q[4], q[10]
Gate( 4055)	cx q[8], q[4]
Gate( 4056)	cx q[10], q[8]
Gate( 4057)	 h q[4]
Gate( 4058)	 h q[10]
Gate( 4059)	 t q[11]
Gate( 4060)	 t q[9]
Gate( 4061)	 t q[10]
Gate( 4062)	cx q[9], q[11]
Gate( 4063)	cx q[10], q[9]
Gate( 4064)	cx q[11], q[10]
Gate( 4065)	tdg q[9]
Gate( 4066)	cx q[11], q[9]
Gate( 4067)	tdg q[11]
Gate( 4068)	tdg q[9]
Gate( 4069)	 t q[10]
Gate( 4070)	cx q[10], q[9]
Gate( 4071)	cx q[11], q[10]
Gate( 4072)	cx q[9], q[11]
Gate( 4073)	 h q[10]
Gate( 4074)	 h q[9]
Gate( 4075)	 t q[12]
Gate( 4076)	 t q[7]
Gate( 4077)	 t q[9]
Gate( 4078)	cx q[7], q[12]
Gate( 4079)	cx q[9], q[7]
Gate( 4080)	cx q[12], q[9]
Gate( 4081)	tdg q[7]
Gate( 4082)	cx q[12], q[7]
Gate( 4083)	tdg q[12]
Gate( 4084)	tdg q[7]
Gate( 4085)	 t q[9]
Gate( 4086)	cx q[9], q[7]
Gate( 4087)	cx q[12], q[9]
Gate( 4088)	cx q[7], q[12]
Gate( 4089)	 h q[9]
Gate( 4090)	 h q[7]
Gate( 4091)	 t q[14]
Gate( 4092)	 t q[13]
Gate( 4093)	 t q[7]
Gate( 4094)	cx q[13], q[14]
Gate( 4095)	cx q[7], q[13]
Gate( 4096)	cx q[14], q[7]
Gate( 4097)	tdg q[13]
Gate( 4098)	cx q[14], q[13]
Gate( 4099)	tdg q[14]
Gate( 4100)	tdg q[13]
Gate( 4101)	 t q[7]
Gate( 4102)	cx q[7], q[13]
Gate( 4103)	cx q[14], q[7]
Gate( 4104)	cx q[13], q[14]
Gate( 4105)	 h q[7]
Gate( 4106)	 h q[9]
Gate( 4107)	 t q[12]
Gate( 4108)	 t q[7]
Gate( 4109)	 t q[9]
Gate( 4110)	cx q[7], q[12]
Gate( 4111)	cx q[9], q[7]
Gate( 4112)	cx q[12], q[9]
Gate( 4113)	tdg q[7]
Gate( 4114)	cx q[12], q[7]
Gate( 4115)	tdg q[12]
Gate( 4116)	tdg q[7]
Gate( 4117)	 t q[9]
Gate( 4118)	cx q[9], q[7]
Gate( 4119)	cx q[12], q[9]
Gate( 4120)	cx q[7], q[12]
Gate( 4121)	 h q[9]
Gate( 4122)	 h q[10]
Gate( 4123)	 t q[11]
Gate( 4124)	 t q[9]
Gate( 4125)	 t q[10]
Gate( 4126)	cx q[9], q[11]
Gate( 4127)	cx q[10], q[9]
Gate( 4128)	cx q[11], q[10]
Gate( 4129)	tdg q[9]
Gate( 4130)	cx q[11], q[9]
Gate( 4131)	tdg q[11]
Gate( 4132)	tdg q[9]
Gate( 4133)	 t q[10]
Gate( 4134)	cx q[10], q[9]
Gate( 4135)	cx q[11], q[10]
Gate( 4136)	cx q[9], q[11]
Gate( 4137)	 h q[10]
Gate( 4138)	 h q[4]
Gate( 4139)	 t q[8]
Gate( 4140)	 t q[10]
Gate( 4141)	 t q[4]
Gate( 4142)	cx q[10], q[8]
Gate( 4143)	cx q[4], q[10]
Gate( 4144)	cx q[8], q[4]
Gate( 4145)	tdg q[10]
Gate( 4146)	cx q[8], q[10]
Gate( 4147)	tdg q[8]
Gate( 4148)	tdg q[10]
Gate( 4149)	 t q[4]
Gate( 4150)	cx q[4], q[10]
Gate( 4151)	cx q[8], q[4]
Gate( 4152)	cx q[10], q[8]
Gate( 4153)	 h q[4]
Gate( 4154)	 h q[10]
Gate( 4155)	 t q[11]
Gate( 4156)	 t q[9]
Gate( 4157)	 t q[10]
Gate( 4158)	cx q[9], q[11]
Gate( 4159)	cx q[10], q[9]
Gate( 4160)	cx q[11], q[10]
Gate( 4161)	tdg q[9]
Gate( 4162)	cx q[11], q[9]
Gate( 4163)	tdg q[11]
Gate( 4164)	tdg q[9]
Gate( 4165)	 t q[10]
Gate( 4166)	cx q[10], q[9]
Gate( 4167)	cx q[11], q[10]
Gate( 4168)	cx q[9], q[11]
Gate( 4169)	 h q[10]
Gate( 4170)	 h q[9]
Gate( 4171)	 t q[12]
Gate( 4172)	 t q[7]
Gate( 4173)	 t q[9]
Gate( 4174)	cx q[7], q[12]
Gate( 4175)	cx q[9], q[7]
Gate( 4176)	cx q[12], q[9]
Gate( 4177)	tdg q[7]
Gate( 4178)	cx q[12], q[7]
Gate( 4179)	tdg q[12]
Gate( 4180)	tdg q[7]
Gate( 4181)	 t q[9]
Gate( 4182)	cx q[9], q[7]
Gate( 4183)	cx q[12], q[9]
Gate( 4184)	cx q[7], q[12]
Gate( 4185)	 h q[9]
Gate( 4186)	 h q[7]
Gate( 4187)	 t q[14]
Gate( 4188)	 t q[13]
Gate( 4189)	 t q[7]
Gate( 4190)	cx q[13], q[14]
Gate( 4191)	cx q[7], q[13]
Gate( 4192)	cx q[14], q[7]
Gate( 4193)	tdg q[13]
Gate( 4194)	cx q[14], q[13]
Gate( 4195)	tdg q[14]
Gate( 4196)	tdg q[13]
Gate( 4197)	 t q[7]
Gate( 4198)	cx q[7], q[13]
Gate( 4199)	cx q[14], q[7]
Gate( 4200)	cx q[13], q[14]
Gate( 4201)	 h q[7]
Gate( 4202)	 h q[9]
Gate( 4203)	 t q[12]
Gate( 4204)	 t q[7]
Gate( 4205)	 t q[9]
Gate( 4206)	cx q[7], q[12]
Gate( 4207)	cx q[9], q[7]
Gate( 4208)	cx q[12], q[9]
Gate( 4209)	tdg q[7]
Gate( 4210)	cx q[12], q[7]
Gate( 4211)	tdg q[12]
Gate( 4212)	tdg q[7]
Gate( 4213)	 t q[9]
Gate( 4214)	cx q[9], q[7]
Gate( 4215)	cx q[12], q[9]
Gate( 4216)	cx q[7], q[12]
Gate( 4217)	 h q[9]
Gate( 4218)	 h q[10]
Gate( 4219)	 t q[11]
Gate( 4220)	 t q[9]
Gate( 4221)	 t q[10]
Gate( 4222)	cx q[9], q[11]
Gate( 4223)	cx q[10], q[9]
Gate( 4224)	cx q[11], q[10]
Gate( 4225)	tdg q[9]
Gate( 4226)	cx q[11], q[9]
Gate( 4227)	tdg q[11]
Gate( 4228)	tdg q[9]
Gate( 4229)	 t q[10]
Gate( 4230)	cx q[10], q[9]
Gate( 4231)	cx q[11], q[10]
Gate( 4232)	cx q[9], q[11]
Gate( 4233)	 h q[10]
Gate( 4234)	 h q[1]
Gate( 4235)	 t q[8]
Gate( 4236)	 t q[10]
Gate( 4237)	 t q[1]
Gate( 4238)	cx q[10], q[8]
Gate( 4239)	cx q[1], q[10]
Gate( 4240)	cx q[8], q[1]
Gate( 4241)	tdg q[10]
Gate( 4242)	cx q[8], q[10]
Gate( 4243)	tdg q[8]
Gate( 4244)	tdg q[10]
Gate( 4245)	 t q[1]
Gate( 4246)	cx q[1], q[10]
Gate( 4247)	cx q[8], q[1]
Gate( 4248)	cx q[10], q[8]
Gate( 4249)	 h q[1]
Gate( 4250)	 h q[10]
Gate( 4251)	 t q[11]
Gate( 4252)	 t q[9]
Gate( 4253)	 t q[10]
Gate( 4254)	cx q[9], q[11]
Gate( 4255)	cx q[10], q[9]
Gate( 4256)	cx q[11], q[10]
Gate( 4257)	tdg q[9]
Gate( 4258)	cx q[11], q[9]
Gate( 4259)	tdg q[11]
Gate( 4260)	tdg q[9]
Gate( 4261)	 t q[10]
Gate( 4262)	cx q[10], q[9]
Gate( 4263)	cx q[11], q[10]
Gate( 4264)	cx q[9], q[11]
Gate( 4265)	 h q[10]
Gate( 4266)	 h q[9]
Gate( 4267)	 t q[12]
Gate( 4268)	 t q[7]
Gate( 4269)	 t q[9]
Gate( 4270)	cx q[7], q[12]
Gate( 4271)	cx q[9], q[7]
Gate( 4272)	cx q[12], q[9]
Gate( 4273)	tdg q[7]
Gate( 4274)	cx q[12], q[7]
Gate( 4275)	tdg q[12]
Gate( 4276)	tdg q[7]
Gate( 4277)	 t q[9]
Gate( 4278)	cx q[9], q[7]
Gate( 4279)	cx q[12], q[9]
Gate( 4280)	cx q[7], q[12]
Gate( 4281)	 h q[9]
Gate( 4282)	 h q[7]
Gate( 4283)	 t q[14]
Gate( 4284)	 t q[13]
Gate( 4285)	 t q[7]
Gate( 4286)	cx q[13], q[14]
Gate( 4287)	cx q[7], q[13]
Gate( 4288)	cx q[14], q[7]
Gate( 4289)	tdg q[13]
Gate( 4290)	cx q[14], q[13]
Gate( 4291)	tdg q[14]
Gate( 4292)	tdg q[13]
Gate( 4293)	 t q[7]
Gate( 4294)	cx q[7], q[13]
Gate( 4295)	cx q[14], q[7]
Gate( 4296)	cx q[13], q[14]
Gate( 4297)	 h q[7]
Gate( 4298)	 h q[9]
Gate( 4299)	 t q[12]
Gate( 4300)	 t q[7]
Gate( 4301)	 t q[9]
Gate( 4302)	cx q[7], q[12]
Gate( 4303)	cx q[9], q[7]
Gate( 4304)	cx q[12], q[9]
Gate( 4305)	tdg q[7]
Gate( 4306)	cx q[12], q[7]
Gate( 4307)	tdg q[12]
Gate( 4308)	tdg q[7]
Gate( 4309)	 t q[9]
Gate( 4310)	cx q[9], q[7]
Gate( 4311)	cx q[12], q[9]
Gate( 4312)	cx q[7], q[12]
Gate( 4313)	 h q[9]
Gate( 4314)	 h q[10]
Gate( 4315)	 t q[11]
Gate( 4316)	 t q[9]
Gate( 4317)	 t q[10]
Gate( 4318)	cx q[9], q[11]
Gate( 4319)	cx q[10], q[9]
Gate( 4320)	cx q[11], q[10]
Gate( 4321)	tdg q[9]
Gate( 4322)	cx q[11], q[9]
Gate( 4323)	tdg q[11]
Gate( 4324)	tdg q[9]
Gate( 4325)	 t q[10]
Gate( 4326)	cx q[10], q[9]
Gate( 4327)	cx q[11], q[10]
Gate( 4328)	cx q[9], q[11]
Gate( 4329)	 h q[10]
Gate( 4330)	 h q[1]
Gate( 4331)	 t q[8]
Gate( 4332)	 t q[10]
Gate( 4333)	 t q[1]
Gate( 4334)	cx q[10], q[8]
Gate( 4335)	cx q[1], q[10]
Gate( 4336)	cx q[8], q[1]
Gate( 4337)	tdg q[10]
Gate( 4338)	cx q[8], q[10]
Gate( 4339)	tdg q[8]
Gate( 4340)	tdg q[10]
Gate( 4341)	 t q[1]
Gate( 4342)	cx q[1], q[10]
Gate( 4343)	cx q[8], q[1]
Gate( 4344)	cx q[10], q[8]
Gate( 4345)	 h q[1]
Gate( 4346)	 h q[10]
Gate( 4347)	 t q[11]
Gate( 4348)	 t q[9]
Gate( 4349)	 t q[10]
Gate( 4350)	cx q[9], q[11]
Gate( 4351)	cx q[10], q[9]
Gate( 4352)	cx q[11], q[10]
Gate( 4353)	tdg q[9]
Gate( 4354)	cx q[11], q[9]
Gate( 4355)	tdg q[11]
Gate( 4356)	tdg q[9]
Gate( 4357)	 t q[10]
Gate( 4358)	cx q[10], q[9]
Gate( 4359)	cx q[11], q[10]
Gate( 4360)	cx q[9], q[11]
Gate( 4361)	 h q[10]
Gate( 4362)	 h q[9]
Gate( 4363)	 t q[12]
Gate( 4364)	 t q[7]
Gate( 4365)	 t q[9]
Gate( 4366)	cx q[7], q[12]
Gate( 4367)	cx q[9], q[7]
Gate( 4368)	cx q[12], q[9]
Gate( 4369)	tdg q[7]
Gate( 4370)	cx q[12], q[7]
Gate( 4371)	tdg q[12]
Gate( 4372)	tdg q[7]
Gate( 4373)	 t q[9]
Gate( 4374)	cx q[9], q[7]
Gate( 4375)	cx q[12], q[9]
Gate( 4376)	cx q[7], q[12]
Gate( 4377)	 h q[9]
Gate( 4378)	 h q[7]
Gate( 4379)	 t q[14]
Gate( 4380)	 t q[13]
Gate( 4381)	 t q[7]
Gate( 4382)	cx q[13], q[14]
Gate( 4383)	cx q[7], q[13]
Gate( 4384)	cx q[14], q[7]
Gate( 4385)	tdg q[13]
Gate( 4386)	cx q[14], q[13]
Gate( 4387)	tdg q[14]
Gate( 4388)	tdg q[13]
Gate( 4389)	 t q[7]
Gate( 4390)	cx q[7], q[13]
Gate( 4391)	cx q[14], q[7]
Gate( 4392)	cx q[13], q[14]
Gate( 4393)	 h q[7]
Gate( 4394)	 h q[9]
Gate( 4395)	 t q[12]
Gate( 4396)	 t q[7]
Gate( 4397)	 t q[9]
Gate( 4398)	cx q[7], q[12]
Gate( 4399)	cx q[9], q[7]
Gate( 4400)	cx q[12], q[9]
Gate( 4401)	tdg q[7]
Gate( 4402)	cx q[12], q[7]
Gate( 4403)	tdg q[12]
Gate( 4404)	tdg q[7]
Gate( 4405)	 t q[9]
Gate( 4406)	cx q[9], q[7]
Gate( 4407)	cx q[12], q[9]
Gate( 4408)	cx q[7], q[12]
Gate( 4409)	 h q[9]
Gate( 4410)	 h q[10]
Gate( 4411)	 t q[11]
Gate( 4412)	 t q[9]
Gate( 4413)	 t q[10]
Gate( 4414)	cx q[9], q[11]
Gate( 4415)	cx q[10], q[9]
Gate( 4416)	cx q[11], q[10]
Gate( 4417)	tdg q[9]
Gate( 4418)	cx q[11], q[9]
Gate( 4419)	tdg q[11]
Gate( 4420)	tdg q[9]
Gate( 4421)	 t q[10]
Gate( 4422)	cx q[10], q[9]
Gate( 4423)	cx q[11], q[10]
Gate( 4424)	cx q[9], q[11]
Gate( 4425)	 h q[10]
Gate( 4426)	 x q[13]
Gate( 4427)	 x q[7]
Gate( 4428)	 h q[3]
Gate( 4429)	 t q[7]
Gate( 4430)	 t q[11]
Gate( 4431)	 t q[3]
Gate( 4432)	cx q[11], q[7]
Gate( 4433)	cx q[3], q[11]
Gate( 4434)	cx q[7], q[3]
Gate( 4435)	tdg q[11]
Gate( 4436)	cx q[7], q[11]
Gate( 4437)	tdg q[7]
Gate( 4438)	tdg q[11]
Gate( 4439)	 t q[3]
Gate( 4440)	cx q[3], q[11]
Gate( 4441)	cx q[7], q[3]
Gate( 4442)	cx q[11], q[7]
Gate( 4443)	 h q[3]
Gate( 4444)	 h q[11]
Gate( 4445)	 t q[12]
Gate( 4446)	 t q[10]
Gate( 4447)	 t q[11]
Gate( 4448)	cx q[10], q[12]
Gate( 4449)	cx q[11], q[10]
Gate( 4450)	cx q[12], q[11]
Gate( 4451)	tdg q[10]
Gate( 4452)	cx q[12], q[10]
Gate( 4453)	tdg q[12]
Gate( 4454)	tdg q[10]
Gate( 4455)	 t q[11]
Gate( 4456)	cx q[11], q[10]
Gate( 4457)	cx q[12], q[11]
Gate( 4458)	cx q[10], q[12]
Gate( 4459)	 h q[11]
Gate( 4460)	 h q[10]
Gate( 4461)	 t q[14]
Gate( 4462)	 t q[13]
Gate( 4463)	 t q[10]
Gate( 4464)	cx q[13], q[14]
Gate( 4465)	cx q[10], q[13]
Gate( 4466)	cx q[14], q[10]
Gate( 4467)	tdg q[13]
Gate( 4468)	cx q[14], q[13]
Gate( 4469)	tdg q[14]
Gate( 4470)	tdg q[13]
Gate( 4471)	 t q[10]
Gate( 4472)	cx q[10], q[13]
Gate( 4473)	cx q[14], q[10]
Gate( 4474)	cx q[13], q[14]
Gate( 4475)	 h q[10]
Gate( 4476)	 h q[11]
Gate( 4477)	 t q[12]
Gate( 4478)	 t q[10]
Gate( 4479)	 t q[11]
Gate( 4480)	cx q[10], q[12]
Gate( 4481)	cx q[11], q[10]
Gate( 4482)	cx q[12], q[11]
Gate( 4483)	tdg q[10]
Gate( 4484)	cx q[12], q[10]
Gate( 4485)	tdg q[12]
Gate( 4486)	tdg q[10]
Gate( 4487)	 t q[11]
Gate( 4488)	cx q[11], q[10]
Gate( 4489)	cx q[12], q[11]
Gate( 4490)	cx q[10], q[12]
Gate( 4491)	 h q[11]
Gate( 4492)	 h q[3]
Gate( 4493)	 t q[7]
Gate( 4494)	 t q[11]
Gate( 4495)	 t q[3]
Gate( 4496)	cx q[11], q[7]
Gate( 4497)	cx q[3], q[11]
Gate( 4498)	cx q[7], q[3]
Gate( 4499)	tdg q[11]
Gate( 4500)	cx q[7], q[11]
Gate( 4501)	tdg q[7]
Gate( 4502)	tdg q[11]
Gate( 4503)	 t q[3]
Gate( 4504)	cx q[3], q[11]
Gate( 4505)	cx q[7], q[3]
Gate( 4506)	cx q[11], q[7]
Gate( 4507)	 h q[3]
Gate( 4508)	 h q[11]
Gate( 4509)	 t q[12]
Gate( 4510)	 t q[10]
Gate( 4511)	 t q[11]
Gate( 4512)	cx q[10], q[12]
Gate( 4513)	cx q[11], q[10]
Gate( 4514)	cx q[12], q[11]
Gate( 4515)	tdg q[10]
Gate( 4516)	cx q[12], q[10]
Gate( 4517)	tdg q[12]
Gate( 4518)	tdg q[10]
Gate( 4519)	 t q[11]
Gate( 4520)	cx q[11], q[10]
Gate( 4521)	cx q[12], q[11]
Gate( 4522)	cx q[10], q[12]
Gate( 4523)	 h q[11]
Gate( 4524)	 h q[10]
Gate( 4525)	 t q[14]
Gate( 4526)	 t q[13]
Gate( 4527)	 t q[10]
Gate( 4528)	cx q[13], q[14]
Gate( 4529)	cx q[10], q[13]
Gate( 4530)	cx q[14], q[10]
Gate( 4531)	tdg q[13]
Gate( 4532)	cx q[14], q[13]
Gate( 4533)	tdg q[14]
Gate( 4534)	tdg q[13]
Gate( 4535)	 t q[10]
Gate( 4536)	cx q[10], q[13]
Gate( 4537)	cx q[14], q[10]
Gate( 4538)	cx q[13], q[14]
Gate( 4539)	 h q[10]
Gate( 4540)	 h q[11]
Gate( 4541)	 t q[12]
Gate( 4542)	 t q[10]
Gate( 4543)	 t q[11]
Gate( 4544)	cx q[10], q[12]
Gate( 4545)	cx q[11], q[10]
Gate( 4546)	cx q[12], q[11]
Gate( 4547)	tdg q[10]
Gate( 4548)	cx q[12], q[10]
Gate( 4549)	tdg q[12]
Gate( 4550)	tdg q[10]
Gate( 4551)	 t q[11]
Gate( 4552)	cx q[11], q[10]
Gate( 4553)	cx q[12], q[11]
Gate( 4554)	cx q[10], q[12]
Gate( 4555)	 h q[11]
Gate( 4556)	 x q[10]
Gate( 4557)	 h q[3]
Gate( 4558)	 t q[7]
Gate( 4559)	 t q[9]
Gate( 4560)	 t q[3]
Gate( 4561)	cx q[9], q[7]
Gate( 4562)	cx q[3], q[9]
Gate( 4563)	cx q[7], q[3]
Gate( 4564)	tdg q[9]
Gate( 4565)	cx q[7], q[9]
Gate( 4566)	tdg q[7]
Gate( 4567)	tdg q[9]
Gate( 4568)	 t q[3]
Gate( 4569)	cx q[3], q[9]
Gate( 4570)	cx q[7], q[3]
Gate( 4571)	cx q[9], q[7]
Gate( 4572)	 h q[3]
Gate( 4573)	 h q[9]
Gate( 4574)	 t q[10]
Gate( 4575)	 t q[8]
Gate( 4576)	 t q[9]
Gate( 4577)	cx q[8], q[10]
Gate( 4578)	cx q[9], q[8]
Gate( 4579)	cx q[10], q[9]
Gate( 4580)	tdg q[8]
Gate( 4581)	cx q[10], q[8]
Gate( 4582)	tdg q[10]
Gate( 4583)	tdg q[8]
Gate( 4584)	 t q[9]
Gate( 4585)	cx q[9], q[8]
Gate( 4586)	cx q[10], q[9]
Gate( 4587)	cx q[8], q[10]
Gate( 4588)	 h q[9]
Gate( 4589)	 h q[8]
Gate( 4590)	 t q[11]
Gate( 4591)	 t q[6]
Gate( 4592)	 t q[8]
Gate( 4593)	cx q[6], q[11]
Gate( 4594)	cx q[8], q[6]
Gate( 4595)	cx q[11], q[8]
Gate( 4596)	tdg q[6]
Gate( 4597)	cx q[11], q[6]
Gate( 4598)	tdg q[11]
Gate( 4599)	tdg q[6]
Gate( 4600)	 t q[8]
Gate( 4601)	cx q[8], q[6]
Gate( 4602)	cx q[11], q[8]
Gate( 4603)	cx q[6], q[11]
Gate( 4604)	 h q[8]
Gate( 4605)	 h q[6]
Gate( 4606)	 t q[12]
Gate( 4607)	 t q[5]
Gate( 4608)	 t q[6]
Gate( 4609)	cx q[5], q[12]
Gate( 4610)	cx q[6], q[5]
Gate( 4611)	cx q[12], q[6]
Gate( 4612)	tdg q[5]
Gate( 4613)	cx q[12], q[5]
Gate( 4614)	tdg q[12]
Gate( 4615)	tdg q[5]
Gate( 4616)	 t q[6]
Gate( 4617)	cx q[6], q[5]
Gate( 4618)	cx q[12], q[6]
Gate( 4619)	cx q[5], q[12]
Gate( 4620)	 h q[6]
Gate( 4621)	 h q[5]
Gate( 4622)	 t q[14]
Gate( 4623)	 t q[13]
Gate( 4624)	 t q[5]
Gate( 4625)	cx q[13], q[14]
Gate( 4626)	cx q[5], q[13]
Gate( 4627)	cx q[14], q[5]
Gate( 4628)	tdg q[13]
Gate( 4629)	cx q[14], q[13]
Gate( 4630)	tdg q[14]
Gate( 4631)	tdg q[13]
Gate( 4632)	 t q[5]
Gate( 4633)	cx q[5], q[13]
Gate( 4634)	cx q[14], q[5]
Gate( 4635)	cx q[13], q[14]
Gate( 4636)	 h q[5]
Gate( 4637)	 h q[6]
Gate( 4638)	 t q[12]
Gate( 4639)	 t q[5]
Gate( 4640)	 t q[6]
Gate( 4641)	cx q[5], q[12]
Gate( 4642)	cx q[6], q[5]
Gate( 4643)	cx q[12], q[6]
Gate( 4644)	tdg q[5]
Gate( 4645)	cx q[12], q[5]
Gate( 4646)	tdg q[12]
Gate( 4647)	tdg q[5]
Gate( 4648)	 t q[6]
Gate( 4649)	cx q[6], q[5]
Gate( 4650)	cx q[12], q[6]
Gate( 4651)	cx q[5], q[12]
Gate( 4652)	 h q[6]
Gate( 4653)	 h q[8]
Gate( 4654)	 t q[11]
Gate( 4655)	 t q[6]
Gate( 4656)	 t q[8]
Gate( 4657)	cx q[6], q[11]
Gate( 4658)	cx q[8], q[6]
Gate( 4659)	cx q[11], q[8]
Gate( 4660)	tdg q[6]
Gate( 4661)	cx q[11], q[6]
Gate( 4662)	tdg q[11]
Gate( 4663)	tdg q[6]
Gate( 4664)	 t q[8]
Gate( 4665)	cx q[8], q[6]
Gate( 4666)	cx q[11], q[8]
Gate( 4667)	cx q[6], q[11]
Gate( 4668)	 h q[8]
Gate( 4669)	 h q[9]
Gate( 4670)	 t q[10]
Gate( 4671)	 t q[8]
Gate( 4672)	 t q[9]
Gate( 4673)	cx q[8], q[10]
Gate( 4674)	cx q[9], q[8]
Gate( 4675)	cx q[10], q[9]
Gate( 4676)	tdg q[8]
Gate( 4677)	cx q[10], q[8]
Gate( 4678)	tdg q[10]
Gate( 4679)	tdg q[8]
Gate( 4680)	 t q[9]
Gate( 4681)	cx q[9], q[8]
Gate( 4682)	cx q[10], q[9]
Gate( 4683)	cx q[8], q[10]
Gate( 4684)	 h q[9]
Gate( 4685)	 h q[3]
Gate( 4686)	 t q[7]
Gate( 4687)	 t q[9]
Gate( 4688)	 t q[3]
Gate( 4689)	cx q[9], q[7]
Gate( 4690)	cx q[3], q[9]
Gate( 4691)	cx q[7], q[3]
Gate( 4692)	tdg q[9]
Gate( 4693)	cx q[7], q[9]
Gate( 4694)	tdg q[7]
Gate( 4695)	tdg q[9]
Gate( 4696)	 t q[3]
Gate( 4697)	cx q[3], q[9]
Gate( 4698)	cx q[7], q[3]
Gate( 4699)	cx q[9], q[7]
Gate( 4700)	 h q[3]
Gate( 4701)	 h q[9]
Gate( 4702)	 t q[10]
Gate( 4703)	 t q[8]
Gate( 4704)	 t q[9]
Gate( 4705)	cx q[8], q[10]
Gate( 4706)	cx q[9], q[8]
Gate( 4707)	cx q[10], q[9]
Gate( 4708)	tdg q[8]
Gate( 4709)	cx q[10], q[8]
Gate( 4710)	tdg q[10]
Gate( 4711)	tdg q[8]
Gate( 4712)	 t q[9]
Gate( 4713)	cx q[9], q[8]
Gate( 4714)	cx q[10], q[9]
Gate( 4715)	cx q[8], q[10]
Gate( 4716)	 h q[9]
Gate( 4717)	 h q[8]
Gate( 4718)	 t q[11]
Gate( 4719)	 t q[6]
Gate( 4720)	 t q[8]
Gate( 4721)	cx q[6], q[11]
Gate( 4722)	cx q[8], q[6]
Gate( 4723)	cx q[11], q[8]
Gate( 4724)	tdg q[6]
Gate( 4725)	cx q[11], q[6]
Gate( 4726)	tdg q[11]
Gate( 4727)	tdg q[6]
Gate( 4728)	 t q[8]
Gate( 4729)	cx q[8], q[6]
Gate( 4730)	cx q[11], q[8]
Gate( 4731)	cx q[6], q[11]
Gate( 4732)	 h q[8]
Gate( 4733)	 h q[6]
Gate( 4734)	 t q[12]
Gate( 4735)	 t q[5]
Gate( 4736)	 t q[6]
Gate( 4737)	cx q[5], q[12]
Gate( 4738)	cx q[6], q[5]
Gate( 4739)	cx q[12], q[6]
Gate( 4740)	tdg q[5]
Gate( 4741)	cx q[12], q[5]
Gate( 4742)	tdg q[12]
Gate( 4743)	tdg q[5]
Gate( 4744)	 t q[6]
Gate( 4745)	cx q[6], q[5]
Gate( 4746)	cx q[12], q[6]
Gate( 4747)	cx q[5], q[12]
Gate( 4748)	 h q[6]
Gate( 4749)	 h q[5]
Gate( 4750)	 t q[14]
Gate( 4751)	 t q[13]
Gate( 4752)	 t q[5]
Gate( 4753)	cx q[13], q[14]
Gate( 4754)	cx q[5], q[13]
Gate( 4755)	cx q[14], q[5]
Gate( 4756)	tdg q[13]
Gate( 4757)	cx q[14], q[13]
Gate( 4758)	tdg q[14]
Gate( 4759)	tdg q[13]
Gate( 4760)	 t q[5]
Gate( 4761)	cx q[5], q[13]
Gate( 4762)	cx q[14], q[5]
Gate( 4763)	cx q[13], q[14]
Gate( 4764)	 h q[5]
Gate( 4765)	 h q[6]
Gate( 4766)	 t q[12]
Gate( 4767)	 t q[5]
Gate( 4768)	 t q[6]
Gate( 4769)	cx q[5], q[12]
Gate( 4770)	cx q[6], q[5]
Gate( 4771)	cx q[12], q[6]
Gate( 4772)	tdg q[5]
Gate( 4773)	cx q[12], q[5]
Gate( 4774)	tdg q[12]
Gate( 4775)	tdg q[5]
Gate( 4776)	 t q[6]
Gate( 4777)	cx q[6], q[5]
Gate( 4778)	cx q[12], q[6]
Gate( 4779)	cx q[5], q[12]
Gate( 4780)	 h q[6]
Gate( 4781)	 h q[8]
Gate( 4782)	 t q[11]
Gate( 4783)	 t q[6]
Gate( 4784)	 t q[8]
Gate( 4785)	cx q[6], q[11]
Gate( 4786)	cx q[8], q[6]
Gate( 4787)	cx q[11], q[8]
Gate( 4788)	tdg q[6]
Gate( 4789)	cx q[11], q[6]
Gate( 4790)	tdg q[11]
Gate( 4791)	tdg q[6]
Gate( 4792)	 t q[8]
Gate( 4793)	cx q[8], q[6]
Gate( 4794)	cx q[11], q[8]
Gate( 4795)	cx q[6], q[11]
Gate( 4796)	 h q[8]
Gate( 4797)	 h q[9]
Gate( 4798)	 t q[10]
Gate( 4799)	 t q[8]
Gate( 4800)	 t q[9]
Gate( 4801)	cx q[8], q[10]
Gate( 4802)	cx q[9], q[8]
Gate( 4803)	cx q[10], q[9]
Gate( 4804)	tdg q[8]
Gate( 4805)	cx q[10], q[8]
Gate( 4806)	tdg q[10]
Gate( 4807)	tdg q[8]
Gate( 4808)	 t q[9]
Gate( 4809)	cx q[9], q[8]
Gate( 4810)	cx q[10], q[9]
Gate( 4811)	cx q[8], q[10]
Gate( 4812)	 h q[9]

*** Option ***
Input file  : ../example/misex1_241.qasm
Output file : ../output/misex1_241.qasm

Generating Multi-QPU Architecture: 3 QPUs, each with 9 qubits

Skipping complex QPU Degree Graph (Using simple Star Topology meta-info)

=== Multi-QPU Interconnect Edges ===
initial_mapping

================ Interaction Graph ================
[Nodes]
  Node 0 (weight=1): edges -> 15 16 38 43 48 
  Node 1 (weight=1): edges -> 13 14 23 37 47 56 
  Node 2 (weight=1): edges -> 11 12 22 46 
  Node 3 (weight=1): edges -> 24 25 36 42 50 58 
  Node 4 (weight=1): edges -> 9 10 35 41 44 49 55 
  Node 5 (weight=1): edges -> 18 19 26 27 45 53 62 64 
  Node 6 (weight=1): edges -> 1 2 61 62 63 
  Node 7 (weight=1): edges -> 30 31 33 34 54 57 58 
  Node 8 (weight=1): edges -> 28 29 31 32 51 53 55 56 61 
  Node 9 (weight=1): edges -> 3 4 7 8 27 35 36 37 38 51 52 54 
  Node 10 (weight=1): edges -> 0 1 4 5 9 11 13 15 24 26 29 59 60 
  Node 11 (weight=1): edges -> 0 2 10 12 14 16 17 18 20 21 25 28 52 57 
  Node 12 (weight=1): edges -> 3 5 17 19 22 23 30 32 39 40 41 42 43 63 
  Node 13 (weight=1): edges -> 6 7 20 33 39 44 50 59 64 
  Node 14 (weight=1): edges -> 6 8 21 34 40 45 46 47 48 49 60 

[Edges]
  Edge 0 : q11 -- q10  weight=1216.2
  Edge 1 : q10 -- q6  weight=71
  Edge 2 : q6 -- q11  weight=168.2
  Edge 3 : q12 -- q9  weight=1385.4
  Edge 4 : q9 -- q10  weight=1472
  Edge 5 : q10 -- q12  weight=888.2
  Edge 6 : q14 -- q13  weight=1951.2
  Edge 7 : q13 -- q9  weight=391
  Edge 8 : q9 -- q14  weight=391
  Edge 9 : q10 -- q4  weight=131.8
  Edge 10 : q4 -- q11  weight=139
  Edge 11 : q10 -- q2  weight=71
  Edge 12 : q2 -- q11  weight=147
  Edge 13 : q10 -- q1  weight=139.4
  Edge 14 : q1 -- q11  weight=183
  Edge 15 : q10 -- q0  weight=139.4
  Edge 16 : q0 -- q11  weight=143
  Edge 17 : q12 -- q11  weight=505.8
  Edge 18 : q11 -- q5  weight=103
  Edge 19 : q5 -- q12  weight=182.2
  Edge 20 : q13 -- q11  weight=213.6
  Edge 21 : q11 -- q14  weight=381
  Edge 22 : q2 -- q12  weight=49
  Edge 23 : q1 -- q12  weight=85
  Edge 24 : q10 -- q3  weight=99.4
  Edge 25 : q3 -- q11  weight=131.8
  Edge 26 : q10 -- q5  weight=63.4
  Edge 27 : q5 -- q9  weight=31
  Edge 28 : q11 -- q8  weight=896.4
  Edge 29 : q8 -- q10  weight=600
  Edge 30 : q12 -- q7  weight=1120.2
  Edge 31 : q7 -- q8  weight=549.4
  Edge 32 : q8 -- q12  weight=549.4
  Edge 33 : q13 -- q7  weight=367.4
  Edge 34 : q7 -- q14  weight=367.4
  Edge 35 : q4 -- q9  weight=60.3
  Edge 36 : q3 -- q9  weight=92.7
  Edge 37 : q1 -- q9  weight=27.9
  Edge 38 : q0 -- q9  weight=60.3
  Edge 39 : q13 -- q12  weight=510.3
  Edge 40 : q12 -- q14  weight=562.5
  Edge 41 : q12 -- q4  weight=27.9
  Edge 42 : q12 -- q3  weight=27.9
  Edge 43 : q12 -- q0  weight=45.9
  Edge 44 : q13 -- q4  weight=27.9
  Edge 45 : q5 -- q14  weight=78.3
  Edge 46 : q2 -- q14  weight=45.9
  Edge 47 : q1 -- q14  weight=45.9
  Edge 48 : q0 -- q14  weight=45.9
  Edge 49 : q14 -- q4  weight=27.9
  Edge 50 : q13 -- q3  weight=25.11
  Edge 51 : q8 -- q9  weight=251.91
  Edge 52 : q9 -- q11  weight=478.71
  Edge 53 : q5 -- q8  weight=25.11
  Edge 54 : q7 -- q9  weight=235.71
  Edge 55 : q4 -- q8  weight=25.11
  Edge 56 : q1 -- q8  weight=25.11
  Edge 57 : q7 -- q11  weight=41.31
  Edge 58 : q3 -- q7  weight=57.51
  Edge 59 : q13 -- q10  weight=25.11
  Edge 60 : q10 -- q14  weight=25.11
  Edge 61 : q6 -- q8  weight=57.51
  Edge 62 : q5 -- q6  weight=57.51
  Edge 63 : q6 -- q12  weight=57.51
  Edge 64 : q13 -- q5  weight=25.11
===================================================


[METIS] Partitioning complete
Total Sum of Weight: 6758

===== InteractionGraph Subsets Complete =====

===== Building inter_Sub_edge (Cross-Sub Edges) =====

========== Cross-Subgraph Weighted Sums (Sorted) ==========

===== MATCHING START =====
[MATCH] Sub0 -> QPU0
[MATCH] Sub1 -> QPU1
[MATCH] Sub2 -> QPU2

===== MATCHING DONE =====

===================== initial_mapping END =====================
[START] main_mapping (Integrated Version)
[END] main_mapping completed. Added SWAP count: 352
*** Final Circuit ***
# add_2q_num: 352
# fidelity: 0

*** Time & Memory Measure ***
tasks                          Wtime      Ctime
PARSING                        0.265      0.019
GENERATE MULTI-QPU             0.268      0.022
INITIAL MAPPING                0.276      0.029
MAIN MAPPING                   0.288      0.042
END PROGRAM                    0.300      0.048

----------------------------------------
### VmPeak         FDSize:	64
### Memory Usage           : 10.0195 MB
