
================================================================
         Multi-QPU Mapping by Ajou University QCSS Lab          
================================================================
Gate(    0)	 h q[2]
Gate(    1)	 t q[8]
Gate(    2)	 t q[6]
Gate(    3)	 t q[2]
Gate(    4)	cx q[6], q[8]
Gate(    5)	cx q[2], q[6]
Gate(    6)	cx q[8], q[2]
Gate(    7)	tdg q[6]
Gate(    8)	cx q[8], q[6]
Gate(    9)	tdg q[8]
Gate(   10)	tdg q[6]
Gate(   11)	 t q[2]
Gate(   12)	cx q[2], q[6]
Gate(   13)	cx q[8], q[2]
Gate(   14)	cx q[6], q[8]
Gate(   15)	 h q[2]
Gate(   16)	 h q[0]
Gate(   17)	 t q[8]
Gate(   18)	 t q[6]
Gate(   19)	 t q[0]
Gate(   20)	cx q[6], q[8]
Gate(   21)	cx q[0], q[6]
Gate(   22)	cx q[8], q[0]
Gate(   23)	tdg q[6]
Gate(   24)	cx q[8], q[6]
Gate(   25)	tdg q[8]
Gate(   26)	tdg q[6]
Gate(   27)	 t q[0]
Gate(   28)	cx q[0], q[6]
Gate(   29)	cx q[8], q[0]
Gate(   30)	cx q[6], q[8]
Gate(   31)	 h q[0]
Gate(   32)	 h q[2]
Gate(   33)	 t q[9]
Gate(   34)	 t q[8]
Gate(   35)	 t q[2]
Gate(   36)	cx q[8], q[9]
Gate(   37)	cx q[2], q[8]
Gate(   38)	cx q[9], q[2]
Gate(   39)	tdg q[8]
Gate(   40)	cx q[9], q[8]
Gate(   41)	tdg q[9]
Gate(   42)	tdg q[8]
Gate(   43)	 t q[2]
Gate(   44)	cx q[2], q[8]
Gate(   45)	cx q[9], q[2]
Gate(   46)	cx q[8], q[9]
Gate(   47)	 h q[2]
Gate(   48)	 h q[0]
Gate(   49)	 t q[9]
Gate(   50)	 t q[8]
Gate(   51)	 t q[0]
Gate(   52)	cx q[8], q[9]
Gate(   53)	cx q[0], q[8]
Gate(   54)	cx q[9], q[0]
Gate(   55)	tdg q[8]
Gate(   56)	cx q[9], q[8]
Gate(   57)	tdg q[9]
Gate(   58)	tdg q[8]
Gate(   59)	 t q[0]
Gate(   60)	cx q[0], q[8]
Gate(   61)	cx q[9], q[0]
Gate(   62)	cx q[8], q[9]
Gate(   63)	 h q[0]
Gate(   64)	 h q[1]
Gate(   65)	 t q[8]
Gate(   66)	 t q[4]
Gate(   67)	 t q[1]
Gate(   68)	cx q[4], q[8]
Gate(   69)	cx q[1], q[4]
Gate(   70)	cx q[8], q[1]
Gate(   71)	tdg q[4]
Gate(   72)	cx q[8], q[4]
Gate(   73)	tdg q[8]
Gate(   74)	tdg q[4]
Gate(   75)	 t q[1]
Gate(   76)	cx q[1], q[4]
Gate(   77)	cx q[8], q[1]
Gate(   78)	cx q[4], q[8]
Gate(   79)	 h q[1]
Gate(   80)	 h q[2]
Gate(   81)	 t q[7]
Gate(   82)	 t q[4]
Gate(   83)	 t q[2]
Gate(   84)	cx q[4], q[7]
Gate(   85)	cx q[2], q[4]
Gate(   86)	cx q[7], q[2]
Gate(   87)	tdg q[4]
Gate(   88)	cx q[7], q[4]
Gate(   89)	tdg q[7]
Gate(   90)	tdg q[4]
Gate(   91)	 t q[2]
Gate(   92)	cx q[2], q[4]
Gate(   93)	cx q[7], q[2]
Gate(   94)	cx q[4], q[7]
Gate(   95)	 h q[2]
Gate(   96)	 h q[0]
Gate(   97)	 t q[7]
Gate(   98)	 t q[4]
Gate(   99)	 t q[0]
Gate(  100)	cx q[4], q[7]
Gate(  101)	cx q[0], q[4]
Gate(  102)	cx q[7], q[0]
Gate(  103)	tdg q[4]
Gate(  104)	cx q[7], q[4]
Gate(  105)	tdg q[7]
Gate(  106)	tdg q[4]
Gate(  107)	 t q[0]
Gate(  108)	cx q[0], q[4]
Gate(  109)	cx q[7], q[0]
Gate(  110)	cx q[4], q[7]
Gate(  111)	 h q[0]
Gate(  112)	cx q[6], q[2]
Gate(  113)	cx q[6], q[1]
Gate(  114)	 h q[2]
Gate(  115)	 t q[5]
Gate(  116)	 t q[4]
Gate(  117)	 t q[2]
Gate(  118)	cx q[4], q[5]
Gate(  119)	cx q[2], q[4]
Gate(  120)	cx q[5], q[2]
Gate(  121)	tdg q[4]
Gate(  122)	cx q[5], q[4]
Gate(  123)	tdg q[5]
Gate(  124)	tdg q[4]
Gate(  125)	 t q[2]
Gate(  126)	cx q[2], q[4]
Gate(  127)	cx q[5], q[2]
Gate(  128)	cx q[4], q[5]
Gate(  129)	 h q[2]
Gate(  130)	 h q[2]
Gate(  131)	 t q[9]
Gate(  132)	 t q[5]
Gate(  133)	 t q[2]
Gate(  134)	cx q[5], q[9]
Gate(  135)	cx q[2], q[5]
Gate(  136)	cx q[9], q[2]
Gate(  137)	tdg q[5]
Gate(  138)	cx q[9], q[5]
Gate(  139)	tdg q[9]
Gate(  140)	tdg q[5]
Gate(  141)	 t q[2]
Gate(  142)	cx q[2], q[5]
Gate(  143)	cx q[9], q[2]
Gate(  144)	cx q[5], q[9]
Gate(  145)	 h q[2]
Gate(  146)	 h q[1]
Gate(  147)	 t q[9]
Gate(  148)	 t q[5]
Gate(  149)	 t q[1]
Gate(  150)	cx q[5], q[9]
Gate(  151)	cx q[1], q[5]
Gate(  152)	cx q[9], q[1]
Gate(  153)	tdg q[5]
Gate(  154)	cx q[9], q[5]
Gate(  155)	tdg q[9]
Gate(  156)	tdg q[5]
Gate(  157)	 t q[1]
Gate(  158)	cx q[1], q[5]
Gate(  159)	cx q[9], q[1]
Gate(  160)	cx q[5], q[9]
Gate(  161)	 h q[1]
Gate(  162)	 h q[2]
Gate(  163)	 t q[9]
Gate(  164)	 t q[7]
Gate(  165)	 t q[2]
Gate(  166)	cx q[7], q[9]
Gate(  167)	cx q[2], q[7]
Gate(  168)	cx q[9], q[2]
Gate(  169)	tdg q[7]
Gate(  170)	cx q[9], q[7]
Gate(  171)	tdg q[9]
Gate(  172)	tdg q[7]
Gate(  173)	 t q[2]
Gate(  174)	cx q[2], q[7]
Gate(  175)	cx q[9], q[2]
Gate(  176)	cx q[7], q[9]
Gate(  177)	 h q[2]
Gate(  178)	 x q[8]
Gate(  179)	 h q[2]
Gate(  180)	 t q[8]
Gate(  181)	 t q[7]
Gate(  182)	 t q[2]
Gate(  183)	cx q[7], q[8]
Gate(  184)	cx q[2], q[7]
Gate(  185)	cx q[8], q[2]
Gate(  186)	tdg q[7]
Gate(  187)	cx q[8], q[7]
Gate(  188)	tdg q[8]
Gate(  189)	tdg q[7]
Gate(  190)	 t q[2]
Gate(  191)	cx q[2], q[7]
Gate(  192)	cx q[8], q[2]
Gate(  193)	cx q[7], q[8]
Gate(  194)	 h q[2]
Gate(  195)	 h q[0]
Gate(  196)	 t q[8]
Gate(  197)	 t q[7]
Gate(  198)	 t q[0]
Gate(  199)	cx q[7], q[8]
Gate(  200)	cx q[0], q[7]
Gate(  201)	cx q[8], q[0]
Gate(  202)	tdg q[7]
Gate(  203)	cx q[8], q[7]
Gate(  204)	tdg q[8]
Gate(  205)	tdg q[7]
Gate(  206)	 t q[0]
Gate(  207)	cx q[0], q[7]
Gate(  208)	cx q[8], q[0]
Gate(  209)	cx q[7], q[8]
Gate(  210)	 h q[0]
Gate(  211)	 h q[2]
Gate(  212)	 t q[3]
Gate(  213)	 t q[9]
Gate(  214)	 t q[2]
Gate(  215)	cx q[9], q[3]
Gate(  216)	cx q[2], q[9]
Gate(  217)	cx q[3], q[2]
Gate(  218)	tdg q[9]
Gate(  219)	cx q[3], q[9]
Gate(  220)	tdg q[3]
Gate(  221)	tdg q[9]
Gate(  222)	 t q[2]
Gate(  223)	cx q[2], q[9]
Gate(  224)	cx q[3], q[2]
Gate(  225)	cx q[9], q[3]
Gate(  226)	 h q[2]
Gate(  227)	 h q[9]
Gate(  228)	 t q[8]
Gate(  229)	 t q[5]
Gate(  230)	 t q[9]
Gate(  231)	cx q[5], q[8]
Gate(  232)	cx q[9], q[5]
Gate(  233)	cx q[8], q[9]
Gate(  234)	tdg q[5]
Gate(  235)	cx q[8], q[5]
Gate(  236)	tdg q[8]
Gate(  237)	tdg q[5]
Gate(  238)	 t q[9]
Gate(  239)	cx q[9], q[5]
Gate(  240)	cx q[8], q[9]
Gate(  241)	cx q[5], q[8]
Gate(  242)	 h q[9]
Gate(  243)	 h q[2]
Gate(  244)	 t q[3]
Gate(  245)	 t q[9]
Gate(  246)	 t q[2]
Gate(  247)	cx q[9], q[3]
Gate(  248)	cx q[2], q[9]
Gate(  249)	cx q[3], q[2]
Gate(  250)	tdg q[9]
Gate(  251)	cx q[3], q[9]
Gate(  252)	tdg q[3]
Gate(  253)	tdg q[9]
Gate(  254)	 t q[2]
Gate(  255)	cx q[2], q[9]
Gate(  256)	cx q[3], q[2]
Gate(  257)	cx q[9], q[3]
Gate(  258)	 h q[2]
Gate(  259)	 h q[9]
Gate(  260)	 t q[8]
Gate(  261)	 t q[5]
Gate(  262)	 t q[9]
Gate(  263)	cx q[5], q[8]
Gate(  264)	cx q[9], q[5]
Gate(  265)	cx q[8], q[9]
Gate(  266)	tdg q[5]
Gate(  267)	cx q[8], q[5]
Gate(  268)	tdg q[8]
Gate(  269)	tdg q[5]
Gate(  270)	 t q[9]
Gate(  271)	cx q[9], q[5]
Gate(  272)	cx q[8], q[9]
Gate(  273)	cx q[5], q[8]
Gate(  274)	 h q[9]
Gate(  275)	 h q[0]
Gate(  276)	 t q[3]
Gate(  277)	 t q[9]
Gate(  278)	 t q[0]
Gate(  279)	cx q[9], q[3]
Gate(  280)	cx q[0], q[9]
Gate(  281)	cx q[3], q[0]
Gate(  282)	tdg q[9]
Gate(  283)	cx q[3], q[9]
Gate(  284)	tdg q[3]
Gate(  285)	tdg q[9]
Gate(  286)	 t q[0]
Gate(  287)	cx q[0], q[9]
Gate(  288)	cx q[3], q[0]
Gate(  289)	cx q[9], q[3]
Gate(  290)	 h q[0]
Gate(  291)	 h q[9]
Gate(  292)	 t q[8]
Gate(  293)	 t q[5]
Gate(  294)	 t q[9]
Gate(  295)	cx q[5], q[8]
Gate(  296)	cx q[9], q[5]
Gate(  297)	cx q[8], q[9]
Gate(  298)	tdg q[5]
Gate(  299)	cx q[8], q[5]
Gate(  300)	tdg q[8]
Gate(  301)	tdg q[5]
Gate(  302)	 t q[9]
Gate(  303)	cx q[9], q[5]
Gate(  304)	cx q[8], q[9]
Gate(  305)	cx q[5], q[8]
Gate(  306)	 h q[9]
Gate(  307)	 h q[0]
Gate(  308)	 t q[3]
Gate(  309)	 t q[9]
Gate(  310)	 t q[0]
Gate(  311)	cx q[9], q[3]
Gate(  312)	cx q[0], q[9]
Gate(  313)	cx q[3], q[0]
Gate(  314)	tdg q[9]
Gate(  315)	cx q[3], q[9]
Gate(  316)	tdg q[3]
Gate(  317)	tdg q[9]
Gate(  318)	 t q[0]
Gate(  319)	cx q[0], q[9]
Gate(  320)	cx q[3], q[0]
Gate(  321)	cx q[9], q[3]
Gate(  322)	 h q[0]
Gate(  323)	 h q[9]
Gate(  324)	 t q[8]
Gate(  325)	 t q[5]
Gate(  326)	 t q[9]
Gate(  327)	cx q[5], q[8]
Gate(  328)	cx q[9], q[5]
Gate(  329)	cx q[8], q[9]
Gate(  330)	tdg q[5]
Gate(  331)	cx q[8], q[5]
Gate(  332)	tdg q[8]
Gate(  333)	tdg q[5]
Gate(  334)	 t q[9]
Gate(  335)	cx q[9], q[5]
Gate(  336)	cx q[8], q[9]
Gate(  337)	cx q[5], q[8]
Gate(  338)	 h q[9]
Gate(  339)	 h q[0]
Gate(  340)	 t q[3]
Gate(  341)	 t q[5]
Gate(  342)	 t q[0]
Gate(  343)	cx q[5], q[3]
Gate(  344)	cx q[0], q[5]
Gate(  345)	cx q[3], q[0]
Gate(  346)	tdg q[5]
Gate(  347)	cx q[3], q[5]
Gate(  348)	tdg q[3]
Gate(  349)	tdg q[5]
Gate(  350)	 t q[0]
Gate(  351)	cx q[0], q[5]
Gate(  352)	cx q[3], q[0]
Gate(  353)	cx q[5], q[3]
Gate(  354)	 h q[0]
Gate(  355)	 h q[5]
Gate(  356)	 t q[6]
Gate(  357)	 t q[4]
Gate(  358)	 t q[5]
Gate(  359)	cx q[4], q[6]
Gate(  360)	cx q[5], q[4]
Gate(  361)	cx q[6], q[5]
Gate(  362)	tdg q[4]
Gate(  363)	cx q[6], q[4]
Gate(  364)	tdg q[6]
Gate(  365)	tdg q[4]
Gate(  366)	 t q[5]
Gate(  367)	cx q[5], q[4]
Gate(  368)	cx q[6], q[5]
Gate(  369)	cx q[4], q[6]
Gate(  370)	 h q[5]
Gate(  371)	 h q[4]
Gate(  372)	 t q[7]
Gate(  373)	 t q[2]
Gate(  374)	 t q[4]
Gate(  375)	cx q[2], q[7]
Gate(  376)	cx q[4], q[2]
Gate(  377)	cx q[7], q[4]
Gate(  378)	tdg q[2]
Gate(  379)	cx q[7], q[2]
Gate(  380)	tdg q[7]
Gate(  381)	tdg q[2]
Gate(  382)	 t q[4]
Gate(  383)	cx q[4], q[2]
Gate(  384)	cx q[7], q[4]
Gate(  385)	cx q[2], q[7]
Gate(  386)	 h q[4]
Gate(  387)	 h q[2]
Gate(  388)	 t q[9]
Gate(  389)	 t q[8]
Gate(  390)	 t q[2]
Gate(  391)	cx q[8], q[9]
Gate(  392)	cx q[2], q[8]
Gate(  393)	cx q[9], q[2]
Gate(  394)	tdg q[8]
Gate(  395)	cx q[9], q[8]
Gate(  396)	tdg q[9]
Gate(  397)	tdg q[8]
Gate(  398)	 t q[2]
Gate(  399)	cx q[2], q[8]
Gate(  400)	cx q[9], q[2]
Gate(  401)	cx q[8], q[9]
Gate(  402)	 h q[2]
Gate(  403)	 h q[4]
Gate(  404)	 t q[7]
Gate(  405)	 t q[2]
Gate(  406)	 t q[4]
Gate(  407)	cx q[2], q[7]
Gate(  408)	cx q[4], q[2]
Gate(  409)	cx q[7], q[4]
Gate(  410)	tdg q[2]
Gate(  411)	cx q[7], q[2]
Gate(  412)	tdg q[7]
Gate(  413)	tdg q[2]
Gate(  414)	 t q[4]
Gate(  415)	cx q[4], q[2]
Gate(  416)	cx q[7], q[4]
Gate(  417)	cx q[2], q[7]
Gate(  418)	 h q[4]
Gate(  419)	 h q[5]
Gate(  420)	 t q[6]
Gate(  421)	 t q[4]
Gate(  422)	 t q[5]
Gate(  423)	cx q[4], q[6]
Gate(  424)	cx q[5], q[4]
Gate(  425)	cx q[6], q[5]
Gate(  426)	tdg q[4]
Gate(  427)	cx q[6], q[4]
Gate(  428)	tdg q[6]
Gate(  429)	tdg q[4]
Gate(  430)	 t q[5]
Gate(  431)	cx q[5], q[4]
Gate(  432)	cx q[6], q[5]
Gate(  433)	cx q[4], q[6]
Gate(  434)	 h q[5]
Gate(  435)	 h q[0]
Gate(  436)	 t q[3]
Gate(  437)	 t q[5]
Gate(  438)	 t q[0]
Gate(  439)	cx q[5], q[3]
Gate(  440)	cx q[0], q[5]
Gate(  441)	cx q[3], q[0]
Gate(  442)	tdg q[5]
Gate(  443)	cx q[3], q[5]
Gate(  444)	tdg q[3]
Gate(  445)	tdg q[5]
Gate(  446)	 t q[0]
Gate(  447)	cx q[0], q[5]
Gate(  448)	cx q[3], q[0]
Gate(  449)	cx q[5], q[3]
Gate(  450)	 h q[0]
Gate(  451)	 h q[5]
Gate(  452)	 t q[6]
Gate(  453)	 t q[4]
Gate(  454)	 t q[5]
Gate(  455)	cx q[4], q[6]
Gate(  456)	cx q[5], q[4]
Gate(  457)	cx q[6], q[5]
Gate(  458)	tdg q[4]
Gate(  459)	cx q[6], q[4]
Gate(  460)	tdg q[6]
Gate(  461)	tdg q[4]
Gate(  462)	 t q[5]
Gate(  463)	cx q[5], q[4]
Gate(  464)	cx q[6], q[5]
Gate(  465)	cx q[4], q[6]
Gate(  466)	 h q[5]
Gate(  467)	 h q[4]
Gate(  468)	 t q[7]
Gate(  469)	 t q[2]
Gate(  470)	 t q[4]
Gate(  471)	cx q[2], q[7]
Gate(  472)	cx q[4], q[2]
Gate(  473)	cx q[7], q[4]
Gate(  474)	tdg q[2]
Gate(  475)	cx q[7], q[2]
Gate(  476)	tdg q[7]
Gate(  477)	tdg q[2]
Gate(  478)	 t q[4]
Gate(  479)	cx q[4], q[2]
Gate(  480)	cx q[7], q[4]
Gate(  481)	cx q[2], q[7]
Gate(  482)	 h q[4]
Gate(  483)	 h q[2]
Gate(  484)	 t q[9]
Gate(  485)	 t q[8]
Gate(  486)	 t q[2]
Gate(  487)	cx q[8], q[9]
Gate(  488)	cx q[2], q[8]
Gate(  489)	cx q[9], q[2]
Gate(  490)	tdg q[8]
Gate(  491)	cx q[9], q[8]
Gate(  492)	tdg q[9]
Gate(  493)	tdg q[8]
Gate(  494)	 t q[2]
Gate(  495)	cx q[2], q[8]
Gate(  496)	cx q[9], q[2]
Gate(  497)	cx q[8], q[9]
Gate(  498)	 h q[2]
Gate(  499)	 h q[4]
Gate(  500)	 t q[7]
Gate(  501)	 t q[2]
Gate(  502)	 t q[4]
Gate(  503)	cx q[2], q[7]
Gate(  504)	cx q[4], q[2]
Gate(  505)	cx q[7], q[4]
Gate(  506)	tdg q[2]
Gate(  507)	cx q[7], q[2]
Gate(  508)	tdg q[7]
Gate(  509)	tdg q[2]
Gate(  510)	 t q[4]
Gate(  511)	cx q[4], q[2]
Gate(  512)	cx q[7], q[4]
Gate(  513)	cx q[2], q[7]
Gate(  514)	 h q[4]
Gate(  515)	 h q[5]
Gate(  516)	 t q[6]
Gate(  517)	 t q[4]
Gate(  518)	 t q[5]
Gate(  519)	cx q[4], q[6]
Gate(  520)	cx q[5], q[4]
Gate(  521)	cx q[6], q[5]
Gate(  522)	tdg q[4]
Gate(  523)	cx q[6], q[4]
Gate(  524)	tdg q[6]
Gate(  525)	tdg q[4]
Gate(  526)	 t q[5]
Gate(  527)	cx q[5], q[4]
Gate(  528)	cx q[6], q[5]
Gate(  529)	cx q[4], q[6]
Gate(  530)	 h q[5]
Gate(  531)	 h q[0]
Gate(  532)	 t q[3]
Gate(  533)	 t q[6]
Gate(  534)	 t q[0]
Gate(  535)	cx q[6], q[3]
Gate(  536)	cx q[0], q[6]
Gate(  537)	cx q[3], q[0]
Gate(  538)	tdg q[6]
Gate(  539)	cx q[3], q[6]
Gate(  540)	tdg q[3]
Gate(  541)	tdg q[6]
Gate(  542)	 t q[0]
Gate(  543)	cx q[0], q[6]
Gate(  544)	cx q[3], q[0]
Gate(  545)	cx q[6], q[3]
Gate(  546)	 h q[0]
Gate(  547)	 h q[6]
Gate(  548)	 t q[5]
Gate(  549)	 t q[4]
Gate(  550)	 t q[6]
Gate(  551)	cx q[4], q[5]
Gate(  552)	cx q[6], q[4]
Gate(  553)	cx q[5], q[6]
Gate(  554)	tdg q[4]
Gate(  555)	cx q[5], q[4]
Gate(  556)	tdg q[5]
Gate(  557)	tdg q[4]
Gate(  558)	 t q[6]
Gate(  559)	cx q[6], q[4]
Gate(  560)	cx q[5], q[6]
Gate(  561)	cx q[4], q[5]
Gate(  562)	 h q[6]
Gate(  563)	 h q[4]
Gate(  564)	 t q[7]
Gate(  565)	 t q[2]
Gate(  566)	 t q[4]
Gate(  567)	cx q[2], q[7]
Gate(  568)	cx q[4], q[2]
Gate(  569)	cx q[7], q[4]
Gate(  570)	tdg q[2]
Gate(  571)	cx q[7], q[2]
Gate(  572)	tdg q[7]
Gate(  573)	tdg q[2]
Gate(  574)	 t q[4]
Gate(  575)	cx q[4], q[2]
Gate(  576)	cx q[7], q[4]
Gate(  577)	cx q[2], q[7]
Gate(  578)	 h q[4]
Gate(  579)	 h q[2]
Gate(  580)	 t q[9]
Gate(  581)	 t q[8]
Gate(  582)	 t q[2]
Gate(  583)	cx q[8], q[9]
Gate(  584)	cx q[2], q[8]
Gate(  585)	cx q[9], q[2]
Gate(  586)	tdg q[8]
Gate(  587)	cx q[9], q[8]
Gate(  588)	tdg q[9]
Gate(  589)	tdg q[8]
Gate(  590)	 t q[2]
Gate(  591)	cx q[2], q[8]
Gate(  592)	cx q[9], q[2]
Gate(  593)	cx q[8], q[9]
Gate(  594)	 h q[2]
Gate(  595)	 h q[4]
Gate(  596)	 t q[7]
Gate(  597)	 t q[2]
Gate(  598)	 t q[4]
Gate(  599)	cx q[2], q[7]
Gate(  600)	cx q[4], q[2]
Gate(  601)	cx q[7], q[4]
Gate(  602)	tdg q[2]
Gate(  603)	cx q[7], q[2]
Gate(  604)	tdg q[7]
Gate(  605)	tdg q[2]
Gate(  606)	 t q[4]
Gate(  607)	cx q[4], q[2]
Gate(  608)	cx q[7], q[4]
Gate(  609)	cx q[2], q[7]
Gate(  610)	 h q[4]
Gate(  611)	 h q[6]
Gate(  612)	 t q[5]
Gate(  613)	 t q[4]
Gate(  614)	 t q[6]
Gate(  615)	cx q[4], q[5]
Gate(  616)	cx q[6], q[4]
Gate(  617)	cx q[5], q[6]
Gate(  618)	tdg q[4]
Gate(  619)	cx q[5], q[4]
Gate(  620)	tdg q[5]
Gate(  621)	tdg q[4]
Gate(  622)	 t q[6]
Gate(  623)	cx q[6], q[4]
Gate(  624)	cx q[5], q[6]
Gate(  625)	cx q[4], q[5]
Gate(  626)	 h q[6]
Gate(  627)	 h q[0]
Gate(  628)	 t q[3]
Gate(  629)	 t q[6]
Gate(  630)	 t q[0]
Gate(  631)	cx q[6], q[3]
Gate(  632)	cx q[0], q[6]
Gate(  633)	cx q[3], q[0]
Gate(  634)	tdg q[6]
Gate(  635)	cx q[3], q[6]
Gate(  636)	tdg q[3]
Gate(  637)	tdg q[6]
Gate(  638)	 t q[0]
Gate(  639)	cx q[0], q[6]
Gate(  640)	cx q[3], q[0]
Gate(  641)	cx q[6], q[3]
Gate(  642)	 h q[0]
Gate(  643)	 h q[6]
Gate(  644)	 t q[5]
Gate(  645)	 t q[4]
Gate(  646)	 t q[6]
Gate(  647)	cx q[4], q[5]
Gate(  648)	cx q[6], q[4]
Gate(  649)	cx q[5], q[6]
Gate(  650)	tdg q[4]
Gate(  651)	cx q[5], q[4]
Gate(  652)	tdg q[5]
Gate(  653)	tdg q[4]
Gate(  654)	 t q[6]
Gate(  655)	cx q[6], q[4]
Gate(  656)	cx q[5], q[6]
Gate(  657)	cx q[4], q[5]
Gate(  658)	 h q[6]
Gate(  659)	 h q[4]
Gate(  660)	 t q[7]
Gate(  661)	 t q[2]
Gate(  662)	 t q[4]
Gate(  663)	cx q[2], q[7]
Gate(  664)	cx q[4], q[2]
Gate(  665)	cx q[7], q[4]
Gate(  666)	tdg q[2]
Gate(  667)	cx q[7], q[2]
Gate(  668)	tdg q[7]
Gate(  669)	tdg q[2]
Gate(  670)	 t q[4]
Gate(  671)	cx q[4], q[2]
Gate(  672)	cx q[7], q[4]
Gate(  673)	cx q[2], q[7]
Gate(  674)	 h q[4]
Gate(  675)	 h q[2]
Gate(  676)	 t q[9]
Gate(  677)	 t q[8]
Gate(  678)	 t q[2]
Gate(  679)	cx q[8], q[9]
Gate(  680)	cx q[2], q[8]
Gate(  681)	cx q[9], q[2]
Gate(  682)	tdg q[8]
Gate(  683)	cx q[9], q[8]
Gate(  684)	tdg q[9]
Gate(  685)	tdg q[8]
Gate(  686)	 t q[2]
Gate(  687)	cx q[2], q[8]
Gate(  688)	cx q[9], q[2]
Gate(  689)	cx q[8], q[9]
Gate(  690)	 h q[2]
Gate(  691)	 h q[4]
Gate(  692)	 t q[7]
Gate(  693)	 t q[2]
Gate(  694)	 t q[4]
Gate(  695)	cx q[2], q[7]
Gate(  696)	cx q[4], q[2]
Gate(  697)	cx q[7], q[4]
Gate(  698)	tdg q[2]
Gate(  699)	cx q[7], q[2]
Gate(  700)	tdg q[7]
Gate(  701)	tdg q[2]
Gate(  702)	 t q[4]
Gate(  703)	cx q[4], q[2]
Gate(  704)	cx q[7], q[4]
Gate(  705)	cx q[2], q[7]
Gate(  706)	 h q[4]
Gate(  707)	 h q[6]
Gate(  708)	 t q[5]
Gate(  709)	 t q[4]
Gate(  710)	 t q[6]
Gate(  711)	cx q[4], q[5]
Gate(  712)	cx q[6], q[4]
Gate(  713)	cx q[5], q[6]
Gate(  714)	tdg q[4]
Gate(  715)	cx q[5], q[4]
Gate(  716)	tdg q[5]
Gate(  717)	tdg q[4]
Gate(  718)	 t q[6]
Gate(  719)	cx q[6], q[4]
Gate(  720)	cx q[5], q[6]
Gate(  721)	cx q[4], q[5]
Gate(  722)	 h q[6]
Gate(  723)	 h q[0]
Gate(  724)	 t q[4]
Gate(  725)	 t q[9]
Gate(  726)	 t q[0]
Gate(  727)	cx q[9], q[4]
Gate(  728)	cx q[0], q[9]
Gate(  729)	cx q[4], q[0]
Gate(  730)	tdg q[9]
Gate(  731)	cx q[4], q[9]
Gate(  732)	tdg q[4]
Gate(  733)	tdg q[9]
Gate(  734)	 t q[0]
Gate(  735)	cx q[0], q[9]
Gate(  736)	cx q[4], q[0]
Gate(  737)	cx q[9], q[4]
Gate(  738)	 h q[0]
Gate(  739)	 h q[9]
Gate(  740)	 t q[5]
Gate(  741)	 t q[3]
Gate(  742)	 t q[9]
Gate(  743)	cx q[3], q[5]
Gate(  744)	cx q[9], q[3]
Gate(  745)	cx q[5], q[9]
Gate(  746)	tdg q[3]
Gate(  747)	cx q[5], q[3]
Gate(  748)	tdg q[5]
Gate(  749)	tdg q[3]
Gate(  750)	 t q[9]
Gate(  751)	cx q[9], q[3]
Gate(  752)	cx q[5], q[9]
Gate(  753)	cx q[3], q[5]
Gate(  754)	 h q[9]
Gate(  755)	 h q[3]
Gate(  756)	 t q[6]
Gate(  757)	 t q[2]
Gate(  758)	 t q[3]
Gate(  759)	cx q[2], q[6]
Gate(  760)	cx q[3], q[2]
Gate(  761)	cx q[6], q[3]
Gate(  762)	tdg q[2]
Gate(  763)	cx q[6], q[2]
Gate(  764)	tdg q[6]
Gate(  765)	tdg q[2]
Gate(  766)	 t q[3]
Gate(  767)	cx q[3], q[2]
Gate(  768)	cx q[6], q[3]
Gate(  769)	cx q[2], q[6]
Gate(  770)	 h q[3]
Gate(  771)	 h q[2]
Gate(  772)	 t q[8]
Gate(  773)	 t q[7]
Gate(  774)	 t q[2]
Gate(  775)	cx q[7], q[8]
Gate(  776)	cx q[2], q[7]
Gate(  777)	cx q[8], q[2]
Gate(  778)	tdg q[7]
Gate(  779)	cx q[8], q[7]
Gate(  780)	tdg q[8]
Gate(  781)	tdg q[7]
Gate(  782)	 t q[2]
Gate(  783)	cx q[2], q[7]
Gate(  784)	cx q[8], q[2]
Gate(  785)	cx q[7], q[8]
Gate(  786)	 h q[2]
Gate(  787)	 h q[3]
Gate(  788)	 t q[6]
Gate(  789)	 t q[2]
Gate(  790)	 t q[3]
Gate(  791)	cx q[2], q[6]
Gate(  792)	cx q[3], q[2]
Gate(  793)	cx q[6], q[3]
Gate(  794)	tdg q[2]
Gate(  795)	cx q[6], q[2]
Gate(  796)	tdg q[6]
Gate(  797)	tdg q[2]
Gate(  798)	 t q[3]
Gate(  799)	cx q[3], q[2]
Gate(  800)	cx q[6], q[3]
Gate(  801)	cx q[2], q[6]
Gate(  802)	 h q[3]
Gate(  803)	 h q[9]
Gate(  804)	 t q[5]
Gate(  805)	 t q[3]
Gate(  806)	 t q[9]
Gate(  807)	cx q[3], q[5]
Gate(  808)	cx q[9], q[3]
Gate(  809)	cx q[5], q[9]
Gate(  810)	tdg q[3]
Gate(  811)	cx q[5], q[3]
Gate(  812)	tdg q[5]
Gate(  813)	tdg q[3]
Gate(  814)	 t q[9]
Gate(  815)	cx q[9], q[3]
Gate(  816)	cx q[5], q[9]
Gate(  817)	cx q[3], q[5]
Gate(  818)	 h q[9]
Gate(  819)	 h q[0]
Gate(  820)	 t q[4]
Gate(  821)	 t q[9]
Gate(  822)	 t q[0]
Gate(  823)	cx q[9], q[4]
Gate(  824)	cx q[0], q[9]
Gate(  825)	cx q[4], q[0]
Gate(  826)	tdg q[9]
Gate(  827)	cx q[4], q[9]
Gate(  828)	tdg q[4]
Gate(  829)	tdg q[9]
Gate(  830)	 t q[0]
Gate(  831)	cx q[0], q[9]
Gate(  832)	cx q[4], q[0]
Gate(  833)	cx q[9], q[4]
Gate(  834)	 h q[0]
Gate(  835)	 h q[9]
Gate(  836)	 t q[5]
Gate(  837)	 t q[3]
Gate(  838)	 t q[9]
Gate(  839)	cx q[3], q[5]
Gate(  840)	cx q[9], q[3]
Gate(  841)	cx q[5], q[9]
Gate(  842)	tdg q[3]
Gate(  843)	cx q[5], q[3]
Gate(  844)	tdg q[5]
Gate(  845)	tdg q[3]
Gate(  846)	 t q[9]
Gate(  847)	cx q[9], q[3]
Gate(  848)	cx q[5], q[9]
Gate(  849)	cx q[3], q[5]
Gate(  850)	 h q[9]
Gate(  851)	 h q[3]
Gate(  852)	 t q[6]
Gate(  853)	 t q[2]
Gate(  854)	 t q[3]
Gate(  855)	cx q[2], q[6]
Gate(  856)	cx q[3], q[2]
Gate(  857)	cx q[6], q[3]
Gate(  858)	tdg q[2]
Gate(  859)	cx q[6], q[2]
Gate(  860)	tdg q[6]
Gate(  861)	tdg q[2]
Gate(  862)	 t q[3]
Gate(  863)	cx q[3], q[2]
Gate(  864)	cx q[6], q[3]
Gate(  865)	cx q[2], q[6]
Gate(  866)	 h q[3]
Gate(  867)	 h q[2]
Gate(  868)	 t q[8]
Gate(  869)	 t q[7]
Gate(  870)	 t q[2]
Gate(  871)	cx q[7], q[8]
Gate(  872)	cx q[2], q[7]
Gate(  873)	cx q[8], q[2]
Gate(  874)	tdg q[7]
Gate(  875)	cx q[8], q[7]
Gate(  876)	tdg q[8]
Gate(  877)	tdg q[7]
Gate(  878)	 t q[2]
Gate(  879)	cx q[2], q[7]
Gate(  880)	cx q[8], q[2]
Gate(  881)	cx q[7], q[8]
Gate(  882)	 h q[2]
Gate(  883)	 h q[3]
Gate(  884)	 t q[6]
Gate(  885)	 t q[2]
Gate(  886)	 t q[3]
Gate(  887)	cx q[2], q[6]
Gate(  888)	cx q[3], q[2]
Gate(  889)	cx q[6], q[3]
Gate(  890)	tdg q[2]
Gate(  891)	cx q[6], q[2]
Gate(  892)	tdg q[6]
Gate(  893)	tdg q[2]
Gate(  894)	 t q[3]
Gate(  895)	cx q[3], q[2]
Gate(  896)	cx q[6], q[3]
Gate(  897)	cx q[2], q[6]
Gate(  898)	 h q[3]
Gate(  899)	 h q[9]
Gate(  900)	 t q[5]
Gate(  901)	 t q[3]
Gate(  902)	 t q[9]
Gate(  903)	cx q[3], q[5]
Gate(  904)	cx q[9], q[3]
Gate(  905)	cx q[5], q[9]
Gate(  906)	tdg q[3]
Gate(  907)	cx q[5], q[3]
Gate(  908)	tdg q[5]
Gate(  909)	tdg q[3]
Gate(  910)	 t q[9]
Gate(  911)	cx q[9], q[3]
Gate(  912)	cx q[5], q[9]
Gate(  913)	cx q[3], q[5]
Gate(  914)	 h q[9]
Gate(  915)	 h q[0]
Gate(  916)	 t q[4]
Gate(  917)	 t q[7]
Gate(  918)	 t q[0]
Gate(  919)	cx q[7], q[4]
Gate(  920)	cx q[0], q[7]
Gate(  921)	cx q[4], q[0]
Gate(  922)	tdg q[7]
Gate(  923)	cx q[4], q[7]
Gate(  924)	tdg q[4]
Gate(  925)	tdg q[7]
Gate(  926)	 t q[0]
Gate(  927)	cx q[0], q[7]
Gate(  928)	cx q[4], q[0]
Gate(  929)	cx q[7], q[4]
Gate(  930)	 h q[0]
Gate(  931)	 h q[7]
Gate(  932)	 t q[5]
Gate(  933)	 t q[3]
Gate(  934)	 t q[7]
Gate(  935)	cx q[3], q[5]
Gate(  936)	cx q[7], q[3]
Gate(  937)	cx q[5], q[7]
Gate(  938)	tdg q[3]
Gate(  939)	cx q[5], q[3]
Gate(  940)	tdg q[5]
Gate(  941)	tdg q[3]
Gate(  942)	 t q[7]
Gate(  943)	cx q[7], q[3]
Gate(  944)	cx q[5], q[7]
Gate(  945)	cx q[3], q[5]
Gate(  946)	 h q[7]
Gate(  947)	 h q[3]
Gate(  948)	 t q[6]
Gate(  949)	 t q[2]
Gate(  950)	 t q[3]
Gate(  951)	cx q[2], q[6]
Gate(  952)	cx q[3], q[2]
Gate(  953)	cx q[6], q[3]
Gate(  954)	tdg q[2]
Gate(  955)	cx q[6], q[2]
Gate(  956)	tdg q[6]
Gate(  957)	tdg q[2]
Gate(  958)	 t q[3]
Gate(  959)	cx q[3], q[2]
Gate(  960)	cx q[6], q[3]
Gate(  961)	cx q[2], q[6]
Gate(  962)	 h q[3]
Gate(  963)	 h q[2]
Gate(  964)	 t q[9]
Gate(  965)	 t q[8]
Gate(  966)	 t q[2]
Gate(  967)	cx q[8], q[9]
Gate(  968)	cx q[2], q[8]
Gate(  969)	cx q[9], q[2]
Gate(  970)	tdg q[8]
Gate(  971)	cx q[9], q[8]
Gate(  972)	tdg q[9]
Gate(  973)	tdg q[8]
Gate(  974)	 t q[2]
Gate(  975)	cx q[2], q[8]
Gate(  976)	cx q[9], q[2]
Gate(  977)	cx q[8], q[9]
Gate(  978)	 h q[2]
Gate(  979)	 h q[3]
Gate(  980)	 t q[6]
Gate(  981)	 t q[2]
Gate(  982)	 t q[3]
Gate(  983)	cx q[2], q[6]
Gate(  984)	cx q[3], q[2]
Gate(  985)	cx q[6], q[3]
Gate(  986)	tdg q[2]
Gate(  987)	cx q[6], q[2]
Gate(  988)	tdg q[6]
Gate(  989)	tdg q[2]
Gate(  990)	 t q[3]
Gate(  991)	cx q[3], q[2]
Gate(  992)	cx q[6], q[3]
Gate(  993)	cx q[2], q[6]
Gate(  994)	 h q[3]
Gate(  995)	 h q[7]
Gate(  996)	 t q[5]
Gate(  997)	 t q[3]
Gate(  998)	 t q[7]
Gate(  999)	cx q[3], q[5]
Gate( 1000)	cx q[7], q[3]
Gate( 1001)	cx q[5], q[7]
Gate( 1002)	tdg q[3]
Gate( 1003)	cx q[5], q[3]
Gate( 1004)	tdg q[5]
Gate( 1005)	tdg q[3]
Gate( 1006)	 t q[7]
Gate( 1007)	cx q[7], q[3]
Gate( 1008)	cx q[5], q[7]
Gate( 1009)	cx q[3], q[5]
Gate( 1010)	 h q[7]
Gate( 1011)	 h q[0]
Gate( 1012)	 t q[4]
Gate( 1013)	 t q[7]
Gate( 1014)	 t q[0]
Gate( 1015)	cx q[7], q[4]
Gate( 1016)	cx q[0], q[7]
Gate( 1017)	cx q[4], q[0]
Gate( 1018)	tdg q[7]
Gate( 1019)	cx q[4], q[7]
Gate( 1020)	tdg q[4]
Gate( 1021)	tdg q[7]
Gate( 1022)	 t q[0]
Gate( 1023)	cx q[0], q[7]
Gate( 1024)	cx q[4], q[0]
Gate( 1025)	cx q[7], q[4]
Gate( 1026)	 h q[0]
Gate( 1027)	 h q[7]
Gate( 1028)	 t q[5]
Gate( 1029)	 t q[3]
Gate( 1030)	 t q[7]
Gate( 1031)	cx q[3], q[5]
Gate( 1032)	cx q[7], q[3]
Gate( 1033)	cx q[5], q[7]
Gate( 1034)	tdg q[3]
Gate( 1035)	cx q[5], q[3]
Gate( 1036)	tdg q[5]
Gate( 1037)	tdg q[3]
Gate( 1038)	 t q[7]
Gate( 1039)	cx q[7], q[3]
Gate( 1040)	cx q[5], q[7]
Gate( 1041)	cx q[3], q[5]
Gate( 1042)	 h q[7]
Gate( 1043)	 h q[3]
Gate( 1044)	 t q[6]
Gate( 1045)	 t q[2]
Gate( 1046)	 t q[3]
Gate( 1047)	cx q[2], q[6]
Gate( 1048)	cx q[3], q[2]
Gate( 1049)	cx q[6], q[3]
Gate( 1050)	tdg q[2]
Gate( 1051)	cx q[6], q[2]
Gate( 1052)	tdg q[6]
Gate( 1053)	tdg q[2]
Gate( 1054)	 t q[3]
Gate( 1055)	cx q[3], q[2]
Gate( 1056)	cx q[6], q[3]
Gate( 1057)	cx q[2], q[6]
Gate( 1058)	 h q[3]
Gate( 1059)	 h q[2]
Gate( 1060)	 t q[9]
Gate( 1061)	 t q[8]
Gate( 1062)	 t q[2]
Gate( 1063)	cx q[8], q[9]
Gate( 1064)	cx q[2], q[8]
Gate( 1065)	cx q[9], q[2]
Gate( 1066)	tdg q[8]
Gate( 1067)	cx q[9], q[8]
Gate( 1068)	tdg q[9]
Gate( 1069)	tdg q[8]
Gate( 1070)	 t q[2]
Gate( 1071)	cx q[2], q[8]
Gate( 1072)	cx q[9], q[2]
Gate( 1073)	cx q[8], q[9]
Gate( 1074)	 h q[2]
Gate( 1075)	 h q[3]
Gate( 1076)	 t q[6]
Gate( 1077)	 t q[2]
Gate( 1078)	 t q[3]
Gate( 1079)	cx q[2], q[6]
Gate( 1080)	cx q[3], q[2]
Gate( 1081)	cx q[6], q[3]
Gate( 1082)	tdg q[2]
Gate( 1083)	cx q[6], q[2]
Gate( 1084)	tdg q[6]
Gate( 1085)	tdg q[2]
Gate( 1086)	 t q[3]
Gate( 1087)	cx q[3], q[2]
Gate( 1088)	cx q[6], q[3]
Gate( 1089)	cx q[2], q[6]
Gate( 1090)	 h q[3]
Gate( 1091)	 h q[7]
Gate( 1092)	 t q[5]
Gate( 1093)	 t q[3]
Gate( 1094)	 t q[7]
Gate( 1095)	cx q[3], q[5]
Gate( 1096)	cx q[7], q[3]
Gate( 1097)	cx q[5], q[7]
Gate( 1098)	tdg q[3]
Gate( 1099)	cx q[5], q[3]
Gate( 1100)	tdg q[5]
Gate( 1101)	tdg q[3]
Gate( 1102)	 t q[7]
Gate( 1103)	cx q[7], q[3]
Gate( 1104)	cx q[5], q[7]
Gate( 1105)	cx q[3], q[5]
Gate( 1106)	 h q[7]
Gate( 1107)	 x q[8]
Gate( 1108)	 x q[3]
Gate( 1109)	 h q[2]
Gate( 1110)	 t q[9]
Gate( 1111)	 t q[3]
Gate( 1112)	 t q[2]
Gate( 1113)	cx q[3], q[9]
Gate( 1114)	cx q[2], q[3]
Gate( 1115)	cx q[9], q[2]
Gate( 1116)	tdg q[3]
Gate( 1117)	cx q[9], q[3]
Gate( 1118)	tdg q[9]
Gate( 1119)	tdg q[3]
Gate( 1120)	 t q[2]
Gate( 1121)	cx q[2], q[3]
Gate( 1122)	cx q[9], q[2]
Gate( 1123)	cx q[3], q[9]
Gate( 1124)	 h q[2]
Gate( 1125)	 h q[2]
Gate( 1126)	 t q[7]
Gate( 1127)	 t q[3]
Gate( 1128)	 t q[2]
Gate( 1129)	cx q[3], q[7]
Gate( 1130)	cx q[2], q[3]
Gate( 1131)	cx q[7], q[2]
Gate( 1132)	tdg q[3]
Gate( 1133)	cx q[7], q[3]
Gate( 1134)	tdg q[7]
Gate( 1135)	tdg q[3]
Gate( 1136)	 t q[2]
Gate( 1137)	cx q[2], q[3]
Gate( 1138)	cx q[7], q[2]
Gate( 1139)	cx q[3], q[7]
Gate( 1140)	 h q[2]
Gate( 1141)	 h q[1]
Gate( 1142)	 t q[7]
Gate( 1143)	 t q[3]
Gate( 1144)	 t q[1]
Gate( 1145)	cx q[3], q[7]
Gate( 1146)	cx q[1], q[3]
Gate( 1147)	cx q[7], q[1]
Gate( 1148)	tdg q[3]
Gate( 1149)	cx q[7], q[3]
Gate( 1150)	tdg q[7]
Gate( 1151)	tdg q[3]
Gate( 1152)	 t q[1]
Gate( 1153)	cx q[1], q[3]
Gate( 1154)	cx q[7], q[1]
Gate( 1155)	cx q[3], q[7]
Gate( 1156)	 h q[1]
Gate( 1157)	 h q[0]
Gate( 1158)	 t q[7]
Gate( 1159)	 t q[3]
Gate( 1160)	 t q[0]
Gate( 1161)	cx q[3], q[7]
Gate( 1162)	cx q[0], q[3]
Gate( 1163)	cx q[7], q[0]
Gate( 1164)	tdg q[3]
Gate( 1165)	cx q[7], q[3]
Gate( 1166)	tdg q[7]
Gate( 1167)	tdg q[3]
Gate( 1168)	 t q[0]
Gate( 1169)	cx q[0], q[3]
Gate( 1170)	cx q[7], q[0]
Gate( 1171)	cx q[3], q[7]
Gate( 1172)	 h q[0]
Gate( 1173)	 h q[0]
Gate( 1174)	 t q[3]
Gate( 1175)	 t q[9]
Gate( 1176)	 t q[0]
Gate( 1177)	cx q[9], q[3]
Gate( 1178)	cx q[0], q[9]
Gate( 1179)	cx q[3], q[0]
Gate( 1180)	tdg q[9]
Gate( 1181)	cx q[3], q[9]
Gate( 1182)	tdg q[3]
Gate( 1183)	tdg q[9]
Gate( 1184)	 t q[0]
Gate( 1185)	cx q[0], q[9]
Gate( 1186)	cx q[3], q[0]
Gate( 1187)	cx q[9], q[3]
Gate( 1188)	 h q[0]
Gate( 1189)	 h q[9]
Gate( 1190)	 t q[4]
Gate( 1191)	 t q[7]
Gate( 1192)	 t q[9]
Gate( 1193)	cx q[7], q[4]
Gate( 1194)	cx q[9], q[7]
Gate( 1195)	cx q[4], q[9]
Gate( 1196)	tdg q[7]
Gate( 1197)	cx q[4], q[7]
Gate( 1198)	tdg q[4]
Gate( 1199)	tdg q[7]
Gate( 1200)	 t q[9]
Gate( 1201)	cx q[9], q[7]
Gate( 1202)	cx q[4], q[9]
Gate( 1203)	cx q[7], q[4]
Gate( 1204)	 h q[9]
Gate( 1205)	 h q[7]
Gate( 1206)	 t q[5]
Gate( 1207)	 t q[2]
Gate( 1208)	 t q[7]
Gate( 1209)	cx q[2], q[5]
Gate( 1210)	cx q[7], q[2]
Gate( 1211)	cx q[5], q[7]
Gate( 1212)	tdg q[2]
Gate( 1213)	cx q[5], q[2]
Gate( 1214)	tdg q[5]
Gate( 1215)	tdg q[2]
Gate( 1216)	 t q[7]
Gate( 1217)	cx q[7], q[2]
Gate( 1218)	cx q[5], q[7]
Gate( 1219)	cx q[2], q[5]
Gate( 1220)	 h q[7]
Gate( 1221)	 h q[2]
Gate( 1222)	 t q[8]
Gate( 1223)	 t q[6]
Gate( 1224)	 t q[2]
Gate( 1225)	cx q[6], q[8]
Gate( 1226)	cx q[2], q[6]
Gate( 1227)	cx q[8], q[2]
Gate( 1228)	tdg q[6]
Gate( 1229)	cx q[8], q[6]
Gate( 1230)	tdg q[8]
Gate( 1231)	tdg q[6]
Gate( 1232)	 t q[2]
Gate( 1233)	cx q[2], q[6]
Gate( 1234)	cx q[8], q[2]
Gate( 1235)	cx q[6], q[8]
Gate( 1236)	 h q[2]
Gate( 1237)	 h q[7]
Gate( 1238)	 t q[5]
Gate( 1239)	 t q[2]
Gate( 1240)	 t q[7]
Gate( 1241)	cx q[2], q[5]
Gate( 1242)	cx q[7], q[2]
Gate( 1243)	cx q[5], q[7]
Gate( 1244)	tdg q[2]
Gate( 1245)	cx q[5], q[2]
Gate( 1246)	tdg q[5]
Gate( 1247)	tdg q[2]
Gate( 1248)	 t q[7]
Gate( 1249)	cx q[7], q[2]
Gate( 1250)	cx q[5], q[7]
Gate( 1251)	cx q[2], q[5]
Gate( 1252)	 h q[7]
Gate( 1253)	 h q[9]
Gate( 1254)	 t q[4]
Gate( 1255)	 t q[7]
Gate( 1256)	 t q[9]
Gate( 1257)	cx q[7], q[4]
Gate( 1258)	cx q[9], q[7]
Gate( 1259)	cx q[4], q[9]
Gate( 1260)	tdg q[7]
Gate( 1261)	cx q[4], q[7]
Gate( 1262)	tdg q[4]
Gate( 1263)	tdg q[7]
Gate( 1264)	 t q[9]
Gate( 1265)	cx q[9], q[7]
Gate( 1266)	cx q[4], q[9]
Gate( 1267)	cx q[7], q[4]
Gate( 1268)	 h q[9]
Gate( 1269)	 h q[0]
Gate( 1270)	 t q[3]
Gate( 1271)	 t q[9]
Gate( 1272)	 t q[0]
Gate( 1273)	cx q[9], q[3]
Gate( 1274)	cx q[0], q[9]
Gate( 1275)	cx q[3], q[0]
Gate( 1276)	tdg q[9]
Gate( 1277)	cx q[3], q[9]
Gate( 1278)	tdg q[3]
Gate( 1279)	tdg q[9]
Gate( 1280)	 t q[0]
Gate( 1281)	cx q[0], q[9]
Gate( 1282)	cx q[3], q[0]
Gate( 1283)	cx q[9], q[3]
Gate( 1284)	 h q[0]
Gate( 1285)	 h q[9]
Gate( 1286)	 t q[4]
Gate( 1287)	 t q[7]
Gate( 1288)	 t q[9]
Gate( 1289)	cx q[7], q[4]
Gate( 1290)	cx q[9], q[7]
Gate( 1291)	cx q[4], q[9]
Gate( 1292)	tdg q[7]
Gate( 1293)	cx q[4], q[7]
Gate( 1294)	tdg q[4]
Gate( 1295)	tdg q[7]
Gate( 1296)	 t q[9]
Gate( 1297)	cx q[9], q[7]
Gate( 1298)	cx q[4], q[9]
Gate( 1299)	cx q[7], q[4]
Gate( 1300)	 h q[9]
Gate( 1301)	 h q[7]
Gate( 1302)	 t q[5]
Gate( 1303)	 t q[2]
Gate( 1304)	 t q[7]
Gate( 1305)	cx q[2], q[5]
Gate( 1306)	cx q[7], q[2]
Gate( 1307)	cx q[5], q[7]
Gate( 1308)	tdg q[2]
Gate( 1309)	cx q[5], q[2]
Gate( 1310)	tdg q[5]
Gate( 1311)	tdg q[2]
Gate( 1312)	 t q[7]
Gate( 1313)	cx q[7], q[2]
Gate( 1314)	cx q[5], q[7]
Gate( 1315)	cx q[2], q[5]
Gate( 1316)	 h q[7]
Gate( 1317)	 h q[2]
Gate( 1318)	 t q[8]
Gate( 1319)	 t q[6]
Gate( 1320)	 t q[2]
Gate( 1321)	cx q[6], q[8]
Gate( 1322)	cx q[2], q[6]
Gate( 1323)	cx q[8], q[2]
Gate( 1324)	tdg q[6]
Gate( 1325)	cx q[8], q[6]
Gate( 1326)	tdg q[8]
Gate( 1327)	tdg q[6]
Gate( 1328)	 t q[2]
Gate( 1329)	cx q[2], q[6]
Gate( 1330)	cx q[8], q[2]
Gate( 1331)	cx q[6], q[8]
Gate( 1332)	 h q[2]
Gate( 1333)	 h q[7]
Gate( 1334)	 t q[5]
Gate( 1335)	 t q[2]
Gate( 1336)	 t q[7]
Gate( 1337)	cx q[2], q[5]
Gate( 1338)	cx q[7], q[2]
Gate( 1339)	cx q[5], q[7]
Gate( 1340)	tdg q[2]
Gate( 1341)	cx q[5], q[2]
Gate( 1342)	tdg q[5]
Gate( 1343)	tdg q[2]
Gate( 1344)	 t q[7]
Gate( 1345)	cx q[7], q[2]
Gate( 1346)	cx q[5], q[7]
Gate( 1347)	cx q[2], q[5]
Gate( 1348)	 h q[7]
Gate( 1349)	 h q[9]
Gate( 1350)	 t q[4]
Gate( 1351)	 t q[7]
Gate( 1352)	 t q[9]
Gate( 1353)	cx q[7], q[4]
Gate( 1354)	cx q[9], q[7]
Gate( 1355)	cx q[4], q[9]
Gate( 1356)	tdg q[7]
Gate( 1357)	cx q[4], q[7]
Gate( 1358)	tdg q[4]
Gate( 1359)	tdg q[7]
Gate( 1360)	 t q[9]
Gate( 1361)	cx q[9], q[7]
Gate( 1362)	cx q[4], q[9]
Gate( 1363)	cx q[7], q[4]
Gate( 1364)	 h q[9]
Gate( 1365)	 x q[4]
Gate( 1366)	 h q[2]
Gate( 1367)	 t q[4]
Gate( 1368)	 t q[3]
Gate( 1369)	 t q[2]
Gate( 1370)	cx q[3], q[4]
Gate( 1371)	cx q[2], q[3]
Gate( 1372)	cx q[4], q[2]
Gate( 1373)	tdg q[3]
Gate( 1374)	cx q[4], q[3]
Gate( 1375)	tdg q[4]
Gate( 1376)	tdg q[3]
Gate( 1377)	 t q[2]
Gate( 1378)	cx q[2], q[3]
Gate( 1379)	cx q[4], q[2]
Gate( 1380)	cx q[3], q[4]
Gate( 1381)	 h q[2]
Gate( 1382)	 h q[0]
Gate( 1383)	 t q[4]
Gate( 1384)	 t q[3]
Gate( 1385)	 t q[0]
Gate( 1386)	cx q[3], q[4]
Gate( 1387)	cx q[0], q[3]
Gate( 1388)	cx q[4], q[0]
Gate( 1389)	tdg q[3]
Gate( 1390)	cx q[4], q[3]
Gate( 1391)	tdg q[4]
Gate( 1392)	tdg q[3]
Gate( 1393)	 t q[0]
Gate( 1394)	cx q[0], q[3]
Gate( 1395)	cx q[4], q[0]
Gate( 1396)	cx q[3], q[4]
Gate( 1397)	 h q[0]
Gate( 1398)	 h q[1]
Gate( 1399)	 t q[6]
Gate( 1400)	 t q[8]
Gate( 1401)	 t q[1]
Gate( 1402)	cx q[8], q[6]
Gate( 1403)	cx q[1], q[8]
Gate( 1404)	cx q[6], q[1]
Gate( 1405)	tdg q[8]
Gate( 1406)	cx q[6], q[8]
Gate( 1407)	tdg q[6]
Gate( 1408)	tdg q[8]
Gate( 1409)	 t q[1]
Gate( 1410)	cx q[1], q[8]
Gate( 1411)	cx q[6], q[1]
Gate( 1412)	cx q[8], q[6]
Gate( 1413)	 h q[1]
Gate( 1414)	 h q[8]
Gate( 1415)	 t q[9]
Gate( 1416)	 t q[7]
Gate( 1417)	 t q[8]
Gate( 1418)	cx q[7], q[9]
Gate( 1419)	cx q[8], q[7]
Gate( 1420)	cx q[9], q[8]
Gate( 1421)	tdg q[7]
Gate( 1422)	cx q[9], q[7]
Gate( 1423)	tdg q[9]
Gate( 1424)	tdg q[7]
Gate( 1425)	 t q[8]
Gate( 1426)	cx q[8], q[7]
Gate( 1427)	cx q[9], q[8]
Gate( 1428)	cx q[7], q[9]
Gate( 1429)	 h q[8]
Gate( 1430)	 h q[1]
Gate( 1431)	 t q[6]
Gate( 1432)	 t q[8]
Gate( 1433)	 t q[1]
Gate( 1434)	cx q[8], q[6]
Gate( 1435)	cx q[1], q[8]
Gate( 1436)	cx q[6], q[1]
Gate( 1437)	tdg q[8]
Gate( 1438)	cx q[6], q[8]
Gate( 1439)	tdg q[6]
Gate( 1440)	tdg q[8]
Gate( 1441)	 t q[1]
Gate( 1442)	cx q[1], q[8]
Gate( 1443)	cx q[6], q[1]
Gate( 1444)	cx q[8], q[6]
Gate( 1445)	 h q[1]
Gate( 1446)	 h q[8]
Gate( 1447)	 t q[9]
Gate( 1448)	 t q[7]
Gate( 1449)	 t q[8]
Gate( 1450)	cx q[7], q[9]
Gate( 1451)	cx q[8], q[7]
Gate( 1452)	cx q[9], q[8]
Gate( 1453)	tdg q[7]
Gate( 1454)	cx q[9], q[7]
Gate( 1455)	tdg q[9]
Gate( 1456)	tdg q[7]
Gate( 1457)	 t q[8]
Gate( 1458)	cx q[8], q[7]
Gate( 1459)	cx q[9], q[8]
Gate( 1460)	cx q[7], q[9]
Gate( 1461)	 h q[8]
Gate( 1462)	 h q[0]
Gate( 1463)	 t q[1]
Gate( 1464)	 t q[9]
Gate( 1465)	 t q[0]
Gate( 1466)	cx q[9], q[1]
Gate( 1467)	cx q[0], q[9]
Gate( 1468)	cx q[1], q[0]
Gate( 1469)	tdg q[9]
Gate( 1470)	cx q[1], q[9]
Gate( 1471)	tdg q[1]
Gate( 1472)	tdg q[9]
Gate( 1473)	 t q[0]
Gate( 1474)	cx q[0], q[9]
Gate( 1475)	cx q[1], q[0]
Gate( 1476)	cx q[9], q[1]
Gate( 1477)	 h q[0]
Gate( 1478)	 h q[9]
Gate( 1479)	 t q[3]
Gate( 1480)	 t q[8]
Gate( 1481)	 t q[9]
Gate( 1482)	cx q[8], q[3]
Gate( 1483)	cx q[9], q[8]
Gate( 1484)	cx q[3], q[9]
Gate( 1485)	tdg q[8]
Gate( 1486)	cx q[3], q[8]
Gate( 1487)	tdg q[3]
Gate( 1488)	tdg q[8]
Gate( 1489)	 t q[9]
Gate( 1490)	cx q[9], q[8]
Gate( 1491)	cx q[3], q[9]
Gate( 1492)	cx q[8], q[3]
Gate( 1493)	 h q[9]
Gate( 1494)	 h q[8]
Gate( 1495)	 t q[5]
Gate( 1496)	 t q[4]
Gate( 1497)	 t q[8]
Gate( 1498)	cx q[4], q[5]
Gate( 1499)	cx q[8], q[4]
Gate( 1500)	cx q[5], q[8]
Gate( 1501)	tdg q[4]
Gate( 1502)	cx q[5], q[4]
Gate( 1503)	tdg q[5]
Gate( 1504)	tdg q[4]
Gate( 1505)	 t q[8]
Gate( 1506)	cx q[8], q[4]
Gate( 1507)	cx q[5], q[8]
Gate( 1508)	cx q[4], q[5]
Gate( 1509)	 h q[8]
Gate( 1510)	 h q[9]
Gate( 1511)	 t q[3]
Gate( 1512)	 t q[8]
Gate( 1513)	 t q[9]
Gate( 1514)	cx q[8], q[3]
Gate( 1515)	cx q[9], q[8]
Gate( 1516)	cx q[3], q[9]
Gate( 1517)	tdg q[8]
Gate( 1518)	cx q[3], q[8]
Gate( 1519)	tdg q[3]
Gate( 1520)	tdg q[8]
Gate( 1521)	 t q[9]
Gate( 1522)	cx q[9], q[8]
Gate( 1523)	cx q[3], q[9]
Gate( 1524)	cx q[8], q[3]
Gate( 1525)	 h q[9]
Gate( 1526)	 h q[0]
Gate( 1527)	 t q[1]
Gate( 1528)	 t q[9]
Gate( 1529)	 t q[0]
Gate( 1530)	cx q[9], q[1]
Gate( 1531)	cx q[0], q[9]
Gate( 1532)	cx q[1], q[0]
Gate( 1533)	tdg q[9]
Gate( 1534)	cx q[1], q[9]
Gate( 1535)	tdg q[1]
Gate( 1536)	tdg q[9]
Gate( 1537)	 t q[0]
Gate( 1538)	cx q[0], q[9]
Gate( 1539)	cx q[1], q[0]
Gate( 1540)	cx q[9], q[1]
Gate( 1541)	 h q[0]
Gate( 1542)	 h q[9]
Gate( 1543)	 t q[3]
Gate( 1544)	 t q[8]
Gate( 1545)	 t q[9]
Gate( 1546)	cx q[8], q[3]
Gate( 1547)	cx q[9], q[8]
Gate( 1548)	cx q[3], q[9]
Gate( 1549)	tdg q[8]
Gate( 1550)	cx q[3], q[8]
Gate( 1551)	tdg q[3]
Gate( 1552)	tdg q[8]
Gate( 1553)	 t q[9]
Gate( 1554)	cx q[9], q[8]
Gate( 1555)	cx q[3], q[9]
Gate( 1556)	cx q[8], q[3]
Gate( 1557)	 h q[9]
Gate( 1558)	 h q[8]
Gate( 1559)	 t q[5]
Gate( 1560)	 t q[4]
Gate( 1561)	 t q[8]
Gate( 1562)	cx q[4], q[5]
Gate( 1563)	cx q[8], q[4]
Gate( 1564)	cx q[5], q[8]
Gate( 1565)	tdg q[4]
Gate( 1566)	cx q[5], q[4]
Gate( 1567)	tdg q[5]
Gate( 1568)	tdg q[4]
Gate( 1569)	 t q[8]
Gate( 1570)	cx q[8], q[4]
Gate( 1571)	cx q[5], q[8]
Gate( 1572)	cx q[4], q[5]
Gate( 1573)	 h q[8]
Gate( 1574)	 h q[9]
Gate( 1575)	 t q[3]
Gate( 1576)	 t q[8]
Gate( 1577)	 t q[9]
Gate( 1578)	cx q[8], q[3]
Gate( 1579)	cx q[9], q[8]
Gate( 1580)	cx q[3], q[9]
Gate( 1581)	tdg q[8]
Gate( 1582)	cx q[3], q[8]
Gate( 1583)	tdg q[3]
Gate( 1584)	tdg q[8]
Gate( 1585)	 t q[9]
Gate( 1586)	cx q[9], q[8]
Gate( 1587)	cx q[3], q[9]
Gate( 1588)	cx q[8], q[3]
Gate( 1589)	 h q[9]
Gate( 1590)	 h q[1]
Gate( 1591)	 t q[6]
Gate( 1592)	 t q[8]
Gate( 1593)	 t q[1]
Gate( 1594)	cx q[8], q[6]
Gate( 1595)	cx q[1], q[8]
Gate( 1596)	cx q[6], q[1]
Gate( 1597)	tdg q[8]
Gate( 1598)	cx q[6], q[8]
Gate( 1599)	tdg q[6]
Gate( 1600)	tdg q[8]
Gate( 1601)	 t q[1]
Gate( 1602)	cx q[1], q[8]
Gate( 1603)	cx q[6], q[1]
Gate( 1604)	cx q[8], q[6]
Gate( 1605)	 h q[1]
Gate( 1606)	 h q[8]
Gate( 1607)	 t q[9]
Gate( 1608)	 t q[7]
Gate( 1609)	 t q[8]
Gate( 1610)	cx q[7], q[9]
Gate( 1611)	cx q[8], q[7]
Gate( 1612)	cx q[9], q[8]
Gate( 1613)	tdg q[7]
Gate( 1614)	cx q[9], q[7]
Gate( 1615)	tdg q[9]
Gate( 1616)	tdg q[7]
Gate( 1617)	 t q[8]
Gate( 1618)	cx q[8], q[7]
Gate( 1619)	cx q[9], q[8]
Gate( 1620)	cx q[7], q[9]
Gate( 1621)	 h q[8]
Gate( 1622)	 h q[1]
Gate( 1623)	 t q[6]
Gate( 1624)	 t q[8]
Gate( 1625)	 t q[1]
Gate( 1626)	cx q[8], q[6]
Gate( 1627)	cx q[1], q[8]
Gate( 1628)	cx q[6], q[1]
Gate( 1629)	tdg q[8]
Gate( 1630)	cx q[6], q[8]
Gate( 1631)	tdg q[6]
Gate( 1632)	tdg q[8]
Gate( 1633)	 t q[1]
Gate( 1634)	cx q[1], q[8]
Gate( 1635)	cx q[6], q[1]
Gate( 1636)	cx q[8], q[6]
Gate( 1637)	 h q[1]
Gate( 1638)	 h q[8]
Gate( 1639)	 t q[9]
Gate( 1640)	 t q[7]
Gate( 1641)	 t q[8]
Gate( 1642)	cx q[7], q[9]
Gate( 1643)	cx q[8], q[7]
Gate( 1644)	cx q[9], q[8]
Gate( 1645)	tdg q[7]
Gate( 1646)	cx q[9], q[7]
Gate( 1647)	tdg q[9]
Gate( 1648)	tdg q[7]
Gate( 1649)	 t q[8]
Gate( 1650)	cx q[8], q[7]
Gate( 1651)	cx q[9], q[8]
Gate( 1652)	cx q[7], q[9]
Gate( 1653)	 h q[8]
Gate( 1654)	 h q[0]
Gate( 1655)	 t q[1]
Gate( 1656)	 t q[9]
Gate( 1657)	 t q[0]
Gate( 1658)	cx q[9], q[1]
Gate( 1659)	cx q[0], q[9]
Gate( 1660)	cx q[1], q[0]
Gate( 1661)	tdg q[9]
Gate( 1662)	cx q[1], q[9]
Gate( 1663)	tdg q[1]
Gate( 1664)	tdg q[9]
Gate( 1665)	 t q[0]
Gate( 1666)	cx q[0], q[9]
Gate( 1667)	cx q[1], q[0]
Gate( 1668)	cx q[9], q[1]
Gate( 1669)	 h q[0]
Gate( 1670)	 h q[9]
Gate( 1671)	 t q[3]
Gate( 1672)	 t q[8]
Gate( 1673)	 t q[9]
Gate( 1674)	cx q[8], q[3]
Gate( 1675)	cx q[9], q[8]
Gate( 1676)	cx q[3], q[9]
Gate( 1677)	tdg q[8]
Gate( 1678)	cx q[3], q[8]
Gate( 1679)	tdg q[3]
Gate( 1680)	tdg q[8]
Gate( 1681)	 t q[9]
Gate( 1682)	cx q[9], q[8]
Gate( 1683)	cx q[3], q[9]
Gate( 1684)	cx q[8], q[3]
Gate( 1685)	 h q[9]
Gate( 1686)	 h q[8]
Gate( 1687)	 t q[5]
Gate( 1688)	 t q[4]
Gate( 1689)	 t q[8]
Gate( 1690)	cx q[4], q[5]
Gate( 1691)	cx q[8], q[4]
Gate( 1692)	cx q[5], q[8]
Gate( 1693)	tdg q[4]
Gate( 1694)	cx q[5], q[4]
Gate( 1695)	tdg q[5]
Gate( 1696)	tdg q[4]
Gate( 1697)	 t q[8]
Gate( 1698)	cx q[8], q[4]
Gate( 1699)	cx q[5], q[8]
Gate( 1700)	cx q[4], q[5]
Gate( 1701)	 h q[8]
Gate( 1702)	 h q[9]
Gate( 1703)	 t q[3]
Gate( 1704)	 t q[8]
Gate( 1705)	 t q[9]
Gate( 1706)	cx q[8], q[3]
Gate( 1707)	cx q[9], q[8]
Gate( 1708)	cx q[3], q[9]
Gate( 1709)	tdg q[8]
Gate( 1710)	cx q[3], q[8]
Gate( 1711)	tdg q[3]
Gate( 1712)	tdg q[8]
Gate( 1713)	 t q[9]
Gate( 1714)	cx q[9], q[8]
Gate( 1715)	cx q[3], q[9]
Gate( 1716)	cx q[8], q[3]
Gate( 1717)	 h q[9]
Gate( 1718)	 h q[0]
Gate( 1719)	 t q[1]
Gate( 1720)	 t q[9]
Gate( 1721)	 t q[0]
Gate( 1722)	cx q[9], q[1]
Gate( 1723)	cx q[0], q[9]
Gate( 1724)	cx q[1], q[0]
Gate( 1725)	tdg q[9]
Gate( 1726)	cx q[1], q[9]
Gate( 1727)	tdg q[1]
Gate( 1728)	tdg q[9]
Gate( 1729)	 t q[0]
Gate( 1730)	cx q[0], q[9]
Gate( 1731)	cx q[1], q[0]
Gate( 1732)	cx q[9], q[1]
Gate( 1733)	 h q[0]
Gate( 1734)	 h q[9]
Gate( 1735)	 t q[3]
Gate( 1736)	 t q[8]
Gate( 1737)	 t q[9]
Gate( 1738)	cx q[8], q[3]
Gate( 1739)	cx q[9], q[8]
Gate( 1740)	cx q[3], q[9]
Gate( 1741)	tdg q[8]
Gate( 1742)	cx q[3], q[8]
Gate( 1743)	tdg q[3]
Gate( 1744)	tdg q[8]
Gate( 1745)	 t q[9]
Gate( 1746)	cx q[9], q[8]
Gate( 1747)	cx q[3], q[9]
Gate( 1748)	cx q[8], q[3]
Gate( 1749)	 h q[9]
Gate( 1750)	 h q[8]
Gate( 1751)	 t q[5]
Gate( 1752)	 t q[4]
Gate( 1753)	 t q[8]
Gate( 1754)	cx q[4], q[5]
Gate( 1755)	cx q[8], q[4]
Gate( 1756)	cx q[5], q[8]
Gate( 1757)	tdg q[4]
Gate( 1758)	cx q[5], q[4]
Gate( 1759)	tdg q[5]
Gate( 1760)	tdg q[4]
Gate( 1761)	 t q[8]
Gate( 1762)	cx q[8], q[4]
Gate( 1763)	cx q[5], q[8]
Gate( 1764)	cx q[4], q[5]
Gate( 1765)	 h q[8]
Gate( 1766)	 h q[9]
Gate( 1767)	 t q[3]
Gate( 1768)	 t q[8]
Gate( 1769)	 t q[9]
Gate( 1770)	cx q[8], q[3]
Gate( 1771)	cx q[9], q[8]
Gate( 1772)	cx q[3], q[9]
Gate( 1773)	tdg q[8]
Gate( 1774)	cx q[3], q[8]
Gate( 1775)	tdg q[3]
Gate( 1776)	tdg q[8]
Gate( 1777)	 t q[9]
Gate( 1778)	cx q[9], q[8]
Gate( 1779)	cx q[3], q[9]
Gate( 1780)	cx q[8], q[3]
Gate( 1781)	 h q[9]
Gate( 1782)	 x q[3]
Gate( 1783)	 h q[0]
Gate( 1784)	 t q[3]
Gate( 1785)	 t q[6]
Gate( 1786)	 t q[0]
Gate( 1787)	cx q[6], q[3]
Gate( 1788)	cx q[0], q[6]
Gate( 1789)	cx q[3], q[0]
Gate( 1790)	tdg q[6]
Gate( 1791)	cx q[3], q[6]
Gate( 1792)	tdg q[3]
Gate( 1793)	tdg q[6]
Gate( 1794)	 t q[0]
Gate( 1795)	cx q[0], q[6]
Gate( 1796)	cx q[3], q[0]
Gate( 1797)	cx q[6], q[3]
Gate( 1798)	 h q[0]
Gate( 1799)	 h q[6]
Gate( 1800)	 t q[4]
Gate( 1801)	 t q[5]
Gate( 1802)	 t q[6]
Gate( 1803)	cx q[5], q[4]
Gate( 1804)	cx q[6], q[5]
Gate( 1805)	cx q[4], q[6]
Gate( 1806)	tdg q[5]
Gate( 1807)	cx q[4], q[5]
Gate( 1808)	tdg q[4]
Gate( 1809)	tdg q[5]
Gate( 1810)	 t q[6]
Gate( 1811)	cx q[6], q[5]
Gate( 1812)	cx q[4], q[6]
Gate( 1813)	cx q[5], q[4]
Gate( 1814)	 h q[6]
Gate( 1815)	 h q[5]
Gate( 1816)	 t q[7]
Gate( 1817)	 t q[2]
Gate( 1818)	 t q[5]
Gate( 1819)	cx q[2], q[7]
Gate( 1820)	cx q[5], q[2]
Gate( 1821)	cx q[7], q[5]
Gate( 1822)	tdg q[2]
Gate( 1823)	cx q[7], q[2]
Gate( 1824)	tdg q[7]
Gate( 1825)	tdg q[2]
Gate( 1826)	 t q[5]
Gate( 1827)	cx q[5], q[2]
Gate( 1828)	cx q[7], q[5]
Gate( 1829)	cx q[2], q[7]
Gate( 1830)	 h q[5]
Gate( 1831)	 h q[2]
Gate( 1832)	 t q[9]
Gate( 1833)	 t q[8]
Gate( 1834)	 t q[2]
Gate( 1835)	cx q[8], q[9]
Gate( 1836)	cx q[2], q[8]
Gate( 1837)	cx q[9], q[2]
Gate( 1838)	tdg q[8]
Gate( 1839)	cx q[9], q[8]
Gate( 1840)	tdg q[9]
Gate( 1841)	tdg q[8]
Gate( 1842)	 t q[2]
Gate( 1843)	cx q[2], q[8]
Gate( 1844)	cx q[9], q[2]
Gate( 1845)	cx q[8], q[9]
Gate( 1846)	 h q[2]
Gate( 1847)	 h q[5]
Gate( 1848)	 t q[7]
Gate( 1849)	 t q[2]
Gate( 1850)	 t q[5]
Gate( 1851)	cx q[2], q[7]
Gate( 1852)	cx q[5], q[2]
Gate( 1853)	cx q[7], q[5]
Gate( 1854)	tdg q[2]
Gate( 1855)	cx q[7], q[2]
Gate( 1856)	tdg q[7]
Gate( 1857)	tdg q[2]
Gate( 1858)	 t q[5]
Gate( 1859)	cx q[5], q[2]
Gate( 1860)	cx q[7], q[5]
Gate( 1861)	cx q[2], q[7]
Gate( 1862)	 h q[5]
Gate( 1863)	 h q[6]
Gate( 1864)	 t q[4]
Gate( 1865)	 t q[5]
Gate( 1866)	 t q[6]
Gate( 1867)	cx q[5], q[4]
Gate( 1868)	cx q[6], q[5]
Gate( 1869)	cx q[4], q[6]
Gate( 1870)	tdg q[5]
Gate( 1871)	cx q[4], q[5]
Gate( 1872)	tdg q[4]
Gate( 1873)	tdg q[5]
Gate( 1874)	 t q[6]
Gate( 1875)	cx q[6], q[5]
Gate( 1876)	cx q[4], q[6]
Gate( 1877)	cx q[5], q[4]
Gate( 1878)	 h q[6]
Gate( 1879)	 h q[0]
Gate( 1880)	 t q[3]
Gate( 1881)	 t q[6]
Gate( 1882)	 t q[0]
Gate( 1883)	cx q[6], q[3]
Gate( 1884)	cx q[0], q[6]
Gate( 1885)	cx q[3], q[0]
Gate( 1886)	tdg q[6]
Gate( 1887)	cx q[3], q[6]
Gate( 1888)	tdg q[3]
Gate( 1889)	tdg q[6]
Gate( 1890)	 t q[0]
Gate( 1891)	cx q[0], q[6]
Gate( 1892)	cx q[3], q[0]
Gate( 1893)	cx q[6], q[3]
Gate( 1894)	 h q[0]
Gate( 1895)	 h q[6]
Gate( 1896)	 t q[4]
Gate( 1897)	 t q[5]
Gate( 1898)	 t q[6]
Gate( 1899)	cx q[5], q[4]
Gate( 1900)	cx q[6], q[5]
Gate( 1901)	cx q[4], q[6]
Gate( 1902)	tdg q[5]
Gate( 1903)	cx q[4], q[5]
Gate( 1904)	tdg q[4]
Gate( 1905)	tdg q[5]
Gate( 1906)	 t q[6]
Gate( 1907)	cx q[6], q[5]
Gate( 1908)	cx q[4], q[6]
Gate( 1909)	cx q[5], q[4]
Gate( 1910)	 h q[6]
Gate( 1911)	 h q[5]
Gate( 1912)	 t q[7]
Gate( 1913)	 t q[2]
Gate( 1914)	 t q[5]
Gate( 1915)	cx q[2], q[7]
Gate( 1916)	cx q[5], q[2]
Gate( 1917)	cx q[7], q[5]
Gate( 1918)	tdg q[2]
Gate( 1919)	cx q[7], q[2]
Gate( 1920)	tdg q[7]
Gate( 1921)	tdg q[2]
Gate( 1922)	 t q[5]
Gate( 1923)	cx q[5], q[2]
Gate( 1924)	cx q[7], q[5]
Gate( 1925)	cx q[2], q[7]
Gate( 1926)	 h q[5]
Gate( 1927)	 h q[2]
Gate( 1928)	 t q[9]
Gate( 1929)	 t q[8]
Gate( 1930)	 t q[2]
Gate( 1931)	cx q[8], q[9]
Gate( 1932)	cx q[2], q[8]
Gate( 1933)	cx q[9], q[2]
Gate( 1934)	tdg q[8]
Gate( 1935)	cx q[9], q[8]
Gate( 1936)	tdg q[9]
Gate( 1937)	tdg q[8]
Gate( 1938)	 t q[2]
Gate( 1939)	cx q[2], q[8]
Gate( 1940)	cx q[9], q[2]
Gate( 1941)	cx q[8], q[9]
Gate( 1942)	 h q[2]
Gate( 1943)	 h q[5]
Gate( 1944)	 t q[7]
Gate( 1945)	 t q[2]
Gate( 1946)	 t q[5]
Gate( 1947)	cx q[2], q[7]
Gate( 1948)	cx q[5], q[2]
Gate( 1949)	cx q[7], q[5]
Gate( 1950)	tdg q[2]
Gate( 1951)	cx q[7], q[2]
Gate( 1952)	tdg q[7]
Gate( 1953)	tdg q[2]
Gate( 1954)	 t q[5]
Gate( 1955)	cx q[5], q[2]
Gate( 1956)	cx q[7], q[5]
Gate( 1957)	cx q[2], q[7]
Gate( 1958)	 h q[5]
Gate( 1959)	 h q[6]
Gate( 1960)	 t q[4]
Gate( 1961)	 t q[5]
Gate( 1962)	 t q[6]
Gate( 1963)	cx q[5], q[4]
Gate( 1964)	cx q[6], q[5]
Gate( 1965)	cx q[4], q[6]
Gate( 1966)	tdg q[5]
Gate( 1967)	cx q[4], q[5]
Gate( 1968)	tdg q[4]
Gate( 1969)	tdg q[5]
Gate( 1970)	 t q[6]
Gate( 1971)	cx q[6], q[5]
Gate( 1972)	cx q[4], q[6]
Gate( 1973)	cx q[5], q[4]
Gate( 1974)	 h q[6]
Gate( 1975)	 x q[8]
Gate( 1976)	 h q[2]
Gate( 1977)	 t q[8]
Gate( 1978)	 t q[4]
Gate( 1979)	 t q[2]
Gate( 1980)	cx q[4], q[8]
Gate( 1981)	cx q[2], q[4]
Gate( 1982)	cx q[8], q[2]
Gate( 1983)	tdg q[4]
Gate( 1984)	cx q[8], q[4]
Gate( 1985)	tdg q[8]
Gate( 1986)	tdg q[4]
Gate( 1987)	 t q[2]
Gate( 1988)	cx q[2], q[4]
Gate( 1989)	cx q[8], q[2]
Gate( 1990)	cx q[4], q[8]
Gate( 1991)	 h q[2]
Gate( 1992)	 h q[1]
Gate( 1993)	 t q[8]
Gate( 1994)	 t q[4]
Gate( 1995)	 t q[1]
Gate( 1996)	cx q[4], q[8]
Gate( 1997)	cx q[1], q[4]
Gate( 1998)	cx q[8], q[1]
Gate( 1999)	tdg q[4]
Gate( 2000)	cx q[8], q[4]
Gate( 2001)	tdg q[8]
Gate( 2002)	tdg q[4]
Gate( 2003)	 t q[1]
Gate( 2004)	cx q[1], q[4]
Gate( 2005)	cx q[8], q[1]
Gate( 2006)	cx q[4], q[8]
Gate( 2007)	 h q[1]
Gate( 2008)	 h q[0]
Gate( 2009)	 t q[8]
Gate( 2010)	 t q[4]
Gate( 2011)	 t q[0]
Gate( 2012)	cx q[4], q[8]
Gate( 2013)	cx q[0], q[4]
Gate( 2014)	cx q[8], q[0]
Gate( 2015)	tdg q[4]
Gate( 2016)	cx q[8], q[4]
Gate( 2017)	tdg q[8]
Gate( 2018)	tdg q[4]
Gate( 2019)	 t q[0]
Gate( 2020)	cx q[0], q[4]
Gate( 2021)	cx q[8], q[0]
Gate( 2022)	cx q[4], q[8]
Gate( 2023)	 h q[0]
Gate( 2024)	 x q[8]
Gate( 2025)	 x q[6]
Gate( 2026)	 h q[2]
Gate( 2027)	 t q[6]
Gate( 2028)	 t q[3]
Gate( 2029)	 t q[2]
Gate( 2030)	cx q[3], q[6]
Gate( 2031)	cx q[2], q[3]
Gate( 2032)	cx q[6], q[2]
Gate( 2033)	tdg q[3]
Gate( 2034)	cx q[6], q[3]
Gate( 2035)	tdg q[6]
Gate( 2036)	tdg q[3]
Gate( 2037)	 t q[2]
Gate( 2038)	cx q[2], q[3]
Gate( 2039)	cx q[6], q[2]
Gate( 2040)	cx q[3], q[6]
Gate( 2041)	 h q[2]
Gate( 2042)	 h q[0]
Gate( 2043)	 t q[6]
Gate( 2044)	 t q[3]
Gate( 2045)	 t q[0]
Gate( 2046)	cx q[3], q[6]
Gate( 2047)	cx q[0], q[3]
Gate( 2048)	cx q[6], q[0]
Gate( 2049)	tdg q[3]
Gate( 2050)	cx q[6], q[3]
Gate( 2051)	tdg q[6]
Gate( 2052)	tdg q[3]
Gate( 2053)	 t q[0]
Gate( 2054)	cx q[0], q[3]
Gate( 2055)	cx q[6], q[0]
Gate( 2056)	cx q[3], q[6]
Gate( 2057)	 h q[0]
Gate( 2058)	 h q[2]
Gate( 2059)	 t q[5]
Gate( 2060)	 t q[9]
Gate( 2061)	 t q[2]
Gate( 2062)	cx q[9], q[5]
Gate( 2063)	cx q[2], q[9]
Gate( 2064)	cx q[5], q[2]
Gate( 2065)	tdg q[9]
Gate( 2066)	cx q[5], q[9]
Gate( 2067)	tdg q[5]
Gate( 2068)	tdg q[9]
Gate( 2069)	 t q[2]
Gate( 2070)	cx q[2], q[9]
Gate( 2071)	cx q[5], q[2]
Gate( 2072)	cx q[9], q[5]
Gate( 2073)	 h q[2]
Gate( 2074)	 h q[9]
Gate( 2075)	 t q[7]
Gate( 2076)	 t q[6]
Gate( 2077)	 t q[9]
Gate( 2078)	cx q[6], q[7]
Gate( 2079)	cx q[9], q[6]
Gate( 2080)	cx q[7], q[9]
Gate( 2081)	tdg q[6]
Gate( 2082)	cx q[7], q[6]
Gate( 2083)	tdg q[7]
Gate( 2084)	tdg q[6]
Gate( 2085)	 t q[9]
Gate( 2086)	cx q[9], q[6]
Gate( 2087)	cx q[7], q[9]
Gate( 2088)	cx q[6], q[7]
Gate( 2089)	 h q[9]
Gate( 2090)	 h q[2]
Gate( 2091)	 t q[5]
Gate( 2092)	 t q[9]
Gate( 2093)	 t q[2]
Gate( 2094)	cx q[9], q[5]
Gate( 2095)	cx q[2], q[9]
Gate( 2096)	cx q[5], q[2]
Gate( 2097)	tdg q[9]
Gate( 2098)	cx q[5], q[9]
Gate( 2099)	tdg q[5]
Gate( 2100)	tdg q[9]
Gate( 2101)	 t q[2]
Gate( 2102)	cx q[2], q[9]
Gate( 2103)	cx q[5], q[2]
Gate( 2104)	cx q[9], q[5]
Gate( 2105)	 h q[2]
Gate( 2106)	 h q[9]
Gate( 2107)	 t q[7]
Gate( 2108)	 t q[6]
Gate( 2109)	 t q[9]
Gate( 2110)	cx q[6], q[7]
Gate( 2111)	cx q[9], q[6]
Gate( 2112)	cx q[7], q[9]
Gate( 2113)	tdg q[6]
Gate( 2114)	cx q[7], q[6]
Gate( 2115)	tdg q[7]
Gate( 2116)	tdg q[6]
Gate( 2117)	 t q[9]
Gate( 2118)	cx q[9], q[6]
Gate( 2119)	cx q[7], q[9]
Gate( 2120)	cx q[6], q[7]
Gate( 2121)	 h q[9]
Gate( 2122)	 h q[2]
Gate( 2123)	 t q[4]
Gate( 2124)	 t q[8]
Gate( 2125)	 t q[2]
Gate( 2126)	cx q[8], q[4]
Gate( 2127)	cx q[2], q[8]
Gate( 2128)	cx q[4], q[2]
Gate( 2129)	tdg q[8]
Gate( 2130)	cx q[4], q[8]
Gate( 2131)	tdg q[4]
Gate( 2132)	tdg q[8]
Gate( 2133)	 t q[2]
Gate( 2134)	cx q[2], q[8]
Gate( 2135)	cx q[4], q[2]
Gate( 2136)	cx q[8], q[4]
Gate( 2137)	 h q[2]
Gate( 2138)	 h q[8]
Gate( 2139)	 t q[9]
Gate( 2140)	 t q[6]
Gate( 2141)	 t q[8]
Gate( 2142)	cx q[6], q[9]
Gate( 2143)	cx q[8], q[6]
Gate( 2144)	cx q[9], q[8]
Gate( 2145)	tdg q[6]
Gate( 2146)	cx q[9], q[6]
Gate( 2147)	tdg q[9]
Gate( 2148)	tdg q[6]
Gate( 2149)	 t q[8]
Gate( 2150)	cx q[8], q[6]
Gate( 2151)	cx q[9], q[8]
Gate( 2152)	cx q[6], q[9]
Gate( 2153)	 h q[8]
Gate( 2154)	 h q[2]
Gate( 2155)	 t q[4]
Gate( 2156)	 t q[8]
Gate( 2157)	 t q[2]
Gate( 2158)	cx q[8], q[4]
Gate( 2159)	cx q[2], q[8]
Gate( 2160)	cx q[4], q[2]
Gate( 2161)	tdg q[8]
Gate( 2162)	cx q[4], q[8]
Gate( 2163)	tdg q[4]
Gate( 2164)	tdg q[8]
Gate( 2165)	 t q[2]
Gate( 2166)	cx q[2], q[8]
Gate( 2167)	cx q[4], q[2]
Gate( 2168)	cx q[8], q[4]
Gate( 2169)	 h q[2]
Gate( 2170)	 h q[8]
Gate( 2171)	 t q[9]
Gate( 2172)	 t q[6]
Gate( 2173)	 t q[8]
Gate( 2174)	cx q[6], q[9]
Gate( 2175)	cx q[8], q[6]
Gate( 2176)	cx q[9], q[8]
Gate( 2177)	tdg q[6]
Gate( 2178)	cx q[9], q[6]
Gate( 2179)	tdg q[9]
Gate( 2180)	tdg q[6]
Gate( 2181)	 t q[8]
Gate( 2182)	cx q[8], q[6]
Gate( 2183)	cx q[9], q[8]
Gate( 2184)	cx q[6], q[9]
Gate( 2185)	 h q[8]
Gate( 2186)	 x q[5]
Gate( 2187)	 x q[3]
Gate( 2188)	 h q[2]
Gate( 2189)	 t q[3]
Gate( 2190)	 t q[9]
Gate( 2191)	 t q[2]
Gate( 2192)	cx q[9], q[3]
Gate( 2193)	cx q[2], q[9]
Gate( 2194)	cx q[3], q[2]
Gate( 2195)	tdg q[9]
Gate( 2196)	cx q[3], q[9]
Gate( 2197)	tdg q[3]
Gate( 2198)	tdg q[9]
Gate( 2199)	 t q[2]
Gate( 2200)	cx q[2], q[9]
Gate( 2201)	cx q[3], q[2]
Gate( 2202)	cx q[9], q[3]
Gate( 2203)	 h q[2]
Gate( 2204)	 h q[9]
Gate( 2205)	 t q[8]
Gate( 2206)	 t q[5]
Gate( 2207)	 t q[9]
Gate( 2208)	cx q[5], q[8]
Gate( 2209)	cx q[9], q[5]
Gate( 2210)	cx q[8], q[9]
Gate( 2211)	tdg q[5]
Gate( 2212)	cx q[8], q[5]
Gate( 2213)	tdg q[8]
Gate( 2214)	tdg q[5]
Gate( 2215)	 t q[9]
Gate( 2216)	cx q[9], q[5]
Gate( 2217)	cx q[8], q[9]
Gate( 2218)	cx q[5], q[8]
Gate( 2219)	 h q[9]
Gate( 2220)	 h q[2]
Gate( 2221)	 t q[3]
Gate( 2222)	 t q[9]
Gate( 2223)	 t q[2]
Gate( 2224)	cx q[9], q[3]
Gate( 2225)	cx q[2], q[9]
Gate( 2226)	cx q[3], q[2]
Gate( 2227)	tdg q[9]
Gate( 2228)	cx q[3], q[9]
Gate( 2229)	tdg q[3]
Gate( 2230)	tdg q[9]
Gate( 2231)	 t q[2]
Gate( 2232)	cx q[2], q[9]
Gate( 2233)	cx q[3], q[2]
Gate( 2234)	cx q[9], q[3]
Gate( 2235)	 h q[2]
Gate( 2236)	 h q[9]
Gate( 2237)	 t q[8]
Gate( 2238)	 t q[5]
Gate( 2239)	 t q[9]
Gate( 2240)	cx q[5], q[8]
Gate( 2241)	cx q[9], q[5]
Gate( 2242)	cx q[8], q[9]
Gate( 2243)	tdg q[5]
Gate( 2244)	cx q[8], q[5]
Gate( 2245)	tdg q[8]
Gate( 2246)	tdg q[5]
Gate( 2247)	 t q[9]
Gate( 2248)	cx q[9], q[5]
Gate( 2249)	cx q[8], q[9]
Gate( 2250)	cx q[5], q[8]
Gate( 2251)	 h q[9]
Gate( 2252)	 h q[0]
Gate( 2253)	 t q[3]
Gate( 2254)	 t q[9]
Gate( 2255)	 t q[0]
Gate( 2256)	cx q[9], q[3]
Gate( 2257)	cx q[0], q[9]
Gate( 2258)	cx q[3], q[0]
Gate( 2259)	tdg q[9]
Gate( 2260)	cx q[3], q[9]
Gate( 2261)	tdg q[3]
Gate( 2262)	tdg q[9]
Gate( 2263)	 t q[0]
Gate( 2264)	cx q[0], q[9]
Gate( 2265)	cx q[3], q[0]
Gate( 2266)	cx q[9], q[3]
Gate( 2267)	 h q[0]
Gate( 2268)	 h q[9]
Gate( 2269)	 t q[8]
Gate( 2270)	 t q[5]
Gate( 2271)	 t q[9]
Gate( 2272)	cx q[5], q[8]
Gate( 2273)	cx q[9], q[5]
Gate( 2274)	cx q[8], q[9]
Gate( 2275)	tdg q[5]
Gate( 2276)	cx q[8], q[5]
Gate( 2277)	tdg q[8]
Gate( 2278)	tdg q[5]
Gate( 2279)	 t q[9]
Gate( 2280)	cx q[9], q[5]
Gate( 2281)	cx q[8], q[9]
Gate( 2282)	cx q[5], q[8]
Gate( 2283)	 h q[9]
Gate( 2284)	 h q[0]
Gate( 2285)	 t q[3]
Gate( 2286)	 t q[9]
Gate( 2287)	 t q[0]
Gate( 2288)	cx q[9], q[3]
Gate( 2289)	cx q[0], q[9]
Gate( 2290)	cx q[3], q[0]
Gate( 2291)	tdg q[9]
Gate( 2292)	cx q[3], q[9]
Gate( 2293)	tdg q[3]
Gate( 2294)	tdg q[9]
Gate( 2295)	 t q[0]
Gate( 2296)	cx q[0], q[9]
Gate( 2297)	cx q[3], q[0]
Gate( 2298)	cx q[9], q[3]
Gate( 2299)	 h q[0]
Gate( 2300)	 h q[9]
Gate( 2301)	 t q[8]
Gate( 2302)	 t q[5]
Gate( 2303)	 t q[9]
Gate( 2304)	cx q[5], q[8]
Gate( 2305)	cx q[9], q[5]
Gate( 2306)	cx q[8], q[9]
Gate( 2307)	tdg q[5]
Gate( 2308)	cx q[8], q[5]
Gate( 2309)	tdg q[8]
Gate( 2310)	tdg q[5]
Gate( 2311)	 t q[9]
Gate( 2312)	cx q[9], q[5]
Gate( 2313)	cx q[8], q[9]
Gate( 2314)	cx q[5], q[8]
Gate( 2315)	 h q[9]
Gate( 2316)	 h q[1]
Gate( 2317)	 t q[6]
Gate( 2318)	 t q[8]
Gate( 2319)	 t q[1]
Gate( 2320)	cx q[8], q[6]
Gate( 2321)	cx q[1], q[8]
Gate( 2322)	cx q[6], q[1]
Gate( 2323)	tdg q[8]
Gate( 2324)	cx q[6], q[8]
Gate( 2325)	tdg q[6]
Gate( 2326)	tdg q[8]
Gate( 2327)	 t q[1]
Gate( 2328)	cx q[1], q[8]
Gate( 2329)	cx q[6], q[1]
Gate( 2330)	cx q[8], q[6]
Gate( 2331)	 h q[1]
Gate( 2332)	 h q[8]
Gate( 2333)	 t q[9]
Gate( 2334)	 t q[7]
Gate( 2335)	 t q[8]
Gate( 2336)	cx q[7], q[9]
Gate( 2337)	cx q[8], q[7]
Gate( 2338)	cx q[9], q[8]
Gate( 2339)	tdg q[7]
Gate( 2340)	cx q[9], q[7]
Gate( 2341)	tdg q[9]
Gate( 2342)	tdg q[7]
Gate( 2343)	 t q[8]
Gate( 2344)	cx q[8], q[7]
Gate( 2345)	cx q[9], q[8]
Gate( 2346)	cx q[7], q[9]
Gate( 2347)	 h q[8]
Gate( 2348)	 h q[1]
Gate( 2349)	 t q[6]
Gate( 2350)	 t q[8]
Gate( 2351)	 t q[1]
Gate( 2352)	cx q[8], q[6]
Gate( 2353)	cx q[1], q[8]
Gate( 2354)	cx q[6], q[1]
Gate( 2355)	tdg q[8]
Gate( 2356)	cx q[6], q[8]
Gate( 2357)	tdg q[6]
Gate( 2358)	tdg q[8]
Gate( 2359)	 t q[1]
Gate( 2360)	cx q[1], q[8]
Gate( 2361)	cx q[6], q[1]
Gate( 2362)	cx q[8], q[6]
Gate( 2363)	 h q[1]
Gate( 2364)	 h q[8]
Gate( 2365)	 t q[9]
Gate( 2366)	 t q[7]
Gate( 2367)	 t q[8]
Gate( 2368)	cx q[7], q[9]
Gate( 2369)	cx q[8], q[7]
Gate( 2370)	cx q[9], q[8]
Gate( 2371)	tdg q[7]
Gate( 2372)	cx q[9], q[7]
Gate( 2373)	tdg q[9]
Gate( 2374)	tdg q[7]
Gate( 2375)	 t q[8]
Gate( 2376)	cx q[8], q[7]
Gate( 2377)	cx q[9], q[8]
Gate( 2378)	cx q[7], q[9]
Gate( 2379)	 h q[8]
Gate( 2380)	 h q[0]
Gate( 2381)	 t q[1]
Gate( 2382)	 t q[9]
Gate( 2383)	 t q[0]
Gate( 2384)	cx q[9], q[1]
Gate( 2385)	cx q[0], q[9]
Gate( 2386)	cx q[1], q[0]
Gate( 2387)	tdg q[9]
Gate( 2388)	cx q[1], q[9]
Gate( 2389)	tdg q[1]
Gate( 2390)	tdg q[9]
Gate( 2391)	 t q[0]
Gate( 2392)	cx q[0], q[9]
Gate( 2393)	cx q[1], q[0]
Gate( 2394)	cx q[9], q[1]
Gate( 2395)	 h q[0]
Gate( 2396)	 h q[9]
Gate( 2397)	 t q[3]
Gate( 2398)	 t q[8]
Gate( 2399)	 t q[9]
Gate( 2400)	cx q[8], q[3]
Gate( 2401)	cx q[9], q[8]
Gate( 2402)	cx q[3], q[9]
Gate( 2403)	tdg q[8]
Gate( 2404)	cx q[3], q[8]
Gate( 2405)	tdg q[3]
Gate( 2406)	tdg q[8]
Gate( 2407)	 t q[9]
Gate( 2408)	cx q[9], q[8]
Gate( 2409)	cx q[3], q[9]
Gate( 2410)	cx q[8], q[3]
Gate( 2411)	 h q[9]
Gate( 2412)	 h q[8]
Gate( 2413)	 t q[5]
Gate( 2414)	 t q[4]
Gate( 2415)	 t q[8]
Gate( 2416)	cx q[4], q[5]
Gate( 2417)	cx q[8], q[4]
Gate( 2418)	cx q[5], q[8]
Gate( 2419)	tdg q[4]
Gate( 2420)	cx q[5], q[4]
Gate( 2421)	tdg q[5]
Gate( 2422)	tdg q[4]
Gate( 2423)	 t q[8]
Gate( 2424)	cx q[8], q[4]
Gate( 2425)	cx q[5], q[8]
Gate( 2426)	cx q[4], q[5]
Gate( 2427)	 h q[8]
Gate( 2428)	 h q[9]
Gate( 2429)	 t q[3]
Gate( 2430)	 t q[8]
Gate( 2431)	 t q[9]
Gate( 2432)	cx q[8], q[3]
Gate( 2433)	cx q[9], q[8]
Gate( 2434)	cx q[3], q[9]
Gate( 2435)	tdg q[8]
Gate( 2436)	cx q[3], q[8]
Gate( 2437)	tdg q[3]
Gate( 2438)	tdg q[8]
Gate( 2439)	 t q[9]
Gate( 2440)	cx q[9], q[8]
Gate( 2441)	cx q[3], q[9]
Gate( 2442)	cx q[8], q[3]
Gate( 2443)	 h q[9]
Gate( 2444)	 h q[0]
Gate( 2445)	 t q[1]
Gate( 2446)	 t q[9]
Gate( 2447)	 t q[0]
Gate( 2448)	cx q[9], q[1]
Gate( 2449)	cx q[0], q[9]
Gate( 2450)	cx q[1], q[0]
Gate( 2451)	tdg q[9]
Gate( 2452)	cx q[1], q[9]
Gate( 2453)	tdg q[1]
Gate( 2454)	tdg q[9]
Gate( 2455)	 t q[0]
Gate( 2456)	cx q[0], q[9]
Gate( 2457)	cx q[1], q[0]
Gate( 2458)	cx q[9], q[1]
Gate( 2459)	 h q[0]
Gate( 2460)	 h q[9]
Gate( 2461)	 t q[3]
Gate( 2462)	 t q[8]
Gate( 2463)	 t q[9]
Gate( 2464)	cx q[8], q[3]
Gate( 2465)	cx q[9], q[8]
Gate( 2466)	cx q[3], q[9]
Gate( 2467)	tdg q[8]
Gate( 2468)	cx q[3], q[8]
Gate( 2469)	tdg q[3]
Gate( 2470)	tdg q[8]
Gate( 2471)	 t q[9]
Gate( 2472)	cx q[9], q[8]
Gate( 2473)	cx q[3], q[9]
Gate( 2474)	cx q[8], q[3]
Gate( 2475)	 h q[9]
Gate( 2476)	 h q[8]
Gate( 2477)	 t q[5]
Gate( 2478)	 t q[4]
Gate( 2479)	 t q[8]
Gate( 2480)	cx q[4], q[5]
Gate( 2481)	cx q[8], q[4]
Gate( 2482)	cx q[5], q[8]
Gate( 2483)	tdg q[4]
Gate( 2484)	cx q[5], q[4]
Gate( 2485)	tdg q[5]
Gate( 2486)	tdg q[4]
Gate( 2487)	 t q[8]
Gate( 2488)	cx q[8], q[4]
Gate( 2489)	cx q[5], q[8]
Gate( 2490)	cx q[4], q[5]
Gate( 2491)	 h q[8]
Gate( 2492)	 h q[9]
Gate( 2493)	 t q[3]
Gate( 2494)	 t q[8]
Gate( 2495)	 t q[9]
Gate( 2496)	cx q[8], q[3]
Gate( 2497)	cx q[9], q[8]
Gate( 2498)	cx q[3], q[9]
Gate( 2499)	tdg q[8]
Gate( 2500)	cx q[3], q[8]
Gate( 2501)	tdg q[3]
Gate( 2502)	tdg q[8]
Gate( 2503)	 t q[9]
Gate( 2504)	cx q[9], q[8]
Gate( 2505)	cx q[3], q[9]
Gate( 2506)	cx q[8], q[3]
Gate( 2507)	 h q[9]
Gate( 2508)	 h q[1]
Gate( 2509)	 t q[6]
Gate( 2510)	 t q[8]
Gate( 2511)	 t q[1]
Gate( 2512)	cx q[8], q[6]
Gate( 2513)	cx q[1], q[8]
Gate( 2514)	cx q[6], q[1]
Gate( 2515)	tdg q[8]
Gate( 2516)	cx q[6], q[8]
Gate( 2517)	tdg q[6]
Gate( 2518)	tdg q[8]
Gate( 2519)	 t q[1]
Gate( 2520)	cx q[1], q[8]
Gate( 2521)	cx q[6], q[1]
Gate( 2522)	cx q[8], q[6]
Gate( 2523)	 h q[1]
Gate( 2524)	 h q[8]
Gate( 2525)	 t q[9]
Gate( 2526)	 t q[7]
Gate( 2527)	 t q[8]
Gate( 2528)	cx q[7], q[9]
Gate( 2529)	cx q[8], q[7]
Gate( 2530)	cx q[9], q[8]
Gate( 2531)	tdg q[7]
Gate( 2532)	cx q[9], q[7]
Gate( 2533)	tdg q[9]
Gate( 2534)	tdg q[7]
Gate( 2535)	 t q[8]
Gate( 2536)	cx q[8], q[7]
Gate( 2537)	cx q[9], q[8]
Gate( 2538)	cx q[7], q[9]
Gate( 2539)	 h q[8]
Gate( 2540)	 h q[1]
Gate( 2541)	 t q[6]
Gate( 2542)	 t q[8]
Gate( 2543)	 t q[1]
Gate( 2544)	cx q[8], q[6]
Gate( 2545)	cx q[1], q[8]
Gate( 2546)	cx q[6], q[1]
Gate( 2547)	tdg q[8]
Gate( 2548)	cx q[6], q[8]
Gate( 2549)	tdg q[6]
Gate( 2550)	tdg q[8]
Gate( 2551)	 t q[1]
Gate( 2552)	cx q[1], q[8]
Gate( 2553)	cx q[6], q[1]
Gate( 2554)	cx q[8], q[6]
Gate( 2555)	 h q[1]
Gate( 2556)	 h q[8]
Gate( 2557)	 t q[9]
Gate( 2558)	 t q[7]
Gate( 2559)	 t q[8]
Gate( 2560)	cx q[7], q[9]
Gate( 2561)	cx q[8], q[7]
Gate( 2562)	cx q[9], q[8]
Gate( 2563)	tdg q[7]
Gate( 2564)	cx q[9], q[7]
Gate( 2565)	tdg q[9]
Gate( 2566)	tdg q[7]
Gate( 2567)	 t q[8]
Gate( 2568)	cx q[8], q[7]
Gate( 2569)	cx q[9], q[8]
Gate( 2570)	cx q[7], q[9]
Gate( 2571)	 h q[8]
Gate( 2572)	 h q[0]
Gate( 2573)	 t q[1]
Gate( 2574)	 t q[9]
Gate( 2575)	 t q[0]
Gate( 2576)	cx q[9], q[1]
Gate( 2577)	cx q[0], q[9]
Gate( 2578)	cx q[1], q[0]
Gate( 2579)	tdg q[9]
Gate( 2580)	cx q[1], q[9]
Gate( 2581)	tdg q[1]
Gate( 2582)	tdg q[9]
Gate( 2583)	 t q[0]
Gate( 2584)	cx q[0], q[9]
Gate( 2585)	cx q[1], q[0]
Gate( 2586)	cx q[9], q[1]
Gate( 2587)	 h q[0]
Gate( 2588)	 h q[9]
Gate( 2589)	 t q[3]
Gate( 2590)	 t q[8]
Gate( 2591)	 t q[9]
Gate( 2592)	cx q[8], q[3]
Gate( 2593)	cx q[9], q[8]
Gate( 2594)	cx q[3], q[9]
Gate( 2595)	tdg q[8]
Gate( 2596)	cx q[3], q[8]
Gate( 2597)	tdg q[3]
Gate( 2598)	tdg q[8]
Gate( 2599)	 t q[9]
Gate( 2600)	cx q[9], q[8]
Gate( 2601)	cx q[3], q[9]
Gate( 2602)	cx q[8], q[3]
Gate( 2603)	 h q[9]
Gate( 2604)	 h q[8]
Gate( 2605)	 t q[5]
Gate( 2606)	 t q[4]
Gate( 2607)	 t q[8]
Gate( 2608)	cx q[4], q[5]
Gate( 2609)	cx q[8], q[4]
Gate( 2610)	cx q[5], q[8]
Gate( 2611)	tdg q[4]
Gate( 2612)	cx q[5], q[4]
Gate( 2613)	tdg q[5]
Gate( 2614)	tdg q[4]
Gate( 2615)	 t q[8]
Gate( 2616)	cx q[8], q[4]
Gate( 2617)	cx q[5], q[8]
Gate( 2618)	cx q[4], q[5]
Gate( 2619)	 h q[8]
Gate( 2620)	 h q[9]
Gate( 2621)	 t q[3]
Gate( 2622)	 t q[8]
Gate( 2623)	 t q[9]
Gate( 2624)	cx q[8], q[3]
Gate( 2625)	cx q[9], q[8]
Gate( 2626)	cx q[3], q[9]
Gate( 2627)	tdg q[8]
Gate( 2628)	cx q[3], q[8]
Gate( 2629)	tdg q[3]
Gate( 2630)	tdg q[8]
Gate( 2631)	 t q[9]
Gate( 2632)	cx q[9], q[8]
Gate( 2633)	cx q[3], q[9]
Gate( 2634)	cx q[8], q[3]
Gate( 2635)	 h q[9]
Gate( 2636)	 h q[0]
Gate( 2637)	 t q[1]
Gate( 2638)	 t q[9]
Gate( 2639)	 t q[0]
Gate( 2640)	cx q[9], q[1]
Gate( 2641)	cx q[0], q[9]
Gate( 2642)	cx q[1], q[0]
Gate( 2643)	tdg q[9]
Gate( 2644)	cx q[1], q[9]
Gate( 2645)	tdg q[1]
Gate( 2646)	tdg q[9]
Gate( 2647)	 t q[0]
Gate( 2648)	cx q[0], q[9]
Gate( 2649)	cx q[1], q[0]
Gate( 2650)	cx q[9], q[1]
Gate( 2651)	 h q[0]
Gate( 2652)	 h q[9]
Gate( 2653)	 t q[3]
Gate( 2654)	 t q[8]
Gate( 2655)	 t q[9]
Gate( 2656)	cx q[8], q[3]
Gate( 2657)	cx q[9], q[8]
Gate( 2658)	cx q[3], q[9]
Gate( 2659)	tdg q[8]
Gate( 2660)	cx q[3], q[8]
Gate( 2661)	tdg q[3]
Gate( 2662)	tdg q[8]
Gate( 2663)	 t q[9]
Gate( 2664)	cx q[9], q[8]
Gate( 2665)	cx q[3], q[9]
Gate( 2666)	cx q[8], q[3]
Gate( 2667)	 h q[9]
Gate( 2668)	 h q[8]
Gate( 2669)	 t q[5]
Gate( 2670)	 t q[4]
Gate( 2671)	 t q[8]
Gate( 2672)	cx q[4], q[5]
Gate( 2673)	cx q[8], q[4]
Gate( 2674)	cx q[5], q[8]
Gate( 2675)	tdg q[4]
Gate( 2676)	cx q[5], q[4]
Gate( 2677)	tdg q[5]
Gate( 2678)	tdg q[4]
Gate( 2679)	 t q[8]
Gate( 2680)	cx q[8], q[4]
Gate( 2681)	cx q[5], q[8]
Gate( 2682)	cx q[4], q[5]
Gate( 2683)	 h q[8]
Gate( 2684)	 h q[9]
Gate( 2685)	 t q[3]
Gate( 2686)	 t q[8]
Gate( 2687)	 t q[9]
Gate( 2688)	cx q[8], q[3]
Gate( 2689)	cx q[9], q[8]
Gate( 2690)	cx q[3], q[9]
Gate( 2691)	tdg q[8]
Gate( 2692)	cx q[3], q[8]
Gate( 2693)	tdg q[3]
Gate( 2694)	tdg q[8]
Gate( 2695)	 t q[9]
Gate( 2696)	cx q[9], q[8]
Gate( 2697)	cx q[3], q[9]
Gate( 2698)	cx q[8], q[3]
Gate( 2699)	 h q[9]
Gate( 2700)	 h q[0]
Gate( 2701)	 t q[3]
Gate( 2702)	 t q[8]
Gate( 2703)	 t q[0]
Gate( 2704)	cx q[8], q[3]
Gate( 2705)	cx q[0], q[8]
Gate( 2706)	cx q[3], q[0]
Gate( 2707)	tdg q[8]
Gate( 2708)	cx q[3], q[8]
Gate( 2709)	tdg q[3]
Gate( 2710)	tdg q[8]
Gate( 2711)	 t q[0]
Gate( 2712)	cx q[0], q[8]
Gate( 2713)	cx q[3], q[0]
Gate( 2714)	cx q[8], q[3]
Gate( 2715)	 h q[0]
Gate( 2716)	 h q[8]
Gate( 2717)	 t q[5]
Gate( 2718)	 t q[4]
Gate( 2719)	 t q[8]
Gate( 2720)	cx q[4], q[5]
Gate( 2721)	cx q[8], q[4]
Gate( 2722)	cx q[5], q[8]
Gate( 2723)	tdg q[4]
Gate( 2724)	cx q[5], q[4]
Gate( 2725)	tdg q[5]
Gate( 2726)	tdg q[4]
Gate( 2727)	 t q[8]
Gate( 2728)	cx q[8], q[4]
Gate( 2729)	cx q[5], q[8]
Gate( 2730)	cx q[4], q[5]
Gate( 2731)	 h q[8]
Gate( 2732)	 h q[4]
Gate( 2733)	 t q[6]
Gate( 2734)	 t q[2]
Gate( 2735)	 t q[4]
Gate( 2736)	cx q[2], q[6]
Gate( 2737)	cx q[4], q[2]
Gate( 2738)	cx q[6], q[4]
Gate( 2739)	tdg q[2]
Gate( 2740)	cx q[6], q[2]
Gate( 2741)	tdg q[6]
Gate( 2742)	tdg q[2]
Gate( 2743)	 t q[4]
Gate( 2744)	cx q[4], q[2]
Gate( 2745)	cx q[6], q[4]
Gate( 2746)	cx q[2], q[6]
Gate( 2747)	 h q[4]
Gate( 2748)	 h q[2]
Gate( 2749)	 t q[9]
Gate( 2750)	 t q[7]
Gate( 2751)	 t q[2]
Gate( 2752)	cx q[7], q[9]
Gate( 2753)	cx q[2], q[7]
Gate( 2754)	cx q[9], q[2]
Gate( 2755)	tdg q[7]
Gate( 2756)	cx q[9], q[7]
Gate( 2757)	tdg q[9]
Gate( 2758)	tdg q[7]
Gate( 2759)	 t q[2]
Gate( 2760)	cx q[2], q[7]
Gate( 2761)	cx q[9], q[2]
Gate( 2762)	cx q[7], q[9]
Gate( 2763)	 h q[2]
Gate( 2764)	 h q[4]
Gate( 2765)	 t q[6]
Gate( 2766)	 t q[2]
Gate( 2767)	 t q[4]
Gate( 2768)	cx q[2], q[6]
Gate( 2769)	cx q[4], q[2]
Gate( 2770)	cx q[6], q[4]
Gate( 2771)	tdg q[2]
Gate( 2772)	cx q[6], q[2]
Gate( 2773)	tdg q[6]
Gate( 2774)	tdg q[2]
Gate( 2775)	 t q[4]
Gate( 2776)	cx q[4], q[2]
Gate( 2777)	cx q[6], q[4]
Gate( 2778)	cx q[2], q[6]
Gate( 2779)	 h q[4]
Gate( 2780)	 h q[8]
Gate( 2781)	 t q[5]
Gate( 2782)	 t q[4]
Gate( 2783)	 t q[8]
Gate( 2784)	cx q[4], q[5]
Gate( 2785)	cx q[8], q[4]
Gate( 2786)	cx q[5], q[8]
Gate( 2787)	tdg q[4]
Gate( 2788)	cx q[5], q[4]
Gate( 2789)	tdg q[5]
Gate( 2790)	tdg q[4]
Gate( 2791)	 t q[8]
Gate( 2792)	cx q[8], q[4]
Gate( 2793)	cx q[5], q[8]
Gate( 2794)	cx q[4], q[5]
Gate( 2795)	 h q[8]
Gate( 2796)	 h q[0]
Gate( 2797)	 t q[3]
Gate( 2798)	 t q[8]
Gate( 2799)	 t q[0]
Gate( 2800)	cx q[8], q[3]
Gate( 2801)	cx q[0], q[8]
Gate( 2802)	cx q[3], q[0]
Gate( 2803)	tdg q[8]
Gate( 2804)	cx q[3], q[8]
Gate( 2805)	tdg q[3]
Gate( 2806)	tdg q[8]
Gate( 2807)	 t q[0]
Gate( 2808)	cx q[0], q[8]
Gate( 2809)	cx q[3], q[0]
Gate( 2810)	cx q[8], q[3]
Gate( 2811)	 h q[0]
Gate( 2812)	 h q[8]
Gate( 2813)	 t q[5]
Gate( 2814)	 t q[4]
Gate( 2815)	 t q[8]
Gate( 2816)	cx q[4], q[5]
Gate( 2817)	cx q[8], q[4]
Gate( 2818)	cx q[5], q[8]
Gate( 2819)	tdg q[4]
Gate( 2820)	cx q[5], q[4]
Gate( 2821)	tdg q[5]
Gate( 2822)	tdg q[4]
Gate( 2823)	 t q[8]
Gate( 2824)	cx q[8], q[4]
Gate( 2825)	cx q[5], q[8]
Gate( 2826)	cx q[4], q[5]
Gate( 2827)	 h q[8]
Gate( 2828)	 h q[4]
Gate( 2829)	 t q[6]
Gate( 2830)	 t q[2]
Gate( 2831)	 t q[4]
Gate( 2832)	cx q[2], q[6]
Gate( 2833)	cx q[4], q[2]
Gate( 2834)	cx q[6], q[4]
Gate( 2835)	tdg q[2]
Gate( 2836)	cx q[6], q[2]
Gate( 2837)	tdg q[6]
Gate( 2838)	tdg q[2]
Gate( 2839)	 t q[4]
Gate( 2840)	cx q[4], q[2]
Gate( 2841)	cx q[6], q[4]
Gate( 2842)	cx q[2], q[6]
Gate( 2843)	 h q[4]
Gate( 2844)	 h q[2]
Gate( 2845)	 t q[9]
Gate( 2846)	 t q[7]
Gate( 2847)	 t q[2]
Gate( 2848)	cx q[7], q[9]
Gate( 2849)	cx q[2], q[7]
Gate( 2850)	cx q[9], q[2]
Gate( 2851)	tdg q[7]
Gate( 2852)	cx q[9], q[7]
Gate( 2853)	tdg q[9]
Gate( 2854)	tdg q[7]
Gate( 2855)	 t q[2]
Gate( 2856)	cx q[2], q[7]
Gate( 2857)	cx q[9], q[2]
Gate( 2858)	cx q[7], q[9]
Gate( 2859)	 h q[2]
Gate( 2860)	 h q[4]
Gate( 2861)	 t q[6]
Gate( 2862)	 t q[2]
Gate( 2863)	 t q[4]
Gate( 2864)	cx q[2], q[6]
Gate( 2865)	cx q[4], q[2]
Gate( 2866)	cx q[6], q[4]
Gate( 2867)	tdg q[2]
Gate( 2868)	cx q[6], q[2]
Gate( 2869)	tdg q[6]
Gate( 2870)	tdg q[2]
Gate( 2871)	 t q[4]
Gate( 2872)	cx q[4], q[2]
Gate( 2873)	cx q[6], q[4]
Gate( 2874)	cx q[2], q[6]
Gate( 2875)	 h q[4]
Gate( 2876)	 h q[8]
Gate( 2877)	 t q[5]
Gate( 2878)	 t q[4]
Gate( 2879)	 t q[8]
Gate( 2880)	cx q[4], q[5]
Gate( 2881)	cx q[8], q[4]
Gate( 2882)	cx q[5], q[8]
Gate( 2883)	tdg q[4]
Gate( 2884)	cx q[5], q[4]
Gate( 2885)	tdg q[5]
Gate( 2886)	tdg q[4]
Gate( 2887)	 t q[8]
Gate( 2888)	cx q[8], q[4]
Gate( 2889)	cx q[5], q[8]
Gate( 2890)	cx q[4], q[5]
Gate( 2891)	 h q[8]
Gate( 2892)	 x q[3]
Gate( 2893)	 h q[0]
Gate( 2894)	 t q[3]
Gate( 2895)	 t q[9]
Gate( 2896)	 t q[0]
Gate( 2897)	cx q[9], q[3]
Gate( 2898)	cx q[0], q[9]
Gate( 2899)	cx q[3], q[0]
Gate( 2900)	tdg q[9]
Gate( 2901)	cx q[3], q[9]
Gate( 2902)	tdg q[3]
Gate( 2903)	tdg q[9]
Gate( 2904)	 t q[0]
Gate( 2905)	cx q[0], q[9]
Gate( 2906)	cx q[3], q[0]
Gate( 2907)	cx q[9], q[3]
Gate( 2908)	 h q[0]
Gate( 2909)	 h q[9]
Gate( 2910)	 t q[4]
Gate( 2911)	 t q[7]
Gate( 2912)	 t q[9]
Gate( 2913)	cx q[7], q[4]
Gate( 2914)	cx q[9], q[7]
Gate( 2915)	cx q[4], q[9]
Gate( 2916)	tdg q[7]
Gate( 2917)	cx q[4], q[7]
Gate( 2918)	tdg q[4]
Gate( 2919)	tdg q[7]
Gate( 2920)	 t q[9]
Gate( 2921)	cx q[9], q[7]
Gate( 2922)	cx q[4], q[9]
Gate( 2923)	cx q[7], q[4]
Gate( 2924)	 h q[9]
Gate( 2925)	 h q[7]
Gate( 2926)	 t q[5]
Gate( 2927)	 t q[2]
Gate( 2928)	 t q[7]
Gate( 2929)	cx q[2], q[5]
Gate( 2930)	cx q[7], q[2]
Gate( 2931)	cx q[5], q[7]
Gate( 2932)	tdg q[2]
Gate( 2933)	cx q[5], q[2]
Gate( 2934)	tdg q[5]
Gate( 2935)	tdg q[2]
Gate( 2936)	 t q[7]
Gate( 2937)	cx q[7], q[2]
Gate( 2938)	cx q[5], q[7]
Gate( 2939)	cx q[2], q[5]
Gate( 2940)	 h q[7]
Gate( 2941)	 h q[2]
Gate( 2942)	 t q[8]
Gate( 2943)	 t q[6]
Gate( 2944)	 t q[2]
Gate( 2945)	cx q[6], q[8]
Gate( 2946)	cx q[2], q[6]
Gate( 2947)	cx q[8], q[2]
Gate( 2948)	tdg q[6]
Gate( 2949)	cx q[8], q[6]
Gate( 2950)	tdg q[8]
Gate( 2951)	tdg q[6]
Gate( 2952)	 t q[2]
Gate( 2953)	cx q[2], q[6]
Gate( 2954)	cx q[8], q[2]
Gate( 2955)	cx q[6], q[8]
Gate( 2956)	 h q[2]
Gate( 2957)	 h q[7]
Gate( 2958)	 t q[5]
Gate( 2959)	 t q[2]
Gate( 2960)	 t q[7]
Gate( 2961)	cx q[2], q[5]
Gate( 2962)	cx q[7], q[2]
Gate( 2963)	cx q[5], q[7]
Gate( 2964)	tdg q[2]
Gate( 2965)	cx q[5], q[2]
Gate( 2966)	tdg q[5]
Gate( 2967)	tdg q[2]
Gate( 2968)	 t q[7]
Gate( 2969)	cx q[7], q[2]
Gate( 2970)	cx q[5], q[7]
Gate( 2971)	cx q[2], q[5]
Gate( 2972)	 h q[7]
Gate( 2973)	 h q[9]
Gate( 2974)	 t q[4]
Gate( 2975)	 t q[7]
Gate( 2976)	 t q[9]
Gate( 2977)	cx q[7], q[4]
Gate( 2978)	cx q[9], q[7]
Gate( 2979)	cx q[4], q[9]
Gate( 2980)	tdg q[7]
Gate( 2981)	cx q[4], q[7]
Gate( 2982)	tdg q[4]
Gate( 2983)	tdg q[7]
Gate( 2984)	 t q[9]
Gate( 2985)	cx q[9], q[7]
Gate( 2986)	cx q[4], q[9]
Gate( 2987)	cx q[7], q[4]
Gate( 2988)	 h q[9]
Gate( 2989)	 h q[0]
Gate( 2990)	 t q[3]
Gate( 2991)	 t q[9]
Gate( 2992)	 t q[0]
Gate( 2993)	cx q[9], q[3]
Gate( 2994)	cx q[0], q[9]
Gate( 2995)	cx q[3], q[0]
Gate( 2996)	tdg q[9]
Gate( 2997)	cx q[3], q[9]
Gate( 2998)	tdg q[3]
Gate( 2999)	tdg q[9]
Gate( 3000)	 t q[0]
Gate( 3001)	cx q[0], q[9]
Gate( 3002)	cx q[3], q[0]
Gate( 3003)	cx q[9], q[3]
Gate( 3004)	 h q[0]
Gate( 3005)	 h q[9]
Gate( 3006)	 t q[4]
Gate( 3007)	 t q[7]
Gate( 3008)	 t q[9]
Gate( 3009)	cx q[7], q[4]
Gate( 3010)	cx q[9], q[7]
Gate( 3011)	cx q[4], q[9]
Gate( 3012)	tdg q[7]
Gate( 3013)	cx q[4], q[7]
Gate( 3014)	tdg q[4]
Gate( 3015)	tdg q[7]
Gate( 3016)	 t q[9]
Gate( 3017)	cx q[9], q[7]
Gate( 3018)	cx q[4], q[9]
Gate( 3019)	cx q[7], q[4]
Gate( 3020)	 h q[9]
Gate( 3021)	 h q[7]
Gate( 3022)	 t q[5]
Gate( 3023)	 t q[2]
Gate( 3024)	 t q[7]
Gate( 3025)	cx q[2], q[5]
Gate( 3026)	cx q[7], q[2]
Gate( 3027)	cx q[5], q[7]
Gate( 3028)	tdg q[2]
Gate( 3029)	cx q[5], q[2]
Gate( 3030)	tdg q[5]
Gate( 3031)	tdg q[2]
Gate( 3032)	 t q[7]
Gate( 3033)	cx q[7], q[2]
Gate( 3034)	cx q[5], q[7]
Gate( 3035)	cx q[2], q[5]
Gate( 3036)	 h q[7]
Gate( 3037)	 h q[2]
Gate( 3038)	 t q[8]
Gate( 3039)	 t q[6]
Gate( 3040)	 t q[2]
Gate( 3041)	cx q[6], q[8]
Gate( 3042)	cx q[2], q[6]
Gate( 3043)	cx q[8], q[2]
Gate( 3044)	tdg q[6]
Gate( 3045)	cx q[8], q[6]
Gate( 3046)	tdg q[8]
Gate( 3047)	tdg q[6]
Gate( 3048)	 t q[2]
Gate( 3049)	cx q[2], q[6]
Gate( 3050)	cx q[8], q[2]
Gate( 3051)	cx q[6], q[8]
Gate( 3052)	 h q[2]
Gate( 3053)	 h q[7]
Gate( 3054)	 t q[5]
Gate( 3055)	 t q[2]
Gate( 3056)	 t q[7]
Gate( 3057)	cx q[2], q[5]
Gate( 3058)	cx q[7], q[2]
Gate( 3059)	cx q[5], q[7]
Gate( 3060)	tdg q[2]
Gate( 3061)	cx q[5], q[2]
Gate( 3062)	tdg q[5]
Gate( 3063)	tdg q[2]
Gate( 3064)	 t q[7]
Gate( 3065)	cx q[7], q[2]
Gate( 3066)	cx q[5], q[7]
Gate( 3067)	cx q[2], q[5]
Gate( 3068)	 h q[7]
Gate( 3069)	 h q[9]
Gate( 3070)	 t q[4]
Gate( 3071)	 t q[7]
Gate( 3072)	 t q[9]
Gate( 3073)	cx q[7], q[4]
Gate( 3074)	cx q[9], q[7]
Gate( 3075)	cx q[4], q[9]
Gate( 3076)	tdg q[7]
Gate( 3077)	cx q[4], q[7]
Gate( 3078)	tdg q[4]
Gate( 3079)	tdg q[7]
Gate( 3080)	 t q[9]
Gate( 3081)	cx q[9], q[7]
Gate( 3082)	cx q[4], q[9]
Gate( 3083)	cx q[7], q[4]
Gate( 3084)	 h q[9]
Gate( 3085)	 h q[0]
Gate( 3086)	 t q[3]
Gate( 3087)	 t q[9]
Gate( 3088)	 t q[0]
Gate( 3089)	cx q[9], q[3]
Gate( 3090)	cx q[0], q[9]
Gate( 3091)	cx q[3], q[0]
Gate( 3092)	tdg q[9]
Gate( 3093)	cx q[3], q[9]
Gate( 3094)	tdg q[3]
Gate( 3095)	tdg q[9]
Gate( 3096)	 t q[0]
Gate( 3097)	cx q[0], q[9]
Gate( 3098)	cx q[3], q[0]
Gate( 3099)	cx q[9], q[3]
Gate( 3100)	 h q[0]
Gate( 3101)	 h q[9]
Gate( 3102)	 t q[4]
Gate( 3103)	 t q[8]
Gate( 3104)	 t q[9]
Gate( 3105)	cx q[8], q[4]
Gate( 3106)	cx q[9], q[8]
Gate( 3107)	cx q[4], q[9]
Gate( 3108)	tdg q[8]
Gate( 3109)	cx q[4], q[8]
Gate( 3110)	tdg q[4]
Gate( 3111)	tdg q[8]
Gate( 3112)	 t q[9]
Gate( 3113)	cx q[9], q[8]
Gate( 3114)	cx q[4], q[9]
Gate( 3115)	cx q[8], q[4]
Gate( 3116)	 h q[9]
Gate( 3117)	 h q[8]
Gate( 3118)	 t q[6]
Gate( 3119)	 t q[5]
Gate( 3120)	 t q[8]
Gate( 3121)	cx q[5], q[6]
Gate( 3122)	cx q[8], q[5]
Gate( 3123)	cx q[6], q[8]
Gate( 3124)	tdg q[5]
Gate( 3125)	cx q[6], q[5]
Gate( 3126)	tdg q[6]
Gate( 3127)	tdg q[5]
Gate( 3128)	 t q[8]
Gate( 3129)	cx q[8], q[5]
Gate( 3130)	cx q[6], q[8]
Gate( 3131)	cx q[5], q[6]
Gate( 3132)	 h q[8]
Gate( 3133)	 h q[9]
Gate( 3134)	 t q[4]
Gate( 3135)	 t q[8]
Gate( 3136)	 t q[9]
Gate( 3137)	cx q[8], q[4]
Gate( 3138)	cx q[9], q[8]
Gate( 3139)	cx q[4], q[9]
Gate( 3140)	tdg q[8]
Gate( 3141)	cx q[4], q[8]
Gate( 3142)	tdg q[4]
Gate( 3143)	tdg q[8]
Gate( 3144)	 t q[9]
Gate( 3145)	cx q[9], q[8]
Gate( 3146)	cx q[4], q[9]
Gate( 3147)	cx q[8], q[4]
Gate( 3148)	 h q[9]
Gate( 3149)	 h q[0]
Gate( 3150)	 t q[3]
Gate( 3151)	 t q[9]
Gate( 3152)	 t q[0]
Gate( 3153)	cx q[9], q[3]
Gate( 3154)	cx q[0], q[9]
Gate( 3155)	cx q[3], q[0]
Gate( 3156)	tdg q[9]
Gate( 3157)	cx q[3], q[9]
Gate( 3158)	tdg q[3]
Gate( 3159)	tdg q[9]
Gate( 3160)	 t q[0]
Gate( 3161)	cx q[0], q[9]
Gate( 3162)	cx q[3], q[0]
Gate( 3163)	cx q[9], q[3]
Gate( 3164)	 h q[0]
Gate( 3165)	 h q[9]
Gate( 3166)	 t q[4]
Gate( 3167)	 t q[8]
Gate( 3168)	 t q[9]
Gate( 3169)	cx q[8], q[4]
Gate( 3170)	cx q[9], q[8]
Gate( 3171)	cx q[4], q[9]
Gate( 3172)	tdg q[8]
Gate( 3173)	cx q[4], q[8]
Gate( 3174)	tdg q[4]
Gate( 3175)	tdg q[8]
Gate( 3176)	 t q[9]
Gate( 3177)	cx q[9], q[8]
Gate( 3178)	cx q[4], q[9]
Gate( 3179)	cx q[8], q[4]
Gate( 3180)	 h q[9]
Gate( 3181)	 h q[8]
Gate( 3182)	 t q[6]
Gate( 3183)	 t q[5]
Gate( 3184)	 t q[8]
Gate( 3185)	cx q[5], q[6]
Gate( 3186)	cx q[8], q[5]
Gate( 3187)	cx q[6], q[8]
Gate( 3188)	tdg q[5]
Gate( 3189)	cx q[6], q[5]
Gate( 3190)	tdg q[6]
Gate( 3191)	tdg q[5]
Gate( 3192)	 t q[8]
Gate( 3193)	cx q[8], q[5]
Gate( 3194)	cx q[6], q[8]
Gate( 3195)	cx q[5], q[6]
Gate( 3196)	 h q[8]
Gate( 3197)	 h q[9]
Gate( 3198)	 t q[4]
Gate( 3199)	 t q[8]
Gate( 3200)	 t q[9]
Gate( 3201)	cx q[8], q[4]
Gate( 3202)	cx q[9], q[8]
Gate( 3203)	cx q[4], q[9]
Gate( 3204)	tdg q[8]
Gate( 3205)	cx q[4], q[8]
Gate( 3206)	tdg q[4]
Gate( 3207)	tdg q[8]
Gate( 3208)	 t q[9]
Gate( 3209)	cx q[9], q[8]
Gate( 3210)	cx q[4], q[9]
Gate( 3211)	cx q[8], q[4]
Gate( 3212)	 h q[9]
Gate( 3213)	 x q[4]
Gate( 3214)	 x q[6]
Gate( 3215)	 x q[9]
Gate( 3216)	 h q[2]
Gate( 3217)	 t q[4]
Gate( 3218)	 t q[8]
Gate( 3219)	 t q[2]
Gate( 3220)	cx q[8], q[4]
Gate( 3221)	cx q[2], q[8]
Gate( 3222)	cx q[4], q[2]
Gate( 3223)	tdg q[8]
Gate( 3224)	cx q[4], q[8]
Gate( 3225)	tdg q[4]
Gate( 3226)	tdg q[8]
Gate( 3227)	 t q[2]
Gate( 3228)	cx q[2], q[8]
Gate( 3229)	cx q[4], q[2]
Gate( 3230)	cx q[8], q[4]
Gate( 3231)	 h q[2]
Gate( 3232)	 h q[8]
Gate( 3233)	 t q[9]
Gate( 3234)	 t q[6]
Gate( 3235)	 t q[8]
Gate( 3236)	cx q[6], q[9]
Gate( 3237)	cx q[8], q[6]
Gate( 3238)	cx q[9], q[8]
Gate( 3239)	tdg q[6]
Gate( 3240)	cx q[9], q[6]
Gate( 3241)	tdg q[9]
Gate( 3242)	tdg q[6]
Gate( 3243)	 t q[8]
Gate( 3244)	cx q[8], q[6]
Gate( 3245)	cx q[9], q[8]
Gate( 3246)	cx q[6], q[9]
Gate( 3247)	 h q[8]
Gate( 3248)	 h q[2]
Gate( 3249)	 t q[4]
Gate( 3250)	 t q[8]
Gate( 3251)	 t q[2]
Gate( 3252)	cx q[8], q[4]
Gate( 3253)	cx q[2], q[8]
Gate( 3254)	cx q[4], q[2]
Gate( 3255)	tdg q[8]
Gate( 3256)	cx q[4], q[8]
Gate( 3257)	tdg q[4]
Gate( 3258)	tdg q[8]
Gate( 3259)	 t q[2]
Gate( 3260)	cx q[2], q[8]
Gate( 3261)	cx q[4], q[2]
Gate( 3262)	cx q[8], q[4]
Gate( 3263)	 h q[2]
Gate( 3264)	 h q[8]
Gate( 3265)	 t q[9]
Gate( 3266)	 t q[6]
Gate( 3267)	 t q[8]
Gate( 3268)	cx q[6], q[9]
Gate( 3269)	cx q[8], q[6]
Gate( 3270)	cx q[9], q[8]
Gate( 3271)	tdg q[6]
Gate( 3272)	cx q[9], q[6]
Gate( 3273)	tdg q[9]
Gate( 3274)	tdg q[6]
Gate( 3275)	 t q[8]
Gate( 3276)	cx q[8], q[6]
Gate( 3277)	cx q[9], q[8]
Gate( 3278)	cx q[6], q[9]
Gate( 3279)	 h q[8]
Gate( 3280)	 h q[0]
Gate( 3281)	 t q[4]
Gate( 3282)	 t q[8]
Gate( 3283)	 t q[0]
Gate( 3284)	cx q[8], q[4]
Gate( 3285)	cx q[0], q[8]
Gate( 3286)	cx q[4], q[0]
Gate( 3287)	tdg q[8]
Gate( 3288)	cx q[4], q[8]
Gate( 3289)	tdg q[4]
Gate( 3290)	tdg q[8]
Gate( 3291)	 t q[0]
Gate( 3292)	cx q[0], q[8]
Gate( 3293)	cx q[4], q[0]
Gate( 3294)	cx q[8], q[4]
Gate( 3295)	 h q[0]
Gate( 3296)	 h q[8]
Gate( 3297)	 t q[9]
Gate( 3298)	 t q[6]
Gate( 3299)	 t q[8]
Gate( 3300)	cx q[6], q[9]
Gate( 3301)	cx q[8], q[6]
Gate( 3302)	cx q[9], q[8]
Gate( 3303)	tdg q[6]
Gate( 3304)	cx q[9], q[6]
Gate( 3305)	tdg q[9]
Gate( 3306)	tdg q[6]
Gate( 3307)	 t q[8]
Gate( 3308)	cx q[8], q[6]
Gate( 3309)	cx q[9], q[8]
Gate( 3310)	cx q[6], q[9]
Gate( 3311)	 h q[8]
Gate( 3312)	 h q[0]
Gate( 3313)	 t q[4]
Gate( 3314)	 t q[8]
Gate( 3315)	 t q[0]
Gate( 3316)	cx q[8], q[4]
Gate( 3317)	cx q[0], q[8]
Gate( 3318)	cx q[4], q[0]
Gate( 3319)	tdg q[8]
Gate( 3320)	cx q[4], q[8]
Gate( 3321)	tdg q[4]
Gate( 3322)	tdg q[8]
Gate( 3323)	 t q[0]
Gate( 3324)	cx q[0], q[8]
Gate( 3325)	cx q[4], q[0]
Gate( 3326)	cx q[8], q[4]
Gate( 3327)	 h q[0]
Gate( 3328)	 h q[8]
Gate( 3329)	 t q[9]
Gate( 3330)	 t q[6]
Gate( 3331)	 t q[8]
Gate( 3332)	cx q[6], q[9]
Gate( 3333)	cx q[8], q[6]
Gate( 3334)	cx q[9], q[8]
Gate( 3335)	tdg q[6]
Gate( 3336)	cx q[9], q[6]
Gate( 3337)	tdg q[9]
Gate( 3338)	tdg q[6]
Gate( 3339)	 t q[8]
Gate( 3340)	cx q[8], q[6]
Gate( 3341)	cx q[9], q[8]
Gate( 3342)	cx q[6], q[9]
Gate( 3343)	 h q[8]
Gate( 3344)	 h q[1]
Gate( 3345)	 t q[9]
Gate( 3346)	 t q[5]
Gate( 3347)	 t q[1]
Gate( 3348)	cx q[5], q[9]
Gate( 3349)	cx q[1], q[5]
Gate( 3350)	cx q[9], q[1]
Gate( 3351)	tdg q[5]
Gate( 3352)	cx q[9], q[5]
Gate( 3353)	tdg q[9]
Gate( 3354)	tdg q[5]
Gate( 3355)	 t q[1]
Gate( 3356)	cx q[1], q[5]
Gate( 3357)	cx q[9], q[1]
Gate( 3358)	cx q[5], q[9]
Gate( 3359)	 h q[1]
Gate( 3360)	 x q[6]
Gate( 3361)	 h q[0]
Gate( 3362)	 t q[4]
Gate( 3363)	 t q[8]
Gate( 3364)	 t q[0]
Gate( 3365)	cx q[8], q[4]
Gate( 3366)	cx q[0], q[8]
Gate( 3367)	cx q[4], q[0]
Gate( 3368)	tdg q[8]
Gate( 3369)	cx q[4], q[8]
Gate( 3370)	tdg q[4]
Gate( 3371)	tdg q[8]
Gate( 3372)	 t q[0]
Gate( 3373)	cx q[0], q[8]
Gate( 3374)	cx q[4], q[0]
Gate( 3375)	cx q[8], q[4]
Gate( 3376)	 h q[0]
Gate( 3377)	 h q[8]
Gate( 3378)	 t q[6]
Gate( 3379)	 t q[5]
Gate( 3380)	 t q[8]
Gate( 3381)	cx q[5], q[6]
Gate( 3382)	cx q[8], q[5]
Gate( 3383)	cx q[6], q[8]
Gate( 3384)	tdg q[5]
Gate( 3385)	cx q[6], q[5]
Gate( 3386)	tdg q[6]
Gate( 3387)	tdg q[5]
Gate( 3388)	 t q[8]
Gate( 3389)	cx q[8], q[5]
Gate( 3390)	cx q[6], q[8]
Gate( 3391)	cx q[5], q[6]
Gate( 3392)	 h q[8]
Gate( 3393)	 h q[5]
Gate( 3394)	 t q[9]
Gate( 3395)	 t q[7]
Gate( 3396)	 t q[5]
Gate( 3397)	cx q[7], q[9]
Gate( 3398)	cx q[5], q[7]
Gate( 3399)	cx q[9], q[5]
Gate( 3400)	tdg q[7]
Gate( 3401)	cx q[9], q[7]
Gate( 3402)	tdg q[9]
Gate( 3403)	tdg q[7]
Gate( 3404)	 t q[5]
Gate( 3405)	cx q[5], q[7]
Gate( 3406)	cx q[9], q[5]
Gate( 3407)	cx q[7], q[9]
Gate( 3408)	 h q[5]
Gate( 3409)	 h q[8]
Gate( 3410)	 t q[6]
Gate( 3411)	 t q[5]
Gate( 3412)	 t q[8]
Gate( 3413)	cx q[5], q[6]
Gate( 3414)	cx q[8], q[5]
Gate( 3415)	cx q[6], q[8]
Gate( 3416)	tdg q[5]
Gate( 3417)	cx q[6], q[5]
Gate( 3418)	tdg q[6]
Gate( 3419)	tdg q[5]
Gate( 3420)	 t q[8]
Gate( 3421)	cx q[8], q[5]
Gate( 3422)	cx q[6], q[8]
Gate( 3423)	cx q[5], q[6]
Gate( 3424)	 h q[8]
Gate( 3425)	 h q[0]
Gate( 3426)	 t q[4]
Gate( 3427)	 t q[8]
Gate( 3428)	 t q[0]
Gate( 3429)	cx q[8], q[4]
Gate( 3430)	cx q[0], q[8]
Gate( 3431)	cx q[4], q[0]
Gate( 3432)	tdg q[8]
Gate( 3433)	cx q[4], q[8]
Gate( 3434)	tdg q[4]
Gate( 3435)	tdg q[8]
Gate( 3436)	 t q[0]
Gate( 3437)	cx q[0], q[8]
Gate( 3438)	cx q[4], q[0]
Gate( 3439)	cx q[8], q[4]
Gate( 3440)	 h q[0]
Gate( 3441)	 h q[8]
Gate( 3442)	 t q[6]
Gate( 3443)	 t q[5]
Gate( 3444)	 t q[8]
Gate( 3445)	cx q[5], q[6]
Gate( 3446)	cx q[8], q[5]
Gate( 3447)	cx q[6], q[8]
Gate( 3448)	tdg q[5]
Gate( 3449)	cx q[6], q[5]
Gate( 3450)	tdg q[6]
Gate( 3451)	tdg q[5]
Gate( 3452)	 t q[8]
Gate( 3453)	cx q[8], q[5]
Gate( 3454)	cx q[6], q[8]
Gate( 3455)	cx q[5], q[6]
Gate( 3456)	 h q[8]
Gate( 3457)	 h q[5]
Gate( 3458)	 t q[9]
Gate( 3459)	 t q[7]
Gate( 3460)	 t q[5]
Gate( 3461)	cx q[7], q[9]
Gate( 3462)	cx q[5], q[7]
Gate( 3463)	cx q[9], q[5]
Gate( 3464)	tdg q[7]
Gate( 3465)	cx q[9], q[7]
Gate( 3466)	tdg q[9]
Gate( 3467)	tdg q[7]
Gate( 3468)	 t q[5]
Gate( 3469)	cx q[5], q[7]
Gate( 3470)	cx q[9], q[5]
Gate( 3471)	cx q[7], q[9]
Gate( 3472)	 h q[5]
Gate( 3473)	 h q[8]
Gate( 3474)	 t q[6]
Gate( 3475)	 t q[5]
Gate( 3476)	 t q[8]
Gate( 3477)	cx q[5], q[6]
Gate( 3478)	cx q[8], q[5]
Gate( 3479)	cx q[6], q[8]
Gate( 3480)	tdg q[5]
Gate( 3481)	cx q[6], q[5]
Gate( 3482)	tdg q[6]
Gate( 3483)	tdg q[5]
Gate( 3484)	 t q[8]
Gate( 3485)	cx q[8], q[5]
Gate( 3486)	cx q[6], q[8]
Gate( 3487)	cx q[5], q[6]
Gate( 3488)	 h q[8]
Gate( 3489)	 x q[4]
Gate( 3490)	 h q[0]
Gate( 3491)	 t q[4]
Gate( 3492)	 t q[7]
Gate( 3493)	 t q[0]
Gate( 3494)	cx q[7], q[4]
Gate( 3495)	cx q[0], q[7]
Gate( 3496)	cx q[4], q[0]
Gate( 3497)	tdg q[7]
Gate( 3498)	cx q[4], q[7]
Gate( 3499)	tdg q[4]
Gate( 3500)	tdg q[7]
Gate( 3501)	 t q[0]
Gate( 3502)	cx q[0], q[7]
Gate( 3503)	cx q[4], q[0]
Gate( 3504)	cx q[7], q[4]
Gate( 3505)	 h q[0]
Gate( 3506)	 h q[7]
Gate( 3507)	 t q[5]
Gate( 3508)	 t q[3]
Gate( 3509)	 t q[7]
Gate( 3510)	cx q[3], q[5]
Gate( 3511)	cx q[7], q[3]
Gate( 3512)	cx q[5], q[7]
Gate( 3513)	tdg q[3]
Gate( 3514)	cx q[5], q[3]
Gate( 3515)	tdg q[5]
Gate( 3516)	tdg q[3]
Gate( 3517)	 t q[7]
Gate( 3518)	cx q[7], q[3]
Gate( 3519)	cx q[5], q[7]
Gate( 3520)	cx q[3], q[5]
Gate( 3521)	 h q[7]
Gate( 3522)	 h q[3]
Gate( 3523)	 t q[6]
Gate( 3524)	 t q[2]
Gate( 3525)	 t q[3]
Gate( 3526)	cx q[2], q[6]
Gate( 3527)	cx q[3], q[2]
Gate( 3528)	cx q[6], q[3]
Gate( 3529)	tdg q[2]
Gate( 3530)	cx q[6], q[2]
Gate( 3531)	tdg q[6]
Gate( 3532)	tdg q[2]
Gate( 3533)	 t q[3]
Gate( 3534)	cx q[3], q[2]
Gate( 3535)	cx q[6], q[3]
Gate( 3536)	cx q[2], q[6]
Gate( 3537)	 h q[3]
Gate( 3538)	 h q[2]
Gate( 3539)	 t q[9]
Gate( 3540)	 t q[8]
Gate( 3541)	 t q[2]
Gate( 3542)	cx q[8], q[9]
Gate( 3543)	cx q[2], q[8]
Gate( 3544)	cx q[9], q[2]
Gate( 3545)	tdg q[8]
Gate( 3546)	cx q[9], q[8]
Gate( 3547)	tdg q[9]
Gate( 3548)	tdg q[8]
Gate( 3549)	 t q[2]
Gate( 3550)	cx q[2], q[8]
Gate( 3551)	cx q[9], q[2]
Gate( 3552)	cx q[8], q[9]
Gate( 3553)	 h q[2]
Gate( 3554)	 h q[3]
Gate( 3555)	 t q[6]
Gate( 3556)	 t q[2]
Gate( 3557)	 t q[3]
Gate( 3558)	cx q[2], q[6]
Gate( 3559)	cx q[3], q[2]
Gate( 3560)	cx q[6], q[3]
Gate( 3561)	tdg q[2]
Gate( 3562)	cx q[6], q[2]
Gate( 3563)	tdg q[6]
Gate( 3564)	tdg q[2]
Gate( 3565)	 t q[3]
Gate( 3566)	cx q[3], q[2]
Gate( 3567)	cx q[6], q[3]
Gate( 3568)	cx q[2], q[6]
Gate( 3569)	 h q[3]
Gate( 3570)	 h q[7]
Gate( 3571)	 t q[5]
Gate( 3572)	 t q[3]
Gate( 3573)	 t q[7]
Gate( 3574)	cx q[3], q[5]
Gate( 3575)	cx q[7], q[3]
Gate( 3576)	cx q[5], q[7]
Gate( 3577)	tdg q[3]
Gate( 3578)	cx q[5], q[3]
Gate( 3579)	tdg q[5]
Gate( 3580)	tdg q[3]
Gate( 3581)	 t q[7]
Gate( 3582)	cx q[7], q[3]
Gate( 3583)	cx q[5], q[7]
Gate( 3584)	cx q[3], q[5]
Gate( 3585)	 h q[7]
Gate( 3586)	 h q[0]
Gate( 3587)	 t q[4]
Gate( 3588)	 t q[7]
Gate( 3589)	 t q[0]
Gate( 3590)	cx q[7], q[4]
Gate( 3591)	cx q[0], q[7]
Gate( 3592)	cx q[4], q[0]
Gate( 3593)	tdg q[7]
Gate( 3594)	cx q[4], q[7]
Gate( 3595)	tdg q[4]
Gate( 3596)	tdg q[7]
Gate( 3597)	 t q[0]
Gate( 3598)	cx q[0], q[7]
Gate( 3599)	cx q[4], q[0]
Gate( 3600)	cx q[7], q[4]
Gate( 3601)	 h q[0]
Gate( 3602)	 h q[7]
Gate( 3603)	 t q[5]
Gate( 3604)	 t q[3]
Gate( 3605)	 t q[7]
Gate( 3606)	cx q[3], q[5]
Gate( 3607)	cx q[7], q[3]
Gate( 3608)	cx q[5], q[7]
Gate( 3609)	tdg q[3]
Gate( 3610)	cx q[5], q[3]
Gate( 3611)	tdg q[5]
Gate( 3612)	tdg q[3]
Gate( 3613)	 t q[7]
Gate( 3614)	cx q[7], q[3]
Gate( 3615)	cx q[5], q[7]
Gate( 3616)	cx q[3], q[5]
Gate( 3617)	 h q[7]
Gate( 3618)	 h q[3]
Gate( 3619)	 t q[6]
Gate( 3620)	 t q[2]
Gate( 3621)	 t q[3]
Gate( 3622)	cx q[2], q[6]
Gate( 3623)	cx q[3], q[2]
Gate( 3624)	cx q[6], q[3]
Gate( 3625)	tdg q[2]
Gate( 3626)	cx q[6], q[2]
Gate( 3627)	tdg q[6]
Gate( 3628)	tdg q[2]
Gate( 3629)	 t q[3]
Gate( 3630)	cx q[3], q[2]
Gate( 3631)	cx q[6], q[3]
Gate( 3632)	cx q[2], q[6]
Gate( 3633)	 h q[3]
Gate( 3634)	 h q[2]
Gate( 3635)	 t q[9]
Gate( 3636)	 t q[8]
Gate( 3637)	 t q[2]
Gate( 3638)	cx q[8], q[9]
Gate( 3639)	cx q[2], q[8]
Gate( 3640)	cx q[9], q[2]
Gate( 3641)	tdg q[8]
Gate( 3642)	cx q[9], q[8]
Gate( 3643)	tdg q[9]
Gate( 3644)	tdg q[8]
Gate( 3645)	 t q[2]
Gate( 3646)	cx q[2], q[8]
Gate( 3647)	cx q[9], q[2]
Gate( 3648)	cx q[8], q[9]
Gate( 3649)	 h q[2]
Gate( 3650)	 h q[3]
Gate( 3651)	 t q[6]
Gate( 3652)	 t q[2]
Gate( 3653)	 t q[3]
Gate( 3654)	cx q[2], q[6]
Gate( 3655)	cx q[3], q[2]
Gate( 3656)	cx q[6], q[3]
Gate( 3657)	tdg q[2]
Gate( 3658)	cx q[6], q[2]
Gate( 3659)	tdg q[6]
Gate( 3660)	tdg q[2]
Gate( 3661)	 t q[3]
Gate( 3662)	cx q[3], q[2]
Gate( 3663)	cx q[6], q[3]
Gate( 3664)	cx q[2], q[6]
Gate( 3665)	 h q[3]
Gate( 3666)	 h q[7]
Gate( 3667)	 t q[5]
Gate( 3668)	 t q[3]
Gate( 3669)	 t q[7]
Gate( 3670)	cx q[3], q[5]
Gate( 3671)	cx q[7], q[3]
Gate( 3672)	cx q[5], q[7]
Gate( 3673)	tdg q[3]
Gate( 3674)	cx q[5], q[3]
Gate( 3675)	tdg q[5]
Gate( 3676)	tdg q[3]
Gate( 3677)	 t q[7]
Gate( 3678)	cx q[7], q[3]
Gate( 3679)	cx q[5], q[7]
Gate( 3680)	cx q[3], q[5]
Gate( 3681)	 h q[7]
Gate( 3682)	 x q[5]
Gate( 3683)	 x q[7]
Gate( 3684)	 h q[1]
Gate( 3685)	 t q[7]
Gate( 3686)	 t q[3]
Gate( 3687)	 t q[1]
Gate( 3688)	cx q[3], q[7]
Gate( 3689)	cx q[1], q[3]
Gate( 3690)	cx q[7], q[1]
Gate( 3691)	tdg q[3]
Gate( 3692)	cx q[7], q[3]
Gate( 3693)	tdg q[7]
Gate( 3694)	tdg q[3]
Gate( 3695)	 t q[1]
Gate( 3696)	cx q[1], q[3]
Gate( 3697)	cx q[7], q[1]
Gate( 3698)	cx q[3], q[7]
Gate( 3699)	 h q[1]
Gate( 3700)	 h q[0]
Gate( 3701)	 t q[7]
Gate( 3702)	 t q[3]
Gate( 3703)	 t q[0]
Gate( 3704)	cx q[3], q[7]
Gate( 3705)	cx q[0], q[3]
Gate( 3706)	cx q[7], q[0]
Gate( 3707)	tdg q[3]
Gate( 3708)	cx q[7], q[3]
Gate( 3709)	tdg q[7]
Gate( 3710)	tdg q[3]
Gate( 3711)	 t q[0]
Gate( 3712)	cx q[0], q[3]
Gate( 3713)	cx q[7], q[0]
Gate( 3714)	cx q[3], q[7]
Gate( 3715)	 h q[0]
Gate( 3716)	 h q[0]
Gate( 3717)	 t q[3]
Gate( 3718)	 t q[8]
Gate( 3719)	 t q[0]
Gate( 3720)	cx q[8], q[3]
Gate( 3721)	cx q[0], q[8]
Gate( 3722)	cx q[3], q[0]
Gate( 3723)	tdg q[8]
Gate( 3724)	cx q[3], q[8]
Gate( 3725)	tdg q[3]
Gate( 3726)	tdg q[8]
Gate( 3727)	 t q[0]
Gate( 3728)	cx q[0], q[8]
Gate( 3729)	cx q[3], q[0]
Gate( 3730)	cx q[8], q[3]
Gate( 3731)	 h q[0]
Gate( 3732)	 h q[8]
Gate( 3733)	 t q[4]
Gate( 3734)	 t q[6]
Gate( 3735)	 t q[8]
Gate( 3736)	cx q[6], q[4]
Gate( 3737)	cx q[8], q[6]
Gate( 3738)	cx q[4], q[8]
Gate( 3739)	tdg q[6]
Gate( 3740)	cx q[4], q[6]
Gate( 3741)	tdg q[4]
Gate( 3742)	tdg q[6]
Gate( 3743)	 t q[8]
Gate( 3744)	cx q[8], q[6]
Gate( 3745)	cx q[4], q[8]
Gate( 3746)	cx q[6], q[4]
Gate( 3747)	 h q[8]
Gate( 3748)	 h q[6]
Gate( 3749)	 t q[5]
Gate( 3750)	 t q[2]
Gate( 3751)	 t q[6]
Gate( 3752)	cx q[2], q[5]
Gate( 3753)	cx q[6], q[2]
Gate( 3754)	cx q[5], q[6]
Gate( 3755)	tdg q[2]
Gate( 3756)	cx q[5], q[2]
Gate( 3757)	tdg q[5]
Gate( 3758)	tdg q[2]
Gate( 3759)	 t q[6]
Gate( 3760)	cx q[6], q[2]
Gate( 3761)	cx q[5], q[6]
Gate( 3762)	cx q[2], q[5]
Gate( 3763)	 h q[6]
Gate( 3764)	 h q[2]
Gate( 3765)	 t q[9]
Gate( 3766)	 t q[7]
Gate( 3767)	 t q[2]
Gate( 3768)	cx q[7], q[9]
Gate( 3769)	cx q[2], q[7]
Gate( 3770)	cx q[9], q[2]
Gate( 3771)	tdg q[7]
Gate( 3772)	cx q[9], q[7]
Gate( 3773)	tdg q[9]
Gate( 3774)	tdg q[7]
Gate( 3775)	 t q[2]
Gate( 3776)	cx q[2], q[7]
Gate( 3777)	cx q[9], q[2]
Gate( 3778)	cx q[7], q[9]
Gate( 3779)	 h q[2]
Gate( 3780)	 h q[6]
Gate( 3781)	 t q[5]
Gate( 3782)	 t q[2]
Gate( 3783)	 t q[6]
Gate( 3784)	cx q[2], q[5]
Gate( 3785)	cx q[6], q[2]
Gate( 3786)	cx q[5], q[6]
Gate( 3787)	tdg q[2]
Gate( 3788)	cx q[5], q[2]
Gate( 3789)	tdg q[5]
Gate( 3790)	tdg q[2]
Gate( 3791)	 t q[6]
Gate( 3792)	cx q[6], q[2]
Gate( 3793)	cx q[5], q[6]
Gate( 3794)	cx q[2], q[5]
Gate( 3795)	 h q[6]
Gate( 3796)	 h q[8]
Gate( 3797)	 t q[4]
Gate( 3798)	 t q[6]
Gate( 3799)	 t q[8]
Gate( 3800)	cx q[6], q[4]
Gate( 3801)	cx q[8], q[6]
Gate( 3802)	cx q[4], q[8]
Gate( 3803)	tdg q[6]
Gate( 3804)	cx q[4], q[6]
Gate( 3805)	tdg q[4]
Gate( 3806)	tdg q[6]
Gate( 3807)	 t q[8]
Gate( 3808)	cx q[8], q[6]
Gate( 3809)	cx q[4], q[8]
Gate( 3810)	cx q[6], q[4]
Gate( 3811)	 h q[8]
Gate( 3812)	 h q[0]
Gate( 3813)	 t q[3]
Gate( 3814)	 t q[8]
Gate( 3815)	 t q[0]
Gate( 3816)	cx q[8], q[3]
Gate( 3817)	cx q[0], q[8]
Gate( 3818)	cx q[3], q[0]
Gate( 3819)	tdg q[8]
Gate( 3820)	cx q[3], q[8]
Gate( 3821)	tdg q[3]
Gate( 3822)	tdg q[8]
Gate( 3823)	 t q[0]
Gate( 3824)	cx q[0], q[8]
Gate( 3825)	cx q[3], q[0]
Gate( 3826)	cx q[8], q[3]
Gate( 3827)	 h q[0]
Gate( 3828)	 h q[8]
Gate( 3829)	 t q[4]
Gate( 3830)	 t q[6]
Gate( 3831)	 t q[8]
Gate( 3832)	cx q[6], q[4]
Gate( 3833)	cx q[8], q[6]
Gate( 3834)	cx q[4], q[8]
Gate( 3835)	tdg q[6]
Gate( 3836)	cx q[4], q[6]
Gate( 3837)	tdg q[4]
Gate( 3838)	tdg q[6]
Gate( 3839)	 t q[8]
Gate( 3840)	cx q[8], q[6]
Gate( 3841)	cx q[4], q[8]
Gate( 3842)	cx q[6], q[4]
Gate( 3843)	 h q[8]
Gate( 3844)	 h q[6]
Gate( 3845)	 t q[5]
Gate( 3846)	 t q[2]
Gate( 3847)	 t q[6]
Gate( 3848)	cx q[2], q[5]
Gate( 3849)	cx q[6], q[2]
Gate( 3850)	cx q[5], q[6]
Gate( 3851)	tdg q[2]
Gate( 3852)	cx q[5], q[2]
Gate( 3853)	tdg q[5]
Gate( 3854)	tdg q[2]
Gate( 3855)	 t q[6]
Gate( 3856)	cx q[6], q[2]
Gate( 3857)	cx q[5], q[6]
Gate( 3858)	cx q[2], q[5]
Gate( 3859)	 h q[6]
Gate( 3860)	 h q[2]
Gate( 3861)	 t q[9]
Gate( 3862)	 t q[7]
Gate( 3863)	 t q[2]
Gate( 3864)	cx q[7], q[9]
Gate( 3865)	cx q[2], q[7]
Gate( 3866)	cx q[9], q[2]
Gate( 3867)	tdg q[7]
Gate( 3868)	cx q[9], q[7]
Gate( 3869)	tdg q[9]
Gate( 3870)	tdg q[7]
Gate( 3871)	 t q[2]
Gate( 3872)	cx q[2], q[7]
Gate( 3873)	cx q[9], q[2]
Gate( 3874)	cx q[7], q[9]
Gate( 3875)	 h q[2]
Gate( 3876)	 h q[6]
Gate( 3877)	 t q[5]
Gate( 3878)	 t q[2]
Gate( 3879)	 t q[6]
Gate( 3880)	cx q[2], q[5]
Gate( 3881)	cx q[6], q[2]
Gate( 3882)	cx q[5], q[6]
Gate( 3883)	tdg q[2]
Gate( 3884)	cx q[5], q[2]
Gate( 3885)	tdg q[5]
Gate( 3886)	tdg q[2]
Gate( 3887)	 t q[6]
Gate( 3888)	cx q[6], q[2]
Gate( 3889)	cx q[5], q[6]
Gate( 3890)	cx q[2], q[5]
Gate( 3891)	 h q[6]
Gate( 3892)	 h q[8]
Gate( 3893)	 t q[4]
Gate( 3894)	 t q[6]
Gate( 3895)	 t q[8]
Gate( 3896)	cx q[6], q[4]
Gate( 3897)	cx q[8], q[6]
Gate( 3898)	cx q[4], q[8]
Gate( 3899)	tdg q[6]
Gate( 3900)	cx q[4], q[6]
Gate( 3901)	tdg q[4]
Gate( 3902)	tdg q[6]
Gate( 3903)	 t q[8]
Gate( 3904)	cx q[8], q[6]
Gate( 3905)	cx q[4], q[8]
Gate( 3906)	cx q[6], q[4]
Gate( 3907)	 h q[8]
Gate( 3908)	 h q[0]
Gate( 3909)	 t q[3]
Gate( 3910)	 t q[8]
Gate( 3911)	 t q[0]
Gate( 3912)	cx q[8], q[3]
Gate( 3913)	cx q[0], q[8]
Gate( 3914)	cx q[3], q[0]
Gate( 3915)	tdg q[8]
Gate( 3916)	cx q[3], q[8]
Gate( 3917)	tdg q[3]
Gate( 3918)	tdg q[8]
Gate( 3919)	 t q[0]
Gate( 3920)	cx q[0], q[8]
Gate( 3921)	cx q[3], q[0]
Gate( 3922)	cx q[8], q[3]
Gate( 3923)	 h q[0]
Gate( 3924)	 h q[8]
Gate( 3925)	 t q[5]
Gate( 3926)	 t q[4]
Gate( 3927)	 t q[8]
Gate( 3928)	cx q[4], q[5]
Gate( 3929)	cx q[8], q[4]
Gate( 3930)	cx q[5], q[8]
Gate( 3931)	tdg q[4]
Gate( 3932)	cx q[5], q[4]
Gate( 3933)	tdg q[5]
Gate( 3934)	tdg q[4]
Gate( 3935)	 t q[8]
Gate( 3936)	cx q[8], q[4]
Gate( 3937)	cx q[5], q[8]
Gate( 3938)	cx q[4], q[5]
Gate( 3939)	 h q[8]
Gate( 3940)	 h q[4]
Gate( 3941)	 t q[6]
Gate( 3942)	 t q[2]
Gate( 3943)	 t q[4]
Gate( 3944)	cx q[2], q[6]
Gate( 3945)	cx q[4], q[2]
Gate( 3946)	cx q[6], q[4]
Gate( 3947)	tdg q[2]
Gate( 3948)	cx q[6], q[2]
Gate( 3949)	tdg q[6]
Gate( 3950)	tdg q[2]
Gate( 3951)	 t q[4]
Gate( 3952)	cx q[4], q[2]
Gate( 3953)	cx q[6], q[4]
Gate( 3954)	cx q[2], q[6]
Gate( 3955)	 h q[4]
Gate( 3956)	 h q[2]
Gate( 3957)	 t q[9]
Gate( 3958)	 t q[7]
Gate( 3959)	 t q[2]
Gate( 3960)	cx q[7], q[9]
Gate( 3961)	cx q[2], q[7]
Gate( 3962)	cx q[9], q[2]
Gate( 3963)	tdg q[7]
Gate( 3964)	cx q[9], q[7]
Gate( 3965)	tdg q[9]
Gate( 3966)	tdg q[7]
Gate( 3967)	 t q[2]
Gate( 3968)	cx q[2], q[7]
Gate( 3969)	cx q[9], q[2]
Gate( 3970)	cx q[7], q[9]
Gate( 3971)	 h q[2]
Gate( 3972)	 h q[4]
Gate( 3973)	 t q[6]
Gate( 3974)	 t q[2]
Gate( 3975)	 t q[4]
Gate( 3976)	cx q[2], q[6]
Gate( 3977)	cx q[4], q[2]
Gate( 3978)	cx q[6], q[4]
Gate( 3979)	tdg q[2]
Gate( 3980)	cx q[6], q[2]
Gate( 3981)	tdg q[6]
Gate( 3982)	tdg q[2]
Gate( 3983)	 t q[4]
Gate( 3984)	cx q[4], q[2]
Gate( 3985)	cx q[6], q[4]
Gate( 3986)	cx q[2], q[6]
Gate( 3987)	 h q[4]
Gate( 3988)	 h q[8]
Gate( 3989)	 t q[5]
Gate( 3990)	 t q[4]
Gate( 3991)	 t q[8]
Gate( 3992)	cx q[4], q[5]
Gate( 3993)	cx q[8], q[4]
Gate( 3994)	cx q[5], q[8]
Gate( 3995)	tdg q[4]
Gate( 3996)	cx q[5], q[4]
Gate( 3997)	tdg q[5]
Gate( 3998)	tdg q[4]
Gate( 3999)	 t q[8]
Gate( 4000)	cx q[8], q[4]
Gate( 4001)	cx q[5], q[8]
Gate( 4002)	cx q[4], q[5]
Gate( 4003)	 h q[8]
Gate( 4004)	 h q[0]
Gate( 4005)	 t q[3]
Gate( 4006)	 t q[8]
Gate( 4007)	 t q[0]
Gate( 4008)	cx q[8], q[3]
Gate( 4009)	cx q[0], q[8]
Gate( 4010)	cx q[3], q[0]
Gate( 4011)	tdg q[8]
Gate( 4012)	cx q[3], q[8]
Gate( 4013)	tdg q[3]
Gate( 4014)	tdg q[8]
Gate( 4015)	 t q[0]
Gate( 4016)	cx q[0], q[8]
Gate( 4017)	cx q[3], q[0]
Gate( 4018)	cx q[8], q[3]
Gate( 4019)	 h q[0]
Gate( 4020)	 h q[8]
Gate( 4021)	 t q[5]
Gate( 4022)	 t q[4]
Gate( 4023)	 t q[8]
Gate( 4024)	cx q[4], q[5]
Gate( 4025)	cx q[8], q[4]
Gate( 4026)	cx q[5], q[8]
Gate( 4027)	tdg q[4]
Gate( 4028)	cx q[5], q[4]
Gate( 4029)	tdg q[5]
Gate( 4030)	tdg q[4]
Gate( 4031)	 t q[8]
Gate( 4032)	cx q[8], q[4]
Gate( 4033)	cx q[5], q[8]
Gate( 4034)	cx q[4], q[5]
Gate( 4035)	 h q[8]
Gate( 4036)	 h q[4]
Gate( 4037)	 t q[6]
Gate( 4038)	 t q[2]
Gate( 4039)	 t q[4]
Gate( 4040)	cx q[2], q[6]
Gate( 4041)	cx q[4], q[2]
Gate( 4042)	cx q[6], q[4]
Gate( 4043)	tdg q[2]
Gate( 4044)	cx q[6], q[2]
Gate( 4045)	tdg q[6]
Gate( 4046)	tdg q[2]
Gate( 4047)	 t q[4]
Gate( 4048)	cx q[4], q[2]
Gate( 4049)	cx q[6], q[4]
Gate( 4050)	cx q[2], q[6]
Gate( 4051)	 h q[4]
Gate( 4052)	 h q[2]
Gate( 4053)	 t q[9]
Gate( 4054)	 t q[7]
Gate( 4055)	 t q[2]
Gate( 4056)	cx q[7], q[9]
Gate( 4057)	cx q[2], q[7]
Gate( 4058)	cx q[9], q[2]
Gate( 4059)	tdg q[7]
Gate( 4060)	cx q[9], q[7]
Gate( 4061)	tdg q[9]
Gate( 4062)	tdg q[7]
Gate( 4063)	 t q[2]
Gate( 4064)	cx q[2], q[7]
Gate( 4065)	cx q[9], q[2]
Gate( 4066)	cx q[7], q[9]
Gate( 4067)	 h q[2]
Gate( 4068)	 h q[4]
Gate( 4069)	 t q[6]
Gate( 4070)	 t q[2]
Gate( 4071)	 t q[4]
Gate( 4072)	cx q[2], q[6]
Gate( 4073)	cx q[4], q[2]
Gate( 4074)	cx q[6], q[4]
Gate( 4075)	tdg q[2]
Gate( 4076)	cx q[6], q[2]
Gate( 4077)	tdg q[6]
Gate( 4078)	tdg q[2]
Gate( 4079)	 t q[4]
Gate( 4080)	cx q[4], q[2]
Gate( 4081)	cx q[6], q[4]
Gate( 4082)	cx q[2], q[6]
Gate( 4083)	 h q[4]
Gate( 4084)	 h q[8]
Gate( 4085)	 t q[5]
Gate( 4086)	 t q[4]
Gate( 4087)	 t q[8]
Gate( 4088)	cx q[4], q[5]
Gate( 4089)	cx q[8], q[4]
Gate( 4090)	cx q[5], q[8]
Gate( 4091)	tdg q[4]
Gate( 4092)	cx q[5], q[4]
Gate( 4093)	tdg q[5]
Gate( 4094)	tdg q[4]
Gate( 4095)	 t q[8]
Gate( 4096)	cx q[8], q[4]
Gate( 4097)	cx q[5], q[8]
Gate( 4098)	cx q[4], q[5]
Gate( 4099)	 h q[8]
Gate( 4100)	 x q[5]
Gate( 4101)	 h q[0]
Gate( 4102)	 t q[4]
Gate( 4103)	 t q[9]
Gate( 4104)	 t q[0]
Gate( 4105)	cx q[9], q[4]
Gate( 4106)	cx q[0], q[9]
Gate( 4107)	cx q[4], q[0]
Gate( 4108)	tdg q[9]
Gate( 4109)	cx q[4], q[9]
Gate( 4110)	tdg q[4]
Gate( 4111)	tdg q[9]
Gate( 4112)	 t q[0]
Gate( 4113)	cx q[0], q[9]
Gate( 4114)	cx q[4], q[0]
Gate( 4115)	cx q[9], q[4]
Gate( 4116)	 h q[0]
Gate( 4117)	 h q[9]
Gate( 4118)	 t q[5]
Gate( 4119)	 t q[3]
Gate( 4120)	 t q[9]
Gate( 4121)	cx q[3], q[5]
Gate( 4122)	cx q[9], q[3]
Gate( 4123)	cx q[5], q[9]
Gate( 4124)	tdg q[3]
Gate( 4125)	cx q[5], q[3]
Gate( 4126)	tdg q[5]
Gate( 4127)	tdg q[3]
Gate( 4128)	 t q[9]
Gate( 4129)	cx q[9], q[3]
Gate( 4130)	cx q[5], q[9]
Gate( 4131)	cx q[3], q[5]
Gate( 4132)	 h q[9]
Gate( 4133)	 h q[3]
Gate( 4134)	 t q[6]
Gate( 4135)	 t q[2]
Gate( 4136)	 t q[3]
Gate( 4137)	cx q[2], q[6]
Gate( 4138)	cx q[3], q[2]
Gate( 4139)	cx q[6], q[3]
Gate( 4140)	tdg q[2]
Gate( 4141)	cx q[6], q[2]
Gate( 4142)	tdg q[6]
Gate( 4143)	tdg q[2]
Gate( 4144)	 t q[3]
Gate( 4145)	cx q[3], q[2]
Gate( 4146)	cx q[6], q[3]
Gate( 4147)	cx q[2], q[6]
Gate( 4148)	 h q[3]
Gate( 4149)	 h q[2]
Gate( 4150)	 t q[8]
Gate( 4151)	 t q[7]
Gate( 4152)	 t q[2]
Gate( 4153)	cx q[7], q[8]
Gate( 4154)	cx q[2], q[7]
Gate( 4155)	cx q[8], q[2]
Gate( 4156)	tdg q[7]
Gate( 4157)	cx q[8], q[7]
Gate( 4158)	tdg q[8]
Gate( 4159)	tdg q[7]
Gate( 4160)	 t q[2]
Gate( 4161)	cx q[2], q[7]
Gate( 4162)	cx q[8], q[2]
Gate( 4163)	cx q[7], q[8]
Gate( 4164)	 h q[2]
Gate( 4165)	 h q[3]
Gate( 4166)	 t q[6]
Gate( 4167)	 t q[2]
Gate( 4168)	 t q[3]
Gate( 4169)	cx q[2], q[6]
Gate( 4170)	cx q[3], q[2]
Gate( 4171)	cx q[6], q[3]
Gate( 4172)	tdg q[2]
Gate( 4173)	cx q[6], q[2]
Gate( 4174)	tdg q[6]
Gate( 4175)	tdg q[2]
Gate( 4176)	 t q[3]
Gate( 4177)	cx q[3], q[2]
Gate( 4178)	cx q[6], q[3]
Gate( 4179)	cx q[2], q[6]
Gate( 4180)	 h q[3]
Gate( 4181)	 h q[9]
Gate( 4182)	 t q[5]
Gate( 4183)	 t q[3]
Gate( 4184)	 t q[9]
Gate( 4185)	cx q[3], q[5]
Gate( 4186)	cx q[9], q[3]
Gate( 4187)	cx q[5], q[9]
Gate( 4188)	tdg q[3]
Gate( 4189)	cx q[5], q[3]
Gate( 4190)	tdg q[5]
Gate( 4191)	tdg q[3]
Gate( 4192)	 t q[9]
Gate( 4193)	cx q[9], q[3]
Gate( 4194)	cx q[5], q[9]
Gate( 4195)	cx q[3], q[5]
Gate( 4196)	 h q[9]
Gate( 4197)	 h q[0]
Gate( 4198)	 t q[4]
Gate( 4199)	 t q[9]
Gate( 4200)	 t q[0]
Gate( 4201)	cx q[9], q[4]
Gate( 4202)	cx q[0], q[9]
Gate( 4203)	cx q[4], q[0]
Gate( 4204)	tdg q[9]
Gate( 4205)	cx q[4], q[9]
Gate( 4206)	tdg q[4]
Gate( 4207)	tdg q[9]
Gate( 4208)	 t q[0]
Gate( 4209)	cx q[0], q[9]
Gate( 4210)	cx q[4], q[0]
Gate( 4211)	cx q[9], q[4]
Gate( 4212)	 h q[0]
Gate( 4213)	 h q[9]
Gate( 4214)	 t q[5]
Gate( 4215)	 t q[3]
Gate( 4216)	 t q[9]
Gate( 4217)	cx q[3], q[5]
Gate( 4218)	cx q[9], q[3]
Gate( 4219)	cx q[5], q[9]
Gate( 4220)	tdg q[3]
Gate( 4221)	cx q[5], q[3]
Gate( 4222)	tdg q[5]
Gate( 4223)	tdg q[3]
Gate( 4224)	 t q[9]
Gate( 4225)	cx q[9], q[3]
Gate( 4226)	cx q[5], q[9]
Gate( 4227)	cx q[3], q[5]
Gate( 4228)	 h q[9]
Gate( 4229)	 h q[3]
Gate( 4230)	 t q[6]
Gate( 4231)	 t q[2]
Gate( 4232)	 t q[3]
Gate( 4233)	cx q[2], q[6]
Gate( 4234)	cx q[3], q[2]
Gate( 4235)	cx q[6], q[3]
Gate( 4236)	tdg q[2]
Gate( 4237)	cx q[6], q[2]
Gate( 4238)	tdg q[6]
Gate( 4239)	tdg q[2]
Gate( 4240)	 t q[3]
Gate( 4241)	cx q[3], q[2]
Gate( 4242)	cx q[6], q[3]
Gate( 4243)	cx q[2], q[6]
Gate( 4244)	 h q[3]
Gate( 4245)	 h q[2]
Gate( 4246)	 t q[8]
Gate( 4247)	 t q[7]
Gate( 4248)	 t q[2]
Gate( 4249)	cx q[7], q[8]
Gate( 4250)	cx q[2], q[7]
Gate( 4251)	cx q[8], q[2]
Gate( 4252)	tdg q[7]
Gate( 4253)	cx q[8], q[7]
Gate( 4254)	tdg q[8]
Gate( 4255)	tdg q[7]
Gate( 4256)	 t q[2]
Gate( 4257)	cx q[2], q[7]
Gate( 4258)	cx q[8], q[2]
Gate( 4259)	cx q[7], q[8]
Gate( 4260)	 h q[2]
Gate( 4261)	 h q[3]
Gate( 4262)	 t q[6]
Gate( 4263)	 t q[2]
Gate( 4264)	 t q[3]
Gate( 4265)	cx q[2], q[6]
Gate( 4266)	cx q[3], q[2]
Gate( 4267)	cx q[6], q[3]
Gate( 4268)	tdg q[2]
Gate( 4269)	cx q[6], q[2]
Gate( 4270)	tdg q[6]
Gate( 4271)	tdg q[2]
Gate( 4272)	 t q[3]
Gate( 4273)	cx q[3], q[2]
Gate( 4274)	cx q[6], q[3]
Gate( 4275)	cx q[2], q[6]
Gate( 4276)	 h q[3]
Gate( 4277)	 h q[9]
Gate( 4278)	 t q[5]
Gate( 4279)	 t q[3]
Gate( 4280)	 t q[9]
Gate( 4281)	cx q[3], q[5]
Gate( 4282)	cx q[9], q[3]
Gate( 4283)	cx q[5], q[9]
Gate( 4284)	tdg q[3]
Gate( 4285)	cx q[5], q[3]
Gate( 4286)	tdg q[5]
Gate( 4287)	tdg q[3]
Gate( 4288)	 t q[9]
Gate( 4289)	cx q[9], q[3]
Gate( 4290)	cx q[5], q[9]
Gate( 4291)	cx q[3], q[5]
Gate( 4292)	 h q[9]
Gate( 4293)	 x q[3]
Gate( 4294)	 h q[0]
Gate( 4295)	 t q[3]
Gate( 4296)	 t q[6]
Gate( 4297)	 t q[0]
Gate( 4298)	cx q[6], q[3]
Gate( 4299)	cx q[0], q[6]
Gate( 4300)	cx q[3], q[0]
Gate( 4301)	tdg q[6]
Gate( 4302)	cx q[3], q[6]
Gate( 4303)	tdg q[3]
Gate( 4304)	tdg q[6]
Gate( 4305)	 t q[0]
Gate( 4306)	cx q[0], q[6]
Gate( 4307)	cx q[3], q[0]
Gate( 4308)	cx q[6], q[3]
Gate( 4309)	 h q[0]
Gate( 4310)	 h q[6]
Gate( 4311)	 t q[5]
Gate( 4312)	 t q[4]
Gate( 4313)	 t q[6]
Gate( 4314)	cx q[4], q[5]
Gate( 4315)	cx q[6], q[4]
Gate( 4316)	cx q[5], q[6]
Gate( 4317)	tdg q[4]
Gate( 4318)	cx q[5], q[4]
Gate( 4319)	tdg q[5]
Gate( 4320)	tdg q[4]
Gate( 4321)	 t q[6]
Gate( 4322)	cx q[6], q[4]
Gate( 4323)	cx q[5], q[6]
Gate( 4324)	cx q[4], q[5]
Gate( 4325)	 h q[6]
Gate( 4326)	 h q[4]
Gate( 4327)	 t q[7]
Gate( 4328)	 t q[2]
Gate( 4329)	 t q[4]
Gate( 4330)	cx q[2], q[7]
Gate( 4331)	cx q[4], q[2]
Gate( 4332)	cx q[7], q[4]
Gate( 4333)	tdg q[2]
Gate( 4334)	cx q[7], q[2]
Gate( 4335)	tdg q[7]
Gate( 4336)	tdg q[2]
Gate( 4337)	 t q[4]
Gate( 4338)	cx q[4], q[2]
Gate( 4339)	cx q[7], q[4]
Gate( 4340)	cx q[2], q[7]
Gate( 4341)	 h q[4]
Gate( 4342)	 h q[2]
Gate( 4343)	 t q[9]
Gate( 4344)	 t q[8]
Gate( 4345)	 t q[2]
Gate( 4346)	cx q[8], q[9]
Gate( 4347)	cx q[2], q[8]
Gate( 4348)	cx q[9], q[2]
Gate( 4349)	tdg q[8]
Gate( 4350)	cx q[9], q[8]
Gate( 4351)	tdg q[9]
Gate( 4352)	tdg q[8]
Gate( 4353)	 t q[2]
Gate( 4354)	cx q[2], q[8]
Gate( 4355)	cx q[9], q[2]
Gate( 4356)	cx q[8], q[9]
Gate( 4357)	 h q[2]
Gate( 4358)	 h q[4]
Gate( 4359)	 t q[7]
Gate( 4360)	 t q[2]
Gate( 4361)	 t q[4]
Gate( 4362)	cx q[2], q[7]
Gate( 4363)	cx q[4], q[2]
Gate( 4364)	cx q[7], q[4]
Gate( 4365)	tdg q[2]
Gate( 4366)	cx q[7], q[2]
Gate( 4367)	tdg q[7]
Gate( 4368)	tdg q[2]
Gate( 4369)	 t q[4]
Gate( 4370)	cx q[4], q[2]
Gate( 4371)	cx q[7], q[4]
Gate( 4372)	cx q[2], q[7]
Gate( 4373)	 h q[4]
Gate( 4374)	 h q[6]
Gate( 4375)	 t q[5]
Gate( 4376)	 t q[4]
Gate( 4377)	 t q[6]
Gate( 4378)	cx q[4], q[5]
Gate( 4379)	cx q[6], q[4]
Gate( 4380)	cx q[5], q[6]
Gate( 4381)	tdg q[4]
Gate( 4382)	cx q[5], q[4]
Gate( 4383)	tdg q[5]
Gate( 4384)	tdg q[4]
Gate( 4385)	 t q[6]
Gate( 4386)	cx q[6], q[4]
Gate( 4387)	cx q[5], q[6]
Gate( 4388)	cx q[4], q[5]
Gate( 4389)	 h q[6]
Gate( 4390)	 h q[0]
Gate( 4391)	 t q[3]
Gate( 4392)	 t q[6]
Gate( 4393)	 t q[0]
Gate( 4394)	cx q[6], q[3]
Gate( 4395)	cx q[0], q[6]
Gate( 4396)	cx q[3], q[0]
Gate( 4397)	tdg q[6]
Gate( 4398)	cx q[3], q[6]
Gate( 4399)	tdg q[3]
Gate( 4400)	tdg q[6]
Gate( 4401)	 t q[0]
Gate( 4402)	cx q[0], q[6]
Gate( 4403)	cx q[3], q[0]
Gate( 4404)	cx q[6], q[3]
Gate( 4405)	 h q[0]
Gate( 4406)	 h q[6]
Gate( 4407)	 t q[5]
Gate( 4408)	 t q[4]
Gate( 4409)	 t q[6]
Gate( 4410)	cx q[4], q[5]
Gate( 4411)	cx q[6], q[4]
Gate( 4412)	cx q[5], q[6]
Gate( 4413)	tdg q[4]
Gate( 4414)	cx q[5], q[4]
Gate( 4415)	tdg q[5]
Gate( 4416)	tdg q[4]
Gate( 4417)	 t q[6]
Gate( 4418)	cx q[6], q[4]
Gate( 4419)	cx q[5], q[6]
Gate( 4420)	cx q[4], q[5]
Gate( 4421)	 h q[6]
Gate( 4422)	 h q[4]
Gate( 4423)	 t q[7]
Gate( 4424)	 t q[2]
Gate( 4425)	 t q[4]
Gate( 4426)	cx q[2], q[7]
Gate( 4427)	cx q[4], q[2]
Gate( 4428)	cx q[7], q[4]
Gate( 4429)	tdg q[2]
Gate( 4430)	cx q[7], q[2]
Gate( 4431)	tdg q[7]
Gate( 4432)	tdg q[2]
Gate( 4433)	 t q[4]
Gate( 4434)	cx q[4], q[2]
Gate( 4435)	cx q[7], q[4]
Gate( 4436)	cx q[2], q[7]
Gate( 4437)	 h q[4]
Gate( 4438)	 h q[2]
Gate( 4439)	 t q[9]
Gate( 4440)	 t q[8]
Gate( 4441)	 t q[2]
Gate( 4442)	cx q[8], q[9]
Gate( 4443)	cx q[2], q[8]
Gate( 4444)	cx q[9], q[2]
Gate( 4445)	tdg q[8]
Gate( 4446)	cx q[9], q[8]
Gate( 4447)	tdg q[9]
Gate( 4448)	tdg q[8]
Gate( 4449)	 t q[2]
Gate( 4450)	cx q[2], q[8]
Gate( 4451)	cx q[9], q[2]
Gate( 4452)	cx q[8], q[9]
Gate( 4453)	 h q[2]
Gate( 4454)	 h q[4]
Gate( 4455)	 t q[7]
Gate( 4456)	 t q[2]
Gate( 4457)	 t q[4]
Gate( 4458)	cx q[2], q[7]
Gate( 4459)	cx q[4], q[2]
Gate( 4460)	cx q[7], q[4]
Gate( 4461)	tdg q[2]
Gate( 4462)	cx q[7], q[2]
Gate( 4463)	tdg q[7]
Gate( 4464)	tdg q[2]
Gate( 4465)	 t q[4]
Gate( 4466)	cx q[4], q[2]
Gate( 4467)	cx q[7], q[4]
Gate( 4468)	cx q[2], q[7]
Gate( 4469)	 h q[4]
Gate( 4470)	 h q[6]
Gate( 4471)	 t q[5]
Gate( 4472)	 t q[4]
Gate( 4473)	 t q[6]
Gate( 4474)	cx q[4], q[5]
Gate( 4475)	cx q[6], q[4]
Gate( 4476)	cx q[5], q[6]
Gate( 4477)	tdg q[4]
Gate( 4478)	cx q[5], q[4]
Gate( 4479)	tdg q[5]
Gate( 4480)	tdg q[4]
Gate( 4481)	 t q[6]
Gate( 4482)	cx q[6], q[4]
Gate( 4483)	cx q[5], q[6]
Gate( 4484)	cx q[4], q[5]
Gate( 4485)	 h q[6]
Gate( 4486)	 h q[1]
Gate( 4487)	 t q[7]
Gate( 4488)	 t q[6]
Gate( 4489)	 t q[1]
Gate( 4490)	cx q[6], q[7]
Gate( 4491)	cx q[1], q[6]
Gate( 4492)	cx q[7], q[1]
Gate( 4493)	tdg q[6]
Gate( 4494)	cx q[7], q[6]
Gate( 4495)	tdg q[7]
Gate( 4496)	tdg q[6]
Gate( 4497)	 t q[1]
Gate( 4498)	cx q[1], q[6]
Gate( 4499)	cx q[7], q[1]
Gate( 4500)	cx q[6], q[7]
Gate( 4501)	 h q[1]
Gate( 4502)	 h q[6]
Gate( 4503)	 t q[9]
Gate( 4504)	 t q[8]
Gate( 4505)	 t q[6]
Gate( 4506)	cx q[8], q[9]
Gate( 4507)	cx q[6], q[8]
Gate( 4508)	cx q[9], q[6]
Gate( 4509)	tdg q[8]
Gate( 4510)	cx q[9], q[8]
Gate( 4511)	tdg q[9]
Gate( 4512)	tdg q[8]
Gate( 4513)	 t q[6]
Gate( 4514)	cx q[6], q[8]
Gate( 4515)	cx q[9], q[6]
Gate( 4516)	cx q[8], q[9]
Gate( 4517)	 h q[6]
Gate( 4518)	 h q[1]
Gate( 4519)	 t q[7]
Gate( 4520)	 t q[6]
Gate( 4521)	 t q[1]
Gate( 4522)	cx q[6], q[7]
Gate( 4523)	cx q[1], q[6]
Gate( 4524)	cx q[7], q[1]
Gate( 4525)	tdg q[6]
Gate( 4526)	cx q[7], q[6]
Gate( 4527)	tdg q[7]
Gate( 4528)	tdg q[6]
Gate( 4529)	 t q[1]
Gate( 4530)	cx q[1], q[6]
Gate( 4531)	cx q[7], q[1]
Gate( 4532)	cx q[6], q[7]
Gate( 4533)	 h q[1]
Gate( 4534)	 h q[6]
Gate( 4535)	 t q[9]
Gate( 4536)	 t q[8]
Gate( 4537)	 t q[6]
Gate( 4538)	cx q[8], q[9]
Gate( 4539)	cx q[6], q[8]
Gate( 4540)	cx q[9], q[6]
Gate( 4541)	tdg q[8]
Gate( 4542)	cx q[9], q[8]
Gate( 4543)	tdg q[9]
Gate( 4544)	tdg q[8]
Gate( 4545)	 t q[6]
Gate( 4546)	cx q[6], q[8]
Gate( 4547)	cx q[9], q[6]
Gate( 4548)	cx q[8], q[9]
Gate( 4549)	 h q[6]
Gate( 4550)	 h q[0]
Gate( 4551)	 t q[1]
Gate( 4552)	 t q[9]
Gate( 4553)	 t q[0]
Gate( 4554)	cx q[9], q[1]
Gate( 4555)	cx q[0], q[9]
Gate( 4556)	cx q[1], q[0]
Gate( 4557)	tdg q[9]
Gate( 4558)	cx q[1], q[9]
Gate( 4559)	tdg q[1]
Gate( 4560)	tdg q[9]
Gate( 4561)	 t q[0]
Gate( 4562)	cx q[0], q[9]
Gate( 4563)	cx q[1], q[0]
Gate( 4564)	cx q[9], q[1]
Gate( 4565)	 h q[0]
Gate( 4566)	 h q[9]
Gate( 4567)	 t q[3]
Gate( 4568)	 t q[8]
Gate( 4569)	 t q[9]
Gate( 4570)	cx q[8], q[3]
Gate( 4571)	cx q[9], q[8]
Gate( 4572)	cx q[3], q[9]
Gate( 4573)	tdg q[8]
Gate( 4574)	cx q[3], q[8]
Gate( 4575)	tdg q[3]
Gate( 4576)	tdg q[8]
Gate( 4577)	 t q[9]
Gate( 4578)	cx q[9], q[8]
Gate( 4579)	cx q[3], q[9]
Gate( 4580)	cx q[8], q[3]
Gate( 4581)	 h q[9]
Gate( 4582)	 h q[8]
Gate( 4583)	 t q[6]
Gate( 4584)	 t q[4]
Gate( 4585)	 t q[8]
Gate( 4586)	cx q[4], q[6]
Gate( 4587)	cx q[8], q[4]
Gate( 4588)	cx q[6], q[8]
Gate( 4589)	tdg q[4]
Gate( 4590)	cx q[6], q[4]
Gate( 4591)	tdg q[6]
Gate( 4592)	tdg q[4]
Gate( 4593)	 t q[8]
Gate( 4594)	cx q[8], q[4]
Gate( 4595)	cx q[6], q[8]
Gate( 4596)	cx q[4], q[6]
Gate( 4597)	 h q[8]
Gate( 4598)	 h q[9]
Gate( 4599)	 t q[3]
Gate( 4600)	 t q[8]
Gate( 4601)	 t q[9]
Gate( 4602)	cx q[8], q[3]
Gate( 4603)	cx q[9], q[8]
Gate( 4604)	cx q[3], q[9]
Gate( 4605)	tdg q[8]
Gate( 4606)	cx q[3], q[8]
Gate( 4607)	tdg q[3]
Gate( 4608)	tdg q[8]
Gate( 4609)	 t q[9]
Gate( 4610)	cx q[9], q[8]
Gate( 4611)	cx q[3], q[9]
Gate( 4612)	cx q[8], q[3]
Gate( 4613)	 h q[9]
Gate( 4614)	 h q[0]
Gate( 4615)	 t q[1]
Gate( 4616)	 t q[9]
Gate( 4617)	 t q[0]
Gate( 4618)	cx q[9], q[1]
Gate( 4619)	cx q[0], q[9]
Gate( 4620)	cx q[1], q[0]
Gate( 4621)	tdg q[9]
Gate( 4622)	cx q[1], q[9]
Gate( 4623)	tdg q[1]
Gate( 4624)	tdg q[9]
Gate( 4625)	 t q[0]
Gate( 4626)	cx q[0], q[9]
Gate( 4627)	cx q[1], q[0]
Gate( 4628)	cx q[9], q[1]
Gate( 4629)	 h q[0]
Gate( 4630)	 h q[9]
Gate( 4631)	 t q[3]
Gate( 4632)	 t q[8]
Gate( 4633)	 t q[9]
Gate( 4634)	cx q[8], q[3]
Gate( 4635)	cx q[9], q[8]
Gate( 4636)	cx q[3], q[9]
Gate( 4637)	tdg q[8]
Gate( 4638)	cx q[3], q[8]
Gate( 4639)	tdg q[3]
Gate( 4640)	tdg q[8]
Gate( 4641)	 t q[9]
Gate( 4642)	cx q[9], q[8]
Gate( 4643)	cx q[3], q[9]
Gate( 4644)	cx q[8], q[3]
Gate( 4645)	 h q[9]
Gate( 4646)	 h q[8]
Gate( 4647)	 t q[6]
Gate( 4648)	 t q[4]
Gate( 4649)	 t q[8]
Gate( 4650)	cx q[4], q[6]
Gate( 4651)	cx q[8], q[4]
Gate( 4652)	cx q[6], q[8]
Gate( 4653)	tdg q[4]
Gate( 4654)	cx q[6], q[4]
Gate( 4655)	tdg q[6]
Gate( 4656)	tdg q[4]
Gate( 4657)	 t q[8]
Gate( 4658)	cx q[8], q[4]
Gate( 4659)	cx q[6], q[8]
Gate( 4660)	cx q[4], q[6]
Gate( 4661)	 h q[8]
Gate( 4662)	 h q[9]
Gate( 4663)	 t q[3]
Gate( 4664)	 t q[8]
Gate( 4665)	 t q[9]
Gate( 4666)	cx q[8], q[3]
Gate( 4667)	cx q[9], q[8]
Gate( 4668)	cx q[3], q[9]
Gate( 4669)	tdg q[8]
Gate( 4670)	cx q[3], q[8]
Gate( 4671)	tdg q[3]
Gate( 4672)	tdg q[8]
Gate( 4673)	 t q[9]
Gate( 4674)	cx q[9], q[8]
Gate( 4675)	cx q[3], q[9]
Gate( 4676)	cx q[8], q[3]
Gate( 4677)	 h q[9]
Gate( 4678)	 h q[1]
Gate( 4679)	 t q[7]
Gate( 4680)	 t q[6]
Gate( 4681)	 t q[1]
Gate( 4682)	cx q[6], q[7]
Gate( 4683)	cx q[1], q[6]
Gate( 4684)	cx q[7], q[1]
Gate( 4685)	tdg q[6]
Gate( 4686)	cx q[7], q[6]
Gate( 4687)	tdg q[7]
Gate( 4688)	tdg q[6]
Gate( 4689)	 t q[1]
Gate( 4690)	cx q[1], q[6]
Gate( 4691)	cx q[7], q[1]
Gate( 4692)	cx q[6], q[7]
Gate( 4693)	 h q[1]
Gate( 4694)	 h q[6]
Gate( 4695)	 t q[9]
Gate( 4696)	 t q[8]
Gate( 4697)	 t q[6]
Gate( 4698)	cx q[8], q[9]
Gate( 4699)	cx q[6], q[8]
Gate( 4700)	cx q[9], q[6]
Gate( 4701)	tdg q[8]
Gate( 4702)	cx q[9], q[8]
Gate( 4703)	tdg q[9]
Gate( 4704)	tdg q[8]
Gate( 4705)	 t q[6]
Gate( 4706)	cx q[6], q[8]
Gate( 4707)	cx q[9], q[6]
Gate( 4708)	cx q[8], q[9]
Gate( 4709)	 h q[6]
Gate( 4710)	 h q[1]
Gate( 4711)	 t q[7]
Gate( 4712)	 t q[6]
Gate( 4713)	 t q[1]
Gate( 4714)	cx q[6], q[7]
Gate( 4715)	cx q[1], q[6]
Gate( 4716)	cx q[7], q[1]
Gate( 4717)	tdg q[6]
Gate( 4718)	cx q[7], q[6]
Gate( 4719)	tdg q[7]
Gate( 4720)	tdg q[6]
Gate( 4721)	 t q[1]
Gate( 4722)	cx q[1], q[6]
Gate( 4723)	cx q[7], q[1]
Gate( 4724)	cx q[6], q[7]
Gate( 4725)	 h q[1]
Gate( 4726)	 h q[6]
Gate( 4727)	 t q[9]
Gate( 4728)	 t q[8]
Gate( 4729)	 t q[6]
Gate( 4730)	cx q[8], q[9]
Gate( 4731)	cx q[6], q[8]
Gate( 4732)	cx q[9], q[6]
Gate( 4733)	tdg q[8]
Gate( 4734)	cx q[9], q[8]
Gate( 4735)	tdg q[9]
Gate( 4736)	tdg q[8]
Gate( 4737)	 t q[6]
Gate( 4738)	cx q[6], q[8]
Gate( 4739)	cx q[9], q[6]
Gate( 4740)	cx q[8], q[9]
Gate( 4741)	 h q[6]
Gate( 4742)	 h q[0]
Gate( 4743)	 t q[1]
Gate( 4744)	 t q[9]
Gate( 4745)	 t q[0]
Gate( 4746)	cx q[9], q[1]
Gate( 4747)	cx q[0], q[9]
Gate( 4748)	cx q[1], q[0]
Gate( 4749)	tdg q[9]
Gate( 4750)	cx q[1], q[9]
Gate( 4751)	tdg q[1]
Gate( 4752)	tdg q[9]
Gate( 4753)	 t q[0]
Gate( 4754)	cx q[0], q[9]
Gate( 4755)	cx q[1], q[0]
Gate( 4756)	cx q[9], q[1]
Gate( 4757)	 h q[0]
Gate( 4758)	 h q[9]
Gate( 4759)	 t q[3]
Gate( 4760)	 t q[8]
Gate( 4761)	 t q[9]
Gate( 4762)	cx q[8], q[3]
Gate( 4763)	cx q[9], q[8]
Gate( 4764)	cx q[3], q[9]
Gate( 4765)	tdg q[8]
Gate( 4766)	cx q[3], q[8]
Gate( 4767)	tdg q[3]
Gate( 4768)	tdg q[8]
Gate( 4769)	 t q[9]
Gate( 4770)	cx q[9], q[8]
Gate( 4771)	cx q[3], q[9]
Gate( 4772)	cx q[8], q[3]
Gate( 4773)	 h q[9]
Gate( 4774)	 h q[8]
Gate( 4775)	 t q[6]
Gate( 4776)	 t q[4]
Gate( 4777)	 t q[8]
Gate( 4778)	cx q[4], q[6]
Gate( 4779)	cx q[8], q[4]
Gate( 4780)	cx q[6], q[8]
Gate( 4781)	tdg q[4]
Gate( 4782)	cx q[6], q[4]
Gate( 4783)	tdg q[6]
Gate( 4784)	tdg q[4]
Gate( 4785)	 t q[8]
Gate( 4786)	cx q[8], q[4]
Gate( 4787)	cx q[6], q[8]
Gate( 4788)	cx q[4], q[6]
Gate( 4789)	 h q[8]
Gate( 4790)	 h q[9]
Gate( 4791)	 t q[3]
Gate( 4792)	 t q[8]
Gate( 4793)	 t q[9]
Gate( 4794)	cx q[8], q[3]
Gate( 4795)	cx q[9], q[8]
Gate( 4796)	cx q[3], q[9]
Gate( 4797)	tdg q[8]
Gate( 4798)	cx q[3], q[8]
Gate( 4799)	tdg q[3]
Gate( 4800)	tdg q[8]
Gate( 4801)	 t q[9]
Gate( 4802)	cx q[9], q[8]
Gate( 4803)	cx q[3], q[9]
Gate( 4804)	cx q[8], q[3]
Gate( 4805)	 h q[9]
Gate( 4806)	 h q[0]
Gate( 4807)	 t q[1]
Gate( 4808)	 t q[9]
Gate( 4809)	 t q[0]
Gate( 4810)	cx q[9], q[1]
Gate( 4811)	cx q[0], q[9]
Gate( 4812)	cx q[1], q[0]
Gate( 4813)	tdg q[9]
Gate( 4814)	cx q[1], q[9]
Gate( 4815)	tdg q[1]
Gate( 4816)	tdg q[9]
Gate( 4817)	 t q[0]
Gate( 4818)	cx q[0], q[9]
Gate( 4819)	cx q[1], q[0]
Gate( 4820)	cx q[9], q[1]
Gate( 4821)	 h q[0]
Gate( 4822)	 h q[9]
Gate( 4823)	 t q[3]
Gate( 4824)	 t q[8]
Gate( 4825)	 t q[9]
Gate( 4826)	cx q[8], q[3]
Gate( 4827)	cx q[9], q[8]
Gate( 4828)	cx q[3], q[9]
Gate( 4829)	tdg q[8]
Gate( 4830)	cx q[3], q[8]
Gate( 4831)	tdg q[3]
Gate( 4832)	tdg q[8]
Gate( 4833)	 t q[9]
Gate( 4834)	cx q[9], q[8]
Gate( 4835)	cx q[3], q[9]
Gate( 4836)	cx q[8], q[3]
Gate( 4837)	 h q[9]
Gate( 4838)	 h q[8]
Gate( 4839)	 t q[6]
Gate( 4840)	 t q[4]
Gate( 4841)	 t q[8]
Gate( 4842)	cx q[4], q[6]
Gate( 4843)	cx q[8], q[4]
Gate( 4844)	cx q[6], q[8]
Gate( 4845)	tdg q[4]
Gate( 4846)	cx q[6], q[4]
Gate( 4847)	tdg q[6]
Gate( 4848)	tdg q[4]
Gate( 4849)	 t q[8]
Gate( 4850)	cx q[8], q[4]
Gate( 4851)	cx q[6], q[8]
Gate( 4852)	cx q[4], q[6]
Gate( 4853)	 h q[8]
Gate( 4854)	 h q[9]
Gate( 4855)	 t q[3]
Gate( 4856)	 t q[8]
Gate( 4857)	 t q[9]
Gate( 4858)	cx q[8], q[3]
Gate( 4859)	cx q[9], q[8]
Gate( 4860)	cx q[3], q[9]
Gate( 4861)	tdg q[8]
Gate( 4862)	cx q[3], q[8]
Gate( 4863)	tdg q[3]
Gate( 4864)	tdg q[8]
Gate( 4865)	 t q[9]
Gate( 4866)	cx q[9], q[8]
Gate( 4867)	cx q[3], q[9]
Gate( 4868)	cx q[8], q[3]
Gate( 4869)	 h q[9]
Gate( 4870)	 x q[4]
Gate( 4871)	 x q[6]
Gate( 4872)	 h q[2]
Gate( 4873)	 t q[5]
Gate( 4874)	 t q[9]
Gate( 4875)	 t q[2]
Gate( 4876)	cx q[9], q[5]
Gate( 4877)	cx q[2], q[9]
Gate( 4878)	cx q[5], q[2]
Gate( 4879)	tdg q[9]
Gate( 4880)	cx q[5], q[9]
Gate( 4881)	tdg q[5]
Gate( 4882)	tdg q[9]
Gate( 4883)	 t q[2]
Gate( 4884)	cx q[2], q[9]
Gate( 4885)	cx q[5], q[2]
Gate( 4886)	cx q[9], q[5]
Gate( 4887)	 h q[2]
Gate( 4888)	 h q[9]
Gate( 4889)	 t q[7]
Gate( 4890)	 t q[6]
Gate( 4891)	 t q[9]
Gate( 4892)	cx q[6], q[7]
Gate( 4893)	cx q[9], q[6]
Gate( 4894)	cx q[7], q[9]
Gate( 4895)	tdg q[6]
Gate( 4896)	cx q[7], q[6]
Gate( 4897)	tdg q[7]
Gate( 4898)	tdg q[6]
Gate( 4899)	 t q[9]
Gate( 4900)	cx q[9], q[6]
Gate( 4901)	cx q[7], q[9]
Gate( 4902)	cx q[6], q[7]
Gate( 4903)	 h q[9]
Gate( 4904)	 h q[2]
Gate( 4905)	 t q[5]
Gate( 4906)	 t q[9]
Gate( 4907)	 t q[2]
Gate( 4908)	cx q[9], q[5]
Gate( 4909)	cx q[2], q[9]
Gate( 4910)	cx q[5], q[2]
Gate( 4911)	tdg q[9]
Gate( 4912)	cx q[5], q[9]
Gate( 4913)	tdg q[5]
Gate( 4914)	tdg q[9]
Gate( 4915)	 t q[2]
Gate( 4916)	cx q[2], q[9]
Gate( 4917)	cx q[5], q[2]
Gate( 4918)	cx q[9], q[5]
Gate( 4919)	 h q[2]
Gate( 4920)	 h q[9]
Gate( 4921)	 t q[7]
Gate( 4922)	 t q[6]
Gate( 4923)	 t q[9]
Gate( 4924)	cx q[6], q[7]
Gate( 4925)	cx q[9], q[6]
Gate( 4926)	cx q[7], q[9]
Gate( 4927)	tdg q[6]
Gate( 4928)	cx q[7], q[6]
Gate( 4929)	tdg q[7]
Gate( 4930)	tdg q[6]
Gate( 4931)	 t q[9]
Gate( 4932)	cx q[9], q[6]
Gate( 4933)	cx q[7], q[9]
Gate( 4934)	cx q[6], q[7]
Gate( 4935)	 h q[9]
Gate( 4936)	 x q[8]
Gate( 4937)	 h q[1]
Gate( 4938)	 t q[7]
Gate( 4939)	 t q[6]
Gate( 4940)	 t q[1]
Gate( 4941)	cx q[6], q[7]
Gate( 4942)	cx q[1], q[6]
Gate( 4943)	cx q[7], q[1]
Gate( 4944)	tdg q[6]
Gate( 4945)	cx q[7], q[6]
Gate( 4946)	tdg q[7]
Gate( 4947)	tdg q[6]
Gate( 4948)	 t q[1]
Gate( 4949)	cx q[1], q[6]
Gate( 4950)	cx q[7], q[1]
Gate( 4951)	cx q[6], q[7]
Gate( 4952)	 h q[1]
Gate( 4953)	 h q[6]
Gate( 4954)	 t q[9]
Gate( 4955)	 t q[8]
Gate( 4956)	 t q[6]
Gate( 4957)	cx q[8], q[9]
Gate( 4958)	cx q[6], q[8]
Gate( 4959)	cx q[9], q[6]
Gate( 4960)	tdg q[8]
Gate( 4961)	cx q[9], q[8]
Gate( 4962)	tdg q[9]
Gate( 4963)	tdg q[8]
Gate( 4964)	 t q[6]
Gate( 4965)	cx q[6], q[8]
Gate( 4966)	cx q[9], q[6]
Gate( 4967)	cx q[8], q[9]
Gate( 4968)	 h q[6]
Gate( 4969)	 h q[1]
Gate( 4970)	 t q[7]
Gate( 4971)	 t q[6]
Gate( 4972)	 t q[1]
Gate( 4973)	cx q[6], q[7]
Gate( 4974)	cx q[1], q[6]
Gate( 4975)	cx q[7], q[1]
Gate( 4976)	tdg q[6]
Gate( 4977)	cx q[7], q[6]
Gate( 4978)	tdg q[7]
Gate( 4979)	tdg q[6]
Gate( 4980)	 t q[1]
Gate( 4981)	cx q[1], q[6]
Gate( 4982)	cx q[7], q[1]
Gate( 4983)	cx q[6], q[7]
Gate( 4984)	 h q[1]
Gate( 4985)	 h q[6]
Gate( 4986)	 t q[9]
Gate( 4987)	 t q[8]
Gate( 4988)	 t q[6]
Gate( 4989)	cx q[8], q[9]
Gate( 4990)	cx q[6], q[8]
Gate( 4991)	cx q[9], q[6]
Gate( 4992)	tdg q[8]
Gate( 4993)	cx q[9], q[8]
Gate( 4994)	tdg q[9]
Gate( 4995)	tdg q[8]
Gate( 4996)	 t q[6]
Gate( 4997)	cx q[6], q[8]
Gate( 4998)	cx q[9], q[6]
Gate( 4999)	cx q[8], q[9]
Gate( 5000)	 h q[6]
Gate( 5001)	 h q[0]
Gate( 5002)	 t q[1]
Gate( 5003)	 t q[9]
Gate( 5004)	 t q[0]
Gate( 5005)	cx q[9], q[1]
Gate( 5006)	cx q[0], q[9]
Gate( 5007)	cx q[1], q[0]
Gate( 5008)	tdg q[9]
Gate( 5009)	cx q[1], q[9]
Gate( 5010)	tdg q[1]
Gate( 5011)	tdg q[9]
Gate( 5012)	 t q[0]
Gate( 5013)	cx q[0], q[9]
Gate( 5014)	cx q[1], q[0]
Gate( 5015)	cx q[9], q[1]
Gate( 5016)	 h q[0]
Gate( 5017)	 h q[9]
Gate( 5018)	 t q[3]
Gate( 5019)	 t q[8]
Gate( 5020)	 t q[9]
Gate( 5021)	cx q[8], q[3]
Gate( 5022)	cx q[9], q[8]
Gate( 5023)	cx q[3], q[9]
Gate( 5024)	tdg q[8]
Gate( 5025)	cx q[3], q[8]
Gate( 5026)	tdg q[3]
Gate( 5027)	tdg q[8]
Gate( 5028)	 t q[9]
Gate( 5029)	cx q[9], q[8]
Gate( 5030)	cx q[3], q[9]
Gate( 5031)	cx q[8], q[3]
Gate( 5032)	 h q[9]
Gate( 5033)	 h q[8]
Gate( 5034)	 t q[6]
Gate( 5035)	 t q[4]
Gate( 5036)	 t q[8]
Gate( 5037)	cx q[4], q[6]
Gate( 5038)	cx q[8], q[4]
Gate( 5039)	cx q[6], q[8]
Gate( 5040)	tdg q[4]
Gate( 5041)	cx q[6], q[4]
Gate( 5042)	tdg q[6]
Gate( 5043)	tdg q[4]
Gate( 5044)	 t q[8]
Gate( 5045)	cx q[8], q[4]
Gate( 5046)	cx q[6], q[8]
Gate( 5047)	cx q[4], q[6]
Gate( 5048)	 h q[8]
Gate( 5049)	 h q[9]
Gate( 5050)	 t q[3]
Gate( 5051)	 t q[8]
Gate( 5052)	 t q[9]
Gate( 5053)	cx q[8], q[3]
Gate( 5054)	cx q[9], q[8]
Gate( 5055)	cx q[3], q[9]
Gate( 5056)	tdg q[8]
Gate( 5057)	cx q[3], q[8]
Gate( 5058)	tdg q[3]
Gate( 5059)	tdg q[8]
Gate( 5060)	 t q[9]
Gate( 5061)	cx q[9], q[8]
Gate( 5062)	cx q[3], q[9]
Gate( 5063)	cx q[8], q[3]
Gate( 5064)	 h q[9]
Gate( 5065)	 h q[0]
Gate( 5066)	 t q[1]
Gate( 5067)	 t q[9]
Gate( 5068)	 t q[0]
Gate( 5069)	cx q[9], q[1]
Gate( 5070)	cx q[0], q[9]
Gate( 5071)	cx q[1], q[0]
Gate( 5072)	tdg q[9]
Gate( 5073)	cx q[1], q[9]
Gate( 5074)	tdg q[1]
Gate( 5075)	tdg q[9]
Gate( 5076)	 t q[0]
Gate( 5077)	cx q[0], q[9]
Gate( 5078)	cx q[1], q[0]
Gate( 5079)	cx q[9], q[1]
Gate( 5080)	 h q[0]
Gate( 5081)	 h q[9]
Gate( 5082)	 t q[3]
Gate( 5083)	 t q[8]
Gate( 5084)	 t q[9]
Gate( 5085)	cx q[8], q[3]
Gate( 5086)	cx q[9], q[8]
Gate( 5087)	cx q[3], q[9]
Gate( 5088)	tdg q[8]
Gate( 5089)	cx q[3], q[8]
Gate( 5090)	tdg q[3]
Gate( 5091)	tdg q[8]
Gate( 5092)	 t q[9]
Gate( 5093)	cx q[9], q[8]
Gate( 5094)	cx q[3], q[9]
Gate( 5095)	cx q[8], q[3]
Gate( 5096)	 h q[9]
Gate( 5097)	 h q[8]
Gate( 5098)	 t q[6]
Gate( 5099)	 t q[4]
Gate( 5100)	 t q[8]
Gate( 5101)	cx q[4], q[6]
Gate( 5102)	cx q[8], q[4]
Gate( 5103)	cx q[6], q[8]
Gate( 5104)	tdg q[4]
Gate( 5105)	cx q[6], q[4]
Gate( 5106)	tdg q[6]
Gate( 5107)	tdg q[4]
Gate( 5108)	 t q[8]
Gate( 5109)	cx q[8], q[4]
Gate( 5110)	cx q[6], q[8]
Gate( 5111)	cx q[4], q[6]
Gate( 5112)	 h q[8]
Gate( 5113)	 h q[9]
Gate( 5114)	 t q[3]
Gate( 5115)	 t q[8]
Gate( 5116)	 t q[9]
Gate( 5117)	cx q[8], q[3]
Gate( 5118)	cx q[9], q[8]
Gate( 5119)	cx q[3], q[9]
Gate( 5120)	tdg q[8]
Gate( 5121)	cx q[3], q[8]
Gate( 5122)	tdg q[3]
Gate( 5123)	tdg q[8]
Gate( 5124)	 t q[9]
Gate( 5125)	cx q[9], q[8]
Gate( 5126)	cx q[3], q[9]
Gate( 5127)	cx q[8], q[3]
Gate( 5128)	 h q[9]
Gate( 5129)	 h q[1]
Gate( 5130)	 t q[7]
Gate( 5131)	 t q[6]
Gate( 5132)	 t q[1]
Gate( 5133)	cx q[6], q[7]
Gate( 5134)	cx q[1], q[6]
Gate( 5135)	cx q[7], q[1]
Gate( 5136)	tdg q[6]
Gate( 5137)	cx q[7], q[6]
Gate( 5138)	tdg q[7]
Gate( 5139)	tdg q[6]
Gate( 5140)	 t q[1]
Gate( 5141)	cx q[1], q[6]
Gate( 5142)	cx q[7], q[1]
Gate( 5143)	cx q[6], q[7]
Gate( 5144)	 h q[1]
Gate( 5145)	 h q[6]
Gate( 5146)	 t q[9]
Gate( 5147)	 t q[8]
Gate( 5148)	 t q[6]
Gate( 5149)	cx q[8], q[9]
Gate( 5150)	cx q[6], q[8]
Gate( 5151)	cx q[9], q[6]
Gate( 5152)	tdg q[8]
Gate( 5153)	cx q[9], q[8]
Gate( 5154)	tdg q[9]
Gate( 5155)	tdg q[8]
Gate( 5156)	 t q[6]
Gate( 5157)	cx q[6], q[8]
Gate( 5158)	cx q[9], q[6]
Gate( 5159)	cx q[8], q[9]
Gate( 5160)	 h q[6]
Gate( 5161)	 h q[1]
Gate( 5162)	 t q[7]
Gate( 5163)	 t q[6]
Gate( 5164)	 t q[1]
Gate( 5165)	cx q[6], q[7]
Gate( 5166)	cx q[1], q[6]
Gate( 5167)	cx q[7], q[1]
Gate( 5168)	tdg q[6]
Gate( 5169)	cx q[7], q[6]
Gate( 5170)	tdg q[7]
Gate( 5171)	tdg q[6]
Gate( 5172)	 t q[1]
Gate( 5173)	cx q[1], q[6]
Gate( 5174)	cx q[7], q[1]
Gate( 5175)	cx q[6], q[7]
Gate( 5176)	 h q[1]
Gate( 5177)	 h q[6]
Gate( 5178)	 t q[9]
Gate( 5179)	 t q[8]
Gate( 5180)	 t q[6]
Gate( 5181)	cx q[8], q[9]
Gate( 5182)	cx q[6], q[8]
Gate( 5183)	cx q[9], q[6]
Gate( 5184)	tdg q[8]
Gate( 5185)	cx q[9], q[8]
Gate( 5186)	tdg q[9]
Gate( 5187)	tdg q[8]
Gate( 5188)	 t q[6]
Gate( 5189)	cx q[6], q[8]
Gate( 5190)	cx q[9], q[6]
Gate( 5191)	cx q[8], q[9]
Gate( 5192)	 h q[6]
Gate( 5193)	 h q[0]
Gate( 5194)	 t q[1]
Gate( 5195)	 t q[9]
Gate( 5196)	 t q[0]
Gate( 5197)	cx q[9], q[1]
Gate( 5198)	cx q[0], q[9]
Gate( 5199)	cx q[1], q[0]
Gate( 5200)	tdg q[9]
Gate( 5201)	cx q[1], q[9]
Gate( 5202)	tdg q[1]
Gate( 5203)	tdg q[9]
Gate( 5204)	 t q[0]
Gate( 5205)	cx q[0], q[9]
Gate( 5206)	cx q[1], q[0]
Gate( 5207)	cx q[9], q[1]
Gate( 5208)	 h q[0]
Gate( 5209)	 h q[9]
Gate( 5210)	 t q[3]
Gate( 5211)	 t q[8]
Gate( 5212)	 t q[9]
Gate( 5213)	cx q[8], q[3]
Gate( 5214)	cx q[9], q[8]
Gate( 5215)	cx q[3], q[9]
Gate( 5216)	tdg q[8]
Gate( 5217)	cx q[3], q[8]
Gate( 5218)	tdg q[3]
Gate( 5219)	tdg q[8]
Gate( 5220)	 t q[9]
Gate( 5221)	cx q[9], q[8]
Gate( 5222)	cx q[3], q[9]
Gate( 5223)	cx q[8], q[3]
Gate( 5224)	 h q[9]
Gate( 5225)	 h q[8]
Gate( 5226)	 t q[6]
Gate( 5227)	 t q[4]
Gate( 5228)	 t q[8]
Gate( 5229)	cx q[4], q[6]
Gate( 5230)	cx q[8], q[4]
Gate( 5231)	cx q[6], q[8]
Gate( 5232)	tdg q[4]
Gate( 5233)	cx q[6], q[4]
Gate( 5234)	tdg q[6]
Gate( 5235)	tdg q[4]
Gate( 5236)	 t q[8]
Gate( 5237)	cx q[8], q[4]
Gate( 5238)	cx q[6], q[8]
Gate( 5239)	cx q[4], q[6]
Gate( 5240)	 h q[8]
Gate( 5241)	 h q[9]
Gate( 5242)	 t q[3]
Gate( 5243)	 t q[8]
Gate( 5244)	 t q[9]
Gate( 5245)	cx q[8], q[3]
Gate( 5246)	cx q[9], q[8]
Gate( 5247)	cx q[3], q[9]
Gate( 5248)	tdg q[8]
Gate( 5249)	cx q[3], q[8]
Gate( 5250)	tdg q[3]
Gate( 5251)	tdg q[8]
Gate( 5252)	 t q[9]
Gate( 5253)	cx q[9], q[8]
Gate( 5254)	cx q[3], q[9]
Gate( 5255)	cx q[8], q[3]
Gate( 5256)	 h q[9]
Gate( 5257)	 h q[0]
Gate( 5258)	 t q[1]
Gate( 5259)	 t q[9]
Gate( 5260)	 t q[0]
Gate( 5261)	cx q[9], q[1]
Gate( 5262)	cx q[0], q[9]
Gate( 5263)	cx q[1], q[0]
Gate( 5264)	tdg q[9]
Gate( 5265)	cx q[1], q[9]
Gate( 5266)	tdg q[1]
Gate( 5267)	tdg q[9]
Gate( 5268)	 t q[0]
Gate( 5269)	cx q[0], q[9]
Gate( 5270)	cx q[1], q[0]
Gate( 5271)	cx q[9], q[1]
Gate( 5272)	 h q[0]
Gate( 5273)	 h q[9]
Gate( 5274)	 t q[3]
Gate( 5275)	 t q[8]
Gate( 5276)	 t q[9]
Gate( 5277)	cx q[8], q[3]
Gate( 5278)	cx q[9], q[8]
Gate( 5279)	cx q[3], q[9]
Gate( 5280)	tdg q[8]
Gate( 5281)	cx q[3], q[8]
Gate( 5282)	tdg q[3]
Gate( 5283)	tdg q[8]
Gate( 5284)	 t q[9]
Gate( 5285)	cx q[9], q[8]
Gate( 5286)	cx q[3], q[9]
Gate( 5287)	cx q[8], q[3]
Gate( 5288)	 h q[9]
Gate( 5289)	 h q[8]
Gate( 5290)	 t q[6]
Gate( 5291)	 t q[4]
Gate( 5292)	 t q[8]
Gate( 5293)	cx q[4], q[6]
Gate( 5294)	cx q[8], q[4]
Gate( 5295)	cx q[6], q[8]
Gate( 5296)	tdg q[4]
Gate( 5297)	cx q[6], q[4]
Gate( 5298)	tdg q[6]
Gate( 5299)	tdg q[4]
Gate( 5300)	 t q[8]
Gate( 5301)	cx q[8], q[4]
Gate( 5302)	cx q[6], q[8]
Gate( 5303)	cx q[4], q[6]
Gate( 5304)	 h q[8]
Gate( 5305)	 h q[9]
Gate( 5306)	 t q[3]
Gate( 5307)	 t q[8]
Gate( 5308)	 t q[9]
Gate( 5309)	cx q[8], q[3]
Gate( 5310)	cx q[9], q[8]
Gate( 5311)	cx q[3], q[9]
Gate( 5312)	tdg q[8]
Gate( 5313)	cx q[3], q[8]
Gate( 5314)	tdg q[3]
Gate( 5315)	tdg q[8]
Gate( 5316)	 t q[9]
Gate( 5317)	cx q[9], q[8]
Gate( 5318)	cx q[3], q[9]
Gate( 5319)	cx q[8], q[3]
Gate( 5320)	 h q[9]

*** Option ***
Input file  : ../example/rd73_252.qasm
Output file : ../output/rd73_252.qasm

Generating Multi-QPU Architecture: 4 QPUs, each with 16 qubits

Skipping complex QPU Degree Graph (Using simple Star Topology meta-info)

=== Multi-QPU Interconnect Edges ===
initial_mapping

================ Interaction Graph ================
[Nodes]
  Node 0 (weight=1): edges -> 3 4 7 14 15 27 29 39 
  Node 1 (weight=1): edges -> 9 10 16 20 21 36 37 39 
  Node 2 (weight=1): edges -> 1 2 6 12 13 18 25 
  Node 3 (weight=1): edges -> 24 25 27 28 32 34 36 38 40 
  Node 4 (weight=1): edges -> 8 9 11 12 14 17 30 33 38 
  Node 5 (weight=1): edges -> 17 18 19 20 26 28 29 31 35 
  Node 6 (weight=1): edges -> 0 1 3 16 30 31 32 41 42 
  Node 7 (weight=1): edges -> 11 13 15 22 23 34 35 37 41 
  Node 8 (weight=1): edges -> 0 2 4 5 8 10 23 26 40 
  Node 9 (weight=1): edges -> 5 6 7 19 21 22 24 33 42 

[Edges]
  Edge 0 : q8 -- q6  weight=1051
  Edge 1 : q6 -- q2  weight=921
  Edge 2 : q2 -- q8  weight=551
  Edge 3 : q6 -- q0  weight=151
  Edge 4 : q0 -- q8  weight=271
  Edge 5 : q9 -- q8  weight=1811
  Edge 6 : q2 -- q9  weight=591
  Edge 7 : q0 -- q9  weight=611
  Edge 8 : q8 -- q4  weight=1031
  Edge 9 : q4 -- q1  weight=31
  Edge 10 : q1 -- q8  weight=191
  Edge 11 : q7 -- q4  weight=651
  Edge 12 : q4 -- q2  weight=551
  Edge 13 : q2 -- q7  weight=911
  Edge 14 : q4 -- q0  weight=291
  Edge 15 : q0 -- q7  weight=151
  Edge 16 : q1 -- q6  weight=321
  Edge 17 : q5 -- q4  weight=941
  Edge 18 : q2 -- q5  weight=551
  Edge 19 : q9 -- q5  weight=561
  Edge 20 : q5 -- q1  weight=31
  Edge 21 : q1 -- q9  weight=511
  Edge 22 : q9 -- q7  weight=741
  Edge 23 : q8 -- q7  weight=331
  Edge 24 : q3 -- q9  weight=1241
  Edge 25 : q2 -- q3  weight=471
  Edge 26 : q8 -- q5  weight=671
  Edge 27 : q0 -- q3  weight=551
  Edge 28 : q3 -- q5  weight=531
  Edge 29 : q5 -- q0  weight=31
  Edge 30 : q6 -- q4  weight=871
  Edge 31 : q5 -- q6  weight=571
  Edge 32 : q3 -- q6  weight=551
  Edge 33 : q4 -- q9  weight=351
  Edge 34 : q3 -- q7  weight=301
  Edge 35 : q7 -- q5  weight=431
  Edge 36 : q3 -- q1  weight=31
  Edge 37 : q1 -- q7  weight=191
  Edge 38 : q4 -- q3  weight=51
  Edge 39 : q0 -- q1  weight=311
  Edge 40 : q3 -- q8  weight=1131
  Edge 41 : q7 -- q6  weight=351
  Edge 42 : q6 -- q9  weight=411
===================================================


[ADAPTIVE-METIS] start: nvtxs=10 edges=43 ufactor=1000 max_trials=50
Input Error: Incorrect numflag.
  [trial   0] Q=0.19116 cut=18216000 perturb=0.000 sizes=[3,3,2,2]  *** BEST ***
Input Error: Incorrect numflag.
Input Error: Incorrect numflag.
Input Error: Incorrect numflag.
Input Error: Incorrect numflag.
Input Error: Incorrect numflag.
Input Error: Incorrect numflag.
Input Error: Incorrect numflag.
Input Error: Incorrect numflag.
Input Error: Incorrect numflag.
  [trial   9] Q=0.19116 best=0.19116 no_imp=9/12
Input Error: Incorrect numflag.
Input Error: Incorrect numflag.
Input Error: Incorrect numflag.
  [ADAPTIVE-METIS] saturated at trial=12
[ADAPTIVE-METIS] DONE: best_Q=0.19116 trials=13/50 success=13
  partition sizes: [3,3,2,2] imbalance=1.20

===== InteractionGraph Subsets Complete =====

===== Building inter_Sub_edge (Cross-Sub Edges) =====

========== Cross-Subgraph Weighted Sums ==========
  Total cross-QPU weight: 18216.000
  QPU1<->QPU3: 4986.000
  QPU0<->QPU1: 3049.000
  QPU0<->QPU3: 2916.000
  QPU1<->QPU2: 2866.000
  QPU2<->QPU3: 2344.000
  QPU0<->QPU2: 2055.000

===== MATCHING START =====
[MATCH] Sub0 -> QPU0
[MATCH] Sub1 -> QPU1
[MATCH] Sub2 -> QPU2
[MATCH] Sub3 -> QPU3

===== MATCHING DONE =====

===================== initial_mapping END =====================
[START] main_mapping v5
[FIDELITY] swaps=2 inter_epr=1854 => F=0.000 (0%)
[END] main_mapping v5.1 SWAPs=2 inter_exec=1854 fidelity=0.000%
*** Final Circuit ***
# add_2q_num: 2
# fidelity: 0.000

*** Time & Memory Measure ***
tasks                          Wtime      Ctime
PARSING                        0.415      0.020
GENERATE MULTI-QPU             0.456      0.060
INITIAL MAPPING                0.463      0.068
MAIN MAPPING                   0.468      0.073
END PROGRAM                    0.471      0.076

----------------------------------------
### VmPeak         FDSize:	64
### Memory Usage           : 10.242 MB
