
================================================================
         Multi-QPU Mapping by Ajou University QCSS Lab          
================================================================
Gate(    0)	cx q[10], q[2]
Gate(    1)	cx q[8], q[2]
Gate(    2)	cx q[8], q[0]
Gate(    3)	 h q[3]
Gate(    4)	 t q[5]
Gate(    5)	 t q[9]
Gate(    6)	 t q[3]
Gate(    7)	cx q[9], q[5]
Gate(    8)	cx q[3], q[9]
Gate(    9)	cx q[5], q[3]
Gate(   10)	tdg q[9]
Gate(   11)	cx q[5], q[9]
Gate(   12)	tdg q[5]
Gate(   13)	tdg q[9]
Gate(   14)	 t q[3]
Gate(   15)	cx q[3], q[9]
Gate(   16)	cx q[5], q[3]
Gate(   17)	cx q[9], q[5]
Gate(   18)	 h q[3]
Gate(   19)	 h q[9]
Gate(   20)	 t q[11]
Gate(   21)	 t q[10]
Gate(   22)	 t q[9]
Gate(   23)	cx q[10], q[11]
Gate(   24)	cx q[9], q[10]
Gate(   25)	cx q[11], q[9]
Gate(   26)	tdg q[10]
Gate(   27)	cx q[11], q[10]
Gate(   28)	tdg q[11]
Gate(   29)	tdg q[10]
Gate(   30)	 t q[9]
Gate(   31)	cx q[9], q[10]
Gate(   32)	cx q[11], q[9]
Gate(   33)	cx q[10], q[11]
Gate(   34)	 h q[9]
Gate(   35)	 h q[3]
Gate(   36)	 t q[5]
Gate(   37)	 t q[9]
Gate(   38)	 t q[3]
Gate(   39)	cx q[9], q[5]
Gate(   40)	cx q[3], q[9]
Gate(   41)	cx q[5], q[3]
Gate(   42)	tdg q[9]
Gate(   43)	cx q[5], q[9]
Gate(   44)	tdg q[5]
Gate(   45)	tdg q[9]
Gate(   46)	 t q[3]
Gate(   47)	cx q[3], q[9]
Gate(   48)	cx q[5], q[3]
Gate(   49)	cx q[9], q[5]
Gate(   50)	 h q[3]
Gate(   51)	 h q[9]
Gate(   52)	 t q[11]
Gate(   53)	 t q[10]
Gate(   54)	 t q[9]
Gate(   55)	cx q[10], q[11]
Gate(   56)	cx q[9], q[10]
Gate(   57)	cx q[11], q[9]
Gate(   58)	tdg q[10]
Gate(   59)	cx q[11], q[10]
Gate(   60)	tdg q[11]
Gate(   61)	tdg q[10]
Gate(   62)	 t q[9]
Gate(   63)	cx q[9], q[10]
Gate(   64)	cx q[11], q[9]
Gate(   65)	cx q[10], q[11]
Gate(   66)	 h q[9]
Gate(   67)	 h q[3]
Gate(   68)	 t q[6]
Gate(   69)	 t q[11]
Gate(   70)	 t q[3]
Gate(   71)	cx q[11], q[6]
Gate(   72)	cx q[3], q[11]
Gate(   73)	cx q[6], q[3]
Gate(   74)	tdg q[11]
Gate(   75)	cx q[6], q[11]
Gate(   76)	tdg q[6]
Gate(   77)	tdg q[11]
Gate(   78)	 t q[3]
Gate(   79)	cx q[3], q[11]
Gate(   80)	cx q[6], q[3]
Gate(   81)	cx q[11], q[6]
Gate(   82)	 h q[3]
Gate(   83)	 h q[11]
Gate(   84)	 t q[8]
Gate(   85)	 t q[7]
Gate(   86)	 t q[11]
Gate(   87)	cx q[7], q[8]
Gate(   88)	cx q[11], q[7]
Gate(   89)	cx q[8], q[11]
Gate(   90)	tdg q[7]
Gate(   91)	cx q[8], q[7]
Gate(   92)	tdg q[8]
Gate(   93)	tdg q[7]
Gate(   94)	 t q[11]
Gate(   95)	cx q[11], q[7]
Gate(   96)	cx q[8], q[11]
Gate(   97)	cx q[7], q[8]
Gate(   98)	 h q[11]
Gate(   99)	 h q[3]
Gate(  100)	 t q[6]
Gate(  101)	 t q[11]
Gate(  102)	 t q[3]
Gate(  103)	cx q[11], q[6]
Gate(  104)	cx q[3], q[11]
Gate(  105)	cx q[6], q[3]
Gate(  106)	tdg q[11]
Gate(  107)	cx q[6], q[11]
Gate(  108)	tdg q[6]
Gate(  109)	tdg q[11]
Gate(  110)	 t q[3]
Gate(  111)	cx q[3], q[11]
Gate(  112)	cx q[6], q[3]
Gate(  113)	cx q[11], q[6]
Gate(  114)	 h q[3]
Gate(  115)	 h q[11]
Gate(  116)	 t q[8]
Gate(  117)	 t q[7]
Gate(  118)	 t q[11]
Gate(  119)	cx q[7], q[8]
Gate(  120)	cx q[11], q[7]
Gate(  121)	cx q[8], q[11]
Gate(  122)	tdg q[7]
Gate(  123)	cx q[8], q[7]
Gate(  124)	tdg q[8]
Gate(  125)	tdg q[7]
Gate(  126)	 t q[11]
Gate(  127)	cx q[11], q[7]
Gate(  128)	cx q[8], q[11]
Gate(  129)	cx q[7], q[8]
Gate(  130)	 h q[11]
Gate(  131)	 h q[2]
Gate(  132)	 t q[9]
Gate(  133)	 t q[4]
Gate(  134)	 t q[2]
Gate(  135)	cx q[4], q[9]
Gate(  136)	cx q[2], q[4]
Gate(  137)	cx q[9], q[2]
Gate(  138)	tdg q[4]
Gate(  139)	cx q[9], q[4]
Gate(  140)	tdg q[9]
Gate(  141)	tdg q[4]
Gate(  142)	 t q[2]
Gate(  143)	cx q[2], q[4]
Gate(  144)	cx q[9], q[2]
Gate(  145)	cx q[4], q[9]
Gate(  146)	 h q[2]
Gate(  147)	 h q[3]
Gate(  148)	 t q[11]
Gate(  149)	 t q[7]
Gate(  150)	 t q[3]
Gate(  151)	cx q[7], q[11]
Gate(  152)	cx q[3], q[7]
Gate(  153)	cx q[11], q[3]
Gate(  154)	tdg q[7]
Gate(  155)	cx q[11], q[7]
Gate(  156)	tdg q[11]
Gate(  157)	tdg q[7]
Gate(  158)	 t q[3]
Gate(  159)	cx q[3], q[7]
Gate(  160)	cx q[11], q[3]
Gate(  161)	cx q[7], q[11]
Gate(  162)	 h q[3]
Gate(  163)	 h q[2]
Gate(  164)	 t q[11]
Gate(  165)	 t q[7]
Gate(  166)	 t q[2]
Gate(  167)	cx q[7], q[11]
Gate(  168)	cx q[2], q[7]
Gate(  169)	cx q[11], q[2]
Gate(  170)	tdg q[7]
Gate(  171)	cx q[11], q[7]
Gate(  172)	tdg q[11]
Gate(  173)	tdg q[7]
Gate(  174)	 t q[2]
Gate(  175)	cx q[2], q[7]
Gate(  176)	cx q[11], q[2]
Gate(  177)	cx q[7], q[11]
Gate(  178)	 h q[2]
Gate(  179)	 h q[3]
Gate(  180)	 t q[4]
Gate(  181)	 t q[10]
Gate(  182)	 t q[3]
Gate(  183)	cx q[10], q[4]
Gate(  184)	cx q[3], q[10]
Gate(  185)	cx q[4], q[3]
Gate(  186)	tdg q[10]
Gate(  187)	cx q[4], q[10]
Gate(  188)	tdg q[4]
Gate(  189)	tdg q[10]
Gate(  190)	 t q[3]
Gate(  191)	cx q[3], q[10]
Gate(  192)	cx q[4], q[3]
Gate(  193)	cx q[10], q[4]
Gate(  194)	 h q[3]
Gate(  195)	 h q[10]
Gate(  196)	 t q[11]
Gate(  197)	 t q[6]
Gate(  198)	 t q[10]
Gate(  199)	cx q[6], q[11]
Gate(  200)	cx q[10], q[6]
Gate(  201)	cx q[11], q[10]
Gate(  202)	tdg q[6]
Gate(  203)	cx q[11], q[6]
Gate(  204)	tdg q[11]
Gate(  205)	tdg q[6]
Gate(  206)	 t q[10]
Gate(  207)	cx q[10], q[6]
Gate(  208)	cx q[11], q[10]
Gate(  209)	cx q[6], q[11]
Gate(  210)	 h q[10]
Gate(  211)	 h q[3]
Gate(  212)	 t q[4]
Gate(  213)	 t q[10]
Gate(  214)	 t q[3]
Gate(  215)	cx q[10], q[4]
Gate(  216)	cx q[3], q[10]
Gate(  217)	cx q[4], q[3]
Gate(  218)	tdg q[10]
Gate(  219)	cx q[4], q[10]
Gate(  220)	tdg q[4]
Gate(  221)	tdg q[10]
Gate(  222)	 t q[3]
Gate(  223)	cx q[3], q[10]
Gate(  224)	cx q[4], q[3]
Gate(  225)	cx q[10], q[4]
Gate(  226)	 h q[3]
Gate(  227)	 h q[10]
Gate(  228)	 t q[11]
Gate(  229)	 t q[6]
Gate(  230)	 t q[10]
Gate(  231)	cx q[6], q[11]
Gate(  232)	cx q[10], q[6]
Gate(  233)	cx q[11], q[10]
Gate(  234)	tdg q[6]
Gate(  235)	cx q[11], q[6]
Gate(  236)	tdg q[11]
Gate(  237)	tdg q[6]
Gate(  238)	 t q[10]
Gate(  239)	cx q[10], q[6]
Gate(  240)	cx q[11], q[10]
Gate(  241)	cx q[6], q[11]
Gate(  242)	 h q[10]
Gate(  243)	 h q[0]
Gate(  244)	 t q[8]
Gate(  245)	 t q[7]
Gate(  246)	 t q[0]
Gate(  247)	cx q[7], q[8]
Gate(  248)	cx q[0], q[7]
Gate(  249)	cx q[8], q[0]
Gate(  250)	tdg q[7]
Gate(  251)	cx q[8], q[7]
Gate(  252)	tdg q[8]
Gate(  253)	tdg q[7]
Gate(  254)	 t q[0]
Gate(  255)	cx q[0], q[7]
Gate(  256)	cx q[8], q[0]
Gate(  257)	cx q[7], q[8]
Gate(  258)	 h q[0]
Gate(  259)	 h q[7]
Gate(  260)	 t q[9]
Gate(  261)	 t q[6]
Gate(  262)	 t q[7]
Gate(  263)	cx q[6], q[9]
Gate(  264)	cx q[7], q[6]
Gate(  265)	cx q[9], q[7]
Gate(  266)	tdg q[6]
Gate(  267)	cx q[9], q[6]
Gate(  268)	tdg q[9]
Gate(  269)	tdg q[6]
Gate(  270)	 t q[7]
Gate(  271)	cx q[7], q[6]
Gate(  272)	cx q[9], q[7]
Gate(  273)	cx q[6], q[9]
Gate(  274)	 h q[7]
Gate(  275)	 h q[6]
Gate(  276)	 t q[11]
Gate(  277)	 t q[10]
Gate(  278)	 t q[6]
Gate(  279)	cx q[10], q[11]
Gate(  280)	cx q[6], q[10]
Gate(  281)	cx q[11], q[6]
Gate(  282)	tdg q[10]
Gate(  283)	cx q[11], q[10]
Gate(  284)	tdg q[11]
Gate(  285)	tdg q[10]
Gate(  286)	 t q[6]
Gate(  287)	cx q[6], q[10]
Gate(  288)	cx q[11], q[6]
Gate(  289)	cx q[10], q[11]
Gate(  290)	 h q[6]
Gate(  291)	 h q[7]
Gate(  292)	 t q[9]
Gate(  293)	 t q[6]
Gate(  294)	 t q[7]
Gate(  295)	cx q[6], q[9]
Gate(  296)	cx q[7], q[6]
Gate(  297)	cx q[9], q[7]
Gate(  298)	tdg q[6]
Gate(  299)	cx q[9], q[6]
Gate(  300)	tdg q[9]
Gate(  301)	tdg q[6]
Gate(  302)	 t q[7]
Gate(  303)	cx q[7], q[6]
Gate(  304)	cx q[9], q[7]
Gate(  305)	cx q[6], q[9]
Gate(  306)	 h q[7]
Gate(  307)	 h q[0]
Gate(  308)	 t q[8]
Gate(  309)	 t q[7]
Gate(  310)	 t q[0]
Gate(  311)	cx q[7], q[8]
Gate(  312)	cx q[0], q[7]
Gate(  313)	cx q[8], q[0]
Gate(  314)	tdg q[7]
Gate(  315)	cx q[8], q[7]
Gate(  316)	tdg q[8]
Gate(  317)	tdg q[7]
Gate(  318)	 t q[0]
Gate(  319)	cx q[0], q[7]
Gate(  320)	cx q[8], q[0]
Gate(  321)	cx q[7], q[8]
Gate(  322)	 h q[0]
Gate(  323)	 h q[7]
Gate(  324)	 t q[9]
Gate(  325)	 t q[6]
Gate(  326)	 t q[7]
Gate(  327)	cx q[6], q[9]
Gate(  328)	cx q[7], q[6]
Gate(  329)	cx q[9], q[7]
Gate(  330)	tdg q[6]
Gate(  331)	cx q[9], q[6]
Gate(  332)	tdg q[9]
Gate(  333)	tdg q[6]
Gate(  334)	 t q[7]
Gate(  335)	cx q[7], q[6]
Gate(  336)	cx q[9], q[7]
Gate(  337)	cx q[6], q[9]
Gate(  338)	 h q[7]
Gate(  339)	 h q[6]
Gate(  340)	 t q[11]
Gate(  341)	 t q[10]
Gate(  342)	 t q[6]
Gate(  343)	cx q[10], q[11]
Gate(  344)	cx q[6], q[10]
Gate(  345)	cx q[11], q[6]
Gate(  346)	tdg q[10]
Gate(  347)	cx q[11], q[10]
Gate(  348)	tdg q[11]
Gate(  349)	tdg q[10]
Gate(  350)	 t q[6]
Gate(  351)	cx q[6], q[10]
Gate(  352)	cx q[11], q[6]
Gate(  353)	cx q[10], q[11]
Gate(  354)	 h q[6]
Gate(  355)	 h q[7]
Gate(  356)	 t q[9]
Gate(  357)	 t q[6]
Gate(  358)	 t q[7]
Gate(  359)	cx q[6], q[9]
Gate(  360)	cx q[7], q[6]
Gate(  361)	cx q[9], q[7]
Gate(  362)	tdg q[6]
Gate(  363)	cx q[9], q[6]
Gate(  364)	tdg q[9]
Gate(  365)	tdg q[6]
Gate(  366)	 t q[7]
Gate(  367)	cx q[7], q[6]
Gate(  368)	cx q[9], q[7]
Gate(  369)	cx q[6], q[9]
Gate(  370)	 h q[7]
Gate(  371)	 h q[1]
Gate(  372)	 t q[0]
Gate(  373)	 t q[11]
Gate(  374)	 t q[1]
Gate(  375)	cx q[11], q[0]
Gate(  376)	cx q[1], q[11]
Gate(  377)	cx q[0], q[1]
Gate(  378)	tdg q[11]
Gate(  379)	cx q[0], q[11]
Gate(  380)	tdg q[0]
Gate(  381)	tdg q[11]
Gate(  382)	 t q[1]
Gate(  383)	cx q[1], q[11]
Gate(  384)	cx q[0], q[1]
Gate(  385)	cx q[11], q[0]
Gate(  386)	 h q[1]
Gate(  387)	 h q[11]
Gate(  388)	 t q[4]
Gate(  389)	 t q[10]
Gate(  390)	 t q[11]
Gate(  391)	cx q[10], q[4]
Gate(  392)	cx q[11], q[10]
Gate(  393)	cx q[4], q[11]
Gate(  394)	tdg q[10]
Gate(  395)	cx q[4], q[10]
Gate(  396)	tdg q[4]
Gate(  397)	tdg q[10]
Gate(  398)	 t q[11]
Gate(  399)	cx q[11], q[10]
Gate(  400)	cx q[4], q[11]
Gate(  401)	cx q[10], q[4]
Gate(  402)	 h q[11]
Gate(  403)	 h q[10]
Gate(  404)	 t q[5]
Gate(  405)	 t q[9]
Gate(  406)	 t q[10]
Gate(  407)	cx q[9], q[5]
Gate(  408)	cx q[10], q[9]
Gate(  409)	cx q[5], q[10]
Gate(  410)	tdg q[9]
Gate(  411)	cx q[5], q[9]
Gate(  412)	tdg q[5]
Gate(  413)	tdg q[9]
Gate(  414)	 t q[10]
Gate(  415)	cx q[10], q[9]
Gate(  416)	cx q[5], q[10]
Gate(  417)	cx q[9], q[5]
Gate(  418)	 h q[10]
Gate(  419)	 h q[9]
Gate(  420)	 t q[7]
Gate(  421)	 t q[6]
Gate(  422)	 t q[9]
Gate(  423)	cx q[6], q[7]
Gate(  424)	cx q[9], q[6]
Gate(  425)	cx q[7], q[9]
Gate(  426)	tdg q[6]
Gate(  427)	cx q[7], q[6]
Gate(  428)	tdg q[7]
Gate(  429)	tdg q[6]
Gate(  430)	 t q[9]
Gate(  431)	cx q[9], q[6]
Gate(  432)	cx q[7], q[9]
Gate(  433)	cx q[6], q[7]
Gate(  434)	 h q[9]
Gate(  435)	 h q[10]
Gate(  436)	 t q[5]
Gate(  437)	 t q[9]
Gate(  438)	 t q[10]
Gate(  439)	cx q[9], q[5]
Gate(  440)	cx q[10], q[9]
Gate(  441)	cx q[5], q[10]
Gate(  442)	tdg q[9]
Gate(  443)	cx q[5], q[9]
Gate(  444)	tdg q[5]
Gate(  445)	tdg q[9]
Gate(  446)	 t q[10]
Gate(  447)	cx q[10], q[9]
Gate(  448)	cx q[5], q[10]
Gate(  449)	cx q[9], q[5]
Gate(  450)	 h q[10]
Gate(  451)	 h q[11]
Gate(  452)	 t q[4]
Gate(  453)	 t q[10]
Gate(  454)	 t q[11]
Gate(  455)	cx q[10], q[4]
Gate(  456)	cx q[11], q[10]
Gate(  457)	cx q[4], q[11]
Gate(  458)	tdg q[10]
Gate(  459)	cx q[4], q[10]
Gate(  460)	tdg q[4]
Gate(  461)	tdg q[10]
Gate(  462)	 t q[11]
Gate(  463)	cx q[11], q[10]
Gate(  464)	cx q[4], q[11]
Gate(  465)	cx q[10], q[4]
Gate(  466)	 h q[11]
Gate(  467)	 h q[1]
Gate(  468)	 t q[0]
Gate(  469)	 t q[11]
Gate(  470)	 t q[1]
Gate(  471)	cx q[11], q[0]
Gate(  472)	cx q[1], q[11]
Gate(  473)	cx q[0], q[1]
Gate(  474)	tdg q[11]
Gate(  475)	cx q[0], q[11]
Gate(  476)	tdg q[0]
Gate(  477)	tdg q[11]
Gate(  478)	 t q[1]
Gate(  479)	cx q[1], q[11]
Gate(  480)	cx q[0], q[1]
Gate(  481)	cx q[11], q[0]
Gate(  482)	 h q[1]
Gate(  483)	 h q[11]
Gate(  484)	 t q[4]
Gate(  485)	 t q[10]
Gate(  486)	 t q[11]
Gate(  487)	cx q[10], q[4]
Gate(  488)	cx q[11], q[10]
Gate(  489)	cx q[4], q[11]
Gate(  490)	tdg q[10]
Gate(  491)	cx q[4], q[10]
Gate(  492)	tdg q[4]
Gate(  493)	tdg q[10]
Gate(  494)	 t q[11]
Gate(  495)	cx q[11], q[10]
Gate(  496)	cx q[4], q[11]
Gate(  497)	cx q[10], q[4]
Gate(  498)	 h q[11]
Gate(  499)	 h q[10]
Gate(  500)	 t q[5]
Gate(  501)	 t q[9]
Gate(  502)	 t q[10]
Gate(  503)	cx q[9], q[5]
Gate(  504)	cx q[10], q[9]
Gate(  505)	cx q[5], q[10]
Gate(  506)	tdg q[9]
Gate(  507)	cx q[5], q[9]
Gate(  508)	tdg q[5]
Gate(  509)	tdg q[9]
Gate(  510)	 t q[10]
Gate(  511)	cx q[10], q[9]
Gate(  512)	cx q[5], q[10]
Gate(  513)	cx q[9], q[5]
Gate(  514)	 h q[10]
Gate(  515)	 h q[9]
Gate(  516)	 t q[7]
Gate(  517)	 t q[6]
Gate(  518)	 t q[9]
Gate(  519)	cx q[6], q[7]
Gate(  520)	cx q[9], q[6]
Gate(  521)	cx q[7], q[9]
Gate(  522)	tdg q[6]
Gate(  523)	cx q[7], q[6]
Gate(  524)	tdg q[7]
Gate(  525)	tdg q[6]
Gate(  526)	 t q[9]
Gate(  527)	cx q[9], q[6]
Gate(  528)	cx q[7], q[9]
Gate(  529)	cx q[6], q[7]
Gate(  530)	 h q[9]
Gate(  531)	 h q[10]
Gate(  532)	 t q[5]
Gate(  533)	 t q[9]
Gate(  534)	 t q[10]
Gate(  535)	cx q[9], q[5]
Gate(  536)	cx q[10], q[9]
Gate(  537)	cx q[5], q[10]
Gate(  538)	tdg q[9]
Gate(  539)	cx q[5], q[9]
Gate(  540)	tdg q[5]
Gate(  541)	tdg q[9]
Gate(  542)	 t q[10]
Gate(  543)	cx q[10], q[9]
Gate(  544)	cx q[5], q[10]
Gate(  545)	cx q[9], q[5]
Gate(  546)	 h q[10]
Gate(  547)	 h q[11]
Gate(  548)	 t q[4]
Gate(  549)	 t q[10]
Gate(  550)	 t q[11]
Gate(  551)	cx q[10], q[4]
Gate(  552)	cx q[11], q[10]
Gate(  553)	cx q[4], q[11]
Gate(  554)	tdg q[10]
Gate(  555)	cx q[4], q[10]
Gate(  556)	tdg q[4]
Gate(  557)	tdg q[10]
Gate(  558)	 t q[11]
Gate(  559)	cx q[11], q[10]
Gate(  560)	cx q[4], q[11]
Gate(  561)	cx q[10], q[4]
Gate(  562)	 h q[11]
Gate(  563)	 h q[0]
Gate(  564)	 t q[8]
Gate(  565)	 t q[7]
Gate(  566)	 t q[0]
Gate(  567)	cx q[7], q[8]
Gate(  568)	cx q[0], q[7]
Gate(  569)	cx q[8], q[0]
Gate(  570)	tdg q[7]
Gate(  571)	cx q[8], q[7]
Gate(  572)	tdg q[8]
Gate(  573)	tdg q[7]
Gate(  574)	 t q[0]
Gate(  575)	cx q[0], q[7]
Gate(  576)	cx q[8], q[0]
Gate(  577)	cx q[7], q[8]
Gate(  578)	 h q[0]
Gate(  579)	 h q[7]
Gate(  580)	 t q[9]
Gate(  581)	 t q[6]
Gate(  582)	 t q[7]
Gate(  583)	cx q[6], q[9]
Gate(  584)	cx q[7], q[6]
Gate(  585)	cx q[9], q[7]
Gate(  586)	tdg q[6]
Gate(  587)	cx q[9], q[6]
Gate(  588)	tdg q[9]
Gate(  589)	tdg q[6]
Gate(  590)	 t q[7]
Gate(  591)	cx q[7], q[6]
Gate(  592)	cx q[9], q[7]
Gate(  593)	cx q[6], q[9]
Gate(  594)	 h q[7]
Gate(  595)	 h q[6]
Gate(  596)	 t q[11]
Gate(  597)	 t q[10]
Gate(  598)	 t q[6]
Gate(  599)	cx q[10], q[11]
Gate(  600)	cx q[6], q[10]
Gate(  601)	cx q[11], q[6]
Gate(  602)	tdg q[10]
Gate(  603)	cx q[11], q[10]
Gate(  604)	tdg q[11]
Gate(  605)	tdg q[10]
Gate(  606)	 t q[6]
Gate(  607)	cx q[6], q[10]
Gate(  608)	cx q[11], q[6]
Gate(  609)	cx q[10], q[11]
Gate(  610)	 h q[6]
Gate(  611)	 h q[7]
Gate(  612)	 t q[9]
Gate(  613)	 t q[6]
Gate(  614)	 t q[7]
Gate(  615)	cx q[6], q[9]
Gate(  616)	cx q[7], q[6]
Gate(  617)	cx q[9], q[7]
Gate(  618)	tdg q[6]
Gate(  619)	cx q[9], q[6]
Gate(  620)	tdg q[9]
Gate(  621)	tdg q[6]
Gate(  622)	 t q[7]
Gate(  623)	cx q[7], q[6]
Gate(  624)	cx q[9], q[7]
Gate(  625)	cx q[6], q[9]
Gate(  626)	 h q[7]
Gate(  627)	 h q[0]
Gate(  628)	 t q[8]
Gate(  629)	 t q[7]
Gate(  630)	 t q[0]
Gate(  631)	cx q[7], q[8]
Gate(  632)	cx q[0], q[7]
Gate(  633)	cx q[8], q[0]
Gate(  634)	tdg q[7]
Gate(  635)	cx q[8], q[7]
Gate(  636)	tdg q[8]
Gate(  637)	tdg q[7]
Gate(  638)	 t q[0]
Gate(  639)	cx q[0], q[7]
Gate(  640)	cx q[8], q[0]
Gate(  641)	cx q[7], q[8]
Gate(  642)	 h q[0]
Gate(  643)	 h q[7]
Gate(  644)	 t q[9]
Gate(  645)	 t q[6]
Gate(  646)	 t q[7]
Gate(  647)	cx q[6], q[9]
Gate(  648)	cx q[7], q[6]
Gate(  649)	cx q[9], q[7]
Gate(  650)	tdg q[6]
Gate(  651)	cx q[9], q[6]
Gate(  652)	tdg q[9]
Gate(  653)	tdg q[6]
Gate(  654)	 t q[7]
Gate(  655)	cx q[7], q[6]
Gate(  656)	cx q[9], q[7]
Gate(  657)	cx q[6], q[9]
Gate(  658)	 h q[7]
Gate(  659)	 h q[6]
Gate(  660)	 t q[11]
Gate(  661)	 t q[10]
Gate(  662)	 t q[6]
Gate(  663)	cx q[10], q[11]
Gate(  664)	cx q[6], q[10]
Gate(  665)	cx q[11], q[6]
Gate(  666)	tdg q[10]
Gate(  667)	cx q[11], q[10]
Gate(  668)	tdg q[11]
Gate(  669)	tdg q[10]
Gate(  670)	 t q[6]
Gate(  671)	cx q[6], q[10]
Gate(  672)	cx q[11], q[6]
Gate(  673)	cx q[10], q[11]
Gate(  674)	 h q[6]
Gate(  675)	 h q[7]
Gate(  676)	 t q[9]
Gate(  677)	 t q[6]
Gate(  678)	 t q[7]
Gate(  679)	cx q[6], q[9]
Gate(  680)	cx q[7], q[6]
Gate(  681)	cx q[9], q[7]
Gate(  682)	tdg q[6]
Gate(  683)	cx q[9], q[6]
Gate(  684)	tdg q[9]
Gate(  685)	tdg q[6]
Gate(  686)	 t q[7]
Gate(  687)	cx q[7], q[6]
Gate(  688)	cx q[9], q[7]
Gate(  689)	cx q[6], q[9]
Gate(  690)	 h q[7]
Gate(  691)	 h q[1]
Gate(  692)	 t q[0]
Gate(  693)	 t q[11]
Gate(  694)	 t q[1]
Gate(  695)	cx q[11], q[0]
Gate(  696)	cx q[1], q[11]
Gate(  697)	cx q[0], q[1]
Gate(  698)	tdg q[11]
Gate(  699)	cx q[0], q[11]
Gate(  700)	tdg q[0]
Gate(  701)	tdg q[11]
Gate(  702)	 t q[1]
Gate(  703)	cx q[1], q[11]
Gate(  704)	cx q[0], q[1]
Gate(  705)	cx q[11], q[0]
Gate(  706)	 h q[1]
Gate(  707)	 h q[11]
Gate(  708)	 t q[4]
Gate(  709)	 t q[10]
Gate(  710)	 t q[11]
Gate(  711)	cx q[10], q[4]
Gate(  712)	cx q[11], q[10]
Gate(  713)	cx q[4], q[11]
Gate(  714)	tdg q[10]
Gate(  715)	cx q[4], q[10]
Gate(  716)	tdg q[4]
Gate(  717)	tdg q[10]
Gate(  718)	 t q[11]
Gate(  719)	cx q[11], q[10]
Gate(  720)	cx q[4], q[11]
Gate(  721)	cx q[10], q[4]
Gate(  722)	 h q[11]
Gate(  723)	 h q[10]
Gate(  724)	 t q[5]
Gate(  725)	 t q[9]
Gate(  726)	 t q[10]
Gate(  727)	cx q[9], q[5]
Gate(  728)	cx q[10], q[9]
Gate(  729)	cx q[5], q[10]
Gate(  730)	tdg q[9]
Gate(  731)	cx q[5], q[9]
Gate(  732)	tdg q[5]
Gate(  733)	tdg q[9]
Gate(  734)	 t q[10]
Gate(  735)	cx q[10], q[9]
Gate(  736)	cx q[5], q[10]
Gate(  737)	cx q[9], q[5]
Gate(  738)	 h q[10]
Gate(  739)	 h q[9]
Gate(  740)	 t q[7]
Gate(  741)	 t q[6]
Gate(  742)	 t q[9]
Gate(  743)	cx q[6], q[7]
Gate(  744)	cx q[9], q[6]
Gate(  745)	cx q[7], q[9]
Gate(  746)	tdg q[6]
Gate(  747)	cx q[7], q[6]
Gate(  748)	tdg q[7]
Gate(  749)	tdg q[6]
Gate(  750)	 t q[9]
Gate(  751)	cx q[9], q[6]
Gate(  752)	cx q[7], q[9]
Gate(  753)	cx q[6], q[7]
Gate(  754)	 h q[9]
Gate(  755)	 h q[10]
Gate(  756)	 t q[5]
Gate(  757)	 t q[9]
Gate(  758)	 t q[10]
Gate(  759)	cx q[9], q[5]
Gate(  760)	cx q[10], q[9]
Gate(  761)	cx q[5], q[10]
Gate(  762)	tdg q[9]
Gate(  763)	cx q[5], q[9]
Gate(  764)	tdg q[5]
Gate(  765)	tdg q[9]
Gate(  766)	 t q[10]
Gate(  767)	cx q[10], q[9]
Gate(  768)	cx q[5], q[10]
Gate(  769)	cx q[9], q[5]
Gate(  770)	 h q[10]
Gate(  771)	 h q[11]
Gate(  772)	 t q[4]
Gate(  773)	 t q[10]
Gate(  774)	 t q[11]
Gate(  775)	cx q[10], q[4]
Gate(  776)	cx q[11], q[10]
Gate(  777)	cx q[4], q[11]
Gate(  778)	tdg q[10]
Gate(  779)	cx q[4], q[10]
Gate(  780)	tdg q[4]
Gate(  781)	tdg q[10]
Gate(  782)	 t q[11]
Gate(  783)	cx q[11], q[10]
Gate(  784)	cx q[4], q[11]
Gate(  785)	cx q[10], q[4]
Gate(  786)	 h q[11]
Gate(  787)	 h q[1]
Gate(  788)	 t q[0]
Gate(  789)	 t q[11]
Gate(  790)	 t q[1]
Gate(  791)	cx q[11], q[0]
Gate(  792)	cx q[1], q[11]
Gate(  793)	cx q[0], q[1]
Gate(  794)	tdg q[11]
Gate(  795)	cx q[0], q[11]
Gate(  796)	tdg q[0]
Gate(  797)	tdg q[11]
Gate(  798)	 t q[1]
Gate(  799)	cx q[1], q[11]
Gate(  800)	cx q[0], q[1]
Gate(  801)	cx q[11], q[0]
Gate(  802)	 h q[1]
Gate(  803)	 h q[11]
Gate(  804)	 t q[4]
Gate(  805)	 t q[10]
Gate(  806)	 t q[11]
Gate(  807)	cx q[10], q[4]
Gate(  808)	cx q[11], q[10]
Gate(  809)	cx q[4], q[11]
Gate(  810)	tdg q[10]
Gate(  811)	cx q[4], q[10]
Gate(  812)	tdg q[4]
Gate(  813)	tdg q[10]
Gate(  814)	 t q[11]
Gate(  815)	cx q[11], q[10]
Gate(  816)	cx q[4], q[11]
Gate(  817)	cx q[10], q[4]
Gate(  818)	 h q[11]
Gate(  819)	 h q[10]
Gate(  820)	 t q[5]
Gate(  821)	 t q[9]
Gate(  822)	 t q[10]
Gate(  823)	cx q[9], q[5]
Gate(  824)	cx q[10], q[9]
Gate(  825)	cx q[5], q[10]
Gate(  826)	tdg q[9]
Gate(  827)	cx q[5], q[9]
Gate(  828)	tdg q[5]
Gate(  829)	tdg q[9]
Gate(  830)	 t q[10]
Gate(  831)	cx q[10], q[9]
Gate(  832)	cx q[5], q[10]
Gate(  833)	cx q[9], q[5]
Gate(  834)	 h q[10]
Gate(  835)	 h q[9]
Gate(  836)	 t q[7]
Gate(  837)	 t q[6]
Gate(  838)	 t q[9]
Gate(  839)	cx q[6], q[7]
Gate(  840)	cx q[9], q[6]
Gate(  841)	cx q[7], q[9]
Gate(  842)	tdg q[6]
Gate(  843)	cx q[7], q[6]
Gate(  844)	tdg q[7]
Gate(  845)	tdg q[6]
Gate(  846)	 t q[9]
Gate(  847)	cx q[9], q[6]
Gate(  848)	cx q[7], q[9]
Gate(  849)	cx q[6], q[7]
Gate(  850)	 h q[9]
Gate(  851)	 h q[10]
Gate(  852)	 t q[5]
Gate(  853)	 t q[9]
Gate(  854)	 t q[10]
Gate(  855)	cx q[9], q[5]
Gate(  856)	cx q[10], q[9]
Gate(  857)	cx q[5], q[10]
Gate(  858)	tdg q[9]
Gate(  859)	cx q[5], q[9]
Gate(  860)	tdg q[5]
Gate(  861)	tdg q[9]
Gate(  862)	 t q[10]
Gate(  863)	cx q[10], q[9]
Gate(  864)	cx q[5], q[10]
Gate(  865)	cx q[9], q[5]
Gate(  866)	 h q[10]
Gate(  867)	 h q[11]
Gate(  868)	 t q[4]
Gate(  869)	 t q[10]
Gate(  870)	 t q[11]
Gate(  871)	cx q[10], q[4]
Gate(  872)	cx q[11], q[10]
Gate(  873)	cx q[4], q[11]
Gate(  874)	tdg q[10]
Gate(  875)	cx q[4], q[10]
Gate(  876)	tdg q[4]
Gate(  877)	tdg q[10]
Gate(  878)	 t q[11]
Gate(  879)	cx q[11], q[10]
Gate(  880)	cx q[4], q[11]
Gate(  881)	cx q[10], q[4]
Gate(  882)	 h q[11]
Gate(  883)	 h q[1]
Gate(  884)	 t q[8]
Gate(  885)	 t q[7]
Gate(  886)	 t q[1]
Gate(  887)	cx q[7], q[8]
Gate(  888)	cx q[1], q[7]
Gate(  889)	cx q[8], q[1]
Gate(  890)	tdg q[7]
Gate(  891)	cx q[8], q[7]
Gate(  892)	tdg q[8]
Gate(  893)	tdg q[7]
Gate(  894)	 t q[1]
Gate(  895)	cx q[1], q[7]
Gate(  896)	cx q[8], q[1]
Gate(  897)	cx q[7], q[8]
Gate(  898)	 h q[1]
Gate(  899)	 h q[7]
Gate(  900)	 t q[9]
Gate(  901)	 t q[6]
Gate(  902)	 t q[7]
Gate(  903)	cx q[6], q[9]
Gate(  904)	cx q[7], q[6]
Gate(  905)	cx q[9], q[7]
Gate(  906)	tdg q[6]
Gate(  907)	cx q[9], q[6]
Gate(  908)	tdg q[9]
Gate(  909)	tdg q[6]
Gate(  910)	 t q[7]
Gate(  911)	cx q[7], q[6]
Gate(  912)	cx q[9], q[7]
Gate(  913)	cx q[6], q[9]
Gate(  914)	 h q[7]
Gate(  915)	 h q[6]
Gate(  916)	 t q[11]
Gate(  917)	 t q[10]
Gate(  918)	 t q[6]
Gate(  919)	cx q[10], q[11]
Gate(  920)	cx q[6], q[10]
Gate(  921)	cx q[11], q[6]
Gate(  922)	tdg q[10]
Gate(  923)	cx q[11], q[10]
Gate(  924)	tdg q[11]
Gate(  925)	tdg q[10]
Gate(  926)	 t q[6]
Gate(  927)	cx q[6], q[10]
Gate(  928)	cx q[11], q[6]
Gate(  929)	cx q[10], q[11]
Gate(  930)	 h q[6]
Gate(  931)	 h q[7]
Gate(  932)	 t q[9]
Gate(  933)	 t q[6]
Gate(  934)	 t q[7]
Gate(  935)	cx q[6], q[9]
Gate(  936)	cx q[7], q[6]
Gate(  937)	cx q[9], q[7]
Gate(  938)	tdg q[6]
Gate(  939)	cx q[9], q[6]
Gate(  940)	tdg q[9]
Gate(  941)	tdg q[6]
Gate(  942)	 t q[7]
Gate(  943)	cx q[7], q[6]
Gate(  944)	cx q[9], q[7]
Gate(  945)	cx q[6], q[9]
Gate(  946)	 h q[7]
Gate(  947)	 h q[1]
Gate(  948)	 t q[8]
Gate(  949)	 t q[7]
Gate(  950)	 t q[1]
Gate(  951)	cx q[7], q[8]
Gate(  952)	cx q[1], q[7]
Gate(  953)	cx q[8], q[1]
Gate(  954)	tdg q[7]
Gate(  955)	cx q[8], q[7]
Gate(  956)	tdg q[8]
Gate(  957)	tdg q[7]
Gate(  958)	 t q[1]
Gate(  959)	cx q[1], q[7]
Gate(  960)	cx q[8], q[1]
Gate(  961)	cx q[7], q[8]
Gate(  962)	 h q[1]
Gate(  963)	 h q[7]
Gate(  964)	 t q[9]
Gate(  965)	 t q[6]
Gate(  966)	 t q[7]
Gate(  967)	cx q[6], q[9]
Gate(  968)	cx q[7], q[6]
Gate(  969)	cx q[9], q[7]
Gate(  970)	tdg q[6]
Gate(  971)	cx q[9], q[6]
Gate(  972)	tdg q[9]
Gate(  973)	tdg q[6]
Gate(  974)	 t q[7]
Gate(  975)	cx q[7], q[6]
Gate(  976)	cx q[9], q[7]
Gate(  977)	cx q[6], q[9]
Gate(  978)	 h q[7]
Gate(  979)	 h q[6]
Gate(  980)	 t q[11]
Gate(  981)	 t q[10]
Gate(  982)	 t q[6]
Gate(  983)	cx q[10], q[11]
Gate(  984)	cx q[6], q[10]
Gate(  985)	cx q[11], q[6]
Gate(  986)	tdg q[10]
Gate(  987)	cx q[11], q[10]
Gate(  988)	tdg q[11]
Gate(  989)	tdg q[10]
Gate(  990)	 t q[6]
Gate(  991)	cx q[6], q[10]
Gate(  992)	cx q[11], q[6]
Gate(  993)	cx q[10], q[11]
Gate(  994)	 h q[6]
Gate(  995)	 h q[7]
Gate(  996)	 t q[9]
Gate(  997)	 t q[6]
Gate(  998)	 t q[7]
Gate(  999)	cx q[6], q[9]
Gate( 1000)	cx q[7], q[6]
Gate( 1001)	cx q[9], q[7]
Gate( 1002)	tdg q[6]
Gate( 1003)	cx q[9], q[6]
Gate( 1004)	tdg q[9]
Gate( 1005)	tdg q[6]
Gate( 1006)	 t q[7]
Gate( 1007)	cx q[7], q[6]
Gate( 1008)	cx q[9], q[7]
Gate( 1009)	cx q[6], q[9]
Gate( 1010)	 h q[7]
Gate( 1011)	 h q[0]
Gate( 1012)	 t q[1]
Gate( 1013)	 t q[11]
Gate( 1014)	 t q[0]
Gate( 1015)	cx q[11], q[1]
Gate( 1016)	cx q[0], q[11]
Gate( 1017)	cx q[1], q[0]
Gate( 1018)	tdg q[11]
Gate( 1019)	cx q[1], q[11]
Gate( 1020)	tdg q[1]
Gate( 1021)	tdg q[11]
Gate( 1022)	 t q[0]
Gate( 1023)	cx q[0], q[11]
Gate( 1024)	cx q[1], q[0]
Gate( 1025)	cx q[11], q[1]
Gate( 1026)	 h q[0]
Gate( 1027)	 h q[11]
Gate( 1028)	 t q[4]
Gate( 1029)	 t q[10]
Gate( 1030)	 t q[11]
Gate( 1031)	cx q[10], q[4]
Gate( 1032)	cx q[11], q[10]
Gate( 1033)	cx q[4], q[11]
Gate( 1034)	tdg q[10]
Gate( 1035)	cx q[4], q[10]
Gate( 1036)	tdg q[4]
Gate( 1037)	tdg q[10]
Gate( 1038)	 t q[11]
Gate( 1039)	cx q[11], q[10]
Gate( 1040)	cx q[4], q[11]
Gate( 1041)	cx q[10], q[4]
Gate( 1042)	 h q[11]
Gate( 1043)	 h q[10]
Gate( 1044)	 t q[5]
Gate( 1045)	 t q[9]
Gate( 1046)	 t q[10]
Gate( 1047)	cx q[9], q[5]
Gate( 1048)	cx q[10], q[9]
Gate( 1049)	cx q[5], q[10]
Gate( 1050)	tdg q[9]
Gate( 1051)	cx q[5], q[9]
Gate( 1052)	tdg q[5]
Gate( 1053)	tdg q[9]
Gate( 1054)	 t q[10]
Gate( 1055)	cx q[10], q[9]
Gate( 1056)	cx q[5], q[10]
Gate( 1057)	cx q[9], q[5]
Gate( 1058)	 h q[10]
Gate( 1059)	 h q[9]
Gate( 1060)	 t q[7]
Gate( 1061)	 t q[6]
Gate( 1062)	 t q[9]
Gate( 1063)	cx q[6], q[7]
Gate( 1064)	cx q[9], q[6]
Gate( 1065)	cx q[7], q[9]
Gate( 1066)	tdg q[6]
Gate( 1067)	cx q[7], q[6]
Gate( 1068)	tdg q[7]
Gate( 1069)	tdg q[6]
Gate( 1070)	 t q[9]
Gate( 1071)	cx q[9], q[6]
Gate( 1072)	cx q[7], q[9]
Gate( 1073)	cx q[6], q[7]
Gate( 1074)	 h q[9]
Gate( 1075)	 h q[10]
Gate( 1076)	 t q[5]
Gate( 1077)	 t q[9]
Gate( 1078)	 t q[10]
Gate( 1079)	cx q[9], q[5]
Gate( 1080)	cx q[10], q[9]
Gate( 1081)	cx q[5], q[10]
Gate( 1082)	tdg q[9]
Gate( 1083)	cx q[5], q[9]
Gate( 1084)	tdg q[5]
Gate( 1085)	tdg q[9]
Gate( 1086)	 t q[10]
Gate( 1087)	cx q[10], q[9]
Gate( 1088)	cx q[5], q[10]
Gate( 1089)	cx q[9], q[5]
Gate( 1090)	 h q[10]
Gate( 1091)	 h q[11]
Gate( 1092)	 t q[4]
Gate( 1093)	 t q[10]
Gate( 1094)	 t q[11]
Gate( 1095)	cx q[10], q[4]
Gate( 1096)	cx q[11], q[10]
Gate( 1097)	cx q[4], q[11]
Gate( 1098)	tdg q[10]
Gate( 1099)	cx q[4], q[10]
Gate( 1100)	tdg q[4]
Gate( 1101)	tdg q[10]
Gate( 1102)	 t q[11]
Gate( 1103)	cx q[11], q[10]
Gate( 1104)	cx q[4], q[11]
Gate( 1105)	cx q[10], q[4]
Gate( 1106)	 h q[11]
Gate( 1107)	 h q[0]
Gate( 1108)	 t q[1]
Gate( 1109)	 t q[11]
Gate( 1110)	 t q[0]
Gate( 1111)	cx q[11], q[1]
Gate( 1112)	cx q[0], q[11]
Gate( 1113)	cx q[1], q[0]
Gate( 1114)	tdg q[11]
Gate( 1115)	cx q[1], q[11]
Gate( 1116)	tdg q[1]
Gate( 1117)	tdg q[11]
Gate( 1118)	 t q[0]
Gate( 1119)	cx q[0], q[11]
Gate( 1120)	cx q[1], q[0]
Gate( 1121)	cx q[11], q[1]
Gate( 1122)	 h q[0]
Gate( 1123)	 h q[11]
Gate( 1124)	 t q[4]
Gate( 1125)	 t q[10]
Gate( 1126)	 t q[11]
Gate( 1127)	cx q[10], q[4]
Gate( 1128)	cx q[11], q[10]
Gate( 1129)	cx q[4], q[11]
Gate( 1130)	tdg q[10]
Gate( 1131)	cx q[4], q[10]
Gate( 1132)	tdg q[4]
Gate( 1133)	tdg q[10]
Gate( 1134)	 t q[11]
Gate( 1135)	cx q[11], q[10]
Gate( 1136)	cx q[4], q[11]
Gate( 1137)	cx q[10], q[4]
Gate( 1138)	 h q[11]
Gate( 1139)	 h q[10]
Gate( 1140)	 t q[5]
Gate( 1141)	 t q[9]
Gate( 1142)	 t q[10]
Gate( 1143)	cx q[9], q[5]
Gate( 1144)	cx q[10], q[9]
Gate( 1145)	cx q[5], q[10]
Gate( 1146)	tdg q[9]
Gate( 1147)	cx q[5], q[9]
Gate( 1148)	tdg q[5]
Gate( 1149)	tdg q[9]
Gate( 1150)	 t q[10]
Gate( 1151)	cx q[10], q[9]
Gate( 1152)	cx q[5], q[10]
Gate( 1153)	cx q[9], q[5]
Gate( 1154)	 h q[10]
Gate( 1155)	 h q[9]
Gate( 1156)	 t q[7]
Gate( 1157)	 t q[6]
Gate( 1158)	 t q[9]
Gate( 1159)	cx q[6], q[7]
Gate( 1160)	cx q[9], q[6]
Gate( 1161)	cx q[7], q[9]
Gate( 1162)	tdg q[6]
Gate( 1163)	cx q[7], q[6]
Gate( 1164)	tdg q[7]
Gate( 1165)	tdg q[6]
Gate( 1166)	 t q[9]
Gate( 1167)	cx q[9], q[6]
Gate( 1168)	cx q[7], q[9]
Gate( 1169)	cx q[6], q[7]
Gate( 1170)	 h q[9]
Gate( 1171)	 h q[10]
Gate( 1172)	 t q[5]
Gate( 1173)	 t q[9]
Gate( 1174)	 t q[10]
Gate( 1175)	cx q[9], q[5]
Gate( 1176)	cx q[10], q[9]
Gate( 1177)	cx q[5], q[10]
Gate( 1178)	tdg q[9]
Gate( 1179)	cx q[5], q[9]
Gate( 1180)	tdg q[5]
Gate( 1181)	tdg q[9]
Gate( 1182)	 t q[10]
Gate( 1183)	cx q[10], q[9]
Gate( 1184)	cx q[5], q[10]
Gate( 1185)	cx q[9], q[5]
Gate( 1186)	 h q[10]
Gate( 1187)	 h q[11]
Gate( 1188)	 t q[4]
Gate( 1189)	 t q[10]
Gate( 1190)	 t q[11]
Gate( 1191)	cx q[10], q[4]
Gate( 1192)	cx q[11], q[10]
Gate( 1193)	cx q[4], q[11]
Gate( 1194)	tdg q[10]
Gate( 1195)	cx q[4], q[10]
Gate( 1196)	tdg q[4]
Gate( 1197)	tdg q[10]
Gate( 1198)	 t q[11]
Gate( 1199)	cx q[11], q[10]
Gate( 1200)	cx q[4], q[11]
Gate( 1201)	cx q[10], q[4]
Gate( 1202)	 h q[11]
Gate( 1203)	 h q[1]
Gate( 1204)	 t q[8]
Gate( 1205)	 t q[7]
Gate( 1206)	 t q[1]
Gate( 1207)	cx q[7], q[8]
Gate( 1208)	cx q[1], q[7]
Gate( 1209)	cx q[8], q[1]
Gate( 1210)	tdg q[7]
Gate( 1211)	cx q[8], q[7]
Gate( 1212)	tdg q[8]
Gate( 1213)	tdg q[7]
Gate( 1214)	 t q[1]
Gate( 1215)	cx q[1], q[7]
Gate( 1216)	cx q[8], q[1]
Gate( 1217)	cx q[7], q[8]
Gate( 1218)	 h q[1]
Gate( 1219)	 h q[7]
Gate( 1220)	 t q[9]
Gate( 1221)	 t q[6]
Gate( 1222)	 t q[7]
Gate( 1223)	cx q[6], q[9]
Gate( 1224)	cx q[7], q[6]
Gate( 1225)	cx q[9], q[7]
Gate( 1226)	tdg q[6]
Gate( 1227)	cx q[9], q[6]
Gate( 1228)	tdg q[9]
Gate( 1229)	tdg q[6]
Gate( 1230)	 t q[7]
Gate( 1231)	cx q[7], q[6]
Gate( 1232)	cx q[9], q[7]
Gate( 1233)	cx q[6], q[9]
Gate( 1234)	 h q[7]
Gate( 1235)	 h q[6]
Gate( 1236)	 t q[11]
Gate( 1237)	 t q[10]
Gate( 1238)	 t q[6]
Gate( 1239)	cx q[10], q[11]
Gate( 1240)	cx q[6], q[10]
Gate( 1241)	cx q[11], q[6]
Gate( 1242)	tdg q[10]
Gate( 1243)	cx q[11], q[10]
Gate( 1244)	tdg q[11]
Gate( 1245)	tdg q[10]
Gate( 1246)	 t q[6]
Gate( 1247)	cx q[6], q[10]
Gate( 1248)	cx q[11], q[6]
Gate( 1249)	cx q[10], q[11]
Gate( 1250)	 h q[6]
Gate( 1251)	 h q[7]
Gate( 1252)	 t q[9]
Gate( 1253)	 t q[6]
Gate( 1254)	 t q[7]
Gate( 1255)	cx q[6], q[9]
Gate( 1256)	cx q[7], q[6]
Gate( 1257)	cx q[9], q[7]
Gate( 1258)	tdg q[6]
Gate( 1259)	cx q[9], q[6]
Gate( 1260)	tdg q[9]
Gate( 1261)	tdg q[6]
Gate( 1262)	 t q[7]
Gate( 1263)	cx q[7], q[6]
Gate( 1264)	cx q[9], q[7]
Gate( 1265)	cx q[6], q[9]
Gate( 1266)	 h q[7]
Gate( 1267)	 h q[1]
Gate( 1268)	 t q[8]
Gate( 1269)	 t q[7]
Gate( 1270)	 t q[1]
Gate( 1271)	cx q[7], q[8]
Gate( 1272)	cx q[1], q[7]
Gate( 1273)	cx q[8], q[1]
Gate( 1274)	tdg q[7]
Gate( 1275)	cx q[8], q[7]
Gate( 1276)	tdg q[8]
Gate( 1277)	tdg q[7]
Gate( 1278)	 t q[1]
Gate( 1279)	cx q[1], q[7]
Gate( 1280)	cx q[8], q[1]
Gate( 1281)	cx q[7], q[8]
Gate( 1282)	 h q[1]
Gate( 1283)	 h q[7]
Gate( 1284)	 t q[9]
Gate( 1285)	 t q[6]
Gate( 1286)	 t q[7]
Gate( 1287)	cx q[6], q[9]
Gate( 1288)	cx q[7], q[6]
Gate( 1289)	cx q[9], q[7]
Gate( 1290)	tdg q[6]
Gate( 1291)	cx q[9], q[6]
Gate( 1292)	tdg q[9]
Gate( 1293)	tdg q[6]
Gate( 1294)	 t q[7]
Gate( 1295)	cx q[7], q[6]
Gate( 1296)	cx q[9], q[7]
Gate( 1297)	cx q[6], q[9]
Gate( 1298)	 h q[7]
Gate( 1299)	 h q[6]
Gate( 1300)	 t q[11]
Gate( 1301)	 t q[10]
Gate( 1302)	 t q[6]
Gate( 1303)	cx q[10], q[11]
Gate( 1304)	cx q[6], q[10]
Gate( 1305)	cx q[11], q[6]
Gate( 1306)	tdg q[10]
Gate( 1307)	cx q[11], q[10]
Gate( 1308)	tdg q[11]
Gate( 1309)	tdg q[10]
Gate( 1310)	 t q[6]
Gate( 1311)	cx q[6], q[10]
Gate( 1312)	cx q[11], q[6]
Gate( 1313)	cx q[10], q[11]
Gate( 1314)	 h q[6]
Gate( 1315)	 h q[7]
Gate( 1316)	 t q[9]
Gate( 1317)	 t q[6]
Gate( 1318)	 t q[7]
Gate( 1319)	cx q[6], q[9]
Gate( 1320)	cx q[7], q[6]
Gate( 1321)	cx q[9], q[7]
Gate( 1322)	tdg q[6]
Gate( 1323)	cx q[9], q[6]
Gate( 1324)	tdg q[9]
Gate( 1325)	tdg q[6]
Gate( 1326)	 t q[7]
Gate( 1327)	cx q[7], q[6]
Gate( 1328)	cx q[9], q[7]
Gate( 1329)	cx q[6], q[9]
Gate( 1330)	 h q[7]
Gate( 1331)	 h q[0]
Gate( 1332)	 t q[1]
Gate( 1333)	 t q[11]
Gate( 1334)	 t q[0]
Gate( 1335)	cx q[11], q[1]
Gate( 1336)	cx q[0], q[11]
Gate( 1337)	cx q[1], q[0]
Gate( 1338)	tdg q[11]
Gate( 1339)	cx q[1], q[11]
Gate( 1340)	tdg q[1]
Gate( 1341)	tdg q[11]
Gate( 1342)	 t q[0]
Gate( 1343)	cx q[0], q[11]
Gate( 1344)	cx q[1], q[0]
Gate( 1345)	cx q[11], q[1]
Gate( 1346)	 h q[0]
Gate( 1347)	 h q[11]
Gate( 1348)	 t q[4]
Gate( 1349)	 t q[10]
Gate( 1350)	 t q[11]
Gate( 1351)	cx q[10], q[4]
Gate( 1352)	cx q[11], q[10]
Gate( 1353)	cx q[4], q[11]
Gate( 1354)	tdg q[10]
Gate( 1355)	cx q[4], q[10]
Gate( 1356)	tdg q[4]
Gate( 1357)	tdg q[10]
Gate( 1358)	 t q[11]
Gate( 1359)	cx q[11], q[10]
Gate( 1360)	cx q[4], q[11]
Gate( 1361)	cx q[10], q[4]
Gate( 1362)	 h q[11]
Gate( 1363)	 h q[10]
Gate( 1364)	 t q[5]
Gate( 1365)	 t q[9]
Gate( 1366)	 t q[10]
Gate( 1367)	cx q[9], q[5]
Gate( 1368)	cx q[10], q[9]
Gate( 1369)	cx q[5], q[10]
Gate( 1370)	tdg q[9]
Gate( 1371)	cx q[5], q[9]
Gate( 1372)	tdg q[5]
Gate( 1373)	tdg q[9]
Gate( 1374)	 t q[10]
Gate( 1375)	cx q[10], q[9]
Gate( 1376)	cx q[5], q[10]
Gate( 1377)	cx q[9], q[5]
Gate( 1378)	 h q[10]
Gate( 1379)	 h q[9]
Gate( 1380)	 t q[7]
Gate( 1381)	 t q[6]
Gate( 1382)	 t q[9]
Gate( 1383)	cx q[6], q[7]
Gate( 1384)	cx q[9], q[6]
Gate( 1385)	cx q[7], q[9]
Gate( 1386)	tdg q[6]
Gate( 1387)	cx q[7], q[6]
Gate( 1388)	tdg q[7]
Gate( 1389)	tdg q[6]
Gate( 1390)	 t q[9]
Gate( 1391)	cx q[9], q[6]
Gate( 1392)	cx q[7], q[9]
Gate( 1393)	cx q[6], q[7]
Gate( 1394)	 h q[9]
Gate( 1395)	 h q[10]
Gate( 1396)	 t q[5]
Gate( 1397)	 t q[9]
Gate( 1398)	 t q[10]
Gate( 1399)	cx q[9], q[5]
Gate( 1400)	cx q[10], q[9]
Gate( 1401)	cx q[5], q[10]
Gate( 1402)	tdg q[9]
Gate( 1403)	cx q[5], q[9]
Gate( 1404)	tdg q[5]
Gate( 1405)	tdg q[9]
Gate( 1406)	 t q[10]
Gate( 1407)	cx q[10], q[9]
Gate( 1408)	cx q[5], q[10]
Gate( 1409)	cx q[9], q[5]
Gate( 1410)	 h q[10]
Gate( 1411)	 h q[11]
Gate( 1412)	 t q[4]
Gate( 1413)	 t q[10]
Gate( 1414)	 t q[11]
Gate( 1415)	cx q[10], q[4]
Gate( 1416)	cx q[11], q[10]
Gate( 1417)	cx q[4], q[11]
Gate( 1418)	tdg q[10]
Gate( 1419)	cx q[4], q[10]
Gate( 1420)	tdg q[4]
Gate( 1421)	tdg q[10]
Gate( 1422)	 t q[11]
Gate( 1423)	cx q[11], q[10]
Gate( 1424)	cx q[4], q[11]
Gate( 1425)	cx q[10], q[4]
Gate( 1426)	 h q[11]
Gate( 1427)	 h q[0]
Gate( 1428)	 t q[1]
Gate( 1429)	 t q[11]
Gate( 1430)	 t q[0]
Gate( 1431)	cx q[11], q[1]
Gate( 1432)	cx q[0], q[11]
Gate( 1433)	cx q[1], q[0]
Gate( 1434)	tdg q[11]
Gate( 1435)	cx q[1], q[11]
Gate( 1436)	tdg q[1]
Gate( 1437)	tdg q[11]
Gate( 1438)	 t q[0]
Gate( 1439)	cx q[0], q[11]
Gate( 1440)	cx q[1], q[0]
Gate( 1441)	cx q[11], q[1]
Gate( 1442)	 h q[0]
Gate( 1443)	 h q[11]
Gate( 1444)	 t q[4]
Gate( 1445)	 t q[10]
Gate( 1446)	 t q[11]
Gate( 1447)	cx q[10], q[4]
Gate( 1448)	cx q[11], q[10]
Gate( 1449)	cx q[4], q[11]
Gate( 1450)	tdg q[10]
Gate( 1451)	cx q[4], q[10]
Gate( 1452)	tdg q[4]
Gate( 1453)	tdg q[10]
Gate( 1454)	 t q[11]
Gate( 1455)	cx q[11], q[10]
Gate( 1456)	cx q[4], q[11]
Gate( 1457)	cx q[10], q[4]
Gate( 1458)	 h q[11]
Gate( 1459)	 h q[10]
Gate( 1460)	 t q[5]
Gate( 1461)	 t q[9]
Gate( 1462)	 t q[10]
Gate( 1463)	cx q[9], q[5]
Gate( 1464)	cx q[10], q[9]
Gate( 1465)	cx q[5], q[10]
Gate( 1466)	tdg q[9]
Gate( 1467)	cx q[5], q[9]
Gate( 1468)	tdg q[5]
Gate( 1469)	tdg q[9]
Gate( 1470)	 t q[10]
Gate( 1471)	cx q[10], q[9]
Gate( 1472)	cx q[5], q[10]
Gate( 1473)	cx q[9], q[5]
Gate( 1474)	 h q[10]
Gate( 1475)	 h q[9]
Gate( 1476)	 t q[7]
Gate( 1477)	 t q[6]
Gate( 1478)	 t q[9]
Gate( 1479)	cx q[6], q[7]
Gate( 1480)	cx q[9], q[6]
Gate( 1481)	cx q[7], q[9]
Gate( 1482)	tdg q[6]
Gate( 1483)	cx q[7], q[6]
Gate( 1484)	tdg q[7]
Gate( 1485)	tdg q[6]
Gate( 1486)	 t q[9]
Gate( 1487)	cx q[9], q[6]
Gate( 1488)	cx q[7], q[9]
Gate( 1489)	cx q[6], q[7]
Gate( 1490)	 h q[9]
Gate( 1491)	 h q[10]
Gate( 1492)	 t q[5]
Gate( 1493)	 t q[9]
Gate( 1494)	 t q[10]
Gate( 1495)	cx q[9], q[5]
Gate( 1496)	cx q[10], q[9]
Gate( 1497)	cx q[5], q[10]
Gate( 1498)	tdg q[9]
Gate( 1499)	cx q[5], q[9]
Gate( 1500)	tdg q[5]
Gate( 1501)	tdg q[9]
Gate( 1502)	 t q[10]
Gate( 1503)	cx q[10], q[9]
Gate( 1504)	cx q[5], q[10]
Gate( 1505)	cx q[9], q[5]
Gate( 1506)	 h q[10]
Gate( 1507)	 h q[11]
Gate( 1508)	 t q[4]
Gate( 1509)	 t q[10]
Gate( 1510)	 t q[11]
Gate( 1511)	cx q[10], q[4]
Gate( 1512)	cx q[11], q[10]
Gate( 1513)	cx q[4], q[11]
Gate( 1514)	tdg q[10]
Gate( 1515)	cx q[4], q[10]
Gate( 1516)	tdg q[4]
Gate( 1517)	tdg q[10]
Gate( 1518)	 t q[11]
Gate( 1519)	cx q[11], q[10]
Gate( 1520)	cx q[4], q[11]
Gate( 1521)	cx q[10], q[4]
Gate( 1522)	 h q[11]
Gate( 1523)	 x q[8]
Gate( 1524)	 h q[3]
Gate( 1525)	 t q[10]
Gate( 1526)	 t q[8]
Gate( 1527)	 t q[3]
Gate( 1528)	cx q[8], q[10]
Gate( 1529)	cx q[3], q[8]
Gate( 1530)	cx q[10], q[3]
Gate( 1531)	tdg q[8]
Gate( 1532)	cx q[10], q[8]
Gate( 1533)	tdg q[10]
Gate( 1534)	tdg q[8]
Gate( 1535)	 t q[3]
Gate( 1536)	cx q[3], q[8]
Gate( 1537)	cx q[10], q[3]
Gate( 1538)	cx q[8], q[10]
Gate( 1539)	 h q[3]
Gate( 1540)	 h q[0]
Gate( 1541)	 t q[10]
Gate( 1542)	 t q[8]
Gate( 1543)	 t q[0]
Gate( 1544)	cx q[8], q[10]
Gate( 1545)	cx q[0], q[8]
Gate( 1546)	cx q[10], q[0]
Gate( 1547)	tdg q[8]
Gate( 1548)	cx q[10], q[8]
Gate( 1549)	tdg q[10]
Gate( 1550)	tdg q[8]
Gate( 1551)	 t q[0]
Gate( 1552)	cx q[0], q[8]
Gate( 1553)	cx q[10], q[0]
Gate( 1554)	cx q[8], q[10]
Gate( 1555)	 h q[0]
Gate( 1556)	 h q[3]
Gate( 1557)	 t q[8]
Gate( 1558)	 t q[10]
Gate( 1559)	 t q[3]
Gate( 1560)	cx q[10], q[8]
Gate( 1561)	cx q[3], q[10]
Gate( 1562)	cx q[8], q[3]
Gate( 1563)	tdg q[10]
Gate( 1564)	cx q[8], q[10]
Gate( 1565)	tdg q[8]
Gate( 1566)	tdg q[10]
Gate( 1567)	 t q[3]
Gate( 1568)	cx q[3], q[10]
Gate( 1569)	cx q[8], q[3]
Gate( 1570)	cx q[10], q[8]
Gate( 1571)	 h q[3]
Gate( 1572)	 h q[10]
Gate( 1573)	 t q[11]
Gate( 1574)	 t q[9]
Gate( 1575)	 t q[10]
Gate( 1576)	cx q[9], q[11]
Gate( 1577)	cx q[10], q[9]
Gate( 1578)	cx q[11], q[10]
Gate( 1579)	tdg q[9]
Gate( 1580)	cx q[11], q[9]
Gate( 1581)	tdg q[11]
Gate( 1582)	tdg q[9]
Gate( 1583)	 t q[10]
Gate( 1584)	cx q[10], q[9]
Gate( 1585)	cx q[11], q[10]
Gate( 1586)	cx q[9], q[11]
Gate( 1587)	 h q[10]
Gate( 1588)	 h q[3]
Gate( 1589)	 t q[8]
Gate( 1590)	 t q[10]
Gate( 1591)	 t q[3]
Gate( 1592)	cx q[10], q[8]
Gate( 1593)	cx q[3], q[10]
Gate( 1594)	cx q[8], q[3]
Gate( 1595)	tdg q[10]
Gate( 1596)	cx q[8], q[10]
Gate( 1597)	tdg q[8]
Gate( 1598)	tdg q[10]
Gate( 1599)	 t q[3]
Gate( 1600)	cx q[3], q[10]
Gate( 1601)	cx q[8], q[3]
Gate( 1602)	cx q[10], q[8]
Gate( 1603)	 h q[3]
Gate( 1604)	 h q[10]
Gate( 1605)	 t q[11]
Gate( 1606)	 t q[9]
Gate( 1607)	 t q[10]
Gate( 1608)	cx q[9], q[11]
Gate( 1609)	cx q[10], q[9]
Gate( 1610)	cx q[11], q[10]
Gate( 1611)	tdg q[9]
Gate( 1612)	cx q[11], q[9]
Gate( 1613)	tdg q[11]
Gate( 1614)	tdg q[9]
Gate( 1615)	 t q[10]
Gate( 1616)	cx q[10], q[9]
Gate( 1617)	cx q[11], q[10]
Gate( 1618)	cx q[9], q[11]
Gate( 1619)	 h q[10]
Gate( 1620)	 h q[0]
Gate( 1621)	 t q[8]
Gate( 1622)	 t q[10]
Gate( 1623)	 t q[0]
Gate( 1624)	cx q[10], q[8]
Gate( 1625)	cx q[0], q[10]
Gate( 1626)	cx q[8], q[0]
Gate( 1627)	tdg q[10]
Gate( 1628)	cx q[8], q[10]
Gate( 1629)	tdg q[8]
Gate( 1630)	tdg q[10]
Gate( 1631)	 t q[0]
Gate( 1632)	cx q[0], q[10]
Gate( 1633)	cx q[8], q[0]
Gate( 1634)	cx q[10], q[8]
Gate( 1635)	 h q[0]
Gate( 1636)	 h q[10]
Gate( 1637)	 t q[11]
Gate( 1638)	 t q[9]
Gate( 1639)	 t q[10]
Gate( 1640)	cx q[9], q[11]
Gate( 1641)	cx q[10], q[9]
Gate( 1642)	cx q[11], q[10]
Gate( 1643)	tdg q[9]
Gate( 1644)	cx q[11], q[9]
Gate( 1645)	tdg q[11]
Gate( 1646)	tdg q[9]
Gate( 1647)	 t q[10]
Gate( 1648)	cx q[10], q[9]
Gate( 1649)	cx q[11], q[10]
Gate( 1650)	cx q[9], q[11]
Gate( 1651)	 h q[10]
Gate( 1652)	 h q[0]
Gate( 1653)	 t q[8]
Gate( 1654)	 t q[10]
Gate( 1655)	 t q[0]
Gate( 1656)	cx q[10], q[8]
Gate( 1657)	cx q[0], q[10]
Gate( 1658)	cx q[8], q[0]
Gate( 1659)	tdg q[10]
Gate( 1660)	cx q[8], q[10]
Gate( 1661)	tdg q[8]
Gate( 1662)	tdg q[10]
Gate( 1663)	 t q[0]
Gate( 1664)	cx q[0], q[10]
Gate( 1665)	cx q[8], q[0]
Gate( 1666)	cx q[10], q[8]
Gate( 1667)	 h q[0]
Gate( 1668)	 h q[10]
Gate( 1669)	 t q[11]
Gate( 1670)	 t q[9]
Gate( 1671)	 t q[10]
Gate( 1672)	cx q[9], q[11]
Gate( 1673)	cx q[10], q[9]
Gate( 1674)	cx q[11], q[10]
Gate( 1675)	tdg q[9]
Gate( 1676)	cx q[11], q[9]
Gate( 1677)	tdg q[11]
Gate( 1678)	tdg q[9]
Gate( 1679)	 t q[10]
Gate( 1680)	cx q[10], q[9]
Gate( 1681)	cx q[11], q[10]
Gate( 1682)	cx q[9], q[11]
Gate( 1683)	 h q[10]
Gate( 1684)	 h q[0]
Gate( 1685)	 t q[8]
Gate( 1686)	 t q[7]
Gate( 1687)	 t q[0]
Gate( 1688)	cx q[7], q[8]
Gate( 1689)	cx q[0], q[7]
Gate( 1690)	cx q[8], q[0]
Gate( 1691)	tdg q[7]
Gate( 1692)	cx q[8], q[7]
Gate( 1693)	tdg q[8]
Gate( 1694)	tdg q[7]
Gate( 1695)	 t q[0]
Gate( 1696)	cx q[0], q[7]
Gate( 1697)	cx q[8], q[0]
Gate( 1698)	cx q[7], q[8]
Gate( 1699)	 h q[0]
Gate( 1700)	 h q[7]
Gate( 1701)	 t q[9]
Gate( 1702)	 t q[6]
Gate( 1703)	 t q[7]
Gate( 1704)	cx q[6], q[9]
Gate( 1705)	cx q[7], q[6]
Gate( 1706)	cx q[9], q[7]
Gate( 1707)	tdg q[6]
Gate( 1708)	cx q[9], q[6]
Gate( 1709)	tdg q[9]
Gate( 1710)	tdg q[6]
Gate( 1711)	 t q[7]
Gate( 1712)	cx q[7], q[6]
Gate( 1713)	cx q[9], q[7]
Gate( 1714)	cx q[6], q[9]
Gate( 1715)	 h q[7]
Gate( 1716)	 h q[6]
Gate( 1717)	 t q[11]
Gate( 1718)	 t q[10]
Gate( 1719)	 t q[6]
Gate( 1720)	cx q[10], q[11]
Gate( 1721)	cx q[6], q[10]
Gate( 1722)	cx q[11], q[6]
Gate( 1723)	tdg q[10]
Gate( 1724)	cx q[11], q[10]
Gate( 1725)	tdg q[11]
Gate( 1726)	tdg q[10]
Gate( 1727)	 t q[6]
Gate( 1728)	cx q[6], q[10]
Gate( 1729)	cx q[11], q[6]
Gate( 1730)	cx q[10], q[11]
Gate( 1731)	 h q[6]
Gate( 1732)	 h q[7]
Gate( 1733)	 t q[9]
Gate( 1734)	 t q[6]
Gate( 1735)	 t q[7]
Gate( 1736)	cx q[6], q[9]
Gate( 1737)	cx q[7], q[6]
Gate( 1738)	cx q[9], q[7]
Gate( 1739)	tdg q[6]
Gate( 1740)	cx q[9], q[6]
Gate( 1741)	tdg q[9]
Gate( 1742)	tdg q[6]
Gate( 1743)	 t q[7]
Gate( 1744)	cx q[7], q[6]
Gate( 1745)	cx q[9], q[7]
Gate( 1746)	cx q[6], q[9]
Gate( 1747)	 h q[7]
Gate( 1748)	 h q[0]
Gate( 1749)	 t q[8]
Gate( 1750)	 t q[7]
Gate( 1751)	 t q[0]
Gate( 1752)	cx q[7], q[8]
Gate( 1753)	cx q[0], q[7]
Gate( 1754)	cx q[8], q[0]
Gate( 1755)	tdg q[7]
Gate( 1756)	cx q[8], q[7]
Gate( 1757)	tdg q[8]
Gate( 1758)	tdg q[7]
Gate( 1759)	 t q[0]
Gate( 1760)	cx q[0], q[7]
Gate( 1761)	cx q[8], q[0]
Gate( 1762)	cx q[7], q[8]
Gate( 1763)	 h q[0]
Gate( 1764)	 h q[7]
Gate( 1765)	 t q[9]
Gate( 1766)	 t q[6]
Gate( 1767)	 t q[7]
Gate( 1768)	cx q[6], q[9]
Gate( 1769)	cx q[7], q[6]
Gate( 1770)	cx q[9], q[7]
Gate( 1771)	tdg q[6]
Gate( 1772)	cx q[9], q[6]
Gate( 1773)	tdg q[9]
Gate( 1774)	tdg q[6]
Gate( 1775)	 t q[7]
Gate( 1776)	cx q[7], q[6]
Gate( 1777)	cx q[9], q[7]
Gate( 1778)	cx q[6], q[9]
Gate( 1779)	 h q[7]
Gate( 1780)	 h q[6]
Gate( 1781)	 t q[11]
Gate( 1782)	 t q[10]
Gate( 1783)	 t q[6]
Gate( 1784)	cx q[10], q[11]
Gate( 1785)	cx q[6], q[10]
Gate( 1786)	cx q[11], q[6]
Gate( 1787)	tdg q[10]
Gate( 1788)	cx q[11], q[10]
Gate( 1789)	tdg q[11]
Gate( 1790)	tdg q[10]
Gate( 1791)	 t q[6]
Gate( 1792)	cx q[6], q[10]
Gate( 1793)	cx q[11], q[6]
Gate( 1794)	cx q[10], q[11]
Gate( 1795)	 h q[6]
Gate( 1796)	 h q[7]
Gate( 1797)	 t q[9]
Gate( 1798)	 t q[6]
Gate( 1799)	 t q[7]
Gate( 1800)	cx q[6], q[9]
Gate( 1801)	cx q[7], q[6]
Gate( 1802)	cx q[9], q[7]
Gate( 1803)	tdg q[6]
Gate( 1804)	cx q[9], q[6]
Gate( 1805)	tdg q[9]
Gate( 1806)	tdg q[6]
Gate( 1807)	 t q[7]
Gate( 1808)	cx q[7], q[6]
Gate( 1809)	cx q[9], q[7]
Gate( 1810)	cx q[6], q[9]
Gate( 1811)	 h q[7]
Gate( 1812)	 x q[6]
Gate( 1813)	 h q[3]
Gate( 1814)	 t q[6]
Gate( 1815)	 t q[11]
Gate( 1816)	 t q[3]
Gate( 1817)	cx q[11], q[6]
Gate( 1818)	cx q[3], q[11]
Gate( 1819)	cx q[6], q[3]
Gate( 1820)	tdg q[11]
Gate( 1821)	cx q[6], q[11]
Gate( 1822)	tdg q[6]
Gate( 1823)	tdg q[11]
Gate( 1824)	 t q[3]
Gate( 1825)	cx q[3], q[11]
Gate( 1826)	cx q[6], q[3]
Gate( 1827)	cx q[11], q[6]
Gate( 1828)	 h q[3]
Gate( 1829)	 h q[11]
Gate( 1830)	 t q[10]
Gate( 1831)	 t q[9]
Gate( 1832)	 t q[11]
Gate( 1833)	cx q[9], q[10]
Gate( 1834)	cx q[11], q[9]
Gate( 1835)	cx q[10], q[11]
Gate( 1836)	tdg q[9]
Gate( 1837)	cx q[10], q[9]
Gate( 1838)	tdg q[10]
Gate( 1839)	tdg q[9]
Gate( 1840)	 t q[11]
Gate( 1841)	cx q[11], q[9]
Gate( 1842)	cx q[10], q[11]
Gate( 1843)	cx q[9], q[10]
Gate( 1844)	 h q[11]
Gate( 1845)	 h q[3]
Gate( 1846)	 t q[6]
Gate( 1847)	 t q[11]
Gate( 1848)	 t q[3]
Gate( 1849)	cx q[11], q[6]
Gate( 1850)	cx q[3], q[11]
Gate( 1851)	cx q[6], q[3]
Gate( 1852)	tdg q[11]
Gate( 1853)	cx q[6], q[11]
Gate( 1854)	tdg q[6]
Gate( 1855)	tdg q[11]
Gate( 1856)	 t q[3]
Gate( 1857)	cx q[3], q[11]
Gate( 1858)	cx q[6], q[3]
Gate( 1859)	cx q[11], q[6]
Gate( 1860)	 h q[3]
Gate( 1861)	 h q[11]
Gate( 1862)	 t q[10]
Gate( 1863)	 t q[9]
Gate( 1864)	 t q[11]
Gate( 1865)	cx q[9], q[10]
Gate( 1866)	cx q[11], q[9]
Gate( 1867)	cx q[10], q[11]
Gate( 1868)	tdg q[9]
Gate( 1869)	cx q[10], q[9]
Gate( 1870)	tdg q[10]
Gate( 1871)	tdg q[9]
Gate( 1872)	 t q[11]
Gate( 1873)	cx q[11], q[9]
Gate( 1874)	cx q[10], q[11]
Gate( 1875)	cx q[9], q[10]
Gate( 1876)	 h q[11]
Gate( 1877)	 h q[2]
Gate( 1878)	 t q[6]
Gate( 1879)	 t q[5]
Gate( 1880)	 t q[2]
Gate( 1881)	cx q[5], q[6]
Gate( 1882)	cx q[2], q[5]
Gate( 1883)	cx q[6], q[2]
Gate( 1884)	tdg q[5]
Gate( 1885)	cx q[6], q[5]
Gate( 1886)	tdg q[6]
Gate( 1887)	tdg q[5]
Gate( 1888)	 t q[2]
Gate( 1889)	cx q[2], q[5]
Gate( 1890)	cx q[6], q[2]
Gate( 1891)	cx q[5], q[6]
Gate( 1892)	 h q[2]
Gate( 1893)	 x q[7]
Gate( 1894)	 h q[3]
Gate( 1895)	 t q[4]
Gate( 1896)	 t q[11]
Gate( 1897)	 t q[3]
Gate( 1898)	cx q[11], q[4]
Gate( 1899)	cx q[3], q[11]
Gate( 1900)	cx q[4], q[3]
Gate( 1901)	tdg q[11]
Gate( 1902)	cx q[4], q[11]
Gate( 1903)	tdg q[4]
Gate( 1904)	tdg q[11]
Gate( 1905)	 t q[3]
Gate( 1906)	cx q[3], q[11]
Gate( 1907)	cx q[4], q[3]
Gate( 1908)	cx q[11], q[4]
Gate( 1909)	 h q[3]
Gate( 1910)	 h q[11]
Gate( 1911)	 t q[10]
Gate( 1912)	 t q[7]
Gate( 1913)	 t q[11]
Gate( 1914)	cx q[7], q[10]
Gate( 1915)	cx q[11], q[7]
Gate( 1916)	cx q[10], q[11]
Gate( 1917)	tdg q[7]
Gate( 1918)	cx q[10], q[7]
Gate( 1919)	tdg q[10]
Gate( 1920)	tdg q[7]
Gate( 1921)	 t q[11]
Gate( 1922)	cx q[11], q[7]
Gate( 1923)	cx q[10], q[11]
Gate( 1924)	cx q[7], q[10]
Gate( 1925)	 h q[11]
Gate( 1926)	 h q[3]
Gate( 1927)	 t q[4]
Gate( 1928)	 t q[11]
Gate( 1929)	 t q[3]
Gate( 1930)	cx q[11], q[4]
Gate( 1931)	cx q[3], q[11]
Gate( 1932)	cx q[4], q[3]
Gate( 1933)	tdg q[11]
Gate( 1934)	cx q[4], q[11]
Gate( 1935)	tdg q[4]
Gate( 1936)	tdg q[11]
Gate( 1937)	 t q[3]
Gate( 1938)	cx q[3], q[11]
Gate( 1939)	cx q[4], q[3]
Gate( 1940)	cx q[11], q[4]
Gate( 1941)	 h q[3]
Gate( 1942)	 h q[11]
Gate( 1943)	 t q[10]
Gate( 1944)	 t q[7]
Gate( 1945)	 t q[11]
Gate( 1946)	cx q[7], q[10]
Gate( 1947)	cx q[11], q[7]
Gate( 1948)	cx q[10], q[11]
Gate( 1949)	tdg q[7]
Gate( 1950)	cx q[10], q[7]
Gate( 1951)	tdg q[10]
Gate( 1952)	tdg q[7]
Gate( 1953)	 t q[11]
Gate( 1954)	cx q[11], q[7]
Gate( 1955)	cx q[10], q[11]
Gate( 1956)	cx q[7], q[10]
Gate( 1957)	 h q[11]
Gate( 1958)	 h q[1]
Gate( 1959)	 t q[8]
Gate( 1960)	 t q[11]
Gate( 1961)	 t q[1]
Gate( 1962)	cx q[11], q[8]
Gate( 1963)	cx q[1], q[11]
Gate( 1964)	cx q[8], q[1]
Gate( 1965)	tdg q[11]
Gate( 1966)	cx q[8], q[11]
Gate( 1967)	tdg q[8]
Gate( 1968)	tdg q[11]
Gate( 1969)	 t q[1]
Gate( 1970)	cx q[1], q[11]
Gate( 1971)	cx q[8], q[1]
Gate( 1972)	cx q[11], q[8]
Gate( 1973)	 h q[1]
Gate( 1974)	 h q[11]
Gate( 1975)	 t q[10]
Gate( 1976)	 t q[9]
Gate( 1977)	 t q[11]
Gate( 1978)	cx q[9], q[10]
Gate( 1979)	cx q[11], q[9]
Gate( 1980)	cx q[10], q[11]
Gate( 1981)	tdg q[9]
Gate( 1982)	cx q[10], q[9]
Gate( 1983)	tdg q[10]
Gate( 1984)	tdg q[9]
Gate( 1985)	 t q[11]
Gate( 1986)	cx q[11], q[9]
Gate( 1987)	cx q[10], q[11]
Gate( 1988)	cx q[9], q[10]
Gate( 1989)	 h q[11]
Gate( 1990)	 h q[1]
Gate( 1991)	 t q[8]
Gate( 1992)	 t q[11]
Gate( 1993)	 t q[1]
Gate( 1994)	cx q[11], q[8]
Gate( 1995)	cx q[1], q[11]
Gate( 1996)	cx q[8], q[1]
Gate( 1997)	tdg q[11]
Gate( 1998)	cx q[8], q[11]
Gate( 1999)	tdg q[8]
Gate( 2000)	tdg q[11]
Gate( 2001)	 t q[1]
Gate( 2002)	cx q[1], q[11]
Gate( 2003)	cx q[8], q[1]
Gate( 2004)	cx q[11], q[8]
Gate( 2005)	 h q[1]
Gate( 2006)	 h q[11]
Gate( 2007)	 t q[10]
Gate( 2008)	 t q[9]
Gate( 2009)	 t q[11]
Gate( 2010)	cx q[9], q[10]
Gate( 2011)	cx q[11], q[9]
Gate( 2012)	cx q[10], q[11]
Gate( 2013)	tdg q[9]
Gate( 2014)	cx q[10], q[9]
Gate( 2015)	tdg q[10]
Gate( 2016)	tdg q[9]
Gate( 2017)	 t q[11]
Gate( 2018)	cx q[11], q[9]
Gate( 2019)	cx q[10], q[11]
Gate( 2020)	cx q[9], q[10]
Gate( 2021)	 h q[11]
Gate( 2022)	 h q[0]
Gate( 2023)	 t q[1]
Gate( 2024)	 t q[11]
Gate( 2025)	 t q[0]
Gate( 2026)	cx q[11], q[1]
Gate( 2027)	cx q[0], q[11]
Gate( 2028)	cx q[1], q[0]
Gate( 2029)	tdg q[11]
Gate( 2030)	cx q[1], q[11]
Gate( 2031)	tdg q[1]
Gate( 2032)	tdg q[11]
Gate( 2033)	 t q[0]
Gate( 2034)	cx q[0], q[11]
Gate( 2035)	cx q[1], q[0]
Gate( 2036)	cx q[11], q[1]
Gate( 2037)	 h q[0]
Gate( 2038)	 h q[11]
Gate( 2039)	 t q[4]
Gate( 2040)	 t q[10]
Gate( 2041)	 t q[11]
Gate( 2042)	cx q[10], q[4]
Gate( 2043)	cx q[11], q[10]
Gate( 2044)	cx q[4], q[11]
Gate( 2045)	tdg q[10]
Gate( 2046)	cx q[4], q[10]
Gate( 2047)	tdg q[4]
Gate( 2048)	tdg q[10]
Gate( 2049)	 t q[11]
Gate( 2050)	cx q[11], q[10]
Gate( 2051)	cx q[4], q[11]
Gate( 2052)	cx q[10], q[4]
Gate( 2053)	 h q[11]
Gate( 2054)	 h q[10]
Gate( 2055)	 t q[5]
Gate( 2056)	 t q[9]
Gate( 2057)	 t q[10]
Gate( 2058)	cx q[9], q[5]
Gate( 2059)	cx q[10], q[9]
Gate( 2060)	cx q[5], q[10]
Gate( 2061)	tdg q[9]
Gate( 2062)	cx q[5], q[9]
Gate( 2063)	tdg q[5]
Gate( 2064)	tdg q[9]
Gate( 2065)	 t q[10]
Gate( 2066)	cx q[10], q[9]
Gate( 2067)	cx q[5], q[10]
Gate( 2068)	cx q[9], q[5]
Gate( 2069)	 h q[10]
Gate( 2070)	 h q[9]
Gate( 2071)	 t q[7]
Gate( 2072)	 t q[6]
Gate( 2073)	 t q[9]
Gate( 2074)	cx q[6], q[7]
Gate( 2075)	cx q[9], q[6]
Gate( 2076)	cx q[7], q[9]
Gate( 2077)	tdg q[6]
Gate( 2078)	cx q[7], q[6]
Gate( 2079)	tdg q[7]
Gate( 2080)	tdg q[6]
Gate( 2081)	 t q[9]
Gate( 2082)	cx q[9], q[6]
Gate( 2083)	cx q[7], q[9]
Gate( 2084)	cx q[6], q[7]
Gate( 2085)	 h q[9]
Gate( 2086)	 h q[10]
Gate( 2087)	 t q[5]
Gate( 2088)	 t q[9]
Gate( 2089)	 t q[10]
Gate( 2090)	cx q[9], q[5]
Gate( 2091)	cx q[10], q[9]
Gate( 2092)	cx q[5], q[10]
Gate( 2093)	tdg q[9]
Gate( 2094)	cx q[5], q[9]
Gate( 2095)	tdg q[5]
Gate( 2096)	tdg q[9]
Gate( 2097)	 t q[10]
Gate( 2098)	cx q[10], q[9]
Gate( 2099)	cx q[5], q[10]
Gate( 2100)	cx q[9], q[5]
Gate( 2101)	 h q[10]
Gate( 2102)	 h q[11]
Gate( 2103)	 t q[4]
Gate( 2104)	 t q[10]
Gate( 2105)	 t q[11]
Gate( 2106)	cx q[10], q[4]
Gate( 2107)	cx q[11], q[10]
Gate( 2108)	cx q[4], q[11]
Gate( 2109)	tdg q[10]
Gate( 2110)	cx q[4], q[10]
Gate( 2111)	tdg q[4]
Gate( 2112)	tdg q[10]
Gate( 2113)	 t q[11]
Gate( 2114)	cx q[11], q[10]
Gate( 2115)	cx q[4], q[11]
Gate( 2116)	cx q[10], q[4]
Gate( 2117)	 h q[11]
Gate( 2118)	 h q[0]
Gate( 2119)	 t q[1]
Gate( 2120)	 t q[11]
Gate( 2121)	 t q[0]
Gate( 2122)	cx q[11], q[1]
Gate( 2123)	cx q[0], q[11]
Gate( 2124)	cx q[1], q[0]
Gate( 2125)	tdg q[11]
Gate( 2126)	cx q[1], q[11]
Gate( 2127)	tdg q[1]
Gate( 2128)	tdg q[11]
Gate( 2129)	 t q[0]
Gate( 2130)	cx q[0], q[11]
Gate( 2131)	cx q[1], q[0]
Gate( 2132)	cx q[11], q[1]
Gate( 2133)	 h q[0]
Gate( 2134)	 h q[11]
Gate( 2135)	 t q[4]
Gate( 2136)	 t q[10]
Gate( 2137)	 t q[11]
Gate( 2138)	cx q[10], q[4]
Gate( 2139)	cx q[11], q[10]
Gate( 2140)	cx q[4], q[11]
Gate( 2141)	tdg q[10]
Gate( 2142)	cx q[4], q[10]
Gate( 2143)	tdg q[4]
Gate( 2144)	tdg q[10]
Gate( 2145)	 t q[11]
Gate( 2146)	cx q[11], q[10]
Gate( 2147)	cx q[4], q[11]
Gate( 2148)	cx q[10], q[4]
Gate( 2149)	 h q[11]
Gate( 2150)	 h q[10]
Gate( 2151)	 t q[5]
Gate( 2152)	 t q[9]
Gate( 2153)	 t q[10]
Gate( 2154)	cx q[9], q[5]
Gate( 2155)	cx q[10], q[9]
Gate( 2156)	cx q[5], q[10]
Gate( 2157)	tdg q[9]
Gate( 2158)	cx q[5], q[9]
Gate( 2159)	tdg q[5]
Gate( 2160)	tdg q[9]
Gate( 2161)	 t q[10]
Gate( 2162)	cx q[10], q[9]
Gate( 2163)	cx q[5], q[10]
Gate( 2164)	cx q[9], q[5]
Gate( 2165)	 h q[10]
Gate( 2166)	 h q[9]
Gate( 2167)	 t q[7]
Gate( 2168)	 t q[6]
Gate( 2169)	 t q[9]
Gate( 2170)	cx q[6], q[7]
Gate( 2171)	cx q[9], q[6]
Gate( 2172)	cx q[7], q[9]
Gate( 2173)	tdg q[6]
Gate( 2174)	cx q[7], q[6]
Gate( 2175)	tdg q[7]
Gate( 2176)	tdg q[6]
Gate( 2177)	 t q[9]
Gate( 2178)	cx q[9], q[6]
Gate( 2179)	cx q[7], q[9]
Gate( 2180)	cx q[6], q[7]
Gate( 2181)	 h q[9]
Gate( 2182)	 h q[10]
Gate( 2183)	 t q[5]
Gate( 2184)	 t q[9]
Gate( 2185)	 t q[10]
Gate( 2186)	cx q[9], q[5]
Gate( 2187)	cx q[10], q[9]
Gate( 2188)	cx q[5], q[10]
Gate( 2189)	tdg q[9]
Gate( 2190)	cx q[5], q[9]
Gate( 2191)	tdg q[5]
Gate( 2192)	tdg q[9]
Gate( 2193)	 t q[10]
Gate( 2194)	cx q[10], q[9]
Gate( 2195)	cx q[5], q[10]
Gate( 2196)	cx q[9], q[5]
Gate( 2197)	 h q[10]
Gate( 2198)	 h q[11]
Gate( 2199)	 t q[4]
Gate( 2200)	 t q[10]
Gate( 2201)	 t q[11]
Gate( 2202)	cx q[10], q[4]
Gate( 2203)	cx q[11], q[10]
Gate( 2204)	cx q[4], q[11]
Gate( 2205)	tdg q[10]
Gate( 2206)	cx q[4], q[10]
Gate( 2207)	tdg q[4]
Gate( 2208)	tdg q[10]
Gate( 2209)	 t q[11]
Gate( 2210)	cx q[11], q[10]
Gate( 2211)	cx q[4], q[11]
Gate( 2212)	cx q[10], q[4]
Gate( 2213)	 h q[11]
Gate( 2214)	 h q[1]
Gate( 2215)	 t q[8]
Gate( 2216)	 t q[11]
Gate( 2217)	 t q[1]
Gate( 2218)	cx q[11], q[8]
Gate( 2219)	cx q[1], q[11]
Gate( 2220)	cx q[8], q[1]
Gate( 2221)	tdg q[11]
Gate( 2222)	cx q[8], q[11]
Gate( 2223)	tdg q[8]
Gate( 2224)	tdg q[11]
Gate( 2225)	 t q[1]
Gate( 2226)	cx q[1], q[11]
Gate( 2227)	cx q[8], q[1]
Gate( 2228)	cx q[11], q[8]
Gate( 2229)	 h q[1]
Gate( 2230)	 h q[11]
Gate( 2231)	 t q[10]
Gate( 2232)	 t q[9]
Gate( 2233)	 t q[11]
Gate( 2234)	cx q[9], q[10]
Gate( 2235)	cx q[11], q[9]
Gate( 2236)	cx q[10], q[11]
Gate( 2237)	tdg q[9]
Gate( 2238)	cx q[10], q[9]
Gate( 2239)	tdg q[10]
Gate( 2240)	tdg q[9]
Gate( 2241)	 t q[11]
Gate( 2242)	cx q[11], q[9]
Gate( 2243)	cx q[10], q[11]
Gate( 2244)	cx q[9], q[10]
Gate( 2245)	 h q[11]
Gate( 2246)	 h q[1]
Gate( 2247)	 t q[8]
Gate( 2248)	 t q[11]
Gate( 2249)	 t q[1]
Gate( 2250)	cx q[11], q[8]
Gate( 2251)	cx q[1], q[11]
Gate( 2252)	cx q[8], q[1]
Gate( 2253)	tdg q[11]
Gate( 2254)	cx q[8], q[11]
Gate( 2255)	tdg q[8]
Gate( 2256)	tdg q[11]
Gate( 2257)	 t q[1]
Gate( 2258)	cx q[1], q[11]
Gate( 2259)	cx q[8], q[1]
Gate( 2260)	cx q[11], q[8]
Gate( 2261)	 h q[1]
Gate( 2262)	 h q[11]
Gate( 2263)	 t q[10]
Gate( 2264)	 t q[9]
Gate( 2265)	 t q[11]
Gate( 2266)	cx q[9], q[10]
Gate( 2267)	cx q[11], q[9]
Gate( 2268)	cx q[10], q[11]
Gate( 2269)	tdg q[9]
Gate( 2270)	cx q[10], q[9]
Gate( 2271)	tdg q[10]
Gate( 2272)	tdg q[9]
Gate( 2273)	 t q[11]
Gate( 2274)	cx q[11], q[9]
Gate( 2275)	cx q[10], q[11]
Gate( 2276)	cx q[9], q[10]
Gate( 2277)	 h q[11]
Gate( 2278)	 h q[0]
Gate( 2279)	 t q[1]
Gate( 2280)	 t q[11]
Gate( 2281)	 t q[0]
Gate( 2282)	cx q[11], q[1]
Gate( 2283)	cx q[0], q[11]
Gate( 2284)	cx q[1], q[0]
Gate( 2285)	tdg q[11]
Gate( 2286)	cx q[1], q[11]
Gate( 2287)	tdg q[1]
Gate( 2288)	tdg q[11]
Gate( 2289)	 t q[0]
Gate( 2290)	cx q[0], q[11]
Gate( 2291)	cx q[1], q[0]
Gate( 2292)	cx q[11], q[1]
Gate( 2293)	 h q[0]
Gate( 2294)	 h q[11]
Gate( 2295)	 t q[4]
Gate( 2296)	 t q[10]
Gate( 2297)	 t q[11]
Gate( 2298)	cx q[10], q[4]
Gate( 2299)	cx q[11], q[10]
Gate( 2300)	cx q[4], q[11]
Gate( 2301)	tdg q[10]
Gate( 2302)	cx q[4], q[10]
Gate( 2303)	tdg q[4]
Gate( 2304)	tdg q[10]
Gate( 2305)	 t q[11]
Gate( 2306)	cx q[11], q[10]
Gate( 2307)	cx q[4], q[11]
Gate( 2308)	cx q[10], q[4]
Gate( 2309)	 h q[11]
Gate( 2310)	 h q[10]
Gate( 2311)	 t q[5]
Gate( 2312)	 t q[9]
Gate( 2313)	 t q[10]
Gate( 2314)	cx q[9], q[5]
Gate( 2315)	cx q[10], q[9]
Gate( 2316)	cx q[5], q[10]
Gate( 2317)	tdg q[9]
Gate( 2318)	cx q[5], q[9]
Gate( 2319)	tdg q[5]
Gate( 2320)	tdg q[9]
Gate( 2321)	 t q[10]
Gate( 2322)	cx q[10], q[9]
Gate( 2323)	cx q[5], q[10]
Gate( 2324)	cx q[9], q[5]
Gate( 2325)	 h q[10]
Gate( 2326)	 h q[9]
Gate( 2327)	 t q[7]
Gate( 2328)	 t q[6]
Gate( 2329)	 t q[9]
Gate( 2330)	cx q[6], q[7]
Gate( 2331)	cx q[9], q[6]
Gate( 2332)	cx q[7], q[9]
Gate( 2333)	tdg q[6]
Gate( 2334)	cx q[7], q[6]
Gate( 2335)	tdg q[7]
Gate( 2336)	tdg q[6]
Gate( 2337)	 t q[9]
Gate( 2338)	cx q[9], q[6]
Gate( 2339)	cx q[7], q[9]
Gate( 2340)	cx q[6], q[7]
Gate( 2341)	 h q[9]
Gate( 2342)	 h q[10]
Gate( 2343)	 t q[5]
Gate( 2344)	 t q[9]
Gate( 2345)	 t q[10]
Gate( 2346)	cx q[9], q[5]
Gate( 2347)	cx q[10], q[9]
Gate( 2348)	cx q[5], q[10]
Gate( 2349)	tdg q[9]
Gate( 2350)	cx q[5], q[9]
Gate( 2351)	tdg q[5]
Gate( 2352)	tdg q[9]
Gate( 2353)	 t q[10]
Gate( 2354)	cx q[10], q[9]
Gate( 2355)	cx q[5], q[10]
Gate( 2356)	cx q[9], q[5]
Gate( 2357)	 h q[10]
Gate( 2358)	 h q[11]
Gate( 2359)	 t q[4]
Gate( 2360)	 t q[10]
Gate( 2361)	 t q[11]
Gate( 2362)	cx q[10], q[4]
Gate( 2363)	cx q[11], q[10]
Gate( 2364)	cx q[4], q[11]
Gate( 2365)	tdg q[10]
Gate( 2366)	cx q[4], q[10]
Gate( 2367)	tdg q[4]
Gate( 2368)	tdg q[10]
Gate( 2369)	 t q[11]
Gate( 2370)	cx q[11], q[10]
Gate( 2371)	cx q[4], q[11]
Gate( 2372)	cx q[10], q[4]
Gate( 2373)	 h q[11]
Gate( 2374)	 h q[0]
Gate( 2375)	 t q[1]
Gate( 2376)	 t q[11]
Gate( 2377)	 t q[0]
Gate( 2378)	cx q[11], q[1]
Gate( 2379)	cx q[0], q[11]
Gate( 2380)	cx q[1], q[0]
Gate( 2381)	tdg q[11]
Gate( 2382)	cx q[1], q[11]
Gate( 2383)	tdg q[1]
Gate( 2384)	tdg q[11]
Gate( 2385)	 t q[0]
Gate( 2386)	cx q[0], q[11]
Gate( 2387)	cx q[1], q[0]
Gate( 2388)	cx q[11], q[1]
Gate( 2389)	 h q[0]
Gate( 2390)	 h q[11]
Gate( 2391)	 t q[4]
Gate( 2392)	 t q[10]
Gate( 2393)	 t q[11]
Gate( 2394)	cx q[10], q[4]
Gate( 2395)	cx q[11], q[10]
Gate( 2396)	cx q[4], q[11]
Gate( 2397)	tdg q[10]
Gate( 2398)	cx q[4], q[10]
Gate( 2399)	tdg q[4]
Gate( 2400)	tdg q[10]
Gate( 2401)	 t q[11]
Gate( 2402)	cx q[11], q[10]
Gate( 2403)	cx q[4], q[11]
Gate( 2404)	cx q[10], q[4]
Gate( 2405)	 h q[11]
Gate( 2406)	 h q[10]
Gate( 2407)	 t q[5]
Gate( 2408)	 t q[9]
Gate( 2409)	 t q[10]
Gate( 2410)	cx q[9], q[5]
Gate( 2411)	cx q[10], q[9]
Gate( 2412)	cx q[5], q[10]
Gate( 2413)	tdg q[9]
Gate( 2414)	cx q[5], q[9]
Gate( 2415)	tdg q[5]
Gate( 2416)	tdg q[9]
Gate( 2417)	 t q[10]
Gate( 2418)	cx q[10], q[9]
Gate( 2419)	cx q[5], q[10]
Gate( 2420)	cx q[9], q[5]
Gate( 2421)	 h q[10]
Gate( 2422)	 h q[9]
Gate( 2423)	 t q[7]
Gate( 2424)	 t q[6]
Gate( 2425)	 t q[9]
Gate( 2426)	cx q[6], q[7]
Gate( 2427)	cx q[9], q[6]
Gate( 2428)	cx q[7], q[9]
Gate( 2429)	tdg q[6]
Gate( 2430)	cx q[7], q[6]
Gate( 2431)	tdg q[7]
Gate( 2432)	tdg q[6]
Gate( 2433)	 t q[9]
Gate( 2434)	cx q[9], q[6]
Gate( 2435)	cx q[7], q[9]
Gate( 2436)	cx q[6], q[7]
Gate( 2437)	 h q[9]
Gate( 2438)	 h q[10]
Gate( 2439)	 t q[5]
Gate( 2440)	 t q[9]
Gate( 2441)	 t q[10]
Gate( 2442)	cx q[9], q[5]
Gate( 2443)	cx q[10], q[9]
Gate( 2444)	cx q[5], q[10]
Gate( 2445)	tdg q[9]
Gate( 2446)	cx q[5], q[9]
Gate( 2447)	tdg q[5]
Gate( 2448)	tdg q[9]
Gate( 2449)	 t q[10]
Gate( 2450)	cx q[10], q[9]
Gate( 2451)	cx q[5], q[10]
Gate( 2452)	cx q[9], q[5]
Gate( 2453)	 h q[10]
Gate( 2454)	 h q[11]
Gate( 2455)	 t q[4]
Gate( 2456)	 t q[10]
Gate( 2457)	 t q[11]
Gate( 2458)	cx q[10], q[4]
Gate( 2459)	cx q[11], q[10]
Gate( 2460)	cx q[4], q[11]
Gate( 2461)	tdg q[10]
Gate( 2462)	cx q[4], q[10]
Gate( 2463)	tdg q[4]
Gate( 2464)	tdg q[10]
Gate( 2465)	 t q[11]
Gate( 2466)	cx q[11], q[10]
Gate( 2467)	cx q[4], q[11]
Gate( 2468)	cx q[10], q[4]
Gate( 2469)	 h q[11]
Gate( 2470)	 h q[0]
Gate( 2471)	 t q[6]
Gate( 2472)	 t q[5]
Gate( 2473)	 t q[0]
Gate( 2474)	cx q[5], q[6]
Gate( 2475)	cx q[0], q[5]
Gate( 2476)	cx q[6], q[0]
Gate( 2477)	tdg q[5]
Gate( 2478)	cx q[6], q[5]
Gate( 2479)	tdg q[6]
Gate( 2480)	tdg q[5]
Gate( 2481)	 t q[0]
Gate( 2482)	cx q[0], q[5]
Gate( 2483)	cx q[6], q[0]
Gate( 2484)	cx q[5], q[6]
Gate( 2485)	 h q[0]
Gate( 2486)	 h q[5]
Gate( 2487)	 t q[7]
Gate( 2488)	 t q[4]
Gate( 2489)	 t q[5]
Gate( 2490)	cx q[4], q[7]
Gate( 2491)	cx q[5], q[4]
Gate( 2492)	cx q[7], q[5]
Gate( 2493)	tdg q[4]
Gate( 2494)	cx q[7], q[4]
Gate( 2495)	tdg q[7]
Gate( 2496)	tdg q[4]
Gate( 2497)	 t q[5]
Gate( 2498)	cx q[5], q[4]
Gate( 2499)	cx q[7], q[5]
Gate( 2500)	cx q[4], q[7]
Gate( 2501)	 h q[5]
Gate( 2502)	 h q[4]
Gate( 2503)	 t q[8]
Gate( 2504)	 t q[3]
Gate( 2505)	 t q[4]
Gate( 2506)	cx q[3], q[8]
Gate( 2507)	cx q[4], q[3]
Gate( 2508)	cx q[8], q[4]
Gate( 2509)	tdg q[3]
Gate( 2510)	cx q[8], q[3]
Gate( 2511)	tdg q[8]
Gate( 2512)	tdg q[3]
Gate( 2513)	 t q[4]
Gate( 2514)	cx q[4], q[3]
Gate( 2515)	cx q[8], q[4]
Gate( 2516)	cx q[3], q[8]
Gate( 2517)	 h q[4]
Gate( 2518)	 h q[3]
Gate( 2519)	 t q[9]
Gate( 2520)	 t q[2]
Gate( 2521)	 t q[3]
Gate( 2522)	cx q[2], q[9]
Gate( 2523)	cx q[3], q[2]
Gate( 2524)	cx q[9], q[3]
Gate( 2525)	tdg q[2]
Gate( 2526)	cx q[9], q[2]
Gate( 2527)	tdg q[9]
Gate( 2528)	tdg q[2]
Gate( 2529)	 t q[3]
Gate( 2530)	cx q[3], q[2]
Gate( 2531)	cx q[9], q[3]
Gate( 2532)	cx q[2], q[9]
Gate( 2533)	 h q[3]
Gate( 2534)	 h q[2]
Gate( 2535)	 t q[11]
Gate( 2536)	 t q[10]
Gate( 2537)	 t q[2]
Gate( 2538)	cx q[10], q[11]
Gate( 2539)	cx q[2], q[10]
Gate( 2540)	cx q[11], q[2]
Gate( 2541)	tdg q[10]
Gate( 2542)	cx q[11], q[10]
Gate( 2543)	tdg q[11]
Gate( 2544)	tdg q[10]
Gate( 2545)	 t q[2]
Gate( 2546)	cx q[2], q[10]
Gate( 2547)	cx q[11], q[2]
Gate( 2548)	cx q[10], q[11]
Gate( 2549)	 h q[2]
Gate( 2550)	 h q[3]
Gate( 2551)	 t q[9]
Gate( 2552)	 t q[2]
Gate( 2553)	 t q[3]
Gate( 2554)	cx q[2], q[9]
Gate( 2555)	cx q[3], q[2]
Gate( 2556)	cx q[9], q[3]
Gate( 2557)	tdg q[2]
Gate( 2558)	cx q[9], q[2]
Gate( 2559)	tdg q[9]
Gate( 2560)	tdg q[2]
Gate( 2561)	 t q[3]
Gate( 2562)	cx q[3], q[2]
Gate( 2563)	cx q[9], q[3]
Gate( 2564)	cx q[2], q[9]
Gate( 2565)	 h q[3]
Gate( 2566)	 h q[4]
Gate( 2567)	 t q[8]
Gate( 2568)	 t q[3]
Gate( 2569)	 t q[4]
Gate( 2570)	cx q[3], q[8]
Gate( 2571)	cx q[4], q[3]
Gate( 2572)	cx q[8], q[4]
Gate( 2573)	tdg q[3]
Gate( 2574)	cx q[8], q[3]
Gate( 2575)	tdg q[8]
Gate( 2576)	tdg q[3]
Gate( 2577)	 t q[4]
Gate( 2578)	cx q[4], q[3]
Gate( 2579)	cx q[8], q[4]
Gate( 2580)	cx q[3], q[8]
Gate( 2581)	 h q[4]
Gate( 2582)	 h q[5]
Gate( 2583)	 t q[7]
Gate( 2584)	 t q[4]
Gate( 2585)	 t q[5]
Gate( 2586)	cx q[4], q[7]
Gate( 2587)	cx q[5], q[4]
Gate( 2588)	cx q[7], q[5]
Gate( 2589)	tdg q[4]
Gate( 2590)	cx q[7], q[4]
Gate( 2591)	tdg q[7]
Gate( 2592)	tdg q[4]
Gate( 2593)	 t q[5]
Gate( 2594)	cx q[5], q[4]
Gate( 2595)	cx q[7], q[5]
Gate( 2596)	cx q[4], q[7]
Gate( 2597)	 h q[5]
Gate( 2598)	 h q[0]
Gate( 2599)	 t q[6]
Gate( 2600)	 t q[5]
Gate( 2601)	 t q[0]
Gate( 2602)	cx q[5], q[6]
Gate( 2603)	cx q[0], q[5]
Gate( 2604)	cx q[6], q[0]
Gate( 2605)	tdg q[5]
Gate( 2606)	cx q[6], q[5]
Gate( 2607)	tdg q[6]
Gate( 2608)	tdg q[5]
Gate( 2609)	 t q[0]
Gate( 2610)	cx q[0], q[5]
Gate( 2611)	cx q[6], q[0]
Gate( 2612)	cx q[5], q[6]
Gate( 2613)	 h q[0]
Gate( 2614)	 h q[5]
Gate( 2615)	 t q[7]
Gate( 2616)	 t q[4]
Gate( 2617)	 t q[5]
Gate( 2618)	cx q[4], q[7]
Gate( 2619)	cx q[5], q[4]
Gate( 2620)	cx q[7], q[5]
Gate( 2621)	tdg q[4]
Gate( 2622)	cx q[7], q[4]
Gate( 2623)	tdg q[7]
Gate( 2624)	tdg q[4]
Gate( 2625)	 t q[5]
Gate( 2626)	cx q[5], q[4]
Gate( 2627)	cx q[7], q[5]
Gate( 2628)	cx q[4], q[7]
Gate( 2629)	 h q[5]
Gate( 2630)	 h q[4]
Gate( 2631)	 t q[8]
Gate( 2632)	 t q[3]
Gate( 2633)	 t q[4]
Gate( 2634)	cx q[3], q[8]
Gate( 2635)	cx q[4], q[3]
Gate( 2636)	cx q[8], q[4]
Gate( 2637)	tdg q[3]
Gate( 2638)	cx q[8], q[3]
Gate( 2639)	tdg q[8]
Gate( 2640)	tdg q[3]
Gate( 2641)	 t q[4]
Gate( 2642)	cx q[4], q[3]
Gate( 2643)	cx q[8], q[4]
Gate( 2644)	cx q[3], q[8]
Gate( 2645)	 h q[4]
Gate( 2646)	 h q[3]
Gate( 2647)	 t q[9]
Gate( 2648)	 t q[2]
Gate( 2649)	 t q[3]
Gate( 2650)	cx q[2], q[9]
Gate( 2651)	cx q[3], q[2]
Gate( 2652)	cx q[9], q[3]
Gate( 2653)	tdg q[2]
Gate( 2654)	cx q[9], q[2]
Gate( 2655)	tdg q[9]
Gate( 2656)	tdg q[2]
Gate( 2657)	 t q[3]
Gate( 2658)	cx q[3], q[2]
Gate( 2659)	cx q[9], q[3]
Gate( 2660)	cx q[2], q[9]
Gate( 2661)	 h q[3]
Gate( 2662)	 h q[2]
Gate( 2663)	 t q[11]
Gate( 2664)	 t q[10]
Gate( 2665)	 t q[2]
Gate( 2666)	cx q[10], q[11]
Gate( 2667)	cx q[2], q[10]
Gate( 2668)	cx q[11], q[2]
Gate( 2669)	tdg q[10]
Gate( 2670)	cx q[11], q[10]
Gate( 2671)	tdg q[11]
Gate( 2672)	tdg q[10]
Gate( 2673)	 t q[2]
Gate( 2674)	cx q[2], q[10]
Gate( 2675)	cx q[11], q[2]
Gate( 2676)	cx q[10], q[11]
Gate( 2677)	 h q[2]
Gate( 2678)	 h q[3]
Gate( 2679)	 t q[9]
Gate( 2680)	 t q[2]
Gate( 2681)	 t q[3]
Gate( 2682)	cx q[2], q[9]
Gate( 2683)	cx q[3], q[2]
Gate( 2684)	cx q[9], q[3]
Gate( 2685)	tdg q[2]
Gate( 2686)	cx q[9], q[2]
Gate( 2687)	tdg q[9]
Gate( 2688)	tdg q[2]
Gate( 2689)	 t q[3]
Gate( 2690)	cx q[3], q[2]
Gate( 2691)	cx q[9], q[3]
Gate( 2692)	cx q[2], q[9]
Gate( 2693)	 h q[3]
Gate( 2694)	 h q[4]
Gate( 2695)	 t q[8]
Gate( 2696)	 t q[3]
Gate( 2697)	 t q[4]
Gate( 2698)	cx q[3], q[8]
Gate( 2699)	cx q[4], q[3]
Gate( 2700)	cx q[8], q[4]
Gate( 2701)	tdg q[3]
Gate( 2702)	cx q[8], q[3]
Gate( 2703)	tdg q[8]
Gate( 2704)	tdg q[3]
Gate( 2705)	 t q[4]
Gate( 2706)	cx q[4], q[3]
Gate( 2707)	cx q[8], q[4]
Gate( 2708)	cx q[3], q[8]
Gate( 2709)	 h q[4]
Gate( 2710)	 h q[5]
Gate( 2711)	 t q[7]
Gate( 2712)	 t q[4]
Gate( 2713)	 t q[5]
Gate( 2714)	cx q[4], q[7]
Gate( 2715)	cx q[5], q[4]
Gate( 2716)	cx q[7], q[5]
Gate( 2717)	tdg q[4]
Gate( 2718)	cx q[7], q[4]
Gate( 2719)	tdg q[7]
Gate( 2720)	tdg q[4]
Gate( 2721)	 t q[5]
Gate( 2722)	cx q[5], q[4]
Gate( 2723)	cx q[7], q[5]
Gate( 2724)	cx q[4], q[7]
Gate( 2725)	 h q[5]
Gate( 2726)	 h q[0]
Gate( 2727)	 t q[4]
Gate( 2728)	 t q[10]
Gate( 2729)	 t q[0]
Gate( 2730)	cx q[10], q[4]
Gate( 2731)	cx q[0], q[10]
Gate( 2732)	cx q[4], q[0]
Gate( 2733)	tdg q[10]
Gate( 2734)	cx q[4], q[10]
Gate( 2735)	tdg q[4]
Gate( 2736)	tdg q[10]
Gate( 2737)	 t q[0]
Gate( 2738)	cx q[0], q[10]
Gate( 2739)	cx q[4], q[0]
Gate( 2740)	cx q[10], q[4]
Gate( 2741)	 h q[0]
Gate( 2742)	 h q[10]
Gate( 2743)	 t q[5]
Gate( 2744)	 t q[9]
Gate( 2745)	 t q[10]
Gate( 2746)	cx q[9], q[5]
Gate( 2747)	cx q[10], q[9]
Gate( 2748)	cx q[5], q[10]
Gate( 2749)	tdg q[9]
Gate( 2750)	cx q[5], q[9]
Gate( 2751)	tdg q[5]
Gate( 2752)	tdg q[9]
Gate( 2753)	 t q[10]
Gate( 2754)	cx q[10], q[9]
Gate( 2755)	cx q[5], q[10]
Gate( 2756)	cx q[9], q[5]
Gate( 2757)	 h q[10]
Gate( 2758)	 h q[9]
Gate( 2759)	 t q[6]
Gate( 2760)	 t q[3]
Gate( 2761)	 t q[9]
Gate( 2762)	cx q[3], q[6]
Gate( 2763)	cx q[9], q[3]
Gate( 2764)	cx q[6], q[9]
Gate( 2765)	tdg q[3]
Gate( 2766)	cx q[6], q[3]
Gate( 2767)	tdg q[6]
Gate( 2768)	tdg q[3]
Gate( 2769)	 t q[9]
Gate( 2770)	cx q[9], q[3]
Gate( 2771)	cx q[6], q[9]
Gate( 2772)	cx q[3], q[6]
Gate( 2773)	 h q[9]
Gate( 2774)	 h q[3]
Gate( 2775)	 t q[7]
Gate( 2776)	 t q[2]
Gate( 2777)	 t q[3]
Gate( 2778)	cx q[2], q[7]
Gate( 2779)	cx q[3], q[2]
Gate( 2780)	cx q[7], q[3]
Gate( 2781)	tdg q[2]
Gate( 2782)	cx q[7], q[2]
Gate( 2783)	tdg q[7]
Gate( 2784)	tdg q[2]
Gate( 2785)	 t q[3]
Gate( 2786)	cx q[3], q[2]
Gate( 2787)	cx q[7], q[3]
Gate( 2788)	cx q[2], q[7]
Gate( 2789)	 h q[3]
Gate( 2790)	 h q[2]
Gate( 2791)	 t q[11]
Gate( 2792)	 t q[8]
Gate( 2793)	 t q[2]
Gate( 2794)	cx q[8], q[11]
Gate( 2795)	cx q[2], q[8]
Gate( 2796)	cx q[11], q[2]
Gate( 2797)	tdg q[8]
Gate( 2798)	cx q[11], q[8]
Gate( 2799)	tdg q[11]
Gate( 2800)	tdg q[8]
Gate( 2801)	 t q[2]
Gate( 2802)	cx q[2], q[8]
Gate( 2803)	cx q[11], q[2]
Gate( 2804)	cx q[8], q[11]
Gate( 2805)	 h q[2]
Gate( 2806)	 h q[3]
Gate( 2807)	 t q[7]
Gate( 2808)	 t q[2]
Gate( 2809)	 t q[3]
Gate( 2810)	cx q[2], q[7]
Gate( 2811)	cx q[3], q[2]
Gate( 2812)	cx q[7], q[3]
Gate( 2813)	tdg q[2]
Gate( 2814)	cx q[7], q[2]
Gate( 2815)	tdg q[7]
Gate( 2816)	tdg q[2]
Gate( 2817)	 t q[3]
Gate( 2818)	cx q[3], q[2]
Gate( 2819)	cx q[7], q[3]
Gate( 2820)	cx q[2], q[7]
Gate( 2821)	 h q[3]
Gate( 2822)	 h q[9]
Gate( 2823)	 t q[6]
Gate( 2824)	 t q[3]
Gate( 2825)	 t q[9]
Gate( 2826)	cx q[3], q[6]
Gate( 2827)	cx q[9], q[3]
Gate( 2828)	cx q[6], q[9]
Gate( 2829)	tdg q[3]
Gate( 2830)	cx q[6], q[3]
Gate( 2831)	tdg q[6]
Gate( 2832)	tdg q[3]
Gate( 2833)	 t q[9]
Gate( 2834)	cx q[9], q[3]
Gate( 2835)	cx q[6], q[9]
Gate( 2836)	cx q[3], q[6]
Gate( 2837)	 h q[9]
Gate( 2838)	 h q[10]
Gate( 2839)	 t q[5]
Gate( 2840)	 t q[9]
Gate( 2841)	 t q[10]
Gate( 2842)	cx q[9], q[5]
Gate( 2843)	cx q[10], q[9]
Gate( 2844)	cx q[5], q[10]
Gate( 2845)	tdg q[9]
Gate( 2846)	cx q[5], q[9]
Gate( 2847)	tdg q[5]
Gate( 2848)	tdg q[9]
Gate( 2849)	 t q[10]
Gate( 2850)	cx q[10], q[9]
Gate( 2851)	cx q[5], q[10]
Gate( 2852)	cx q[9], q[5]
Gate( 2853)	 h q[10]
Gate( 2854)	 h q[0]
Gate( 2855)	 t q[4]
Gate( 2856)	 t q[10]
Gate( 2857)	 t q[0]
Gate( 2858)	cx q[10], q[4]
Gate( 2859)	cx q[0], q[10]
Gate( 2860)	cx q[4], q[0]
Gate( 2861)	tdg q[10]
Gate( 2862)	cx q[4], q[10]
Gate( 2863)	tdg q[4]
Gate( 2864)	tdg q[10]
Gate( 2865)	 t q[0]
Gate( 2866)	cx q[0], q[10]
Gate( 2867)	cx q[4], q[0]
Gate( 2868)	cx q[10], q[4]
Gate( 2869)	 h q[0]
Gate( 2870)	 h q[10]
Gate( 2871)	 t q[5]
Gate( 2872)	 t q[9]
Gate( 2873)	 t q[10]
Gate( 2874)	cx q[9], q[5]
Gate( 2875)	cx q[10], q[9]
Gate( 2876)	cx q[5], q[10]
Gate( 2877)	tdg q[9]
Gate( 2878)	cx q[5], q[9]
Gate( 2879)	tdg q[5]
Gate( 2880)	tdg q[9]
Gate( 2881)	 t q[10]
Gate( 2882)	cx q[10], q[9]
Gate( 2883)	cx q[5], q[10]
Gate( 2884)	cx q[9], q[5]
Gate( 2885)	 h q[10]
Gate( 2886)	 h q[9]
Gate( 2887)	 t q[6]
Gate( 2888)	 t q[3]
Gate( 2889)	 t q[9]
Gate( 2890)	cx q[3], q[6]
Gate( 2891)	cx q[9], q[3]
Gate( 2892)	cx q[6], q[9]
Gate( 2893)	tdg q[3]
Gate( 2894)	cx q[6], q[3]
Gate( 2895)	tdg q[6]
Gate( 2896)	tdg q[3]
Gate( 2897)	 t q[9]
Gate( 2898)	cx q[9], q[3]
Gate( 2899)	cx q[6], q[9]
Gate( 2900)	cx q[3], q[6]
Gate( 2901)	 h q[9]
Gate( 2902)	 h q[3]
Gate( 2903)	 t q[7]
Gate( 2904)	 t q[2]
Gate( 2905)	 t q[3]
Gate( 2906)	cx q[2], q[7]
Gate( 2907)	cx q[3], q[2]
Gate( 2908)	cx q[7], q[3]
Gate( 2909)	tdg q[2]
Gate( 2910)	cx q[7], q[2]
Gate( 2911)	tdg q[7]
Gate( 2912)	tdg q[2]
Gate( 2913)	 t q[3]
Gate( 2914)	cx q[3], q[2]
Gate( 2915)	cx q[7], q[3]
Gate( 2916)	cx q[2], q[7]
Gate( 2917)	 h q[3]
Gate( 2918)	 h q[2]
Gate( 2919)	 t q[11]
Gate( 2920)	 t q[8]
Gate( 2921)	 t q[2]
Gate( 2922)	cx q[8], q[11]
Gate( 2923)	cx q[2], q[8]
Gate( 2924)	cx q[11], q[2]
Gate( 2925)	tdg q[8]
Gate( 2926)	cx q[11], q[8]
Gate( 2927)	tdg q[11]
Gate( 2928)	tdg q[8]
Gate( 2929)	 t q[2]
Gate( 2930)	cx q[2], q[8]
Gate( 2931)	cx q[11], q[2]
Gate( 2932)	cx q[8], q[11]
Gate( 2933)	 h q[2]
Gate( 2934)	 h q[3]
Gate( 2935)	 t q[7]
Gate( 2936)	 t q[2]
Gate( 2937)	 t q[3]
Gate( 2938)	cx q[2], q[7]
Gate( 2939)	cx q[3], q[2]
Gate( 2940)	cx q[7], q[3]
Gate( 2941)	tdg q[2]
Gate( 2942)	cx q[7], q[2]
Gate( 2943)	tdg q[7]
Gate( 2944)	tdg q[2]
Gate( 2945)	 t q[3]
Gate( 2946)	cx q[3], q[2]
Gate( 2947)	cx q[7], q[3]
Gate( 2948)	cx q[2], q[7]
Gate( 2949)	 h q[3]
Gate( 2950)	 h q[9]
Gate( 2951)	 t q[6]
Gate( 2952)	 t q[3]
Gate( 2953)	 t q[9]
Gate( 2954)	cx q[3], q[6]
Gate( 2955)	cx q[9], q[3]
Gate( 2956)	cx q[6], q[9]
Gate( 2957)	tdg q[3]
Gate( 2958)	cx q[6], q[3]
Gate( 2959)	tdg q[6]
Gate( 2960)	tdg q[3]
Gate( 2961)	 t q[9]
Gate( 2962)	cx q[9], q[3]
Gate( 2963)	cx q[6], q[9]
Gate( 2964)	cx q[3], q[6]
Gate( 2965)	 h q[9]
Gate( 2966)	 h q[10]
Gate( 2967)	 t q[5]
Gate( 2968)	 t q[9]
Gate( 2969)	 t q[10]
Gate( 2970)	cx q[9], q[5]
Gate( 2971)	cx q[10], q[9]
Gate( 2972)	cx q[5], q[10]
Gate( 2973)	tdg q[9]
Gate( 2974)	cx q[5], q[9]
Gate( 2975)	tdg q[5]
Gate( 2976)	tdg q[9]
Gate( 2977)	 t q[10]
Gate( 2978)	cx q[10], q[9]
Gate( 2979)	cx q[5], q[10]
Gate( 2980)	cx q[9], q[5]
Gate( 2981)	 h q[10]
Gate( 2982)	 h q[3]
Gate( 2983)	 t q[6]
Gate( 2984)	 t q[11]
Gate( 2985)	 t q[3]
Gate( 2986)	cx q[11], q[6]
Gate( 2987)	cx q[3], q[11]
Gate( 2988)	cx q[6], q[3]
Gate( 2989)	tdg q[11]
Gate( 2990)	cx q[6], q[11]
Gate( 2991)	tdg q[6]
Gate( 2992)	tdg q[11]
Gate( 2993)	 t q[3]
Gate( 2994)	cx q[3], q[11]
Gate( 2995)	cx q[6], q[3]
Gate( 2996)	cx q[11], q[6]
Gate( 2997)	 h q[3]
Gate( 2998)	 h q[11]
Gate( 2999)	 t q[8]
Gate( 3000)	 t q[7]
Gate( 3001)	 t q[11]
Gate( 3002)	cx q[7], q[8]
Gate( 3003)	cx q[11], q[7]
Gate( 3004)	cx q[8], q[11]
Gate( 3005)	tdg q[7]
Gate( 3006)	cx q[8], q[7]
Gate( 3007)	tdg q[8]
Gate( 3008)	tdg q[7]
Gate( 3009)	 t q[11]
Gate( 3010)	cx q[11], q[7]
Gate( 3011)	cx q[8], q[11]
Gate( 3012)	cx q[7], q[8]
Gate( 3013)	 h q[11]
Gate( 3014)	 h q[3]
Gate( 3015)	 t q[6]
Gate( 3016)	 t q[11]
Gate( 3017)	 t q[3]
Gate( 3018)	cx q[11], q[6]
Gate( 3019)	cx q[3], q[11]
Gate( 3020)	cx q[6], q[3]
Gate( 3021)	tdg q[11]
Gate( 3022)	cx q[6], q[11]
Gate( 3023)	tdg q[6]
Gate( 3024)	tdg q[11]
Gate( 3025)	 t q[3]
Gate( 3026)	cx q[3], q[11]
Gate( 3027)	cx q[6], q[3]
Gate( 3028)	cx q[11], q[6]
Gate( 3029)	 h q[3]
Gate( 3030)	 h q[11]
Gate( 3031)	 t q[8]
Gate( 3032)	 t q[7]
Gate( 3033)	 t q[11]
Gate( 3034)	cx q[7], q[8]
Gate( 3035)	cx q[11], q[7]
Gate( 3036)	cx q[8], q[11]
Gate( 3037)	tdg q[7]
Gate( 3038)	cx q[8], q[7]
Gate( 3039)	tdg q[8]
Gate( 3040)	tdg q[7]
Gate( 3041)	 t q[11]
Gate( 3042)	cx q[11], q[7]
Gate( 3043)	cx q[8], q[11]
Gate( 3044)	cx q[7], q[8]
Gate( 3045)	 h q[11]
Gate( 3046)	 h q[0]
Gate( 3047)	 t q[6]
Gate( 3048)	 t q[11]
Gate( 3049)	 t q[0]
Gate( 3050)	cx q[11], q[6]
Gate( 3051)	cx q[0], q[11]
Gate( 3052)	cx q[6], q[0]
Gate( 3053)	tdg q[11]
Gate( 3054)	cx q[6], q[11]
Gate( 3055)	tdg q[6]
Gate( 3056)	tdg q[11]
Gate( 3057)	 t q[0]
Gate( 3058)	cx q[0], q[11]
Gate( 3059)	cx q[6], q[0]
Gate( 3060)	cx q[11], q[6]
Gate( 3061)	 h q[0]
Gate( 3062)	 h q[11]
Gate( 3063)	 t q[8]
Gate( 3064)	 t q[7]
Gate( 3065)	 t q[11]
Gate( 3066)	cx q[7], q[8]
Gate( 3067)	cx q[11], q[7]
Gate( 3068)	cx q[8], q[11]
Gate( 3069)	tdg q[7]
Gate( 3070)	cx q[8], q[7]
Gate( 3071)	tdg q[8]
Gate( 3072)	tdg q[7]
Gate( 3073)	 t q[11]
Gate( 3074)	cx q[11], q[7]
Gate( 3075)	cx q[8], q[11]
Gate( 3076)	cx q[7], q[8]
Gate( 3077)	 h q[11]
Gate( 3078)	 h q[0]
Gate( 3079)	 t q[6]
Gate( 3080)	 t q[11]
Gate( 3081)	 t q[0]
Gate( 3082)	cx q[11], q[6]
Gate( 3083)	cx q[0], q[11]
Gate( 3084)	cx q[6], q[0]
Gate( 3085)	tdg q[11]
Gate( 3086)	cx q[6], q[11]
Gate( 3087)	tdg q[6]
Gate( 3088)	tdg q[11]
Gate( 3089)	 t q[0]
Gate( 3090)	cx q[0], q[11]
Gate( 3091)	cx q[6], q[0]
Gate( 3092)	cx q[11], q[6]
Gate( 3093)	 h q[0]
Gate( 3094)	 h q[11]
Gate( 3095)	 t q[8]
Gate( 3096)	 t q[7]
Gate( 3097)	 t q[11]
Gate( 3098)	cx q[7], q[8]
Gate( 3099)	cx q[11], q[7]
Gate( 3100)	cx q[8], q[11]
Gate( 3101)	tdg q[7]
Gate( 3102)	cx q[8], q[7]
Gate( 3103)	tdg q[8]
Gate( 3104)	tdg q[7]
Gate( 3105)	 t q[11]
Gate( 3106)	cx q[11], q[7]
Gate( 3107)	cx q[8], q[11]
Gate( 3108)	cx q[7], q[8]
Gate( 3109)	 h q[11]
Gate( 3110)	 x q[6]
Gate( 3111)	 x q[8]
Gate( 3112)	 x q[5]
Gate( 3113)	 h q[3]
Gate( 3114)	 t q[4]
Gate( 3115)	 t q[11]
Gate( 3116)	 t q[3]
Gate( 3117)	cx q[11], q[4]
Gate( 3118)	cx q[3], q[11]
Gate( 3119)	cx q[4], q[3]
Gate( 3120)	tdg q[11]
Gate( 3121)	cx q[4], q[11]
Gate( 3122)	tdg q[4]
Gate( 3123)	tdg q[11]
Gate( 3124)	 t q[3]
Gate( 3125)	cx q[3], q[11]
Gate( 3126)	cx q[4], q[3]
Gate( 3127)	cx q[11], q[4]
Gate( 3128)	 h q[3]
Gate( 3129)	 h q[11]
Gate( 3130)	 t q[8]
Gate( 3131)	 t q[5]
Gate( 3132)	 t q[11]
Gate( 3133)	cx q[5], q[8]
Gate( 3134)	cx q[11], q[5]
Gate( 3135)	cx q[8], q[11]
Gate( 3136)	tdg q[5]
Gate( 3137)	cx q[8], q[5]
Gate( 3138)	tdg q[8]
Gate( 3139)	tdg q[5]
Gate( 3140)	 t q[11]
Gate( 3141)	cx q[11], q[5]
Gate( 3142)	cx q[8], q[11]
Gate( 3143)	cx q[5], q[8]
Gate( 3144)	 h q[11]
Gate( 3145)	 h q[3]
Gate( 3146)	 t q[4]
Gate( 3147)	 t q[11]
Gate( 3148)	 t q[3]
Gate( 3149)	cx q[11], q[4]
Gate( 3150)	cx q[3], q[11]
Gate( 3151)	cx q[4], q[3]
Gate( 3152)	tdg q[11]
Gate( 3153)	cx q[4], q[11]
Gate( 3154)	tdg q[4]
Gate( 3155)	tdg q[11]
Gate( 3156)	 t q[3]
Gate( 3157)	cx q[3], q[11]
Gate( 3158)	cx q[4], q[3]
Gate( 3159)	cx q[11], q[4]
Gate( 3160)	 h q[3]
Gate( 3161)	 h q[11]
Gate( 3162)	 t q[8]
Gate( 3163)	 t q[5]
Gate( 3164)	 t q[11]
Gate( 3165)	cx q[5], q[8]
Gate( 3166)	cx q[11], q[5]
Gate( 3167)	cx q[8], q[11]
Gate( 3168)	tdg q[5]
Gate( 3169)	cx q[8], q[5]
Gate( 3170)	tdg q[8]
Gate( 3171)	tdg q[5]
Gate( 3172)	 t q[11]
Gate( 3173)	cx q[11], q[5]
Gate( 3174)	cx q[8], q[11]
Gate( 3175)	cx q[5], q[8]
Gate( 3176)	 h q[11]
Gate( 3177)	 h q[3]
Gate( 3178)	 t q[6]
Gate( 3179)	 t q[5]
Gate( 3180)	 t q[3]
Gate( 3181)	cx q[5], q[6]
Gate( 3182)	cx q[3], q[5]
Gate( 3183)	cx q[6], q[3]
Gate( 3184)	tdg q[5]
Gate( 3185)	cx q[6], q[5]
Gate( 3186)	tdg q[6]
Gate( 3187)	tdg q[5]
Gate( 3188)	 t q[3]
Gate( 3189)	cx q[3], q[5]
Gate( 3190)	cx q[6], q[3]
Gate( 3191)	cx q[5], q[6]
Gate( 3192)	 h q[3]
Gate( 3193)	 h q[2]
Gate( 3194)	 t q[6]
Gate( 3195)	 t q[5]
Gate( 3196)	 t q[2]
Gate( 3197)	cx q[5], q[6]
Gate( 3198)	cx q[2], q[5]
Gate( 3199)	cx q[6], q[2]
Gate( 3200)	tdg q[5]
Gate( 3201)	cx q[6], q[5]
Gate( 3202)	tdg q[6]
Gate( 3203)	tdg q[5]
Gate( 3204)	 t q[2]
Gate( 3205)	cx q[2], q[5]
Gate( 3206)	cx q[6], q[2]
Gate( 3207)	cx q[5], q[6]
Gate( 3208)	 h q[2]
Gate( 3209)	 h q[3]
Gate( 3210)	 t q[5]
Gate( 3211)	 t q[11]
Gate( 3212)	 t q[3]
Gate( 3213)	cx q[11], q[5]
Gate( 3214)	cx q[3], q[11]
Gate( 3215)	cx q[5], q[3]
Gate( 3216)	tdg q[11]
Gate( 3217)	cx q[5], q[11]
Gate( 3218)	tdg q[5]
Gate( 3219)	tdg q[11]
Gate( 3220)	 t q[3]
Gate( 3221)	cx q[3], q[11]
Gate( 3222)	cx q[5], q[3]
Gate( 3223)	cx q[11], q[5]
Gate( 3224)	 h q[3]
Gate( 3225)	 h q[11]
Gate( 3226)	 t q[9]
Gate( 3227)	 t q[7]
Gate( 3228)	 t q[11]
Gate( 3229)	cx q[7], q[9]
Gate( 3230)	cx q[11], q[7]
Gate( 3231)	cx q[9], q[11]
Gate( 3232)	tdg q[7]
Gate( 3233)	cx q[9], q[7]
Gate( 3234)	tdg q[9]
Gate( 3235)	tdg q[7]
Gate( 3236)	 t q[11]
Gate( 3237)	cx q[11], q[7]
Gate( 3238)	cx q[9], q[11]
Gate( 3239)	cx q[7], q[9]
Gate( 3240)	 h q[11]
Gate( 3241)	 h q[3]
Gate( 3242)	 t q[5]
Gate( 3243)	 t q[11]
Gate( 3244)	 t q[3]
Gate( 3245)	cx q[11], q[5]
Gate( 3246)	cx q[3], q[11]
Gate( 3247)	cx q[5], q[3]
Gate( 3248)	tdg q[11]
Gate( 3249)	cx q[5], q[11]
Gate( 3250)	tdg q[5]
Gate( 3251)	tdg q[11]
Gate( 3252)	 t q[3]
Gate( 3253)	cx q[3], q[11]
Gate( 3254)	cx q[5], q[3]
Gate( 3255)	cx q[11], q[5]
Gate( 3256)	 h q[3]
Gate( 3257)	 h q[11]
Gate( 3258)	 t q[9]
Gate( 3259)	 t q[7]
Gate( 3260)	 t q[11]
Gate( 3261)	cx q[7], q[9]
Gate( 3262)	cx q[11], q[7]
Gate( 3263)	cx q[9], q[11]
Gate( 3264)	tdg q[7]
Gate( 3265)	cx q[9], q[7]
Gate( 3266)	tdg q[9]
Gate( 3267)	tdg q[7]
Gate( 3268)	 t q[11]
Gate( 3269)	cx q[11], q[7]
Gate( 3270)	cx q[9], q[11]
Gate( 3271)	cx q[7], q[9]
Gate( 3272)	 h q[11]
Gate( 3273)	 x q[4]
Gate( 3274)	 h q[0]
Gate( 3275)	 t q[4]
Gate( 3276)	 t q[11]
Gate( 3277)	 t q[0]
Gate( 3278)	cx q[11], q[4]
Gate( 3279)	cx q[0], q[11]
Gate( 3280)	cx q[4], q[0]
Gate( 3281)	tdg q[11]
Gate( 3282)	cx q[4], q[11]
Gate( 3283)	tdg q[4]
Gate( 3284)	tdg q[11]
Gate( 3285)	 t q[0]
Gate( 3286)	cx q[0], q[11]
Gate( 3287)	cx q[4], q[0]
Gate( 3288)	cx q[11], q[4]
Gate( 3289)	 h q[0]
Gate( 3290)	 h q[11]
Gate( 3291)	 t q[5]
Gate( 3292)	 t q[10]
Gate( 3293)	 t q[11]
Gate( 3294)	cx q[10], q[5]
Gate( 3295)	cx q[11], q[10]
Gate( 3296)	cx q[5], q[11]
Gate( 3297)	tdg q[10]
Gate( 3298)	cx q[5], q[10]
Gate( 3299)	tdg q[5]
Gate( 3300)	tdg q[10]
Gate( 3301)	 t q[11]
Gate( 3302)	cx q[11], q[10]
Gate( 3303)	cx q[5], q[11]
Gate( 3304)	cx q[10], q[5]
Gate( 3305)	 h q[11]
Gate( 3306)	 h q[10]
Gate( 3307)	 t q[9]
Gate( 3308)	 t q[7]
Gate( 3309)	 t q[10]
Gate( 3310)	cx q[7], q[9]
Gate( 3311)	cx q[10], q[7]
Gate( 3312)	cx q[9], q[10]
Gate( 3313)	tdg q[7]
Gate( 3314)	cx q[9], q[7]
Gate( 3315)	tdg q[9]
Gate( 3316)	tdg q[7]
Gate( 3317)	 t q[10]
Gate( 3318)	cx q[10], q[7]
Gate( 3319)	cx q[9], q[10]
Gate( 3320)	cx q[7], q[9]
Gate( 3321)	 h q[10]
Gate( 3322)	 h q[11]
Gate( 3323)	 t q[5]
Gate( 3324)	 t q[10]
Gate( 3325)	 t q[11]
Gate( 3326)	cx q[10], q[5]
Gate( 3327)	cx q[11], q[10]
Gate( 3328)	cx q[5], q[11]
Gate( 3329)	tdg q[10]
Gate( 3330)	cx q[5], q[10]
Gate( 3331)	tdg q[5]
Gate( 3332)	tdg q[10]
Gate( 3333)	 t q[11]
Gate( 3334)	cx q[11], q[10]
Gate( 3335)	cx q[5], q[11]
Gate( 3336)	cx q[10], q[5]
Gate( 3337)	 h q[11]
Gate( 3338)	 h q[0]
Gate( 3339)	 t q[4]
Gate( 3340)	 t q[11]
Gate( 3341)	 t q[0]
Gate( 3342)	cx q[11], q[4]
Gate( 3343)	cx q[0], q[11]
Gate( 3344)	cx q[4], q[0]
Gate( 3345)	tdg q[11]
Gate( 3346)	cx q[4], q[11]
Gate( 3347)	tdg q[4]
Gate( 3348)	tdg q[11]
Gate( 3349)	 t q[0]
Gate( 3350)	cx q[0], q[11]
Gate( 3351)	cx q[4], q[0]
Gate( 3352)	cx q[11], q[4]
Gate( 3353)	 h q[0]
Gate( 3354)	 h q[11]
Gate( 3355)	 t q[5]
Gate( 3356)	 t q[10]
Gate( 3357)	 t q[11]
Gate( 3358)	cx q[10], q[5]
Gate( 3359)	cx q[11], q[10]
Gate( 3360)	cx q[5], q[11]
Gate( 3361)	tdg q[10]
Gate( 3362)	cx q[5], q[10]
Gate( 3363)	tdg q[5]
Gate( 3364)	tdg q[10]
Gate( 3365)	 t q[11]
Gate( 3366)	cx q[11], q[10]
Gate( 3367)	cx q[5], q[11]
Gate( 3368)	cx q[10], q[5]
Gate( 3369)	 h q[11]
Gate( 3370)	 h q[10]
Gate( 3371)	 t q[9]
Gate( 3372)	 t q[7]
Gate( 3373)	 t q[10]
Gate( 3374)	cx q[7], q[9]
Gate( 3375)	cx q[10], q[7]
Gate( 3376)	cx q[9], q[10]
Gate( 3377)	tdg q[7]
Gate( 3378)	cx q[9], q[7]
Gate( 3379)	tdg q[9]
Gate( 3380)	tdg q[7]
Gate( 3381)	 t q[10]
Gate( 3382)	cx q[10], q[7]
Gate( 3383)	cx q[9], q[10]
Gate( 3384)	cx q[7], q[9]
Gate( 3385)	 h q[10]
Gate( 3386)	 h q[11]
Gate( 3387)	 t q[5]
Gate( 3388)	 t q[10]
Gate( 3389)	 t q[11]
Gate( 3390)	cx q[10], q[5]
Gate( 3391)	cx q[11], q[10]
Gate( 3392)	cx q[5], q[11]
Gate( 3393)	tdg q[10]
Gate( 3394)	cx q[5], q[10]
Gate( 3395)	tdg q[5]
Gate( 3396)	tdg q[10]
Gate( 3397)	 t q[11]
Gate( 3398)	cx q[11], q[10]
Gate( 3399)	cx q[5], q[11]
Gate( 3400)	cx q[10], q[5]
Gate( 3401)	 h q[11]
Gate( 3402)	 h q[1]
Gate( 3403)	 t q[9]
Gate( 3404)	 t q[8]
Gate( 3405)	 t q[1]
Gate( 3406)	cx q[8], q[9]
Gate( 3407)	cx q[1], q[8]
Gate( 3408)	cx q[9], q[1]
Gate( 3409)	tdg q[8]
Gate( 3410)	cx q[9], q[8]
Gate( 3411)	tdg q[9]
Gate( 3412)	tdg q[8]
Gate( 3413)	 t q[1]
Gate( 3414)	cx q[1], q[8]
Gate( 3415)	cx q[9], q[1]
Gate( 3416)	cx q[8], q[9]
Gate( 3417)	 h q[1]
Gate( 3418)	 h q[8]
Gate( 3419)	 t q[11]
Gate( 3420)	 t q[10]
Gate( 3421)	 t q[8]
Gate( 3422)	cx q[10], q[11]
Gate( 3423)	cx q[8], q[10]
Gate( 3424)	cx q[11], q[8]
Gate( 3425)	tdg q[10]
Gate( 3426)	cx q[11], q[10]
Gate( 3427)	tdg q[11]
Gate( 3428)	tdg q[10]
Gate( 3429)	 t q[8]
Gate( 3430)	cx q[8], q[10]
Gate( 3431)	cx q[11], q[8]
Gate( 3432)	cx q[10], q[11]
Gate( 3433)	 h q[8]
Gate( 3434)	 h q[1]
Gate( 3435)	 t q[9]
Gate( 3436)	 t q[8]
Gate( 3437)	 t q[1]
Gate( 3438)	cx q[8], q[9]
Gate( 3439)	cx q[1], q[8]
Gate( 3440)	cx q[9], q[1]
Gate( 3441)	tdg q[8]
Gate( 3442)	cx q[9], q[8]
Gate( 3443)	tdg q[9]
Gate( 3444)	tdg q[8]
Gate( 3445)	 t q[1]
Gate( 3446)	cx q[1], q[8]
Gate( 3447)	cx q[9], q[1]
Gate( 3448)	cx q[8], q[9]
Gate( 3449)	 h q[1]
Gate( 3450)	 h q[8]
Gate( 3451)	 t q[11]
Gate( 3452)	 t q[10]
Gate( 3453)	 t q[8]
Gate( 3454)	cx q[10], q[11]
Gate( 3455)	cx q[8], q[10]
Gate( 3456)	cx q[11], q[8]
Gate( 3457)	tdg q[10]
Gate( 3458)	cx q[11], q[10]
Gate( 3459)	tdg q[11]
Gate( 3460)	tdg q[10]
Gate( 3461)	 t q[8]
Gate( 3462)	cx q[8], q[10]
Gate( 3463)	cx q[11], q[8]
Gate( 3464)	cx q[10], q[11]
Gate( 3465)	 h q[8]
Gate( 3466)	 h q[0]
Gate( 3467)	 t q[1]
Gate( 3468)	 t q[11]
Gate( 3469)	 t q[0]
Gate( 3470)	cx q[11], q[1]
Gate( 3471)	cx q[0], q[11]
Gate( 3472)	cx q[1], q[0]
Gate( 3473)	tdg q[11]
Gate( 3474)	cx q[1], q[11]
Gate( 3475)	tdg q[1]
Gate( 3476)	tdg q[11]
Gate( 3477)	 t q[0]
Gate( 3478)	cx q[0], q[11]
Gate( 3479)	cx q[1], q[0]
Gate( 3480)	cx q[11], q[1]
Gate( 3481)	 h q[0]
Gate( 3482)	 h q[11]
Gate( 3483)	 t q[4]
Gate( 3484)	 t q[10]
Gate( 3485)	 t q[11]
Gate( 3486)	cx q[10], q[4]
Gate( 3487)	cx q[11], q[10]
Gate( 3488)	cx q[4], q[11]
Gate( 3489)	tdg q[10]
Gate( 3490)	cx q[4], q[10]
Gate( 3491)	tdg q[4]
Gate( 3492)	tdg q[10]
Gate( 3493)	 t q[11]
Gate( 3494)	cx q[11], q[10]
Gate( 3495)	cx q[4], q[11]
Gate( 3496)	cx q[10], q[4]
Gate( 3497)	 h q[11]
Gate( 3498)	 h q[10]
Gate( 3499)	 t q[5]
Gate( 3500)	 t q[9]
Gate( 3501)	 t q[10]
Gate( 3502)	cx q[9], q[5]
Gate( 3503)	cx q[10], q[9]
Gate( 3504)	cx q[5], q[10]
Gate( 3505)	tdg q[9]
Gate( 3506)	cx q[5], q[9]
Gate( 3507)	tdg q[5]
Gate( 3508)	tdg q[9]
Gate( 3509)	 t q[10]
Gate( 3510)	cx q[10], q[9]
Gate( 3511)	cx q[5], q[10]
Gate( 3512)	cx q[9], q[5]
Gate( 3513)	 h q[10]
Gate( 3514)	 h q[9]
Gate( 3515)	 t q[7]
Gate( 3516)	 t q[6]
Gate( 3517)	 t q[9]
Gate( 3518)	cx q[6], q[7]
Gate( 3519)	cx q[9], q[6]
Gate( 3520)	cx q[7], q[9]
Gate( 3521)	tdg q[6]
Gate( 3522)	cx q[7], q[6]
Gate( 3523)	tdg q[7]
Gate( 3524)	tdg q[6]
Gate( 3525)	 t q[9]
Gate( 3526)	cx q[9], q[6]
Gate( 3527)	cx q[7], q[9]
Gate( 3528)	cx q[6], q[7]
Gate( 3529)	 h q[9]
Gate( 3530)	 h q[10]
Gate( 3531)	 t q[5]
Gate( 3532)	 t q[9]
Gate( 3533)	 t q[10]
Gate( 3534)	cx q[9], q[5]
Gate( 3535)	cx q[10], q[9]
Gate( 3536)	cx q[5], q[10]
Gate( 3537)	tdg q[9]
Gate( 3538)	cx q[5], q[9]
Gate( 3539)	tdg q[5]
Gate( 3540)	tdg q[9]
Gate( 3541)	 t q[10]
Gate( 3542)	cx q[10], q[9]
Gate( 3543)	cx q[5], q[10]
Gate( 3544)	cx q[9], q[5]
Gate( 3545)	 h q[10]
Gate( 3546)	 h q[11]
Gate( 3547)	 t q[4]
Gate( 3548)	 t q[10]
Gate( 3549)	 t q[11]
Gate( 3550)	cx q[10], q[4]
Gate( 3551)	cx q[11], q[10]
Gate( 3552)	cx q[4], q[11]
Gate( 3553)	tdg q[10]
Gate( 3554)	cx q[4], q[10]
Gate( 3555)	tdg q[4]
Gate( 3556)	tdg q[10]
Gate( 3557)	 t q[11]
Gate( 3558)	cx q[11], q[10]
Gate( 3559)	cx q[4], q[11]
Gate( 3560)	cx q[10], q[4]
Gate( 3561)	 h q[11]
Gate( 3562)	 h q[0]
Gate( 3563)	 t q[1]
Gate( 3564)	 t q[11]
Gate( 3565)	 t q[0]
Gate( 3566)	cx q[11], q[1]
Gate( 3567)	cx q[0], q[11]
Gate( 3568)	cx q[1], q[0]
Gate( 3569)	tdg q[11]
Gate( 3570)	cx q[1], q[11]
Gate( 3571)	tdg q[1]
Gate( 3572)	tdg q[11]
Gate( 3573)	 t q[0]
Gate( 3574)	cx q[0], q[11]
Gate( 3575)	cx q[1], q[0]
Gate( 3576)	cx q[11], q[1]
Gate( 3577)	 h q[0]
Gate( 3578)	 h q[11]
Gate( 3579)	 t q[4]
Gate( 3580)	 t q[10]
Gate( 3581)	 t q[11]
Gate( 3582)	cx q[10], q[4]
Gate( 3583)	cx q[11], q[10]
Gate( 3584)	cx q[4], q[11]
Gate( 3585)	tdg q[10]
Gate( 3586)	cx q[4], q[10]
Gate( 3587)	tdg q[4]
Gate( 3588)	tdg q[10]
Gate( 3589)	 t q[11]
Gate( 3590)	cx q[11], q[10]
Gate( 3591)	cx q[4], q[11]
Gate( 3592)	cx q[10], q[4]
Gate( 3593)	 h q[11]
Gate( 3594)	 h q[10]
Gate( 3595)	 t q[5]
Gate( 3596)	 t q[9]
Gate( 3597)	 t q[10]
Gate( 3598)	cx q[9], q[5]
Gate( 3599)	cx q[10], q[9]
Gate( 3600)	cx q[5], q[10]
Gate( 3601)	tdg q[9]
Gate( 3602)	cx q[5], q[9]
Gate( 3603)	tdg q[5]
Gate( 3604)	tdg q[9]
Gate( 3605)	 t q[10]
Gate( 3606)	cx q[10], q[9]
Gate( 3607)	cx q[5], q[10]
Gate( 3608)	cx q[9], q[5]
Gate( 3609)	 h q[10]
Gate( 3610)	 h q[9]
Gate( 3611)	 t q[7]
Gate( 3612)	 t q[6]
Gate( 3613)	 t q[9]
Gate( 3614)	cx q[6], q[7]
Gate( 3615)	cx q[9], q[6]
Gate( 3616)	cx q[7], q[9]
Gate( 3617)	tdg q[6]
Gate( 3618)	cx q[7], q[6]
Gate( 3619)	tdg q[7]
Gate( 3620)	tdg q[6]
Gate( 3621)	 t q[9]
Gate( 3622)	cx q[9], q[6]
Gate( 3623)	cx q[7], q[9]
Gate( 3624)	cx q[6], q[7]
Gate( 3625)	 h q[9]
Gate( 3626)	 h q[10]
Gate( 3627)	 t q[5]
Gate( 3628)	 t q[9]
Gate( 3629)	 t q[10]
Gate( 3630)	cx q[9], q[5]
Gate( 3631)	cx q[10], q[9]
Gate( 3632)	cx q[5], q[10]
Gate( 3633)	tdg q[9]
Gate( 3634)	cx q[5], q[9]
Gate( 3635)	tdg q[5]
Gate( 3636)	tdg q[9]
Gate( 3637)	 t q[10]
Gate( 3638)	cx q[10], q[9]
Gate( 3639)	cx q[5], q[10]
Gate( 3640)	cx q[9], q[5]
Gate( 3641)	 h q[10]
Gate( 3642)	 h q[11]
Gate( 3643)	 t q[4]
Gate( 3644)	 t q[10]
Gate( 3645)	 t q[11]
Gate( 3646)	cx q[10], q[4]
Gate( 3647)	cx q[11], q[10]
Gate( 3648)	cx q[4], q[11]
Gate( 3649)	tdg q[10]
Gate( 3650)	cx q[4], q[10]
Gate( 3651)	tdg q[4]
Gate( 3652)	tdg q[10]
Gate( 3653)	 t q[11]
Gate( 3654)	cx q[11], q[10]
Gate( 3655)	cx q[4], q[11]
Gate( 3656)	cx q[10], q[4]
Gate( 3657)	 h q[11]
Gate( 3658)	 h q[1]
Gate( 3659)	 t q[9]
Gate( 3660)	 t q[8]
Gate( 3661)	 t q[1]
Gate( 3662)	cx q[8], q[9]
Gate( 3663)	cx q[1], q[8]
Gate( 3664)	cx q[9], q[1]
Gate( 3665)	tdg q[8]
Gate( 3666)	cx q[9], q[8]
Gate( 3667)	tdg q[9]
Gate( 3668)	tdg q[8]
Gate( 3669)	 t q[1]
Gate( 3670)	cx q[1], q[8]
Gate( 3671)	cx q[9], q[1]
Gate( 3672)	cx q[8], q[9]
Gate( 3673)	 h q[1]
Gate( 3674)	 h q[8]
Gate( 3675)	 t q[11]
Gate( 3676)	 t q[10]
Gate( 3677)	 t q[8]
Gate( 3678)	cx q[10], q[11]
Gate( 3679)	cx q[8], q[10]
Gate( 3680)	cx q[11], q[8]
Gate( 3681)	tdg q[10]
Gate( 3682)	cx q[11], q[10]
Gate( 3683)	tdg q[11]
Gate( 3684)	tdg q[10]
Gate( 3685)	 t q[8]
Gate( 3686)	cx q[8], q[10]
Gate( 3687)	cx q[11], q[8]
Gate( 3688)	cx q[10], q[11]
Gate( 3689)	 h q[8]
Gate( 3690)	 h q[1]
Gate( 3691)	 t q[9]
Gate( 3692)	 t q[8]
Gate( 3693)	 t q[1]
Gate( 3694)	cx q[8], q[9]
Gate( 3695)	cx q[1], q[8]
Gate( 3696)	cx q[9], q[1]
Gate( 3697)	tdg q[8]
Gate( 3698)	cx q[9], q[8]
Gate( 3699)	tdg q[9]
Gate( 3700)	tdg q[8]
Gate( 3701)	 t q[1]
Gate( 3702)	cx q[1], q[8]
Gate( 3703)	cx q[9], q[1]
Gate( 3704)	cx q[8], q[9]
Gate( 3705)	 h q[1]
Gate( 3706)	 h q[8]
Gate( 3707)	 t q[11]
Gate( 3708)	 t q[10]
Gate( 3709)	 t q[8]
Gate( 3710)	cx q[10], q[11]
Gate( 3711)	cx q[8], q[10]
Gate( 3712)	cx q[11], q[8]
Gate( 3713)	tdg q[10]
Gate( 3714)	cx q[11], q[10]
Gate( 3715)	tdg q[11]
Gate( 3716)	tdg q[10]
Gate( 3717)	 t q[8]
Gate( 3718)	cx q[8], q[10]
Gate( 3719)	cx q[11], q[8]
Gate( 3720)	cx q[10], q[11]
Gate( 3721)	 h q[8]
Gate( 3722)	 h q[0]
Gate( 3723)	 t q[1]
Gate( 3724)	 t q[11]
Gate( 3725)	 t q[0]
Gate( 3726)	cx q[11], q[1]
Gate( 3727)	cx q[0], q[11]
Gate( 3728)	cx q[1], q[0]
Gate( 3729)	tdg q[11]
Gate( 3730)	cx q[1], q[11]
Gate( 3731)	tdg q[1]
Gate( 3732)	tdg q[11]
Gate( 3733)	 t q[0]
Gate( 3734)	cx q[0], q[11]
Gate( 3735)	cx q[1], q[0]
Gate( 3736)	cx q[11], q[1]
Gate( 3737)	 h q[0]
Gate( 3738)	 h q[11]
Gate( 3739)	 t q[4]
Gate( 3740)	 t q[10]
Gate( 3741)	 t q[11]
Gate( 3742)	cx q[10], q[4]
Gate( 3743)	cx q[11], q[10]
Gate( 3744)	cx q[4], q[11]
Gate( 3745)	tdg q[10]
Gate( 3746)	cx q[4], q[10]
Gate( 3747)	tdg q[4]
Gate( 3748)	tdg q[10]
Gate( 3749)	 t q[11]
Gate( 3750)	cx q[11], q[10]
Gate( 3751)	cx q[4], q[11]
Gate( 3752)	cx q[10], q[4]
Gate( 3753)	 h q[11]
Gate( 3754)	 h q[10]
Gate( 3755)	 t q[5]
Gate( 3756)	 t q[9]
Gate( 3757)	 t q[10]
Gate( 3758)	cx q[9], q[5]
Gate( 3759)	cx q[10], q[9]
Gate( 3760)	cx q[5], q[10]
Gate( 3761)	tdg q[9]
Gate( 3762)	cx q[5], q[9]
Gate( 3763)	tdg q[5]
Gate( 3764)	tdg q[9]
Gate( 3765)	 t q[10]
Gate( 3766)	cx q[10], q[9]
Gate( 3767)	cx q[5], q[10]
Gate( 3768)	cx q[9], q[5]
Gate( 3769)	 h q[10]
Gate( 3770)	 h q[9]
Gate( 3771)	 t q[7]
Gate( 3772)	 t q[6]
Gate( 3773)	 t q[9]
Gate( 3774)	cx q[6], q[7]
Gate( 3775)	cx q[9], q[6]
Gate( 3776)	cx q[7], q[9]
Gate( 3777)	tdg q[6]
Gate( 3778)	cx q[7], q[6]
Gate( 3779)	tdg q[7]
Gate( 3780)	tdg q[6]
Gate( 3781)	 t q[9]
Gate( 3782)	cx q[9], q[6]
Gate( 3783)	cx q[7], q[9]
Gate( 3784)	cx q[6], q[7]
Gate( 3785)	 h q[9]
Gate( 3786)	 h q[10]
Gate( 3787)	 t q[5]
Gate( 3788)	 t q[9]
Gate( 3789)	 t q[10]
Gate( 3790)	cx q[9], q[5]
Gate( 3791)	cx q[10], q[9]
Gate( 3792)	cx q[5], q[10]
Gate( 3793)	tdg q[9]
Gate( 3794)	cx q[5], q[9]
Gate( 3795)	tdg q[5]
Gate( 3796)	tdg q[9]
Gate( 3797)	 t q[10]
Gate( 3798)	cx q[10], q[9]
Gate( 3799)	cx q[5], q[10]
Gate( 3800)	cx q[9], q[5]
Gate( 3801)	 h q[10]
Gate( 3802)	 h q[11]
Gate( 3803)	 t q[4]
Gate( 3804)	 t q[10]
Gate( 3805)	 t q[11]
Gate( 3806)	cx q[10], q[4]
Gate( 3807)	cx q[11], q[10]
Gate( 3808)	cx q[4], q[11]
Gate( 3809)	tdg q[10]
Gate( 3810)	cx q[4], q[10]
Gate( 3811)	tdg q[4]
Gate( 3812)	tdg q[10]
Gate( 3813)	 t q[11]
Gate( 3814)	cx q[11], q[10]
Gate( 3815)	cx q[4], q[11]
Gate( 3816)	cx q[10], q[4]
Gate( 3817)	 h q[11]
Gate( 3818)	 h q[0]
Gate( 3819)	 t q[1]
Gate( 3820)	 t q[11]
Gate( 3821)	 t q[0]
Gate( 3822)	cx q[11], q[1]
Gate( 3823)	cx q[0], q[11]
Gate( 3824)	cx q[1], q[0]
Gate( 3825)	tdg q[11]
Gate( 3826)	cx q[1], q[11]
Gate( 3827)	tdg q[1]
Gate( 3828)	tdg q[11]
Gate( 3829)	 t q[0]
Gate( 3830)	cx q[0], q[11]
Gate( 3831)	cx q[1], q[0]
Gate( 3832)	cx q[11], q[1]
Gate( 3833)	 h q[0]
Gate( 3834)	 h q[11]
Gate( 3835)	 t q[4]
Gate( 3836)	 t q[10]
Gate( 3837)	 t q[11]
Gate( 3838)	cx q[10], q[4]
Gate( 3839)	cx q[11], q[10]
Gate( 3840)	cx q[4], q[11]
Gate( 3841)	tdg q[10]
Gate( 3842)	cx q[4], q[10]
Gate( 3843)	tdg q[4]
Gate( 3844)	tdg q[10]
Gate( 3845)	 t q[11]
Gate( 3846)	cx q[11], q[10]
Gate( 3847)	cx q[4], q[11]
Gate( 3848)	cx q[10], q[4]
Gate( 3849)	 h q[11]
Gate( 3850)	 h q[10]
Gate( 3851)	 t q[5]
Gate( 3852)	 t q[9]
Gate( 3853)	 t q[10]
Gate( 3854)	cx q[9], q[5]
Gate( 3855)	cx q[10], q[9]
Gate( 3856)	cx q[5], q[10]
Gate( 3857)	tdg q[9]
Gate( 3858)	cx q[5], q[9]
Gate( 3859)	tdg q[5]
Gate( 3860)	tdg q[9]
Gate( 3861)	 t q[10]
Gate( 3862)	cx q[10], q[9]
Gate( 3863)	cx q[5], q[10]
Gate( 3864)	cx q[9], q[5]
Gate( 3865)	 h q[10]
Gate( 3866)	 h q[9]
Gate( 3867)	 t q[7]
Gate( 3868)	 t q[6]
Gate( 3869)	 t q[9]
Gate( 3870)	cx q[6], q[7]
Gate( 3871)	cx q[9], q[6]
Gate( 3872)	cx q[7], q[9]
Gate( 3873)	tdg q[6]
Gate( 3874)	cx q[7], q[6]
Gate( 3875)	tdg q[7]
Gate( 3876)	tdg q[6]
Gate( 3877)	 t q[9]
Gate( 3878)	cx q[9], q[6]
Gate( 3879)	cx q[7], q[9]
Gate( 3880)	cx q[6], q[7]
Gate( 3881)	 h q[9]
Gate( 3882)	 h q[10]
Gate( 3883)	 t q[5]
Gate( 3884)	 t q[9]
Gate( 3885)	 t q[10]
Gate( 3886)	cx q[9], q[5]
Gate( 3887)	cx q[10], q[9]
Gate( 3888)	cx q[5], q[10]
Gate( 3889)	tdg q[9]
Gate( 3890)	cx q[5], q[9]
Gate( 3891)	tdg q[5]
Gate( 3892)	tdg q[9]
Gate( 3893)	 t q[10]
Gate( 3894)	cx q[10], q[9]
Gate( 3895)	cx q[5], q[10]
Gate( 3896)	cx q[9], q[5]
Gate( 3897)	 h q[10]
Gate( 3898)	 h q[11]
Gate( 3899)	 t q[4]
Gate( 3900)	 t q[10]
Gate( 3901)	 t q[11]
Gate( 3902)	cx q[10], q[4]
Gate( 3903)	cx q[11], q[10]
Gate( 3904)	cx q[4], q[11]
Gate( 3905)	tdg q[10]
Gate( 3906)	cx q[4], q[10]
Gate( 3907)	tdg q[4]
Gate( 3908)	tdg q[10]
Gate( 3909)	 t q[11]
Gate( 3910)	cx q[11], q[10]
Gate( 3911)	cx q[4], q[11]
Gate( 3912)	cx q[10], q[4]
Gate( 3913)	 h q[11]
Gate( 3914)	 h q[0]
Gate( 3915)	 t q[4]
Gate( 3916)	 t q[11]
Gate( 3917)	 t q[0]
Gate( 3918)	cx q[11], q[4]
Gate( 3919)	cx q[0], q[11]
Gate( 3920)	cx q[4], q[0]
Gate( 3921)	tdg q[11]
Gate( 3922)	cx q[4], q[11]
Gate( 3923)	tdg q[4]
Gate( 3924)	tdg q[11]
Gate( 3925)	 t q[0]
Gate( 3926)	cx q[0], q[11]
Gate( 3927)	cx q[4], q[0]
Gate( 3928)	cx q[11], q[4]
Gate( 3929)	 h q[0]
Gate( 3930)	 h q[11]
Gate( 3931)	 t q[5]
Gate( 3932)	 t q[10]
Gate( 3933)	 t q[11]
Gate( 3934)	cx q[10], q[5]
Gate( 3935)	cx q[11], q[10]
Gate( 3936)	cx q[5], q[11]
Gate( 3937)	tdg q[10]
Gate( 3938)	cx q[5], q[10]
Gate( 3939)	tdg q[5]
Gate( 3940)	tdg q[10]
Gate( 3941)	 t q[11]
Gate( 3942)	cx q[11], q[10]
Gate( 3943)	cx q[5], q[11]
Gate( 3944)	cx q[10], q[5]
Gate( 3945)	 h q[11]
Gate( 3946)	 h q[10]
Gate( 3947)	 t q[6]
Gate( 3948)	 t q[9]
Gate( 3949)	 t q[10]
Gate( 3950)	cx q[9], q[6]
Gate( 3951)	cx q[10], q[9]
Gate( 3952)	cx q[6], q[10]
Gate( 3953)	tdg q[9]
Gate( 3954)	cx q[6], q[9]
Gate( 3955)	tdg q[6]
Gate( 3956)	tdg q[9]
Gate( 3957)	 t q[10]
Gate( 3958)	cx q[10], q[9]
Gate( 3959)	cx q[6], q[10]
Gate( 3960)	cx q[9], q[6]
Gate( 3961)	 h q[10]
Gate( 3962)	 h q[9]
Gate( 3963)	 t q[8]
Gate( 3964)	 t q[7]
Gate( 3965)	 t q[9]
Gate( 3966)	cx q[7], q[8]
Gate( 3967)	cx q[9], q[7]
Gate( 3968)	cx q[8], q[9]
Gate( 3969)	tdg q[7]
Gate( 3970)	cx q[8], q[7]
Gate( 3971)	tdg q[8]
Gate( 3972)	tdg q[7]
Gate( 3973)	 t q[9]
Gate( 3974)	cx q[9], q[7]
Gate( 3975)	cx q[8], q[9]
Gate( 3976)	cx q[7], q[8]
Gate( 3977)	 h q[9]
Gate( 3978)	 h q[10]
Gate( 3979)	 t q[6]
Gate( 3980)	 t q[9]
Gate( 3981)	 t q[10]
Gate( 3982)	cx q[9], q[6]
Gate( 3983)	cx q[10], q[9]
Gate( 3984)	cx q[6], q[10]
Gate( 3985)	tdg q[9]
Gate( 3986)	cx q[6], q[9]
Gate( 3987)	tdg q[6]
Gate( 3988)	tdg q[9]
Gate( 3989)	 t q[10]
Gate( 3990)	cx q[10], q[9]
Gate( 3991)	cx q[6], q[10]
Gate( 3992)	cx q[9], q[6]
Gate( 3993)	 h q[10]
Gate( 3994)	 h q[11]
Gate( 3995)	 t q[5]
Gate( 3996)	 t q[10]
Gate( 3997)	 t q[11]
Gate( 3998)	cx q[10], q[5]
Gate( 3999)	cx q[11], q[10]
Gate( 4000)	cx q[5], q[11]
Gate( 4001)	tdg q[10]
Gate( 4002)	cx q[5], q[10]
Gate( 4003)	tdg q[5]
Gate( 4004)	tdg q[10]
Gate( 4005)	 t q[11]
Gate( 4006)	cx q[11], q[10]
Gate( 4007)	cx q[5], q[11]
Gate( 4008)	cx q[10], q[5]
Gate( 4009)	 h q[11]
Gate( 4010)	 h q[0]
Gate( 4011)	 t q[4]
Gate( 4012)	 t q[11]
Gate( 4013)	 t q[0]
Gate( 4014)	cx q[11], q[4]
Gate( 4015)	cx q[0], q[11]
Gate( 4016)	cx q[4], q[0]
Gate( 4017)	tdg q[11]
Gate( 4018)	cx q[4], q[11]
Gate( 4019)	tdg q[4]
Gate( 4020)	tdg q[11]
Gate( 4021)	 t q[0]
Gate( 4022)	cx q[0], q[11]
Gate( 4023)	cx q[4], q[0]
Gate( 4024)	cx q[11], q[4]
Gate( 4025)	 h q[0]
Gate( 4026)	 h q[11]
Gate( 4027)	 t q[5]
Gate( 4028)	 t q[10]
Gate( 4029)	 t q[11]
Gate( 4030)	cx q[10], q[5]
Gate( 4031)	cx q[11], q[10]
Gate( 4032)	cx q[5], q[11]
Gate( 4033)	tdg q[10]
Gate( 4034)	cx q[5], q[10]
Gate( 4035)	tdg q[5]
Gate( 4036)	tdg q[10]
Gate( 4037)	 t q[11]
Gate( 4038)	cx q[11], q[10]
Gate( 4039)	cx q[5], q[11]
Gate( 4040)	cx q[10], q[5]
Gate( 4041)	 h q[11]
Gate( 4042)	 h q[10]
Gate( 4043)	 t q[6]
Gate( 4044)	 t q[9]
Gate( 4045)	 t q[10]
Gate( 4046)	cx q[9], q[6]
Gate( 4047)	cx q[10], q[9]
Gate( 4048)	cx q[6], q[10]
Gate( 4049)	tdg q[9]
Gate( 4050)	cx q[6], q[9]
Gate( 4051)	tdg q[6]
Gate( 4052)	tdg q[9]
Gate( 4053)	 t q[10]
Gate( 4054)	cx q[10], q[9]
Gate( 4055)	cx q[6], q[10]
Gate( 4056)	cx q[9], q[6]
Gate( 4057)	 h q[10]
Gate( 4058)	 h q[9]
Gate( 4059)	 t q[8]
Gate( 4060)	 t q[7]
Gate( 4061)	 t q[9]
Gate( 4062)	cx q[7], q[8]
Gate( 4063)	cx q[9], q[7]
Gate( 4064)	cx q[8], q[9]
Gate( 4065)	tdg q[7]
Gate( 4066)	cx q[8], q[7]
Gate( 4067)	tdg q[8]
Gate( 4068)	tdg q[7]
Gate( 4069)	 t q[9]
Gate( 4070)	cx q[9], q[7]
Gate( 4071)	cx q[8], q[9]
Gate( 4072)	cx q[7], q[8]
Gate( 4073)	 h q[9]
Gate( 4074)	 h q[10]
Gate( 4075)	 t q[6]
Gate( 4076)	 t q[9]
Gate( 4077)	 t q[10]
Gate( 4078)	cx q[9], q[6]
Gate( 4079)	cx q[10], q[9]
Gate( 4080)	cx q[6], q[10]
Gate( 4081)	tdg q[9]
Gate( 4082)	cx q[6], q[9]
Gate( 4083)	tdg q[6]
Gate( 4084)	tdg q[9]
Gate( 4085)	 t q[10]
Gate( 4086)	cx q[10], q[9]
Gate( 4087)	cx q[6], q[10]
Gate( 4088)	cx q[9], q[6]
Gate( 4089)	 h q[10]
Gate( 4090)	 h q[11]
Gate( 4091)	 t q[5]
Gate( 4092)	 t q[10]
Gate( 4093)	 t q[11]
Gate( 4094)	cx q[10], q[5]
Gate( 4095)	cx q[11], q[10]
Gate( 4096)	cx q[5], q[11]
Gate( 4097)	tdg q[10]
Gate( 4098)	cx q[5], q[10]
Gate( 4099)	tdg q[5]
Gate( 4100)	tdg q[10]
Gate( 4101)	 t q[11]
Gate( 4102)	cx q[11], q[10]
Gate( 4103)	cx q[5], q[11]
Gate( 4104)	cx q[10], q[5]
Gate( 4105)	 h q[11]
Gate( 4106)	 h q[0]
Gate( 4107)	 t q[4]
Gate( 4108)	 t q[9]
Gate( 4109)	 t q[0]
Gate( 4110)	cx q[9], q[4]
Gate( 4111)	cx q[0], q[9]
Gate( 4112)	cx q[4], q[0]
Gate( 4113)	tdg q[9]
Gate( 4114)	cx q[4], q[9]
Gate( 4115)	tdg q[4]
Gate( 4116)	tdg q[9]
Gate( 4117)	 t q[0]
Gate( 4118)	cx q[0], q[9]
Gate( 4119)	cx q[4], q[0]
Gate( 4120)	cx q[9], q[4]
Gate( 4121)	 h q[0]
Gate( 4122)	 h q[9]
Gate( 4123)	 t q[5]
Gate( 4124)	 t q[6]
Gate( 4125)	 t q[9]
Gate( 4126)	cx q[6], q[5]
Gate( 4127)	cx q[9], q[6]
Gate( 4128)	cx q[5], q[9]
Gate( 4129)	tdg q[6]
Gate( 4130)	cx q[5], q[6]
Gate( 4131)	tdg q[5]
Gate( 4132)	tdg q[6]
Gate( 4133)	 t q[9]
Gate( 4134)	cx q[9], q[6]
Gate( 4135)	cx q[5], q[9]
Gate( 4136)	cx q[6], q[5]
Gate( 4137)	 h q[9]
Gate( 4138)	 h q[6]
Gate( 4139)	 t q[7]
Gate( 4140)	 t q[3]
Gate( 4141)	 t q[6]
Gate( 4142)	cx q[3], q[7]
Gate( 4143)	cx q[6], q[3]
Gate( 4144)	cx q[7], q[6]
Gate( 4145)	tdg q[3]
Gate( 4146)	cx q[7], q[3]
Gate( 4147)	tdg q[7]
Gate( 4148)	tdg q[3]
Gate( 4149)	 t q[6]
Gate( 4150)	cx q[6], q[3]
Gate( 4151)	cx q[7], q[6]
Gate( 4152)	cx q[3], q[7]
Gate( 4153)	 h q[6]
Gate( 4154)	 h q[3]
Gate( 4155)	 t q[8]
Gate( 4156)	 t q[2]
Gate( 4157)	 t q[3]
Gate( 4158)	cx q[2], q[8]
Gate( 4159)	cx q[3], q[2]
Gate( 4160)	cx q[8], q[3]
Gate( 4161)	tdg q[2]
Gate( 4162)	cx q[8], q[2]
Gate( 4163)	tdg q[8]
Gate( 4164)	tdg q[2]
Gate( 4165)	 t q[3]
Gate( 4166)	cx q[3], q[2]
Gate( 4167)	cx q[8], q[3]
Gate( 4168)	cx q[2], q[8]
Gate( 4169)	 h q[3]
Gate( 4170)	 h q[2]
Gate( 4171)	 t q[11]
Gate( 4172)	 t q[10]
Gate( 4173)	 t q[2]
Gate( 4174)	cx q[10], q[11]
Gate( 4175)	cx q[2], q[10]
Gate( 4176)	cx q[11], q[2]
Gate( 4177)	tdg q[10]
Gate( 4178)	cx q[11], q[10]
Gate( 4179)	tdg q[11]
Gate( 4180)	tdg q[10]
Gate( 4181)	 t q[2]
Gate( 4182)	cx q[2], q[10]
Gate( 4183)	cx q[11], q[2]
Gate( 4184)	cx q[10], q[11]
Gate( 4185)	 h q[2]
Gate( 4186)	 h q[3]
Gate( 4187)	 t q[8]
Gate( 4188)	 t q[2]
Gate( 4189)	 t q[3]
Gate( 4190)	cx q[2], q[8]
Gate( 4191)	cx q[3], q[2]
Gate( 4192)	cx q[8], q[3]
Gate( 4193)	tdg q[2]
Gate( 4194)	cx q[8], q[2]
Gate( 4195)	tdg q[8]
Gate( 4196)	tdg q[2]
Gate( 4197)	 t q[3]
Gate( 4198)	cx q[3], q[2]
Gate( 4199)	cx q[8], q[3]
Gate( 4200)	cx q[2], q[8]
Gate( 4201)	 h q[3]
Gate( 4202)	 h q[6]
Gate( 4203)	 t q[7]
Gate( 4204)	 t q[3]
Gate( 4205)	 t q[6]
Gate( 4206)	cx q[3], q[7]
Gate( 4207)	cx q[6], q[3]
Gate( 4208)	cx q[7], q[6]
Gate( 4209)	tdg q[3]
Gate( 4210)	cx q[7], q[3]
Gate( 4211)	tdg q[7]
Gate( 4212)	tdg q[3]
Gate( 4213)	 t q[6]
Gate( 4214)	cx q[6], q[3]
Gate( 4215)	cx q[7], q[6]
Gate( 4216)	cx q[3], q[7]
Gate( 4217)	 h q[6]
Gate( 4218)	 h q[9]
Gate( 4219)	 t q[5]
Gate( 4220)	 t q[6]
Gate( 4221)	 t q[9]
Gate( 4222)	cx q[6], q[5]
Gate( 4223)	cx q[9], q[6]
Gate( 4224)	cx q[5], q[9]
Gate( 4225)	tdg q[6]
Gate( 4226)	cx q[5], q[6]
Gate( 4227)	tdg q[5]
Gate( 4228)	tdg q[6]
Gate( 4229)	 t q[9]
Gate( 4230)	cx q[9], q[6]
Gate( 4231)	cx q[5], q[9]
Gate( 4232)	cx q[6], q[5]
Gate( 4233)	 h q[9]
Gate( 4234)	 h q[0]
Gate( 4235)	 t q[4]
Gate( 4236)	 t q[9]
Gate( 4237)	 t q[0]
Gate( 4238)	cx q[9], q[4]
Gate( 4239)	cx q[0], q[9]
Gate( 4240)	cx q[4], q[0]
Gate( 4241)	tdg q[9]
Gate( 4242)	cx q[4], q[9]
Gate( 4243)	tdg q[4]
Gate( 4244)	tdg q[9]
Gate( 4245)	 t q[0]
Gate( 4246)	cx q[0], q[9]
Gate( 4247)	cx q[4], q[0]
Gate( 4248)	cx q[9], q[4]
Gate( 4249)	 h q[0]
Gate( 4250)	 h q[9]
Gate( 4251)	 t q[5]
Gate( 4252)	 t q[6]
Gate( 4253)	 t q[9]
Gate( 4254)	cx q[6], q[5]
Gate( 4255)	cx q[9], q[6]
Gate( 4256)	cx q[5], q[9]
Gate( 4257)	tdg q[6]
Gate( 4258)	cx q[5], q[6]
Gate( 4259)	tdg q[5]
Gate( 4260)	tdg q[6]
Gate( 4261)	 t q[9]
Gate( 4262)	cx q[9], q[6]
Gate( 4263)	cx q[5], q[9]
Gate( 4264)	cx q[6], q[5]
Gate( 4265)	 h q[9]
Gate( 4266)	 h q[6]
Gate( 4267)	 t q[7]
Gate( 4268)	 t q[3]
Gate( 4269)	 t q[6]
Gate( 4270)	cx q[3], q[7]
Gate( 4271)	cx q[6], q[3]
Gate( 4272)	cx q[7], q[6]
Gate( 4273)	tdg q[3]
Gate( 4274)	cx q[7], q[3]
Gate( 4275)	tdg q[7]
Gate( 4276)	tdg q[3]
Gate( 4277)	 t q[6]
Gate( 4278)	cx q[6], q[3]
Gate( 4279)	cx q[7], q[6]
Gate( 4280)	cx q[3], q[7]
Gate( 4281)	 h q[6]
Gate( 4282)	 h q[3]
Gate( 4283)	 t q[8]
Gate( 4284)	 t q[2]
Gate( 4285)	 t q[3]
Gate( 4286)	cx q[2], q[8]
Gate( 4287)	cx q[3], q[2]
Gate( 4288)	cx q[8], q[3]
Gate( 4289)	tdg q[2]
Gate( 4290)	cx q[8], q[2]
Gate( 4291)	tdg q[8]
Gate( 4292)	tdg q[2]
Gate( 4293)	 t q[3]
Gate( 4294)	cx q[3], q[2]
Gate( 4295)	cx q[8], q[3]
Gate( 4296)	cx q[2], q[8]
Gate( 4297)	 h q[3]
Gate( 4298)	 h q[2]
Gate( 4299)	 t q[11]
Gate( 4300)	 t q[10]
Gate( 4301)	 t q[2]
Gate( 4302)	cx q[10], q[11]
Gate( 4303)	cx q[2], q[10]
Gate( 4304)	cx q[11], q[2]
Gate( 4305)	tdg q[10]
Gate( 4306)	cx q[11], q[10]
Gate( 4307)	tdg q[11]
Gate( 4308)	tdg q[10]
Gate( 4309)	 t q[2]
Gate( 4310)	cx q[2], q[10]
Gate( 4311)	cx q[11], q[2]
Gate( 4312)	cx q[10], q[11]
Gate( 4313)	 h q[2]
Gate( 4314)	 h q[3]
Gate( 4315)	 t q[8]
Gate( 4316)	 t q[2]
Gate( 4317)	 t q[3]
Gate( 4318)	cx q[2], q[8]
Gate( 4319)	cx q[3], q[2]
Gate( 4320)	cx q[8], q[3]
Gate( 4321)	tdg q[2]
Gate( 4322)	cx q[8], q[2]
Gate( 4323)	tdg q[8]
Gate( 4324)	tdg q[2]
Gate( 4325)	 t q[3]
Gate( 4326)	cx q[3], q[2]
Gate( 4327)	cx q[8], q[3]
Gate( 4328)	cx q[2], q[8]
Gate( 4329)	 h q[3]
Gate( 4330)	 h q[6]
Gate( 4331)	 t q[7]
Gate( 4332)	 t q[3]
Gate( 4333)	 t q[6]
Gate( 4334)	cx q[3], q[7]
Gate( 4335)	cx q[6], q[3]
Gate( 4336)	cx q[7], q[6]
Gate( 4337)	tdg q[3]
Gate( 4338)	cx q[7], q[3]
Gate( 4339)	tdg q[7]
Gate( 4340)	tdg q[3]
Gate( 4341)	 t q[6]
Gate( 4342)	cx q[6], q[3]
Gate( 4343)	cx q[7], q[6]
Gate( 4344)	cx q[3], q[7]
Gate( 4345)	 h q[6]
Gate( 4346)	 h q[9]
Gate( 4347)	 t q[5]
Gate( 4348)	 t q[6]
Gate( 4349)	 t q[9]
Gate( 4350)	cx q[6], q[5]
Gate( 4351)	cx q[9], q[6]
Gate( 4352)	cx q[5], q[9]
Gate( 4353)	tdg q[6]
Gate( 4354)	cx q[5], q[6]
Gate( 4355)	tdg q[5]
Gate( 4356)	tdg q[6]
Gate( 4357)	 t q[9]
Gate( 4358)	cx q[9], q[6]
Gate( 4359)	cx q[5], q[9]
Gate( 4360)	cx q[6], q[5]
Gate( 4361)	 h q[9]
Gate( 4362)	 x q[8]
Gate( 4363)	 x q[6]
Gate( 4364)	 h q[0]
Gate( 4365)	 t q[4]
Gate( 4366)	 t q[10]
Gate( 4367)	 t q[0]
Gate( 4368)	cx q[10], q[4]
Gate( 4369)	cx q[0], q[10]
Gate( 4370)	cx q[4], q[0]
Gate( 4371)	tdg q[10]
Gate( 4372)	cx q[4], q[10]
Gate( 4373)	tdg q[4]
Gate( 4374)	tdg q[10]
Gate( 4375)	 t q[0]
Gate( 4376)	cx q[0], q[10]
Gate( 4377)	cx q[4], q[0]
Gate( 4378)	cx q[10], q[4]
Gate( 4379)	 h q[0]
Gate( 4380)	 h q[10]
Gate( 4381)	 t q[5]
Gate( 4382)	 t q[7]
Gate( 4383)	 t q[10]
Gate( 4384)	cx q[7], q[5]
Gate( 4385)	cx q[10], q[7]
Gate( 4386)	cx q[5], q[10]
Gate( 4387)	tdg q[7]
Gate( 4388)	cx q[5], q[7]
Gate( 4389)	tdg q[5]
Gate( 4390)	tdg q[7]
Gate( 4391)	 t q[10]
Gate( 4392)	cx q[10], q[7]
Gate( 4393)	cx q[5], q[10]
Gate( 4394)	cx q[7], q[5]
Gate( 4395)	 h q[10]
Gate( 4396)	 h q[7]
Gate( 4397)	 t q[6]
Gate( 4398)	 t q[3]
Gate( 4399)	 t q[7]
Gate( 4400)	cx q[3], q[6]
Gate( 4401)	cx q[7], q[3]
Gate( 4402)	cx q[6], q[7]
Gate( 4403)	tdg q[3]
Gate( 4404)	cx q[6], q[3]
Gate( 4405)	tdg q[6]
Gate( 4406)	tdg q[3]
Gate( 4407)	 t q[7]
Gate( 4408)	cx q[7], q[3]
Gate( 4409)	cx q[6], q[7]
Gate( 4410)	cx q[3], q[6]
Gate( 4411)	 h q[7]
Gate( 4412)	 h q[3]
Gate( 4413)	 t q[8]
Gate( 4414)	 t q[2]
Gate( 4415)	 t q[3]
Gate( 4416)	cx q[2], q[8]
Gate( 4417)	cx q[3], q[2]
Gate( 4418)	cx q[8], q[3]
Gate( 4419)	tdg q[2]
Gate( 4420)	cx q[8], q[2]
Gate( 4421)	tdg q[8]
Gate( 4422)	tdg q[2]
Gate( 4423)	 t q[3]
Gate( 4424)	cx q[3], q[2]
Gate( 4425)	cx q[8], q[3]
Gate( 4426)	cx q[2], q[8]
Gate( 4427)	 h q[3]
Gate( 4428)	 h q[2]
Gate( 4429)	 t q[11]
Gate( 4430)	 t q[9]
Gate( 4431)	 t q[2]
Gate( 4432)	cx q[9], q[11]
Gate( 4433)	cx q[2], q[9]
Gate( 4434)	cx q[11], q[2]
Gate( 4435)	tdg q[9]
Gate( 4436)	cx q[11], q[9]
Gate( 4437)	tdg q[11]
Gate( 4438)	tdg q[9]
Gate( 4439)	 t q[2]
Gate( 4440)	cx q[2], q[9]
Gate( 4441)	cx q[11], q[2]
Gate( 4442)	cx q[9], q[11]
Gate( 4443)	 h q[2]
Gate( 4444)	 h q[3]
Gate( 4445)	 t q[8]
Gate( 4446)	 t q[2]
Gate( 4447)	 t q[3]
Gate( 4448)	cx q[2], q[8]
Gate( 4449)	cx q[3], q[2]
Gate( 4450)	cx q[8], q[3]
Gate( 4451)	tdg q[2]
Gate( 4452)	cx q[8], q[2]
Gate( 4453)	tdg q[8]
Gate( 4454)	tdg q[2]
Gate( 4455)	 t q[3]
Gate( 4456)	cx q[3], q[2]
Gate( 4457)	cx q[8], q[3]
Gate( 4458)	cx q[2], q[8]
Gate( 4459)	 h q[3]
Gate( 4460)	 h q[7]
Gate( 4461)	 t q[6]
Gate( 4462)	 t q[3]
Gate( 4463)	 t q[7]
Gate( 4464)	cx q[3], q[6]
Gate( 4465)	cx q[7], q[3]
Gate( 4466)	cx q[6], q[7]
Gate( 4467)	tdg q[3]
Gate( 4468)	cx q[6], q[3]
Gate( 4469)	tdg q[6]
Gate( 4470)	tdg q[3]
Gate( 4471)	 t q[7]
Gate( 4472)	cx q[7], q[3]
Gate( 4473)	cx q[6], q[7]
Gate( 4474)	cx q[3], q[6]
Gate( 4475)	 h q[7]
Gate( 4476)	 h q[10]
Gate( 4477)	 t q[5]
Gate( 4478)	 t q[7]
Gate( 4479)	 t q[10]
Gate( 4480)	cx q[7], q[5]
Gate( 4481)	cx q[10], q[7]
Gate( 4482)	cx q[5], q[10]
Gate( 4483)	tdg q[7]
Gate( 4484)	cx q[5], q[7]
Gate( 4485)	tdg q[5]
Gate( 4486)	tdg q[7]
Gate( 4487)	 t q[10]
Gate( 4488)	cx q[10], q[7]
Gate( 4489)	cx q[5], q[10]
Gate( 4490)	cx q[7], q[5]
Gate( 4491)	 h q[10]
Gate( 4492)	 h q[0]
Gate( 4493)	 t q[4]
Gate( 4494)	 t q[10]
Gate( 4495)	 t q[0]
Gate( 4496)	cx q[10], q[4]
Gate( 4497)	cx q[0], q[10]
Gate( 4498)	cx q[4], q[0]
Gate( 4499)	tdg q[10]
Gate( 4500)	cx q[4], q[10]
Gate( 4501)	tdg q[4]
Gate( 4502)	tdg q[10]
Gate( 4503)	 t q[0]
Gate( 4504)	cx q[0], q[10]
Gate( 4505)	cx q[4], q[0]
Gate( 4506)	cx q[10], q[4]
Gate( 4507)	 h q[0]
Gate( 4508)	 h q[10]
Gate( 4509)	 t q[5]
Gate( 4510)	 t q[7]
Gate( 4511)	 t q[10]
Gate( 4512)	cx q[7], q[5]
Gate( 4513)	cx q[10], q[7]
Gate( 4514)	cx q[5], q[10]
Gate( 4515)	tdg q[7]
Gate( 4516)	cx q[5], q[7]
Gate( 4517)	tdg q[5]
Gate( 4518)	tdg q[7]
Gate( 4519)	 t q[10]
Gate( 4520)	cx q[10], q[7]
Gate( 4521)	cx q[5], q[10]
Gate( 4522)	cx q[7], q[5]
Gate( 4523)	 h q[10]
Gate( 4524)	 h q[7]
Gate( 4525)	 t q[6]
Gate( 4526)	 t q[3]
Gate( 4527)	 t q[7]
Gate( 4528)	cx q[3], q[6]
Gate( 4529)	cx q[7], q[3]
Gate( 4530)	cx q[6], q[7]
Gate( 4531)	tdg q[3]
Gate( 4532)	cx q[6], q[3]
Gate( 4533)	tdg q[6]
Gate( 4534)	tdg q[3]
Gate( 4535)	 t q[7]
Gate( 4536)	cx q[7], q[3]
Gate( 4537)	cx q[6], q[7]
Gate( 4538)	cx q[3], q[6]
Gate( 4539)	 h q[7]
Gate( 4540)	 h q[3]
Gate( 4541)	 t q[8]
Gate( 4542)	 t q[2]
Gate( 4543)	 t q[3]
Gate( 4544)	cx q[2], q[8]
Gate( 4545)	cx q[3], q[2]
Gate( 4546)	cx q[8], q[3]
Gate( 4547)	tdg q[2]
Gate( 4548)	cx q[8], q[2]
Gate( 4549)	tdg q[8]
Gate( 4550)	tdg q[2]
Gate( 4551)	 t q[3]
Gate( 4552)	cx q[3], q[2]
Gate( 4553)	cx q[8], q[3]
Gate( 4554)	cx q[2], q[8]
Gate( 4555)	 h q[3]
Gate( 4556)	 h q[2]
Gate( 4557)	 t q[11]
Gate( 4558)	 t q[9]
Gate( 4559)	 t q[2]
Gate( 4560)	cx q[9], q[11]
Gate( 4561)	cx q[2], q[9]
Gate( 4562)	cx q[11], q[2]
Gate( 4563)	tdg q[9]
Gate( 4564)	cx q[11], q[9]
Gate( 4565)	tdg q[11]
Gate( 4566)	tdg q[9]
Gate( 4567)	 t q[2]
Gate( 4568)	cx q[2], q[9]
Gate( 4569)	cx q[11], q[2]
Gate( 4570)	cx q[9], q[11]
Gate( 4571)	 h q[2]
Gate( 4572)	 h q[3]
Gate( 4573)	 t q[8]
Gate( 4574)	 t q[2]
Gate( 4575)	 t q[3]
Gate( 4576)	cx q[2], q[8]
Gate( 4577)	cx q[3], q[2]
Gate( 4578)	cx q[8], q[3]
Gate( 4579)	tdg q[2]
Gate( 4580)	cx q[8], q[2]
Gate( 4581)	tdg q[8]
Gate( 4582)	tdg q[2]
Gate( 4583)	 t q[3]
Gate( 4584)	cx q[3], q[2]
Gate( 4585)	cx q[8], q[3]
Gate( 4586)	cx q[2], q[8]
Gate( 4587)	 h q[3]
Gate( 4588)	 h q[7]
Gate( 4589)	 t q[6]
Gate( 4590)	 t q[3]
Gate( 4591)	 t q[7]
Gate( 4592)	cx q[3], q[6]
Gate( 4593)	cx q[7], q[3]
Gate( 4594)	cx q[6], q[7]
Gate( 4595)	tdg q[3]
Gate( 4596)	cx q[6], q[3]
Gate( 4597)	tdg q[6]
Gate( 4598)	tdg q[3]
Gate( 4599)	 t q[7]
Gate( 4600)	cx q[7], q[3]
Gate( 4601)	cx q[6], q[7]
Gate( 4602)	cx q[3], q[6]
Gate( 4603)	 h q[7]
Gate( 4604)	 h q[10]
Gate( 4605)	 t q[5]
Gate( 4606)	 t q[7]
Gate( 4607)	 t q[10]
Gate( 4608)	cx q[7], q[5]
Gate( 4609)	cx q[10], q[7]
Gate( 4610)	cx q[5], q[10]
Gate( 4611)	tdg q[7]
Gate( 4612)	cx q[5], q[7]
Gate( 4613)	tdg q[5]
Gate( 4614)	tdg q[7]
Gate( 4615)	 t q[10]
Gate( 4616)	cx q[10], q[7]
Gate( 4617)	cx q[5], q[10]
Gate( 4618)	cx q[7], q[5]
Gate( 4619)	 h q[10]
Gate( 4620)	 h q[0]
Gate( 4621)	 t q[4]
Gate( 4622)	 t q[11]
Gate( 4623)	 t q[0]
Gate( 4624)	cx q[11], q[4]
Gate( 4625)	cx q[0], q[11]
Gate( 4626)	cx q[4], q[0]
Gate( 4627)	tdg q[11]
Gate( 4628)	cx q[4], q[11]
Gate( 4629)	tdg q[4]
Gate( 4630)	tdg q[11]
Gate( 4631)	 t q[0]
Gate( 4632)	cx q[0], q[11]
Gate( 4633)	cx q[4], q[0]
Gate( 4634)	cx q[11], q[4]
Gate( 4635)	 h q[0]
Gate( 4636)	 h q[11]
Gate( 4637)	 t q[5]
Gate( 4638)	 t q[9]
Gate( 4639)	 t q[11]
Gate( 4640)	cx q[9], q[5]
Gate( 4641)	cx q[11], q[9]
Gate( 4642)	cx q[5], q[11]
Gate( 4643)	tdg q[9]
Gate( 4644)	cx q[5], q[9]
Gate( 4645)	tdg q[5]
Gate( 4646)	tdg q[9]
Gate( 4647)	 t q[11]
Gate( 4648)	cx q[11], q[9]
Gate( 4649)	cx q[5], q[11]
Gate( 4650)	cx q[9], q[5]
Gate( 4651)	 h q[11]
Gate( 4652)	 h q[9]
Gate( 4653)	 t q[6]
Gate( 4654)	 t q[7]
Gate( 4655)	 t q[9]
Gate( 4656)	cx q[7], q[6]
Gate( 4657)	cx q[9], q[7]
Gate( 4658)	cx q[6], q[9]
Gate( 4659)	tdg q[7]
Gate( 4660)	cx q[6], q[7]
Gate( 4661)	tdg q[6]
Gate( 4662)	tdg q[7]
Gate( 4663)	 t q[9]
Gate( 4664)	cx q[9], q[7]
Gate( 4665)	cx q[6], q[9]
Gate( 4666)	cx q[7], q[6]
Gate( 4667)	 h q[9]
Gate( 4668)	 h q[7]
Gate( 4669)	 t q[10]
Gate( 4670)	 t q[8]
Gate( 4671)	 t q[7]
Gate( 4672)	cx q[8], q[10]
Gate( 4673)	cx q[7], q[8]
Gate( 4674)	cx q[10], q[7]
Gate( 4675)	tdg q[8]
Gate( 4676)	cx q[10], q[8]
Gate( 4677)	tdg q[10]
Gate( 4678)	tdg q[8]
Gate( 4679)	 t q[7]
Gate( 4680)	cx q[7], q[8]
Gate( 4681)	cx q[10], q[7]
Gate( 4682)	cx q[8], q[10]
Gate( 4683)	 h q[7]
Gate( 4684)	 h q[9]
Gate( 4685)	 t q[6]
Gate( 4686)	 t q[7]
Gate( 4687)	 t q[9]
Gate( 4688)	cx q[7], q[6]
Gate( 4689)	cx q[9], q[7]
Gate( 4690)	cx q[6], q[9]
Gate( 4691)	tdg q[7]
Gate( 4692)	cx q[6], q[7]
Gate( 4693)	tdg q[6]
Gate( 4694)	tdg q[7]
Gate( 4695)	 t q[9]
Gate( 4696)	cx q[9], q[7]
Gate( 4697)	cx q[6], q[9]
Gate( 4698)	cx q[7], q[6]
Gate( 4699)	 h q[9]
Gate( 4700)	 h q[11]
Gate( 4701)	 t q[5]
Gate( 4702)	 t q[9]
Gate( 4703)	 t q[11]
Gate( 4704)	cx q[9], q[5]
Gate( 4705)	cx q[11], q[9]
Gate( 4706)	cx q[5], q[11]
Gate( 4707)	tdg q[9]
Gate( 4708)	cx q[5], q[9]
Gate( 4709)	tdg q[5]
Gate( 4710)	tdg q[9]
Gate( 4711)	 t q[11]
Gate( 4712)	cx q[11], q[9]
Gate( 4713)	cx q[5], q[11]
Gate( 4714)	cx q[9], q[5]
Gate( 4715)	 h q[11]
Gate( 4716)	 h q[0]
Gate( 4717)	 t q[4]
Gate( 4718)	 t q[11]
Gate( 4719)	 t q[0]
Gate( 4720)	cx q[11], q[4]
Gate( 4721)	cx q[0], q[11]
Gate( 4722)	cx q[4], q[0]
Gate( 4723)	tdg q[11]
Gate( 4724)	cx q[4], q[11]
Gate( 4725)	tdg q[4]
Gate( 4726)	tdg q[11]
Gate( 4727)	 t q[0]
Gate( 4728)	cx q[0], q[11]
Gate( 4729)	cx q[4], q[0]
Gate( 4730)	cx q[11], q[4]
Gate( 4731)	 h q[0]
Gate( 4732)	 h q[11]
Gate( 4733)	 t q[5]
Gate( 4734)	 t q[9]
Gate( 4735)	 t q[11]
Gate( 4736)	cx q[9], q[5]
Gate( 4737)	cx q[11], q[9]
Gate( 4738)	cx q[5], q[11]
Gate( 4739)	tdg q[9]
Gate( 4740)	cx q[5], q[9]
Gate( 4741)	tdg q[5]
Gate( 4742)	tdg q[9]
Gate( 4743)	 t q[11]
Gate( 4744)	cx q[11], q[9]
Gate( 4745)	cx q[5], q[11]
Gate( 4746)	cx q[9], q[5]
Gate( 4747)	 h q[11]
Gate( 4748)	 h q[9]
Gate( 4749)	 t q[6]
Gate( 4750)	 t q[7]
Gate( 4751)	 t q[9]
Gate( 4752)	cx q[7], q[6]
Gate( 4753)	cx q[9], q[7]
Gate( 4754)	cx q[6], q[9]
Gate( 4755)	tdg q[7]
Gate( 4756)	cx q[6], q[7]
Gate( 4757)	tdg q[6]
Gate( 4758)	tdg q[7]
Gate( 4759)	 t q[9]
Gate( 4760)	cx q[9], q[7]
Gate( 4761)	cx q[6], q[9]
Gate( 4762)	cx q[7], q[6]
Gate( 4763)	 h q[9]
Gate( 4764)	 h q[7]
Gate( 4765)	 t q[10]
Gate( 4766)	 t q[8]
Gate( 4767)	 t q[7]
Gate( 4768)	cx q[8], q[10]
Gate( 4769)	cx q[7], q[8]
Gate( 4770)	cx q[10], q[7]
Gate( 4771)	tdg q[8]
Gate( 4772)	cx q[10], q[8]
Gate( 4773)	tdg q[10]
Gate( 4774)	tdg q[8]
Gate( 4775)	 t q[7]
Gate( 4776)	cx q[7], q[8]
Gate( 4777)	cx q[10], q[7]
Gate( 4778)	cx q[8], q[10]
Gate( 4779)	 h q[7]
Gate( 4780)	 h q[9]
Gate( 4781)	 t q[6]
Gate( 4782)	 t q[7]
Gate( 4783)	 t q[9]
Gate( 4784)	cx q[7], q[6]
Gate( 4785)	cx q[9], q[7]
Gate( 4786)	cx q[6], q[9]
Gate( 4787)	tdg q[7]
Gate( 4788)	cx q[6], q[7]
Gate( 4789)	tdg q[6]
Gate( 4790)	tdg q[7]
Gate( 4791)	 t q[9]
Gate( 4792)	cx q[9], q[7]
Gate( 4793)	cx q[6], q[9]
Gate( 4794)	cx q[7], q[6]
Gate( 4795)	 h q[9]
Gate( 4796)	 h q[11]
Gate( 4797)	 t q[5]
Gate( 4798)	 t q[9]
Gate( 4799)	 t q[11]
Gate( 4800)	cx q[9], q[5]
Gate( 4801)	cx q[11], q[9]
Gate( 4802)	cx q[5], q[11]
Gate( 4803)	tdg q[9]
Gate( 4804)	cx q[5], q[9]
Gate( 4805)	tdg q[5]
Gate( 4806)	tdg q[9]
Gate( 4807)	 t q[11]
Gate( 4808)	cx q[11], q[9]
Gate( 4809)	cx q[5], q[11]
Gate( 4810)	cx q[9], q[5]
Gate( 4811)	 h q[11]
Gate( 4812)	 x q[5]
Gate( 4813)	 h q[3]
Gate( 4814)	 t q[4]
Gate( 4815)	 t q[11]
Gate( 4816)	 t q[3]
Gate( 4817)	cx q[11], q[4]
Gate( 4818)	cx q[3], q[11]
Gate( 4819)	cx q[4], q[3]
Gate( 4820)	tdg q[11]
Gate( 4821)	cx q[4], q[11]
Gate( 4822)	tdg q[4]
Gate( 4823)	tdg q[11]
Gate( 4824)	 t q[3]
Gate( 4825)	cx q[3], q[11]
Gate( 4826)	cx q[4], q[3]
Gate( 4827)	cx q[11], q[4]
Gate( 4828)	 h q[3]
Gate( 4829)	 h q[11]
Gate( 4830)	 t q[8]
Gate( 4831)	 t q[5]
Gate( 4832)	 t q[11]
Gate( 4833)	cx q[5], q[8]
Gate( 4834)	cx q[11], q[5]
Gate( 4835)	cx q[8], q[11]
Gate( 4836)	tdg q[5]
Gate( 4837)	cx q[8], q[5]
Gate( 4838)	tdg q[8]
Gate( 4839)	tdg q[5]
Gate( 4840)	 t q[11]
Gate( 4841)	cx q[11], q[5]
Gate( 4842)	cx q[8], q[11]
Gate( 4843)	cx q[5], q[8]
Gate( 4844)	 h q[11]
Gate( 4845)	 h q[3]
Gate( 4846)	 t q[4]
Gate( 4847)	 t q[11]
Gate( 4848)	 t q[3]
Gate( 4849)	cx q[11], q[4]
Gate( 4850)	cx q[3], q[11]
Gate( 4851)	cx q[4], q[3]
Gate( 4852)	tdg q[11]
Gate( 4853)	cx q[4], q[11]
Gate( 4854)	tdg q[4]
Gate( 4855)	tdg q[11]
Gate( 4856)	 t q[3]
Gate( 4857)	cx q[3], q[11]
Gate( 4858)	cx q[4], q[3]
Gate( 4859)	cx q[11], q[4]
Gate( 4860)	 h q[3]
Gate( 4861)	 h q[11]
Gate( 4862)	 t q[8]
Gate( 4863)	 t q[5]
Gate( 4864)	 t q[11]
Gate( 4865)	cx q[5], q[8]
Gate( 4866)	cx q[11], q[5]
Gate( 4867)	cx q[8], q[11]
Gate( 4868)	tdg q[5]
Gate( 4869)	cx q[8], q[5]
Gate( 4870)	tdg q[8]
Gate( 4871)	tdg q[5]
Gate( 4872)	 t q[11]
Gate( 4873)	cx q[11], q[5]
Gate( 4874)	cx q[8], q[11]
Gate( 4875)	cx q[5], q[8]
Gate( 4876)	 h q[11]
Gate( 4877)	 x q[6]
Gate( 4878)	 x q[9]
Gate( 4879)	 h q[3]
Gate( 4880)	 t q[9]
Gate( 4881)	 t q[4]
Gate( 4882)	 t q[3]
Gate( 4883)	cx q[4], q[9]
Gate( 4884)	cx q[3], q[4]
Gate( 4885)	cx q[9], q[3]
Gate( 4886)	tdg q[4]
Gate( 4887)	cx q[9], q[4]
Gate( 4888)	tdg q[9]
Gate( 4889)	tdg q[4]
Gate( 4890)	 t q[3]
Gate( 4891)	cx q[3], q[4]
Gate( 4892)	cx q[9], q[3]
Gate( 4893)	cx q[4], q[9]
Gate( 4894)	 h q[3]
Gate( 4895)	 h q[2]
Gate( 4896)	 t q[9]
Gate( 4897)	 t q[4]
Gate( 4898)	 t q[2]
Gate( 4899)	cx q[4], q[9]
Gate( 4900)	cx q[2], q[4]
Gate( 4901)	cx q[9], q[2]
Gate( 4902)	tdg q[4]
Gate( 4903)	cx q[9], q[4]
Gate( 4904)	tdg q[9]
Gate( 4905)	tdg q[4]
Gate( 4906)	 t q[2]
Gate( 4907)	cx q[2], q[4]
Gate( 4908)	cx q[9], q[2]
Gate( 4909)	cx q[4], q[9]
Gate( 4910)	 h q[2]
Gate( 4911)	 h q[0]
Gate( 4912)	 t q[4]
Gate( 4913)	 t q[11]
Gate( 4914)	 t q[0]
Gate( 4915)	cx q[11], q[4]
Gate( 4916)	cx q[0], q[11]
Gate( 4917)	cx q[4], q[0]
Gate( 4918)	tdg q[11]
Gate( 4919)	cx q[4], q[11]
Gate( 4920)	tdg q[4]
Gate( 4921)	tdg q[11]
Gate( 4922)	 t q[0]
Gate( 4923)	cx q[0], q[11]
Gate( 4924)	cx q[4], q[0]
Gate( 4925)	cx q[11], q[4]
Gate( 4926)	 h q[0]
Gate( 4927)	 h q[11]
Gate( 4928)	 t q[5]
Gate( 4929)	 t q[6]
Gate( 4930)	 t q[11]
Gate( 4931)	cx q[6], q[5]
Gate( 4932)	cx q[11], q[6]
Gate( 4933)	cx q[5], q[11]
Gate( 4934)	tdg q[6]
Gate( 4935)	cx q[5], q[6]
Gate( 4936)	tdg q[5]
Gate( 4937)	tdg q[6]
Gate( 4938)	 t q[11]
Gate( 4939)	cx q[11], q[6]
Gate( 4940)	cx q[5], q[11]
Gate( 4941)	cx q[6], q[5]
Gate( 4942)	 h q[11]
Gate( 4943)	 h q[6]
Gate( 4944)	 t q[7]
Gate( 4945)	 t q[3]
Gate( 4946)	 t q[6]
Gate( 4947)	cx q[3], q[7]
Gate( 4948)	cx q[6], q[3]
Gate( 4949)	cx q[7], q[6]
Gate( 4950)	tdg q[3]
Gate( 4951)	cx q[7], q[3]
Gate( 4952)	tdg q[7]
Gate( 4953)	tdg q[3]
Gate( 4954)	 t q[6]
Gate( 4955)	cx q[6], q[3]
Gate( 4956)	cx q[7], q[6]
Gate( 4957)	cx q[3], q[7]
Gate( 4958)	 h q[6]
Gate( 4959)	 h q[3]
Gate( 4960)	 t q[8]
Gate( 4961)	 t q[2]
Gate( 4962)	 t q[3]
Gate( 4963)	cx q[2], q[8]
Gate( 4964)	cx q[3], q[2]
Gate( 4965)	cx q[8], q[3]
Gate( 4966)	tdg q[2]
Gate( 4967)	cx q[8], q[2]
Gate( 4968)	tdg q[8]
Gate( 4969)	tdg q[2]
Gate( 4970)	 t q[3]
Gate( 4971)	cx q[3], q[2]
Gate( 4972)	cx q[8], q[3]
Gate( 4973)	cx q[2], q[8]
Gate( 4974)	 h q[3]
Gate( 4975)	 h q[2]
Gate( 4976)	 t q[10]
Gate( 4977)	 t q[9]
Gate( 4978)	 t q[2]
Gate( 4979)	cx q[9], q[10]
Gate( 4980)	cx q[2], q[9]
Gate( 4981)	cx q[10], q[2]
Gate( 4982)	tdg q[9]
Gate( 4983)	cx q[10], q[9]
Gate( 4984)	tdg q[10]
Gate( 4985)	tdg q[9]
Gate( 4986)	 t q[2]
Gate( 4987)	cx q[2], q[9]
Gate( 4988)	cx q[10], q[2]
Gate( 4989)	cx q[9], q[10]
Gate( 4990)	 h q[2]
Gate( 4991)	 h q[3]
Gate( 4992)	 t q[8]
Gate( 4993)	 t q[2]
Gate( 4994)	 t q[3]
Gate( 4995)	cx q[2], q[8]
Gate( 4996)	cx q[3], q[2]
Gate( 4997)	cx q[8], q[3]
Gate( 4998)	tdg q[2]
Gate( 4999)	cx q[8], q[2]
Gate( 5000)	tdg q[8]
Gate( 5001)	tdg q[2]
Gate( 5002)	 t q[3]
Gate( 5003)	cx q[3], q[2]
Gate( 5004)	cx q[8], q[3]
Gate( 5005)	cx q[2], q[8]
Gate( 5006)	 h q[3]
Gate( 5007)	 h q[6]
Gate( 5008)	 t q[7]
Gate( 5009)	 t q[3]
Gate( 5010)	 t q[6]
Gate( 5011)	cx q[3], q[7]
Gate( 5012)	cx q[6], q[3]
Gate( 5013)	cx q[7], q[6]
Gate( 5014)	tdg q[3]
Gate( 5015)	cx q[7], q[3]
Gate( 5016)	tdg q[7]
Gate( 5017)	tdg q[3]
Gate( 5018)	 t q[6]
Gate( 5019)	cx q[6], q[3]
Gate( 5020)	cx q[7], q[6]
Gate( 5021)	cx q[3], q[7]
Gate( 5022)	 h q[6]
Gate( 5023)	 h q[11]
Gate( 5024)	 t q[5]
Gate( 5025)	 t q[6]
Gate( 5026)	 t q[11]
Gate( 5027)	cx q[6], q[5]
Gate( 5028)	cx q[11], q[6]
Gate( 5029)	cx q[5], q[11]
Gate( 5030)	tdg q[6]
Gate( 5031)	cx q[5], q[6]
Gate( 5032)	tdg q[5]
Gate( 5033)	tdg q[6]
Gate( 5034)	 t q[11]
Gate( 5035)	cx q[11], q[6]
Gate( 5036)	cx q[5], q[11]
Gate( 5037)	cx q[6], q[5]
Gate( 5038)	 h q[11]
Gate( 5039)	 h q[0]
Gate( 5040)	 t q[4]
Gate( 5041)	 t q[11]
Gate( 5042)	 t q[0]
Gate( 5043)	cx q[11], q[4]
Gate( 5044)	cx q[0], q[11]
Gate( 5045)	cx q[4], q[0]
Gate( 5046)	tdg q[11]
Gate( 5047)	cx q[4], q[11]
Gate( 5048)	tdg q[4]
Gate( 5049)	tdg q[11]
Gate( 5050)	 t q[0]
Gate( 5051)	cx q[0], q[11]
Gate( 5052)	cx q[4], q[0]
Gate( 5053)	cx q[11], q[4]
Gate( 5054)	 h q[0]
Gate( 5055)	 h q[11]
Gate( 5056)	 t q[5]
Gate( 5057)	 t q[6]
Gate( 5058)	 t q[11]
Gate( 5059)	cx q[6], q[5]
Gate( 5060)	cx q[11], q[6]
Gate( 5061)	cx q[5], q[11]
Gate( 5062)	tdg q[6]
Gate( 5063)	cx q[5], q[6]
Gate( 5064)	tdg q[5]
Gate( 5065)	tdg q[6]
Gate( 5066)	 t q[11]
Gate( 5067)	cx q[11], q[6]
Gate( 5068)	cx q[5], q[11]
Gate( 5069)	cx q[6], q[5]
Gate( 5070)	 h q[11]
Gate( 5071)	 h q[6]
Gate( 5072)	 t q[7]
Gate( 5073)	 t q[3]
Gate( 5074)	 t q[6]
Gate( 5075)	cx q[3], q[7]
Gate( 5076)	cx q[6], q[3]
Gate( 5077)	cx q[7], q[6]
Gate( 5078)	tdg q[3]
Gate( 5079)	cx q[7], q[3]
Gate( 5080)	tdg q[7]
Gate( 5081)	tdg q[3]
Gate( 5082)	 t q[6]
Gate( 5083)	cx q[6], q[3]
Gate( 5084)	cx q[7], q[6]
Gate( 5085)	cx q[3], q[7]
Gate( 5086)	 h q[6]
Gate( 5087)	 h q[3]
Gate( 5088)	 t q[8]
Gate( 5089)	 t q[2]
Gate( 5090)	 t q[3]
Gate( 5091)	cx q[2], q[8]
Gate( 5092)	cx q[3], q[2]
Gate( 5093)	cx q[8], q[3]
Gate( 5094)	tdg q[2]
Gate( 5095)	cx q[8], q[2]
Gate( 5096)	tdg q[8]
Gate( 5097)	tdg q[2]
Gate( 5098)	 t q[3]
Gate( 5099)	cx q[3], q[2]
Gate( 5100)	cx q[8], q[3]
Gate( 5101)	cx q[2], q[8]
Gate( 5102)	 h q[3]
Gate( 5103)	 h q[2]
Gate( 5104)	 t q[10]
Gate( 5105)	 t q[9]
Gate( 5106)	 t q[2]
Gate( 5107)	cx q[9], q[10]
Gate( 5108)	cx q[2], q[9]
Gate( 5109)	cx q[10], q[2]
Gate( 5110)	tdg q[9]
Gate( 5111)	cx q[10], q[9]
Gate( 5112)	tdg q[10]
Gate( 5113)	tdg q[9]
Gate( 5114)	 t q[2]
Gate( 5115)	cx q[2], q[9]
Gate( 5116)	cx q[10], q[2]
Gate( 5117)	cx q[9], q[10]
Gate( 5118)	 h q[2]
Gate( 5119)	 h q[3]
Gate( 5120)	 t q[8]
Gate( 5121)	 t q[2]
Gate( 5122)	 t q[3]
Gate( 5123)	cx q[2], q[8]
Gate( 5124)	cx q[3], q[2]
Gate( 5125)	cx q[8], q[3]
Gate( 5126)	tdg q[2]
Gate( 5127)	cx q[8], q[2]
Gate( 5128)	tdg q[8]
Gate( 5129)	tdg q[2]
Gate( 5130)	 t q[3]
Gate( 5131)	cx q[3], q[2]
Gate( 5132)	cx q[8], q[3]
Gate( 5133)	cx q[2], q[8]
Gate( 5134)	 h q[3]
Gate( 5135)	 h q[6]
Gate( 5136)	 t q[7]
Gate( 5137)	 t q[3]
Gate( 5138)	 t q[6]
Gate( 5139)	cx q[3], q[7]
Gate( 5140)	cx q[6], q[3]
Gate( 5141)	cx q[7], q[6]
Gate( 5142)	tdg q[3]
Gate( 5143)	cx q[7], q[3]
Gate( 5144)	tdg q[7]
Gate( 5145)	tdg q[3]
Gate( 5146)	 t q[6]
Gate( 5147)	cx q[6], q[3]
Gate( 5148)	cx q[7], q[6]
Gate( 5149)	cx q[3], q[7]
Gate( 5150)	 h q[6]
Gate( 5151)	 h q[11]
Gate( 5152)	 t q[5]
Gate( 5153)	 t q[6]
Gate( 5154)	 t q[11]
Gate( 5155)	cx q[6], q[5]
Gate( 5156)	cx q[11], q[6]
Gate( 5157)	cx q[5], q[11]
Gate( 5158)	tdg q[6]
Gate( 5159)	cx q[5], q[6]
Gate( 5160)	tdg q[5]
Gate( 5161)	tdg q[6]
Gate( 5162)	 t q[11]
Gate( 5163)	cx q[11], q[6]
Gate( 5164)	cx q[5], q[11]
Gate( 5165)	cx q[6], q[5]
Gate( 5166)	 h q[11]
Gate( 5167)	 h q[0]
Gate( 5168)	 t q[4]
Gate( 5169)	 t q[11]
Gate( 5170)	 t q[0]
Gate( 5171)	cx q[11], q[4]
Gate( 5172)	cx q[0], q[11]
Gate( 5173)	cx q[4], q[0]
Gate( 5174)	tdg q[11]
Gate( 5175)	cx q[4], q[11]
Gate( 5176)	tdg q[4]
Gate( 5177)	tdg q[11]
Gate( 5178)	 t q[0]
Gate( 5179)	cx q[0], q[11]
Gate( 5180)	cx q[4], q[0]
Gate( 5181)	cx q[11], q[4]
Gate( 5182)	 h q[0]
Gate( 5183)	 h q[11]
Gate( 5184)	 t q[7]
Gate( 5185)	 t q[6]
Gate( 5186)	 t q[11]
Gate( 5187)	cx q[6], q[7]
Gate( 5188)	cx q[11], q[6]
Gate( 5189)	cx q[7], q[11]
Gate( 5190)	tdg q[6]
Gate( 5191)	cx q[7], q[6]
Gate( 5192)	tdg q[7]
Gate( 5193)	tdg q[6]
Gate( 5194)	 t q[11]
Gate( 5195)	cx q[11], q[6]
Gate( 5196)	cx q[7], q[11]
Gate( 5197)	cx q[6], q[7]
Gate( 5198)	 h q[11]
Gate( 5199)	 h q[6]
Gate( 5200)	 t q[8]
Gate( 5201)	 t q[5]
Gate( 5202)	 t q[6]
Gate( 5203)	cx q[5], q[8]
Gate( 5204)	cx q[6], q[5]
Gate( 5205)	cx q[8], q[6]
Gate( 5206)	tdg q[5]
Gate( 5207)	cx q[8], q[5]
Gate( 5208)	tdg q[8]
Gate( 5209)	tdg q[5]
Gate( 5210)	 t q[6]
Gate( 5211)	cx q[6], q[5]
Gate( 5212)	cx q[8], q[6]
Gate( 5213)	cx q[5], q[8]
Gate( 5214)	 h q[6]
Gate( 5215)	 h q[5]
Gate( 5216)	 t q[10]
Gate( 5217)	 t q[9]
Gate( 5218)	 t q[5]
Gate( 5219)	cx q[9], q[10]
Gate( 5220)	cx q[5], q[9]
Gate( 5221)	cx q[10], q[5]
Gate( 5222)	tdg q[9]
Gate( 5223)	cx q[10], q[9]
Gate( 5224)	tdg q[10]
Gate( 5225)	tdg q[9]
Gate( 5226)	 t q[5]
Gate( 5227)	cx q[5], q[9]
Gate( 5228)	cx q[10], q[5]
Gate( 5229)	cx q[9], q[10]
Gate( 5230)	 h q[5]
Gate( 5231)	 h q[6]
Gate( 5232)	 t q[8]
Gate( 5233)	 t q[5]
Gate( 5234)	 t q[6]
Gate( 5235)	cx q[5], q[8]
Gate( 5236)	cx q[6], q[5]
Gate( 5237)	cx q[8], q[6]
Gate( 5238)	tdg q[5]
Gate( 5239)	cx q[8], q[5]
Gate( 5240)	tdg q[8]
Gate( 5241)	tdg q[5]
Gate( 5242)	 t q[6]
Gate( 5243)	cx q[6], q[5]
Gate( 5244)	cx q[8], q[6]
Gate( 5245)	cx q[5], q[8]
Gate( 5246)	 h q[6]
Gate( 5247)	 h q[11]
Gate( 5248)	 t q[7]
Gate( 5249)	 t q[6]
Gate( 5250)	 t q[11]
Gate( 5251)	cx q[6], q[7]
Gate( 5252)	cx q[11], q[6]
Gate( 5253)	cx q[7], q[11]
Gate( 5254)	tdg q[6]
Gate( 5255)	cx q[7], q[6]
Gate( 5256)	tdg q[7]
Gate( 5257)	tdg q[6]
Gate( 5258)	 t q[11]
Gate( 5259)	cx q[11], q[6]
Gate( 5260)	cx q[7], q[11]
Gate( 5261)	cx q[6], q[7]
Gate( 5262)	 h q[11]
Gate( 5263)	 h q[0]
Gate( 5264)	 t q[4]
Gate( 5265)	 t q[11]
Gate( 5266)	 t q[0]
Gate( 5267)	cx q[11], q[4]
Gate( 5268)	cx q[0], q[11]
Gate( 5269)	cx q[4], q[0]
Gate( 5270)	tdg q[11]
Gate( 5271)	cx q[4], q[11]
Gate( 5272)	tdg q[4]
Gate( 5273)	tdg q[11]
Gate( 5274)	 t q[0]
Gate( 5275)	cx q[0], q[11]
Gate( 5276)	cx q[4], q[0]
Gate( 5277)	cx q[11], q[4]
Gate( 5278)	 h q[0]
Gate( 5279)	 h q[11]
Gate( 5280)	 t q[7]
Gate( 5281)	 t q[6]
Gate( 5282)	 t q[11]
Gate( 5283)	cx q[6], q[7]
Gate( 5284)	cx q[11], q[6]
Gate( 5285)	cx q[7], q[11]
Gate( 5286)	tdg q[6]
Gate( 5287)	cx q[7], q[6]
Gate( 5288)	tdg q[7]
Gate( 5289)	tdg q[6]
Gate( 5290)	 t q[11]
Gate( 5291)	cx q[11], q[6]
Gate( 5292)	cx q[7], q[11]
Gate( 5293)	cx q[6], q[7]
Gate( 5294)	 h q[11]
Gate( 5295)	 h q[6]
Gate( 5296)	 t q[8]
Gate( 5297)	 t q[5]
Gate( 5298)	 t q[6]
Gate( 5299)	cx q[5], q[8]
Gate( 5300)	cx q[6], q[5]
Gate( 5301)	cx q[8], q[6]
Gate( 5302)	tdg q[5]
Gate( 5303)	cx q[8], q[5]
Gate( 5304)	tdg q[8]
Gate( 5305)	tdg q[5]
Gate( 5306)	 t q[6]
Gate( 5307)	cx q[6], q[5]
Gate( 5308)	cx q[8], q[6]
Gate( 5309)	cx q[5], q[8]
Gate( 5310)	 h q[6]
Gate( 5311)	 h q[5]
Gate( 5312)	 t q[10]
Gate( 5313)	 t q[9]
Gate( 5314)	 t q[5]
Gate( 5315)	cx q[9], q[10]
Gate( 5316)	cx q[5], q[9]
Gate( 5317)	cx q[10], q[5]
Gate( 5318)	tdg q[9]
Gate( 5319)	cx q[10], q[9]
Gate( 5320)	tdg q[10]
Gate( 5321)	tdg q[9]
Gate( 5322)	 t q[5]
Gate( 5323)	cx q[5], q[9]
Gate( 5324)	cx q[10], q[5]
Gate( 5325)	cx q[9], q[10]
Gate( 5326)	 h q[5]
Gate( 5327)	 h q[6]
Gate( 5328)	 t q[8]
Gate( 5329)	 t q[5]
Gate( 5330)	 t q[6]
Gate( 5331)	cx q[5], q[8]
Gate( 5332)	cx q[6], q[5]
Gate( 5333)	cx q[8], q[6]
Gate( 5334)	tdg q[5]
Gate( 5335)	cx q[8], q[5]
Gate( 5336)	tdg q[8]
Gate( 5337)	tdg q[5]
Gate( 5338)	 t q[6]
Gate( 5339)	cx q[6], q[5]
Gate( 5340)	cx q[8], q[6]
Gate( 5341)	cx q[5], q[8]
Gate( 5342)	 h q[6]
Gate( 5343)	 h q[11]
Gate( 5344)	 t q[7]
Gate( 5345)	 t q[6]
Gate( 5346)	 t q[11]
Gate( 5347)	cx q[6], q[7]
Gate( 5348)	cx q[11], q[6]
Gate( 5349)	cx q[7], q[11]
Gate( 5350)	tdg q[6]
Gate( 5351)	cx q[7], q[6]
Gate( 5352)	tdg q[7]
Gate( 5353)	tdg q[6]
Gate( 5354)	 t q[11]
Gate( 5355)	cx q[11], q[6]
Gate( 5356)	cx q[7], q[11]
Gate( 5357)	cx q[6], q[7]
Gate( 5358)	 h q[11]
Gate( 5359)	 x q[8]
Gate( 5360)	 x q[7]
Gate( 5361)	 h q[3]
Gate( 5362)	 t q[5]
Gate( 5363)	 t q[11]
Gate( 5364)	 t q[3]
Gate( 5365)	cx q[11], q[5]
Gate( 5366)	cx q[3], q[11]
Gate( 5367)	cx q[5], q[3]
Gate( 5368)	tdg q[11]
Gate( 5369)	cx q[5], q[11]
Gate( 5370)	tdg q[5]
Gate( 5371)	tdg q[11]
Gate( 5372)	 t q[3]
Gate( 5373)	cx q[3], q[11]
Gate( 5374)	cx q[5], q[3]
Gate( 5375)	cx q[11], q[5]
Gate( 5376)	 h q[3]
Gate( 5377)	 h q[11]
Gate( 5378)	 t q[9]
Gate( 5379)	 t q[7]
Gate( 5380)	 t q[11]
Gate( 5381)	cx q[7], q[9]
Gate( 5382)	cx q[11], q[7]
Gate( 5383)	cx q[9], q[11]
Gate( 5384)	tdg q[7]
Gate( 5385)	cx q[9], q[7]
Gate( 5386)	tdg q[9]
Gate( 5387)	tdg q[7]
Gate( 5388)	 t q[11]
Gate( 5389)	cx q[11], q[7]
Gate( 5390)	cx q[9], q[11]
Gate( 5391)	cx q[7], q[9]
Gate( 5392)	 h q[11]
Gate( 5393)	 h q[3]
Gate( 5394)	 t q[5]
Gate( 5395)	 t q[11]
Gate( 5396)	 t q[3]
Gate( 5397)	cx q[11], q[5]
Gate( 5398)	cx q[3], q[11]
Gate( 5399)	cx q[5], q[3]
Gate( 5400)	tdg q[11]
Gate( 5401)	cx q[5], q[11]
Gate( 5402)	tdg q[5]
Gate( 5403)	tdg q[11]
Gate( 5404)	 t q[3]
Gate( 5405)	cx q[3], q[11]
Gate( 5406)	cx q[5], q[3]
Gate( 5407)	cx q[11], q[5]
Gate( 5408)	 h q[3]
Gate( 5409)	 h q[11]
Gate( 5410)	 t q[9]
Gate( 5411)	 t q[7]
Gate( 5412)	 t q[11]
Gate( 5413)	cx q[7], q[9]
Gate( 5414)	cx q[11], q[7]
Gate( 5415)	cx q[9], q[11]
Gate( 5416)	tdg q[7]
Gate( 5417)	cx q[9], q[7]
Gate( 5418)	tdg q[9]
Gate( 5419)	tdg q[7]
Gate( 5420)	 t q[11]
Gate( 5421)	cx q[11], q[7]
Gate( 5422)	cx q[9], q[11]
Gate( 5423)	cx q[7], q[9]
Gate( 5424)	 h q[11]
Gate( 5425)	 x q[11]
Gate( 5426)	 h q[3]
Gate( 5427)	 t q[8]
Gate( 5428)	 t q[10]
Gate( 5429)	 t q[3]
Gate( 5430)	cx q[10], q[8]
Gate( 5431)	cx q[3], q[10]
Gate( 5432)	cx q[8], q[3]
Gate( 5433)	tdg q[10]
Gate( 5434)	cx q[8], q[10]
Gate( 5435)	tdg q[8]
Gate( 5436)	tdg q[10]
Gate( 5437)	 t q[3]
Gate( 5438)	cx q[3], q[10]
Gate( 5439)	cx q[8], q[3]
Gate( 5440)	cx q[10], q[8]
Gate( 5441)	 h q[3]
Gate( 5442)	 h q[10]
Gate( 5443)	 t q[11]
Gate( 5444)	 t q[9]
Gate( 5445)	 t q[10]
Gate( 5446)	cx q[9], q[11]
Gate( 5447)	cx q[10], q[9]
Gate( 5448)	cx q[11], q[10]
Gate( 5449)	tdg q[9]
Gate( 5450)	cx q[11], q[9]
Gate( 5451)	tdg q[11]
Gate( 5452)	tdg q[9]
Gate( 5453)	 t q[10]
Gate( 5454)	cx q[10], q[9]
Gate( 5455)	cx q[11], q[10]
Gate( 5456)	cx q[9], q[11]
Gate( 5457)	 h q[10]
Gate( 5458)	 h q[3]
Gate( 5459)	 t q[8]
Gate( 5460)	 t q[10]
Gate( 5461)	 t q[3]
Gate( 5462)	cx q[10], q[8]
Gate( 5463)	cx q[3], q[10]
Gate( 5464)	cx q[8], q[3]
Gate( 5465)	tdg q[10]
Gate( 5466)	cx q[8], q[10]
Gate( 5467)	tdg q[8]
Gate( 5468)	tdg q[10]
Gate( 5469)	 t q[3]
Gate( 5470)	cx q[3], q[10]
Gate( 5471)	cx q[8], q[3]
Gate( 5472)	cx q[10], q[8]
Gate( 5473)	 h q[3]
Gate( 5474)	 h q[10]
Gate( 5475)	 t q[11]
Gate( 5476)	 t q[9]
Gate( 5477)	 t q[10]
Gate( 5478)	cx q[9], q[11]
Gate( 5479)	cx q[10], q[9]
Gate( 5480)	cx q[11], q[10]
Gate( 5481)	tdg q[9]
Gate( 5482)	cx q[11], q[9]
Gate( 5483)	tdg q[11]
Gate( 5484)	tdg q[9]
Gate( 5485)	 t q[10]
Gate( 5486)	cx q[10], q[9]
Gate( 5487)	cx q[11], q[10]
Gate( 5488)	cx q[9], q[11]
Gate( 5489)	 h q[10]
Gate( 5490)	 h q[0]
Gate( 5491)	 t q[4]
Gate( 5492)	 t q[10]
Gate( 5493)	 t q[0]
Gate( 5494)	cx q[10], q[4]
Gate( 5495)	cx q[0], q[10]
Gate( 5496)	cx q[4], q[0]
Gate( 5497)	tdg q[10]
Gate( 5498)	cx q[4], q[10]
Gate( 5499)	tdg q[4]
Gate( 5500)	tdg q[10]
Gate( 5501)	 t q[0]
Gate( 5502)	cx q[0], q[10]
Gate( 5503)	cx q[4], q[0]
Gate( 5504)	cx q[10], q[4]
Gate( 5505)	 h q[0]
Gate( 5506)	 h q[10]
Gate( 5507)	 t q[8]
Gate( 5508)	 t q[7]
Gate( 5509)	 t q[10]
Gate( 5510)	cx q[7], q[8]
Gate( 5511)	cx q[10], q[7]
Gate( 5512)	cx q[8], q[10]
Gate( 5513)	tdg q[7]
Gate( 5514)	cx q[8], q[7]
Gate( 5515)	tdg q[8]
Gate( 5516)	tdg q[7]
Gate( 5517)	 t q[10]
Gate( 5518)	cx q[10], q[7]
Gate( 5519)	cx q[8], q[10]
Gate( 5520)	cx q[7], q[8]
Gate( 5521)	 h q[10]
Gate( 5522)	 h q[7]
Gate( 5523)	 t q[11]
Gate( 5524)	 t q[9]
Gate( 5525)	 t q[7]
Gate( 5526)	cx q[9], q[11]
Gate( 5527)	cx q[7], q[9]
Gate( 5528)	cx q[11], q[7]
Gate( 5529)	tdg q[9]
Gate( 5530)	cx q[11], q[9]
Gate( 5531)	tdg q[11]
Gate( 5532)	tdg q[9]
Gate( 5533)	 t q[7]
Gate( 5534)	cx q[7], q[9]
Gate( 5535)	cx q[11], q[7]
Gate( 5536)	cx q[9], q[11]
Gate( 5537)	 h q[7]
Gate( 5538)	 h q[10]
Gate( 5539)	 t q[8]
Gate( 5540)	 t q[7]
Gate( 5541)	 t q[10]
Gate( 5542)	cx q[7], q[8]
Gate( 5543)	cx q[10], q[7]
Gate( 5544)	cx q[8], q[10]
Gate( 5545)	tdg q[7]
Gate( 5546)	cx q[8], q[7]
Gate( 5547)	tdg q[8]
Gate( 5548)	tdg q[7]
Gate( 5549)	 t q[10]
Gate( 5550)	cx q[10], q[7]
Gate( 5551)	cx q[8], q[10]
Gate( 5552)	cx q[7], q[8]
Gate( 5553)	 h q[10]
Gate( 5554)	 h q[0]
Gate( 5555)	 t q[4]
Gate( 5556)	 t q[10]
Gate( 5557)	 t q[0]
Gate( 5558)	cx q[10], q[4]
Gate( 5559)	cx q[0], q[10]
Gate( 5560)	cx q[4], q[0]
Gate( 5561)	tdg q[10]
Gate( 5562)	cx q[4], q[10]
Gate( 5563)	tdg q[4]
Gate( 5564)	tdg q[10]
Gate( 5565)	 t q[0]
Gate( 5566)	cx q[0], q[10]
Gate( 5567)	cx q[4], q[0]
Gate( 5568)	cx q[10], q[4]
Gate( 5569)	 h q[0]
Gate( 5570)	 h q[10]
Gate( 5571)	 t q[8]
Gate( 5572)	 t q[7]
Gate( 5573)	 t q[10]
Gate( 5574)	cx q[7], q[8]
Gate( 5575)	cx q[10], q[7]
Gate( 5576)	cx q[8], q[10]
Gate( 5577)	tdg q[7]
Gate( 5578)	cx q[8], q[7]
Gate( 5579)	tdg q[8]
Gate( 5580)	tdg q[7]
Gate( 5581)	 t q[10]
Gate( 5582)	cx q[10], q[7]
Gate( 5583)	cx q[8], q[10]
Gate( 5584)	cx q[7], q[8]
Gate( 5585)	 h q[10]
Gate( 5586)	 h q[7]
Gate( 5587)	 t q[11]
Gate( 5588)	 t q[9]
Gate( 5589)	 t q[7]
Gate( 5590)	cx q[9], q[11]
Gate( 5591)	cx q[7], q[9]
Gate( 5592)	cx q[11], q[7]
Gate( 5593)	tdg q[9]
Gate( 5594)	cx q[11], q[9]
Gate( 5595)	tdg q[11]
Gate( 5596)	tdg q[9]
Gate( 5597)	 t q[7]
Gate( 5598)	cx q[7], q[9]
Gate( 5599)	cx q[11], q[7]
Gate( 5600)	cx q[9], q[11]
Gate( 5601)	 h q[7]
Gate( 5602)	 h q[10]
Gate( 5603)	 t q[8]
Gate( 5604)	 t q[7]
Gate( 5605)	 t q[10]
Gate( 5606)	cx q[7], q[8]
Gate( 5607)	cx q[10], q[7]
Gate( 5608)	cx q[8], q[10]
Gate( 5609)	tdg q[7]
Gate( 5610)	cx q[8], q[7]
Gate( 5611)	tdg q[8]
Gate( 5612)	tdg q[7]
Gate( 5613)	 t q[10]
Gate( 5614)	cx q[10], q[7]
Gate( 5615)	cx q[8], q[10]
Gate( 5616)	cx q[7], q[8]
Gate( 5617)	 h q[10]
Gate( 5618)	 h q[0]
Gate( 5619)	 t q[4]
Gate( 5620)	 t q[8]
Gate( 5621)	 t q[0]
Gate( 5622)	cx q[8], q[4]
Gate( 5623)	cx q[0], q[8]
Gate( 5624)	cx q[4], q[0]
Gate( 5625)	tdg q[8]
Gate( 5626)	cx q[4], q[8]
Gate( 5627)	tdg q[4]
Gate( 5628)	tdg q[8]
Gate( 5629)	 t q[0]
Gate( 5630)	cx q[0], q[8]
Gate( 5631)	cx q[4], q[0]
Gate( 5632)	cx q[8], q[4]
Gate( 5633)	 h q[0]
Gate( 5634)	 h q[8]
Gate( 5635)	 t q[6]
Gate( 5636)	 t q[7]
Gate( 5637)	 t q[8]
Gate( 5638)	cx q[7], q[6]
Gate( 5639)	cx q[8], q[7]
Gate( 5640)	cx q[6], q[8]
Gate( 5641)	tdg q[7]
Gate( 5642)	cx q[6], q[7]
Gate( 5643)	tdg q[6]
Gate( 5644)	tdg q[7]
Gate( 5645)	 t q[8]
Gate( 5646)	cx q[8], q[7]
Gate( 5647)	cx q[6], q[8]
Gate( 5648)	cx q[7], q[6]
Gate( 5649)	 h q[8]
Gate( 5650)	 h q[7]
Gate( 5651)	 t q[9]
Gate( 5652)	 t q[5]
Gate( 5653)	 t q[7]
Gate( 5654)	cx q[5], q[9]
Gate( 5655)	cx q[7], q[5]
Gate( 5656)	cx q[9], q[7]
Gate( 5657)	tdg q[5]
Gate( 5658)	cx q[9], q[5]
Gate( 5659)	tdg q[9]
Gate( 5660)	tdg q[5]
Gate( 5661)	 t q[7]
Gate( 5662)	cx q[7], q[5]
Gate( 5663)	cx q[9], q[7]
Gate( 5664)	cx q[5], q[9]
Gate( 5665)	 h q[7]
Gate( 5666)	 h q[5]
Gate( 5667)	 t q[11]
Gate( 5668)	 t q[10]
Gate( 5669)	 t q[5]
Gate( 5670)	cx q[10], q[11]
Gate( 5671)	cx q[5], q[10]
Gate( 5672)	cx q[11], q[5]
Gate( 5673)	tdg q[10]
Gate( 5674)	cx q[11], q[10]
Gate( 5675)	tdg q[11]
Gate( 5676)	tdg q[10]
Gate( 5677)	 t q[5]
Gate( 5678)	cx q[5], q[10]
Gate( 5679)	cx q[11], q[5]
Gate( 5680)	cx q[10], q[11]
Gate( 5681)	 h q[5]
Gate( 5682)	 h q[7]
Gate( 5683)	 t q[9]
Gate( 5684)	 t q[5]
Gate( 5685)	 t q[7]
Gate( 5686)	cx q[5], q[9]
Gate( 5687)	cx q[7], q[5]
Gate( 5688)	cx q[9], q[7]
Gate( 5689)	tdg q[5]
Gate( 5690)	cx q[9], q[5]
Gate( 5691)	tdg q[9]
Gate( 5692)	tdg q[5]
Gate( 5693)	 t q[7]
Gate( 5694)	cx q[7], q[5]
Gate( 5695)	cx q[9], q[7]
Gate( 5696)	cx q[5], q[9]
Gate( 5697)	 h q[7]
Gate( 5698)	 h q[8]
Gate( 5699)	 t q[6]
Gate( 5700)	 t q[7]
Gate( 5701)	 t q[8]
Gate( 5702)	cx q[7], q[6]
Gate( 5703)	cx q[8], q[7]
Gate( 5704)	cx q[6], q[8]
Gate( 5705)	tdg q[7]
Gate( 5706)	cx q[6], q[7]
Gate( 5707)	tdg q[6]
Gate( 5708)	tdg q[7]
Gate( 5709)	 t q[8]
Gate( 5710)	cx q[8], q[7]
Gate( 5711)	cx q[6], q[8]
Gate( 5712)	cx q[7], q[6]
Gate( 5713)	 h q[8]
Gate( 5714)	 h q[0]
Gate( 5715)	 t q[4]
Gate( 5716)	 t q[8]
Gate( 5717)	 t q[0]
Gate( 5718)	cx q[8], q[4]
Gate( 5719)	cx q[0], q[8]
Gate( 5720)	cx q[4], q[0]
Gate( 5721)	tdg q[8]
Gate( 5722)	cx q[4], q[8]
Gate( 5723)	tdg q[4]
Gate( 5724)	tdg q[8]
Gate( 5725)	 t q[0]
Gate( 5726)	cx q[0], q[8]
Gate( 5727)	cx q[4], q[0]
Gate( 5728)	cx q[8], q[4]
Gate( 5729)	 h q[0]
Gate( 5730)	 h q[8]
Gate( 5731)	 t q[6]
Gate( 5732)	 t q[7]
Gate( 5733)	 t q[8]
Gate( 5734)	cx q[7], q[6]
Gate( 5735)	cx q[8], q[7]
Gate( 5736)	cx q[6], q[8]
Gate( 5737)	tdg q[7]
Gate( 5738)	cx q[6], q[7]
Gate( 5739)	tdg q[6]
Gate( 5740)	tdg q[7]
Gate( 5741)	 t q[8]
Gate( 5742)	cx q[8], q[7]
Gate( 5743)	cx q[6], q[8]
Gate( 5744)	cx q[7], q[6]
Gate( 5745)	 h q[8]
Gate( 5746)	 h q[7]
Gate( 5747)	 t q[9]
Gate( 5748)	 t q[5]
Gate( 5749)	 t q[7]
Gate( 5750)	cx q[5], q[9]
Gate( 5751)	cx q[7], q[5]
Gate( 5752)	cx q[9], q[7]
Gate( 5753)	tdg q[5]
Gate( 5754)	cx q[9], q[5]
Gate( 5755)	tdg q[9]
Gate( 5756)	tdg q[5]
Gate( 5757)	 t q[7]
Gate( 5758)	cx q[7], q[5]
Gate( 5759)	cx q[9], q[7]
Gate( 5760)	cx q[5], q[9]
Gate( 5761)	 h q[7]
Gate( 5762)	 h q[5]
Gate( 5763)	 t q[11]
Gate( 5764)	 t q[10]
Gate( 5765)	 t q[5]
Gate( 5766)	cx q[10], q[11]
Gate( 5767)	cx q[5], q[10]
Gate( 5768)	cx q[11], q[5]
Gate( 5769)	tdg q[10]
Gate( 5770)	cx q[11], q[10]
Gate( 5771)	tdg q[11]
Gate( 5772)	tdg q[10]
Gate( 5773)	 t q[5]
Gate( 5774)	cx q[5], q[10]
Gate( 5775)	cx q[11], q[5]
Gate( 5776)	cx q[10], q[11]
Gate( 5777)	 h q[5]
Gate( 5778)	 h q[7]
Gate( 5779)	 t q[9]
Gate( 5780)	 t q[5]
Gate( 5781)	 t q[7]
Gate( 5782)	cx q[5], q[9]
Gate( 5783)	cx q[7], q[5]
Gate( 5784)	cx q[9], q[7]
Gate( 5785)	tdg q[5]
Gate( 5786)	cx q[9], q[5]
Gate( 5787)	tdg q[9]
Gate( 5788)	tdg q[5]
Gate( 5789)	 t q[7]
Gate( 5790)	cx q[7], q[5]
Gate( 5791)	cx q[9], q[7]
Gate( 5792)	cx q[5], q[9]
Gate( 5793)	 h q[7]
Gate( 5794)	 h q[8]
Gate( 5795)	 t q[6]
Gate( 5796)	 t q[7]
Gate( 5797)	 t q[8]
Gate( 5798)	cx q[7], q[6]
Gate( 5799)	cx q[8], q[7]
Gate( 5800)	cx q[6], q[8]
Gate( 5801)	tdg q[7]
Gate( 5802)	cx q[6], q[7]
Gate( 5803)	tdg q[6]
Gate( 5804)	tdg q[7]
Gate( 5805)	 t q[8]
Gate( 5806)	cx q[8], q[7]
Gate( 5807)	cx q[6], q[8]
Gate( 5808)	cx q[7], q[6]
Gate( 5809)	 h q[8]
Gate( 5810)	 h q[1]
Gate( 5811)	 t q[8]
Gate( 5812)	 t q[10]
Gate( 5813)	 t q[1]
Gate( 5814)	cx q[10], q[8]
Gate( 5815)	cx q[1], q[10]
Gate( 5816)	cx q[8], q[1]
Gate( 5817)	tdg q[10]
Gate( 5818)	cx q[8], q[10]
Gate( 5819)	tdg q[8]
Gate( 5820)	tdg q[10]
Gate( 5821)	 t q[1]
Gate( 5822)	cx q[1], q[10]
Gate( 5823)	cx q[8], q[1]
Gate( 5824)	cx q[10], q[8]
Gate( 5825)	 h q[1]
Gate( 5826)	 h q[10]
Gate( 5827)	 t q[11]
Gate( 5828)	 t q[9]
Gate( 5829)	 t q[10]
Gate( 5830)	cx q[9], q[11]
Gate( 5831)	cx q[10], q[9]
Gate( 5832)	cx q[11], q[10]
Gate( 5833)	tdg q[9]
Gate( 5834)	cx q[11], q[9]
Gate( 5835)	tdg q[11]
Gate( 5836)	tdg q[9]
Gate( 5837)	 t q[10]
Gate( 5838)	cx q[10], q[9]
Gate( 5839)	cx q[11], q[10]
Gate( 5840)	cx q[9], q[11]
Gate( 5841)	 h q[10]
Gate( 5842)	 h q[1]
Gate( 5843)	 t q[8]
Gate( 5844)	 t q[10]
Gate( 5845)	 t q[1]
Gate( 5846)	cx q[10], q[8]
Gate( 5847)	cx q[1], q[10]
Gate( 5848)	cx q[8], q[1]
Gate( 5849)	tdg q[10]
Gate( 5850)	cx q[8], q[10]
Gate( 5851)	tdg q[8]
Gate( 5852)	tdg q[10]
Gate( 5853)	 t q[1]
Gate( 5854)	cx q[1], q[10]
Gate( 5855)	cx q[8], q[1]
Gate( 5856)	cx q[10], q[8]
Gate( 5857)	 h q[1]
Gate( 5858)	 h q[10]
Gate( 5859)	 t q[11]
Gate( 5860)	 t q[9]
Gate( 5861)	 t q[10]
Gate( 5862)	cx q[9], q[11]
Gate( 5863)	cx q[10], q[9]
Gate( 5864)	cx q[11], q[10]
Gate( 5865)	tdg q[9]
Gate( 5866)	cx q[11], q[9]
Gate( 5867)	tdg q[11]
Gate( 5868)	tdg q[9]
Gate( 5869)	 t q[10]
Gate( 5870)	cx q[10], q[9]
Gate( 5871)	cx q[11], q[10]
Gate( 5872)	cx q[9], q[11]
Gate( 5873)	 h q[10]
Gate( 5874)	 h q[0]
Gate( 5875)	 t q[1]
Gate( 5876)	 t q[11]
Gate( 5877)	 t q[0]
Gate( 5878)	cx q[11], q[1]
Gate( 5879)	cx q[0], q[11]
Gate( 5880)	cx q[1], q[0]
Gate( 5881)	tdg q[11]
Gate( 5882)	cx q[1], q[11]
Gate( 5883)	tdg q[1]
Gate( 5884)	tdg q[11]
Gate( 5885)	 t q[0]
Gate( 5886)	cx q[0], q[11]
Gate( 5887)	cx q[1], q[0]
Gate( 5888)	cx q[11], q[1]
Gate( 5889)	 h q[0]
Gate( 5890)	 h q[11]
Gate( 5891)	 t q[4]
Gate( 5892)	 t q[10]
Gate( 5893)	 t q[11]
Gate( 5894)	cx q[10], q[4]
Gate( 5895)	cx q[11], q[10]
Gate( 5896)	cx q[4], q[11]
Gate( 5897)	tdg q[10]
Gate( 5898)	cx q[4], q[10]
Gate( 5899)	tdg q[4]
Gate( 5900)	tdg q[10]
Gate( 5901)	 t q[11]
Gate( 5902)	cx q[11], q[10]
Gate( 5903)	cx q[4], q[11]
Gate( 5904)	cx q[10], q[4]
Gate( 5905)	 h q[11]
Gate( 5906)	 h q[10]
Gate( 5907)	 t q[5]
Gate( 5908)	 t q[9]
Gate( 5909)	 t q[10]
Gate( 5910)	cx q[9], q[5]
Gate( 5911)	cx q[10], q[9]
Gate( 5912)	cx q[5], q[10]
Gate( 5913)	tdg q[9]
Gate( 5914)	cx q[5], q[9]
Gate( 5915)	tdg q[5]
Gate( 5916)	tdg q[9]
Gate( 5917)	 t q[10]
Gate( 5918)	cx q[10], q[9]
Gate( 5919)	cx q[5], q[10]
Gate( 5920)	cx q[9], q[5]
Gate( 5921)	 h q[10]
Gate( 5922)	 h q[9]
Gate( 5923)	 t q[7]
Gate( 5924)	 t q[6]
Gate( 5925)	 t q[9]
Gate( 5926)	cx q[6], q[7]
Gate( 5927)	cx q[9], q[6]
Gate( 5928)	cx q[7], q[9]
Gate( 5929)	tdg q[6]
Gate( 5930)	cx q[7], q[6]
Gate( 5931)	tdg q[7]
Gate( 5932)	tdg q[6]
Gate( 5933)	 t q[9]
Gate( 5934)	cx q[9], q[6]
Gate( 5935)	cx q[7], q[9]
Gate( 5936)	cx q[6], q[7]
Gate( 5937)	 h q[9]
Gate( 5938)	 h q[10]
Gate( 5939)	 t q[5]
Gate( 5940)	 t q[9]
Gate( 5941)	 t q[10]
Gate( 5942)	cx q[9], q[5]
Gate( 5943)	cx q[10], q[9]
Gate( 5944)	cx q[5], q[10]
Gate( 5945)	tdg q[9]
Gate( 5946)	cx q[5], q[9]
Gate( 5947)	tdg q[5]
Gate( 5948)	tdg q[9]
Gate( 5949)	 t q[10]
Gate( 5950)	cx q[10], q[9]
Gate( 5951)	cx q[5], q[10]
Gate( 5952)	cx q[9], q[5]
Gate( 5953)	 h q[10]
Gate( 5954)	 h q[11]
Gate( 5955)	 t q[4]
Gate( 5956)	 t q[10]
Gate( 5957)	 t q[11]
Gate( 5958)	cx q[10], q[4]
Gate( 5959)	cx q[11], q[10]
Gate( 5960)	cx q[4], q[11]
Gate( 5961)	tdg q[10]
Gate( 5962)	cx q[4], q[10]
Gate( 5963)	tdg q[4]
Gate( 5964)	tdg q[10]
Gate( 5965)	 t q[11]
Gate( 5966)	cx q[11], q[10]
Gate( 5967)	cx q[4], q[11]
Gate( 5968)	cx q[10], q[4]
Gate( 5969)	 h q[11]
Gate( 5970)	 h q[0]
Gate( 5971)	 t q[1]
Gate( 5972)	 t q[11]
Gate( 5973)	 t q[0]
Gate( 5974)	cx q[11], q[1]
Gate( 5975)	cx q[0], q[11]
Gate( 5976)	cx q[1], q[0]
Gate( 5977)	tdg q[11]
Gate( 5978)	cx q[1], q[11]
Gate( 5979)	tdg q[1]
Gate( 5980)	tdg q[11]
Gate( 5981)	 t q[0]
Gate( 5982)	cx q[0], q[11]
Gate( 5983)	cx q[1], q[0]
Gate( 5984)	cx q[11], q[1]
Gate( 5985)	 h q[0]
Gate( 5986)	 h q[11]
Gate( 5987)	 t q[4]
Gate( 5988)	 t q[10]
Gate( 5989)	 t q[11]
Gate( 5990)	cx q[10], q[4]
Gate( 5991)	cx q[11], q[10]
Gate( 5992)	cx q[4], q[11]
Gate( 5993)	tdg q[10]
Gate( 5994)	cx q[4], q[10]
Gate( 5995)	tdg q[4]
Gate( 5996)	tdg q[10]
Gate( 5997)	 t q[11]
Gate( 5998)	cx q[11], q[10]
Gate( 5999)	cx q[4], q[11]
Gate( 6000)	cx q[10], q[4]
Gate( 6001)	 h q[11]
Gate( 6002)	 h q[10]
Gate( 6003)	 t q[5]
Gate( 6004)	 t q[9]
Gate( 6005)	 t q[10]
Gate( 6006)	cx q[9], q[5]
Gate( 6007)	cx q[10], q[9]
Gate( 6008)	cx q[5], q[10]
Gate( 6009)	tdg q[9]
Gate( 6010)	cx q[5], q[9]
Gate( 6011)	tdg q[5]
Gate( 6012)	tdg q[9]
Gate( 6013)	 t q[10]
Gate( 6014)	cx q[10], q[9]
Gate( 6015)	cx q[5], q[10]
Gate( 6016)	cx q[9], q[5]
Gate( 6017)	 h q[10]
Gate( 6018)	 h q[9]
Gate( 6019)	 t q[7]
Gate( 6020)	 t q[6]
Gate( 6021)	 t q[9]
Gate( 6022)	cx q[6], q[7]
Gate( 6023)	cx q[9], q[6]
Gate( 6024)	cx q[7], q[9]
Gate( 6025)	tdg q[6]
Gate( 6026)	cx q[7], q[6]
Gate( 6027)	tdg q[7]
Gate( 6028)	tdg q[6]
Gate( 6029)	 t q[9]
Gate( 6030)	cx q[9], q[6]
Gate( 6031)	cx q[7], q[9]
Gate( 6032)	cx q[6], q[7]
Gate( 6033)	 h q[9]
Gate( 6034)	 h q[10]
Gate( 6035)	 t q[5]
Gate( 6036)	 t q[9]
Gate( 6037)	 t q[10]
Gate( 6038)	cx q[9], q[5]
Gate( 6039)	cx q[10], q[9]
Gate( 6040)	cx q[5], q[10]
Gate( 6041)	tdg q[9]
Gate( 6042)	cx q[5], q[9]
Gate( 6043)	tdg q[5]
Gate( 6044)	tdg q[9]
Gate( 6045)	 t q[10]
Gate( 6046)	cx q[10], q[9]
Gate( 6047)	cx q[5], q[10]
Gate( 6048)	cx q[9], q[5]
Gate( 6049)	 h q[10]
Gate( 6050)	 h q[11]
Gate( 6051)	 t q[4]
Gate( 6052)	 t q[10]
Gate( 6053)	 t q[11]
Gate( 6054)	cx q[10], q[4]
Gate( 6055)	cx q[11], q[10]
Gate( 6056)	cx q[4], q[11]
Gate( 6057)	tdg q[10]
Gate( 6058)	cx q[4], q[10]
Gate( 6059)	tdg q[4]
Gate( 6060)	tdg q[10]
Gate( 6061)	 t q[11]
Gate( 6062)	cx q[11], q[10]
Gate( 6063)	cx q[4], q[11]
Gate( 6064)	cx q[10], q[4]
Gate( 6065)	 h q[11]
Gate( 6066)	 h q[1]
Gate( 6067)	 t q[8]
Gate( 6068)	 t q[10]
Gate( 6069)	 t q[1]
Gate( 6070)	cx q[10], q[8]
Gate( 6071)	cx q[1], q[10]
Gate( 6072)	cx q[8], q[1]
Gate( 6073)	tdg q[10]
Gate( 6074)	cx q[8], q[10]
Gate( 6075)	tdg q[8]
Gate( 6076)	tdg q[10]
Gate( 6077)	 t q[1]
Gate( 6078)	cx q[1], q[10]
Gate( 6079)	cx q[8], q[1]
Gate( 6080)	cx q[10], q[8]
Gate( 6081)	 h q[1]
Gate( 6082)	 h q[10]
Gate( 6083)	 t q[11]
Gate( 6084)	 t q[9]
Gate( 6085)	 t q[10]
Gate( 6086)	cx q[9], q[11]
Gate( 6087)	cx q[10], q[9]
Gate( 6088)	cx q[11], q[10]
Gate( 6089)	tdg q[9]
Gate( 6090)	cx q[11], q[9]
Gate( 6091)	tdg q[11]
Gate( 6092)	tdg q[9]
Gate( 6093)	 t q[10]
Gate( 6094)	cx q[10], q[9]
Gate( 6095)	cx q[11], q[10]
Gate( 6096)	cx q[9], q[11]
Gate( 6097)	 h q[10]
Gate( 6098)	 h q[1]
Gate( 6099)	 t q[8]
Gate( 6100)	 t q[10]
Gate( 6101)	 t q[1]
Gate( 6102)	cx q[10], q[8]
Gate( 6103)	cx q[1], q[10]
Gate( 6104)	cx q[8], q[1]
Gate( 6105)	tdg q[10]
Gate( 6106)	cx q[8], q[10]
Gate( 6107)	tdg q[8]
Gate( 6108)	tdg q[10]
Gate( 6109)	 t q[1]
Gate( 6110)	cx q[1], q[10]
Gate( 6111)	cx q[8], q[1]
Gate( 6112)	cx q[10], q[8]
Gate( 6113)	 h q[1]
Gate( 6114)	 h q[10]
Gate( 6115)	 t q[11]
Gate( 6116)	 t q[9]
Gate( 6117)	 t q[10]
Gate( 6118)	cx q[9], q[11]
Gate( 6119)	cx q[10], q[9]
Gate( 6120)	cx q[11], q[10]
Gate( 6121)	tdg q[9]
Gate( 6122)	cx q[11], q[9]
Gate( 6123)	tdg q[11]
Gate( 6124)	tdg q[9]
Gate( 6125)	 t q[10]
Gate( 6126)	cx q[10], q[9]
Gate( 6127)	cx q[11], q[10]
Gate( 6128)	cx q[9], q[11]
Gate( 6129)	 h q[10]
Gate( 6130)	 h q[0]
Gate( 6131)	 t q[1]
Gate( 6132)	 t q[11]
Gate( 6133)	 t q[0]
Gate( 6134)	cx q[11], q[1]
Gate( 6135)	cx q[0], q[11]
Gate( 6136)	cx q[1], q[0]
Gate( 6137)	tdg q[11]
Gate( 6138)	cx q[1], q[11]
Gate( 6139)	tdg q[1]
Gate( 6140)	tdg q[11]
Gate( 6141)	 t q[0]
Gate( 6142)	cx q[0], q[11]
Gate( 6143)	cx q[1], q[0]
Gate( 6144)	cx q[11], q[1]
Gate( 6145)	 h q[0]
Gate( 6146)	 h q[11]
Gate( 6147)	 t q[4]
Gate( 6148)	 t q[10]
Gate( 6149)	 t q[11]
Gate( 6150)	cx q[10], q[4]
Gate( 6151)	cx q[11], q[10]
Gate( 6152)	cx q[4], q[11]
Gate( 6153)	tdg q[10]
Gate( 6154)	cx q[4], q[10]
Gate( 6155)	tdg q[4]
Gate( 6156)	tdg q[10]
Gate( 6157)	 t q[11]
Gate( 6158)	cx q[11], q[10]
Gate( 6159)	cx q[4], q[11]
Gate( 6160)	cx q[10], q[4]
Gate( 6161)	 h q[11]
Gate( 6162)	 h q[10]
Gate( 6163)	 t q[5]
Gate( 6164)	 t q[9]
Gate( 6165)	 t q[10]
Gate( 6166)	cx q[9], q[5]
Gate( 6167)	cx q[10], q[9]
Gate( 6168)	cx q[5], q[10]
Gate( 6169)	tdg q[9]
Gate( 6170)	cx q[5], q[9]
Gate( 6171)	tdg q[5]
Gate( 6172)	tdg q[9]
Gate( 6173)	 t q[10]
Gate( 6174)	cx q[10], q[9]
Gate( 6175)	cx q[5], q[10]
Gate( 6176)	cx q[9], q[5]
Gate( 6177)	 h q[10]
Gate( 6178)	 h q[9]
Gate( 6179)	 t q[7]
Gate( 6180)	 t q[6]
Gate( 6181)	 t q[9]
Gate( 6182)	cx q[6], q[7]
Gate( 6183)	cx q[9], q[6]
Gate( 6184)	cx q[7], q[9]
Gate( 6185)	tdg q[6]
Gate( 6186)	cx q[7], q[6]
Gate( 6187)	tdg q[7]
Gate( 6188)	tdg q[6]
Gate( 6189)	 t q[9]
Gate( 6190)	cx q[9], q[6]
Gate( 6191)	cx q[7], q[9]
Gate( 6192)	cx q[6], q[7]
Gate( 6193)	 h q[9]
Gate( 6194)	 h q[10]
Gate( 6195)	 t q[5]
Gate( 6196)	 t q[9]
Gate( 6197)	 t q[10]
Gate( 6198)	cx q[9], q[5]
Gate( 6199)	cx q[10], q[9]
Gate( 6200)	cx q[5], q[10]
Gate( 6201)	tdg q[9]
Gate( 6202)	cx q[5], q[9]
Gate( 6203)	tdg q[5]
Gate( 6204)	tdg q[9]
Gate( 6205)	 t q[10]
Gate( 6206)	cx q[10], q[9]
Gate( 6207)	cx q[5], q[10]
Gate( 6208)	cx q[9], q[5]
Gate( 6209)	 h q[10]
Gate( 6210)	 h q[11]
Gate( 6211)	 t q[4]
Gate( 6212)	 t q[10]
Gate( 6213)	 t q[11]
Gate( 6214)	cx q[10], q[4]
Gate( 6215)	cx q[11], q[10]
Gate( 6216)	cx q[4], q[11]
Gate( 6217)	tdg q[10]
Gate( 6218)	cx q[4], q[10]
Gate( 6219)	tdg q[4]
Gate( 6220)	tdg q[10]
Gate( 6221)	 t q[11]
Gate( 6222)	cx q[11], q[10]
Gate( 6223)	cx q[4], q[11]
Gate( 6224)	cx q[10], q[4]
Gate( 6225)	 h q[11]
Gate( 6226)	 h q[0]
Gate( 6227)	 t q[1]
Gate( 6228)	 t q[11]
Gate( 6229)	 t q[0]
Gate( 6230)	cx q[11], q[1]
Gate( 6231)	cx q[0], q[11]
Gate( 6232)	cx q[1], q[0]
Gate( 6233)	tdg q[11]
Gate( 6234)	cx q[1], q[11]
Gate( 6235)	tdg q[1]
Gate( 6236)	tdg q[11]
Gate( 6237)	 t q[0]
Gate( 6238)	cx q[0], q[11]
Gate( 6239)	cx q[1], q[0]
Gate( 6240)	cx q[11], q[1]
Gate( 6241)	 h q[0]
Gate( 6242)	 h q[11]
Gate( 6243)	 t q[4]
Gate( 6244)	 t q[10]
Gate( 6245)	 t q[11]
Gate( 6246)	cx q[10], q[4]
Gate( 6247)	cx q[11], q[10]
Gate( 6248)	cx q[4], q[11]
Gate( 6249)	tdg q[10]
Gate( 6250)	cx q[4], q[10]
Gate( 6251)	tdg q[4]
Gate( 6252)	tdg q[10]
Gate( 6253)	 t q[11]
Gate( 6254)	cx q[11], q[10]
Gate( 6255)	cx q[4], q[11]
Gate( 6256)	cx q[10], q[4]
Gate( 6257)	 h q[11]
Gate( 6258)	 h q[10]
Gate( 6259)	 t q[5]
Gate( 6260)	 t q[9]
Gate( 6261)	 t q[10]
Gate( 6262)	cx q[9], q[5]
Gate( 6263)	cx q[10], q[9]
Gate( 6264)	cx q[5], q[10]
Gate( 6265)	tdg q[9]
Gate( 6266)	cx q[5], q[9]
Gate( 6267)	tdg q[5]
Gate( 6268)	tdg q[9]
Gate( 6269)	 t q[10]
Gate( 6270)	cx q[10], q[9]
Gate( 6271)	cx q[5], q[10]
Gate( 6272)	cx q[9], q[5]
Gate( 6273)	 h q[10]
Gate( 6274)	 h q[9]
Gate( 6275)	 t q[7]
Gate( 6276)	 t q[6]
Gate( 6277)	 t q[9]
Gate( 6278)	cx q[6], q[7]
Gate( 6279)	cx q[9], q[6]
Gate( 6280)	cx q[7], q[9]
Gate( 6281)	tdg q[6]
Gate( 6282)	cx q[7], q[6]
Gate( 6283)	tdg q[7]
Gate( 6284)	tdg q[6]
Gate( 6285)	 t q[9]
Gate( 6286)	cx q[9], q[6]
Gate( 6287)	cx q[7], q[9]
Gate( 6288)	cx q[6], q[7]
Gate( 6289)	 h q[9]
Gate( 6290)	 h q[10]
Gate( 6291)	 t q[5]
Gate( 6292)	 t q[9]
Gate( 6293)	 t q[10]
Gate( 6294)	cx q[9], q[5]
Gate( 6295)	cx q[10], q[9]
Gate( 6296)	cx q[5], q[10]
Gate( 6297)	tdg q[9]
Gate( 6298)	cx q[5], q[9]
Gate( 6299)	tdg q[5]
Gate( 6300)	tdg q[9]
Gate( 6301)	 t q[10]
Gate( 6302)	cx q[10], q[9]
Gate( 6303)	cx q[5], q[10]
Gate( 6304)	cx q[9], q[5]
Gate( 6305)	 h q[10]
Gate( 6306)	 h q[11]
Gate( 6307)	 t q[4]
Gate( 6308)	 t q[10]
Gate( 6309)	 t q[11]
Gate( 6310)	cx q[10], q[4]
Gate( 6311)	cx q[11], q[10]
Gate( 6312)	cx q[4], q[11]
Gate( 6313)	tdg q[10]
Gate( 6314)	cx q[4], q[10]
Gate( 6315)	tdg q[4]
Gate( 6316)	tdg q[10]
Gate( 6317)	 t q[11]
Gate( 6318)	cx q[11], q[10]
Gate( 6319)	cx q[4], q[11]
Gate( 6320)	cx q[10], q[4]
Gate( 6321)	 h q[11]
Gate( 6322)	 h q[0]
Gate( 6323)	 t q[4]
Gate( 6324)	 t q[8]
Gate( 6325)	 t q[0]
Gate( 6326)	cx q[8], q[4]
Gate( 6327)	cx q[0], q[8]
Gate( 6328)	cx q[4], q[0]
Gate( 6329)	tdg q[8]
Gate( 6330)	cx q[4], q[8]
Gate( 6331)	tdg q[4]
Gate( 6332)	tdg q[8]
Gate( 6333)	 t q[0]
Gate( 6334)	cx q[0], q[8]
Gate( 6335)	cx q[4], q[0]
Gate( 6336)	cx q[8], q[4]
Gate( 6337)	 h q[0]
Gate( 6338)	 h q[8]
Gate( 6339)	 t q[5]
Gate( 6340)	 t q[6]
Gate( 6341)	 t q[8]
Gate( 6342)	cx q[6], q[5]
Gate( 6343)	cx q[8], q[6]
Gate( 6344)	cx q[5], q[8]
Gate( 6345)	tdg q[6]
Gate( 6346)	cx q[5], q[6]
Gate( 6347)	tdg q[5]
Gate( 6348)	tdg q[6]
Gate( 6349)	 t q[8]
Gate( 6350)	cx q[8], q[6]
Gate( 6351)	cx q[5], q[8]
Gate( 6352)	cx q[6], q[5]
Gate( 6353)	 h q[8]
Gate( 6354)	 h q[6]
Gate( 6355)	 t q[7]
Gate( 6356)	 t q[3]
Gate( 6357)	 t q[6]
Gate( 6358)	cx q[3], q[7]
Gate( 6359)	cx q[6], q[3]
Gate( 6360)	cx q[7], q[6]
Gate( 6361)	tdg q[3]
Gate( 6362)	cx q[7], q[3]
Gate( 6363)	tdg q[7]
Gate( 6364)	tdg q[3]
Gate( 6365)	 t q[6]
Gate( 6366)	cx q[6], q[3]
Gate( 6367)	cx q[7], q[6]
Gate( 6368)	cx q[3], q[7]
Gate( 6369)	 h q[6]
Gate( 6370)	 h q[3]
Gate( 6371)	 t q[9]
Gate( 6372)	 t q[2]
Gate( 6373)	 t q[3]
Gate( 6374)	cx q[2], q[9]
Gate( 6375)	cx q[3], q[2]
Gate( 6376)	cx q[9], q[3]
Gate( 6377)	tdg q[2]
Gate( 6378)	cx q[9], q[2]
Gate( 6379)	tdg q[9]
Gate( 6380)	tdg q[2]
Gate( 6381)	 t q[3]
Gate( 6382)	cx q[3], q[2]
Gate( 6383)	cx q[9], q[3]
Gate( 6384)	cx q[2], q[9]
Gate( 6385)	 h q[3]
Gate( 6386)	 h q[2]
Gate( 6387)	 t q[11]
Gate( 6388)	 t q[10]
Gate( 6389)	 t q[2]
Gate( 6390)	cx q[10], q[11]
Gate( 6391)	cx q[2], q[10]
Gate( 6392)	cx q[11], q[2]
Gate( 6393)	tdg q[10]
Gate( 6394)	cx q[11], q[10]
Gate( 6395)	tdg q[11]
Gate( 6396)	tdg q[10]
Gate( 6397)	 t q[2]
Gate( 6398)	cx q[2], q[10]
Gate( 6399)	cx q[11], q[2]
Gate( 6400)	cx q[10], q[11]
Gate( 6401)	 h q[2]
Gate( 6402)	 h q[3]
Gate( 6403)	 t q[9]
Gate( 6404)	 t q[2]
Gate( 6405)	 t q[3]
Gate( 6406)	cx q[2], q[9]
Gate( 6407)	cx q[3], q[2]
Gate( 6408)	cx q[9], q[3]
Gate( 6409)	tdg q[2]
Gate( 6410)	cx q[9], q[2]
Gate( 6411)	tdg q[9]
Gate( 6412)	tdg q[2]
Gate( 6413)	 t q[3]
Gate( 6414)	cx q[3], q[2]
Gate( 6415)	cx q[9], q[3]
Gate( 6416)	cx q[2], q[9]
Gate( 6417)	 h q[3]
Gate( 6418)	 h q[6]
Gate( 6419)	 t q[7]
Gate( 6420)	 t q[3]
Gate( 6421)	 t q[6]
Gate( 6422)	cx q[3], q[7]
Gate( 6423)	cx q[6], q[3]
Gate( 6424)	cx q[7], q[6]
Gate( 6425)	tdg q[3]
Gate( 6426)	cx q[7], q[3]
Gate( 6427)	tdg q[7]
Gate( 6428)	tdg q[3]
Gate( 6429)	 t q[6]
Gate( 6430)	cx q[6], q[3]
Gate( 6431)	cx q[7], q[6]
Gate( 6432)	cx q[3], q[7]
Gate( 6433)	 h q[6]
Gate( 6434)	 h q[8]
Gate( 6435)	 t q[5]
Gate( 6436)	 t q[6]
Gate( 6437)	 t q[8]
Gate( 6438)	cx q[6], q[5]
Gate( 6439)	cx q[8], q[6]
Gate( 6440)	cx q[5], q[8]
Gate( 6441)	tdg q[6]
Gate( 6442)	cx q[5], q[6]
Gate( 6443)	tdg q[5]
Gate( 6444)	tdg q[6]
Gate( 6445)	 t q[8]
Gate( 6446)	cx q[8], q[6]
Gate( 6447)	cx q[5], q[8]
Gate( 6448)	cx q[6], q[5]
Gate( 6449)	 h q[8]
Gate( 6450)	 h q[0]
Gate( 6451)	 t q[4]
Gate( 6452)	 t q[8]
Gate( 6453)	 t q[0]
Gate( 6454)	cx q[8], q[4]
Gate( 6455)	cx q[0], q[8]
Gate( 6456)	cx q[4], q[0]
Gate( 6457)	tdg q[8]
Gate( 6458)	cx q[4], q[8]
Gate( 6459)	tdg q[4]
Gate( 6460)	tdg q[8]
Gate( 6461)	 t q[0]
Gate( 6462)	cx q[0], q[8]
Gate( 6463)	cx q[4], q[0]
Gate( 6464)	cx q[8], q[4]
Gate( 6465)	 h q[0]
Gate( 6466)	 h q[8]
Gate( 6467)	 t q[5]
Gate( 6468)	 t q[6]
Gate( 6469)	 t q[8]
Gate( 6470)	cx q[6], q[5]
Gate( 6471)	cx q[8], q[6]
Gate( 6472)	cx q[5], q[8]
Gate( 6473)	tdg q[6]
Gate( 6474)	cx q[5], q[6]
Gate( 6475)	tdg q[5]
Gate( 6476)	tdg q[6]
Gate( 6477)	 t q[8]
Gate( 6478)	cx q[8], q[6]
Gate( 6479)	cx q[5], q[8]
Gate( 6480)	cx q[6], q[5]
Gate( 6481)	 h q[8]
Gate( 6482)	 h q[6]
Gate( 6483)	 t q[7]
Gate( 6484)	 t q[3]
Gate( 6485)	 t q[6]
Gate( 6486)	cx q[3], q[7]
Gate( 6487)	cx q[6], q[3]
Gate( 6488)	cx q[7], q[6]
Gate( 6489)	tdg q[3]
Gate( 6490)	cx q[7], q[3]
Gate( 6491)	tdg q[7]
Gate( 6492)	tdg q[3]
Gate( 6493)	 t q[6]
Gate( 6494)	cx q[6], q[3]
Gate( 6495)	cx q[7], q[6]
Gate( 6496)	cx q[3], q[7]
Gate( 6497)	 h q[6]
Gate( 6498)	 h q[3]
Gate( 6499)	 t q[9]
Gate( 6500)	 t q[2]
Gate( 6501)	 t q[3]
Gate( 6502)	cx q[2], q[9]
Gate( 6503)	cx q[3], q[2]
Gate( 6504)	cx q[9], q[3]
Gate( 6505)	tdg q[2]
Gate( 6506)	cx q[9], q[2]
Gate( 6507)	tdg q[9]
Gate( 6508)	tdg q[2]
Gate( 6509)	 t q[3]
Gate( 6510)	cx q[3], q[2]
Gate( 6511)	cx q[9], q[3]
Gate( 6512)	cx q[2], q[9]
Gate( 6513)	 h q[3]
Gate( 6514)	 h q[2]
Gate( 6515)	 t q[11]
Gate( 6516)	 t q[10]
Gate( 6517)	 t q[2]
Gate( 6518)	cx q[10], q[11]
Gate( 6519)	cx q[2], q[10]
Gate( 6520)	cx q[11], q[2]
Gate( 6521)	tdg q[10]
Gate( 6522)	cx q[11], q[10]
Gate( 6523)	tdg q[11]
Gate( 6524)	tdg q[10]
Gate( 6525)	 t q[2]
Gate( 6526)	cx q[2], q[10]
Gate( 6527)	cx q[11], q[2]
Gate( 6528)	cx q[10], q[11]
Gate( 6529)	 h q[2]
Gate( 6530)	 h q[3]
Gate( 6531)	 t q[9]
Gate( 6532)	 t q[2]
Gate( 6533)	 t q[3]
Gate( 6534)	cx q[2], q[9]
Gate( 6535)	cx q[3], q[2]
Gate( 6536)	cx q[9], q[3]
Gate( 6537)	tdg q[2]
Gate( 6538)	cx q[9], q[2]
Gate( 6539)	tdg q[9]
Gate( 6540)	tdg q[2]
Gate( 6541)	 t q[3]
Gate( 6542)	cx q[3], q[2]
Gate( 6543)	cx q[9], q[3]
Gate( 6544)	cx q[2], q[9]
Gate( 6545)	 h q[3]
Gate( 6546)	 h q[6]
Gate( 6547)	 t q[7]
Gate( 6548)	 t q[3]
Gate( 6549)	 t q[6]
Gate( 6550)	cx q[3], q[7]
Gate( 6551)	cx q[6], q[3]
Gate( 6552)	cx q[7], q[6]
Gate( 6553)	tdg q[3]
Gate( 6554)	cx q[7], q[3]
Gate( 6555)	tdg q[7]
Gate( 6556)	tdg q[3]
Gate( 6557)	 t q[6]
Gate( 6558)	cx q[6], q[3]
Gate( 6559)	cx q[7], q[6]
Gate( 6560)	cx q[3], q[7]
Gate( 6561)	 h q[6]
Gate( 6562)	 h q[8]
Gate( 6563)	 t q[5]
Gate( 6564)	 t q[6]
Gate( 6565)	 t q[8]
Gate( 6566)	cx q[6], q[5]
Gate( 6567)	cx q[8], q[6]
Gate( 6568)	cx q[5], q[8]
Gate( 6569)	tdg q[6]
Gate( 6570)	cx q[5], q[6]
Gate( 6571)	tdg q[5]
Gate( 6572)	tdg q[6]
Gate( 6573)	 t q[8]
Gate( 6574)	cx q[8], q[6]
Gate( 6575)	cx q[5], q[8]
Gate( 6576)	cx q[6], q[5]
Gate( 6577)	 h q[8]
Gate( 6578)	 x q[6]
Gate( 6579)	 h q[3]
Gate( 6580)	 t q[4]
Gate( 6581)	 t q[10]
Gate( 6582)	 t q[3]
Gate( 6583)	cx q[10], q[4]
Gate( 6584)	cx q[3], q[10]
Gate( 6585)	cx q[4], q[3]
Gate( 6586)	tdg q[10]
Gate( 6587)	cx q[4], q[10]
Gate( 6588)	tdg q[4]
Gate( 6589)	tdg q[10]
Gate( 6590)	 t q[3]
Gate( 6591)	cx q[3], q[10]
Gate( 6592)	cx q[4], q[3]
Gate( 6593)	cx q[10], q[4]
Gate( 6594)	 h q[3]
Gate( 6595)	 h q[10]
Gate( 6596)	 t q[11]
Gate( 6597)	 t q[6]
Gate( 6598)	 t q[10]
Gate( 6599)	cx q[6], q[11]
Gate( 6600)	cx q[10], q[6]
Gate( 6601)	cx q[11], q[10]
Gate( 6602)	tdg q[6]
Gate( 6603)	cx q[11], q[6]
Gate( 6604)	tdg q[11]
Gate( 6605)	tdg q[6]
Gate( 6606)	 t q[10]
Gate( 6607)	cx q[10], q[6]
Gate( 6608)	cx q[11], q[10]
Gate( 6609)	cx q[6], q[11]
Gate( 6610)	 h q[10]
Gate( 6611)	 h q[3]
Gate( 6612)	 t q[4]
Gate( 6613)	 t q[10]
Gate( 6614)	 t q[3]
Gate( 6615)	cx q[10], q[4]
Gate( 6616)	cx q[3], q[10]
Gate( 6617)	cx q[4], q[3]
Gate( 6618)	tdg q[10]
Gate( 6619)	cx q[4], q[10]
Gate( 6620)	tdg q[4]
Gate( 6621)	tdg q[10]
Gate( 6622)	 t q[3]
Gate( 6623)	cx q[3], q[10]
Gate( 6624)	cx q[4], q[3]
Gate( 6625)	cx q[10], q[4]
Gate( 6626)	 h q[3]
Gate( 6627)	 h q[10]
Gate( 6628)	 t q[11]
Gate( 6629)	 t q[6]
Gate( 6630)	 t q[10]
Gate( 6631)	cx q[6], q[11]
Gate( 6632)	cx q[10], q[6]
Gate( 6633)	cx q[11], q[10]
Gate( 6634)	tdg q[6]
Gate( 6635)	cx q[11], q[6]
Gate( 6636)	tdg q[11]
Gate( 6637)	tdg q[6]
Gate( 6638)	 t q[10]
Gate( 6639)	cx q[10], q[6]
Gate( 6640)	cx q[11], q[10]
Gate( 6641)	cx q[6], q[11]
Gate( 6642)	 h q[10]
Gate( 6643)	 x q[4]
Gate( 6644)	 x q[5]
Gate( 6645)	 h q[1]
Gate( 6646)	 t q[9]
Gate( 6647)	 t q[8]
Gate( 6648)	 t q[1]
Gate( 6649)	cx q[8], q[9]
Gate( 6650)	cx q[1], q[8]
Gate( 6651)	cx q[9], q[1]
Gate( 6652)	tdg q[8]
Gate( 6653)	cx q[9], q[8]
Gate( 6654)	tdg q[9]
Gate( 6655)	tdg q[8]
Gate( 6656)	 t q[1]
Gate( 6657)	cx q[1], q[8]
Gate( 6658)	cx q[9], q[1]
Gate( 6659)	cx q[8], q[9]
Gate( 6660)	 h q[1]
Gate( 6661)	 h q[8]
Gate( 6662)	 t q[11]
Gate( 6663)	 t q[10]
Gate( 6664)	 t q[8]
Gate( 6665)	cx q[10], q[11]
Gate( 6666)	cx q[8], q[10]
Gate( 6667)	cx q[11], q[8]
Gate( 6668)	tdg q[10]
Gate( 6669)	cx q[11], q[10]
Gate( 6670)	tdg q[11]
Gate( 6671)	tdg q[10]
Gate( 6672)	 t q[8]
Gate( 6673)	cx q[8], q[10]
Gate( 6674)	cx q[11], q[8]
Gate( 6675)	cx q[10], q[11]
Gate( 6676)	 h q[8]
Gate( 6677)	 h q[1]
Gate( 6678)	 t q[9]
Gate( 6679)	 t q[8]
Gate( 6680)	 t q[1]
Gate( 6681)	cx q[8], q[9]
Gate( 6682)	cx q[1], q[8]
Gate( 6683)	cx q[9], q[1]
Gate( 6684)	tdg q[8]
Gate( 6685)	cx q[9], q[8]
Gate( 6686)	tdg q[9]
Gate( 6687)	tdg q[8]
Gate( 6688)	 t q[1]
Gate( 6689)	cx q[1], q[8]
Gate( 6690)	cx q[9], q[1]
Gate( 6691)	cx q[8], q[9]
Gate( 6692)	 h q[1]
Gate( 6693)	 h q[8]
Gate( 6694)	 t q[11]
Gate( 6695)	 t q[10]
Gate( 6696)	 t q[8]
Gate( 6697)	cx q[10], q[11]
Gate( 6698)	cx q[8], q[10]
Gate( 6699)	cx q[11], q[8]
Gate( 6700)	tdg q[10]
Gate( 6701)	cx q[11], q[10]
Gate( 6702)	tdg q[11]
Gate( 6703)	tdg q[10]
Gate( 6704)	 t q[8]
Gate( 6705)	cx q[8], q[10]
Gate( 6706)	cx q[11], q[8]
Gate( 6707)	cx q[10], q[11]
Gate( 6708)	 h q[8]
Gate( 6709)	 h q[0]
Gate( 6710)	 t q[1]
Gate( 6711)	 t q[11]
Gate( 6712)	 t q[0]
Gate( 6713)	cx q[11], q[1]
Gate( 6714)	cx q[0], q[11]
Gate( 6715)	cx q[1], q[0]
Gate( 6716)	tdg q[11]
Gate( 6717)	cx q[1], q[11]
Gate( 6718)	tdg q[1]
Gate( 6719)	tdg q[11]
Gate( 6720)	 t q[0]
Gate( 6721)	cx q[0], q[11]
Gate( 6722)	cx q[1], q[0]
Gate( 6723)	cx q[11], q[1]
Gate( 6724)	 h q[0]
Gate( 6725)	 h q[11]
Gate( 6726)	 t q[4]
Gate( 6727)	 t q[10]
Gate( 6728)	 t q[11]
Gate( 6729)	cx q[10], q[4]
Gate( 6730)	cx q[11], q[10]
Gate( 6731)	cx q[4], q[11]
Gate( 6732)	tdg q[10]
Gate( 6733)	cx q[4], q[10]
Gate( 6734)	tdg q[4]
Gate( 6735)	tdg q[10]
Gate( 6736)	 t q[11]
Gate( 6737)	cx q[11], q[10]
Gate( 6738)	cx q[4], q[11]
Gate( 6739)	cx q[10], q[4]
Gate( 6740)	 h q[11]
Gate( 6741)	 h q[10]
Gate( 6742)	 t q[5]
Gate( 6743)	 t q[9]
Gate( 6744)	 t q[10]
Gate( 6745)	cx q[9], q[5]
Gate( 6746)	cx q[10], q[9]
Gate( 6747)	cx q[5], q[10]
Gate( 6748)	tdg q[9]
Gate( 6749)	cx q[5], q[9]
Gate( 6750)	tdg q[5]
Gate( 6751)	tdg q[9]
Gate( 6752)	 t q[10]
Gate( 6753)	cx q[10], q[9]
Gate( 6754)	cx q[5], q[10]
Gate( 6755)	cx q[9], q[5]
Gate( 6756)	 h q[10]
Gate( 6757)	 h q[9]
Gate( 6758)	 t q[7]
Gate( 6759)	 t q[6]
Gate( 6760)	 t q[9]
Gate( 6761)	cx q[6], q[7]
Gate( 6762)	cx q[9], q[6]
Gate( 6763)	cx q[7], q[9]
Gate( 6764)	tdg q[6]
Gate( 6765)	cx q[7], q[6]
Gate( 6766)	tdg q[7]
Gate( 6767)	tdg q[6]
Gate( 6768)	 t q[9]
Gate( 6769)	cx q[9], q[6]
Gate( 6770)	cx q[7], q[9]
Gate( 6771)	cx q[6], q[7]
Gate( 6772)	 h q[9]
Gate( 6773)	 h q[10]
Gate( 6774)	 t q[5]
Gate( 6775)	 t q[9]
Gate( 6776)	 t q[10]
Gate( 6777)	cx q[9], q[5]
Gate( 6778)	cx q[10], q[9]
Gate( 6779)	cx q[5], q[10]
Gate( 6780)	tdg q[9]
Gate( 6781)	cx q[5], q[9]
Gate( 6782)	tdg q[5]
Gate( 6783)	tdg q[9]
Gate( 6784)	 t q[10]
Gate( 6785)	cx q[10], q[9]
Gate( 6786)	cx q[5], q[10]
Gate( 6787)	cx q[9], q[5]
Gate( 6788)	 h q[10]
Gate( 6789)	 h q[11]
Gate( 6790)	 t q[4]
Gate( 6791)	 t q[10]
Gate( 6792)	 t q[11]
Gate( 6793)	cx q[10], q[4]
Gate( 6794)	cx q[11], q[10]
Gate( 6795)	cx q[4], q[11]
Gate( 6796)	tdg q[10]
Gate( 6797)	cx q[4], q[10]
Gate( 6798)	tdg q[4]
Gate( 6799)	tdg q[10]
Gate( 6800)	 t q[11]
Gate( 6801)	cx q[11], q[10]
Gate( 6802)	cx q[4], q[11]
Gate( 6803)	cx q[10], q[4]
Gate( 6804)	 h q[11]
Gate( 6805)	 h q[0]
Gate( 6806)	 t q[1]
Gate( 6807)	 t q[11]
Gate( 6808)	 t q[0]
Gate( 6809)	cx q[11], q[1]
Gate( 6810)	cx q[0], q[11]
Gate( 6811)	cx q[1], q[0]
Gate( 6812)	tdg q[11]
Gate( 6813)	cx q[1], q[11]
Gate( 6814)	tdg q[1]
Gate( 6815)	tdg q[11]
Gate( 6816)	 t q[0]
Gate( 6817)	cx q[0], q[11]
Gate( 6818)	cx q[1], q[0]
Gate( 6819)	cx q[11], q[1]
Gate( 6820)	 h q[0]
Gate( 6821)	 h q[11]
Gate( 6822)	 t q[4]
Gate( 6823)	 t q[10]
Gate( 6824)	 t q[11]
Gate( 6825)	cx q[10], q[4]
Gate( 6826)	cx q[11], q[10]
Gate( 6827)	cx q[4], q[11]
Gate( 6828)	tdg q[10]
Gate( 6829)	cx q[4], q[10]
Gate( 6830)	tdg q[4]
Gate( 6831)	tdg q[10]
Gate( 6832)	 t q[11]
Gate( 6833)	cx q[11], q[10]
Gate( 6834)	cx q[4], q[11]
Gate( 6835)	cx q[10], q[4]
Gate( 6836)	 h q[11]
Gate( 6837)	 h q[10]
Gate( 6838)	 t q[5]
Gate( 6839)	 t q[9]
Gate( 6840)	 t q[10]
Gate( 6841)	cx q[9], q[5]
Gate( 6842)	cx q[10], q[9]
Gate( 6843)	cx q[5], q[10]
Gate( 6844)	tdg q[9]
Gate( 6845)	cx q[5], q[9]
Gate( 6846)	tdg q[5]
Gate( 6847)	tdg q[9]
Gate( 6848)	 t q[10]
Gate( 6849)	cx q[10], q[9]
Gate( 6850)	cx q[5], q[10]
Gate( 6851)	cx q[9], q[5]
Gate( 6852)	 h q[10]
Gate( 6853)	 h q[9]
Gate( 6854)	 t q[7]
Gate( 6855)	 t q[6]
Gate( 6856)	 t q[9]
Gate( 6857)	cx q[6], q[7]
Gate( 6858)	cx q[9], q[6]
Gate( 6859)	cx q[7], q[9]
Gate( 6860)	tdg q[6]
Gate( 6861)	cx q[7], q[6]
Gate( 6862)	tdg q[7]
Gate( 6863)	tdg q[6]
Gate( 6864)	 t q[9]
Gate( 6865)	cx q[9], q[6]
Gate( 6866)	cx q[7], q[9]
Gate( 6867)	cx q[6], q[7]
Gate( 6868)	 h q[9]
Gate( 6869)	 h q[10]
Gate( 6870)	 t q[5]
Gate( 6871)	 t q[9]
Gate( 6872)	 t q[10]
Gate( 6873)	cx q[9], q[5]
Gate( 6874)	cx q[10], q[9]
Gate( 6875)	cx q[5], q[10]
Gate( 6876)	tdg q[9]
Gate( 6877)	cx q[5], q[9]
Gate( 6878)	tdg q[5]
Gate( 6879)	tdg q[9]
Gate( 6880)	 t q[10]
Gate( 6881)	cx q[10], q[9]
Gate( 6882)	cx q[5], q[10]
Gate( 6883)	cx q[9], q[5]
Gate( 6884)	 h q[10]
Gate( 6885)	 h q[11]
Gate( 6886)	 t q[4]
Gate( 6887)	 t q[10]
Gate( 6888)	 t q[11]
Gate( 6889)	cx q[10], q[4]
Gate( 6890)	cx q[11], q[10]
Gate( 6891)	cx q[4], q[11]
Gate( 6892)	tdg q[10]
Gate( 6893)	cx q[4], q[10]
Gate( 6894)	tdg q[4]
Gate( 6895)	tdg q[10]
Gate( 6896)	 t q[11]
Gate( 6897)	cx q[11], q[10]
Gate( 6898)	cx q[4], q[11]
Gate( 6899)	cx q[10], q[4]
Gate( 6900)	 h q[11]
Gate( 6901)	 h q[1]
Gate( 6902)	 t q[9]
Gate( 6903)	 t q[8]
Gate( 6904)	 t q[1]
Gate( 6905)	cx q[8], q[9]
Gate( 6906)	cx q[1], q[8]
Gate( 6907)	cx q[9], q[1]
Gate( 6908)	tdg q[8]
Gate( 6909)	cx q[9], q[8]
Gate( 6910)	tdg q[9]
Gate( 6911)	tdg q[8]
Gate( 6912)	 t q[1]
Gate( 6913)	cx q[1], q[8]
Gate( 6914)	cx q[9], q[1]
Gate( 6915)	cx q[8], q[9]
Gate( 6916)	 h q[1]
Gate( 6917)	 h q[8]
Gate( 6918)	 t q[11]
Gate( 6919)	 t q[10]
Gate( 6920)	 t q[8]
Gate( 6921)	cx q[10], q[11]
Gate( 6922)	cx q[8], q[10]
Gate( 6923)	cx q[11], q[8]
Gate( 6924)	tdg q[10]
Gate( 6925)	cx q[11], q[10]
Gate( 6926)	tdg q[11]
Gate( 6927)	tdg q[10]
Gate( 6928)	 t q[8]
Gate( 6929)	cx q[8], q[10]
Gate( 6930)	cx q[11], q[8]
Gate( 6931)	cx q[10], q[11]
Gate( 6932)	 h q[8]
Gate( 6933)	 h q[1]
Gate( 6934)	 t q[9]
Gate( 6935)	 t q[8]
Gate( 6936)	 t q[1]
Gate( 6937)	cx q[8], q[9]
Gate( 6938)	cx q[1], q[8]
Gate( 6939)	cx q[9], q[1]
Gate( 6940)	tdg q[8]
Gate( 6941)	cx q[9], q[8]
Gate( 6942)	tdg q[9]
Gate( 6943)	tdg q[8]
Gate( 6944)	 t q[1]
Gate( 6945)	cx q[1], q[8]
Gate( 6946)	cx q[9], q[1]
Gate( 6947)	cx q[8], q[9]
Gate( 6948)	 h q[1]
Gate( 6949)	 h q[8]
Gate( 6950)	 t q[11]
Gate( 6951)	 t q[10]
Gate( 6952)	 t q[8]
Gate( 6953)	cx q[10], q[11]
Gate( 6954)	cx q[8], q[10]
Gate( 6955)	cx q[11], q[8]
Gate( 6956)	tdg q[10]
Gate( 6957)	cx q[11], q[10]
Gate( 6958)	tdg q[11]
Gate( 6959)	tdg q[10]
Gate( 6960)	 t q[8]
Gate( 6961)	cx q[8], q[10]
Gate( 6962)	cx q[11], q[8]
Gate( 6963)	cx q[10], q[11]
Gate( 6964)	 h q[8]
Gate( 6965)	 h q[0]
Gate( 6966)	 t q[1]
Gate( 6967)	 t q[11]
Gate( 6968)	 t q[0]
Gate( 6969)	cx q[11], q[1]
Gate( 6970)	cx q[0], q[11]
Gate( 6971)	cx q[1], q[0]
Gate( 6972)	tdg q[11]
Gate( 6973)	cx q[1], q[11]
Gate( 6974)	tdg q[1]
Gate( 6975)	tdg q[11]
Gate( 6976)	 t q[0]
Gate( 6977)	cx q[0], q[11]
Gate( 6978)	cx q[1], q[0]
Gate( 6979)	cx q[11], q[1]
Gate( 6980)	 h q[0]
Gate( 6981)	 h q[11]
Gate( 6982)	 t q[4]
Gate( 6983)	 t q[10]
Gate( 6984)	 t q[11]
Gate( 6985)	cx q[10], q[4]
Gate( 6986)	cx q[11], q[10]
Gate( 6987)	cx q[4], q[11]
Gate( 6988)	tdg q[10]
Gate( 6989)	cx q[4], q[10]
Gate( 6990)	tdg q[4]
Gate( 6991)	tdg q[10]
Gate( 6992)	 t q[11]
Gate( 6993)	cx q[11], q[10]
Gate( 6994)	cx q[4], q[11]
Gate( 6995)	cx q[10], q[4]
Gate( 6996)	 h q[11]
Gate( 6997)	 h q[10]
Gate( 6998)	 t q[5]
Gate( 6999)	 t q[9]
Gate( 7000)	 t q[10]
Gate( 7001)	cx q[9], q[5]
Gate( 7002)	cx q[10], q[9]
Gate( 7003)	cx q[5], q[10]
Gate( 7004)	tdg q[9]
Gate( 7005)	cx q[5], q[9]
Gate( 7006)	tdg q[5]
Gate( 7007)	tdg q[9]
Gate( 7008)	 t q[10]
Gate( 7009)	cx q[10], q[9]
Gate( 7010)	cx q[5], q[10]
Gate( 7011)	cx q[9], q[5]
Gate( 7012)	 h q[10]
Gate( 7013)	 h q[9]
Gate( 7014)	 t q[7]
Gate( 7015)	 t q[6]
Gate( 7016)	 t q[9]
Gate( 7017)	cx q[6], q[7]
Gate( 7018)	cx q[9], q[6]
Gate( 7019)	cx q[7], q[9]
Gate( 7020)	tdg q[6]
Gate( 7021)	cx q[7], q[6]
Gate( 7022)	tdg q[7]
Gate( 7023)	tdg q[6]
Gate( 7024)	 t q[9]
Gate( 7025)	cx q[9], q[6]
Gate( 7026)	cx q[7], q[9]
Gate( 7027)	cx q[6], q[7]
Gate( 7028)	 h q[9]
Gate( 7029)	 h q[10]
Gate( 7030)	 t q[5]
Gate( 7031)	 t q[9]
Gate( 7032)	 t q[10]
Gate( 7033)	cx q[9], q[5]
Gate( 7034)	cx q[10], q[9]
Gate( 7035)	cx q[5], q[10]
Gate( 7036)	tdg q[9]
Gate( 7037)	cx q[5], q[9]
Gate( 7038)	tdg q[5]
Gate( 7039)	tdg q[9]
Gate( 7040)	 t q[10]
Gate( 7041)	cx q[10], q[9]
Gate( 7042)	cx q[5], q[10]
Gate( 7043)	cx q[9], q[5]
Gate( 7044)	 h q[10]
Gate( 7045)	 h q[11]
Gate( 7046)	 t q[4]
Gate( 7047)	 t q[10]
Gate( 7048)	 t q[11]
Gate( 7049)	cx q[10], q[4]
Gate( 7050)	cx q[11], q[10]
Gate( 7051)	cx q[4], q[11]
Gate( 7052)	tdg q[10]
Gate( 7053)	cx q[4], q[10]
Gate( 7054)	tdg q[4]
Gate( 7055)	tdg q[10]
Gate( 7056)	 t q[11]
Gate( 7057)	cx q[11], q[10]
Gate( 7058)	cx q[4], q[11]
Gate( 7059)	cx q[10], q[4]
Gate( 7060)	 h q[11]
Gate( 7061)	 h q[0]
Gate( 7062)	 t q[1]
Gate( 7063)	 t q[11]
Gate( 7064)	 t q[0]
Gate( 7065)	cx q[11], q[1]
Gate( 7066)	cx q[0], q[11]
Gate( 7067)	cx q[1], q[0]
Gate( 7068)	tdg q[11]
Gate( 7069)	cx q[1], q[11]
Gate( 7070)	tdg q[1]
Gate( 7071)	tdg q[11]
Gate( 7072)	 t q[0]
Gate( 7073)	cx q[0], q[11]
Gate( 7074)	cx q[1], q[0]
Gate( 7075)	cx q[11], q[1]
Gate( 7076)	 h q[0]
Gate( 7077)	 h q[11]
Gate( 7078)	 t q[4]
Gate( 7079)	 t q[10]
Gate( 7080)	 t q[11]
Gate( 7081)	cx q[10], q[4]
Gate( 7082)	cx q[11], q[10]
Gate( 7083)	cx q[4], q[11]
Gate( 7084)	tdg q[10]
Gate( 7085)	cx q[4], q[10]
Gate( 7086)	tdg q[4]
Gate( 7087)	tdg q[10]
Gate( 7088)	 t q[11]
Gate( 7089)	cx q[11], q[10]
Gate( 7090)	cx q[4], q[11]
Gate( 7091)	cx q[10], q[4]
Gate( 7092)	 h q[11]
Gate( 7093)	 h q[10]
Gate( 7094)	 t q[5]
Gate( 7095)	 t q[9]
Gate( 7096)	 t q[10]
Gate( 7097)	cx q[9], q[5]
Gate( 7098)	cx q[10], q[9]
Gate( 7099)	cx q[5], q[10]
Gate( 7100)	tdg q[9]
Gate( 7101)	cx q[5], q[9]
Gate( 7102)	tdg q[5]
Gate( 7103)	tdg q[9]
Gate( 7104)	 t q[10]
Gate( 7105)	cx q[10], q[9]
Gate( 7106)	cx q[5], q[10]
Gate( 7107)	cx q[9], q[5]
Gate( 7108)	 h q[10]
Gate( 7109)	 h q[9]
Gate( 7110)	 t q[7]
Gate( 7111)	 t q[6]
Gate( 7112)	 t q[9]
Gate( 7113)	cx q[6], q[7]
Gate( 7114)	cx q[9], q[6]
Gate( 7115)	cx q[7], q[9]
Gate( 7116)	tdg q[6]
Gate( 7117)	cx q[7], q[6]
Gate( 7118)	tdg q[7]
Gate( 7119)	tdg q[6]
Gate( 7120)	 t q[9]
Gate( 7121)	cx q[9], q[6]
Gate( 7122)	cx q[7], q[9]
Gate( 7123)	cx q[6], q[7]
Gate( 7124)	 h q[9]
Gate( 7125)	 h q[10]
Gate( 7126)	 t q[5]
Gate( 7127)	 t q[9]
Gate( 7128)	 t q[10]
Gate( 7129)	cx q[9], q[5]
Gate( 7130)	cx q[10], q[9]
Gate( 7131)	cx q[5], q[10]
Gate( 7132)	tdg q[9]
Gate( 7133)	cx q[5], q[9]
Gate( 7134)	tdg q[5]
Gate( 7135)	tdg q[9]
Gate( 7136)	 t q[10]
Gate( 7137)	cx q[10], q[9]
Gate( 7138)	cx q[5], q[10]
Gate( 7139)	cx q[9], q[5]
Gate( 7140)	 h q[10]
Gate( 7141)	 h q[11]
Gate( 7142)	 t q[4]
Gate( 7143)	 t q[10]
Gate( 7144)	 t q[11]
Gate( 7145)	cx q[10], q[4]
Gate( 7146)	cx q[11], q[10]
Gate( 7147)	cx q[4], q[11]
Gate( 7148)	tdg q[10]
Gate( 7149)	cx q[4], q[10]
Gate( 7150)	tdg q[4]
Gate( 7151)	tdg q[10]
Gate( 7152)	 t q[11]
Gate( 7153)	cx q[11], q[10]
Gate( 7154)	cx q[4], q[11]
Gate( 7155)	cx q[10], q[4]
Gate( 7156)	 h q[11]
Gate( 7157)	 h q[0]
Gate( 7158)	 t q[4]
Gate( 7159)	 t q[10]
Gate( 7160)	 t q[0]
Gate( 7161)	cx q[10], q[4]
Gate( 7162)	cx q[0], q[10]
Gate( 7163)	cx q[4], q[0]
Gate( 7164)	tdg q[10]
Gate( 7165)	cx q[4], q[10]
Gate( 7166)	tdg q[4]
Gate( 7167)	tdg q[10]
Gate( 7168)	 t q[0]
Gate( 7169)	cx q[0], q[10]
Gate( 7170)	cx q[4], q[0]
Gate( 7171)	cx q[10], q[4]
Gate( 7172)	 h q[0]
Gate( 7173)	 h q[10]
Gate( 7174)	 t q[5]
Gate( 7175)	 t q[7]
Gate( 7176)	 t q[10]
Gate( 7177)	cx q[7], q[5]
Gate( 7178)	cx q[10], q[7]
Gate( 7179)	cx q[5], q[10]
Gate( 7180)	tdg q[7]
Gate( 7181)	cx q[5], q[7]
Gate( 7182)	tdg q[5]
Gate( 7183)	tdg q[7]
Gate( 7184)	 t q[10]
Gate( 7185)	cx q[10], q[7]
Gate( 7186)	cx q[5], q[10]
Gate( 7187)	cx q[7], q[5]
Gate( 7188)	 h q[10]
Gate( 7189)	 h q[7]
Gate( 7190)	 t q[6]
Gate( 7191)	 t q[3]
Gate( 7192)	 t q[7]
Gate( 7193)	cx q[3], q[6]
Gate( 7194)	cx q[7], q[3]
Gate( 7195)	cx q[6], q[7]
Gate( 7196)	tdg q[3]
Gate( 7197)	cx q[6], q[3]
Gate( 7198)	tdg q[6]
Gate( 7199)	tdg q[3]
Gate( 7200)	 t q[7]
Gate( 7201)	cx q[7], q[3]
Gate( 7202)	cx q[6], q[7]
Gate( 7203)	cx q[3], q[6]
Gate( 7204)	 h q[7]
Gate( 7205)	 h q[3]
Gate( 7206)	 t q[8]
Gate( 7207)	 t q[2]
Gate( 7208)	 t q[3]
Gate( 7209)	cx q[2], q[8]
Gate( 7210)	cx q[3], q[2]
Gate( 7211)	cx q[8], q[3]
Gate( 7212)	tdg q[2]
Gate( 7213)	cx q[8], q[2]
Gate( 7214)	tdg q[8]
Gate( 7215)	tdg q[2]
Gate( 7216)	 t q[3]
Gate( 7217)	cx q[3], q[2]
Gate( 7218)	cx q[8], q[3]
Gate( 7219)	cx q[2], q[8]
Gate( 7220)	 h q[3]
Gate( 7221)	 h q[2]
Gate( 7222)	 t q[11]
Gate( 7223)	 t q[9]
Gate( 7224)	 t q[2]
Gate( 7225)	cx q[9], q[11]
Gate( 7226)	cx q[2], q[9]
Gate( 7227)	cx q[11], q[2]
Gate( 7228)	tdg q[9]
Gate( 7229)	cx q[11], q[9]
Gate( 7230)	tdg q[11]
Gate( 7231)	tdg q[9]
Gate( 7232)	 t q[2]
Gate( 7233)	cx q[2], q[9]
Gate( 7234)	cx q[11], q[2]
Gate( 7235)	cx q[9], q[11]
Gate( 7236)	 h q[2]
Gate( 7237)	 h q[3]
Gate( 7238)	 t q[8]
Gate( 7239)	 t q[2]
Gate( 7240)	 t q[3]
Gate( 7241)	cx q[2], q[8]
Gate( 7242)	cx q[3], q[2]
Gate( 7243)	cx q[8], q[3]
Gate( 7244)	tdg q[2]
Gate( 7245)	cx q[8], q[2]
Gate( 7246)	tdg q[8]
Gate( 7247)	tdg q[2]
Gate( 7248)	 t q[3]
Gate( 7249)	cx q[3], q[2]
Gate( 7250)	cx q[8], q[3]
Gate( 7251)	cx q[2], q[8]
Gate( 7252)	 h q[3]
Gate( 7253)	 h q[7]
Gate( 7254)	 t q[6]
Gate( 7255)	 t q[3]
Gate( 7256)	 t q[7]
Gate( 7257)	cx q[3], q[6]
Gate( 7258)	cx q[7], q[3]
Gate( 7259)	cx q[6], q[7]
Gate( 7260)	tdg q[3]
Gate( 7261)	cx q[6], q[3]
Gate( 7262)	tdg q[6]
Gate( 7263)	tdg q[3]
Gate( 7264)	 t q[7]
Gate( 7265)	cx q[7], q[3]
Gate( 7266)	cx q[6], q[7]
Gate( 7267)	cx q[3], q[6]
Gate( 7268)	 h q[7]
Gate( 7269)	 h q[10]
Gate( 7270)	 t q[5]
Gate( 7271)	 t q[7]
Gate( 7272)	 t q[10]
Gate( 7273)	cx q[7], q[5]
Gate( 7274)	cx q[10], q[7]
Gate( 7275)	cx q[5], q[10]
Gate( 7276)	tdg q[7]
Gate( 7277)	cx q[5], q[7]
Gate( 7278)	tdg q[5]
Gate( 7279)	tdg q[7]
Gate( 7280)	 t q[10]
Gate( 7281)	cx q[10], q[7]
Gate( 7282)	cx q[5], q[10]
Gate( 7283)	cx q[7], q[5]
Gate( 7284)	 h q[10]
Gate( 7285)	 h q[0]
Gate( 7286)	 t q[4]
Gate( 7287)	 t q[10]
Gate( 7288)	 t q[0]
Gate( 7289)	cx q[10], q[4]
Gate( 7290)	cx q[0], q[10]
Gate( 7291)	cx q[4], q[0]
Gate( 7292)	tdg q[10]
Gate( 7293)	cx q[4], q[10]
Gate( 7294)	tdg q[4]
Gate( 7295)	tdg q[10]
Gate( 7296)	 t q[0]
Gate( 7297)	cx q[0], q[10]
Gate( 7298)	cx q[4], q[0]
Gate( 7299)	cx q[10], q[4]
Gate( 7300)	 h q[0]
Gate( 7301)	 h q[10]
Gate( 7302)	 t q[5]
Gate( 7303)	 t q[7]
Gate( 7304)	 t q[10]
Gate( 7305)	cx q[7], q[5]
Gate( 7306)	cx q[10], q[7]
Gate( 7307)	cx q[5], q[10]
Gate( 7308)	tdg q[7]
Gate( 7309)	cx q[5], q[7]
Gate( 7310)	tdg q[5]
Gate( 7311)	tdg q[7]
Gate( 7312)	 t q[10]
Gate( 7313)	cx q[10], q[7]
Gate( 7314)	cx q[5], q[10]
Gate( 7315)	cx q[7], q[5]
Gate( 7316)	 h q[10]
Gate( 7317)	 h q[7]
Gate( 7318)	 t q[6]
Gate( 7319)	 t q[3]
Gate( 7320)	 t q[7]
Gate( 7321)	cx q[3], q[6]
Gate( 7322)	cx q[7], q[3]
Gate( 7323)	cx q[6], q[7]
Gate( 7324)	tdg q[3]
Gate( 7325)	cx q[6], q[3]
Gate( 7326)	tdg q[6]
Gate( 7327)	tdg q[3]
Gate( 7328)	 t q[7]
Gate( 7329)	cx q[7], q[3]
Gate( 7330)	cx q[6], q[7]
Gate( 7331)	cx q[3], q[6]
Gate( 7332)	 h q[7]
Gate( 7333)	 h q[3]
Gate( 7334)	 t q[8]
Gate( 7335)	 t q[2]
Gate( 7336)	 t q[3]
Gate( 7337)	cx q[2], q[8]
Gate( 7338)	cx q[3], q[2]
Gate( 7339)	cx q[8], q[3]
Gate( 7340)	tdg q[2]
Gate( 7341)	cx q[8], q[2]
Gate( 7342)	tdg q[8]
Gate( 7343)	tdg q[2]
Gate( 7344)	 t q[3]
Gate( 7345)	cx q[3], q[2]
Gate( 7346)	cx q[8], q[3]
Gate( 7347)	cx q[2], q[8]
Gate( 7348)	 h q[3]
Gate( 7349)	 h q[2]
Gate( 7350)	 t q[11]
Gate( 7351)	 t q[9]
Gate( 7352)	 t q[2]
Gate( 7353)	cx q[9], q[11]
Gate( 7354)	cx q[2], q[9]
Gate( 7355)	cx q[11], q[2]
Gate( 7356)	tdg q[9]
Gate( 7357)	cx q[11], q[9]
Gate( 7358)	tdg q[11]
Gate( 7359)	tdg q[9]
Gate( 7360)	 t q[2]
Gate( 7361)	cx q[2], q[9]
Gate( 7362)	cx q[11], q[2]
Gate( 7363)	cx q[9], q[11]
Gate( 7364)	 h q[2]
Gate( 7365)	 h q[3]
Gate( 7366)	 t q[8]
Gate( 7367)	 t q[2]
Gate( 7368)	 t q[3]
Gate( 7369)	cx q[2], q[8]
Gate( 7370)	cx q[3], q[2]
Gate( 7371)	cx q[8], q[3]
Gate( 7372)	tdg q[2]
Gate( 7373)	cx q[8], q[2]
Gate( 7374)	tdg q[8]
Gate( 7375)	tdg q[2]
Gate( 7376)	 t q[3]
Gate( 7377)	cx q[3], q[2]
Gate( 7378)	cx q[8], q[3]
Gate( 7379)	cx q[2], q[8]
Gate( 7380)	 h q[3]
Gate( 7381)	 h q[7]
Gate( 7382)	 t q[6]
Gate( 7383)	 t q[3]
Gate( 7384)	 t q[7]
Gate( 7385)	cx q[3], q[6]
Gate( 7386)	cx q[7], q[3]
Gate( 7387)	cx q[6], q[7]
Gate( 7388)	tdg q[3]
Gate( 7389)	cx q[6], q[3]
Gate( 7390)	tdg q[6]
Gate( 7391)	tdg q[3]
Gate( 7392)	 t q[7]
Gate( 7393)	cx q[7], q[3]
Gate( 7394)	cx q[6], q[7]
Gate( 7395)	cx q[3], q[6]
Gate( 7396)	 h q[7]
Gate( 7397)	 h q[10]
Gate( 7398)	 t q[5]
Gate( 7399)	 t q[7]
Gate( 7400)	 t q[10]
Gate( 7401)	cx q[7], q[5]
Gate( 7402)	cx q[10], q[7]
Gate( 7403)	cx q[5], q[10]
Gate( 7404)	tdg q[7]
Gate( 7405)	cx q[5], q[7]
Gate( 7406)	tdg q[5]
Gate( 7407)	tdg q[7]
Gate( 7408)	 t q[10]
Gate( 7409)	cx q[10], q[7]
Gate( 7410)	cx q[5], q[10]
Gate( 7411)	cx q[7], q[5]
Gate( 7412)	 h q[10]
Gate( 7413)	 x q[6]
Gate( 7414)	 x q[7]
Gate( 7415)	 h q[2]
Gate( 7416)	 t q[11]
Gate( 7417)	 t q[7]
Gate( 7418)	 t q[2]
Gate( 7419)	cx q[7], q[11]
Gate( 7420)	cx q[2], q[7]
Gate( 7421)	cx q[11], q[2]
Gate( 7422)	tdg q[7]
Gate( 7423)	cx q[11], q[7]
Gate( 7424)	tdg q[11]
Gate( 7425)	tdg q[7]
Gate( 7426)	 t q[2]
Gate( 7427)	cx q[2], q[7]
Gate( 7428)	cx q[11], q[2]
Gate( 7429)	cx q[7], q[11]
Gate( 7430)	 h q[2]
Gate( 7431)	 x q[8]
Gate( 7432)	 h q[0]
Gate( 7433)	 t q[5]
Gate( 7434)	 t q[10]
Gate( 7435)	 t q[0]
Gate( 7436)	cx q[10], q[5]
Gate( 7437)	cx q[0], q[10]
Gate( 7438)	cx q[5], q[0]
Gate( 7439)	tdg q[10]
Gate( 7440)	cx q[5], q[10]
Gate( 7441)	tdg q[5]
Gate( 7442)	tdg q[10]
Gate( 7443)	 t q[0]
Gate( 7444)	cx q[0], q[10]
Gate( 7445)	cx q[5], q[0]
Gate( 7446)	cx q[10], q[5]
Gate( 7447)	 h q[0]
Gate( 7448)	 h q[10]
Gate( 7449)	 t q[6]
Gate( 7450)	 t q[4]
Gate( 7451)	 t q[10]
Gate( 7452)	cx q[4], q[6]
Gate( 7453)	cx q[10], q[4]
Gate( 7454)	cx q[6], q[10]
Gate( 7455)	tdg q[4]
Gate( 7456)	cx q[6], q[4]
Gate( 7457)	tdg q[6]
Gate( 7458)	tdg q[4]
Gate( 7459)	 t q[10]
Gate( 7460)	cx q[10], q[4]
Gate( 7461)	cx q[6], q[10]
Gate( 7462)	cx q[4], q[6]
Gate( 7463)	 h q[10]
Gate( 7464)	 h q[4]
Gate( 7465)	 t q[7]
Gate( 7466)	 t q[3]
Gate( 7467)	 t q[4]
Gate( 7468)	cx q[3], q[7]
Gate( 7469)	cx q[4], q[3]
Gate( 7470)	cx q[7], q[4]
Gate( 7471)	tdg q[3]
Gate( 7472)	cx q[7], q[3]
Gate( 7473)	tdg q[7]
Gate( 7474)	tdg q[3]
Gate( 7475)	 t q[4]
Gate( 7476)	cx q[4], q[3]
Gate( 7477)	cx q[7], q[4]
Gate( 7478)	cx q[3], q[7]
Gate( 7479)	 h q[4]
Gate( 7480)	 h q[3]
Gate( 7481)	 t q[8]
Gate( 7482)	 t q[2]
Gate( 7483)	 t q[3]
Gate( 7484)	cx q[2], q[8]
Gate( 7485)	cx q[3], q[2]
Gate( 7486)	cx q[8], q[3]
Gate( 7487)	tdg q[2]
Gate( 7488)	cx q[8], q[2]
Gate( 7489)	tdg q[8]
Gate( 7490)	tdg q[2]
Gate( 7491)	 t q[3]
Gate( 7492)	cx q[3], q[2]
Gate( 7493)	cx q[8], q[3]
Gate( 7494)	cx q[2], q[8]
Gate( 7495)	 h q[3]
Gate( 7496)	 h q[2]
Gate( 7497)	 t q[11]
Gate( 7498)	 t q[9]
Gate( 7499)	 t q[2]
Gate( 7500)	cx q[9], q[11]
Gate( 7501)	cx q[2], q[9]
Gate( 7502)	cx q[11], q[2]
Gate( 7503)	tdg q[9]
Gate( 7504)	cx q[11], q[9]
Gate( 7505)	tdg q[11]
Gate( 7506)	tdg q[9]
Gate( 7507)	 t q[2]
Gate( 7508)	cx q[2], q[9]
Gate( 7509)	cx q[11], q[2]
Gate( 7510)	cx q[9], q[11]
Gate( 7511)	 h q[2]
Gate( 7512)	 h q[3]
Gate( 7513)	 t q[8]
Gate( 7514)	 t q[2]
Gate( 7515)	 t q[3]
Gate( 7516)	cx q[2], q[8]
Gate( 7517)	cx q[3], q[2]
Gate( 7518)	cx q[8], q[3]
Gate( 7519)	tdg q[2]
Gate( 7520)	cx q[8], q[2]
Gate( 7521)	tdg q[8]
Gate( 7522)	tdg q[2]
Gate( 7523)	 t q[3]
Gate( 7524)	cx q[3], q[2]
Gate( 7525)	cx q[8], q[3]
Gate( 7526)	cx q[2], q[8]
Gate( 7527)	 h q[3]
Gate( 7528)	 h q[4]
Gate( 7529)	 t q[7]
Gate( 7530)	 t q[3]
Gate( 7531)	 t q[4]
Gate( 7532)	cx q[3], q[7]
Gate( 7533)	cx q[4], q[3]
Gate( 7534)	cx q[7], q[4]
Gate( 7535)	tdg q[3]
Gate( 7536)	cx q[7], q[3]
Gate( 7537)	tdg q[7]
Gate( 7538)	tdg q[3]
Gate( 7539)	 t q[4]
Gate( 7540)	cx q[4], q[3]
Gate( 7541)	cx q[7], q[4]
Gate( 7542)	cx q[3], q[7]
Gate( 7543)	 h q[4]
Gate( 7544)	 h q[10]
Gate( 7545)	 t q[6]
Gate( 7546)	 t q[4]
Gate( 7547)	 t q[10]
Gate( 7548)	cx q[4], q[6]
Gate( 7549)	cx q[10], q[4]
Gate( 7550)	cx q[6], q[10]
Gate( 7551)	tdg q[4]
Gate( 7552)	cx q[6], q[4]
Gate( 7553)	tdg q[6]
Gate( 7554)	tdg q[4]
Gate( 7555)	 t q[10]
Gate( 7556)	cx q[10], q[4]
Gate( 7557)	cx q[6], q[10]
Gate( 7558)	cx q[4], q[6]
Gate( 7559)	 h q[10]
Gate( 7560)	 h q[0]
Gate( 7561)	 t q[5]
Gate( 7562)	 t q[10]
Gate( 7563)	 t q[0]
Gate( 7564)	cx q[10], q[5]
Gate( 7565)	cx q[0], q[10]
Gate( 7566)	cx q[5], q[0]
Gate( 7567)	tdg q[10]
Gate( 7568)	cx q[5], q[10]
Gate( 7569)	tdg q[5]
Gate( 7570)	tdg q[10]
Gate( 7571)	 t q[0]
Gate( 7572)	cx q[0], q[10]
Gate( 7573)	cx q[5], q[0]
Gate( 7574)	cx q[10], q[5]
Gate( 7575)	 h q[0]
Gate( 7576)	 h q[10]
Gate( 7577)	 t q[6]
Gate( 7578)	 t q[4]
Gate( 7579)	 t q[10]
Gate( 7580)	cx q[4], q[6]
Gate( 7581)	cx q[10], q[4]
Gate( 7582)	cx q[6], q[10]
Gate( 7583)	tdg q[4]
Gate( 7584)	cx q[6], q[4]
Gate( 7585)	tdg q[6]
Gate( 7586)	tdg q[4]
Gate( 7587)	 t q[10]
Gate( 7588)	cx q[10], q[4]
Gate( 7589)	cx q[6], q[10]
Gate( 7590)	cx q[4], q[6]
Gate( 7591)	 h q[10]
Gate( 7592)	 h q[4]
Gate( 7593)	 t q[7]
Gate( 7594)	 t q[3]
Gate( 7595)	 t q[4]
Gate( 7596)	cx q[3], q[7]
Gate( 7597)	cx q[4], q[3]
Gate( 7598)	cx q[7], q[4]
Gate( 7599)	tdg q[3]
Gate( 7600)	cx q[7], q[3]
Gate( 7601)	tdg q[7]
Gate( 7602)	tdg q[3]
Gate( 7603)	 t q[4]
Gate( 7604)	cx q[4], q[3]
Gate( 7605)	cx q[7], q[4]
Gate( 7606)	cx q[3], q[7]
Gate( 7607)	 h q[4]
Gate( 7608)	 h q[3]
Gate( 7609)	 t q[8]
Gate( 7610)	 t q[2]
Gate( 7611)	 t q[3]
Gate( 7612)	cx q[2], q[8]
Gate( 7613)	cx q[3], q[2]
Gate( 7614)	cx q[8], q[3]
Gate( 7615)	tdg q[2]
Gate( 7616)	cx q[8], q[2]
Gate( 7617)	tdg q[8]
Gate( 7618)	tdg q[2]
Gate( 7619)	 t q[3]
Gate( 7620)	cx q[3], q[2]
Gate( 7621)	cx q[8], q[3]
Gate( 7622)	cx q[2], q[8]
Gate( 7623)	 h q[3]
Gate( 7624)	 h q[2]
Gate( 7625)	 t q[11]
Gate( 7626)	 t q[9]
Gate( 7627)	 t q[2]
Gate( 7628)	cx q[9], q[11]
Gate( 7629)	cx q[2], q[9]
Gate( 7630)	cx q[11], q[2]
Gate( 7631)	tdg q[9]
Gate( 7632)	cx q[11], q[9]
Gate( 7633)	tdg q[11]
Gate( 7634)	tdg q[9]
Gate( 7635)	 t q[2]
Gate( 7636)	cx q[2], q[9]
Gate( 7637)	cx q[11], q[2]
Gate( 7638)	cx q[9], q[11]
Gate( 7639)	 h q[2]
Gate( 7640)	 h q[3]
Gate( 7641)	 t q[8]
Gate( 7642)	 t q[2]
Gate( 7643)	 t q[3]
Gate( 7644)	cx q[2], q[8]
Gate( 7645)	cx q[3], q[2]
Gate( 7646)	cx q[8], q[3]
Gate( 7647)	tdg q[2]
Gate( 7648)	cx q[8], q[2]
Gate( 7649)	tdg q[8]
Gate( 7650)	tdg q[2]
Gate( 7651)	 t q[3]
Gate( 7652)	cx q[3], q[2]
Gate( 7653)	cx q[8], q[3]
Gate( 7654)	cx q[2], q[8]
Gate( 7655)	 h q[3]
Gate( 7656)	 h q[4]
Gate( 7657)	 t q[7]
Gate( 7658)	 t q[3]
Gate( 7659)	 t q[4]
Gate( 7660)	cx q[3], q[7]
Gate( 7661)	cx q[4], q[3]
Gate( 7662)	cx q[7], q[4]
Gate( 7663)	tdg q[3]
Gate( 7664)	cx q[7], q[3]
Gate( 7665)	tdg q[7]
Gate( 7666)	tdg q[3]
Gate( 7667)	 t q[4]
Gate( 7668)	cx q[4], q[3]
Gate( 7669)	cx q[7], q[4]
Gate( 7670)	cx q[3], q[7]
Gate( 7671)	 h q[4]
Gate( 7672)	 h q[10]
Gate( 7673)	 t q[6]
Gate( 7674)	 t q[4]
Gate( 7675)	 t q[10]
Gate( 7676)	cx q[4], q[6]
Gate( 7677)	cx q[10], q[4]
Gate( 7678)	cx q[6], q[10]
Gate( 7679)	tdg q[4]
Gate( 7680)	cx q[6], q[4]
Gate( 7681)	tdg q[6]
Gate( 7682)	tdg q[4]
Gate( 7683)	 t q[10]
Gate( 7684)	cx q[10], q[4]
Gate( 7685)	cx q[6], q[10]
Gate( 7686)	cx q[4], q[6]
Gate( 7687)	 h q[10]
Gate( 7688)	 x q[5]
Gate( 7689)	 x q[7]
Gate( 7690)	 x q[10]
Gate( 7691)	 h q[0]
Gate( 7692)	 t q[4]
Gate( 7693)	 t q[7]
Gate( 7694)	 t q[0]
Gate( 7695)	cx q[7], q[4]
Gate( 7696)	cx q[0], q[7]
Gate( 7697)	cx q[4], q[0]
Gate( 7698)	tdg q[7]
Gate( 7699)	cx q[4], q[7]
Gate( 7700)	tdg q[4]
Gate( 7701)	tdg q[7]
Gate( 7702)	 t q[0]
Gate( 7703)	cx q[0], q[7]
Gate( 7704)	cx q[4], q[0]
Gate( 7705)	cx q[7], q[4]
Gate( 7706)	 h q[0]
Gate( 7707)	 h q[7]
Gate( 7708)	 t q[6]
Gate( 7709)	 t q[5]
Gate( 7710)	 t q[7]
Gate( 7711)	cx q[5], q[6]
Gate( 7712)	cx q[7], q[5]
Gate( 7713)	cx q[6], q[7]
Gate( 7714)	tdg q[5]
Gate( 7715)	cx q[6], q[5]
Gate( 7716)	tdg q[6]
Gate( 7717)	tdg q[5]
Gate( 7718)	 t q[7]
Gate( 7719)	cx q[7], q[5]
Gate( 7720)	cx q[6], q[7]
Gate( 7721)	cx q[5], q[6]
Gate( 7722)	 h q[7]
Gate( 7723)	 h q[5]
Gate( 7724)	 t q[8]
Gate( 7725)	 t q[3]
Gate( 7726)	 t q[5]
Gate( 7727)	cx q[3], q[8]
Gate( 7728)	cx q[5], q[3]
Gate( 7729)	cx q[8], q[5]
Gate( 7730)	tdg q[3]
Gate( 7731)	cx q[8], q[3]
Gate( 7732)	tdg q[8]
Gate( 7733)	tdg q[3]
Gate( 7734)	 t q[5]
Gate( 7735)	cx q[5], q[3]
Gate( 7736)	cx q[8], q[5]
Gate( 7737)	cx q[3], q[8]
Gate( 7738)	 h q[5]
Gate( 7739)	 h q[3]
Gate( 7740)	 t q[9]
Gate( 7741)	 t q[2]
Gate( 7742)	 t q[3]
Gate( 7743)	cx q[2], q[9]
Gate( 7744)	cx q[3], q[2]
Gate( 7745)	cx q[9], q[3]
Gate( 7746)	tdg q[2]
Gate( 7747)	cx q[9], q[2]
Gate( 7748)	tdg q[9]
Gate( 7749)	tdg q[2]
Gate( 7750)	 t q[3]
Gate( 7751)	cx q[3], q[2]
Gate( 7752)	cx q[9], q[3]
Gate( 7753)	cx q[2], q[9]
Gate( 7754)	 h q[3]
Gate( 7755)	 h q[2]
Gate( 7756)	 t q[11]
Gate( 7757)	 t q[10]
Gate( 7758)	 t q[2]
Gate( 7759)	cx q[10], q[11]
Gate( 7760)	cx q[2], q[10]
Gate( 7761)	cx q[11], q[2]
Gate( 7762)	tdg q[10]
Gate( 7763)	cx q[11], q[10]
Gate( 7764)	tdg q[11]
Gate( 7765)	tdg q[10]
Gate( 7766)	 t q[2]
Gate( 7767)	cx q[2], q[10]
Gate( 7768)	cx q[11], q[2]
Gate( 7769)	cx q[10], q[11]
Gate( 7770)	 h q[2]
Gate( 7771)	 h q[3]
Gate( 7772)	 t q[9]
Gate( 7773)	 t q[2]
Gate( 7774)	 t q[3]
Gate( 7775)	cx q[2], q[9]
Gate( 7776)	cx q[3], q[2]
Gate( 7777)	cx q[9], q[3]
Gate( 7778)	tdg q[2]
Gate( 7779)	cx q[9], q[2]
Gate( 7780)	tdg q[9]
Gate( 7781)	tdg q[2]
Gate( 7782)	 t q[3]
Gate( 7783)	cx q[3], q[2]
Gate( 7784)	cx q[9], q[3]
Gate( 7785)	cx q[2], q[9]
Gate( 7786)	 h q[3]
Gate( 7787)	 h q[5]
Gate( 7788)	 t q[8]
Gate( 7789)	 t q[3]
Gate( 7790)	 t q[5]
Gate( 7791)	cx q[3], q[8]
Gate( 7792)	cx q[5], q[3]
Gate( 7793)	cx q[8], q[5]
Gate( 7794)	tdg q[3]
Gate( 7795)	cx q[8], q[3]
Gate( 7796)	tdg q[8]
Gate( 7797)	tdg q[3]
Gate( 7798)	 t q[5]
Gate( 7799)	cx q[5], q[3]
Gate( 7800)	cx q[8], q[5]
Gate( 7801)	cx q[3], q[8]
Gate( 7802)	 h q[5]
Gate( 7803)	 h q[7]
Gate( 7804)	 t q[6]
Gate( 7805)	 t q[5]
Gate( 7806)	 t q[7]
Gate( 7807)	cx q[5], q[6]
Gate( 7808)	cx q[7], q[5]
Gate( 7809)	cx q[6], q[7]
Gate( 7810)	tdg q[5]
Gate( 7811)	cx q[6], q[5]
Gate( 7812)	tdg q[6]
Gate( 7813)	tdg q[5]
Gate( 7814)	 t q[7]
Gate( 7815)	cx q[7], q[5]
Gate( 7816)	cx q[6], q[7]
Gate( 7817)	cx q[5], q[6]
Gate( 7818)	 h q[7]
Gate( 7819)	 h q[0]
Gate( 7820)	 t q[4]
Gate( 7821)	 t q[7]
Gate( 7822)	 t q[0]
Gate( 7823)	cx q[7], q[4]
Gate( 7824)	cx q[0], q[7]
Gate( 7825)	cx q[4], q[0]
Gate( 7826)	tdg q[7]
Gate( 7827)	cx q[4], q[7]
Gate( 7828)	tdg q[4]
Gate( 7829)	tdg q[7]
Gate( 7830)	 t q[0]
Gate( 7831)	cx q[0], q[7]
Gate( 7832)	cx q[4], q[0]
Gate( 7833)	cx q[7], q[4]
Gate( 7834)	 h q[0]
Gate( 7835)	 h q[7]
Gate( 7836)	 t q[6]
Gate( 7837)	 t q[5]
Gate( 7838)	 t q[7]
Gate( 7839)	cx q[5], q[6]
Gate( 7840)	cx q[7], q[5]
Gate( 7841)	cx q[6], q[7]
Gate( 7842)	tdg q[5]
Gate( 7843)	cx q[6], q[5]
Gate( 7844)	tdg q[6]
Gate( 7845)	tdg q[5]
Gate( 7846)	 t q[7]
Gate( 7847)	cx q[7], q[5]
Gate( 7848)	cx q[6], q[7]
Gate( 7849)	cx q[5], q[6]
Gate( 7850)	 h q[7]
Gate( 7851)	 h q[5]
Gate( 7852)	 t q[8]
Gate( 7853)	 t q[3]
Gate( 7854)	 t q[5]
Gate( 7855)	cx q[3], q[8]
Gate( 7856)	cx q[5], q[3]
Gate( 7857)	cx q[8], q[5]
Gate( 7858)	tdg q[3]
Gate( 7859)	cx q[8], q[3]
Gate( 7860)	tdg q[8]
Gate( 7861)	tdg q[3]
Gate( 7862)	 t q[5]
Gate( 7863)	cx q[5], q[3]
Gate( 7864)	cx q[8], q[5]
Gate( 7865)	cx q[3], q[8]
Gate( 7866)	 h q[5]
Gate( 7867)	 h q[3]
Gate( 7868)	 t q[9]
Gate( 7869)	 t q[2]
Gate( 7870)	 t q[3]
Gate( 7871)	cx q[2], q[9]
Gate( 7872)	cx q[3], q[2]
Gate( 7873)	cx q[9], q[3]
Gate( 7874)	tdg q[2]
Gate( 7875)	cx q[9], q[2]
Gate( 7876)	tdg q[9]
Gate( 7877)	tdg q[2]
Gate( 7878)	 t q[3]
Gate( 7879)	cx q[3], q[2]
Gate( 7880)	cx q[9], q[3]
Gate( 7881)	cx q[2], q[9]
Gate( 7882)	 h q[3]
Gate( 7883)	 h q[2]
Gate( 7884)	 t q[11]
Gate( 7885)	 t q[10]
Gate( 7886)	 t q[2]
Gate( 7887)	cx q[10], q[11]
Gate( 7888)	cx q[2], q[10]
Gate( 7889)	cx q[11], q[2]
Gate( 7890)	tdg q[10]
Gate( 7891)	cx q[11], q[10]
Gate( 7892)	tdg q[11]
Gate( 7893)	tdg q[10]
Gate( 7894)	 t q[2]
Gate( 7895)	cx q[2], q[10]
Gate( 7896)	cx q[11], q[2]
Gate( 7897)	cx q[10], q[11]
Gate( 7898)	 h q[2]
Gate( 7899)	 h q[3]
Gate( 7900)	 t q[9]
Gate( 7901)	 t q[2]
Gate( 7902)	 t q[3]
Gate( 7903)	cx q[2], q[9]
Gate( 7904)	cx q[3], q[2]
Gate( 7905)	cx q[9], q[3]
Gate( 7906)	tdg q[2]
Gate( 7907)	cx q[9], q[2]
Gate( 7908)	tdg q[9]
Gate( 7909)	tdg q[2]
Gate( 7910)	 t q[3]
Gate( 7911)	cx q[3], q[2]
Gate( 7912)	cx q[9], q[3]
Gate( 7913)	cx q[2], q[9]
Gate( 7914)	 h q[3]
Gate( 7915)	 h q[5]
Gate( 7916)	 t q[8]
Gate( 7917)	 t q[3]
Gate( 7918)	 t q[5]
Gate( 7919)	cx q[3], q[8]
Gate( 7920)	cx q[5], q[3]
Gate( 7921)	cx q[8], q[5]
Gate( 7922)	tdg q[3]
Gate( 7923)	cx q[8], q[3]
Gate( 7924)	tdg q[8]
Gate( 7925)	tdg q[3]
Gate( 7926)	 t q[5]
Gate( 7927)	cx q[5], q[3]
Gate( 7928)	cx q[8], q[5]
Gate( 7929)	cx q[3], q[8]
Gate( 7930)	 h q[5]
Gate( 7931)	 h q[7]
Gate( 7932)	 t q[6]
Gate( 7933)	 t q[5]
Gate( 7934)	 t q[7]
Gate( 7935)	cx q[5], q[6]
Gate( 7936)	cx q[7], q[5]
Gate( 7937)	cx q[6], q[7]
Gate( 7938)	tdg q[5]
Gate( 7939)	cx q[6], q[5]
Gate( 7940)	tdg q[6]
Gate( 7941)	tdg q[5]
Gate( 7942)	 t q[7]
Gate( 7943)	cx q[7], q[5]
Gate( 7944)	cx q[6], q[7]
Gate( 7945)	cx q[5], q[6]
Gate( 7946)	 h q[7]
Gate( 7947)	 h q[0]
Gate( 7948)	 t q[4]
Gate( 7949)	 t q[9]
Gate( 7950)	 t q[0]
Gate( 7951)	cx q[9], q[4]
Gate( 7952)	cx q[0], q[9]
Gate( 7953)	cx q[4], q[0]
Gate( 7954)	tdg q[9]
Gate( 7955)	cx q[4], q[9]
Gate( 7956)	tdg q[4]
Gate( 7957)	tdg q[9]
Gate( 7958)	 t q[0]
Gate( 7959)	cx q[0], q[9]
Gate( 7960)	cx q[4], q[0]
Gate( 7961)	cx q[9], q[4]
Gate( 7962)	 h q[0]
Gate( 7963)	 h q[9]
Gate( 7964)	 t q[6]
Gate( 7965)	 t q[7]
Gate( 7966)	 t q[9]
Gate( 7967)	cx q[7], q[6]
Gate( 7968)	cx q[9], q[7]
Gate( 7969)	cx q[6], q[9]
Gate( 7970)	tdg q[7]
Gate( 7971)	cx q[6], q[7]
Gate( 7972)	tdg q[6]
Gate( 7973)	tdg q[7]
Gate( 7974)	 t q[9]
Gate( 7975)	cx q[9], q[7]
Gate( 7976)	cx q[6], q[9]
Gate( 7977)	cx q[7], q[6]
Gate( 7978)	 h q[9]
Gate( 7979)	 h q[7]
Gate( 7980)	 t q[8]
Gate( 7981)	 t q[5]
Gate( 7982)	 t q[7]
Gate( 7983)	cx q[5], q[8]
Gate( 7984)	cx q[7], q[5]
Gate( 7985)	cx q[8], q[7]
Gate( 7986)	tdg q[5]
Gate( 7987)	cx q[8], q[5]
Gate( 7988)	tdg q[8]
Gate( 7989)	tdg q[5]
Gate( 7990)	 t q[7]
Gate( 7991)	cx q[7], q[5]
Gate( 7992)	cx q[8], q[7]
Gate( 7993)	cx q[5], q[8]
Gate( 7994)	 h q[7]
Gate( 7995)	 h q[5]
Gate( 7996)	 t q[11]
Gate( 7997)	 t q[10]
Gate( 7998)	 t q[5]
Gate( 7999)	cx q[10], q[11]
Gate( 8000)	cx q[5], q[10]
Gate( 8001)	cx q[11], q[5]
Gate( 8002)	tdg q[10]
Gate( 8003)	cx q[11], q[10]
Gate( 8004)	tdg q[11]
Gate( 8005)	tdg q[10]
Gate( 8006)	 t q[5]
Gate( 8007)	cx q[5], q[10]
Gate( 8008)	cx q[11], q[5]
Gate( 8009)	cx q[10], q[11]
Gate( 8010)	 h q[5]
Gate( 8011)	 h q[7]
Gate( 8012)	 t q[8]
Gate( 8013)	 t q[5]
Gate( 8014)	 t q[7]
Gate( 8015)	cx q[5], q[8]
Gate( 8016)	cx q[7], q[5]
Gate( 8017)	cx q[8], q[7]
Gate( 8018)	tdg q[5]
Gate( 8019)	cx q[8], q[5]
Gate( 8020)	tdg q[8]
Gate( 8021)	tdg q[5]
Gate( 8022)	 t q[7]
Gate( 8023)	cx q[7], q[5]
Gate( 8024)	cx q[8], q[7]
Gate( 8025)	cx q[5], q[8]
Gate( 8026)	 h q[7]
Gate( 8027)	 h q[9]
Gate( 8028)	 t q[6]
Gate( 8029)	 t q[7]
Gate( 8030)	 t q[9]
Gate( 8031)	cx q[7], q[6]
Gate( 8032)	cx q[9], q[7]
Gate( 8033)	cx q[6], q[9]
Gate( 8034)	tdg q[7]
Gate( 8035)	cx q[6], q[7]
Gate( 8036)	tdg q[6]
Gate( 8037)	tdg q[7]
Gate( 8038)	 t q[9]
Gate( 8039)	cx q[9], q[7]
Gate( 8040)	cx q[6], q[9]
Gate( 8041)	cx q[7], q[6]
Gate( 8042)	 h q[9]
Gate( 8043)	 h q[0]
Gate( 8044)	 t q[4]
Gate( 8045)	 t q[9]
Gate( 8046)	 t q[0]
Gate( 8047)	cx q[9], q[4]
Gate( 8048)	cx q[0], q[9]
Gate( 8049)	cx q[4], q[0]
Gate( 8050)	tdg q[9]
Gate( 8051)	cx q[4], q[9]
Gate( 8052)	tdg q[4]
Gate( 8053)	tdg q[9]
Gate( 8054)	 t q[0]
Gate( 8055)	cx q[0], q[9]
Gate( 8056)	cx q[4], q[0]
Gate( 8057)	cx q[9], q[4]
Gate( 8058)	 h q[0]
Gate( 8059)	 h q[9]
Gate( 8060)	 t q[6]
Gate( 8061)	 t q[7]
Gate( 8062)	 t q[9]
Gate( 8063)	cx q[7], q[6]
Gate( 8064)	cx q[9], q[7]
Gate( 8065)	cx q[6], q[9]
Gate( 8066)	tdg q[7]
Gate( 8067)	cx q[6], q[7]
Gate( 8068)	tdg q[6]
Gate( 8069)	tdg q[7]
Gate( 8070)	 t q[9]
Gate( 8071)	cx q[9], q[7]
Gate( 8072)	cx q[6], q[9]
Gate( 8073)	cx q[7], q[6]
Gate( 8074)	 h q[9]
Gate( 8075)	 h q[7]
Gate( 8076)	 t q[8]
Gate( 8077)	 t q[5]
Gate( 8078)	 t q[7]
Gate( 8079)	cx q[5], q[8]
Gate( 8080)	cx q[7], q[5]
Gate( 8081)	cx q[8], q[7]
Gate( 8082)	tdg q[5]
Gate( 8083)	cx q[8], q[5]
Gate( 8084)	tdg q[8]
Gate( 8085)	tdg q[5]
Gate( 8086)	 t q[7]
Gate( 8087)	cx q[7], q[5]
Gate( 8088)	cx q[8], q[7]
Gate( 8089)	cx q[5], q[8]
Gate( 8090)	 h q[7]
Gate( 8091)	 h q[5]
Gate( 8092)	 t q[11]
Gate( 8093)	 t q[10]
Gate( 8094)	 t q[5]
Gate( 8095)	cx q[10], q[11]
Gate( 8096)	cx q[5], q[10]
Gate( 8097)	cx q[11], q[5]
Gate( 8098)	tdg q[10]
Gate( 8099)	cx q[11], q[10]
Gate( 8100)	tdg q[11]
Gate( 8101)	tdg q[10]
Gate( 8102)	 t q[5]
Gate( 8103)	cx q[5], q[10]
Gate( 8104)	cx q[11], q[5]
Gate( 8105)	cx q[10], q[11]
Gate( 8106)	 h q[5]
Gate( 8107)	 h q[7]
Gate( 8108)	 t q[8]
Gate( 8109)	 t q[5]
Gate( 8110)	 t q[7]
Gate( 8111)	cx q[5], q[8]
Gate( 8112)	cx q[7], q[5]
Gate( 8113)	cx q[8], q[7]
Gate( 8114)	tdg q[5]
Gate( 8115)	cx q[8], q[5]
Gate( 8116)	tdg q[8]
Gate( 8117)	tdg q[5]
Gate( 8118)	 t q[7]
Gate( 8119)	cx q[7], q[5]
Gate( 8120)	cx q[8], q[7]
Gate( 8121)	cx q[5], q[8]
Gate( 8122)	 h q[7]
Gate( 8123)	 h q[9]
Gate( 8124)	 t q[6]
Gate( 8125)	 t q[7]
Gate( 8126)	 t q[9]
Gate( 8127)	cx q[7], q[6]
Gate( 8128)	cx q[9], q[7]
Gate( 8129)	cx q[6], q[9]
Gate( 8130)	tdg q[7]
Gate( 8131)	cx q[6], q[7]
Gate( 8132)	tdg q[6]
Gate( 8133)	tdg q[7]
Gate( 8134)	 t q[9]
Gate( 8135)	cx q[9], q[7]
Gate( 8136)	cx q[6], q[9]
Gate( 8137)	cx q[7], q[6]
Gate( 8138)	 h q[9]
Gate( 8139)	 x q[4]
Gate( 8140)	 h q[3]
Gate( 8141)	 t q[4]
Gate( 8142)	 t q[11]
Gate( 8143)	 t q[3]
Gate( 8144)	cx q[11], q[4]
Gate( 8145)	cx q[3], q[11]
Gate( 8146)	cx q[4], q[3]
Gate( 8147)	tdg q[11]
Gate( 8148)	cx q[4], q[11]
Gate( 8149)	tdg q[4]
Gate( 8150)	tdg q[11]
Gate( 8151)	 t q[3]
Gate( 8152)	cx q[3], q[11]
Gate( 8153)	cx q[4], q[3]
Gate( 8154)	cx q[11], q[4]
Gate( 8155)	 h q[3]
Gate( 8156)	 h q[11]
Gate( 8157)	 t q[10]
Gate( 8158)	 t q[7]
Gate( 8159)	 t q[11]
Gate( 8160)	cx q[7], q[10]
Gate( 8161)	cx q[11], q[7]
Gate( 8162)	cx q[10], q[11]
Gate( 8163)	tdg q[7]
Gate( 8164)	cx q[10], q[7]
Gate( 8165)	tdg q[10]
Gate( 8166)	tdg q[7]
Gate( 8167)	 t q[11]
Gate( 8168)	cx q[11], q[7]
Gate( 8169)	cx q[10], q[11]
Gate( 8170)	cx q[7], q[10]
Gate( 8171)	 h q[11]
Gate( 8172)	 h q[3]
Gate( 8173)	 t q[4]
Gate( 8174)	 t q[11]
Gate( 8175)	 t q[3]
Gate( 8176)	cx q[11], q[4]
Gate( 8177)	cx q[3], q[11]
Gate( 8178)	cx q[4], q[3]
Gate( 8179)	tdg q[11]
Gate( 8180)	cx q[4], q[11]
Gate( 8181)	tdg q[4]
Gate( 8182)	tdg q[11]
Gate( 8183)	 t q[3]
Gate( 8184)	cx q[3], q[11]
Gate( 8185)	cx q[4], q[3]
Gate( 8186)	cx q[11], q[4]
Gate( 8187)	 h q[3]
Gate( 8188)	 h q[11]
Gate( 8189)	 t q[10]
Gate( 8190)	 t q[7]
Gate( 8191)	 t q[11]
Gate( 8192)	cx q[7], q[10]
Gate( 8193)	cx q[11], q[7]
Gate( 8194)	cx q[10], q[11]
Gate( 8195)	tdg q[7]
Gate( 8196)	cx q[10], q[7]
Gate( 8197)	tdg q[10]
Gate( 8198)	tdg q[7]
Gate( 8199)	 t q[11]
Gate( 8200)	cx q[11], q[7]
Gate( 8201)	cx q[10], q[11]
Gate( 8202)	cx q[7], q[10]
Gate( 8203)	 h q[11]
Gate( 8204)	 h q[1]
Gate( 8205)	 t q[8]
Gate( 8206)	 t q[9]
Gate( 8207)	 t q[1]
Gate( 8208)	cx q[9], q[8]
Gate( 8209)	cx q[1], q[9]
Gate( 8210)	cx q[8], q[1]
Gate( 8211)	tdg q[9]
Gate( 8212)	cx q[8], q[9]
Gate( 8213)	tdg q[8]
Gate( 8214)	tdg q[9]
Gate( 8215)	 t q[1]
Gate( 8216)	cx q[1], q[9]
Gate( 8217)	cx q[8], q[1]
Gate( 8218)	cx q[9], q[8]
Gate( 8219)	 h q[1]
Gate( 8220)	 h q[9]
Gate( 8221)	 t q[11]
Gate( 8222)	 t q[10]
Gate( 8223)	 t q[9]
Gate( 8224)	cx q[10], q[11]
Gate( 8225)	cx q[9], q[10]
Gate( 8226)	cx q[11], q[9]
Gate( 8227)	tdg q[10]
Gate( 8228)	cx q[11], q[10]
Gate( 8229)	tdg q[11]
Gate( 8230)	tdg q[10]
Gate( 8231)	 t q[9]
Gate( 8232)	cx q[9], q[10]
Gate( 8233)	cx q[11], q[9]
Gate( 8234)	cx q[10], q[11]
Gate( 8235)	 h q[9]
Gate( 8236)	 h q[1]
Gate( 8237)	 t q[8]
Gate( 8238)	 t q[9]
Gate( 8239)	 t q[1]
Gate( 8240)	cx q[9], q[8]
Gate( 8241)	cx q[1], q[9]
Gate( 8242)	cx q[8], q[1]
Gate( 8243)	tdg q[9]
Gate( 8244)	cx q[8], q[9]
Gate( 8245)	tdg q[8]
Gate( 8246)	tdg q[9]
Gate( 8247)	 t q[1]
Gate( 8248)	cx q[1], q[9]
Gate( 8249)	cx q[8], q[1]
Gate( 8250)	cx q[9], q[8]
Gate( 8251)	 h q[1]
Gate( 8252)	 h q[9]
Gate( 8253)	 t q[11]
Gate( 8254)	 t q[10]
Gate( 8255)	 t q[9]
Gate( 8256)	cx q[10], q[11]
Gate( 8257)	cx q[9], q[10]
Gate( 8258)	cx q[11], q[9]
Gate( 8259)	tdg q[10]
Gate( 8260)	cx q[11], q[10]
Gate( 8261)	tdg q[11]
Gate( 8262)	tdg q[10]
Gate( 8263)	 t q[9]
Gate( 8264)	cx q[9], q[10]
Gate( 8265)	cx q[11], q[9]
Gate( 8266)	cx q[10], q[11]
Gate( 8267)	 h q[9]
Gate( 8268)	 h q[0]
Gate( 8269)	 t q[1]
Gate( 8270)	 t q[11]
Gate( 8271)	 t q[0]
Gate( 8272)	cx q[11], q[1]
Gate( 8273)	cx q[0], q[11]
Gate( 8274)	cx q[1], q[0]
Gate( 8275)	tdg q[11]
Gate( 8276)	cx q[1], q[11]
Gate( 8277)	tdg q[1]
Gate( 8278)	tdg q[11]
Gate( 8279)	 t q[0]
Gate( 8280)	cx q[0], q[11]
Gate( 8281)	cx q[1], q[0]
Gate( 8282)	cx q[11], q[1]
Gate( 8283)	 h q[0]
Gate( 8284)	 h q[11]
Gate( 8285)	 t q[4]
Gate( 8286)	 t q[10]
Gate( 8287)	 t q[11]
Gate( 8288)	cx q[10], q[4]
Gate( 8289)	cx q[11], q[10]
Gate( 8290)	cx q[4], q[11]
Gate( 8291)	tdg q[10]
Gate( 8292)	cx q[4], q[10]
Gate( 8293)	tdg q[4]
Gate( 8294)	tdg q[10]
Gate( 8295)	 t q[11]
Gate( 8296)	cx q[11], q[10]
Gate( 8297)	cx q[4], q[11]
Gate( 8298)	cx q[10], q[4]
Gate( 8299)	 h q[11]
Gate( 8300)	 h q[10]
Gate( 8301)	 t q[5]
Gate( 8302)	 t q[9]
Gate( 8303)	 t q[10]
Gate( 8304)	cx q[9], q[5]
Gate( 8305)	cx q[10], q[9]
Gate( 8306)	cx q[5], q[10]
Gate( 8307)	tdg q[9]
Gate( 8308)	cx q[5], q[9]
Gate( 8309)	tdg q[5]
Gate( 8310)	tdg q[9]
Gate( 8311)	 t q[10]
Gate( 8312)	cx q[10], q[9]
Gate( 8313)	cx q[5], q[10]
Gate( 8314)	cx q[9], q[5]
Gate( 8315)	 h q[10]
Gate( 8316)	 h q[9]
Gate( 8317)	 t q[7]
Gate( 8318)	 t q[6]
Gate( 8319)	 t q[9]
Gate( 8320)	cx q[6], q[7]
Gate( 8321)	cx q[9], q[6]
Gate( 8322)	cx q[7], q[9]
Gate( 8323)	tdg q[6]
Gate( 8324)	cx q[7], q[6]
Gate( 8325)	tdg q[7]
Gate( 8326)	tdg q[6]
Gate( 8327)	 t q[9]
Gate( 8328)	cx q[9], q[6]
Gate( 8329)	cx q[7], q[9]
Gate( 8330)	cx q[6], q[7]
Gate( 8331)	 h q[9]
Gate( 8332)	 h q[10]
Gate( 8333)	 t q[5]
Gate( 8334)	 t q[9]
Gate( 8335)	 t q[10]
Gate( 8336)	cx q[9], q[5]
Gate( 8337)	cx q[10], q[9]
Gate( 8338)	cx q[5], q[10]
Gate( 8339)	tdg q[9]
Gate( 8340)	cx q[5], q[9]
Gate( 8341)	tdg q[5]
Gate( 8342)	tdg q[9]
Gate( 8343)	 t q[10]
Gate( 8344)	cx q[10], q[9]
Gate( 8345)	cx q[5], q[10]
Gate( 8346)	cx q[9], q[5]
Gate( 8347)	 h q[10]
Gate( 8348)	 h q[11]
Gate( 8349)	 t q[4]
Gate( 8350)	 t q[10]
Gate( 8351)	 t q[11]
Gate( 8352)	cx q[10], q[4]
Gate( 8353)	cx q[11], q[10]
Gate( 8354)	cx q[4], q[11]
Gate( 8355)	tdg q[10]
Gate( 8356)	cx q[4], q[10]
Gate( 8357)	tdg q[4]
Gate( 8358)	tdg q[10]
Gate( 8359)	 t q[11]
Gate( 8360)	cx q[11], q[10]
Gate( 8361)	cx q[4], q[11]
Gate( 8362)	cx q[10], q[4]
Gate( 8363)	 h q[11]
Gate( 8364)	 h q[0]
Gate( 8365)	 t q[1]
Gate( 8366)	 t q[11]
Gate( 8367)	 t q[0]
Gate( 8368)	cx q[11], q[1]
Gate( 8369)	cx q[0], q[11]
Gate( 8370)	cx q[1], q[0]
Gate( 8371)	tdg q[11]
Gate( 8372)	cx q[1], q[11]
Gate( 8373)	tdg q[1]
Gate( 8374)	tdg q[11]
Gate( 8375)	 t q[0]
Gate( 8376)	cx q[0], q[11]
Gate( 8377)	cx q[1], q[0]
Gate( 8378)	cx q[11], q[1]
Gate( 8379)	 h q[0]
Gate( 8380)	 h q[11]
Gate( 8381)	 t q[4]
Gate( 8382)	 t q[10]
Gate( 8383)	 t q[11]
Gate( 8384)	cx q[10], q[4]
Gate( 8385)	cx q[11], q[10]
Gate( 8386)	cx q[4], q[11]
Gate( 8387)	tdg q[10]
Gate( 8388)	cx q[4], q[10]
Gate( 8389)	tdg q[4]
Gate( 8390)	tdg q[10]
Gate( 8391)	 t q[11]
Gate( 8392)	cx q[11], q[10]
Gate( 8393)	cx q[4], q[11]
Gate( 8394)	cx q[10], q[4]
Gate( 8395)	 h q[11]
Gate( 8396)	 h q[10]
Gate( 8397)	 t q[5]
Gate( 8398)	 t q[9]
Gate( 8399)	 t q[10]
Gate( 8400)	cx q[9], q[5]
Gate( 8401)	cx q[10], q[9]
Gate( 8402)	cx q[5], q[10]
Gate( 8403)	tdg q[9]
Gate( 8404)	cx q[5], q[9]
Gate( 8405)	tdg q[5]
Gate( 8406)	tdg q[9]
Gate( 8407)	 t q[10]
Gate( 8408)	cx q[10], q[9]
Gate( 8409)	cx q[5], q[10]
Gate( 8410)	cx q[9], q[5]
Gate( 8411)	 h q[10]
Gate( 8412)	 h q[9]
Gate( 8413)	 t q[7]
Gate( 8414)	 t q[6]
Gate( 8415)	 t q[9]
Gate( 8416)	cx q[6], q[7]
Gate( 8417)	cx q[9], q[6]
Gate( 8418)	cx q[7], q[9]
Gate( 8419)	tdg q[6]
Gate( 8420)	cx q[7], q[6]
Gate( 8421)	tdg q[7]
Gate( 8422)	tdg q[6]
Gate( 8423)	 t q[9]
Gate( 8424)	cx q[9], q[6]
Gate( 8425)	cx q[7], q[9]
Gate( 8426)	cx q[6], q[7]
Gate( 8427)	 h q[9]
Gate( 8428)	 h q[10]
Gate( 8429)	 t q[5]
Gate( 8430)	 t q[9]
Gate( 8431)	 t q[10]
Gate( 8432)	cx q[9], q[5]
Gate( 8433)	cx q[10], q[9]
Gate( 8434)	cx q[5], q[10]
Gate( 8435)	tdg q[9]
Gate( 8436)	cx q[5], q[9]
Gate( 8437)	tdg q[5]
Gate( 8438)	tdg q[9]
Gate( 8439)	 t q[10]
Gate( 8440)	cx q[10], q[9]
Gate( 8441)	cx q[5], q[10]
Gate( 8442)	cx q[9], q[5]
Gate( 8443)	 h q[10]
Gate( 8444)	 h q[11]
Gate( 8445)	 t q[4]
Gate( 8446)	 t q[10]
Gate( 8447)	 t q[11]
Gate( 8448)	cx q[10], q[4]
Gate( 8449)	cx q[11], q[10]
Gate( 8450)	cx q[4], q[11]
Gate( 8451)	tdg q[10]
Gate( 8452)	cx q[4], q[10]
Gate( 8453)	tdg q[4]
Gate( 8454)	tdg q[10]
Gate( 8455)	 t q[11]
Gate( 8456)	cx q[11], q[10]
Gate( 8457)	cx q[4], q[11]
Gate( 8458)	cx q[10], q[4]
Gate( 8459)	 h q[11]
Gate( 8460)	 h q[1]
Gate( 8461)	 t q[8]
Gate( 8462)	 t q[9]
Gate( 8463)	 t q[1]
Gate( 8464)	cx q[9], q[8]
Gate( 8465)	cx q[1], q[9]
Gate( 8466)	cx q[8], q[1]
Gate( 8467)	tdg q[9]
Gate( 8468)	cx q[8], q[9]
Gate( 8469)	tdg q[8]
Gate( 8470)	tdg q[9]
Gate( 8471)	 t q[1]
Gate( 8472)	cx q[1], q[9]
Gate( 8473)	cx q[8], q[1]
Gate( 8474)	cx q[9], q[8]
Gate( 8475)	 h q[1]
Gate( 8476)	 h q[9]
Gate( 8477)	 t q[11]
Gate( 8478)	 t q[10]
Gate( 8479)	 t q[9]
Gate( 8480)	cx q[10], q[11]
Gate( 8481)	cx q[9], q[10]
Gate( 8482)	cx q[11], q[9]
Gate( 8483)	tdg q[10]
Gate( 8484)	cx q[11], q[10]
Gate( 8485)	tdg q[11]
Gate( 8486)	tdg q[10]
Gate( 8487)	 t q[9]
Gate( 8488)	cx q[9], q[10]
Gate( 8489)	cx q[11], q[9]
Gate( 8490)	cx q[10], q[11]
Gate( 8491)	 h q[9]
Gate( 8492)	 h q[1]
Gate( 8493)	 t q[8]
Gate( 8494)	 t q[9]
Gate( 8495)	 t q[1]
Gate( 8496)	cx q[9], q[8]
Gate( 8497)	cx q[1], q[9]
Gate( 8498)	cx q[8], q[1]
Gate( 8499)	tdg q[9]
Gate( 8500)	cx q[8], q[9]
Gate( 8501)	tdg q[8]
Gate( 8502)	tdg q[9]
Gate( 8503)	 t q[1]
Gate( 8504)	cx q[1], q[9]
Gate( 8505)	cx q[8], q[1]
Gate( 8506)	cx q[9], q[8]
Gate( 8507)	 h q[1]
Gate( 8508)	 h q[9]
Gate( 8509)	 t q[11]
Gate( 8510)	 t q[10]
Gate( 8511)	 t q[9]
Gate( 8512)	cx q[10], q[11]
Gate( 8513)	cx q[9], q[10]
Gate( 8514)	cx q[11], q[9]
Gate( 8515)	tdg q[10]
Gate( 8516)	cx q[11], q[10]
Gate( 8517)	tdg q[11]
Gate( 8518)	tdg q[10]
Gate( 8519)	 t q[9]
Gate( 8520)	cx q[9], q[10]
Gate( 8521)	cx q[11], q[9]
Gate( 8522)	cx q[10], q[11]
Gate( 8523)	 h q[9]
Gate( 8524)	 h q[0]
Gate( 8525)	 t q[1]
Gate( 8526)	 t q[11]
Gate( 8527)	 t q[0]
Gate( 8528)	cx q[11], q[1]
Gate( 8529)	cx q[0], q[11]
Gate( 8530)	cx q[1], q[0]
Gate( 8531)	tdg q[11]
Gate( 8532)	cx q[1], q[11]
Gate( 8533)	tdg q[1]
Gate( 8534)	tdg q[11]
Gate( 8535)	 t q[0]
Gate( 8536)	cx q[0], q[11]
Gate( 8537)	cx q[1], q[0]
Gate( 8538)	cx q[11], q[1]
Gate( 8539)	 h q[0]
Gate( 8540)	 h q[11]
Gate( 8541)	 t q[4]
Gate( 8542)	 t q[10]
Gate( 8543)	 t q[11]
Gate( 8544)	cx q[10], q[4]
Gate( 8545)	cx q[11], q[10]
Gate( 8546)	cx q[4], q[11]
Gate( 8547)	tdg q[10]
Gate( 8548)	cx q[4], q[10]
Gate( 8549)	tdg q[4]
Gate( 8550)	tdg q[10]
Gate( 8551)	 t q[11]
Gate( 8552)	cx q[11], q[10]
Gate( 8553)	cx q[4], q[11]
Gate( 8554)	cx q[10], q[4]
Gate( 8555)	 h q[11]
Gate( 8556)	 h q[10]
Gate( 8557)	 t q[5]
Gate( 8558)	 t q[9]
Gate( 8559)	 t q[10]
Gate( 8560)	cx q[9], q[5]
Gate( 8561)	cx q[10], q[9]
Gate( 8562)	cx q[5], q[10]
Gate( 8563)	tdg q[9]
Gate( 8564)	cx q[5], q[9]
Gate( 8565)	tdg q[5]
Gate( 8566)	tdg q[9]
Gate( 8567)	 t q[10]
Gate( 8568)	cx q[10], q[9]
Gate( 8569)	cx q[5], q[10]
Gate( 8570)	cx q[9], q[5]
Gate( 8571)	 h q[10]
Gate( 8572)	 h q[9]
Gate( 8573)	 t q[7]
Gate( 8574)	 t q[6]
Gate( 8575)	 t q[9]
Gate( 8576)	cx q[6], q[7]
Gate( 8577)	cx q[9], q[6]
Gate( 8578)	cx q[7], q[9]
Gate( 8579)	tdg q[6]
Gate( 8580)	cx q[7], q[6]
Gate( 8581)	tdg q[7]
Gate( 8582)	tdg q[6]
Gate( 8583)	 t q[9]
Gate( 8584)	cx q[9], q[6]
Gate( 8585)	cx q[7], q[9]
Gate( 8586)	cx q[6], q[7]
Gate( 8587)	 h q[9]
Gate( 8588)	 h q[10]
Gate( 8589)	 t q[5]
Gate( 8590)	 t q[9]
Gate( 8591)	 t q[10]
Gate( 8592)	cx q[9], q[5]
Gate( 8593)	cx q[10], q[9]
Gate( 8594)	cx q[5], q[10]
Gate( 8595)	tdg q[9]
Gate( 8596)	cx q[5], q[9]
Gate( 8597)	tdg q[5]
Gate( 8598)	tdg q[9]
Gate( 8599)	 t q[10]
Gate( 8600)	cx q[10], q[9]
Gate( 8601)	cx q[5], q[10]
Gate( 8602)	cx q[9], q[5]
Gate( 8603)	 h q[10]
Gate( 8604)	 h q[11]
Gate( 8605)	 t q[4]
Gate( 8606)	 t q[10]
Gate( 8607)	 t q[11]
Gate( 8608)	cx q[10], q[4]
Gate( 8609)	cx q[11], q[10]
Gate( 8610)	cx q[4], q[11]
Gate( 8611)	tdg q[10]
Gate( 8612)	cx q[4], q[10]
Gate( 8613)	tdg q[4]
Gate( 8614)	tdg q[10]
Gate( 8615)	 t q[11]
Gate( 8616)	cx q[11], q[10]
Gate( 8617)	cx q[4], q[11]
Gate( 8618)	cx q[10], q[4]
Gate( 8619)	 h q[11]
Gate( 8620)	 h q[0]
Gate( 8621)	 t q[1]
Gate( 8622)	 t q[11]
Gate( 8623)	 t q[0]
Gate( 8624)	cx q[11], q[1]
Gate( 8625)	cx q[0], q[11]
Gate( 8626)	cx q[1], q[0]
Gate( 8627)	tdg q[11]
Gate( 8628)	cx q[1], q[11]
Gate( 8629)	tdg q[1]
Gate( 8630)	tdg q[11]
Gate( 8631)	 t q[0]
Gate( 8632)	cx q[0], q[11]
Gate( 8633)	cx q[1], q[0]
Gate( 8634)	cx q[11], q[1]
Gate( 8635)	 h q[0]
Gate( 8636)	 h q[11]
Gate( 8637)	 t q[4]
Gate( 8638)	 t q[10]
Gate( 8639)	 t q[11]
Gate( 8640)	cx q[10], q[4]
Gate( 8641)	cx q[11], q[10]
Gate( 8642)	cx q[4], q[11]
Gate( 8643)	tdg q[10]
Gate( 8644)	cx q[4], q[10]
Gate( 8645)	tdg q[4]
Gate( 8646)	tdg q[10]
Gate( 8647)	 t q[11]
Gate( 8648)	cx q[11], q[10]
Gate( 8649)	cx q[4], q[11]
Gate( 8650)	cx q[10], q[4]
Gate( 8651)	 h q[11]
Gate( 8652)	 h q[10]
Gate( 8653)	 t q[5]
Gate( 8654)	 t q[9]
Gate( 8655)	 t q[10]
Gate( 8656)	cx q[9], q[5]
Gate( 8657)	cx q[10], q[9]
Gate( 8658)	cx q[5], q[10]
Gate( 8659)	tdg q[9]
Gate( 8660)	cx q[5], q[9]
Gate( 8661)	tdg q[5]
Gate( 8662)	tdg q[9]
Gate( 8663)	 t q[10]
Gate( 8664)	cx q[10], q[9]
Gate( 8665)	cx q[5], q[10]
Gate( 8666)	cx q[9], q[5]
Gate( 8667)	 h q[10]
Gate( 8668)	 h q[9]
Gate( 8669)	 t q[7]
Gate( 8670)	 t q[6]
Gate( 8671)	 t q[9]
Gate( 8672)	cx q[6], q[7]
Gate( 8673)	cx q[9], q[6]
Gate( 8674)	cx q[7], q[9]
Gate( 8675)	tdg q[6]
Gate( 8676)	cx q[7], q[6]
Gate( 8677)	tdg q[7]
Gate( 8678)	tdg q[6]
Gate( 8679)	 t q[9]
Gate( 8680)	cx q[9], q[6]
Gate( 8681)	cx q[7], q[9]
Gate( 8682)	cx q[6], q[7]
Gate( 8683)	 h q[9]
Gate( 8684)	 h q[10]
Gate( 8685)	 t q[5]
Gate( 8686)	 t q[9]
Gate( 8687)	 t q[10]
Gate( 8688)	cx q[9], q[5]
Gate( 8689)	cx q[10], q[9]
Gate( 8690)	cx q[5], q[10]
Gate( 8691)	tdg q[9]
Gate( 8692)	cx q[5], q[9]
Gate( 8693)	tdg q[5]
Gate( 8694)	tdg q[9]
Gate( 8695)	 t q[10]
Gate( 8696)	cx q[10], q[9]
Gate( 8697)	cx q[5], q[10]
Gate( 8698)	cx q[9], q[5]
Gate( 8699)	 h q[10]
Gate( 8700)	 h q[11]
Gate( 8701)	 t q[4]
Gate( 8702)	 t q[10]
Gate( 8703)	 t q[11]
Gate( 8704)	cx q[10], q[4]
Gate( 8705)	cx q[11], q[10]
Gate( 8706)	cx q[4], q[11]
Gate( 8707)	tdg q[10]
Gate( 8708)	cx q[4], q[10]
Gate( 8709)	tdg q[4]
Gate( 8710)	tdg q[10]
Gate( 8711)	 t q[11]
Gate( 8712)	cx q[11], q[10]
Gate( 8713)	cx q[4], q[11]
Gate( 8714)	cx q[10], q[4]
Gate( 8715)	 h q[11]
Gate( 8716)	 h q[3]
Gate( 8717)	 t q[6]
Gate( 8718)	 t q[11]
Gate( 8719)	 t q[3]
Gate( 8720)	cx q[11], q[6]
Gate( 8721)	cx q[3], q[11]
Gate( 8722)	cx q[6], q[3]
Gate( 8723)	tdg q[11]
Gate( 8724)	cx q[6], q[11]
Gate( 8725)	tdg q[6]
Gate( 8726)	tdg q[11]
Gate( 8727)	 t q[3]
Gate( 8728)	cx q[3], q[11]
Gate( 8729)	cx q[6], q[3]
Gate( 8730)	cx q[11], q[6]
Gate( 8731)	 h q[3]
Gate( 8732)	 h q[11]
Gate( 8733)	 t q[10]
Gate( 8734)	 t q[9]
Gate( 8735)	 t q[11]
Gate( 8736)	cx q[9], q[10]
Gate( 8737)	cx q[11], q[9]
Gate( 8738)	cx q[10], q[11]
Gate( 8739)	tdg q[9]
Gate( 8740)	cx q[10], q[9]
Gate( 8741)	tdg q[10]
Gate( 8742)	tdg q[9]
Gate( 8743)	 t q[11]
Gate( 8744)	cx q[11], q[9]
Gate( 8745)	cx q[10], q[11]
Gate( 8746)	cx q[9], q[10]
Gate( 8747)	 h q[11]
Gate( 8748)	 h q[3]
Gate( 8749)	 t q[6]
Gate( 8750)	 t q[11]
Gate( 8751)	 t q[3]
Gate( 8752)	cx q[11], q[6]
Gate( 8753)	cx q[3], q[11]
Gate( 8754)	cx q[6], q[3]
Gate( 8755)	tdg q[11]
Gate( 8756)	cx q[6], q[11]
Gate( 8757)	tdg q[6]
Gate( 8758)	tdg q[11]
Gate( 8759)	 t q[3]
Gate( 8760)	cx q[3], q[11]
Gate( 8761)	cx q[6], q[3]
Gate( 8762)	cx q[11], q[6]
Gate( 8763)	 h q[3]
Gate( 8764)	 h q[11]
Gate( 8765)	 t q[10]
Gate( 8766)	 t q[9]
Gate( 8767)	 t q[11]
Gate( 8768)	cx q[9], q[10]
Gate( 8769)	cx q[11], q[9]
Gate( 8770)	cx q[10], q[11]
Gate( 8771)	tdg q[9]
Gate( 8772)	cx q[10], q[9]
Gate( 8773)	tdg q[10]
Gate( 8774)	tdg q[9]
Gate( 8775)	 t q[11]
Gate( 8776)	cx q[11], q[9]
Gate( 8777)	cx q[10], q[11]
Gate( 8778)	cx q[9], q[10]
Gate( 8779)	 h q[11]
Gate( 8780)	 h q[0]
Gate( 8781)	 t q[5]
Gate( 8782)	 t q[11]
Gate( 8783)	 t q[0]
Gate( 8784)	cx q[11], q[5]
Gate( 8785)	cx q[0], q[11]
Gate( 8786)	cx q[5], q[0]
Gate( 8787)	tdg q[11]
Gate( 8788)	cx q[5], q[11]
Gate( 8789)	tdg q[5]
Gate( 8790)	tdg q[11]
Gate( 8791)	 t q[0]
Gate( 8792)	cx q[0], q[11]
Gate( 8793)	cx q[5], q[0]
Gate( 8794)	cx q[11], q[5]
Gate( 8795)	 h q[0]
Gate( 8796)	 h q[11]
Gate( 8797)	 t q[7]
Gate( 8798)	 t q[6]
Gate( 8799)	 t q[11]
Gate( 8800)	cx q[6], q[7]
Gate( 8801)	cx q[11], q[6]
Gate( 8802)	cx q[7], q[11]
Gate( 8803)	tdg q[6]
Gate( 8804)	cx q[7], q[6]
Gate( 8805)	tdg q[7]
Gate( 8806)	tdg q[6]
Gate( 8807)	 t q[11]
Gate( 8808)	cx q[11], q[6]
Gate( 8809)	cx q[7], q[11]
Gate( 8810)	cx q[6], q[7]
Gate( 8811)	 h q[11]
Gate( 8812)	 h q[6]
Gate( 8813)	 t q[8]
Gate( 8814)	 t q[4]
Gate( 8815)	 t q[6]
Gate( 8816)	cx q[4], q[8]
Gate( 8817)	cx q[6], q[4]
Gate( 8818)	cx q[8], q[6]
Gate( 8819)	tdg q[4]
Gate( 8820)	cx q[8], q[4]
Gate( 8821)	tdg q[8]
Gate( 8822)	tdg q[4]
Gate( 8823)	 t q[6]
Gate( 8824)	cx q[6], q[4]
Gate( 8825)	cx q[8], q[6]
Gate( 8826)	cx q[4], q[8]
Gate( 8827)	 h q[6]
Gate( 8828)	 h q[4]
Gate( 8829)	 t q[10]
Gate( 8830)	 t q[9]
Gate( 8831)	 t q[4]
Gate( 8832)	cx q[9], q[10]
Gate( 8833)	cx q[4], q[9]
Gate( 8834)	cx q[10], q[4]
Gate( 8835)	tdg q[9]
Gate( 8836)	cx q[10], q[9]
Gate( 8837)	tdg q[10]
Gate( 8838)	tdg q[9]
Gate( 8839)	 t q[4]
Gate( 8840)	cx q[4], q[9]
Gate( 8841)	cx q[10], q[4]
Gate( 8842)	cx q[9], q[10]
Gate( 8843)	 h q[4]
Gate( 8844)	 h q[6]
Gate( 8845)	 t q[8]
Gate( 8846)	 t q[4]
Gate( 8847)	 t q[6]
Gate( 8848)	cx q[4], q[8]
Gate( 8849)	cx q[6], q[4]
Gate( 8850)	cx q[8], q[6]
Gate( 8851)	tdg q[4]
Gate( 8852)	cx q[8], q[4]
Gate( 8853)	tdg q[8]
Gate( 8854)	tdg q[4]
Gate( 8855)	 t q[6]
Gate( 8856)	cx q[6], q[4]
Gate( 8857)	cx q[8], q[6]
Gate( 8858)	cx q[4], q[8]
Gate( 8859)	 h q[6]
Gate( 8860)	 h q[11]
Gate( 8861)	 t q[7]
Gate( 8862)	 t q[6]
Gate( 8863)	 t q[11]
Gate( 8864)	cx q[6], q[7]
Gate( 8865)	cx q[11], q[6]
Gate( 8866)	cx q[7], q[11]
Gate( 8867)	tdg q[6]
Gate( 8868)	cx q[7], q[6]
Gate( 8869)	tdg q[7]
Gate( 8870)	tdg q[6]
Gate( 8871)	 t q[11]
Gate( 8872)	cx q[11], q[6]
Gate( 8873)	cx q[7], q[11]
Gate( 8874)	cx q[6], q[7]
Gate( 8875)	 h q[11]
Gate( 8876)	 h q[0]
Gate( 8877)	 t q[5]
Gate( 8878)	 t q[11]
Gate( 8879)	 t q[0]
Gate( 8880)	cx q[11], q[5]
Gate( 8881)	cx q[0], q[11]
Gate( 8882)	cx q[5], q[0]
Gate( 8883)	tdg q[11]
Gate( 8884)	cx q[5], q[11]
Gate( 8885)	tdg q[5]
Gate( 8886)	tdg q[11]
Gate( 8887)	 t q[0]
Gate( 8888)	cx q[0], q[11]
Gate( 8889)	cx q[5], q[0]
Gate( 8890)	cx q[11], q[5]
Gate( 8891)	 h q[0]
Gate( 8892)	 h q[11]
Gate( 8893)	 t q[7]
Gate( 8894)	 t q[6]
Gate( 8895)	 t q[11]
Gate( 8896)	cx q[6], q[7]
Gate( 8897)	cx q[11], q[6]
Gate( 8898)	cx q[7], q[11]
Gate( 8899)	tdg q[6]
Gate( 8900)	cx q[7], q[6]
Gate( 8901)	tdg q[7]
Gate( 8902)	tdg q[6]
Gate( 8903)	 t q[11]
Gate( 8904)	cx q[11], q[6]
Gate( 8905)	cx q[7], q[11]
Gate( 8906)	cx q[6], q[7]
Gate( 8907)	 h q[11]
Gate( 8908)	 h q[6]
Gate( 8909)	 t q[8]
Gate( 8910)	 t q[4]
Gate( 8911)	 t q[6]
Gate( 8912)	cx q[4], q[8]
Gate( 8913)	cx q[6], q[4]
Gate( 8914)	cx q[8], q[6]
Gate( 8915)	tdg q[4]
Gate( 8916)	cx q[8], q[4]
Gate( 8917)	tdg q[8]
Gate( 8918)	tdg q[4]
Gate( 8919)	 t q[6]
Gate( 8920)	cx q[6], q[4]
Gate( 8921)	cx q[8], q[6]
Gate( 8922)	cx q[4], q[8]
Gate( 8923)	 h q[6]
Gate( 8924)	 h q[4]
Gate( 8925)	 t q[10]
Gate( 8926)	 t q[9]
Gate( 8927)	 t q[4]
Gate( 8928)	cx q[9], q[10]
Gate( 8929)	cx q[4], q[9]
Gate( 8930)	cx q[10], q[4]
Gate( 8931)	tdg q[9]
Gate( 8932)	cx q[10], q[9]
Gate( 8933)	tdg q[10]
Gate( 8934)	tdg q[9]
Gate( 8935)	 t q[4]
Gate( 8936)	cx q[4], q[9]
Gate( 8937)	cx q[10], q[4]
Gate( 8938)	cx q[9], q[10]
Gate( 8939)	 h q[4]
Gate( 8940)	 h q[6]
Gate( 8941)	 t q[8]
Gate( 8942)	 t q[4]
Gate( 8943)	 t q[6]
Gate( 8944)	cx q[4], q[8]
Gate( 8945)	cx q[6], q[4]
Gate( 8946)	cx q[8], q[6]
Gate( 8947)	tdg q[4]
Gate( 8948)	cx q[8], q[4]
Gate( 8949)	tdg q[8]
Gate( 8950)	tdg q[4]
Gate( 8951)	 t q[6]
Gate( 8952)	cx q[6], q[4]
Gate( 8953)	cx q[8], q[6]
Gate( 8954)	cx q[4], q[8]
Gate( 8955)	 h q[6]
Gate( 8956)	 h q[11]
Gate( 8957)	 t q[7]
Gate( 8958)	 t q[6]
Gate( 8959)	 t q[11]
Gate( 8960)	cx q[6], q[7]
Gate( 8961)	cx q[11], q[6]
Gate( 8962)	cx q[7], q[11]
Gate( 8963)	tdg q[6]
Gate( 8964)	cx q[7], q[6]
Gate( 8965)	tdg q[7]
Gate( 8966)	tdg q[6]
Gate( 8967)	 t q[11]
Gate( 8968)	cx q[11], q[6]
Gate( 8969)	cx q[7], q[11]
Gate( 8970)	cx q[6], q[7]
Gate( 8971)	 h q[11]
Gate( 8972)	 x q[6]
Gate( 8973)	 h q[0]
Gate( 8974)	 t q[4]
Gate( 8975)	 t q[11]
Gate( 8976)	 t q[0]
Gate( 8977)	cx q[11], q[4]
Gate( 8978)	cx q[0], q[11]
Gate( 8979)	cx q[4], q[0]
Gate( 8980)	tdg q[11]
Gate( 8981)	cx q[4], q[11]
Gate( 8982)	tdg q[4]
Gate( 8983)	tdg q[11]
Gate( 8984)	 t q[0]
Gate( 8985)	cx q[0], q[11]
Gate( 8986)	cx q[4], q[0]
Gate( 8987)	cx q[11], q[4]
Gate( 8988)	 h q[0]
Gate( 8989)	 h q[11]
Gate( 8990)	 t q[5]
Gate( 8991)	 t q[8]
Gate( 8992)	 t q[11]
Gate( 8993)	cx q[8], q[5]
Gate( 8994)	cx q[11], q[8]
Gate( 8995)	cx q[5], q[11]
Gate( 8996)	tdg q[8]
Gate( 8997)	cx q[5], q[8]
Gate( 8998)	tdg q[5]
Gate( 8999)	tdg q[8]
Gate( 9000)	 t q[11]
Gate( 9001)	cx q[11], q[8]
Gate( 9002)	cx q[5], q[11]
Gate( 9003)	cx q[8], q[5]
Gate( 9004)	 h q[11]
Gate( 9005)	 h q[8]
Gate( 9006)	 t q[6]
Gate( 9007)	 t q[7]
Gate( 9008)	 t q[8]
Gate( 9009)	cx q[7], q[6]
Gate( 9010)	cx q[8], q[7]
Gate( 9011)	cx q[6], q[8]
Gate( 9012)	tdg q[7]
Gate( 9013)	cx q[6], q[7]
Gate( 9014)	tdg q[6]
Gate( 9015)	tdg q[7]
Gate( 9016)	 t q[8]
Gate( 9017)	cx q[8], q[7]
Gate( 9018)	cx q[6], q[8]
Gate( 9019)	cx q[7], q[6]
Gate( 9020)	 h q[8]
Gate( 9021)	 h q[7]
Gate( 9022)	 t q[10]
Gate( 9023)	 t q[9]
Gate( 9024)	 t q[7]
Gate( 9025)	cx q[9], q[10]
Gate( 9026)	cx q[7], q[9]
Gate( 9027)	cx q[10], q[7]
Gate( 9028)	tdg q[9]
Gate( 9029)	cx q[10], q[9]
Gate( 9030)	tdg q[10]
Gate( 9031)	tdg q[9]
Gate( 9032)	 t q[7]
Gate( 9033)	cx q[7], q[9]
Gate( 9034)	cx q[10], q[7]
Gate( 9035)	cx q[9], q[10]
Gate( 9036)	 h q[7]
Gate( 9037)	 h q[8]
Gate( 9038)	 t q[6]
Gate( 9039)	 t q[7]
Gate( 9040)	 t q[8]
Gate( 9041)	cx q[7], q[6]
Gate( 9042)	cx q[8], q[7]
Gate( 9043)	cx q[6], q[8]
Gate( 9044)	tdg q[7]
Gate( 9045)	cx q[6], q[7]
Gate( 9046)	tdg q[6]
Gate( 9047)	tdg q[7]
Gate( 9048)	 t q[8]
Gate( 9049)	cx q[8], q[7]
Gate( 9050)	cx q[6], q[8]
Gate( 9051)	cx q[7], q[6]
Gate( 9052)	 h q[8]
Gate( 9053)	 h q[11]
Gate( 9054)	 t q[5]
Gate( 9055)	 t q[8]
Gate( 9056)	 t q[11]
Gate( 9057)	cx q[8], q[5]
Gate( 9058)	cx q[11], q[8]
Gate( 9059)	cx q[5], q[11]
Gate( 9060)	tdg q[8]
Gate( 9061)	cx q[5], q[8]
Gate( 9062)	tdg q[5]
Gate( 9063)	tdg q[8]
Gate( 9064)	 t q[11]
Gate( 9065)	cx q[11], q[8]
Gate( 9066)	cx q[5], q[11]
Gate( 9067)	cx q[8], q[5]
Gate( 9068)	 h q[11]
Gate( 9069)	 h q[0]
Gate( 9070)	 t q[4]
Gate( 9071)	 t q[11]
Gate( 9072)	 t q[0]
Gate( 9073)	cx q[11], q[4]
Gate( 9074)	cx q[0], q[11]
Gate( 9075)	cx q[4], q[0]
Gate( 9076)	tdg q[11]
Gate( 9077)	cx q[4], q[11]
Gate( 9078)	tdg q[4]
Gate( 9079)	tdg q[11]
Gate( 9080)	 t q[0]
Gate( 9081)	cx q[0], q[11]
Gate( 9082)	cx q[4], q[0]
Gate( 9083)	cx q[11], q[4]
Gate( 9084)	 h q[0]
Gate( 9085)	 h q[11]
Gate( 9086)	 t q[5]
Gate( 9087)	 t q[8]
Gate( 9088)	 t q[11]
Gate( 9089)	cx q[8], q[5]
Gate( 9090)	cx q[11], q[8]
Gate( 9091)	cx q[5], q[11]
Gate( 9092)	tdg q[8]
Gate( 9093)	cx q[5], q[8]
Gate( 9094)	tdg q[5]
Gate( 9095)	tdg q[8]
Gate( 9096)	 t q[11]
Gate( 9097)	cx q[11], q[8]
Gate( 9098)	cx q[5], q[11]
Gate( 9099)	cx q[8], q[5]
Gate( 9100)	 h q[11]
Gate( 9101)	 h q[8]
Gate( 9102)	 t q[6]
Gate( 9103)	 t q[7]
Gate( 9104)	 t q[8]
Gate( 9105)	cx q[7], q[6]
Gate( 9106)	cx q[8], q[7]
Gate( 9107)	cx q[6], q[8]
Gate( 9108)	tdg q[7]
Gate( 9109)	cx q[6], q[7]
Gate( 9110)	tdg q[6]
Gate( 9111)	tdg q[7]
Gate( 9112)	 t q[8]
Gate( 9113)	cx q[8], q[7]
Gate( 9114)	cx q[6], q[8]
Gate( 9115)	cx q[7], q[6]
Gate( 9116)	 h q[8]
Gate( 9117)	 h q[7]
Gate( 9118)	 t q[10]
Gate( 9119)	 t q[9]
Gate( 9120)	 t q[7]
Gate( 9121)	cx q[9], q[10]
Gate( 9122)	cx q[7], q[9]
Gate( 9123)	cx q[10], q[7]
Gate( 9124)	tdg q[9]
Gate( 9125)	cx q[10], q[9]
Gate( 9126)	tdg q[10]
Gate( 9127)	tdg q[9]
Gate( 9128)	 t q[7]
Gate( 9129)	cx q[7], q[9]
Gate( 9130)	cx q[10], q[7]
Gate( 9131)	cx q[9], q[10]
Gate( 9132)	 h q[7]
Gate( 9133)	 h q[8]
Gate( 9134)	 t q[6]
Gate( 9135)	 t q[7]
Gate( 9136)	 t q[8]
Gate( 9137)	cx q[7], q[6]
Gate( 9138)	cx q[8], q[7]
Gate( 9139)	cx q[6], q[8]
Gate( 9140)	tdg q[7]
Gate( 9141)	cx q[6], q[7]
Gate( 9142)	tdg q[6]
Gate( 9143)	tdg q[7]
Gate( 9144)	 t q[8]
Gate( 9145)	cx q[8], q[7]
Gate( 9146)	cx q[6], q[8]
Gate( 9147)	cx q[7], q[6]
Gate( 9148)	 h q[8]
Gate( 9149)	 h q[11]
Gate( 9150)	 t q[5]
Gate( 9151)	 t q[8]
Gate( 9152)	 t q[11]
Gate( 9153)	cx q[8], q[5]
Gate( 9154)	cx q[11], q[8]
Gate( 9155)	cx q[5], q[11]
Gate( 9156)	tdg q[8]
Gate( 9157)	cx q[5], q[8]
Gate( 9158)	tdg q[5]
Gate( 9159)	tdg q[8]
Gate( 9160)	 t q[11]
Gate( 9161)	cx q[11], q[8]
Gate( 9162)	cx q[5], q[11]
Gate( 9163)	cx q[8], q[5]
Gate( 9164)	 h q[11]
Gate( 9165)	 h q[0]
Gate( 9166)	 t q[4]
Gate( 9167)	 t q[9]
Gate( 9168)	 t q[0]
Gate( 9169)	cx q[9], q[4]
Gate( 9170)	cx q[0], q[9]
Gate( 9171)	cx q[4], q[0]
Gate( 9172)	tdg q[9]
Gate( 9173)	cx q[4], q[9]
Gate( 9174)	tdg q[4]
Gate( 9175)	tdg q[9]
Gate( 9176)	 t q[0]
Gate( 9177)	cx q[0], q[9]
Gate( 9178)	cx q[4], q[0]
Gate( 9179)	cx q[9], q[4]
Gate( 9180)	 h q[0]
Gate( 9181)	 h q[9]
Gate( 9182)	 t q[5]
Gate( 9183)	 t q[7]
Gate( 9184)	 t q[9]
Gate( 9185)	cx q[7], q[5]
Gate( 9186)	cx q[9], q[7]
Gate( 9187)	cx q[5], q[9]
Gate( 9188)	tdg q[7]
Gate( 9189)	cx q[5], q[7]
Gate( 9190)	tdg q[5]
Gate( 9191)	tdg q[7]
Gate( 9192)	 t q[9]
Gate( 9193)	cx q[9], q[7]
Gate( 9194)	cx q[5], q[9]
Gate( 9195)	cx q[7], q[5]
Gate( 9196)	 h q[9]
Gate( 9197)	 h q[7]
Gate( 9198)	 t q[6]
Gate( 9199)	 t q[3]
Gate( 9200)	 t q[7]
Gate( 9201)	cx q[3], q[6]
Gate( 9202)	cx q[7], q[3]
Gate( 9203)	cx q[6], q[7]
Gate( 9204)	tdg q[3]
Gate( 9205)	cx q[6], q[3]
Gate( 9206)	tdg q[6]
Gate( 9207)	tdg q[3]
Gate( 9208)	 t q[7]
Gate( 9209)	cx q[7], q[3]
Gate( 9210)	cx q[6], q[7]
Gate( 9211)	cx q[3], q[6]
Gate( 9212)	 h q[7]
Gate( 9213)	 h q[3]
Gate( 9214)	 t q[8]
Gate( 9215)	 t q[2]
Gate( 9216)	 t q[3]
Gate( 9217)	cx q[2], q[8]
Gate( 9218)	cx q[3], q[2]
Gate( 9219)	cx q[8], q[3]
Gate( 9220)	tdg q[2]
Gate( 9221)	cx q[8], q[2]
Gate( 9222)	tdg q[8]
Gate( 9223)	tdg q[2]
Gate( 9224)	 t q[3]
Gate( 9225)	cx q[3], q[2]
Gate( 9226)	cx q[8], q[3]
Gate( 9227)	cx q[2], q[8]
Gate( 9228)	 h q[3]
Gate( 9229)	 h q[2]
Gate( 9230)	 t q[11]
Gate( 9231)	 t q[10]
Gate( 9232)	 t q[2]
Gate( 9233)	cx q[10], q[11]
Gate( 9234)	cx q[2], q[10]
Gate( 9235)	cx q[11], q[2]
Gate( 9236)	tdg q[10]
Gate( 9237)	cx q[11], q[10]
Gate( 9238)	tdg q[11]
Gate( 9239)	tdg q[10]
Gate( 9240)	 t q[2]
Gate( 9241)	cx q[2], q[10]
Gate( 9242)	cx q[11], q[2]
Gate( 9243)	cx q[10], q[11]
Gate( 9244)	 h q[2]
Gate( 9245)	 h q[3]
Gate( 9246)	 t q[8]
Gate( 9247)	 t q[2]
Gate( 9248)	 t q[3]
Gate( 9249)	cx q[2], q[8]
Gate( 9250)	cx q[3], q[2]
Gate( 9251)	cx q[8], q[3]
Gate( 9252)	tdg q[2]
Gate( 9253)	cx q[8], q[2]
Gate( 9254)	tdg q[8]
Gate( 9255)	tdg q[2]
Gate( 9256)	 t q[3]
Gate( 9257)	cx q[3], q[2]
Gate( 9258)	cx q[8], q[3]
Gate( 9259)	cx q[2], q[8]
Gate( 9260)	 h q[3]
Gate( 9261)	 h q[7]
Gate( 9262)	 t q[6]
Gate( 9263)	 t q[3]
Gate( 9264)	 t q[7]
Gate( 9265)	cx q[3], q[6]
Gate( 9266)	cx q[7], q[3]
Gate( 9267)	cx q[6], q[7]
Gate( 9268)	tdg q[3]
Gate( 9269)	cx q[6], q[3]
Gate( 9270)	tdg q[6]
Gate( 9271)	tdg q[3]
Gate( 9272)	 t q[7]
Gate( 9273)	cx q[7], q[3]
Gate( 9274)	cx q[6], q[7]
Gate( 9275)	cx q[3], q[6]
Gate( 9276)	 h q[7]
Gate( 9277)	 h q[9]
Gate( 9278)	 t q[5]
Gate( 9279)	 t q[7]
Gate( 9280)	 t q[9]
Gate( 9281)	cx q[7], q[5]
Gate( 9282)	cx q[9], q[7]
Gate( 9283)	cx q[5], q[9]
Gate( 9284)	tdg q[7]
Gate( 9285)	cx q[5], q[7]
Gate( 9286)	tdg q[5]
Gate( 9287)	tdg q[7]
Gate( 9288)	 t q[9]
Gate( 9289)	cx q[9], q[7]
Gate( 9290)	cx q[5], q[9]
Gate( 9291)	cx q[7], q[5]
Gate( 9292)	 h q[9]
Gate( 9293)	 h q[0]
Gate( 9294)	 t q[4]
Gate( 9295)	 t q[9]
Gate( 9296)	 t q[0]
Gate( 9297)	cx q[9], q[4]
Gate( 9298)	cx q[0], q[9]
Gate( 9299)	cx q[4], q[0]
Gate( 9300)	tdg q[9]
Gate( 9301)	cx q[4], q[9]
Gate( 9302)	tdg q[4]
Gate( 9303)	tdg q[9]
Gate( 9304)	 t q[0]
Gate( 9305)	cx q[0], q[9]
Gate( 9306)	cx q[4], q[0]
Gate( 9307)	cx q[9], q[4]
Gate( 9308)	 h q[0]
Gate( 9309)	 h q[9]
Gate( 9310)	 t q[5]
Gate( 9311)	 t q[7]
Gate( 9312)	 t q[9]
Gate( 9313)	cx q[7], q[5]
Gate( 9314)	cx q[9], q[7]
Gate( 9315)	cx q[5], q[9]
Gate( 9316)	tdg q[7]
Gate( 9317)	cx q[5], q[7]
Gate( 9318)	tdg q[5]
Gate( 9319)	tdg q[7]
Gate( 9320)	 t q[9]
Gate( 9321)	cx q[9], q[7]
Gate( 9322)	cx q[5], q[9]
Gate( 9323)	cx q[7], q[5]
Gate( 9324)	 h q[9]
Gate( 9325)	 h q[7]
Gate( 9326)	 t q[6]
Gate( 9327)	 t q[3]
Gate( 9328)	 t q[7]
Gate( 9329)	cx q[3], q[6]
Gate( 9330)	cx q[7], q[3]
Gate( 9331)	cx q[6], q[7]
Gate( 9332)	tdg q[3]
Gate( 9333)	cx q[6], q[3]
Gate( 9334)	tdg q[6]
Gate( 9335)	tdg q[3]
Gate( 9336)	 t q[7]
Gate( 9337)	cx q[7], q[3]
Gate( 9338)	cx q[6], q[7]
Gate( 9339)	cx q[3], q[6]
Gate( 9340)	 h q[7]
Gate( 9341)	 h q[3]
Gate( 9342)	 t q[8]
Gate( 9343)	 t q[2]
Gate( 9344)	 t q[3]
Gate( 9345)	cx q[2], q[8]
Gate( 9346)	cx q[3], q[2]
Gate( 9347)	cx q[8], q[3]
Gate( 9348)	tdg q[2]
Gate( 9349)	cx q[8], q[2]
Gate( 9350)	tdg q[8]
Gate( 9351)	tdg q[2]
Gate( 9352)	 t q[3]
Gate( 9353)	cx q[3], q[2]
Gate( 9354)	cx q[8], q[3]
Gate( 9355)	cx q[2], q[8]
Gate( 9356)	 h q[3]
Gate( 9357)	 h q[2]
Gate( 9358)	 t q[11]
Gate( 9359)	 t q[10]
Gate( 9360)	 t q[2]
Gate( 9361)	cx q[10], q[11]
Gate( 9362)	cx q[2], q[10]
Gate( 9363)	cx q[11], q[2]
Gate( 9364)	tdg q[10]
Gate( 9365)	cx q[11], q[10]
Gate( 9366)	tdg q[11]
Gate( 9367)	tdg q[10]
Gate( 9368)	 t q[2]
Gate( 9369)	cx q[2], q[10]
Gate( 9370)	cx q[11], q[2]
Gate( 9371)	cx q[10], q[11]
Gate( 9372)	 h q[2]
Gate( 9373)	 h q[3]
Gate( 9374)	 t q[8]
Gate( 9375)	 t q[2]
Gate( 9376)	 t q[3]
Gate( 9377)	cx q[2], q[8]
Gate( 9378)	cx q[3], q[2]
Gate( 9379)	cx q[8], q[3]
Gate( 9380)	tdg q[2]
Gate( 9381)	cx q[8], q[2]
Gate( 9382)	tdg q[8]
Gate( 9383)	tdg q[2]
Gate( 9384)	 t q[3]
Gate( 9385)	cx q[3], q[2]
Gate( 9386)	cx q[8], q[3]
Gate( 9387)	cx q[2], q[8]
Gate( 9388)	 h q[3]
Gate( 9389)	 h q[7]
Gate( 9390)	 t q[6]
Gate( 9391)	 t q[3]
Gate( 9392)	 t q[7]
Gate( 9393)	cx q[3], q[6]
Gate( 9394)	cx q[7], q[3]
Gate( 9395)	cx q[6], q[7]
Gate( 9396)	tdg q[3]
Gate( 9397)	cx q[6], q[3]
Gate( 9398)	tdg q[6]
Gate( 9399)	tdg q[3]
Gate( 9400)	 t q[7]
Gate( 9401)	cx q[7], q[3]
Gate( 9402)	cx q[6], q[7]
Gate( 9403)	cx q[3], q[6]
Gate( 9404)	 h q[7]
Gate( 9405)	 h q[9]
Gate( 9406)	 t q[5]
Gate( 9407)	 t q[7]
Gate( 9408)	 t q[9]
Gate( 9409)	cx q[7], q[5]
Gate( 9410)	cx q[9], q[7]
Gate( 9411)	cx q[5], q[9]
Gate( 9412)	tdg q[7]
Gate( 9413)	cx q[5], q[7]
Gate( 9414)	tdg q[5]
Gate( 9415)	tdg q[7]
Gate( 9416)	 t q[9]
Gate( 9417)	cx q[9], q[7]
Gate( 9418)	cx q[5], q[9]
Gate( 9419)	cx q[7], q[5]
Gate( 9420)	 h q[9]
Gate( 9421)	 h q[0]
Gate( 9422)	 t q[5]
Gate( 9423)	 t q[9]
Gate( 9424)	 t q[0]
Gate( 9425)	cx q[9], q[5]
Gate( 9426)	cx q[0], q[9]
Gate( 9427)	cx q[5], q[0]
Gate( 9428)	tdg q[9]
Gate( 9429)	cx q[5], q[9]
Gate( 9430)	tdg q[5]
Gate( 9431)	tdg q[9]
Gate( 9432)	 t q[0]
Gate( 9433)	cx q[0], q[9]
Gate( 9434)	cx q[5], q[0]
Gate( 9435)	cx q[9], q[5]
Gate( 9436)	 h q[0]
Gate( 9437)	 h q[9]
Gate( 9438)	 t q[6]
Gate( 9439)	 t q[7]
Gate( 9440)	 t q[9]
Gate( 9441)	cx q[7], q[6]
Gate( 9442)	cx q[9], q[7]
Gate( 9443)	cx q[6], q[9]
Gate( 9444)	tdg q[7]
Gate( 9445)	cx q[6], q[7]
Gate( 9446)	tdg q[6]
Gate( 9447)	tdg q[7]
Gate( 9448)	 t q[9]
Gate( 9449)	cx q[9], q[7]
Gate( 9450)	cx q[6], q[9]
Gate( 9451)	cx q[7], q[6]
Gate( 9452)	 h q[9]
Gate( 9453)	 h q[7]
Gate( 9454)	 t q[8]
Gate( 9455)	 t q[4]
Gate( 9456)	 t q[7]
Gate( 9457)	cx q[4], q[8]
Gate( 9458)	cx q[7], q[4]
Gate( 9459)	cx q[8], q[7]
Gate( 9460)	tdg q[4]
Gate( 9461)	cx q[8], q[4]
Gate( 9462)	tdg q[8]
Gate( 9463)	tdg q[4]
Gate( 9464)	 t q[7]
Gate( 9465)	cx q[7], q[4]
Gate( 9466)	cx q[8], q[7]
Gate( 9467)	cx q[4], q[8]
Gate( 9468)	 h q[7]
Gate( 9469)	 h q[4]
Gate( 9470)	 t q[11]
Gate( 9471)	 t q[10]
Gate( 9472)	 t q[4]
Gate( 9473)	cx q[10], q[11]
Gate( 9474)	cx q[4], q[10]
Gate( 9475)	cx q[11], q[4]
Gate( 9476)	tdg q[10]
Gate( 9477)	cx q[11], q[10]
Gate( 9478)	tdg q[11]
Gate( 9479)	tdg q[10]
Gate( 9480)	 t q[4]
Gate( 9481)	cx q[4], q[10]
Gate( 9482)	cx q[11], q[4]
Gate( 9483)	cx q[10], q[11]
Gate( 9484)	 h q[4]
Gate( 9485)	 h q[7]
Gate( 9486)	 t q[8]
Gate( 9487)	 t q[4]
Gate( 9488)	 t q[7]
Gate( 9489)	cx q[4], q[8]
Gate( 9490)	cx q[7], q[4]
Gate( 9491)	cx q[8], q[7]
Gate( 9492)	tdg q[4]
Gate( 9493)	cx q[8], q[4]
Gate( 9494)	tdg q[8]
Gate( 9495)	tdg q[4]
Gate( 9496)	 t q[7]
Gate( 9497)	cx q[7], q[4]
Gate( 9498)	cx q[8], q[7]
Gate( 9499)	cx q[4], q[8]
Gate( 9500)	 h q[7]
Gate( 9501)	 h q[9]
Gate( 9502)	 t q[6]
Gate( 9503)	 t q[7]
Gate( 9504)	 t q[9]
Gate( 9505)	cx q[7], q[6]
Gate( 9506)	cx q[9], q[7]
Gate( 9507)	cx q[6], q[9]
Gate( 9508)	tdg q[7]
Gate( 9509)	cx q[6], q[7]
Gate( 9510)	tdg q[6]
Gate( 9511)	tdg q[7]
Gate( 9512)	 t q[9]
Gate( 9513)	cx q[9], q[7]
Gate( 9514)	cx q[6], q[9]
Gate( 9515)	cx q[7], q[6]
Gate( 9516)	 h q[9]
Gate( 9517)	 h q[0]
Gate( 9518)	 t q[5]
Gate( 9519)	 t q[9]
Gate( 9520)	 t q[0]
Gate( 9521)	cx q[9], q[5]
Gate( 9522)	cx q[0], q[9]
Gate( 9523)	cx q[5], q[0]
Gate( 9524)	tdg q[9]
Gate( 9525)	cx q[5], q[9]
Gate( 9526)	tdg q[5]
Gate( 9527)	tdg q[9]
Gate( 9528)	 t q[0]
Gate( 9529)	cx q[0], q[9]
Gate( 9530)	cx q[5], q[0]
Gate( 9531)	cx q[9], q[5]
Gate( 9532)	 h q[0]
Gate( 9533)	 h q[9]
Gate( 9534)	 t q[6]
Gate( 9535)	 t q[7]
Gate( 9536)	 t q[9]
Gate( 9537)	cx q[7], q[6]
Gate( 9538)	cx q[9], q[7]
Gate( 9539)	cx q[6], q[9]
Gate( 9540)	tdg q[7]
Gate( 9541)	cx q[6], q[7]
Gate( 9542)	tdg q[6]
Gate( 9543)	tdg q[7]
Gate( 9544)	 t q[9]
Gate( 9545)	cx q[9], q[7]
Gate( 9546)	cx q[6], q[9]
Gate( 9547)	cx q[7], q[6]
Gate( 9548)	 h q[9]
Gate( 9549)	 h q[7]
Gate( 9550)	 t q[8]
Gate( 9551)	 t q[4]
Gate( 9552)	 t q[7]
Gate( 9553)	cx q[4], q[8]
Gate( 9554)	cx q[7], q[4]
Gate( 9555)	cx q[8], q[7]
Gate( 9556)	tdg q[4]
Gate( 9557)	cx q[8], q[4]
Gate( 9558)	tdg q[8]
Gate( 9559)	tdg q[4]
Gate( 9560)	 t q[7]
Gate( 9561)	cx q[7], q[4]
Gate( 9562)	cx q[8], q[7]
Gate( 9563)	cx q[4], q[8]
Gate( 9564)	 h q[7]
Gate( 9565)	 h q[4]
Gate( 9566)	 t q[11]
Gate( 9567)	 t q[10]
Gate( 9568)	 t q[4]
Gate( 9569)	cx q[10], q[11]
Gate( 9570)	cx q[4], q[10]
Gate( 9571)	cx q[11], q[4]
Gate( 9572)	tdg q[10]
Gate( 9573)	cx q[11], q[10]
Gate( 9574)	tdg q[11]
Gate( 9575)	tdg q[10]
Gate( 9576)	 t q[4]
Gate( 9577)	cx q[4], q[10]
Gate( 9578)	cx q[11], q[4]
Gate( 9579)	cx q[10], q[11]
Gate( 9580)	 h q[4]
Gate( 9581)	 h q[7]
Gate( 9582)	 t q[8]
Gate( 9583)	 t q[4]
Gate( 9584)	 t q[7]
Gate( 9585)	cx q[4], q[8]
Gate( 9586)	cx q[7], q[4]
Gate( 9587)	cx q[8], q[7]
Gate( 9588)	tdg q[4]
Gate( 9589)	cx q[8], q[4]
Gate( 9590)	tdg q[8]
Gate( 9591)	tdg q[4]
Gate( 9592)	 t q[7]
Gate( 9593)	cx q[7], q[4]
Gate( 9594)	cx q[8], q[7]
Gate( 9595)	cx q[4], q[8]
Gate( 9596)	 h q[7]
Gate( 9597)	 h q[9]
Gate( 9598)	 t q[6]
Gate( 9599)	 t q[7]
Gate( 9600)	 t q[9]
Gate( 9601)	cx q[7], q[6]
Gate( 9602)	cx q[9], q[7]
Gate( 9603)	cx q[6], q[9]
Gate( 9604)	tdg q[7]
Gate( 9605)	cx q[6], q[7]
Gate( 9606)	tdg q[6]
Gate( 9607)	tdg q[7]
Gate( 9608)	 t q[9]
Gate( 9609)	cx q[9], q[7]
Gate( 9610)	cx q[6], q[9]
Gate( 9611)	cx q[7], q[6]
Gate( 9612)	 h q[9]
Gate( 9613)	 x q[8]
Gate( 9614)	 h q[0]
Gate( 9615)	 t q[4]
Gate( 9616)	 t q[11]
Gate( 9617)	 t q[0]
Gate( 9618)	cx q[11], q[4]
Gate( 9619)	cx q[0], q[11]
Gate( 9620)	cx q[4], q[0]
Gate( 9621)	tdg q[11]
Gate( 9622)	cx q[4], q[11]
Gate( 9623)	tdg q[4]
Gate( 9624)	tdg q[11]
Gate( 9625)	 t q[0]
Gate( 9626)	cx q[0], q[11]
Gate( 9627)	cx q[4], q[0]
Gate( 9628)	cx q[11], q[4]
Gate( 9629)	 h q[0]
Gate( 9630)	 h q[11]
Gate( 9631)	 t q[6]
Gate( 9632)	 t q[5]
Gate( 9633)	 t q[11]
Gate( 9634)	cx q[5], q[6]
Gate( 9635)	cx q[11], q[5]
Gate( 9636)	cx q[6], q[11]
Gate( 9637)	tdg q[5]
Gate( 9638)	cx q[6], q[5]
Gate( 9639)	tdg q[6]
Gate( 9640)	tdg q[5]
Gate( 9641)	 t q[11]
Gate( 9642)	cx q[11], q[5]
Gate( 9643)	cx q[6], q[11]
Gate( 9644)	cx q[5], q[6]
Gate( 9645)	 h q[11]
Gate( 9646)	 h q[5]
Gate( 9647)	 t q[7]
Gate( 9648)	 t q[3]
Gate( 9649)	 t q[5]
Gate( 9650)	cx q[3], q[7]
Gate( 9651)	cx q[5], q[3]
Gate( 9652)	cx q[7], q[5]
Gate( 9653)	tdg q[3]
Gate( 9654)	cx q[7], q[3]
Gate( 9655)	tdg q[7]
Gate( 9656)	tdg q[3]
Gate( 9657)	 t q[5]
Gate( 9658)	cx q[5], q[3]
Gate( 9659)	cx q[7], q[5]
Gate( 9660)	cx q[3], q[7]
Gate( 9661)	 h q[5]
Gate( 9662)	 h q[3]
Gate( 9663)	 t q[8]
Gate( 9664)	 t q[2]
Gate( 9665)	 t q[3]
Gate( 9666)	cx q[2], q[8]
Gate( 9667)	cx q[3], q[2]
Gate( 9668)	cx q[8], q[3]
Gate( 9669)	tdg q[2]
Gate( 9670)	cx q[8], q[2]
Gate( 9671)	tdg q[8]
Gate( 9672)	tdg q[2]
Gate( 9673)	 t q[3]
Gate( 9674)	cx q[3], q[2]
Gate( 9675)	cx q[8], q[3]
Gate( 9676)	cx q[2], q[8]
Gate( 9677)	 h q[3]
Gate( 9678)	 h q[2]
Gate( 9679)	 t q[10]
Gate( 9680)	 t q[9]
Gate( 9681)	 t q[2]
Gate( 9682)	cx q[9], q[10]
Gate( 9683)	cx q[2], q[9]
Gate( 9684)	cx q[10], q[2]
Gate( 9685)	tdg q[9]
Gate( 9686)	cx q[10], q[9]
Gate( 9687)	tdg q[10]
Gate( 9688)	tdg q[9]
Gate( 9689)	 t q[2]
Gate( 9690)	cx q[2], q[9]
Gate( 9691)	cx q[10], q[2]
Gate( 9692)	cx q[9], q[10]
Gate( 9693)	 h q[2]
Gate( 9694)	 h q[3]
Gate( 9695)	 t q[8]
Gate( 9696)	 t q[2]
Gate( 9697)	 t q[3]
Gate( 9698)	cx q[2], q[8]
Gate( 9699)	cx q[3], q[2]
Gate( 9700)	cx q[8], q[3]
Gate( 9701)	tdg q[2]
Gate( 9702)	cx q[8], q[2]
Gate( 9703)	tdg q[8]
Gate( 9704)	tdg q[2]
Gate( 9705)	 t q[3]
Gate( 9706)	cx q[3], q[2]
Gate( 9707)	cx q[8], q[3]
Gate( 9708)	cx q[2], q[8]
Gate( 9709)	 h q[3]
Gate( 9710)	 h q[5]
Gate( 9711)	 t q[7]
Gate( 9712)	 t q[3]
Gate( 9713)	 t q[5]
Gate( 9714)	cx q[3], q[7]
Gate( 9715)	cx q[5], q[3]
Gate( 9716)	cx q[7], q[5]
Gate( 9717)	tdg q[3]
Gate( 9718)	cx q[7], q[3]
Gate( 9719)	tdg q[7]
Gate( 9720)	tdg q[3]
Gate( 9721)	 t q[5]
Gate( 9722)	cx q[5], q[3]
Gate( 9723)	cx q[7], q[5]
Gate( 9724)	cx q[3], q[7]
Gate( 9725)	 h q[5]
Gate( 9726)	 h q[11]
Gate( 9727)	 t q[6]
Gate( 9728)	 t q[5]
Gate( 9729)	 t q[11]
Gate( 9730)	cx q[5], q[6]
Gate( 9731)	cx q[11], q[5]
Gate( 9732)	cx q[6], q[11]
Gate( 9733)	tdg q[5]
Gate( 9734)	cx q[6], q[5]
Gate( 9735)	tdg q[6]
Gate( 9736)	tdg q[5]
Gate( 9737)	 t q[11]
Gate( 9738)	cx q[11], q[5]
Gate( 9739)	cx q[6], q[11]
Gate( 9740)	cx q[5], q[6]
Gate( 9741)	 h q[11]
Gate( 9742)	 h q[0]
Gate( 9743)	 t q[4]
Gate( 9744)	 t q[11]
Gate( 9745)	 t q[0]
Gate( 9746)	cx q[11], q[4]
Gate( 9747)	cx q[0], q[11]
Gate( 9748)	cx q[4], q[0]
Gate( 9749)	tdg q[11]
Gate( 9750)	cx q[4], q[11]
Gate( 9751)	tdg q[4]
Gate( 9752)	tdg q[11]
Gate( 9753)	 t q[0]
Gate( 9754)	cx q[0], q[11]
Gate( 9755)	cx q[4], q[0]
Gate( 9756)	cx q[11], q[4]
Gate( 9757)	 h q[0]
Gate( 9758)	 h q[11]
Gate( 9759)	 t q[6]
Gate( 9760)	 t q[5]
Gate( 9761)	 t q[11]
Gate( 9762)	cx q[5], q[6]
Gate( 9763)	cx q[11], q[5]
Gate( 9764)	cx q[6], q[11]
Gate( 9765)	tdg q[5]
Gate( 9766)	cx q[6], q[5]
Gate( 9767)	tdg q[6]
Gate( 9768)	tdg q[5]
Gate( 9769)	 t q[11]
Gate( 9770)	cx q[11], q[5]
Gate( 9771)	cx q[6], q[11]
Gate( 9772)	cx q[5], q[6]
Gate( 9773)	 h q[11]
Gate( 9774)	 h q[5]
Gate( 9775)	 t q[7]
Gate( 9776)	 t q[3]
Gate( 9777)	 t q[5]
Gate( 9778)	cx q[3], q[7]
Gate( 9779)	cx q[5], q[3]
Gate( 9780)	cx q[7], q[5]
Gate( 9781)	tdg q[3]
Gate( 9782)	cx q[7], q[3]
Gate( 9783)	tdg q[7]
Gate( 9784)	tdg q[3]
Gate( 9785)	 t q[5]
Gate( 9786)	cx q[5], q[3]
Gate( 9787)	cx q[7], q[5]
Gate( 9788)	cx q[3], q[7]
Gate( 9789)	 h q[5]
Gate( 9790)	 h q[3]
Gate( 9791)	 t q[8]
Gate( 9792)	 t q[2]
Gate( 9793)	 t q[3]
Gate( 9794)	cx q[2], q[8]
Gate( 9795)	cx q[3], q[2]
Gate( 9796)	cx q[8], q[3]
Gate( 9797)	tdg q[2]
Gate( 9798)	cx q[8], q[2]
Gate( 9799)	tdg q[8]
Gate( 9800)	tdg q[2]
Gate( 9801)	 t q[3]
Gate( 9802)	cx q[3], q[2]
Gate( 9803)	cx q[8], q[3]
Gate( 9804)	cx q[2], q[8]
Gate( 9805)	 h q[3]
Gate( 9806)	 h q[2]
Gate( 9807)	 t q[10]
Gate( 9808)	 t q[9]
Gate( 9809)	 t q[2]
Gate( 9810)	cx q[9], q[10]
Gate( 9811)	cx q[2], q[9]
Gate( 9812)	cx q[10], q[2]
Gate( 9813)	tdg q[9]
Gate( 9814)	cx q[10], q[9]
Gate( 9815)	tdg q[10]
Gate( 9816)	tdg q[9]
Gate( 9817)	 t q[2]
Gate( 9818)	cx q[2], q[9]
Gate( 9819)	cx q[10], q[2]
Gate( 9820)	cx q[9], q[10]
Gate( 9821)	 h q[2]
Gate( 9822)	 h q[3]
Gate( 9823)	 t q[8]
Gate( 9824)	 t q[2]
Gate( 9825)	 t q[3]
Gate( 9826)	cx q[2], q[8]
Gate( 9827)	cx q[3], q[2]
Gate( 9828)	cx q[8], q[3]
Gate( 9829)	tdg q[2]
Gate( 9830)	cx q[8], q[2]
Gate( 9831)	tdg q[8]
Gate( 9832)	tdg q[2]
Gate( 9833)	 t q[3]
Gate( 9834)	cx q[3], q[2]
Gate( 9835)	cx q[8], q[3]
Gate( 9836)	cx q[2], q[8]
Gate( 9837)	 h q[3]
Gate( 9838)	 h q[5]
Gate( 9839)	 t q[7]
Gate( 9840)	 t q[3]
Gate( 9841)	 t q[5]
Gate( 9842)	cx q[3], q[7]
Gate( 9843)	cx q[5], q[3]
Gate( 9844)	cx q[7], q[5]
Gate( 9845)	tdg q[3]
Gate( 9846)	cx q[7], q[3]
Gate( 9847)	tdg q[7]
Gate( 9848)	tdg q[3]
Gate( 9849)	 t q[5]
Gate( 9850)	cx q[5], q[3]
Gate( 9851)	cx q[7], q[5]
Gate( 9852)	cx q[3], q[7]
Gate( 9853)	 h q[5]
Gate( 9854)	 h q[11]
Gate( 9855)	 t q[6]
Gate( 9856)	 t q[5]
Gate( 9857)	 t q[11]
Gate( 9858)	cx q[5], q[6]
Gate( 9859)	cx q[11], q[5]
Gate( 9860)	cx q[6], q[11]
Gate( 9861)	tdg q[5]
Gate( 9862)	cx q[6], q[5]
Gate( 9863)	tdg q[6]
Gate( 9864)	tdg q[5]
Gate( 9865)	 t q[11]
Gate( 9866)	cx q[11], q[5]
Gate( 9867)	cx q[6], q[11]
Gate( 9868)	cx q[5], q[6]
Gate( 9869)	 h q[11]
Gate( 9870)	 x q[5]
Gate( 9871)	 h q[3]
Gate( 9872)	 t q[5]
Gate( 9873)	 t q[9]
Gate( 9874)	 t q[3]
Gate( 9875)	cx q[9], q[5]
Gate( 9876)	cx q[3], q[9]
Gate( 9877)	cx q[5], q[3]
Gate( 9878)	tdg q[9]
Gate( 9879)	cx q[5], q[9]
Gate( 9880)	tdg q[5]
Gate( 9881)	tdg q[9]
Gate( 9882)	 t q[3]
Gate( 9883)	cx q[3], q[9]
Gate( 9884)	cx q[5], q[3]
Gate( 9885)	cx q[9], q[5]
Gate( 9886)	 h q[3]
Gate( 9887)	 h q[9]
Gate( 9888)	 t q[11]
Gate( 9889)	 t q[10]
Gate( 9890)	 t q[9]
Gate( 9891)	cx q[10], q[11]
Gate( 9892)	cx q[9], q[10]
Gate( 9893)	cx q[11], q[9]
Gate( 9894)	tdg q[10]
Gate( 9895)	cx q[11], q[10]
Gate( 9896)	tdg q[11]
Gate( 9897)	tdg q[10]
Gate( 9898)	 t q[9]
Gate( 9899)	cx q[9], q[10]
Gate( 9900)	cx q[11], q[9]
Gate( 9901)	cx q[10], q[11]
Gate( 9902)	 h q[9]
Gate( 9903)	 h q[3]
Gate( 9904)	 t q[5]
Gate( 9905)	 t q[9]
Gate( 9906)	 t q[3]
Gate( 9907)	cx q[9], q[5]
Gate( 9908)	cx q[3], q[9]
Gate( 9909)	cx q[5], q[3]
Gate( 9910)	tdg q[9]
Gate( 9911)	cx q[5], q[9]
Gate( 9912)	tdg q[5]
Gate( 9913)	tdg q[9]
Gate( 9914)	 t q[3]
Gate( 9915)	cx q[3], q[9]
Gate( 9916)	cx q[5], q[3]
Gate( 9917)	cx q[9], q[5]
Gate( 9918)	 h q[3]
Gate( 9919)	 h q[9]
Gate( 9920)	 t q[11]
Gate( 9921)	 t q[10]
Gate( 9922)	 t q[9]
Gate( 9923)	cx q[10], q[11]
Gate( 9924)	cx q[9], q[10]
Gate( 9925)	cx q[11], q[9]
Gate( 9926)	tdg q[10]
Gate( 9927)	cx q[11], q[10]
Gate( 9928)	tdg q[11]
Gate( 9929)	tdg q[10]
Gate( 9930)	 t q[9]
Gate( 9931)	cx q[9], q[10]
Gate( 9932)	cx q[11], q[9]
Gate( 9933)	cx q[10], q[11]
Gate( 9934)	 h q[9]
Gate( 9935)	 h q[1]
Gate( 9936)	 t q[8]
Gate( 9937)	 t q[9]
Gate( 9938)	 t q[1]
Gate( 9939)	cx q[9], q[8]
Gate( 9940)	cx q[1], q[9]
Gate( 9941)	cx q[8], q[1]
Gate( 9942)	tdg q[9]
Gate( 9943)	cx q[8], q[9]
Gate( 9944)	tdg q[8]
Gate( 9945)	tdg q[9]
Gate( 9946)	 t q[1]
Gate( 9947)	cx q[1], q[9]
Gate( 9948)	cx q[8], q[1]
Gate( 9949)	cx q[9], q[8]
Gate( 9950)	 h q[1]
Gate( 9951)	 h q[9]
Gate( 9952)	 t q[11]
Gate( 9953)	 t q[10]
Gate( 9954)	 t q[9]
Gate( 9955)	cx q[10], q[11]
Gate( 9956)	cx q[9], q[10]
Gate( 9957)	cx q[11], q[9]
Gate( 9958)	tdg q[10]
Gate( 9959)	cx q[11], q[10]
Gate( 9960)	tdg q[11]
Gate( 9961)	tdg q[10]
Gate( 9962)	 t q[9]
Gate( 9963)	cx q[9], q[10]
Gate( 9964)	cx q[11], q[9]
Gate( 9965)	cx q[10], q[11]
Gate( 9966)	 h q[9]
Gate( 9967)	 h q[1]
Gate( 9968)	 t q[8]
Gate( 9969)	 t q[9]
Gate( 9970)	 t q[1]
Gate( 9971)	cx q[9], q[8]
Gate( 9972)	cx q[1], q[9]
Gate( 9973)	cx q[8], q[1]
Gate( 9974)	tdg q[9]
Gate( 9975)	cx q[8], q[9]
Gate( 9976)	tdg q[8]
Gate( 9977)	tdg q[9]
Gate( 9978)	 t q[1]
Gate( 9979)	cx q[1], q[9]
Gate( 9980)	cx q[8], q[1]
Gate( 9981)	cx q[9], q[8]
Gate( 9982)	 h q[1]
Gate( 9983)	 h q[9]
Gate( 9984)	 t q[11]
Gate( 9985)	 t q[10]
Gate( 9986)	 t q[9]
Gate( 9987)	cx q[10], q[11]
Gate( 9988)	cx q[9], q[10]
Gate( 9989)	cx q[11], q[9]
Gate( 9990)	tdg q[10]
Gate( 9991)	cx q[11], q[10]
Gate( 9992)	tdg q[11]
Gate( 9993)	tdg q[10]
Gate( 9994)	 t q[9]
Gate( 9995)	cx q[9], q[10]
Gate( 9996)	cx q[11], q[9]
Gate( 9997)	cx q[10], q[11]
Gate( 9998)	 h q[9]
Gate( 9999)	 h q[0]
Gate(10000)	 t q[1]
Gate(10001)	 t q[11]
Gate(10002)	 t q[0]
Gate(10003)	cx q[11], q[1]
Gate(10004)	cx q[0], q[11]
Gate(10005)	cx q[1], q[0]
Gate(10006)	tdg q[11]
Gate(10007)	cx q[1], q[11]
Gate(10008)	tdg q[1]
Gate(10009)	tdg q[11]
Gate(10010)	 t q[0]
Gate(10011)	cx q[0], q[11]
Gate(10012)	cx q[1], q[0]
Gate(10013)	cx q[11], q[1]
Gate(10014)	 h q[0]
Gate(10015)	 h q[11]
Gate(10016)	 t q[4]
Gate(10017)	 t q[10]
Gate(10018)	 t q[11]
Gate(10019)	cx q[10], q[4]
Gate(10020)	cx q[11], q[10]
Gate(10021)	cx q[4], q[11]
Gate(10022)	tdg q[10]
Gate(10023)	cx q[4], q[10]
Gate(10024)	tdg q[4]
Gate(10025)	tdg q[10]
Gate(10026)	 t q[11]
Gate(10027)	cx q[11], q[10]
Gate(10028)	cx q[4], q[11]
Gate(10029)	cx q[10], q[4]
Gate(10030)	 h q[11]
Gate(10031)	 h q[10]
Gate(10032)	 t q[5]
Gate(10033)	 t q[9]
Gate(10034)	 t q[10]
Gate(10035)	cx q[9], q[5]
Gate(10036)	cx q[10], q[9]
Gate(10037)	cx q[5], q[10]
Gate(10038)	tdg q[9]
Gate(10039)	cx q[5], q[9]
Gate(10040)	tdg q[5]
Gate(10041)	tdg q[9]
Gate(10042)	 t q[10]
Gate(10043)	cx q[10], q[9]
Gate(10044)	cx q[5], q[10]
Gate(10045)	cx q[9], q[5]
Gate(10046)	 h q[10]
Gate(10047)	 h q[9]
Gate(10048)	 t q[7]
Gate(10049)	 t q[6]
Gate(10050)	 t q[9]
Gate(10051)	cx q[6], q[7]
Gate(10052)	cx q[9], q[6]
Gate(10053)	cx q[7], q[9]
Gate(10054)	tdg q[6]
Gate(10055)	cx q[7], q[6]
Gate(10056)	tdg q[7]
Gate(10057)	tdg q[6]
Gate(10058)	 t q[9]
Gate(10059)	cx q[9], q[6]
Gate(10060)	cx q[7], q[9]
Gate(10061)	cx q[6], q[7]
Gate(10062)	 h q[9]
Gate(10063)	 h q[10]
Gate(10064)	 t q[5]
Gate(10065)	 t q[9]
Gate(10066)	 t q[10]
Gate(10067)	cx q[9], q[5]
Gate(10068)	cx q[10], q[9]
Gate(10069)	cx q[5], q[10]
Gate(10070)	tdg q[9]
Gate(10071)	cx q[5], q[9]
Gate(10072)	tdg q[5]
Gate(10073)	tdg q[9]
Gate(10074)	 t q[10]
Gate(10075)	cx q[10], q[9]
Gate(10076)	cx q[5], q[10]
Gate(10077)	cx q[9], q[5]
Gate(10078)	 h q[10]
Gate(10079)	 h q[11]
Gate(10080)	 t q[4]
Gate(10081)	 t q[10]
Gate(10082)	 t q[11]
Gate(10083)	cx q[10], q[4]
Gate(10084)	cx q[11], q[10]
Gate(10085)	cx q[4], q[11]
Gate(10086)	tdg q[10]
Gate(10087)	cx q[4], q[10]
Gate(10088)	tdg q[4]
Gate(10089)	tdg q[10]
Gate(10090)	 t q[11]
Gate(10091)	cx q[11], q[10]
Gate(10092)	cx q[4], q[11]
Gate(10093)	cx q[10], q[4]
Gate(10094)	 h q[11]
Gate(10095)	 h q[0]
Gate(10096)	 t q[1]
Gate(10097)	 t q[11]
Gate(10098)	 t q[0]
Gate(10099)	cx q[11], q[1]
Gate(10100)	cx q[0], q[11]
Gate(10101)	cx q[1], q[0]
Gate(10102)	tdg q[11]
Gate(10103)	cx q[1], q[11]
Gate(10104)	tdg q[1]
Gate(10105)	tdg q[11]
Gate(10106)	 t q[0]
Gate(10107)	cx q[0], q[11]
Gate(10108)	cx q[1], q[0]
Gate(10109)	cx q[11], q[1]
Gate(10110)	 h q[0]
Gate(10111)	 h q[11]
Gate(10112)	 t q[4]
Gate(10113)	 t q[10]
Gate(10114)	 t q[11]
Gate(10115)	cx q[10], q[4]
Gate(10116)	cx q[11], q[10]
Gate(10117)	cx q[4], q[11]
Gate(10118)	tdg q[10]
Gate(10119)	cx q[4], q[10]
Gate(10120)	tdg q[4]
Gate(10121)	tdg q[10]
Gate(10122)	 t q[11]
Gate(10123)	cx q[11], q[10]
Gate(10124)	cx q[4], q[11]
Gate(10125)	cx q[10], q[4]
Gate(10126)	 h q[11]
Gate(10127)	 h q[10]
Gate(10128)	 t q[5]
Gate(10129)	 t q[9]
Gate(10130)	 t q[10]
Gate(10131)	cx q[9], q[5]
Gate(10132)	cx q[10], q[9]
Gate(10133)	cx q[5], q[10]
Gate(10134)	tdg q[9]
Gate(10135)	cx q[5], q[9]
Gate(10136)	tdg q[5]
Gate(10137)	tdg q[9]
Gate(10138)	 t q[10]
Gate(10139)	cx q[10], q[9]
Gate(10140)	cx q[5], q[10]
Gate(10141)	cx q[9], q[5]
Gate(10142)	 h q[10]
Gate(10143)	 h q[9]
Gate(10144)	 t q[7]
Gate(10145)	 t q[6]
Gate(10146)	 t q[9]
Gate(10147)	cx q[6], q[7]
Gate(10148)	cx q[9], q[6]
Gate(10149)	cx q[7], q[9]
Gate(10150)	tdg q[6]
Gate(10151)	cx q[7], q[6]
Gate(10152)	tdg q[7]
Gate(10153)	tdg q[6]
Gate(10154)	 t q[9]
Gate(10155)	cx q[9], q[6]
Gate(10156)	cx q[7], q[9]
Gate(10157)	cx q[6], q[7]
Gate(10158)	 h q[9]
Gate(10159)	 h q[10]
Gate(10160)	 t q[5]
Gate(10161)	 t q[9]
Gate(10162)	 t q[10]
Gate(10163)	cx q[9], q[5]
Gate(10164)	cx q[10], q[9]
Gate(10165)	cx q[5], q[10]
Gate(10166)	tdg q[9]
Gate(10167)	cx q[5], q[9]
Gate(10168)	tdg q[5]
Gate(10169)	tdg q[9]
Gate(10170)	 t q[10]
Gate(10171)	cx q[10], q[9]
Gate(10172)	cx q[5], q[10]
Gate(10173)	cx q[9], q[5]
Gate(10174)	 h q[10]
Gate(10175)	 h q[11]
Gate(10176)	 t q[4]
Gate(10177)	 t q[10]
Gate(10178)	 t q[11]
Gate(10179)	cx q[10], q[4]
Gate(10180)	cx q[11], q[10]
Gate(10181)	cx q[4], q[11]
Gate(10182)	tdg q[10]
Gate(10183)	cx q[4], q[10]
Gate(10184)	tdg q[4]
Gate(10185)	tdg q[10]
Gate(10186)	 t q[11]
Gate(10187)	cx q[11], q[10]
Gate(10188)	cx q[4], q[11]
Gate(10189)	cx q[10], q[4]
Gate(10190)	 h q[11]
Gate(10191)	 h q[1]
Gate(10192)	 t q[8]
Gate(10193)	 t q[9]
Gate(10194)	 t q[1]
Gate(10195)	cx q[9], q[8]
Gate(10196)	cx q[1], q[9]
Gate(10197)	cx q[8], q[1]
Gate(10198)	tdg q[9]
Gate(10199)	cx q[8], q[9]
Gate(10200)	tdg q[8]
Gate(10201)	tdg q[9]
Gate(10202)	 t q[1]
Gate(10203)	cx q[1], q[9]
Gate(10204)	cx q[8], q[1]
Gate(10205)	cx q[9], q[8]
Gate(10206)	 h q[1]
Gate(10207)	 h q[9]
Gate(10208)	 t q[11]
Gate(10209)	 t q[10]
Gate(10210)	 t q[9]
Gate(10211)	cx q[10], q[11]
Gate(10212)	cx q[9], q[10]
Gate(10213)	cx q[11], q[9]
Gate(10214)	tdg q[10]
Gate(10215)	cx q[11], q[10]
Gate(10216)	tdg q[11]
Gate(10217)	tdg q[10]
Gate(10218)	 t q[9]
Gate(10219)	cx q[9], q[10]
Gate(10220)	cx q[11], q[9]
Gate(10221)	cx q[10], q[11]
Gate(10222)	 h q[9]
Gate(10223)	 h q[1]
Gate(10224)	 t q[8]
Gate(10225)	 t q[9]
Gate(10226)	 t q[1]
Gate(10227)	cx q[9], q[8]
Gate(10228)	cx q[1], q[9]
Gate(10229)	cx q[8], q[1]
Gate(10230)	tdg q[9]
Gate(10231)	cx q[8], q[9]
Gate(10232)	tdg q[8]
Gate(10233)	tdg q[9]
Gate(10234)	 t q[1]
Gate(10235)	cx q[1], q[9]
Gate(10236)	cx q[8], q[1]
Gate(10237)	cx q[9], q[8]
Gate(10238)	 h q[1]
Gate(10239)	 h q[9]
Gate(10240)	 t q[11]
Gate(10241)	 t q[10]
Gate(10242)	 t q[9]
Gate(10243)	cx q[10], q[11]
Gate(10244)	cx q[9], q[10]
Gate(10245)	cx q[11], q[9]
Gate(10246)	tdg q[10]
Gate(10247)	cx q[11], q[10]
Gate(10248)	tdg q[11]
Gate(10249)	tdg q[10]
Gate(10250)	 t q[9]
Gate(10251)	cx q[9], q[10]
Gate(10252)	cx q[11], q[9]
Gate(10253)	cx q[10], q[11]
Gate(10254)	 h q[9]
Gate(10255)	 h q[0]
Gate(10256)	 t q[1]
Gate(10257)	 t q[11]
Gate(10258)	 t q[0]
Gate(10259)	cx q[11], q[1]
Gate(10260)	cx q[0], q[11]
Gate(10261)	cx q[1], q[0]
Gate(10262)	tdg q[11]
Gate(10263)	cx q[1], q[11]
Gate(10264)	tdg q[1]
Gate(10265)	tdg q[11]
Gate(10266)	 t q[0]
Gate(10267)	cx q[0], q[11]
Gate(10268)	cx q[1], q[0]
Gate(10269)	cx q[11], q[1]
Gate(10270)	 h q[0]
Gate(10271)	 h q[11]
Gate(10272)	 t q[4]
Gate(10273)	 t q[10]
Gate(10274)	 t q[11]
Gate(10275)	cx q[10], q[4]
Gate(10276)	cx q[11], q[10]
Gate(10277)	cx q[4], q[11]
Gate(10278)	tdg q[10]
Gate(10279)	cx q[4], q[10]
Gate(10280)	tdg q[4]
Gate(10281)	tdg q[10]
Gate(10282)	 t q[11]
Gate(10283)	cx q[11], q[10]
Gate(10284)	cx q[4], q[11]
Gate(10285)	cx q[10], q[4]
Gate(10286)	 h q[11]
Gate(10287)	 h q[10]
Gate(10288)	 t q[5]
Gate(10289)	 t q[9]
Gate(10290)	 t q[10]
Gate(10291)	cx q[9], q[5]
Gate(10292)	cx q[10], q[9]
Gate(10293)	cx q[5], q[10]
Gate(10294)	tdg q[9]
Gate(10295)	cx q[5], q[9]
Gate(10296)	tdg q[5]
Gate(10297)	tdg q[9]
Gate(10298)	 t q[10]
Gate(10299)	cx q[10], q[9]
Gate(10300)	cx q[5], q[10]
Gate(10301)	cx q[9], q[5]
Gate(10302)	 h q[10]
Gate(10303)	 h q[9]
Gate(10304)	 t q[7]
Gate(10305)	 t q[6]
Gate(10306)	 t q[9]
Gate(10307)	cx q[6], q[7]
Gate(10308)	cx q[9], q[6]
Gate(10309)	cx q[7], q[9]
Gate(10310)	tdg q[6]
Gate(10311)	cx q[7], q[6]
Gate(10312)	tdg q[7]
Gate(10313)	tdg q[6]
Gate(10314)	 t q[9]
Gate(10315)	cx q[9], q[6]
Gate(10316)	cx q[7], q[9]
Gate(10317)	cx q[6], q[7]
Gate(10318)	 h q[9]
Gate(10319)	 h q[10]
Gate(10320)	 t q[5]
Gate(10321)	 t q[9]
Gate(10322)	 t q[10]
Gate(10323)	cx q[9], q[5]
Gate(10324)	cx q[10], q[9]
Gate(10325)	cx q[5], q[10]
Gate(10326)	tdg q[9]
Gate(10327)	cx q[5], q[9]
Gate(10328)	tdg q[5]
Gate(10329)	tdg q[9]
Gate(10330)	 t q[10]
Gate(10331)	cx q[10], q[9]
Gate(10332)	cx q[5], q[10]
Gate(10333)	cx q[9], q[5]
Gate(10334)	 h q[10]
Gate(10335)	 h q[11]
Gate(10336)	 t q[4]
Gate(10337)	 t q[10]
Gate(10338)	 t q[11]
Gate(10339)	cx q[10], q[4]
Gate(10340)	cx q[11], q[10]
Gate(10341)	cx q[4], q[11]
Gate(10342)	tdg q[10]
Gate(10343)	cx q[4], q[10]
Gate(10344)	tdg q[4]
Gate(10345)	tdg q[10]
Gate(10346)	 t q[11]
Gate(10347)	cx q[11], q[10]
Gate(10348)	cx q[4], q[11]
Gate(10349)	cx q[10], q[4]
Gate(10350)	 h q[11]
Gate(10351)	 h q[0]
Gate(10352)	 t q[1]
Gate(10353)	 t q[11]
Gate(10354)	 t q[0]
Gate(10355)	cx q[11], q[1]
Gate(10356)	cx q[0], q[11]
Gate(10357)	cx q[1], q[0]
Gate(10358)	tdg q[11]
Gate(10359)	cx q[1], q[11]
Gate(10360)	tdg q[1]
Gate(10361)	tdg q[11]
Gate(10362)	 t q[0]
Gate(10363)	cx q[0], q[11]
Gate(10364)	cx q[1], q[0]
Gate(10365)	cx q[11], q[1]
Gate(10366)	 h q[0]
Gate(10367)	 h q[11]
Gate(10368)	 t q[4]
Gate(10369)	 t q[10]
Gate(10370)	 t q[11]
Gate(10371)	cx q[10], q[4]
Gate(10372)	cx q[11], q[10]
Gate(10373)	cx q[4], q[11]
Gate(10374)	tdg q[10]
Gate(10375)	cx q[4], q[10]
Gate(10376)	tdg q[4]
Gate(10377)	tdg q[10]
Gate(10378)	 t q[11]
Gate(10379)	cx q[11], q[10]
Gate(10380)	cx q[4], q[11]
Gate(10381)	cx q[10], q[4]
Gate(10382)	 h q[11]
Gate(10383)	 h q[10]
Gate(10384)	 t q[5]
Gate(10385)	 t q[9]
Gate(10386)	 t q[10]
Gate(10387)	cx q[9], q[5]
Gate(10388)	cx q[10], q[9]
Gate(10389)	cx q[5], q[10]
Gate(10390)	tdg q[9]
Gate(10391)	cx q[5], q[9]
Gate(10392)	tdg q[5]
Gate(10393)	tdg q[9]
Gate(10394)	 t q[10]
Gate(10395)	cx q[10], q[9]
Gate(10396)	cx q[5], q[10]
Gate(10397)	cx q[9], q[5]
Gate(10398)	 h q[10]
Gate(10399)	 h q[9]
Gate(10400)	 t q[7]
Gate(10401)	 t q[6]
Gate(10402)	 t q[9]
Gate(10403)	cx q[6], q[7]
Gate(10404)	cx q[9], q[6]
Gate(10405)	cx q[7], q[9]
Gate(10406)	tdg q[6]
Gate(10407)	cx q[7], q[6]
Gate(10408)	tdg q[7]
Gate(10409)	tdg q[6]
Gate(10410)	 t q[9]
Gate(10411)	cx q[9], q[6]
Gate(10412)	cx q[7], q[9]
Gate(10413)	cx q[6], q[7]
Gate(10414)	 h q[9]
Gate(10415)	 h q[10]
Gate(10416)	 t q[5]
Gate(10417)	 t q[9]
Gate(10418)	 t q[10]
Gate(10419)	cx q[9], q[5]
Gate(10420)	cx q[10], q[9]
Gate(10421)	cx q[5], q[10]
Gate(10422)	tdg q[9]
Gate(10423)	cx q[5], q[9]
Gate(10424)	tdg q[5]
Gate(10425)	tdg q[9]
Gate(10426)	 t q[10]
Gate(10427)	cx q[10], q[9]
Gate(10428)	cx q[5], q[10]
Gate(10429)	cx q[9], q[5]
Gate(10430)	 h q[10]
Gate(10431)	 h q[11]
Gate(10432)	 t q[4]
Gate(10433)	 t q[10]
Gate(10434)	 t q[11]
Gate(10435)	cx q[10], q[4]
Gate(10436)	cx q[11], q[10]
Gate(10437)	cx q[4], q[11]
Gate(10438)	tdg q[10]
Gate(10439)	cx q[4], q[10]
Gate(10440)	tdg q[4]
Gate(10441)	tdg q[10]
Gate(10442)	 t q[11]
Gate(10443)	cx q[11], q[10]
Gate(10444)	cx q[4], q[11]
Gate(10445)	cx q[10], q[4]
Gate(10446)	 h q[11]
Gate(10447)	 x q[4]
Gate(10448)	 x q[11]
Gate(10449)	 x q[6]
Gate(10450)	 h q[1]
Gate(10451)	 t q[9]
Gate(10452)	 t q[8]
Gate(10453)	 t q[1]
Gate(10454)	cx q[8], q[9]
Gate(10455)	cx q[1], q[8]
Gate(10456)	cx q[9], q[1]
Gate(10457)	tdg q[8]
Gate(10458)	cx q[9], q[8]
Gate(10459)	tdg q[9]
Gate(10460)	tdg q[8]
Gate(10461)	 t q[1]
Gate(10462)	cx q[1], q[8]
Gate(10463)	cx q[9], q[1]
Gate(10464)	cx q[8], q[9]
Gate(10465)	 h q[1]
Gate(10466)	 h q[8]
Gate(10467)	 t q[11]
Gate(10468)	 t q[10]
Gate(10469)	 t q[8]
Gate(10470)	cx q[10], q[11]
Gate(10471)	cx q[8], q[10]
Gate(10472)	cx q[11], q[8]
Gate(10473)	tdg q[10]
Gate(10474)	cx q[11], q[10]
Gate(10475)	tdg q[11]
Gate(10476)	tdg q[10]
Gate(10477)	 t q[8]
Gate(10478)	cx q[8], q[10]
Gate(10479)	cx q[11], q[8]
Gate(10480)	cx q[10], q[11]
Gate(10481)	 h q[8]
Gate(10482)	 h q[1]
Gate(10483)	 t q[9]
Gate(10484)	 t q[8]
Gate(10485)	 t q[1]
Gate(10486)	cx q[8], q[9]
Gate(10487)	cx q[1], q[8]
Gate(10488)	cx q[9], q[1]
Gate(10489)	tdg q[8]
Gate(10490)	cx q[9], q[8]
Gate(10491)	tdg q[9]
Gate(10492)	tdg q[8]
Gate(10493)	 t q[1]
Gate(10494)	cx q[1], q[8]
Gate(10495)	cx q[9], q[1]
Gate(10496)	cx q[8], q[9]
Gate(10497)	 h q[1]
Gate(10498)	 h q[8]
Gate(10499)	 t q[11]
Gate(10500)	 t q[10]
Gate(10501)	 t q[8]
Gate(10502)	cx q[10], q[11]
Gate(10503)	cx q[8], q[10]
Gate(10504)	cx q[11], q[8]
Gate(10505)	tdg q[10]
Gate(10506)	cx q[11], q[10]
Gate(10507)	tdg q[11]
Gate(10508)	tdg q[10]
Gate(10509)	 t q[8]
Gate(10510)	cx q[8], q[10]
Gate(10511)	cx q[11], q[8]
Gate(10512)	cx q[10], q[11]
Gate(10513)	 h q[8]
Gate(10514)	 h q[0]
Gate(10515)	 t q[1]
Gate(10516)	 t q[11]
Gate(10517)	 t q[0]
Gate(10518)	cx q[11], q[1]
Gate(10519)	cx q[0], q[11]
Gate(10520)	cx q[1], q[0]
Gate(10521)	tdg q[11]
Gate(10522)	cx q[1], q[11]
Gate(10523)	tdg q[1]
Gate(10524)	tdg q[11]
Gate(10525)	 t q[0]
Gate(10526)	cx q[0], q[11]
Gate(10527)	cx q[1], q[0]
Gate(10528)	cx q[11], q[1]
Gate(10529)	 h q[0]
Gate(10530)	 h q[11]
Gate(10531)	 t q[4]
Gate(10532)	 t q[10]
Gate(10533)	 t q[11]
Gate(10534)	cx q[10], q[4]
Gate(10535)	cx q[11], q[10]
Gate(10536)	cx q[4], q[11]
Gate(10537)	tdg q[10]
Gate(10538)	cx q[4], q[10]
Gate(10539)	tdg q[4]
Gate(10540)	tdg q[10]
Gate(10541)	 t q[11]
Gate(10542)	cx q[11], q[10]
Gate(10543)	cx q[4], q[11]
Gate(10544)	cx q[10], q[4]
Gate(10545)	 h q[11]
Gate(10546)	 h q[10]
Gate(10547)	 t q[5]
Gate(10548)	 t q[9]
Gate(10549)	 t q[10]
Gate(10550)	cx q[9], q[5]
Gate(10551)	cx q[10], q[9]
Gate(10552)	cx q[5], q[10]
Gate(10553)	tdg q[9]
Gate(10554)	cx q[5], q[9]
Gate(10555)	tdg q[5]
Gate(10556)	tdg q[9]
Gate(10557)	 t q[10]
Gate(10558)	cx q[10], q[9]
Gate(10559)	cx q[5], q[10]
Gate(10560)	cx q[9], q[5]
Gate(10561)	 h q[10]
Gate(10562)	 h q[9]
Gate(10563)	 t q[8]
Gate(10564)	 t q[6]
Gate(10565)	 t q[9]
Gate(10566)	cx q[6], q[8]
Gate(10567)	cx q[9], q[6]
Gate(10568)	cx q[8], q[9]
Gate(10569)	tdg q[6]
Gate(10570)	cx q[8], q[6]
Gate(10571)	tdg q[8]
Gate(10572)	tdg q[6]
Gate(10573)	 t q[9]
Gate(10574)	cx q[9], q[6]
Gate(10575)	cx q[8], q[9]
Gate(10576)	cx q[6], q[8]
Gate(10577)	 h q[9]
Gate(10578)	 h q[10]
Gate(10579)	 t q[5]
Gate(10580)	 t q[9]
Gate(10581)	 t q[10]
Gate(10582)	cx q[9], q[5]
Gate(10583)	cx q[10], q[9]
Gate(10584)	cx q[5], q[10]
Gate(10585)	tdg q[9]
Gate(10586)	cx q[5], q[9]
Gate(10587)	tdg q[5]
Gate(10588)	tdg q[9]
Gate(10589)	 t q[10]
Gate(10590)	cx q[10], q[9]
Gate(10591)	cx q[5], q[10]
Gate(10592)	cx q[9], q[5]
Gate(10593)	 h q[10]
Gate(10594)	 h q[11]
Gate(10595)	 t q[4]
Gate(10596)	 t q[10]
Gate(10597)	 t q[11]
Gate(10598)	cx q[10], q[4]
Gate(10599)	cx q[11], q[10]
Gate(10600)	cx q[4], q[11]
Gate(10601)	tdg q[10]
Gate(10602)	cx q[4], q[10]
Gate(10603)	tdg q[4]
Gate(10604)	tdg q[10]
Gate(10605)	 t q[11]
Gate(10606)	cx q[11], q[10]
Gate(10607)	cx q[4], q[11]
Gate(10608)	cx q[10], q[4]
Gate(10609)	 h q[11]
Gate(10610)	 h q[0]
Gate(10611)	 t q[1]
Gate(10612)	 t q[11]
Gate(10613)	 t q[0]
Gate(10614)	cx q[11], q[1]
Gate(10615)	cx q[0], q[11]
Gate(10616)	cx q[1], q[0]
Gate(10617)	tdg q[11]
Gate(10618)	cx q[1], q[11]
Gate(10619)	tdg q[1]
Gate(10620)	tdg q[11]
Gate(10621)	 t q[0]
Gate(10622)	cx q[0], q[11]
Gate(10623)	cx q[1], q[0]
Gate(10624)	cx q[11], q[1]
Gate(10625)	 h q[0]
Gate(10626)	 h q[11]
Gate(10627)	 t q[4]
Gate(10628)	 t q[10]
Gate(10629)	 t q[11]
Gate(10630)	cx q[10], q[4]
Gate(10631)	cx q[11], q[10]
Gate(10632)	cx q[4], q[11]
Gate(10633)	tdg q[10]
Gate(10634)	cx q[4], q[10]
Gate(10635)	tdg q[4]
Gate(10636)	tdg q[10]
Gate(10637)	 t q[11]
Gate(10638)	cx q[11], q[10]
Gate(10639)	cx q[4], q[11]
Gate(10640)	cx q[10], q[4]
Gate(10641)	 h q[11]
Gate(10642)	 h q[10]
Gate(10643)	 t q[5]
Gate(10644)	 t q[9]
Gate(10645)	 t q[10]
Gate(10646)	cx q[9], q[5]
Gate(10647)	cx q[10], q[9]
Gate(10648)	cx q[5], q[10]
Gate(10649)	tdg q[9]
Gate(10650)	cx q[5], q[9]
Gate(10651)	tdg q[5]
Gate(10652)	tdg q[9]
Gate(10653)	 t q[10]
Gate(10654)	cx q[10], q[9]
Gate(10655)	cx q[5], q[10]
Gate(10656)	cx q[9], q[5]
Gate(10657)	 h q[10]
Gate(10658)	 h q[9]
Gate(10659)	 t q[8]
Gate(10660)	 t q[6]
Gate(10661)	 t q[9]
Gate(10662)	cx q[6], q[8]
Gate(10663)	cx q[9], q[6]
Gate(10664)	cx q[8], q[9]
Gate(10665)	tdg q[6]
Gate(10666)	cx q[8], q[6]
Gate(10667)	tdg q[8]
Gate(10668)	tdg q[6]
Gate(10669)	 t q[9]
Gate(10670)	cx q[9], q[6]
Gate(10671)	cx q[8], q[9]
Gate(10672)	cx q[6], q[8]
Gate(10673)	 h q[9]
Gate(10674)	 h q[10]
Gate(10675)	 t q[5]
Gate(10676)	 t q[9]
Gate(10677)	 t q[10]
Gate(10678)	cx q[9], q[5]
Gate(10679)	cx q[10], q[9]
Gate(10680)	cx q[5], q[10]
Gate(10681)	tdg q[9]
Gate(10682)	cx q[5], q[9]
Gate(10683)	tdg q[5]
Gate(10684)	tdg q[9]
Gate(10685)	 t q[10]
Gate(10686)	cx q[10], q[9]
Gate(10687)	cx q[5], q[10]
Gate(10688)	cx q[9], q[5]
Gate(10689)	 h q[10]
Gate(10690)	 h q[11]
Gate(10691)	 t q[4]
Gate(10692)	 t q[10]
Gate(10693)	 t q[11]
Gate(10694)	cx q[10], q[4]
Gate(10695)	cx q[11], q[10]
Gate(10696)	cx q[4], q[11]
Gate(10697)	tdg q[10]
Gate(10698)	cx q[4], q[10]
Gate(10699)	tdg q[4]
Gate(10700)	tdg q[10]
Gate(10701)	 t q[11]
Gate(10702)	cx q[11], q[10]
Gate(10703)	cx q[4], q[11]
Gate(10704)	cx q[10], q[4]
Gate(10705)	 h q[11]
Gate(10706)	 h q[1]
Gate(10707)	 t q[9]
Gate(10708)	 t q[8]
Gate(10709)	 t q[1]
Gate(10710)	cx q[8], q[9]
Gate(10711)	cx q[1], q[8]
Gate(10712)	cx q[9], q[1]
Gate(10713)	tdg q[8]
Gate(10714)	cx q[9], q[8]
Gate(10715)	tdg q[9]
Gate(10716)	tdg q[8]
Gate(10717)	 t q[1]
Gate(10718)	cx q[1], q[8]
Gate(10719)	cx q[9], q[1]
Gate(10720)	cx q[8], q[9]
Gate(10721)	 h q[1]
Gate(10722)	 h q[8]
Gate(10723)	 t q[11]
Gate(10724)	 t q[10]
Gate(10725)	 t q[8]
Gate(10726)	cx q[10], q[11]
Gate(10727)	cx q[8], q[10]
Gate(10728)	cx q[11], q[8]
Gate(10729)	tdg q[10]
Gate(10730)	cx q[11], q[10]
Gate(10731)	tdg q[11]
Gate(10732)	tdg q[10]
Gate(10733)	 t q[8]
Gate(10734)	cx q[8], q[10]
Gate(10735)	cx q[11], q[8]
Gate(10736)	cx q[10], q[11]
Gate(10737)	 h q[8]
Gate(10738)	 h q[1]
Gate(10739)	 t q[9]
Gate(10740)	 t q[8]
Gate(10741)	 t q[1]
Gate(10742)	cx q[8], q[9]
Gate(10743)	cx q[1], q[8]
Gate(10744)	cx q[9], q[1]
Gate(10745)	tdg q[8]
Gate(10746)	cx q[9], q[8]
Gate(10747)	tdg q[9]
Gate(10748)	tdg q[8]
Gate(10749)	 t q[1]
Gate(10750)	cx q[1], q[8]
Gate(10751)	cx q[9], q[1]
Gate(10752)	cx q[8], q[9]
Gate(10753)	 h q[1]
Gate(10754)	 h q[8]
Gate(10755)	 t q[11]
Gate(10756)	 t q[10]
Gate(10757)	 t q[8]
Gate(10758)	cx q[10], q[11]
Gate(10759)	cx q[8], q[10]
Gate(10760)	cx q[11], q[8]
Gate(10761)	tdg q[10]
Gate(10762)	cx q[11], q[10]
Gate(10763)	tdg q[11]
Gate(10764)	tdg q[10]
Gate(10765)	 t q[8]
Gate(10766)	cx q[8], q[10]
Gate(10767)	cx q[11], q[8]
Gate(10768)	cx q[10], q[11]
Gate(10769)	 h q[8]
Gate(10770)	 h q[0]
Gate(10771)	 t q[1]
Gate(10772)	 t q[11]
Gate(10773)	 t q[0]
Gate(10774)	cx q[11], q[1]
Gate(10775)	cx q[0], q[11]
Gate(10776)	cx q[1], q[0]
Gate(10777)	tdg q[11]
Gate(10778)	cx q[1], q[11]
Gate(10779)	tdg q[1]
Gate(10780)	tdg q[11]
Gate(10781)	 t q[0]
Gate(10782)	cx q[0], q[11]
Gate(10783)	cx q[1], q[0]
Gate(10784)	cx q[11], q[1]
Gate(10785)	 h q[0]
Gate(10786)	 h q[11]
Gate(10787)	 t q[4]
Gate(10788)	 t q[10]
Gate(10789)	 t q[11]
Gate(10790)	cx q[10], q[4]
Gate(10791)	cx q[11], q[10]
Gate(10792)	cx q[4], q[11]
Gate(10793)	tdg q[10]
Gate(10794)	cx q[4], q[10]
Gate(10795)	tdg q[4]
Gate(10796)	tdg q[10]
Gate(10797)	 t q[11]
Gate(10798)	cx q[11], q[10]
Gate(10799)	cx q[4], q[11]
Gate(10800)	cx q[10], q[4]
Gate(10801)	 h q[11]
Gate(10802)	 h q[10]
Gate(10803)	 t q[5]
Gate(10804)	 t q[9]
Gate(10805)	 t q[10]
Gate(10806)	cx q[9], q[5]
Gate(10807)	cx q[10], q[9]
Gate(10808)	cx q[5], q[10]
Gate(10809)	tdg q[9]
Gate(10810)	cx q[5], q[9]
Gate(10811)	tdg q[5]
Gate(10812)	tdg q[9]
Gate(10813)	 t q[10]
Gate(10814)	cx q[10], q[9]
Gate(10815)	cx q[5], q[10]
Gate(10816)	cx q[9], q[5]
Gate(10817)	 h q[10]
Gate(10818)	 h q[9]
Gate(10819)	 t q[8]
Gate(10820)	 t q[6]
Gate(10821)	 t q[9]
Gate(10822)	cx q[6], q[8]
Gate(10823)	cx q[9], q[6]
Gate(10824)	cx q[8], q[9]
Gate(10825)	tdg q[6]
Gate(10826)	cx q[8], q[6]
Gate(10827)	tdg q[8]
Gate(10828)	tdg q[6]
Gate(10829)	 t q[9]
Gate(10830)	cx q[9], q[6]
Gate(10831)	cx q[8], q[9]
Gate(10832)	cx q[6], q[8]
Gate(10833)	 h q[9]
Gate(10834)	 h q[10]
Gate(10835)	 t q[5]
Gate(10836)	 t q[9]
Gate(10837)	 t q[10]
Gate(10838)	cx q[9], q[5]
Gate(10839)	cx q[10], q[9]
Gate(10840)	cx q[5], q[10]
Gate(10841)	tdg q[9]
Gate(10842)	cx q[5], q[9]
Gate(10843)	tdg q[5]
Gate(10844)	tdg q[9]
Gate(10845)	 t q[10]
Gate(10846)	cx q[10], q[9]
Gate(10847)	cx q[5], q[10]
Gate(10848)	cx q[9], q[5]
Gate(10849)	 h q[10]
Gate(10850)	 h q[11]
Gate(10851)	 t q[4]
Gate(10852)	 t q[10]
Gate(10853)	 t q[11]
Gate(10854)	cx q[10], q[4]
Gate(10855)	cx q[11], q[10]
Gate(10856)	cx q[4], q[11]
Gate(10857)	tdg q[10]
Gate(10858)	cx q[4], q[10]
Gate(10859)	tdg q[4]
Gate(10860)	tdg q[10]
Gate(10861)	 t q[11]
Gate(10862)	cx q[11], q[10]
Gate(10863)	cx q[4], q[11]
Gate(10864)	cx q[10], q[4]
Gate(10865)	 h q[11]
Gate(10866)	 h q[0]
Gate(10867)	 t q[1]
Gate(10868)	 t q[11]
Gate(10869)	 t q[0]
Gate(10870)	cx q[11], q[1]
Gate(10871)	cx q[0], q[11]
Gate(10872)	cx q[1], q[0]
Gate(10873)	tdg q[11]
Gate(10874)	cx q[1], q[11]
Gate(10875)	tdg q[1]
Gate(10876)	tdg q[11]
Gate(10877)	 t q[0]
Gate(10878)	cx q[0], q[11]
Gate(10879)	cx q[1], q[0]
Gate(10880)	cx q[11], q[1]
Gate(10881)	 h q[0]
Gate(10882)	 h q[11]
Gate(10883)	 t q[4]
Gate(10884)	 t q[10]
Gate(10885)	 t q[11]
Gate(10886)	cx q[10], q[4]
Gate(10887)	cx q[11], q[10]
Gate(10888)	cx q[4], q[11]
Gate(10889)	tdg q[10]
Gate(10890)	cx q[4], q[10]
Gate(10891)	tdg q[4]
Gate(10892)	tdg q[10]
Gate(10893)	 t q[11]
Gate(10894)	cx q[11], q[10]
Gate(10895)	cx q[4], q[11]
Gate(10896)	cx q[10], q[4]
Gate(10897)	 h q[11]
Gate(10898)	 h q[10]
Gate(10899)	 t q[5]
Gate(10900)	 t q[9]
Gate(10901)	 t q[10]
Gate(10902)	cx q[9], q[5]
Gate(10903)	cx q[10], q[9]
Gate(10904)	cx q[5], q[10]
Gate(10905)	tdg q[9]
Gate(10906)	cx q[5], q[9]
Gate(10907)	tdg q[5]
Gate(10908)	tdg q[9]
Gate(10909)	 t q[10]
Gate(10910)	cx q[10], q[9]
Gate(10911)	cx q[5], q[10]
Gate(10912)	cx q[9], q[5]
Gate(10913)	 h q[10]
Gate(10914)	 h q[9]
Gate(10915)	 t q[8]
Gate(10916)	 t q[6]
Gate(10917)	 t q[9]
Gate(10918)	cx q[6], q[8]
Gate(10919)	cx q[9], q[6]
Gate(10920)	cx q[8], q[9]
Gate(10921)	tdg q[6]
Gate(10922)	cx q[8], q[6]
Gate(10923)	tdg q[8]
Gate(10924)	tdg q[6]
Gate(10925)	 t q[9]
Gate(10926)	cx q[9], q[6]
Gate(10927)	cx q[8], q[9]
Gate(10928)	cx q[6], q[8]
Gate(10929)	 h q[9]
Gate(10930)	 h q[10]
Gate(10931)	 t q[5]
Gate(10932)	 t q[9]
Gate(10933)	 t q[10]
Gate(10934)	cx q[9], q[5]
Gate(10935)	cx q[10], q[9]
Gate(10936)	cx q[5], q[10]
Gate(10937)	tdg q[9]
Gate(10938)	cx q[5], q[9]
Gate(10939)	tdg q[5]
Gate(10940)	tdg q[9]
Gate(10941)	 t q[10]
Gate(10942)	cx q[10], q[9]
Gate(10943)	cx q[5], q[10]
Gate(10944)	cx q[9], q[5]
Gate(10945)	 h q[10]
Gate(10946)	 h q[11]
Gate(10947)	 t q[4]
Gate(10948)	 t q[10]
Gate(10949)	 t q[11]
Gate(10950)	cx q[10], q[4]
Gate(10951)	cx q[11], q[10]
Gate(10952)	cx q[4], q[11]
Gate(10953)	tdg q[10]
Gate(10954)	cx q[4], q[10]
Gate(10955)	tdg q[4]
Gate(10956)	tdg q[10]
Gate(10957)	 t q[11]
Gate(10958)	cx q[11], q[10]
Gate(10959)	cx q[4], q[11]
Gate(10960)	cx q[10], q[4]
Gate(10961)	 h q[11]
Gate(10962)	 h q[0]
Gate(10963)	 t q[4]
Gate(10964)	 t q[8]
Gate(10965)	 t q[0]
Gate(10966)	cx q[8], q[4]
Gate(10967)	cx q[0], q[8]
Gate(10968)	cx q[4], q[0]
Gate(10969)	tdg q[8]
Gate(10970)	cx q[4], q[8]
Gate(10971)	tdg q[4]
Gate(10972)	tdg q[8]
Gate(10973)	 t q[0]
Gate(10974)	cx q[0], q[8]
Gate(10975)	cx q[4], q[0]
Gate(10976)	cx q[8], q[4]
Gate(10977)	 h q[0]
Gate(10978)	 h q[8]
Gate(10979)	 t q[5]
Gate(10980)	 t q[7]
Gate(10981)	 t q[8]
Gate(10982)	cx q[7], q[5]
Gate(10983)	cx q[8], q[7]
Gate(10984)	cx q[5], q[8]
Gate(10985)	tdg q[7]
Gate(10986)	cx q[5], q[7]
Gate(10987)	tdg q[5]
Gate(10988)	tdg q[7]
Gate(10989)	 t q[8]
Gate(10990)	cx q[8], q[7]
Gate(10991)	cx q[5], q[8]
Gate(10992)	cx q[7], q[5]
Gate(10993)	 h q[8]
Gate(10994)	 h q[7]
Gate(10995)	 t q[6]
Gate(10996)	 t q[3]
Gate(10997)	 t q[7]
Gate(10998)	cx q[3], q[6]
Gate(10999)	cx q[7], q[3]
Gate(11000)	cx q[6], q[7]
Gate(11001)	tdg q[3]
Gate(11002)	cx q[6], q[3]
Gate(11003)	tdg q[6]
Gate(11004)	tdg q[3]
Gate(11005)	 t q[7]
Gate(11006)	cx q[7], q[3]
Gate(11007)	cx q[6], q[7]
Gate(11008)	cx q[3], q[6]
Gate(11009)	 h q[7]
Gate(11010)	 h q[3]
Gate(11011)	 t q[9]
Gate(11012)	 t q[2]
Gate(11013)	 t q[3]
Gate(11014)	cx q[2], q[9]
Gate(11015)	cx q[3], q[2]
Gate(11016)	cx q[9], q[3]
Gate(11017)	tdg q[2]
Gate(11018)	cx q[9], q[2]
Gate(11019)	tdg q[9]
Gate(11020)	tdg q[2]
Gate(11021)	 t q[3]
Gate(11022)	cx q[3], q[2]
Gate(11023)	cx q[9], q[3]
Gate(11024)	cx q[2], q[9]
Gate(11025)	 h q[3]
Gate(11026)	 h q[2]
Gate(11027)	 t q[11]
Gate(11028)	 t q[10]
Gate(11029)	 t q[2]
Gate(11030)	cx q[10], q[11]
Gate(11031)	cx q[2], q[10]
Gate(11032)	cx q[11], q[2]
Gate(11033)	tdg q[10]
Gate(11034)	cx q[11], q[10]
Gate(11035)	tdg q[11]
Gate(11036)	tdg q[10]
Gate(11037)	 t q[2]
Gate(11038)	cx q[2], q[10]
Gate(11039)	cx q[11], q[2]
Gate(11040)	cx q[10], q[11]
Gate(11041)	 h q[2]
Gate(11042)	 h q[3]
Gate(11043)	 t q[9]
Gate(11044)	 t q[2]
Gate(11045)	 t q[3]
Gate(11046)	cx q[2], q[9]
Gate(11047)	cx q[3], q[2]
Gate(11048)	cx q[9], q[3]
Gate(11049)	tdg q[2]
Gate(11050)	cx q[9], q[2]
Gate(11051)	tdg q[9]
Gate(11052)	tdg q[2]
Gate(11053)	 t q[3]
Gate(11054)	cx q[3], q[2]
Gate(11055)	cx q[9], q[3]
Gate(11056)	cx q[2], q[9]
Gate(11057)	 h q[3]
Gate(11058)	 h q[7]
Gate(11059)	 t q[6]
Gate(11060)	 t q[3]
Gate(11061)	 t q[7]
Gate(11062)	cx q[3], q[6]
Gate(11063)	cx q[7], q[3]
Gate(11064)	cx q[6], q[7]
Gate(11065)	tdg q[3]
Gate(11066)	cx q[6], q[3]
Gate(11067)	tdg q[6]
Gate(11068)	tdg q[3]
Gate(11069)	 t q[7]
Gate(11070)	cx q[7], q[3]
Gate(11071)	cx q[6], q[7]
Gate(11072)	cx q[3], q[6]
Gate(11073)	 h q[7]
Gate(11074)	 h q[8]
Gate(11075)	 t q[5]
Gate(11076)	 t q[7]
Gate(11077)	 t q[8]
Gate(11078)	cx q[7], q[5]
Gate(11079)	cx q[8], q[7]
Gate(11080)	cx q[5], q[8]
Gate(11081)	tdg q[7]
Gate(11082)	cx q[5], q[7]
Gate(11083)	tdg q[5]
Gate(11084)	tdg q[7]
Gate(11085)	 t q[8]
Gate(11086)	cx q[8], q[7]
Gate(11087)	cx q[5], q[8]
Gate(11088)	cx q[7], q[5]
Gate(11089)	 h q[8]
Gate(11090)	 h q[0]
Gate(11091)	 t q[4]
Gate(11092)	 t q[8]
Gate(11093)	 t q[0]
Gate(11094)	cx q[8], q[4]
Gate(11095)	cx q[0], q[8]
Gate(11096)	cx q[4], q[0]
Gate(11097)	tdg q[8]
Gate(11098)	cx q[4], q[8]
Gate(11099)	tdg q[4]
Gate(11100)	tdg q[8]
Gate(11101)	 t q[0]
Gate(11102)	cx q[0], q[8]
Gate(11103)	cx q[4], q[0]
Gate(11104)	cx q[8], q[4]
Gate(11105)	 h q[0]
Gate(11106)	 h q[8]
Gate(11107)	 t q[5]
Gate(11108)	 t q[7]
Gate(11109)	 t q[8]
Gate(11110)	cx q[7], q[5]
Gate(11111)	cx q[8], q[7]
Gate(11112)	cx q[5], q[8]
Gate(11113)	tdg q[7]
Gate(11114)	cx q[5], q[7]
Gate(11115)	tdg q[5]
Gate(11116)	tdg q[7]
Gate(11117)	 t q[8]
Gate(11118)	cx q[8], q[7]
Gate(11119)	cx q[5], q[8]
Gate(11120)	cx q[7], q[5]
Gate(11121)	 h q[8]
Gate(11122)	 h q[7]
Gate(11123)	 t q[6]
Gate(11124)	 t q[3]
Gate(11125)	 t q[7]
Gate(11126)	cx q[3], q[6]
Gate(11127)	cx q[7], q[3]
Gate(11128)	cx q[6], q[7]
Gate(11129)	tdg q[3]
Gate(11130)	cx q[6], q[3]
Gate(11131)	tdg q[6]
Gate(11132)	tdg q[3]
Gate(11133)	 t q[7]
Gate(11134)	cx q[7], q[3]
Gate(11135)	cx q[6], q[7]
Gate(11136)	cx q[3], q[6]
Gate(11137)	 h q[7]
Gate(11138)	 h q[3]
Gate(11139)	 t q[9]
Gate(11140)	 t q[2]
Gate(11141)	 t q[3]
Gate(11142)	cx q[2], q[9]
Gate(11143)	cx q[3], q[2]
Gate(11144)	cx q[9], q[3]
Gate(11145)	tdg q[2]
Gate(11146)	cx q[9], q[2]
Gate(11147)	tdg q[9]
Gate(11148)	tdg q[2]
Gate(11149)	 t q[3]
Gate(11150)	cx q[3], q[2]
Gate(11151)	cx q[9], q[3]
Gate(11152)	cx q[2], q[9]
Gate(11153)	 h q[3]
Gate(11154)	 h q[2]
Gate(11155)	 t q[11]
Gate(11156)	 t q[10]
Gate(11157)	 t q[2]
Gate(11158)	cx q[10], q[11]
Gate(11159)	cx q[2], q[10]
Gate(11160)	cx q[11], q[2]
Gate(11161)	tdg q[10]
Gate(11162)	cx q[11], q[10]
Gate(11163)	tdg q[11]
Gate(11164)	tdg q[10]
Gate(11165)	 t q[2]
Gate(11166)	cx q[2], q[10]
Gate(11167)	cx q[11], q[2]
Gate(11168)	cx q[10], q[11]
Gate(11169)	 h q[2]
Gate(11170)	 h q[3]
Gate(11171)	 t q[9]
Gate(11172)	 t q[2]
Gate(11173)	 t q[3]
Gate(11174)	cx q[2], q[9]
Gate(11175)	cx q[3], q[2]
Gate(11176)	cx q[9], q[3]
Gate(11177)	tdg q[2]
Gate(11178)	cx q[9], q[2]
Gate(11179)	tdg q[9]
Gate(11180)	tdg q[2]
Gate(11181)	 t q[3]
Gate(11182)	cx q[3], q[2]
Gate(11183)	cx q[9], q[3]
Gate(11184)	cx q[2], q[9]
Gate(11185)	 h q[3]
Gate(11186)	 h q[7]
Gate(11187)	 t q[6]
Gate(11188)	 t q[3]
Gate(11189)	 t q[7]
Gate(11190)	cx q[3], q[6]
Gate(11191)	cx q[7], q[3]
Gate(11192)	cx q[6], q[7]
Gate(11193)	tdg q[3]
Gate(11194)	cx q[6], q[3]
Gate(11195)	tdg q[6]
Gate(11196)	tdg q[3]
Gate(11197)	 t q[7]
Gate(11198)	cx q[7], q[3]
Gate(11199)	cx q[6], q[7]
Gate(11200)	cx q[3], q[6]
Gate(11201)	 h q[7]
Gate(11202)	 h q[8]
Gate(11203)	 t q[5]
Gate(11204)	 t q[7]
Gate(11205)	 t q[8]
Gate(11206)	cx q[7], q[5]
Gate(11207)	cx q[8], q[7]
Gate(11208)	cx q[5], q[8]
Gate(11209)	tdg q[7]
Gate(11210)	cx q[5], q[7]
Gate(11211)	tdg q[5]
Gate(11212)	tdg q[7]
Gate(11213)	 t q[8]
Gate(11214)	cx q[8], q[7]
Gate(11215)	cx q[5], q[8]
Gate(11216)	cx q[7], q[5]
Gate(11217)	 h q[8]
Gate(11218)	 x q[9]
Gate(11219)	 x q[7]
Gate(11220)	 x q[11]
Gate(11221)	 h q[1]
Gate(11222)	 t q[8]
Gate(11223)	 t q[7]
Gate(11224)	 t q[1]
Gate(11225)	cx q[7], q[8]
Gate(11226)	cx q[1], q[7]
Gate(11227)	cx q[8], q[1]
Gate(11228)	tdg q[7]
Gate(11229)	cx q[8], q[7]
Gate(11230)	tdg q[8]
Gate(11231)	tdg q[7]
Gate(11232)	 t q[1]
Gate(11233)	cx q[1], q[7]
Gate(11234)	cx q[8], q[1]
Gate(11235)	cx q[7], q[8]
Gate(11236)	 h q[1]
Gate(11237)	 h q[7]
Gate(11238)	 t q[9]
Gate(11239)	 t q[6]
Gate(11240)	 t q[7]
Gate(11241)	cx q[6], q[9]
Gate(11242)	cx q[7], q[6]
Gate(11243)	cx q[9], q[7]
Gate(11244)	tdg q[6]
Gate(11245)	cx q[9], q[6]
Gate(11246)	tdg q[9]
Gate(11247)	tdg q[6]
Gate(11248)	 t q[7]
Gate(11249)	cx q[7], q[6]
Gate(11250)	cx q[9], q[7]
Gate(11251)	cx q[6], q[9]
Gate(11252)	 h q[7]
Gate(11253)	 h q[6]
Gate(11254)	 t q[11]
Gate(11255)	 t q[10]
Gate(11256)	 t q[6]
Gate(11257)	cx q[10], q[11]
Gate(11258)	cx q[6], q[10]
Gate(11259)	cx q[11], q[6]
Gate(11260)	tdg q[10]
Gate(11261)	cx q[11], q[10]
Gate(11262)	tdg q[11]
Gate(11263)	tdg q[10]
Gate(11264)	 t q[6]
Gate(11265)	cx q[6], q[10]
Gate(11266)	cx q[11], q[6]
Gate(11267)	cx q[10], q[11]
Gate(11268)	 h q[6]
Gate(11269)	 h q[7]
Gate(11270)	 t q[9]
Gate(11271)	 t q[6]
Gate(11272)	 t q[7]
Gate(11273)	cx q[6], q[9]
Gate(11274)	cx q[7], q[6]
Gate(11275)	cx q[9], q[7]
Gate(11276)	tdg q[6]
Gate(11277)	cx q[9], q[6]
Gate(11278)	tdg q[9]
Gate(11279)	tdg q[6]
Gate(11280)	 t q[7]
Gate(11281)	cx q[7], q[6]
Gate(11282)	cx q[9], q[7]
Gate(11283)	cx q[6], q[9]
Gate(11284)	 h q[7]
Gate(11285)	 h q[1]
Gate(11286)	 t q[8]
Gate(11287)	 t q[7]
Gate(11288)	 t q[1]
Gate(11289)	cx q[7], q[8]
Gate(11290)	cx q[1], q[7]
Gate(11291)	cx q[8], q[1]
Gate(11292)	tdg q[7]
Gate(11293)	cx q[8], q[7]
Gate(11294)	tdg q[8]
Gate(11295)	tdg q[7]
Gate(11296)	 t q[1]
Gate(11297)	cx q[1], q[7]
Gate(11298)	cx q[8], q[1]
Gate(11299)	cx q[7], q[8]
Gate(11300)	 h q[1]
Gate(11301)	 h q[7]
Gate(11302)	 t q[9]
Gate(11303)	 t q[6]
Gate(11304)	 t q[7]
Gate(11305)	cx q[6], q[9]
Gate(11306)	cx q[7], q[6]
Gate(11307)	cx q[9], q[7]
Gate(11308)	tdg q[6]
Gate(11309)	cx q[9], q[6]
Gate(11310)	tdg q[9]
Gate(11311)	tdg q[6]
Gate(11312)	 t q[7]
Gate(11313)	cx q[7], q[6]
Gate(11314)	cx q[9], q[7]
Gate(11315)	cx q[6], q[9]
Gate(11316)	 h q[7]
Gate(11317)	 h q[6]
Gate(11318)	 t q[11]
Gate(11319)	 t q[10]
Gate(11320)	 t q[6]
Gate(11321)	cx q[10], q[11]
Gate(11322)	cx q[6], q[10]
Gate(11323)	cx q[11], q[6]
Gate(11324)	tdg q[10]
Gate(11325)	cx q[11], q[10]
Gate(11326)	tdg q[11]
Gate(11327)	tdg q[10]
Gate(11328)	 t q[6]
Gate(11329)	cx q[6], q[10]
Gate(11330)	cx q[11], q[6]
Gate(11331)	cx q[10], q[11]
Gate(11332)	 h q[6]
Gate(11333)	 h q[7]
Gate(11334)	 t q[9]
Gate(11335)	 t q[6]
Gate(11336)	 t q[7]
Gate(11337)	cx q[6], q[9]
Gate(11338)	cx q[7], q[6]
Gate(11339)	cx q[9], q[7]
Gate(11340)	tdg q[6]
Gate(11341)	cx q[9], q[6]
Gate(11342)	tdg q[9]
Gate(11343)	tdg q[6]
Gate(11344)	 t q[7]
Gate(11345)	cx q[7], q[6]
Gate(11346)	cx q[9], q[7]
Gate(11347)	cx q[6], q[9]
Gate(11348)	 h q[7]
Gate(11349)	 h q[0]
Gate(11350)	 t q[1]
Gate(11351)	 t q[11]
Gate(11352)	 t q[0]
Gate(11353)	cx q[11], q[1]
Gate(11354)	cx q[0], q[11]
Gate(11355)	cx q[1], q[0]
Gate(11356)	tdg q[11]
Gate(11357)	cx q[1], q[11]
Gate(11358)	tdg q[1]
Gate(11359)	tdg q[11]
Gate(11360)	 t q[0]
Gate(11361)	cx q[0], q[11]
Gate(11362)	cx q[1], q[0]
Gate(11363)	cx q[11], q[1]
Gate(11364)	 h q[0]
Gate(11365)	 h q[11]
Gate(11366)	 t q[4]
Gate(11367)	 t q[10]
Gate(11368)	 t q[11]
Gate(11369)	cx q[10], q[4]
Gate(11370)	cx q[11], q[10]
Gate(11371)	cx q[4], q[11]
Gate(11372)	tdg q[10]
Gate(11373)	cx q[4], q[10]
Gate(11374)	tdg q[4]
Gate(11375)	tdg q[10]
Gate(11376)	 t q[11]
Gate(11377)	cx q[11], q[10]
Gate(11378)	cx q[4], q[11]
Gate(11379)	cx q[10], q[4]
Gate(11380)	 h q[11]
Gate(11381)	 h q[10]
Gate(11382)	 t q[5]
Gate(11383)	 t q[9]
Gate(11384)	 t q[10]
Gate(11385)	cx q[9], q[5]
Gate(11386)	cx q[10], q[9]
Gate(11387)	cx q[5], q[10]
Gate(11388)	tdg q[9]
Gate(11389)	cx q[5], q[9]
Gate(11390)	tdg q[5]
Gate(11391)	tdg q[9]
Gate(11392)	 t q[10]
Gate(11393)	cx q[10], q[9]
Gate(11394)	cx q[5], q[10]
Gate(11395)	cx q[9], q[5]
Gate(11396)	 h q[10]
Gate(11397)	 h q[9]
Gate(11398)	 t q[7]
Gate(11399)	 t q[6]
Gate(11400)	 t q[9]
Gate(11401)	cx q[6], q[7]
Gate(11402)	cx q[9], q[6]
Gate(11403)	cx q[7], q[9]
Gate(11404)	tdg q[6]
Gate(11405)	cx q[7], q[6]
Gate(11406)	tdg q[7]
Gate(11407)	tdg q[6]
Gate(11408)	 t q[9]
Gate(11409)	cx q[9], q[6]
Gate(11410)	cx q[7], q[9]
Gate(11411)	cx q[6], q[7]
Gate(11412)	 h q[9]
Gate(11413)	 h q[10]
Gate(11414)	 t q[5]
Gate(11415)	 t q[9]
Gate(11416)	 t q[10]
Gate(11417)	cx q[9], q[5]
Gate(11418)	cx q[10], q[9]
Gate(11419)	cx q[5], q[10]
Gate(11420)	tdg q[9]
Gate(11421)	cx q[5], q[9]
Gate(11422)	tdg q[5]
Gate(11423)	tdg q[9]
Gate(11424)	 t q[10]
Gate(11425)	cx q[10], q[9]
Gate(11426)	cx q[5], q[10]
Gate(11427)	cx q[9], q[5]
Gate(11428)	 h q[10]
Gate(11429)	 h q[11]
Gate(11430)	 t q[4]
Gate(11431)	 t q[10]
Gate(11432)	 t q[11]
Gate(11433)	cx q[10], q[4]
Gate(11434)	cx q[11], q[10]
Gate(11435)	cx q[4], q[11]
Gate(11436)	tdg q[10]
Gate(11437)	cx q[4], q[10]
Gate(11438)	tdg q[4]
Gate(11439)	tdg q[10]
Gate(11440)	 t q[11]
Gate(11441)	cx q[11], q[10]
Gate(11442)	cx q[4], q[11]
Gate(11443)	cx q[10], q[4]
Gate(11444)	 h q[11]
Gate(11445)	 h q[0]
Gate(11446)	 t q[1]
Gate(11447)	 t q[11]
Gate(11448)	 t q[0]
Gate(11449)	cx q[11], q[1]
Gate(11450)	cx q[0], q[11]
Gate(11451)	cx q[1], q[0]
Gate(11452)	tdg q[11]
Gate(11453)	cx q[1], q[11]
Gate(11454)	tdg q[1]
Gate(11455)	tdg q[11]
Gate(11456)	 t q[0]
Gate(11457)	cx q[0], q[11]
Gate(11458)	cx q[1], q[0]
Gate(11459)	cx q[11], q[1]
Gate(11460)	 h q[0]
Gate(11461)	 h q[11]
Gate(11462)	 t q[4]
Gate(11463)	 t q[10]
Gate(11464)	 t q[11]
Gate(11465)	cx q[10], q[4]
Gate(11466)	cx q[11], q[10]
Gate(11467)	cx q[4], q[11]
Gate(11468)	tdg q[10]
Gate(11469)	cx q[4], q[10]
Gate(11470)	tdg q[4]
Gate(11471)	tdg q[10]
Gate(11472)	 t q[11]
Gate(11473)	cx q[11], q[10]
Gate(11474)	cx q[4], q[11]
Gate(11475)	cx q[10], q[4]
Gate(11476)	 h q[11]
Gate(11477)	 h q[10]
Gate(11478)	 t q[5]
Gate(11479)	 t q[9]
Gate(11480)	 t q[10]
Gate(11481)	cx q[9], q[5]
Gate(11482)	cx q[10], q[9]
Gate(11483)	cx q[5], q[10]
Gate(11484)	tdg q[9]
Gate(11485)	cx q[5], q[9]
Gate(11486)	tdg q[5]
Gate(11487)	tdg q[9]
Gate(11488)	 t q[10]
Gate(11489)	cx q[10], q[9]
Gate(11490)	cx q[5], q[10]
Gate(11491)	cx q[9], q[5]
Gate(11492)	 h q[10]
Gate(11493)	 h q[9]
Gate(11494)	 t q[7]
Gate(11495)	 t q[6]
Gate(11496)	 t q[9]
Gate(11497)	cx q[6], q[7]
Gate(11498)	cx q[9], q[6]
Gate(11499)	cx q[7], q[9]
Gate(11500)	tdg q[6]
Gate(11501)	cx q[7], q[6]
Gate(11502)	tdg q[7]
Gate(11503)	tdg q[6]
Gate(11504)	 t q[9]
Gate(11505)	cx q[9], q[6]
Gate(11506)	cx q[7], q[9]
Gate(11507)	cx q[6], q[7]
Gate(11508)	 h q[9]
Gate(11509)	 h q[10]
Gate(11510)	 t q[5]
Gate(11511)	 t q[9]
Gate(11512)	 t q[10]
Gate(11513)	cx q[9], q[5]
Gate(11514)	cx q[10], q[9]
Gate(11515)	cx q[5], q[10]
Gate(11516)	tdg q[9]
Gate(11517)	cx q[5], q[9]
Gate(11518)	tdg q[5]
Gate(11519)	tdg q[9]
Gate(11520)	 t q[10]
Gate(11521)	cx q[10], q[9]
Gate(11522)	cx q[5], q[10]
Gate(11523)	cx q[9], q[5]
Gate(11524)	 h q[10]
Gate(11525)	 h q[11]
Gate(11526)	 t q[4]
Gate(11527)	 t q[10]
Gate(11528)	 t q[11]
Gate(11529)	cx q[10], q[4]
Gate(11530)	cx q[11], q[10]
Gate(11531)	cx q[4], q[11]
Gate(11532)	tdg q[10]
Gate(11533)	cx q[4], q[10]
Gate(11534)	tdg q[4]
Gate(11535)	tdg q[10]
Gate(11536)	 t q[11]
Gate(11537)	cx q[11], q[10]
Gate(11538)	cx q[4], q[11]
Gate(11539)	cx q[10], q[4]
Gate(11540)	 h q[11]
Gate(11541)	 h q[1]
Gate(11542)	 t q[8]
Gate(11543)	 t q[7]
Gate(11544)	 t q[1]
Gate(11545)	cx q[7], q[8]
Gate(11546)	cx q[1], q[7]
Gate(11547)	cx q[8], q[1]
Gate(11548)	tdg q[7]
Gate(11549)	cx q[8], q[7]
Gate(11550)	tdg q[8]
Gate(11551)	tdg q[7]
Gate(11552)	 t q[1]
Gate(11553)	cx q[1], q[7]
Gate(11554)	cx q[8], q[1]
Gate(11555)	cx q[7], q[8]
Gate(11556)	 h q[1]
Gate(11557)	 h q[7]
Gate(11558)	 t q[9]
Gate(11559)	 t q[6]
Gate(11560)	 t q[7]
Gate(11561)	cx q[6], q[9]
Gate(11562)	cx q[7], q[6]
Gate(11563)	cx q[9], q[7]
Gate(11564)	tdg q[6]
Gate(11565)	cx q[9], q[6]
Gate(11566)	tdg q[9]
Gate(11567)	tdg q[6]
Gate(11568)	 t q[7]
Gate(11569)	cx q[7], q[6]
Gate(11570)	cx q[9], q[7]
Gate(11571)	cx q[6], q[9]
Gate(11572)	 h q[7]
Gate(11573)	 h q[6]
Gate(11574)	 t q[11]
Gate(11575)	 t q[10]
Gate(11576)	 t q[6]
Gate(11577)	cx q[10], q[11]
Gate(11578)	cx q[6], q[10]
Gate(11579)	cx q[11], q[6]
Gate(11580)	tdg q[10]
Gate(11581)	cx q[11], q[10]
Gate(11582)	tdg q[11]
Gate(11583)	tdg q[10]
Gate(11584)	 t q[6]
Gate(11585)	cx q[6], q[10]
Gate(11586)	cx q[11], q[6]
Gate(11587)	cx q[10], q[11]
Gate(11588)	 h q[6]
Gate(11589)	 h q[7]
Gate(11590)	 t q[9]
Gate(11591)	 t q[6]
Gate(11592)	 t q[7]
Gate(11593)	cx q[6], q[9]
Gate(11594)	cx q[7], q[6]
Gate(11595)	cx q[9], q[7]
Gate(11596)	tdg q[6]
Gate(11597)	cx q[9], q[6]
Gate(11598)	tdg q[9]
Gate(11599)	tdg q[6]
Gate(11600)	 t q[7]
Gate(11601)	cx q[7], q[6]
Gate(11602)	cx q[9], q[7]
Gate(11603)	cx q[6], q[9]
Gate(11604)	 h q[7]
Gate(11605)	 h q[1]
Gate(11606)	 t q[8]
Gate(11607)	 t q[7]
Gate(11608)	 t q[1]
Gate(11609)	cx q[7], q[8]
Gate(11610)	cx q[1], q[7]
Gate(11611)	cx q[8], q[1]
Gate(11612)	tdg q[7]
Gate(11613)	cx q[8], q[7]
Gate(11614)	tdg q[8]
Gate(11615)	tdg q[7]
Gate(11616)	 t q[1]
Gate(11617)	cx q[1], q[7]
Gate(11618)	cx q[8], q[1]
Gate(11619)	cx q[7], q[8]
Gate(11620)	 h q[1]
Gate(11621)	 h q[7]
Gate(11622)	 t q[9]
Gate(11623)	 t q[6]
Gate(11624)	 t q[7]
Gate(11625)	cx q[6], q[9]
Gate(11626)	cx q[7], q[6]
Gate(11627)	cx q[9], q[7]
Gate(11628)	tdg q[6]
Gate(11629)	cx q[9], q[6]
Gate(11630)	tdg q[9]
Gate(11631)	tdg q[6]
Gate(11632)	 t q[7]
Gate(11633)	cx q[7], q[6]
Gate(11634)	cx q[9], q[7]
Gate(11635)	cx q[6], q[9]
Gate(11636)	 h q[7]
Gate(11637)	 h q[6]
Gate(11638)	 t q[11]
Gate(11639)	 t q[10]
Gate(11640)	 t q[6]
Gate(11641)	cx q[10], q[11]
Gate(11642)	cx q[6], q[10]
Gate(11643)	cx q[11], q[6]
Gate(11644)	tdg q[10]
Gate(11645)	cx q[11], q[10]
Gate(11646)	tdg q[11]
Gate(11647)	tdg q[10]
Gate(11648)	 t q[6]
Gate(11649)	cx q[6], q[10]
Gate(11650)	cx q[11], q[6]
Gate(11651)	cx q[10], q[11]
Gate(11652)	 h q[6]
Gate(11653)	 h q[7]
Gate(11654)	 t q[9]
Gate(11655)	 t q[6]
Gate(11656)	 t q[7]
Gate(11657)	cx q[6], q[9]
Gate(11658)	cx q[7], q[6]
Gate(11659)	cx q[9], q[7]
Gate(11660)	tdg q[6]
Gate(11661)	cx q[9], q[6]
Gate(11662)	tdg q[9]
Gate(11663)	tdg q[6]
Gate(11664)	 t q[7]
Gate(11665)	cx q[7], q[6]
Gate(11666)	cx q[9], q[7]
Gate(11667)	cx q[6], q[9]
Gate(11668)	 h q[7]
Gate(11669)	 h q[0]
Gate(11670)	 t q[1]
Gate(11671)	 t q[11]
Gate(11672)	 t q[0]
Gate(11673)	cx q[11], q[1]
Gate(11674)	cx q[0], q[11]
Gate(11675)	cx q[1], q[0]
Gate(11676)	tdg q[11]
Gate(11677)	cx q[1], q[11]
Gate(11678)	tdg q[1]
Gate(11679)	tdg q[11]
Gate(11680)	 t q[0]
Gate(11681)	cx q[0], q[11]
Gate(11682)	cx q[1], q[0]
Gate(11683)	cx q[11], q[1]
Gate(11684)	 h q[0]
Gate(11685)	 h q[11]
Gate(11686)	 t q[4]
Gate(11687)	 t q[10]
Gate(11688)	 t q[11]
Gate(11689)	cx q[10], q[4]
Gate(11690)	cx q[11], q[10]
Gate(11691)	cx q[4], q[11]
Gate(11692)	tdg q[10]
Gate(11693)	cx q[4], q[10]
Gate(11694)	tdg q[4]
Gate(11695)	tdg q[10]
Gate(11696)	 t q[11]
Gate(11697)	cx q[11], q[10]
Gate(11698)	cx q[4], q[11]
Gate(11699)	cx q[10], q[4]
Gate(11700)	 h q[11]
Gate(11701)	 h q[10]
Gate(11702)	 t q[5]
Gate(11703)	 t q[9]
Gate(11704)	 t q[10]
Gate(11705)	cx q[9], q[5]
Gate(11706)	cx q[10], q[9]
Gate(11707)	cx q[5], q[10]
Gate(11708)	tdg q[9]
Gate(11709)	cx q[5], q[9]
Gate(11710)	tdg q[5]
Gate(11711)	tdg q[9]
Gate(11712)	 t q[10]
Gate(11713)	cx q[10], q[9]
Gate(11714)	cx q[5], q[10]
Gate(11715)	cx q[9], q[5]
Gate(11716)	 h q[10]
Gate(11717)	 h q[9]
Gate(11718)	 t q[7]
Gate(11719)	 t q[6]
Gate(11720)	 t q[9]
Gate(11721)	cx q[6], q[7]
Gate(11722)	cx q[9], q[6]
Gate(11723)	cx q[7], q[9]
Gate(11724)	tdg q[6]
Gate(11725)	cx q[7], q[6]
Gate(11726)	tdg q[7]
Gate(11727)	tdg q[6]
Gate(11728)	 t q[9]
Gate(11729)	cx q[9], q[6]
Gate(11730)	cx q[7], q[9]
Gate(11731)	cx q[6], q[7]
Gate(11732)	 h q[9]
Gate(11733)	 h q[10]
Gate(11734)	 t q[5]
Gate(11735)	 t q[9]
Gate(11736)	 t q[10]
Gate(11737)	cx q[9], q[5]
Gate(11738)	cx q[10], q[9]
Gate(11739)	cx q[5], q[10]
Gate(11740)	tdg q[9]
Gate(11741)	cx q[5], q[9]
Gate(11742)	tdg q[5]
Gate(11743)	tdg q[9]
Gate(11744)	 t q[10]
Gate(11745)	cx q[10], q[9]
Gate(11746)	cx q[5], q[10]
Gate(11747)	cx q[9], q[5]
Gate(11748)	 h q[10]
Gate(11749)	 h q[11]
Gate(11750)	 t q[4]
Gate(11751)	 t q[10]
Gate(11752)	 t q[11]
Gate(11753)	cx q[10], q[4]
Gate(11754)	cx q[11], q[10]
Gate(11755)	cx q[4], q[11]
Gate(11756)	tdg q[10]
Gate(11757)	cx q[4], q[10]
Gate(11758)	tdg q[4]
Gate(11759)	tdg q[10]
Gate(11760)	 t q[11]
Gate(11761)	cx q[11], q[10]
Gate(11762)	cx q[4], q[11]
Gate(11763)	cx q[10], q[4]
Gate(11764)	 h q[11]
Gate(11765)	 h q[0]
Gate(11766)	 t q[1]
Gate(11767)	 t q[11]
Gate(11768)	 t q[0]
Gate(11769)	cx q[11], q[1]
Gate(11770)	cx q[0], q[11]
Gate(11771)	cx q[1], q[0]
Gate(11772)	tdg q[11]
Gate(11773)	cx q[1], q[11]
Gate(11774)	tdg q[1]
Gate(11775)	tdg q[11]
Gate(11776)	 t q[0]
Gate(11777)	cx q[0], q[11]
Gate(11778)	cx q[1], q[0]
Gate(11779)	cx q[11], q[1]
Gate(11780)	 h q[0]
Gate(11781)	 h q[11]
Gate(11782)	 t q[4]
Gate(11783)	 t q[10]
Gate(11784)	 t q[11]
Gate(11785)	cx q[10], q[4]
Gate(11786)	cx q[11], q[10]
Gate(11787)	cx q[4], q[11]
Gate(11788)	tdg q[10]
Gate(11789)	cx q[4], q[10]
Gate(11790)	tdg q[4]
Gate(11791)	tdg q[10]
Gate(11792)	 t q[11]
Gate(11793)	cx q[11], q[10]
Gate(11794)	cx q[4], q[11]
Gate(11795)	cx q[10], q[4]
Gate(11796)	 h q[11]
Gate(11797)	 h q[10]
Gate(11798)	 t q[5]
Gate(11799)	 t q[9]
Gate(11800)	 t q[10]
Gate(11801)	cx q[9], q[5]
Gate(11802)	cx q[10], q[9]
Gate(11803)	cx q[5], q[10]
Gate(11804)	tdg q[9]
Gate(11805)	cx q[5], q[9]
Gate(11806)	tdg q[5]
Gate(11807)	tdg q[9]
Gate(11808)	 t q[10]
Gate(11809)	cx q[10], q[9]
Gate(11810)	cx q[5], q[10]
Gate(11811)	cx q[9], q[5]
Gate(11812)	 h q[10]
Gate(11813)	 h q[9]
Gate(11814)	 t q[7]
Gate(11815)	 t q[6]
Gate(11816)	 t q[9]
Gate(11817)	cx q[6], q[7]
Gate(11818)	cx q[9], q[6]
Gate(11819)	cx q[7], q[9]
Gate(11820)	tdg q[6]
Gate(11821)	cx q[7], q[6]
Gate(11822)	tdg q[7]
Gate(11823)	tdg q[6]
Gate(11824)	 t q[9]
Gate(11825)	cx q[9], q[6]
Gate(11826)	cx q[7], q[9]
Gate(11827)	cx q[6], q[7]
Gate(11828)	 h q[9]
Gate(11829)	 h q[10]
Gate(11830)	 t q[5]
Gate(11831)	 t q[9]
Gate(11832)	 t q[10]
Gate(11833)	cx q[9], q[5]
Gate(11834)	cx q[10], q[9]
Gate(11835)	cx q[5], q[10]
Gate(11836)	tdg q[9]
Gate(11837)	cx q[5], q[9]
Gate(11838)	tdg q[5]
Gate(11839)	tdg q[9]
Gate(11840)	 t q[10]
Gate(11841)	cx q[10], q[9]
Gate(11842)	cx q[5], q[10]
Gate(11843)	cx q[9], q[5]
Gate(11844)	 h q[10]
Gate(11845)	 h q[11]
Gate(11846)	 t q[4]
Gate(11847)	 t q[10]
Gate(11848)	 t q[11]
Gate(11849)	cx q[10], q[4]
Gate(11850)	cx q[11], q[10]
Gate(11851)	cx q[4], q[11]
Gate(11852)	tdg q[10]
Gate(11853)	cx q[4], q[10]
Gate(11854)	tdg q[4]
Gate(11855)	tdg q[10]
Gate(11856)	 t q[11]
Gate(11857)	cx q[11], q[10]
Gate(11858)	cx q[4], q[11]
Gate(11859)	cx q[10], q[4]
Gate(11860)	 h q[11]
Gate(11861)	 h q[0]
Gate(11862)	 t q[5]
Gate(11863)	 t q[9]
Gate(11864)	 t q[0]
Gate(11865)	cx q[9], q[5]
Gate(11866)	cx q[0], q[9]
Gate(11867)	cx q[5], q[0]
Gate(11868)	tdg q[9]
Gate(11869)	cx q[5], q[9]
Gate(11870)	tdg q[5]
Gate(11871)	tdg q[9]
Gate(11872)	 t q[0]
Gate(11873)	cx q[0], q[9]
Gate(11874)	cx q[5], q[0]
Gate(11875)	cx q[9], q[5]
Gate(11876)	 h q[0]
Gate(11877)	 h q[9]
Gate(11878)	 t q[7]
Gate(11879)	 t q[8]
Gate(11880)	 t q[9]
Gate(11881)	cx q[8], q[7]
Gate(11882)	cx q[9], q[8]
Gate(11883)	cx q[7], q[9]
Gate(11884)	tdg q[8]
Gate(11885)	cx q[7], q[8]
Gate(11886)	tdg q[7]
Gate(11887)	tdg q[8]
Gate(11888)	 t q[9]
Gate(11889)	cx q[9], q[8]
Gate(11890)	cx q[7], q[9]
Gate(11891)	cx q[8], q[7]
Gate(11892)	 h q[9]
Gate(11893)	 h q[8]
Gate(11894)	 t q[11]
Gate(11895)	 t q[10]
Gate(11896)	 t q[8]
Gate(11897)	cx q[10], q[11]
Gate(11898)	cx q[8], q[10]
Gate(11899)	cx q[11], q[8]
Gate(11900)	tdg q[10]
Gate(11901)	cx q[11], q[10]
Gate(11902)	tdg q[11]
Gate(11903)	tdg q[10]
Gate(11904)	 t q[8]
Gate(11905)	cx q[8], q[10]
Gate(11906)	cx q[11], q[8]
Gate(11907)	cx q[10], q[11]
Gate(11908)	 h q[8]
Gate(11909)	 h q[9]
Gate(11910)	 t q[7]
Gate(11911)	 t q[8]
Gate(11912)	 t q[9]
Gate(11913)	cx q[8], q[7]
Gate(11914)	cx q[9], q[8]
Gate(11915)	cx q[7], q[9]
Gate(11916)	tdg q[8]
Gate(11917)	cx q[7], q[8]
Gate(11918)	tdg q[7]
Gate(11919)	tdg q[8]
Gate(11920)	 t q[9]
Gate(11921)	cx q[9], q[8]
Gate(11922)	cx q[7], q[9]
Gate(11923)	cx q[8], q[7]
Gate(11924)	 h q[9]
Gate(11925)	 h q[0]
Gate(11926)	 t q[5]
Gate(11927)	 t q[9]
Gate(11928)	 t q[0]
Gate(11929)	cx q[9], q[5]
Gate(11930)	cx q[0], q[9]
Gate(11931)	cx q[5], q[0]
Gate(11932)	tdg q[9]
Gate(11933)	cx q[5], q[9]
Gate(11934)	tdg q[5]
Gate(11935)	tdg q[9]
Gate(11936)	 t q[0]
Gate(11937)	cx q[0], q[9]
Gate(11938)	cx q[5], q[0]
Gate(11939)	cx q[9], q[5]
Gate(11940)	 h q[0]
Gate(11941)	 h q[9]
Gate(11942)	 t q[7]
Gate(11943)	 t q[8]
Gate(11944)	 t q[9]
Gate(11945)	cx q[8], q[7]
Gate(11946)	cx q[9], q[8]
Gate(11947)	cx q[7], q[9]
Gate(11948)	tdg q[8]
Gate(11949)	cx q[7], q[8]
Gate(11950)	tdg q[7]
Gate(11951)	tdg q[8]
Gate(11952)	 t q[9]
Gate(11953)	cx q[9], q[8]
Gate(11954)	cx q[7], q[9]
Gate(11955)	cx q[8], q[7]
Gate(11956)	 h q[9]
Gate(11957)	 h q[8]
Gate(11958)	 t q[11]
Gate(11959)	 t q[10]
Gate(11960)	 t q[8]
Gate(11961)	cx q[10], q[11]
Gate(11962)	cx q[8], q[10]
Gate(11963)	cx q[11], q[8]
Gate(11964)	tdg q[10]
Gate(11965)	cx q[11], q[10]
Gate(11966)	tdg q[11]
Gate(11967)	tdg q[10]
Gate(11968)	 t q[8]
Gate(11969)	cx q[8], q[10]
Gate(11970)	cx q[11], q[8]
Gate(11971)	cx q[10], q[11]
Gate(11972)	 h q[8]
Gate(11973)	 h q[9]
Gate(11974)	 t q[7]
Gate(11975)	 t q[8]
Gate(11976)	 t q[9]
Gate(11977)	cx q[8], q[7]
Gate(11978)	cx q[9], q[8]
Gate(11979)	cx q[7], q[9]
Gate(11980)	tdg q[8]
Gate(11981)	cx q[7], q[8]
Gate(11982)	tdg q[7]
Gate(11983)	tdg q[8]
Gate(11984)	 t q[9]
Gate(11985)	cx q[9], q[8]
Gate(11986)	cx q[7], q[9]
Gate(11987)	cx q[8], q[7]
Gate(11988)	 h q[9]
Gate(11989)	 x q[6]
Gate(11990)	 h q[0]
Gate(11991)	 t q[4]
Gate(11992)	 t q[8]
Gate(11993)	 t q[0]
Gate(11994)	cx q[8], q[4]
Gate(11995)	cx q[0], q[8]
Gate(11996)	cx q[4], q[0]
Gate(11997)	tdg q[8]
Gate(11998)	cx q[4], q[8]
Gate(11999)	tdg q[4]
Gate(12000)	tdg q[8]
Gate(12001)	 t q[0]
Gate(12002)	cx q[0], q[8]
Gate(12003)	cx q[4], q[0]
Gate(12004)	cx q[8], q[4]
Gate(12005)	 h q[0]
Gate(12006)	 h q[8]
Gate(12007)	 t q[6]
Gate(12008)	 t q[5]
Gate(12009)	 t q[8]
Gate(12010)	cx q[5], q[6]
Gate(12011)	cx q[8], q[5]
Gate(12012)	cx q[6], q[8]
Gate(12013)	tdg q[5]
Gate(12014)	cx q[6], q[5]
Gate(12015)	tdg q[6]
Gate(12016)	tdg q[5]
Gate(12017)	 t q[8]
Gate(12018)	cx q[8], q[5]
Gate(12019)	cx q[6], q[8]
Gate(12020)	cx q[5], q[6]
Gate(12021)	 h q[8]
Gate(12022)	 h q[5]
Gate(12023)	 t q[7]
Gate(12024)	 t q[3]
Gate(12025)	 t q[5]
Gate(12026)	cx q[3], q[7]
Gate(12027)	cx q[5], q[3]
Gate(12028)	cx q[7], q[5]
Gate(12029)	tdg q[3]
Gate(12030)	cx q[7], q[3]
Gate(12031)	tdg q[7]
Gate(12032)	tdg q[3]
Gate(12033)	 t q[5]
Gate(12034)	cx q[5], q[3]
Gate(12035)	cx q[7], q[5]
Gate(12036)	cx q[3], q[7]
Gate(12037)	 h q[5]
Gate(12038)	 h q[3]
Gate(12039)	 t q[9]
Gate(12040)	 t q[2]
Gate(12041)	 t q[3]
Gate(12042)	cx q[2], q[9]
Gate(12043)	cx q[3], q[2]
Gate(12044)	cx q[9], q[3]
Gate(12045)	tdg q[2]
Gate(12046)	cx q[9], q[2]
Gate(12047)	tdg q[9]
Gate(12048)	tdg q[2]
Gate(12049)	 t q[3]
Gate(12050)	cx q[3], q[2]
Gate(12051)	cx q[9], q[3]
Gate(12052)	cx q[2], q[9]
Gate(12053)	 h q[3]
Gate(12054)	 h q[2]
Gate(12055)	 t q[11]
Gate(12056)	 t q[10]
Gate(12057)	 t q[2]
Gate(12058)	cx q[10], q[11]
Gate(12059)	cx q[2], q[10]
Gate(12060)	cx q[11], q[2]
Gate(12061)	tdg q[10]
Gate(12062)	cx q[11], q[10]
Gate(12063)	tdg q[11]
Gate(12064)	tdg q[10]
Gate(12065)	 t q[2]
Gate(12066)	cx q[2], q[10]
Gate(12067)	cx q[11], q[2]
Gate(12068)	cx q[10], q[11]
Gate(12069)	 h q[2]
Gate(12070)	 h q[3]
Gate(12071)	 t q[9]
Gate(12072)	 t q[2]
Gate(12073)	 t q[3]
Gate(12074)	cx q[2], q[9]
Gate(12075)	cx q[3], q[2]
Gate(12076)	cx q[9], q[3]
Gate(12077)	tdg q[2]
Gate(12078)	cx q[9], q[2]
Gate(12079)	tdg q[9]
Gate(12080)	tdg q[2]
Gate(12081)	 t q[3]
Gate(12082)	cx q[3], q[2]
Gate(12083)	cx q[9], q[3]
Gate(12084)	cx q[2], q[9]
Gate(12085)	 h q[3]
Gate(12086)	 h q[5]
Gate(12087)	 t q[7]
Gate(12088)	 t q[3]
Gate(12089)	 t q[5]
Gate(12090)	cx q[3], q[7]
Gate(12091)	cx q[5], q[3]
Gate(12092)	cx q[7], q[5]
Gate(12093)	tdg q[3]
Gate(12094)	cx q[7], q[3]
Gate(12095)	tdg q[7]
Gate(12096)	tdg q[3]
Gate(12097)	 t q[5]
Gate(12098)	cx q[5], q[3]
Gate(12099)	cx q[7], q[5]
Gate(12100)	cx q[3], q[7]
Gate(12101)	 h q[5]
Gate(12102)	 h q[8]
Gate(12103)	 t q[6]
Gate(12104)	 t q[5]
Gate(12105)	 t q[8]
Gate(12106)	cx q[5], q[6]
Gate(12107)	cx q[8], q[5]
Gate(12108)	cx q[6], q[8]
Gate(12109)	tdg q[5]
Gate(12110)	cx q[6], q[5]
Gate(12111)	tdg q[6]
Gate(12112)	tdg q[5]
Gate(12113)	 t q[8]
Gate(12114)	cx q[8], q[5]
Gate(12115)	cx q[6], q[8]
Gate(12116)	cx q[5], q[6]
Gate(12117)	 h q[8]
Gate(12118)	 h q[0]
Gate(12119)	 t q[4]
Gate(12120)	 t q[8]
Gate(12121)	 t q[0]
Gate(12122)	cx q[8], q[4]
Gate(12123)	cx q[0], q[8]
Gate(12124)	cx q[4], q[0]
Gate(12125)	tdg q[8]
Gate(12126)	cx q[4], q[8]
Gate(12127)	tdg q[4]
Gate(12128)	tdg q[8]
Gate(12129)	 t q[0]
Gate(12130)	cx q[0], q[8]
Gate(12131)	cx q[4], q[0]
Gate(12132)	cx q[8], q[4]
Gate(12133)	 h q[0]
Gate(12134)	 h q[8]
Gate(12135)	 t q[6]
Gate(12136)	 t q[5]
Gate(12137)	 t q[8]
Gate(12138)	cx q[5], q[6]
Gate(12139)	cx q[8], q[5]
Gate(12140)	cx q[6], q[8]
Gate(12141)	tdg q[5]
Gate(12142)	cx q[6], q[5]
Gate(12143)	tdg q[6]
Gate(12144)	tdg q[5]
Gate(12145)	 t q[8]
Gate(12146)	cx q[8], q[5]
Gate(12147)	cx q[6], q[8]
Gate(12148)	cx q[5], q[6]
Gate(12149)	 h q[8]
Gate(12150)	 h q[5]
Gate(12151)	 t q[7]
Gate(12152)	 t q[3]
Gate(12153)	 t q[5]
Gate(12154)	cx q[3], q[7]
Gate(12155)	cx q[5], q[3]
Gate(12156)	cx q[7], q[5]
Gate(12157)	tdg q[3]
Gate(12158)	cx q[7], q[3]
Gate(12159)	tdg q[7]
Gate(12160)	tdg q[3]
Gate(12161)	 t q[5]
Gate(12162)	cx q[5], q[3]
Gate(12163)	cx q[7], q[5]
Gate(12164)	cx q[3], q[7]
Gate(12165)	 h q[5]
Gate(12166)	 h q[3]
Gate(12167)	 t q[9]
Gate(12168)	 t q[2]
Gate(12169)	 t q[3]
Gate(12170)	cx q[2], q[9]
Gate(12171)	cx q[3], q[2]
Gate(12172)	cx q[9], q[3]
Gate(12173)	tdg q[2]
Gate(12174)	cx q[9], q[2]
Gate(12175)	tdg q[9]
Gate(12176)	tdg q[2]
Gate(12177)	 t q[3]
Gate(12178)	cx q[3], q[2]
Gate(12179)	cx q[9], q[3]
Gate(12180)	cx q[2], q[9]
Gate(12181)	 h q[3]
Gate(12182)	 h q[2]
Gate(12183)	 t q[11]
Gate(12184)	 t q[10]
Gate(12185)	 t q[2]
Gate(12186)	cx q[10], q[11]
Gate(12187)	cx q[2], q[10]
Gate(12188)	cx q[11], q[2]
Gate(12189)	tdg q[10]
Gate(12190)	cx q[11], q[10]
Gate(12191)	tdg q[11]
Gate(12192)	tdg q[10]
Gate(12193)	 t q[2]
Gate(12194)	cx q[2], q[10]
Gate(12195)	cx q[11], q[2]
Gate(12196)	cx q[10], q[11]
Gate(12197)	 h q[2]
Gate(12198)	 h q[3]
Gate(12199)	 t q[9]
Gate(12200)	 t q[2]
Gate(12201)	 t q[3]
Gate(12202)	cx q[2], q[9]
Gate(12203)	cx q[3], q[2]
Gate(12204)	cx q[9], q[3]
Gate(12205)	tdg q[2]
Gate(12206)	cx q[9], q[2]
Gate(12207)	tdg q[9]
Gate(12208)	tdg q[2]
Gate(12209)	 t q[3]
Gate(12210)	cx q[3], q[2]
Gate(12211)	cx q[9], q[3]
Gate(12212)	cx q[2], q[9]
Gate(12213)	 h q[3]
Gate(12214)	 h q[5]
Gate(12215)	 t q[7]
Gate(12216)	 t q[3]
Gate(12217)	 t q[5]
Gate(12218)	cx q[3], q[7]
Gate(12219)	cx q[5], q[3]
Gate(12220)	cx q[7], q[5]
Gate(12221)	tdg q[3]
Gate(12222)	cx q[7], q[3]
Gate(12223)	tdg q[7]
Gate(12224)	tdg q[3]
Gate(12225)	 t q[5]
Gate(12226)	cx q[5], q[3]
Gate(12227)	cx q[7], q[5]
Gate(12228)	cx q[3], q[7]
Gate(12229)	 h q[5]
Gate(12230)	 h q[8]
Gate(12231)	 t q[6]
Gate(12232)	 t q[5]
Gate(12233)	 t q[8]
Gate(12234)	cx q[5], q[6]
Gate(12235)	cx q[8], q[5]
Gate(12236)	cx q[6], q[8]
Gate(12237)	tdg q[5]
Gate(12238)	cx q[6], q[5]
Gate(12239)	tdg q[6]
Gate(12240)	tdg q[5]
Gate(12241)	 t q[8]
Gate(12242)	cx q[8], q[5]
Gate(12243)	cx q[6], q[8]
Gate(12244)	cx q[5], q[6]
Gate(12245)	 h q[8]
Gate(12246)	 h q[0]
Gate(12247)	 t q[6]
Gate(12248)	 t q[8]
Gate(12249)	 t q[0]
Gate(12250)	cx q[8], q[6]
Gate(12251)	cx q[0], q[8]
Gate(12252)	cx q[6], q[0]
Gate(12253)	tdg q[8]
Gate(12254)	cx q[6], q[8]
Gate(12255)	tdg q[6]
Gate(12256)	tdg q[8]
Gate(12257)	 t q[0]
Gate(12258)	cx q[0], q[8]
Gate(12259)	cx q[6], q[0]
Gate(12260)	cx q[8], q[6]
Gate(12261)	 h q[0]
Gate(12262)	 h q[8]
Gate(12263)	 t q[7]
Gate(12264)	 t q[5]
Gate(12265)	 t q[8]
Gate(12266)	cx q[5], q[7]
Gate(12267)	cx q[8], q[5]
Gate(12268)	cx q[7], q[8]
Gate(12269)	tdg q[5]
Gate(12270)	cx q[7], q[5]
Gate(12271)	tdg q[7]
Gate(12272)	tdg q[5]
Gate(12273)	 t q[8]
Gate(12274)	cx q[8], q[5]
Gate(12275)	cx q[7], q[8]
Gate(12276)	cx q[5], q[7]
Gate(12277)	 h q[8]
Gate(12278)	 h q[5]
Gate(12279)	 t q[9]
Gate(12280)	 t q[4]
Gate(12281)	 t q[5]
Gate(12282)	cx q[4], q[9]
Gate(12283)	cx q[5], q[4]
Gate(12284)	cx q[9], q[5]
Gate(12285)	tdg q[4]
Gate(12286)	cx q[9], q[4]
Gate(12287)	tdg q[9]
Gate(12288)	tdg q[4]
Gate(12289)	 t q[5]
Gate(12290)	cx q[5], q[4]
Gate(12291)	cx q[9], q[5]
Gate(12292)	cx q[4], q[9]
Gate(12293)	 h q[5]
Gate(12294)	 h q[4]
Gate(12295)	 t q[11]
Gate(12296)	 t q[10]
Gate(12297)	 t q[4]
Gate(12298)	cx q[10], q[11]
Gate(12299)	cx q[4], q[10]
Gate(12300)	cx q[11], q[4]
Gate(12301)	tdg q[10]
Gate(12302)	cx q[11], q[10]
Gate(12303)	tdg q[11]
Gate(12304)	tdg q[10]
Gate(12305)	 t q[4]
Gate(12306)	cx q[4], q[10]
Gate(12307)	cx q[11], q[4]
Gate(12308)	cx q[10], q[11]
Gate(12309)	 h q[4]
Gate(12310)	 h q[5]
Gate(12311)	 t q[9]
Gate(12312)	 t q[4]
Gate(12313)	 t q[5]
Gate(12314)	cx q[4], q[9]
Gate(12315)	cx q[5], q[4]
Gate(12316)	cx q[9], q[5]
Gate(12317)	tdg q[4]
Gate(12318)	cx q[9], q[4]
Gate(12319)	tdg q[9]
Gate(12320)	tdg q[4]
Gate(12321)	 t q[5]
Gate(12322)	cx q[5], q[4]
Gate(12323)	cx q[9], q[5]
Gate(12324)	cx q[4], q[9]
Gate(12325)	 h q[5]
Gate(12326)	 h q[8]
Gate(12327)	 t q[7]
Gate(12328)	 t q[5]
Gate(12329)	 t q[8]
Gate(12330)	cx q[5], q[7]
Gate(12331)	cx q[8], q[5]
Gate(12332)	cx q[7], q[8]
Gate(12333)	tdg q[5]
Gate(12334)	cx q[7], q[5]
Gate(12335)	tdg q[7]
Gate(12336)	tdg q[5]
Gate(12337)	 t q[8]
Gate(12338)	cx q[8], q[5]
Gate(12339)	cx q[7], q[8]
Gate(12340)	cx q[5], q[7]
Gate(12341)	 h q[8]
Gate(12342)	 h q[0]
Gate(12343)	 t q[6]
Gate(12344)	 t q[8]
Gate(12345)	 t q[0]
Gate(12346)	cx q[8], q[6]
Gate(12347)	cx q[0], q[8]
Gate(12348)	cx q[6], q[0]
Gate(12349)	tdg q[8]
Gate(12350)	cx q[6], q[8]
Gate(12351)	tdg q[6]
Gate(12352)	tdg q[8]
Gate(12353)	 t q[0]
Gate(12354)	cx q[0], q[8]
Gate(12355)	cx q[6], q[0]
Gate(12356)	cx q[8], q[6]
Gate(12357)	 h q[0]
Gate(12358)	 h q[8]
Gate(12359)	 t q[7]
Gate(12360)	 t q[5]
Gate(12361)	 t q[8]
Gate(12362)	cx q[5], q[7]
Gate(12363)	cx q[8], q[5]
Gate(12364)	cx q[7], q[8]
Gate(12365)	tdg q[5]
Gate(12366)	cx q[7], q[5]
Gate(12367)	tdg q[7]
Gate(12368)	tdg q[5]
Gate(12369)	 t q[8]
Gate(12370)	cx q[8], q[5]
Gate(12371)	cx q[7], q[8]
Gate(12372)	cx q[5], q[7]
Gate(12373)	 h q[8]
Gate(12374)	 h q[5]
Gate(12375)	 t q[9]
Gate(12376)	 t q[4]
Gate(12377)	 t q[5]
Gate(12378)	cx q[4], q[9]
Gate(12379)	cx q[5], q[4]
Gate(12380)	cx q[9], q[5]
Gate(12381)	tdg q[4]
Gate(12382)	cx q[9], q[4]
Gate(12383)	tdg q[9]
Gate(12384)	tdg q[4]
Gate(12385)	 t q[5]
Gate(12386)	cx q[5], q[4]
Gate(12387)	cx q[9], q[5]
Gate(12388)	cx q[4], q[9]
Gate(12389)	 h q[5]
Gate(12390)	 h q[4]
Gate(12391)	 t q[11]
Gate(12392)	 t q[10]
Gate(12393)	 t q[4]
Gate(12394)	cx q[10], q[11]
Gate(12395)	cx q[4], q[10]
Gate(12396)	cx q[11], q[4]
Gate(12397)	tdg q[10]
Gate(12398)	cx q[11], q[10]
Gate(12399)	tdg q[11]
Gate(12400)	tdg q[10]
Gate(12401)	 t q[4]
Gate(12402)	cx q[4], q[10]
Gate(12403)	cx q[11], q[4]
Gate(12404)	cx q[10], q[11]
Gate(12405)	 h q[4]
Gate(12406)	 h q[5]
Gate(12407)	 t q[9]
Gate(12408)	 t q[4]
Gate(12409)	 t q[5]
Gate(12410)	cx q[4], q[9]
Gate(12411)	cx q[5], q[4]
Gate(12412)	cx q[9], q[5]
Gate(12413)	tdg q[4]
Gate(12414)	cx q[9], q[4]
Gate(12415)	tdg q[9]
Gate(12416)	tdg q[4]
Gate(12417)	 t q[5]
Gate(12418)	cx q[5], q[4]
Gate(12419)	cx q[9], q[5]
Gate(12420)	cx q[4], q[9]
Gate(12421)	 h q[5]
Gate(12422)	 h q[8]
Gate(12423)	 t q[7]
Gate(12424)	 t q[5]
Gate(12425)	 t q[8]
Gate(12426)	cx q[5], q[7]
Gate(12427)	cx q[8], q[5]
Gate(12428)	cx q[7], q[8]
Gate(12429)	tdg q[5]
Gate(12430)	cx q[7], q[5]
Gate(12431)	tdg q[7]
Gate(12432)	tdg q[5]
Gate(12433)	 t q[8]
Gate(12434)	cx q[8], q[5]
Gate(12435)	cx q[7], q[8]
Gate(12436)	cx q[5], q[7]
Gate(12437)	 h q[8]
Gate(12438)	 x q[9]
Gate(12439)	 h q[0]
Gate(12440)	 t q[5]
Gate(12441)	 t q[8]
Gate(12442)	 t q[0]
Gate(12443)	cx q[8], q[5]
Gate(12444)	cx q[0], q[8]
Gate(12445)	cx q[5], q[0]
Gate(12446)	tdg q[8]
Gate(12447)	cx q[5], q[8]
Gate(12448)	tdg q[5]
Gate(12449)	tdg q[8]
Gate(12450)	 t q[0]
Gate(12451)	cx q[0], q[8]
Gate(12452)	cx q[5], q[0]
Gate(12453)	cx q[8], q[5]
Gate(12454)	 h q[0]
Gate(12455)	 h q[8]
Gate(12456)	 t q[6]
Gate(12457)	 t q[4]
Gate(12458)	 t q[8]
Gate(12459)	cx q[4], q[6]
Gate(12460)	cx q[8], q[4]
Gate(12461)	cx q[6], q[8]
Gate(12462)	tdg q[4]
Gate(12463)	cx q[6], q[4]
Gate(12464)	tdg q[6]
Gate(12465)	tdg q[4]
Gate(12466)	 t q[8]
Gate(12467)	cx q[8], q[4]
Gate(12468)	cx q[6], q[8]
Gate(12469)	cx q[4], q[6]
Gate(12470)	 h q[8]
Gate(12471)	 h q[4]
Gate(12472)	 t q[7]
Gate(12473)	 t q[3]
Gate(12474)	 t q[4]
Gate(12475)	cx q[3], q[7]
Gate(12476)	cx q[4], q[3]
Gate(12477)	cx q[7], q[4]
Gate(12478)	tdg q[3]
Gate(12479)	cx q[7], q[3]
Gate(12480)	tdg q[7]
Gate(12481)	tdg q[3]
Gate(12482)	 t q[4]
Gate(12483)	cx q[4], q[3]
Gate(12484)	cx q[7], q[4]
Gate(12485)	cx q[3], q[7]
Gate(12486)	 h q[4]
Gate(12487)	 h q[3]
Gate(12488)	 t q[9]
Gate(12489)	 t q[2]
Gate(12490)	 t q[3]
Gate(12491)	cx q[2], q[9]
Gate(12492)	cx q[3], q[2]
Gate(12493)	cx q[9], q[3]
Gate(12494)	tdg q[2]
Gate(12495)	cx q[9], q[2]
Gate(12496)	tdg q[9]
Gate(12497)	tdg q[2]
Gate(12498)	 t q[3]
Gate(12499)	cx q[3], q[2]
Gate(12500)	cx q[9], q[3]
Gate(12501)	cx q[2], q[9]
Gate(12502)	 h q[3]
Gate(12503)	 h q[2]
Gate(12504)	 t q[11]
Gate(12505)	 t q[10]
Gate(12506)	 t q[2]
Gate(12507)	cx q[10], q[11]
Gate(12508)	cx q[2], q[10]
Gate(12509)	cx q[11], q[2]
Gate(12510)	tdg q[10]
Gate(12511)	cx q[11], q[10]
Gate(12512)	tdg q[11]
Gate(12513)	tdg q[10]
Gate(12514)	 t q[2]
Gate(12515)	cx q[2], q[10]
Gate(12516)	cx q[11], q[2]
Gate(12517)	cx q[10], q[11]
Gate(12518)	 h q[2]
Gate(12519)	 h q[3]
Gate(12520)	 t q[9]
Gate(12521)	 t q[2]
Gate(12522)	 t q[3]
Gate(12523)	cx q[2], q[9]
Gate(12524)	cx q[3], q[2]
Gate(12525)	cx q[9], q[3]
Gate(12526)	tdg q[2]
Gate(12527)	cx q[9], q[2]
Gate(12528)	tdg q[9]
Gate(12529)	tdg q[2]
Gate(12530)	 t q[3]
Gate(12531)	cx q[3], q[2]
Gate(12532)	cx q[9], q[3]
Gate(12533)	cx q[2], q[9]
Gate(12534)	 h q[3]
Gate(12535)	 h q[4]
Gate(12536)	 t q[7]
Gate(12537)	 t q[3]
Gate(12538)	 t q[4]
Gate(12539)	cx q[3], q[7]
Gate(12540)	cx q[4], q[3]
Gate(12541)	cx q[7], q[4]
Gate(12542)	tdg q[3]
Gate(12543)	cx q[7], q[3]
Gate(12544)	tdg q[7]
Gate(12545)	tdg q[3]
Gate(12546)	 t q[4]
Gate(12547)	cx q[4], q[3]
Gate(12548)	cx q[7], q[4]
Gate(12549)	cx q[3], q[7]
Gate(12550)	 h q[4]
Gate(12551)	 h q[8]
Gate(12552)	 t q[6]
Gate(12553)	 t q[4]
Gate(12554)	 t q[8]
Gate(12555)	cx q[4], q[6]
Gate(12556)	cx q[8], q[4]
Gate(12557)	cx q[6], q[8]
Gate(12558)	tdg q[4]
Gate(12559)	cx q[6], q[4]
Gate(12560)	tdg q[6]
Gate(12561)	tdg q[4]
Gate(12562)	 t q[8]
Gate(12563)	cx q[8], q[4]
Gate(12564)	cx q[6], q[8]
Gate(12565)	cx q[4], q[6]
Gate(12566)	 h q[8]
Gate(12567)	 h q[0]
Gate(12568)	 t q[5]
Gate(12569)	 t q[8]
Gate(12570)	 t q[0]
Gate(12571)	cx q[8], q[5]
Gate(12572)	cx q[0], q[8]
Gate(12573)	cx q[5], q[0]
Gate(12574)	tdg q[8]
Gate(12575)	cx q[5], q[8]
Gate(12576)	tdg q[5]
Gate(12577)	tdg q[8]
Gate(12578)	 t q[0]
Gate(12579)	cx q[0], q[8]
Gate(12580)	cx q[5], q[0]
Gate(12581)	cx q[8], q[5]
Gate(12582)	 h q[0]
Gate(12583)	 h q[8]
Gate(12584)	 t q[6]
Gate(12585)	 t q[4]
Gate(12586)	 t q[8]
Gate(12587)	cx q[4], q[6]
Gate(12588)	cx q[8], q[4]
Gate(12589)	cx q[6], q[8]
Gate(12590)	tdg q[4]
Gate(12591)	cx q[6], q[4]
Gate(12592)	tdg q[6]
Gate(12593)	tdg q[4]
Gate(12594)	 t q[8]
Gate(12595)	cx q[8], q[4]
Gate(12596)	cx q[6], q[8]
Gate(12597)	cx q[4], q[6]
Gate(12598)	 h q[8]
Gate(12599)	 h q[4]
Gate(12600)	 t q[7]
Gate(12601)	 t q[3]
Gate(12602)	 t q[4]
Gate(12603)	cx q[3], q[7]
Gate(12604)	cx q[4], q[3]
Gate(12605)	cx q[7], q[4]
Gate(12606)	tdg q[3]
Gate(12607)	cx q[7], q[3]
Gate(12608)	tdg q[7]
Gate(12609)	tdg q[3]
Gate(12610)	 t q[4]
Gate(12611)	cx q[4], q[3]
Gate(12612)	cx q[7], q[4]
Gate(12613)	cx q[3], q[7]
Gate(12614)	 h q[4]
Gate(12615)	 h q[3]
Gate(12616)	 t q[9]
Gate(12617)	 t q[2]
Gate(12618)	 t q[3]
Gate(12619)	cx q[2], q[9]
Gate(12620)	cx q[3], q[2]
Gate(12621)	cx q[9], q[3]
Gate(12622)	tdg q[2]
Gate(12623)	cx q[9], q[2]
Gate(12624)	tdg q[9]
Gate(12625)	tdg q[2]
Gate(12626)	 t q[3]
Gate(12627)	cx q[3], q[2]
Gate(12628)	cx q[9], q[3]
Gate(12629)	cx q[2], q[9]
Gate(12630)	 h q[3]
Gate(12631)	 h q[2]
Gate(12632)	 t q[11]
Gate(12633)	 t q[10]
Gate(12634)	 t q[2]
Gate(12635)	cx q[10], q[11]
Gate(12636)	cx q[2], q[10]
Gate(12637)	cx q[11], q[2]
Gate(12638)	tdg q[10]
Gate(12639)	cx q[11], q[10]
Gate(12640)	tdg q[11]
Gate(12641)	tdg q[10]
Gate(12642)	 t q[2]
Gate(12643)	cx q[2], q[10]
Gate(12644)	cx q[11], q[2]
Gate(12645)	cx q[10], q[11]
Gate(12646)	 h q[2]
Gate(12647)	 h q[3]
Gate(12648)	 t q[9]
Gate(12649)	 t q[2]
Gate(12650)	 t q[3]
Gate(12651)	cx q[2], q[9]
Gate(12652)	cx q[3], q[2]
Gate(12653)	cx q[9], q[3]
Gate(12654)	tdg q[2]
Gate(12655)	cx q[9], q[2]
Gate(12656)	tdg q[9]
Gate(12657)	tdg q[2]
Gate(12658)	 t q[3]
Gate(12659)	cx q[3], q[2]
Gate(12660)	cx q[9], q[3]
Gate(12661)	cx q[2], q[9]
Gate(12662)	 h q[3]
Gate(12663)	 h q[4]
Gate(12664)	 t q[7]
Gate(12665)	 t q[3]
Gate(12666)	 t q[4]
Gate(12667)	cx q[3], q[7]
Gate(12668)	cx q[4], q[3]
Gate(12669)	cx q[7], q[4]
Gate(12670)	tdg q[3]
Gate(12671)	cx q[7], q[3]
Gate(12672)	tdg q[7]
Gate(12673)	tdg q[3]
Gate(12674)	 t q[4]
Gate(12675)	cx q[4], q[3]
Gate(12676)	cx q[7], q[4]
Gate(12677)	cx q[3], q[7]
Gate(12678)	 h q[4]
Gate(12679)	 h q[8]
Gate(12680)	 t q[6]
Gate(12681)	 t q[4]
Gate(12682)	 t q[8]
Gate(12683)	cx q[4], q[6]
Gate(12684)	cx q[8], q[4]
Gate(12685)	cx q[6], q[8]
Gate(12686)	tdg q[4]
Gate(12687)	cx q[6], q[4]
Gate(12688)	tdg q[6]
Gate(12689)	tdg q[4]
Gate(12690)	 t q[8]
Gate(12691)	cx q[8], q[4]
Gate(12692)	cx q[6], q[8]
Gate(12693)	cx q[4], q[6]
Gate(12694)	 h q[8]
Gate(12695)	 h q[0]
Gate(12696)	 t q[5]
Gate(12697)	 t q[11]
Gate(12698)	 t q[0]
Gate(12699)	cx q[11], q[5]
Gate(12700)	cx q[0], q[11]
Gate(12701)	cx q[5], q[0]
Gate(12702)	tdg q[11]
Gate(12703)	cx q[5], q[11]
Gate(12704)	tdg q[5]
Gate(12705)	tdg q[11]
Gate(12706)	 t q[0]
Gate(12707)	cx q[0], q[11]
Gate(12708)	cx q[5], q[0]
Gate(12709)	cx q[11], q[5]
Gate(12710)	 h q[0]
Gate(12711)	 h q[11]
Gate(12712)	 t q[6]
Gate(12713)	 t q[8]
Gate(12714)	 t q[11]
Gate(12715)	cx q[8], q[6]
Gate(12716)	cx q[11], q[8]
Gate(12717)	cx q[6], q[11]
Gate(12718)	tdg q[8]
Gate(12719)	cx q[6], q[8]
Gate(12720)	tdg q[6]
Gate(12721)	tdg q[8]
Gate(12722)	 t q[11]
Gate(12723)	cx q[11], q[8]
Gate(12724)	cx q[6], q[11]
Gate(12725)	cx q[8], q[6]
Gate(12726)	 h q[11]
Gate(12727)	 h q[8]
Gate(12728)	 t q[7]
Gate(12729)	 t q[4]
Gate(12730)	 t q[8]
Gate(12731)	cx q[4], q[7]
Gate(12732)	cx q[8], q[4]
Gate(12733)	cx q[7], q[8]
Gate(12734)	tdg q[4]
Gate(12735)	cx q[7], q[4]
Gate(12736)	tdg q[7]
Gate(12737)	tdg q[4]
Gate(12738)	 t q[8]
Gate(12739)	cx q[8], q[4]
Gate(12740)	cx q[7], q[8]
Gate(12741)	cx q[4], q[7]
Gate(12742)	 h q[8]
Gate(12743)	 h q[4]
Gate(12744)	 t q[10]
Gate(12745)	 t q[9]
Gate(12746)	 t q[4]
Gate(12747)	cx q[9], q[10]
Gate(12748)	cx q[4], q[9]
Gate(12749)	cx q[10], q[4]
Gate(12750)	tdg q[9]
Gate(12751)	cx q[10], q[9]
Gate(12752)	tdg q[10]
Gate(12753)	tdg q[9]
Gate(12754)	 t q[4]
Gate(12755)	cx q[4], q[9]
Gate(12756)	cx q[10], q[4]
Gate(12757)	cx q[9], q[10]
Gate(12758)	 h q[4]
Gate(12759)	 h q[8]
Gate(12760)	 t q[7]
Gate(12761)	 t q[4]
Gate(12762)	 t q[8]
Gate(12763)	cx q[4], q[7]
Gate(12764)	cx q[8], q[4]
Gate(12765)	cx q[7], q[8]
Gate(12766)	tdg q[4]
Gate(12767)	cx q[7], q[4]
Gate(12768)	tdg q[7]
Gate(12769)	tdg q[4]
Gate(12770)	 t q[8]
Gate(12771)	cx q[8], q[4]
Gate(12772)	cx q[7], q[8]
Gate(12773)	cx q[4], q[7]
Gate(12774)	 h q[8]
Gate(12775)	 h q[11]
Gate(12776)	 t q[6]
Gate(12777)	 t q[8]
Gate(12778)	 t q[11]
Gate(12779)	cx q[8], q[6]
Gate(12780)	cx q[11], q[8]
Gate(12781)	cx q[6], q[11]
Gate(12782)	tdg q[8]
Gate(12783)	cx q[6], q[8]
Gate(12784)	tdg q[6]
Gate(12785)	tdg q[8]
Gate(12786)	 t q[11]
Gate(12787)	cx q[11], q[8]
Gate(12788)	cx q[6], q[11]
Gate(12789)	cx q[8], q[6]
Gate(12790)	 h q[11]
Gate(12791)	 h q[0]
Gate(12792)	 t q[5]
Gate(12793)	 t q[11]
Gate(12794)	 t q[0]
Gate(12795)	cx q[11], q[5]
Gate(12796)	cx q[0], q[11]
Gate(12797)	cx q[5], q[0]
Gate(12798)	tdg q[11]
Gate(12799)	cx q[5], q[11]
Gate(12800)	tdg q[5]
Gate(12801)	tdg q[11]
Gate(12802)	 t q[0]
Gate(12803)	cx q[0], q[11]
Gate(12804)	cx q[5], q[0]
Gate(12805)	cx q[11], q[5]
Gate(12806)	 h q[0]
Gate(12807)	 h q[11]
Gate(12808)	 t q[6]
Gate(12809)	 t q[8]
Gate(12810)	 t q[11]
Gate(12811)	cx q[8], q[6]
Gate(12812)	cx q[11], q[8]
Gate(12813)	cx q[6], q[11]
Gate(12814)	tdg q[8]
Gate(12815)	cx q[6], q[8]
Gate(12816)	tdg q[6]
Gate(12817)	tdg q[8]
Gate(12818)	 t q[11]
Gate(12819)	cx q[11], q[8]
Gate(12820)	cx q[6], q[11]
Gate(12821)	cx q[8], q[6]
Gate(12822)	 h q[11]
Gate(12823)	 h q[8]
Gate(12824)	 t q[7]
Gate(12825)	 t q[4]
Gate(12826)	 t q[8]
Gate(12827)	cx q[4], q[7]
Gate(12828)	cx q[8], q[4]
Gate(12829)	cx q[7], q[8]
Gate(12830)	tdg q[4]
Gate(12831)	cx q[7], q[4]
Gate(12832)	tdg q[7]
Gate(12833)	tdg q[4]
Gate(12834)	 t q[8]
Gate(12835)	cx q[8], q[4]
Gate(12836)	cx q[7], q[8]
Gate(12837)	cx q[4], q[7]
Gate(12838)	 h q[8]
Gate(12839)	 h q[4]
Gate(12840)	 t q[10]
Gate(12841)	 t q[9]
Gate(12842)	 t q[4]
Gate(12843)	cx q[9], q[10]
Gate(12844)	cx q[4], q[9]
Gate(12845)	cx q[10], q[4]
Gate(12846)	tdg q[9]
Gate(12847)	cx q[10], q[9]
Gate(12848)	tdg q[10]
Gate(12849)	tdg q[9]
Gate(12850)	 t q[4]
Gate(12851)	cx q[4], q[9]
Gate(12852)	cx q[10], q[4]
Gate(12853)	cx q[9], q[10]
Gate(12854)	 h q[4]
Gate(12855)	 h q[8]
Gate(12856)	 t q[7]
Gate(12857)	 t q[4]
Gate(12858)	 t q[8]
Gate(12859)	cx q[4], q[7]
Gate(12860)	cx q[8], q[4]
Gate(12861)	cx q[7], q[8]
Gate(12862)	tdg q[4]
Gate(12863)	cx q[7], q[4]
Gate(12864)	tdg q[7]
Gate(12865)	tdg q[4]
Gate(12866)	 t q[8]
Gate(12867)	cx q[8], q[4]
Gate(12868)	cx q[7], q[8]
Gate(12869)	cx q[4], q[7]
Gate(12870)	 h q[8]
Gate(12871)	 h q[11]
Gate(12872)	 t q[6]
Gate(12873)	 t q[8]
Gate(12874)	 t q[11]
Gate(12875)	cx q[8], q[6]
Gate(12876)	cx q[11], q[8]
Gate(12877)	cx q[6], q[11]
Gate(12878)	tdg q[8]
Gate(12879)	cx q[6], q[8]
Gate(12880)	tdg q[6]
Gate(12881)	tdg q[8]
Gate(12882)	 t q[11]
Gate(12883)	cx q[11], q[8]
Gate(12884)	cx q[6], q[11]
Gate(12885)	cx q[8], q[6]
Gate(12886)	 h q[11]
Gate(12887)	 h q[0]
Gate(12888)	 t q[6]
Gate(12889)	 t q[5]
Gate(12890)	 t q[0]
Gate(12891)	cx q[5], q[6]
Gate(12892)	cx q[0], q[5]
Gate(12893)	cx q[6], q[0]
Gate(12894)	tdg q[5]
Gate(12895)	cx q[6], q[5]
Gate(12896)	tdg q[6]
Gate(12897)	tdg q[5]
Gate(12898)	 t q[0]
Gate(12899)	cx q[0], q[5]
Gate(12900)	cx q[6], q[0]
Gate(12901)	cx q[5], q[6]
Gate(12902)	 h q[0]
Gate(12903)	 h q[5]
Gate(12904)	 t q[7]
Gate(12905)	 t q[4]
Gate(12906)	 t q[5]
Gate(12907)	cx q[4], q[7]
Gate(12908)	cx q[5], q[4]
Gate(12909)	cx q[7], q[5]
Gate(12910)	tdg q[4]
Gate(12911)	cx q[7], q[4]
Gate(12912)	tdg q[7]
Gate(12913)	tdg q[4]
Gate(12914)	 t q[5]
Gate(12915)	cx q[5], q[4]
Gate(12916)	cx q[7], q[5]
Gate(12917)	cx q[4], q[7]
Gate(12918)	 h q[5]
Gate(12919)	 h q[4]
Gate(12920)	 t q[8]
Gate(12921)	 t q[3]
Gate(12922)	 t q[4]
Gate(12923)	cx q[3], q[8]
Gate(12924)	cx q[4], q[3]
Gate(12925)	cx q[8], q[4]
Gate(12926)	tdg q[3]
Gate(12927)	cx q[8], q[3]
Gate(12928)	tdg q[8]
Gate(12929)	tdg q[3]
Gate(12930)	 t q[4]
Gate(12931)	cx q[4], q[3]
Gate(12932)	cx q[8], q[4]
Gate(12933)	cx q[3], q[8]
Gate(12934)	 h q[4]
Gate(12935)	 h q[3]
Gate(12936)	 t q[9]
Gate(12937)	 t q[2]
Gate(12938)	 t q[3]
Gate(12939)	cx q[2], q[9]
Gate(12940)	cx q[3], q[2]
Gate(12941)	cx q[9], q[3]
Gate(12942)	tdg q[2]
Gate(12943)	cx q[9], q[2]
Gate(12944)	tdg q[9]
Gate(12945)	tdg q[2]
Gate(12946)	 t q[3]
Gate(12947)	cx q[3], q[2]
Gate(12948)	cx q[9], q[3]
Gate(12949)	cx q[2], q[9]
Gate(12950)	 h q[3]
Gate(12951)	 h q[2]
Gate(12952)	 t q[11]
Gate(12953)	 t q[10]
Gate(12954)	 t q[2]
Gate(12955)	cx q[10], q[11]
Gate(12956)	cx q[2], q[10]
Gate(12957)	cx q[11], q[2]
Gate(12958)	tdg q[10]
Gate(12959)	cx q[11], q[10]
Gate(12960)	tdg q[11]
Gate(12961)	tdg q[10]
Gate(12962)	 t q[2]
Gate(12963)	cx q[2], q[10]
Gate(12964)	cx q[11], q[2]
Gate(12965)	cx q[10], q[11]
Gate(12966)	 h q[2]
Gate(12967)	 h q[3]
Gate(12968)	 t q[9]
Gate(12969)	 t q[2]
Gate(12970)	 t q[3]
Gate(12971)	cx q[2], q[9]
Gate(12972)	cx q[3], q[2]
Gate(12973)	cx q[9], q[3]
Gate(12974)	tdg q[2]
Gate(12975)	cx q[9], q[2]
Gate(12976)	tdg q[9]
Gate(12977)	tdg q[2]
Gate(12978)	 t q[3]
Gate(12979)	cx q[3], q[2]
Gate(12980)	cx q[9], q[3]
Gate(12981)	cx q[2], q[9]
Gate(12982)	 h q[3]
Gate(12983)	 h q[4]
Gate(12984)	 t q[8]
Gate(12985)	 t q[3]
Gate(12986)	 t q[4]
Gate(12987)	cx q[3], q[8]
Gate(12988)	cx q[4], q[3]
Gate(12989)	cx q[8], q[4]
Gate(12990)	tdg q[3]
Gate(12991)	cx q[8], q[3]
Gate(12992)	tdg q[8]
Gate(12993)	tdg q[3]
Gate(12994)	 t q[4]
Gate(12995)	cx q[4], q[3]
Gate(12996)	cx q[8], q[4]
Gate(12997)	cx q[3], q[8]
Gate(12998)	 h q[4]
Gate(12999)	 h q[5]
Gate(13000)	 t q[7]
Gate(13001)	 t q[4]
Gate(13002)	 t q[5]
Gate(13003)	cx q[4], q[7]
Gate(13004)	cx q[5], q[4]
Gate(13005)	cx q[7], q[5]
Gate(13006)	tdg q[4]
Gate(13007)	cx q[7], q[4]
Gate(13008)	tdg q[7]
Gate(13009)	tdg q[4]
Gate(13010)	 t q[5]
Gate(13011)	cx q[5], q[4]
Gate(13012)	cx q[7], q[5]
Gate(13013)	cx q[4], q[7]
Gate(13014)	 h q[5]
Gate(13015)	 h q[0]
Gate(13016)	 t q[6]
Gate(13017)	 t q[5]
Gate(13018)	 t q[0]
Gate(13019)	cx q[5], q[6]
Gate(13020)	cx q[0], q[5]
Gate(13021)	cx q[6], q[0]
Gate(13022)	tdg q[5]
Gate(13023)	cx q[6], q[5]
Gate(13024)	tdg q[6]
Gate(13025)	tdg q[5]
Gate(13026)	 t q[0]
Gate(13027)	cx q[0], q[5]
Gate(13028)	cx q[6], q[0]
Gate(13029)	cx q[5], q[6]
Gate(13030)	 h q[0]
Gate(13031)	 h q[5]
Gate(13032)	 t q[7]
Gate(13033)	 t q[4]
Gate(13034)	 t q[5]
Gate(13035)	cx q[4], q[7]
Gate(13036)	cx q[5], q[4]
Gate(13037)	cx q[7], q[5]
Gate(13038)	tdg q[4]
Gate(13039)	cx q[7], q[4]
Gate(13040)	tdg q[7]
Gate(13041)	tdg q[4]
Gate(13042)	 t q[5]
Gate(13043)	cx q[5], q[4]
Gate(13044)	cx q[7], q[5]
Gate(13045)	cx q[4], q[7]
Gate(13046)	 h q[5]
Gate(13047)	 h q[4]
Gate(13048)	 t q[8]
Gate(13049)	 t q[3]
Gate(13050)	 t q[4]
Gate(13051)	cx q[3], q[8]
Gate(13052)	cx q[4], q[3]
Gate(13053)	cx q[8], q[4]
Gate(13054)	tdg q[3]
Gate(13055)	cx q[8], q[3]
Gate(13056)	tdg q[8]
Gate(13057)	tdg q[3]
Gate(13058)	 t q[4]
Gate(13059)	cx q[4], q[3]
Gate(13060)	cx q[8], q[4]
Gate(13061)	cx q[3], q[8]
Gate(13062)	 h q[4]
Gate(13063)	 h q[3]
Gate(13064)	 t q[9]
Gate(13065)	 t q[2]
Gate(13066)	 t q[3]
Gate(13067)	cx q[2], q[9]
Gate(13068)	cx q[3], q[2]
Gate(13069)	cx q[9], q[3]
Gate(13070)	tdg q[2]
Gate(13071)	cx q[9], q[2]
Gate(13072)	tdg q[9]
Gate(13073)	tdg q[2]
Gate(13074)	 t q[3]
Gate(13075)	cx q[3], q[2]
Gate(13076)	cx q[9], q[3]
Gate(13077)	cx q[2], q[9]
Gate(13078)	 h q[3]
Gate(13079)	 h q[2]
Gate(13080)	 t q[11]
Gate(13081)	 t q[10]
Gate(13082)	 t q[2]
Gate(13083)	cx q[10], q[11]
Gate(13084)	cx q[2], q[10]
Gate(13085)	cx q[11], q[2]
Gate(13086)	tdg q[10]
Gate(13087)	cx q[11], q[10]
Gate(13088)	tdg q[11]
Gate(13089)	tdg q[10]
Gate(13090)	 t q[2]
Gate(13091)	cx q[2], q[10]
Gate(13092)	cx q[11], q[2]
Gate(13093)	cx q[10], q[11]
Gate(13094)	 h q[2]
Gate(13095)	 h q[3]
Gate(13096)	 t q[9]
Gate(13097)	 t q[2]
Gate(13098)	 t q[3]
Gate(13099)	cx q[2], q[9]
Gate(13100)	cx q[3], q[2]
Gate(13101)	cx q[9], q[3]
Gate(13102)	tdg q[2]
Gate(13103)	cx q[9], q[2]
Gate(13104)	tdg q[9]
Gate(13105)	tdg q[2]
Gate(13106)	 t q[3]
Gate(13107)	cx q[3], q[2]
Gate(13108)	cx q[9], q[3]
Gate(13109)	cx q[2], q[9]
Gate(13110)	 h q[3]
Gate(13111)	 h q[4]
Gate(13112)	 t q[8]
Gate(13113)	 t q[3]
Gate(13114)	 t q[4]
Gate(13115)	cx q[3], q[8]
Gate(13116)	cx q[4], q[3]
Gate(13117)	cx q[8], q[4]
Gate(13118)	tdg q[3]
Gate(13119)	cx q[8], q[3]
Gate(13120)	tdg q[8]
Gate(13121)	tdg q[3]
Gate(13122)	 t q[4]
Gate(13123)	cx q[4], q[3]
Gate(13124)	cx q[8], q[4]
Gate(13125)	cx q[3], q[8]
Gate(13126)	 h q[4]
Gate(13127)	 h q[5]
Gate(13128)	 t q[7]
Gate(13129)	 t q[4]
Gate(13130)	 t q[5]
Gate(13131)	cx q[4], q[7]
Gate(13132)	cx q[5], q[4]
Gate(13133)	cx q[7], q[5]
Gate(13134)	tdg q[4]
Gate(13135)	cx q[7], q[4]
Gate(13136)	tdg q[7]
Gate(13137)	tdg q[4]
Gate(13138)	 t q[5]
Gate(13139)	cx q[5], q[4]
Gate(13140)	cx q[7], q[5]
Gate(13141)	cx q[4], q[7]
Gate(13142)	 h q[5]
Gate(13143)	 x q[6]
Gate(13144)	 x q[11]
Gate(13145)	 x q[8]
Gate(13146)	 h q[1]
Gate(13147)	 t q[9]
Gate(13148)	 t q[8]
Gate(13149)	 t q[1]
Gate(13150)	cx q[8], q[9]
Gate(13151)	cx q[1], q[8]
Gate(13152)	cx q[9], q[1]
Gate(13153)	tdg q[8]
Gate(13154)	cx q[9], q[8]
Gate(13155)	tdg q[9]
Gate(13156)	tdg q[8]
Gate(13157)	 t q[1]
Gate(13158)	cx q[1], q[8]
Gate(13159)	cx q[9], q[1]
Gate(13160)	cx q[8], q[9]
Gate(13161)	 h q[1]
Gate(13162)	 h q[8]
Gate(13163)	 t q[11]
Gate(13164)	 t q[10]
Gate(13165)	 t q[8]
Gate(13166)	cx q[10], q[11]
Gate(13167)	cx q[8], q[10]
Gate(13168)	cx q[11], q[8]
Gate(13169)	tdg q[10]
Gate(13170)	cx q[11], q[10]
Gate(13171)	tdg q[11]
Gate(13172)	tdg q[10]
Gate(13173)	 t q[8]
Gate(13174)	cx q[8], q[10]
Gate(13175)	cx q[11], q[8]
Gate(13176)	cx q[10], q[11]
Gate(13177)	 h q[8]
Gate(13178)	 h q[1]
Gate(13179)	 t q[9]
Gate(13180)	 t q[8]
Gate(13181)	 t q[1]
Gate(13182)	cx q[8], q[9]
Gate(13183)	cx q[1], q[8]
Gate(13184)	cx q[9], q[1]
Gate(13185)	tdg q[8]
Gate(13186)	cx q[9], q[8]
Gate(13187)	tdg q[9]
Gate(13188)	tdg q[8]
Gate(13189)	 t q[1]
Gate(13190)	cx q[1], q[8]
Gate(13191)	cx q[9], q[1]
Gate(13192)	cx q[8], q[9]
Gate(13193)	 h q[1]
Gate(13194)	 h q[8]
Gate(13195)	 t q[11]
Gate(13196)	 t q[10]
Gate(13197)	 t q[8]
Gate(13198)	cx q[10], q[11]
Gate(13199)	cx q[8], q[10]
Gate(13200)	cx q[11], q[8]
Gate(13201)	tdg q[10]
Gate(13202)	cx q[11], q[10]
Gate(13203)	tdg q[11]
Gate(13204)	tdg q[10]
Gate(13205)	 t q[8]
Gate(13206)	cx q[8], q[10]
Gate(13207)	cx q[11], q[8]
Gate(13208)	cx q[10], q[11]
Gate(13209)	 h q[8]
Gate(13210)	 h q[0]
Gate(13211)	 t q[1]
Gate(13212)	 t q[11]
Gate(13213)	 t q[0]
Gate(13214)	cx q[11], q[1]
Gate(13215)	cx q[0], q[11]
Gate(13216)	cx q[1], q[0]
Gate(13217)	tdg q[11]
Gate(13218)	cx q[1], q[11]
Gate(13219)	tdg q[1]
Gate(13220)	tdg q[11]
Gate(13221)	 t q[0]
Gate(13222)	cx q[0], q[11]
Gate(13223)	cx q[1], q[0]
Gate(13224)	cx q[11], q[1]
Gate(13225)	 h q[0]
Gate(13226)	 h q[11]
Gate(13227)	 t q[4]
Gate(13228)	 t q[10]
Gate(13229)	 t q[11]
Gate(13230)	cx q[10], q[4]
Gate(13231)	cx q[11], q[10]
Gate(13232)	cx q[4], q[11]
Gate(13233)	tdg q[10]
Gate(13234)	cx q[4], q[10]
Gate(13235)	tdg q[4]
Gate(13236)	tdg q[10]
Gate(13237)	 t q[11]
Gate(13238)	cx q[11], q[10]
Gate(13239)	cx q[4], q[11]
Gate(13240)	cx q[10], q[4]
Gate(13241)	 h q[11]
Gate(13242)	 h q[10]
Gate(13243)	 t q[6]
Gate(13244)	 t q[9]
Gate(13245)	 t q[10]
Gate(13246)	cx q[9], q[6]
Gate(13247)	cx q[10], q[9]
Gate(13248)	cx q[6], q[10]
Gate(13249)	tdg q[9]
Gate(13250)	cx q[6], q[9]
Gate(13251)	tdg q[6]
Gate(13252)	tdg q[9]
Gate(13253)	 t q[10]
Gate(13254)	cx q[10], q[9]
Gate(13255)	cx q[6], q[10]
Gate(13256)	cx q[9], q[6]
Gate(13257)	 h q[10]
Gate(13258)	 h q[9]
Gate(13259)	 t q[8]
Gate(13260)	 t q[7]
Gate(13261)	 t q[9]
Gate(13262)	cx q[7], q[8]
Gate(13263)	cx q[9], q[7]
Gate(13264)	cx q[8], q[9]
Gate(13265)	tdg q[7]
Gate(13266)	cx q[8], q[7]
Gate(13267)	tdg q[8]
Gate(13268)	tdg q[7]
Gate(13269)	 t q[9]
Gate(13270)	cx q[9], q[7]
Gate(13271)	cx q[8], q[9]
Gate(13272)	cx q[7], q[8]
Gate(13273)	 h q[9]
Gate(13274)	 h q[10]
Gate(13275)	 t q[6]
Gate(13276)	 t q[9]
Gate(13277)	 t q[10]
Gate(13278)	cx q[9], q[6]
Gate(13279)	cx q[10], q[9]
Gate(13280)	cx q[6], q[10]
Gate(13281)	tdg q[9]
Gate(13282)	cx q[6], q[9]
Gate(13283)	tdg q[6]
Gate(13284)	tdg q[9]
Gate(13285)	 t q[10]
Gate(13286)	cx q[10], q[9]
Gate(13287)	cx q[6], q[10]
Gate(13288)	cx q[9], q[6]
Gate(13289)	 h q[10]
Gate(13290)	 h q[11]
Gate(13291)	 t q[4]
Gate(13292)	 t q[10]
Gate(13293)	 t q[11]
Gate(13294)	cx q[10], q[4]
Gate(13295)	cx q[11], q[10]
Gate(13296)	cx q[4], q[11]
Gate(13297)	tdg q[10]
Gate(13298)	cx q[4], q[10]
Gate(13299)	tdg q[4]
Gate(13300)	tdg q[10]
Gate(13301)	 t q[11]
Gate(13302)	cx q[11], q[10]
Gate(13303)	cx q[4], q[11]
Gate(13304)	cx q[10], q[4]
Gate(13305)	 h q[11]
Gate(13306)	 h q[0]
Gate(13307)	 t q[1]
Gate(13308)	 t q[11]
Gate(13309)	 t q[0]
Gate(13310)	cx q[11], q[1]
Gate(13311)	cx q[0], q[11]
Gate(13312)	cx q[1], q[0]
Gate(13313)	tdg q[11]
Gate(13314)	cx q[1], q[11]
Gate(13315)	tdg q[1]
Gate(13316)	tdg q[11]
Gate(13317)	 t q[0]
Gate(13318)	cx q[0], q[11]
Gate(13319)	cx q[1], q[0]
Gate(13320)	cx q[11], q[1]
Gate(13321)	 h q[0]
Gate(13322)	 h q[11]
Gate(13323)	 t q[4]
Gate(13324)	 t q[10]
Gate(13325)	 t q[11]
Gate(13326)	cx q[10], q[4]
Gate(13327)	cx q[11], q[10]
Gate(13328)	cx q[4], q[11]
Gate(13329)	tdg q[10]
Gate(13330)	cx q[4], q[10]
Gate(13331)	tdg q[4]
Gate(13332)	tdg q[10]
Gate(13333)	 t q[11]
Gate(13334)	cx q[11], q[10]
Gate(13335)	cx q[4], q[11]
Gate(13336)	cx q[10], q[4]
Gate(13337)	 h q[11]
Gate(13338)	 h q[10]
Gate(13339)	 t q[6]
Gate(13340)	 t q[9]
Gate(13341)	 t q[10]
Gate(13342)	cx q[9], q[6]
Gate(13343)	cx q[10], q[9]
Gate(13344)	cx q[6], q[10]
Gate(13345)	tdg q[9]
Gate(13346)	cx q[6], q[9]
Gate(13347)	tdg q[6]
Gate(13348)	tdg q[9]
Gate(13349)	 t q[10]
Gate(13350)	cx q[10], q[9]
Gate(13351)	cx q[6], q[10]
Gate(13352)	cx q[9], q[6]
Gate(13353)	 h q[10]
Gate(13354)	 h q[9]
Gate(13355)	 t q[8]
Gate(13356)	 t q[7]
Gate(13357)	 t q[9]
Gate(13358)	cx q[7], q[8]
Gate(13359)	cx q[9], q[7]
Gate(13360)	cx q[8], q[9]
Gate(13361)	tdg q[7]
Gate(13362)	cx q[8], q[7]
Gate(13363)	tdg q[8]
Gate(13364)	tdg q[7]
Gate(13365)	 t q[9]
Gate(13366)	cx q[9], q[7]
Gate(13367)	cx q[8], q[9]
Gate(13368)	cx q[7], q[8]
Gate(13369)	 h q[9]
Gate(13370)	 h q[10]
Gate(13371)	 t q[6]
Gate(13372)	 t q[9]
Gate(13373)	 t q[10]
Gate(13374)	cx q[9], q[6]
Gate(13375)	cx q[10], q[9]
Gate(13376)	cx q[6], q[10]
Gate(13377)	tdg q[9]
Gate(13378)	cx q[6], q[9]
Gate(13379)	tdg q[6]
Gate(13380)	tdg q[9]
Gate(13381)	 t q[10]
Gate(13382)	cx q[10], q[9]
Gate(13383)	cx q[6], q[10]
Gate(13384)	cx q[9], q[6]
Gate(13385)	 h q[10]
Gate(13386)	 h q[11]
Gate(13387)	 t q[4]
Gate(13388)	 t q[10]
Gate(13389)	 t q[11]
Gate(13390)	cx q[10], q[4]
Gate(13391)	cx q[11], q[10]
Gate(13392)	cx q[4], q[11]
Gate(13393)	tdg q[10]
Gate(13394)	cx q[4], q[10]
Gate(13395)	tdg q[4]
Gate(13396)	tdg q[10]
Gate(13397)	 t q[11]
Gate(13398)	cx q[11], q[10]
Gate(13399)	cx q[4], q[11]
Gate(13400)	cx q[10], q[4]
Gate(13401)	 h q[11]
Gate(13402)	 h q[1]
Gate(13403)	 t q[9]
Gate(13404)	 t q[8]
Gate(13405)	 t q[1]
Gate(13406)	cx q[8], q[9]
Gate(13407)	cx q[1], q[8]
Gate(13408)	cx q[9], q[1]
Gate(13409)	tdg q[8]
Gate(13410)	cx q[9], q[8]
Gate(13411)	tdg q[9]
Gate(13412)	tdg q[8]
Gate(13413)	 t q[1]
Gate(13414)	cx q[1], q[8]
Gate(13415)	cx q[9], q[1]
Gate(13416)	cx q[8], q[9]
Gate(13417)	 h q[1]
Gate(13418)	 h q[8]
Gate(13419)	 t q[11]
Gate(13420)	 t q[10]
Gate(13421)	 t q[8]
Gate(13422)	cx q[10], q[11]
Gate(13423)	cx q[8], q[10]
Gate(13424)	cx q[11], q[8]
Gate(13425)	tdg q[10]
Gate(13426)	cx q[11], q[10]
Gate(13427)	tdg q[11]
Gate(13428)	tdg q[10]
Gate(13429)	 t q[8]
Gate(13430)	cx q[8], q[10]
Gate(13431)	cx q[11], q[8]
Gate(13432)	cx q[10], q[11]
Gate(13433)	 h q[8]
Gate(13434)	 h q[1]
Gate(13435)	 t q[9]
Gate(13436)	 t q[8]
Gate(13437)	 t q[1]
Gate(13438)	cx q[8], q[9]
Gate(13439)	cx q[1], q[8]
Gate(13440)	cx q[9], q[1]
Gate(13441)	tdg q[8]
Gate(13442)	cx q[9], q[8]
Gate(13443)	tdg q[9]
Gate(13444)	tdg q[8]
Gate(13445)	 t q[1]
Gate(13446)	cx q[1], q[8]
Gate(13447)	cx q[9], q[1]
Gate(13448)	cx q[8], q[9]
Gate(13449)	 h q[1]
Gate(13450)	 h q[8]
Gate(13451)	 t q[11]
Gate(13452)	 t q[10]
Gate(13453)	 t q[8]
Gate(13454)	cx q[10], q[11]
Gate(13455)	cx q[8], q[10]
Gate(13456)	cx q[11], q[8]
Gate(13457)	tdg q[10]
Gate(13458)	cx q[11], q[10]
Gate(13459)	tdg q[11]
Gate(13460)	tdg q[10]
Gate(13461)	 t q[8]
Gate(13462)	cx q[8], q[10]
Gate(13463)	cx q[11], q[8]
Gate(13464)	cx q[10], q[11]
Gate(13465)	 h q[8]
Gate(13466)	 h q[0]
Gate(13467)	 t q[1]
Gate(13468)	 t q[11]
Gate(13469)	 t q[0]
Gate(13470)	cx q[11], q[1]
Gate(13471)	cx q[0], q[11]
Gate(13472)	cx q[1], q[0]
Gate(13473)	tdg q[11]
Gate(13474)	cx q[1], q[11]
Gate(13475)	tdg q[1]
Gate(13476)	tdg q[11]
Gate(13477)	 t q[0]
Gate(13478)	cx q[0], q[11]
Gate(13479)	cx q[1], q[0]
Gate(13480)	cx q[11], q[1]
Gate(13481)	 h q[0]
Gate(13482)	 h q[11]
Gate(13483)	 t q[4]
Gate(13484)	 t q[10]
Gate(13485)	 t q[11]
Gate(13486)	cx q[10], q[4]
Gate(13487)	cx q[11], q[10]
Gate(13488)	cx q[4], q[11]
Gate(13489)	tdg q[10]
Gate(13490)	cx q[4], q[10]
Gate(13491)	tdg q[4]
Gate(13492)	tdg q[10]
Gate(13493)	 t q[11]
Gate(13494)	cx q[11], q[10]
Gate(13495)	cx q[4], q[11]
Gate(13496)	cx q[10], q[4]
Gate(13497)	 h q[11]
Gate(13498)	 h q[10]
Gate(13499)	 t q[6]
Gate(13500)	 t q[9]
Gate(13501)	 t q[10]
Gate(13502)	cx q[9], q[6]
Gate(13503)	cx q[10], q[9]
Gate(13504)	cx q[6], q[10]
Gate(13505)	tdg q[9]
Gate(13506)	cx q[6], q[9]
Gate(13507)	tdg q[6]
Gate(13508)	tdg q[9]
Gate(13509)	 t q[10]
Gate(13510)	cx q[10], q[9]
Gate(13511)	cx q[6], q[10]
Gate(13512)	cx q[9], q[6]
Gate(13513)	 h q[10]
Gate(13514)	 h q[9]
Gate(13515)	 t q[8]
Gate(13516)	 t q[7]
Gate(13517)	 t q[9]
Gate(13518)	cx q[7], q[8]
Gate(13519)	cx q[9], q[7]
Gate(13520)	cx q[8], q[9]
Gate(13521)	tdg q[7]
Gate(13522)	cx q[8], q[7]
Gate(13523)	tdg q[8]
Gate(13524)	tdg q[7]
Gate(13525)	 t q[9]
Gate(13526)	cx q[9], q[7]
Gate(13527)	cx q[8], q[9]
Gate(13528)	cx q[7], q[8]
Gate(13529)	 h q[9]
Gate(13530)	 h q[10]
Gate(13531)	 t q[6]
Gate(13532)	 t q[9]
Gate(13533)	 t q[10]
Gate(13534)	cx q[9], q[6]
Gate(13535)	cx q[10], q[9]
Gate(13536)	cx q[6], q[10]
Gate(13537)	tdg q[9]
Gate(13538)	cx q[6], q[9]
Gate(13539)	tdg q[6]
Gate(13540)	tdg q[9]
Gate(13541)	 t q[10]
Gate(13542)	cx q[10], q[9]
Gate(13543)	cx q[6], q[10]
Gate(13544)	cx q[9], q[6]
Gate(13545)	 h q[10]
Gate(13546)	 h q[11]
Gate(13547)	 t q[4]
Gate(13548)	 t q[10]
Gate(13549)	 t q[11]
Gate(13550)	cx q[10], q[4]
Gate(13551)	cx q[11], q[10]
Gate(13552)	cx q[4], q[11]
Gate(13553)	tdg q[10]
Gate(13554)	cx q[4], q[10]
Gate(13555)	tdg q[4]
Gate(13556)	tdg q[10]
Gate(13557)	 t q[11]
Gate(13558)	cx q[11], q[10]
Gate(13559)	cx q[4], q[11]
Gate(13560)	cx q[10], q[4]
Gate(13561)	 h q[11]
Gate(13562)	 h q[0]
Gate(13563)	 t q[1]
Gate(13564)	 t q[11]
Gate(13565)	 t q[0]
Gate(13566)	cx q[11], q[1]
Gate(13567)	cx q[0], q[11]
Gate(13568)	cx q[1], q[0]
Gate(13569)	tdg q[11]
Gate(13570)	cx q[1], q[11]
Gate(13571)	tdg q[1]
Gate(13572)	tdg q[11]
Gate(13573)	 t q[0]
Gate(13574)	cx q[0], q[11]
Gate(13575)	cx q[1], q[0]
Gate(13576)	cx q[11], q[1]
Gate(13577)	 h q[0]
Gate(13578)	 h q[11]
Gate(13579)	 t q[4]
Gate(13580)	 t q[10]
Gate(13581)	 t q[11]
Gate(13582)	cx q[10], q[4]
Gate(13583)	cx q[11], q[10]
Gate(13584)	cx q[4], q[11]
Gate(13585)	tdg q[10]
Gate(13586)	cx q[4], q[10]
Gate(13587)	tdg q[4]
Gate(13588)	tdg q[10]
Gate(13589)	 t q[11]
Gate(13590)	cx q[11], q[10]
Gate(13591)	cx q[4], q[11]
Gate(13592)	cx q[10], q[4]
Gate(13593)	 h q[11]
Gate(13594)	 h q[10]
Gate(13595)	 t q[6]
Gate(13596)	 t q[9]
Gate(13597)	 t q[10]
Gate(13598)	cx q[9], q[6]
Gate(13599)	cx q[10], q[9]
Gate(13600)	cx q[6], q[10]
Gate(13601)	tdg q[9]
Gate(13602)	cx q[6], q[9]
Gate(13603)	tdg q[6]
Gate(13604)	tdg q[9]
Gate(13605)	 t q[10]
Gate(13606)	cx q[10], q[9]
Gate(13607)	cx q[6], q[10]
Gate(13608)	cx q[9], q[6]
Gate(13609)	 h q[10]
Gate(13610)	 h q[9]
Gate(13611)	 t q[8]
Gate(13612)	 t q[7]
Gate(13613)	 t q[9]
Gate(13614)	cx q[7], q[8]
Gate(13615)	cx q[9], q[7]
Gate(13616)	cx q[8], q[9]
Gate(13617)	tdg q[7]
Gate(13618)	cx q[8], q[7]
Gate(13619)	tdg q[8]
Gate(13620)	tdg q[7]
Gate(13621)	 t q[9]
Gate(13622)	cx q[9], q[7]
Gate(13623)	cx q[8], q[9]
Gate(13624)	cx q[7], q[8]
Gate(13625)	 h q[9]
Gate(13626)	 h q[10]
Gate(13627)	 t q[6]
Gate(13628)	 t q[9]
Gate(13629)	 t q[10]
Gate(13630)	cx q[9], q[6]
Gate(13631)	cx q[10], q[9]
Gate(13632)	cx q[6], q[10]
Gate(13633)	tdg q[9]
Gate(13634)	cx q[6], q[9]
Gate(13635)	tdg q[6]
Gate(13636)	tdg q[9]
Gate(13637)	 t q[10]
Gate(13638)	cx q[10], q[9]
Gate(13639)	cx q[6], q[10]
Gate(13640)	cx q[9], q[6]
Gate(13641)	 h q[10]
Gate(13642)	 h q[11]
Gate(13643)	 t q[4]
Gate(13644)	 t q[10]
Gate(13645)	 t q[11]
Gate(13646)	cx q[10], q[4]
Gate(13647)	cx q[11], q[10]
Gate(13648)	cx q[4], q[11]
Gate(13649)	tdg q[10]
Gate(13650)	cx q[4], q[10]
Gate(13651)	tdg q[4]
Gate(13652)	tdg q[10]
Gate(13653)	 t q[11]
Gate(13654)	cx q[11], q[10]
Gate(13655)	cx q[4], q[11]
Gate(13656)	cx q[10], q[4]
Gate(13657)	 h q[11]

*** Option ***
Input file  : ../example/rd84_253.qasm
Output file : ../output/rd84_253.qasm

Generating Multi-QPU Architecture: 4 QPUs, each with 16 qubits

Skipping complex QPU Degree Graph (Using simple Star Topology meta-info)

=== Multi-QPU Interconnect Edges ===
initial_mapping

================ Interaction Graph ================
[Nodes]
  Node 0 (weight=1): edges -> 2 25 29 31 38 43 44 50 55 
  Node 1 (weight=1): edges -> 30 31 34 35 54 57 
  Node 2 (weight=1): edges -> 0 1 16 17 19 20 40 41 49 
  Node 3 (weight=1): edges -> 4 5 10 11 18 22 23 37 49 
  Node 4 (weight=1): edges -> 15 16 21 23 32 45 46 48 50 58 
  Node 5 (weight=1): edges -> 3 5 33 39 40 43 46 47 51 52 
  Node 6 (weight=1): edges -> 9 11 24 26 27 39 41 44 56 58 
  Node 7 (weight=1): edges -> 12 13 18 19 25 27 28 34 42 45 47 
  Node 8 (weight=1): edges -> 1 2 12 14 35 36 37 48 51 53 56 
  Node 9 (weight=1): edges -> 3 4 7 8 15 17 26 28 53 54 55 
  Node 10 (weight=1): edges -> 0 6 7 21 22 24 33 36 38 42 57 
  Node 11 (weight=1): edges -> 6 8 9 10 13 14 20 29 30 32 52 

[Edges]
  Edge 0 : q2 -- q10  weight=1
  Edge 1 : q2 -- q8  weight=1
  Edge 2 : q0 -- q8  weight=1.58149
  Edge 3 : q5 -- q9  weight=32.3988
  Edge 4 : q9 -- q3  weight=19.0974
  Edge 5 : q3 -- q5  weight=19.0974
  Edge 6 : q11 -- q10  weight=26.9085
  Edge 7 : q10 -- q9  weight=15.5435
  Edge 8 : q9 -- q11  weight=14.7399
  Edge 9 : q6 -- q11  weight=14.3578
  Edge 10 : q11 -- q3  weight=9.26978
  Edge 11 : q3 -- q6  weight=7.05004
  Edge 12 : q8 -- q7  weight=10.4851
  Edge 13 : q7 -- q11  weight=10.5409
  Edge 14 : q11 -- q8  weight=5.39366
  Edge 15 : q9 -- q4  weight=2.44504
  Edge 16 : q4 -- q2  weight=1.21577
  Edge 17 : q2 -- q9  weight=1.21577
  Edge 18 : q7 -- q3  weight=0.984771
  Edge 19 : q7 -- q2  weight=0.797664
  Edge 20 : q2 -- q11  weight=0.717898
  Edge 21 : q4 -- q10  weight=2.31814
  Edge 22 : q10 -- q3  weight=1.30639
  Edge 23 : q3 -- q4  weight=1.2339
  Edge 24 : q6 -- q10  weight=1.35283
  Edge 25 : q7 -- q0  weight=0.395314
  Edge 26 : q9 -- q6  weight=0.969272
  Edge 27 : q6 -- q7  weight=0.647105
  Edge 28 : q7 -- q9  weight=0.600815
  Edge 29 : q0 -- q11  weight=0.0829665
  Edge 30 : q11 -- q1  weight=0.0442241
  Edge 31 : q1 -- q0  weight=0.0441666
  Edge 32 : q11 -- q4  weight=0.0559998
  Edge 33 : q10 -- q5  weight=0.0538349
  Edge 34 : q7 -- q1  weight=2.10322e-05
  Edge 35 : q1 -- q8  weight=1.97746e-05
  Edge 36 : q10 -- q8  weight=5.08343e-09
  Edge 37 : q8 -- q3  weight=1.78709e-09
  Edge 38 : q0 -- q10  weight=9.56589e-10
  Edge 39 : q6 -- q5  weight=5.25064e-12
  Edge 40 : q5 -- q2  weight=2.90033e-12
  Edge 41 : q2 -- q6  weight=2.90033e-12
  Edge 42 : q10 -- q7  weight=6.48935e-12
  Edge 43 : q5 -- q0  weight=4.23177e-16
  Edge 44 : q0 -- q6  weight=3.89639e-16
  Edge 45 : q7 -- q4  weight=7.85505e-16
  Edge 46 : q4 -- q5  weight=4.38216e-16
  Edge 47 : q5 -- q7  weight=4.29614e-16
  Edge 48 : q4 -- q8  weight=4.01387e-16
  Edge 49 : q2 -- q3  weight=4.181e-16
  Edge 50 : q0 -- q4  weight=7.72595e-18
  Edge 51 : q8 -- q5  weight=4.89148e-20
  Edge 52 : q5 -- q11  weight=5.20625e-20
  Edge 53 : q9 -- q8  weight=7.81949e-22
  Edge 54 : q1 -- q9  weight=4.39925e-22
  Edge 55 : q9 -- q0  weight=5.44802e-27
  Edge 56 : q6 -- q8  weight=6.47776e-34
  Edge 57 : q10 -- q1  weight=4.49131e-38
  Edge 58 : q6 -- q4  weight=8.01675e-49
===================================================


[ADAPTIVE-METIS] start: nvtxs=12 edges=59 ufactor=1000 max_trials=50
Input Error: Incorrect numflag.
  [trial   0] Q=0.33319 cut=79783 perturb=0.000 sizes=[3,4,4,1]  *** BEST ***
Input Error: Incorrect numflag.
Input Error: Incorrect numflag.
Input Error: Incorrect numflag.
Input Error: Incorrect numflag.
Input Error: Incorrect numflag.
Input Error: Incorrect numflag.
Input Error: Incorrect numflag.
Input Error: Incorrect numflag.
Input Error: Incorrect numflag.
  [trial   9] Q=0.33319 best=0.33319 no_imp=9/12
Input Error: Incorrect numflag.
Input Error: Incorrect numflag.
Input Error: Incorrect numflag.
  [ADAPTIVE-METIS] saturated at trial=12
[ADAPTIVE-METIS] DONE: best_Q=0.33319 trials=13/50 success=13
  partition sizes: [3,4,4,1] imbalance=1.33

===== InteractionGraph Subsets Complete =====

===== Building inter_Sub_edge (Cross-Sub Edges) =====

========== Cross-Subgraph Weighted Sums ==========
  Total cross-QPU weight: 132.476
  QPU0<->QPU3: 52.712
  QPU1<->QPU3: 30.884
  QPU1<->QPU2: 20.836
  QPU0<->QPU1: 15.130
  QPU0<->QPU2: 9.500
  QPU2<->QPU3: 3.414

===== MATCHING START =====
[MATCH] Sub0 -> QPU0
[MATCH] Sub1 -> QPU1
[MATCH] Sub2 -> QPU2
[MATCH] Sub3 -> QPU3

===== MATCHING DONE =====

===================== initial_mapping END =====================
[START] main_mapping v5
[FIDELITY] swaps=178 inter_epr=4685 => F=0.000000
[END] main_mapping v5.1 SWAPs=178 inter_exec=4685 fidelity=0.000000
*** Final Circuit ***
# add_2q_num: 178
# fidelity: 0.000000

*** Time & Memory Measure ***
tasks                          Wtime      Ctime
PARSING                        1.036      0.051
GENERATE MULTI-QPU             1.077      0.092
INITIAL MAPPING                1.093      0.108
MAIN MAPPING                   1.110      0.125
END PROGRAM                    1.119      0.134

----------------------------------------
### VmPeak         FDSize:	64
### Memory Usage           : 13.671875 MB
