
================================================================
         Multi-QPU Mapping by Ajou University QCSS Lab          
================================================================
Gate(    0)	 h q[0]
Gate(    1)	 h q[1]
Gate(    2)	 h q[2]
Gate(    3)	 h q[3]
Gate(    4)	 h q[4]
Gate(    5)	 h q[5]
Gate(    6)	 h q[6]
Gate(    7)	cx q[7], q[0]
Gate(    8)	cx q[9], q[1]
Gate(    9)	cx q[11], q[2]
Gate(   10)	cx q[13], q[3]
Gate(   11)	cx q[8], q[4]
Gate(   12)	cx q[9], q[4]
Gate(   13)	cx q[10], q[5]
Gate(   14)	cx q[11], q[5]
Gate(   15)	cx q[12], q[6]
Gate(   16)	cx q[13], q[6]
Gate(   17)	 x q[7]
Gate(   18)	 x q[9]
Gate(   19)	 x q[10]
Gate(   20)	 x q[11]
Gate(   21)	 x q[12]
Gate(   22)	 x q[13]
Gate(   23)	 h q[13]
Gate(   24)	 h q[0]
Gate(   25)	tdg q[9]
Gate(   26)	 t q[13]
Gate(   27)	 t q[0]
Gate(   28)	cx q[13], q[9]
Gate(   29)	cx q[9], q[0]
Gate(   30)	tdg q[9]
Gate(   31)	cx q[0], q[13]
Gate(   32)	cx q[9], q[13]
Gate(   33)	tdg q[9]
Gate(   34)	tdg q[13]
Gate(   35)	 t q[0]
Gate(   36)	cx q[9], q[0]
Gate(   37)	 s q[9]
Gate(   38)	cx q[0], q[13]
Gate(   39)	cx q[13], q[9]
Gate(   40)	 h q[0]
Gate(   41)	 h q[13]
Gate(   42)	tdg q[7]
Gate(   43)	 t q[8]
Gate(   44)	 t q[13]
Gate(   45)	cx q[8], q[7]
Gate(   46)	cx q[7], q[13]
Gate(   47)	tdg q[7]
Gate(   48)	cx q[13], q[8]
Gate(   49)	cx q[7], q[8]
Gate(   50)	tdg q[7]
Gate(   51)	tdg q[8]
Gate(   52)	 t q[13]
Gate(   53)	cx q[7], q[13]
Gate(   54)	 s q[7]
Gate(   55)	cx q[13], q[8]
Gate(   56)	cx q[8], q[7]
Gate(   57)	 h q[13]
Gate(   58)	 h q[0]
Gate(   59)	tdg q[9]
Gate(   60)	 t q[13]
Gate(   61)	 t q[0]
Gate(   62)	cx q[13], q[9]
Gate(   63)	cx q[9], q[0]
Gate(   64)	tdg q[9]
Gate(   65)	cx q[0], q[13]
Gate(   66)	cx q[9], q[13]
Gate(   67)	tdg q[9]
Gate(   68)	tdg q[13]
Gate(   69)	 t q[0]
Gate(   70)	cx q[9], q[0]
Gate(   71)	 s q[9]
Gate(   72)	cx q[0], q[13]
Gate(   73)	cx q[13], q[9]
Gate(   74)	 h q[0]
Gate(   75)	 h q[13]
Gate(   76)	tdg q[7]
Gate(   77)	 t q[8]
Gate(   78)	 t q[13]
Gate(   79)	cx q[8], q[7]
Gate(   80)	cx q[7], q[13]
Gate(   81)	tdg q[7]
Gate(   82)	cx q[13], q[8]
Gate(   83)	cx q[7], q[8]
Gate(   84)	tdg q[7]
Gate(   85)	tdg q[8]
Gate(   86)	 t q[13]
Gate(   87)	cx q[7], q[13]
Gate(   88)	 s q[7]
Gate(   89)	cx q[13], q[8]
Gate(   90)	cx q[8], q[7]
Gate(   91)	 h q[13]
Gate(   92)	 h q[13]
Gate(   93)	tdg q[0]
Gate(   94)	 t q[9]
Gate(   95)	 t q[13]
Gate(   96)	cx q[9], q[0]
Gate(   97)	cx q[0], q[13]
Gate(   98)	tdg q[0]
Gate(   99)	cx q[13], q[9]
Gate(  100)	cx q[0], q[9]
Gate(  101)	tdg q[0]
Gate(  102)	tdg q[9]
Gate(  103)	 t q[13]
Gate(  104)	cx q[0], q[13]
Gate(  105)	 s q[0]
Gate(  106)	cx q[13], q[9]
Gate(  107)	cx q[9], q[0]
Gate(  108)	 h q[13]
Gate(  109)	 h q[9]
Gate(  110)	tdg q[12]
Gate(  111)	 t q[8]
Gate(  112)	 t q[9]
Gate(  113)	cx q[8], q[12]
Gate(  114)	cx q[12], q[9]
Gate(  115)	tdg q[12]
Gate(  116)	cx q[9], q[8]
Gate(  117)	cx q[12], q[8]
Gate(  118)	tdg q[12]
Gate(  119)	tdg q[8]
Gate(  120)	 t q[9]
Gate(  121)	cx q[12], q[9]
Gate(  122)	 s q[12]
Gate(  123)	cx q[9], q[8]
Gate(  124)	cx q[8], q[12]
Gate(  125)	 h q[9]
Gate(  126)	 h q[8]
Gate(  127)	tdg q[10]
Gate(  128)	 t q[11]
Gate(  129)	 t q[8]
Gate(  130)	cx q[11], q[10]
Gate(  131)	cx q[10], q[8]
Gate(  132)	tdg q[10]
Gate(  133)	cx q[8], q[11]
Gate(  134)	cx q[10], q[11]
Gate(  135)	tdg q[10]
Gate(  136)	tdg q[11]
Gate(  137)	 t q[8]
Gate(  138)	cx q[10], q[8]
Gate(  139)	 s q[10]
Gate(  140)	cx q[8], q[11]
Gate(  141)	cx q[11], q[10]
Gate(  142)	 h q[8]
Gate(  143)	 h q[9]
Gate(  144)	tdg q[12]
Gate(  145)	 t q[8]
Gate(  146)	 t q[9]
Gate(  147)	cx q[8], q[12]
Gate(  148)	cx q[12], q[9]
Gate(  149)	tdg q[12]
Gate(  150)	cx q[9], q[8]
Gate(  151)	cx q[12], q[8]
Gate(  152)	tdg q[12]
Gate(  153)	tdg q[8]
Gate(  154)	 t q[9]
Gate(  155)	cx q[12], q[9]
Gate(  156)	 s q[12]
Gate(  157)	cx q[9], q[8]
Gate(  158)	cx q[8], q[12]
Gate(  159)	 h q[9]
Gate(  160)	 h q[13]
Gate(  161)	tdg q[0]
Gate(  162)	 t q[9]
Gate(  163)	 t q[13]
Gate(  164)	cx q[9], q[0]
Gate(  165)	cx q[0], q[13]
Gate(  166)	tdg q[0]
Gate(  167)	cx q[13], q[9]
Gate(  168)	cx q[0], q[9]
Gate(  169)	tdg q[0]
Gate(  170)	tdg q[9]
Gate(  171)	 t q[13]
Gate(  172)	cx q[0], q[13]
Gate(  173)	 s q[0]
Gate(  174)	cx q[13], q[9]
Gate(  175)	cx q[9], q[0]
Gate(  176)	 h q[13]
Gate(  177)	 h q[9]
Gate(  178)	tdg q[12]
Gate(  179)	 t q[8]
Gate(  180)	 t q[9]
Gate(  181)	cx q[8], q[12]
Gate(  182)	cx q[12], q[9]
Gate(  183)	tdg q[12]
Gate(  184)	cx q[9], q[8]
Gate(  185)	cx q[12], q[8]
Gate(  186)	tdg q[12]
Gate(  187)	tdg q[8]
Gate(  188)	 t q[9]
Gate(  189)	cx q[12], q[9]
Gate(  190)	 s q[12]
Gate(  191)	cx q[9], q[8]
Gate(  192)	cx q[8], q[12]
Gate(  193)	 h q[9]
Gate(  194)	 h q[8]
Gate(  195)	tdg q[10]
Gate(  196)	 t q[11]
Gate(  197)	 t q[8]
Gate(  198)	cx q[11], q[10]
Gate(  199)	cx q[10], q[8]
Gate(  200)	tdg q[10]
Gate(  201)	cx q[8], q[11]
Gate(  202)	cx q[10], q[11]
Gate(  203)	tdg q[10]
Gate(  204)	tdg q[11]
Gate(  205)	 t q[8]
Gate(  206)	cx q[10], q[8]
Gate(  207)	 s q[10]
Gate(  208)	cx q[8], q[11]
Gate(  209)	cx q[11], q[10]
Gate(  210)	 h q[8]
Gate(  211)	 h q[9]
Gate(  212)	tdg q[12]
Gate(  213)	 t q[8]
Gate(  214)	 t q[9]
Gate(  215)	cx q[8], q[12]
Gate(  216)	cx q[12], q[9]
Gate(  217)	tdg q[12]
Gate(  218)	cx q[9], q[8]
Gate(  219)	cx q[12], q[8]
Gate(  220)	tdg q[12]
Gate(  221)	tdg q[8]
Gate(  222)	 t q[9]
Gate(  223)	cx q[12], q[9]
Gate(  224)	 s q[12]
Gate(  225)	cx q[9], q[8]
Gate(  226)	cx q[8], q[12]
Gate(  227)	 h q[9]
Gate(  228)	 h q[0]
Gate(  229)	tdg q[9]
Gate(  230)	 t q[13]
Gate(  231)	 t q[0]
Gate(  232)	cx q[13], q[9]
Gate(  233)	cx q[9], q[0]
Gate(  234)	tdg q[9]
Gate(  235)	cx q[0], q[13]
Gate(  236)	cx q[9], q[13]
Gate(  237)	tdg q[9]
Gate(  238)	tdg q[13]
Gate(  239)	 t q[0]
Gate(  240)	cx q[9], q[0]
Gate(  241)	 s q[9]
Gate(  242)	cx q[0], q[13]
Gate(  243)	cx q[13], q[9]
Gate(  244)	 h q[0]
Gate(  245)	 h q[13]
Gate(  246)	tdg q[7]
Gate(  247)	 t q[8]
Gate(  248)	 t q[13]
Gate(  249)	cx q[8], q[7]
Gate(  250)	cx q[7], q[13]
Gate(  251)	tdg q[7]
Gate(  252)	cx q[13], q[8]
Gate(  253)	cx q[7], q[8]
Gate(  254)	tdg q[7]
Gate(  255)	tdg q[8]
Gate(  256)	 t q[13]
Gate(  257)	cx q[7], q[13]
Gate(  258)	 s q[7]
Gate(  259)	cx q[13], q[8]
Gate(  260)	cx q[8], q[7]
Gate(  261)	 h q[13]
Gate(  262)	 h q[0]
Gate(  263)	tdg q[9]
Gate(  264)	 t q[13]
Gate(  265)	 t q[0]
Gate(  266)	cx q[13], q[9]
Gate(  267)	cx q[9], q[0]
Gate(  268)	tdg q[9]
Gate(  269)	cx q[0], q[13]
Gate(  270)	cx q[9], q[13]
Gate(  271)	tdg q[9]
Gate(  272)	tdg q[13]
Gate(  273)	 t q[0]
Gate(  274)	cx q[9], q[0]
Gate(  275)	 s q[9]
Gate(  276)	cx q[0], q[13]
Gate(  277)	cx q[13], q[9]
Gate(  278)	 h q[0]
Gate(  279)	 h q[13]
Gate(  280)	tdg q[7]
Gate(  281)	 t q[8]
Gate(  282)	 t q[13]
Gate(  283)	cx q[8], q[7]
Gate(  284)	cx q[7], q[13]
Gate(  285)	tdg q[7]
Gate(  286)	cx q[13], q[8]
Gate(  287)	cx q[7], q[8]
Gate(  288)	tdg q[7]
Gate(  289)	tdg q[8]
Gate(  290)	 t q[13]
Gate(  291)	cx q[7], q[13]
Gate(  292)	 s q[7]
Gate(  293)	cx q[13], q[8]
Gate(  294)	cx q[8], q[7]
Gate(  295)	 h q[13]
Gate(  296)	 h q[13]
Gate(  297)	tdg q[0]
Gate(  298)	 t q[9]
Gate(  299)	 t q[13]
Gate(  300)	cx q[9], q[0]
Gate(  301)	cx q[0], q[13]
Gate(  302)	tdg q[0]
Gate(  303)	cx q[13], q[9]
Gate(  304)	cx q[0], q[9]
Gate(  305)	tdg q[0]
Gate(  306)	tdg q[9]
Gate(  307)	 t q[13]
Gate(  308)	cx q[0], q[13]
Gate(  309)	 s q[0]
Gate(  310)	cx q[13], q[9]
Gate(  311)	cx q[9], q[0]
Gate(  312)	 h q[13]
Gate(  313)	 h q[9]
Gate(  314)	tdg q[12]
Gate(  315)	 t q[8]
Gate(  316)	 t q[9]
Gate(  317)	cx q[8], q[12]
Gate(  318)	cx q[12], q[9]
Gate(  319)	tdg q[12]
Gate(  320)	cx q[9], q[8]
Gate(  321)	cx q[12], q[8]
Gate(  322)	tdg q[12]
Gate(  323)	tdg q[8]
Gate(  324)	 t q[9]
Gate(  325)	cx q[12], q[9]
Gate(  326)	 s q[12]
Gate(  327)	cx q[9], q[8]
Gate(  328)	cx q[8], q[12]
Gate(  329)	 h q[9]
Gate(  330)	 h q[8]
Gate(  331)	tdg q[10]
Gate(  332)	 t q[11]
Gate(  333)	 t q[8]
Gate(  334)	cx q[11], q[10]
Gate(  335)	cx q[10], q[8]
Gate(  336)	tdg q[10]
Gate(  337)	cx q[8], q[11]
Gate(  338)	cx q[10], q[11]
Gate(  339)	tdg q[10]
Gate(  340)	tdg q[11]
Gate(  341)	 t q[8]
Gate(  342)	cx q[10], q[8]
Gate(  343)	 s q[10]
Gate(  344)	cx q[8], q[11]
Gate(  345)	cx q[11], q[10]
Gate(  346)	 h q[8]
Gate(  347)	 h q[9]
Gate(  348)	tdg q[12]
Gate(  349)	 t q[8]
Gate(  350)	 t q[9]
Gate(  351)	cx q[8], q[12]
Gate(  352)	cx q[12], q[9]
Gate(  353)	tdg q[12]
Gate(  354)	cx q[9], q[8]
Gate(  355)	cx q[12], q[8]
Gate(  356)	tdg q[12]
Gate(  357)	tdg q[8]
Gate(  358)	 t q[9]
Gate(  359)	cx q[12], q[9]
Gate(  360)	 s q[12]
Gate(  361)	cx q[9], q[8]
Gate(  362)	cx q[8], q[12]
Gate(  363)	 h q[9]
Gate(  364)	 h q[13]
Gate(  365)	tdg q[0]
Gate(  366)	 t q[9]
Gate(  367)	 t q[13]
Gate(  368)	cx q[9], q[0]
Gate(  369)	cx q[0], q[13]
Gate(  370)	tdg q[0]
Gate(  371)	cx q[13], q[9]
Gate(  372)	cx q[0], q[9]
Gate(  373)	tdg q[0]
Gate(  374)	tdg q[9]
Gate(  375)	 t q[13]
Gate(  376)	cx q[0], q[13]
Gate(  377)	 s q[0]
Gate(  378)	cx q[13], q[9]
Gate(  379)	cx q[9], q[0]
Gate(  380)	 h q[13]
Gate(  381)	 h q[9]
Gate(  382)	tdg q[12]
Gate(  383)	 t q[8]
Gate(  384)	 t q[9]
Gate(  385)	cx q[8], q[12]
Gate(  386)	cx q[12], q[9]
Gate(  387)	tdg q[12]
Gate(  388)	cx q[9], q[8]
Gate(  389)	cx q[12], q[8]
Gate(  390)	tdg q[12]
Gate(  391)	tdg q[8]
Gate(  392)	 t q[9]
Gate(  393)	cx q[12], q[9]
Gate(  394)	 s q[12]
Gate(  395)	cx q[9], q[8]
Gate(  396)	cx q[8], q[12]
Gate(  397)	 h q[9]
Gate(  398)	 h q[8]
Gate(  399)	tdg q[10]
Gate(  400)	 t q[11]
Gate(  401)	 t q[8]
Gate(  402)	cx q[11], q[10]
Gate(  403)	cx q[10], q[8]
Gate(  404)	tdg q[10]
Gate(  405)	cx q[8], q[11]
Gate(  406)	cx q[10], q[11]
Gate(  407)	tdg q[10]
Gate(  408)	tdg q[11]
Gate(  409)	 t q[8]
Gate(  410)	cx q[10], q[8]
Gate(  411)	 s q[10]
Gate(  412)	cx q[8], q[11]
Gate(  413)	cx q[11], q[10]
Gate(  414)	 h q[8]
Gate(  415)	 h q[9]
Gate(  416)	tdg q[12]
Gate(  417)	 t q[8]
Gate(  418)	 t q[9]
Gate(  419)	cx q[8], q[12]
Gate(  420)	cx q[12], q[9]
Gate(  421)	tdg q[12]
Gate(  422)	cx q[9], q[8]
Gate(  423)	cx q[12], q[8]
Gate(  424)	tdg q[12]
Gate(  425)	tdg q[8]
Gate(  426)	 t q[9]
Gate(  427)	cx q[12], q[9]
Gate(  428)	 s q[12]
Gate(  429)	cx q[9], q[8]
Gate(  430)	cx q[8], q[12]
Gate(  431)	 h q[9]
Gate(  432)	 h q[13]
Gate(  433)	 x q[7]
Gate(  434)	 x q[9]
Gate(  435)	 x q[10]
Gate(  436)	 x q[11]
Gate(  437)	 x q[12]
Gate(  438)	 x q[13]
Gate(  439)	cx q[7], q[0]
Gate(  440)	cx q[9], q[1]
Gate(  441)	cx q[11], q[2]
Gate(  442)	cx q[13], q[3]
Gate(  443)	cx q[8], q[4]
Gate(  444)	cx q[9], q[4]
Gate(  445)	cx q[10], q[5]
Gate(  446)	cx q[11], q[5]
Gate(  447)	cx q[12], q[6]
Gate(  448)	cx q[13], q[6]
Gate(  449)	 h q[0]
Gate(  450)	 h q[1]
Gate(  451)	 h q[2]
Gate(  452)	 h q[3]
Gate(  453)	 h q[4]
Gate(  454)	 h q[5]
Gate(  455)	 h q[6]
Gate(  456)	 x q[0]
Gate(  457)	 x q[1]
Gate(  458)	 x q[2]
Gate(  459)	 x q[3]
Gate(  460)	 x q[4]
Gate(  461)	 x q[5]
Gate(  462)	 x q[6]
Gate(  463)	 h q[6]
Gate(  464)	 h q[14]
Gate(  465)	tdg q[2]
Gate(  466)	 t q[6]
Gate(  467)	 t q[14]
Gate(  468)	cx q[6], q[2]
Gate(  469)	cx q[2], q[14]
Gate(  470)	tdg q[2]
Gate(  471)	cx q[14], q[6]
Gate(  472)	cx q[2], q[6]
Gate(  473)	tdg q[2]
Gate(  474)	tdg q[6]
Gate(  475)	 t q[14]
Gate(  476)	cx q[2], q[14]
Gate(  477)	 s q[2]
Gate(  478)	cx q[14], q[6]
Gate(  479)	cx q[6], q[2]
Gate(  480)	 h q[14]
Gate(  481)	 h q[6]
Gate(  482)	tdg q[0]
Gate(  483)	 t q[1]
Gate(  484)	 t q[6]
Gate(  485)	cx q[1], q[0]
Gate(  486)	cx q[0], q[6]
Gate(  487)	tdg q[0]
Gate(  488)	cx q[6], q[1]
Gate(  489)	cx q[0], q[1]
Gate(  490)	tdg q[0]
Gate(  491)	tdg q[1]
Gate(  492)	 t q[6]
Gate(  493)	cx q[0], q[6]
Gate(  494)	 s q[0]
Gate(  495)	cx q[6], q[1]
Gate(  496)	cx q[1], q[0]
Gate(  497)	 h q[6]
Gate(  498)	 h q[14]
Gate(  499)	tdg q[2]
Gate(  500)	 t q[6]
Gate(  501)	 t q[14]
Gate(  502)	cx q[6], q[2]
Gate(  503)	cx q[2], q[14]
Gate(  504)	tdg q[2]
Gate(  505)	cx q[14], q[6]
Gate(  506)	cx q[2], q[6]
Gate(  507)	tdg q[2]
Gate(  508)	tdg q[6]
Gate(  509)	 t q[14]
Gate(  510)	cx q[2], q[14]
Gate(  511)	 s q[2]
Gate(  512)	cx q[14], q[6]
Gate(  513)	cx q[6], q[2]
Gate(  514)	 h q[14]
Gate(  515)	 h q[6]
Gate(  516)	tdg q[0]
Gate(  517)	 t q[1]
Gate(  518)	 t q[6]
Gate(  519)	cx q[1], q[0]
Gate(  520)	cx q[0], q[6]
Gate(  521)	tdg q[0]
Gate(  522)	cx q[6], q[1]
Gate(  523)	cx q[0], q[1]
Gate(  524)	tdg q[0]
Gate(  525)	tdg q[1]
Gate(  526)	 t q[6]
Gate(  527)	cx q[0], q[6]
Gate(  528)	 s q[0]
Gate(  529)	cx q[6], q[1]
Gate(  530)	cx q[1], q[0]
Gate(  531)	 h q[6]
Gate(  532)	 h q[6]
Gate(  533)	tdg q[14]
Gate(  534)	 t q[2]
Gate(  535)	 t q[6]
Gate(  536)	cx q[2], q[14]
Gate(  537)	cx q[14], q[6]
Gate(  538)	tdg q[14]
Gate(  539)	cx q[6], q[2]
Gate(  540)	cx q[14], q[2]
Gate(  541)	tdg q[14]
Gate(  542)	tdg q[2]
Gate(  543)	 t q[6]
Gate(  544)	cx q[14], q[6]
Gate(  545)	 s q[14]
Gate(  546)	cx q[6], q[2]
Gate(  547)	cx q[2], q[14]
Gate(  548)	 h q[6]
Gate(  549)	 h q[2]
Gate(  550)	tdg q[5]
Gate(  551)	 t q[1]
Gate(  552)	 t q[2]
Gate(  553)	cx q[1], q[5]
Gate(  554)	cx q[5], q[2]
Gate(  555)	tdg q[5]
Gate(  556)	cx q[2], q[1]
Gate(  557)	cx q[5], q[1]
Gate(  558)	tdg q[5]
Gate(  559)	tdg q[1]
Gate(  560)	 t q[2]
Gate(  561)	cx q[5], q[2]
Gate(  562)	 s q[5]
Gate(  563)	cx q[2], q[1]
Gate(  564)	cx q[1], q[5]
Gate(  565)	 h q[2]
Gate(  566)	 h q[1]
Gate(  567)	tdg q[3]
Gate(  568)	 t q[4]
Gate(  569)	 t q[1]
Gate(  570)	cx q[4], q[3]
Gate(  571)	cx q[3], q[1]
Gate(  572)	tdg q[3]
Gate(  573)	cx q[1], q[4]
Gate(  574)	cx q[3], q[4]
Gate(  575)	tdg q[3]
Gate(  576)	tdg q[4]
Gate(  577)	 t q[1]
Gate(  578)	cx q[3], q[1]
Gate(  579)	 s q[3]
Gate(  580)	cx q[1], q[4]
Gate(  581)	cx q[4], q[3]
Gate(  582)	 h q[1]
Gate(  583)	 h q[2]
Gate(  584)	tdg q[5]
Gate(  585)	 t q[1]
Gate(  586)	 t q[2]
Gate(  587)	cx q[1], q[5]
Gate(  588)	cx q[5], q[2]
Gate(  589)	tdg q[5]
Gate(  590)	cx q[2], q[1]
Gate(  591)	cx q[5], q[1]
Gate(  592)	tdg q[5]
Gate(  593)	tdg q[1]
Gate(  594)	 t q[2]
Gate(  595)	cx q[5], q[2]
Gate(  596)	 s q[5]
Gate(  597)	cx q[2], q[1]
Gate(  598)	cx q[1], q[5]
Gate(  599)	 h q[2]
Gate(  600)	 h q[6]
Gate(  601)	tdg q[14]
Gate(  602)	 t q[2]
Gate(  603)	 t q[6]
Gate(  604)	cx q[2], q[14]
Gate(  605)	cx q[14], q[6]
Gate(  606)	tdg q[14]
Gate(  607)	cx q[6], q[2]
Gate(  608)	cx q[14], q[2]
Gate(  609)	tdg q[14]
Gate(  610)	tdg q[2]
Gate(  611)	 t q[6]
Gate(  612)	cx q[14], q[6]
Gate(  613)	 s q[14]
Gate(  614)	cx q[6], q[2]
Gate(  615)	cx q[2], q[14]
Gate(  616)	 h q[6]
Gate(  617)	 h q[2]
Gate(  618)	tdg q[5]
Gate(  619)	 t q[1]
Gate(  620)	 t q[2]
Gate(  621)	cx q[1], q[5]
Gate(  622)	cx q[5], q[2]
Gate(  623)	tdg q[5]
Gate(  624)	cx q[2], q[1]
Gate(  625)	cx q[5], q[1]
Gate(  626)	tdg q[5]
Gate(  627)	tdg q[1]
Gate(  628)	 t q[2]
Gate(  629)	cx q[5], q[2]
Gate(  630)	 s q[5]
Gate(  631)	cx q[2], q[1]
Gate(  632)	cx q[1], q[5]
Gate(  633)	 h q[2]
Gate(  634)	 h q[1]
Gate(  635)	tdg q[3]
Gate(  636)	 t q[4]
Gate(  637)	 t q[1]
Gate(  638)	cx q[4], q[3]
Gate(  639)	cx q[3], q[1]
Gate(  640)	tdg q[3]
Gate(  641)	cx q[1], q[4]
Gate(  642)	cx q[3], q[4]
Gate(  643)	tdg q[3]
Gate(  644)	tdg q[4]
Gate(  645)	 t q[1]
Gate(  646)	cx q[3], q[1]
Gate(  647)	 s q[3]
Gate(  648)	cx q[1], q[4]
Gate(  649)	cx q[4], q[3]
Gate(  650)	 h q[1]
Gate(  651)	 h q[2]
Gate(  652)	tdg q[5]
Gate(  653)	 t q[1]
Gate(  654)	 t q[2]
Gate(  655)	cx q[1], q[5]
Gate(  656)	cx q[5], q[2]
Gate(  657)	tdg q[5]
Gate(  658)	cx q[2], q[1]
Gate(  659)	cx q[5], q[1]
Gate(  660)	tdg q[5]
Gate(  661)	tdg q[1]
Gate(  662)	 t q[2]
Gate(  663)	cx q[5], q[2]
Gate(  664)	 s q[5]
Gate(  665)	cx q[2], q[1]
Gate(  666)	cx q[1], q[5]
Gate(  667)	 h q[2]
Gate(  668)	 h q[14]
Gate(  669)	tdg q[2]
Gate(  670)	 t q[6]
Gate(  671)	 t q[14]
Gate(  672)	cx q[6], q[2]
Gate(  673)	cx q[2], q[14]
Gate(  674)	tdg q[2]
Gate(  675)	cx q[14], q[6]
Gate(  676)	cx q[2], q[6]
Gate(  677)	tdg q[2]
Gate(  678)	tdg q[6]
Gate(  679)	 t q[14]
Gate(  680)	cx q[2], q[14]
Gate(  681)	 s q[2]
Gate(  682)	cx q[14], q[6]
Gate(  683)	cx q[6], q[2]
Gate(  684)	 h q[14]
Gate(  685)	 h q[6]
Gate(  686)	tdg q[0]
Gate(  687)	 t q[1]
Gate(  688)	 t q[6]
Gate(  689)	cx q[1], q[0]
Gate(  690)	cx q[0], q[6]
Gate(  691)	tdg q[0]
Gate(  692)	cx q[6], q[1]
Gate(  693)	cx q[0], q[1]
Gate(  694)	tdg q[0]
Gate(  695)	tdg q[1]
Gate(  696)	 t q[6]
Gate(  697)	cx q[0], q[6]
Gate(  698)	 s q[0]
Gate(  699)	cx q[6], q[1]
Gate(  700)	cx q[1], q[0]
Gate(  701)	 h q[6]
Gate(  702)	 h q[14]
Gate(  703)	tdg q[2]
Gate(  704)	 t q[6]
Gate(  705)	 t q[14]
Gate(  706)	cx q[6], q[2]
Gate(  707)	cx q[2], q[14]
Gate(  708)	tdg q[2]
Gate(  709)	cx q[14], q[6]
Gate(  710)	cx q[2], q[6]
Gate(  711)	tdg q[2]
Gate(  712)	tdg q[6]
Gate(  713)	 t q[14]
Gate(  714)	cx q[2], q[14]
Gate(  715)	 s q[2]
Gate(  716)	cx q[14], q[6]
Gate(  717)	cx q[6], q[2]
Gate(  718)	 h q[14]
Gate(  719)	 h q[6]
Gate(  720)	tdg q[0]
Gate(  721)	 t q[1]
Gate(  722)	 t q[6]
Gate(  723)	cx q[1], q[0]
Gate(  724)	cx q[0], q[6]
Gate(  725)	tdg q[0]
Gate(  726)	cx q[6], q[1]
Gate(  727)	cx q[0], q[1]
Gate(  728)	tdg q[0]
Gate(  729)	tdg q[1]
Gate(  730)	 t q[6]
Gate(  731)	cx q[0], q[6]
Gate(  732)	 s q[0]
Gate(  733)	cx q[6], q[1]
Gate(  734)	cx q[1], q[0]
Gate(  735)	 h q[6]
Gate(  736)	 h q[6]
Gate(  737)	tdg q[14]
Gate(  738)	 t q[2]
Gate(  739)	 t q[6]
Gate(  740)	cx q[2], q[14]
Gate(  741)	cx q[14], q[6]
Gate(  742)	tdg q[14]
Gate(  743)	cx q[6], q[2]
Gate(  744)	cx q[14], q[2]
Gate(  745)	tdg q[14]
Gate(  746)	tdg q[2]
Gate(  747)	 t q[6]
Gate(  748)	cx q[14], q[6]
Gate(  749)	 s q[14]
Gate(  750)	cx q[6], q[2]
Gate(  751)	cx q[2], q[14]
Gate(  752)	 h q[6]
Gate(  753)	 h q[2]
Gate(  754)	tdg q[5]
Gate(  755)	 t q[1]
Gate(  756)	 t q[2]
Gate(  757)	cx q[1], q[5]
Gate(  758)	cx q[5], q[2]
Gate(  759)	tdg q[5]
Gate(  760)	cx q[2], q[1]
Gate(  761)	cx q[5], q[1]
Gate(  762)	tdg q[5]
Gate(  763)	tdg q[1]
Gate(  764)	 t q[2]
Gate(  765)	cx q[5], q[2]
Gate(  766)	 s q[5]
Gate(  767)	cx q[2], q[1]
Gate(  768)	cx q[1], q[5]
Gate(  769)	 h q[2]
Gate(  770)	 h q[1]
Gate(  771)	tdg q[3]
Gate(  772)	 t q[4]
Gate(  773)	 t q[1]
Gate(  774)	cx q[4], q[3]
Gate(  775)	cx q[3], q[1]
Gate(  776)	tdg q[3]
Gate(  777)	cx q[1], q[4]
Gate(  778)	cx q[3], q[4]
Gate(  779)	tdg q[3]
Gate(  780)	tdg q[4]
Gate(  781)	 t q[1]
Gate(  782)	cx q[3], q[1]
Gate(  783)	 s q[3]
Gate(  784)	cx q[1], q[4]
Gate(  785)	cx q[4], q[3]
Gate(  786)	 h q[1]
Gate(  787)	 h q[2]
Gate(  788)	tdg q[5]
Gate(  789)	 t q[1]
Gate(  790)	 t q[2]
Gate(  791)	cx q[1], q[5]
Gate(  792)	cx q[5], q[2]
Gate(  793)	tdg q[5]
Gate(  794)	cx q[2], q[1]
Gate(  795)	cx q[5], q[1]
Gate(  796)	tdg q[5]
Gate(  797)	tdg q[1]
Gate(  798)	 t q[2]
Gate(  799)	cx q[5], q[2]
Gate(  800)	 s q[5]
Gate(  801)	cx q[2], q[1]
Gate(  802)	cx q[1], q[5]
Gate(  803)	 h q[2]
Gate(  804)	 h q[6]
Gate(  805)	tdg q[14]
Gate(  806)	 t q[2]
Gate(  807)	 t q[6]
Gate(  808)	cx q[2], q[14]
Gate(  809)	cx q[14], q[6]
Gate(  810)	tdg q[14]
Gate(  811)	cx q[6], q[2]
Gate(  812)	cx q[14], q[2]
Gate(  813)	tdg q[14]
Gate(  814)	tdg q[2]
Gate(  815)	 t q[6]
Gate(  816)	cx q[14], q[6]
Gate(  817)	 s q[14]
Gate(  818)	cx q[6], q[2]
Gate(  819)	cx q[2], q[14]
Gate(  820)	 h q[6]
Gate(  821)	 h q[2]
Gate(  822)	tdg q[5]
Gate(  823)	 t q[1]
Gate(  824)	 t q[2]
Gate(  825)	cx q[1], q[5]
Gate(  826)	cx q[5], q[2]
Gate(  827)	tdg q[5]
Gate(  828)	cx q[2], q[1]
Gate(  829)	cx q[5], q[1]
Gate(  830)	tdg q[5]
Gate(  831)	tdg q[1]
Gate(  832)	 t q[2]
Gate(  833)	cx q[5], q[2]
Gate(  834)	 s q[5]
Gate(  835)	cx q[2], q[1]
Gate(  836)	cx q[1], q[5]
Gate(  837)	 h q[2]
Gate(  838)	 h q[1]
Gate(  839)	tdg q[3]
Gate(  840)	 t q[4]
Gate(  841)	 t q[1]
Gate(  842)	cx q[4], q[3]
Gate(  843)	cx q[3], q[1]
Gate(  844)	tdg q[3]
Gate(  845)	cx q[1], q[4]
Gate(  846)	cx q[3], q[4]
Gate(  847)	tdg q[3]
Gate(  848)	tdg q[4]
Gate(  849)	 t q[1]
Gate(  850)	cx q[3], q[1]
Gate(  851)	 s q[3]
Gate(  852)	cx q[1], q[4]
Gate(  853)	cx q[4], q[3]
Gate(  854)	 h q[1]
Gate(  855)	 h q[2]
Gate(  856)	tdg q[5]
Gate(  857)	 t q[1]
Gate(  858)	 t q[2]
Gate(  859)	cx q[1], q[5]
Gate(  860)	cx q[5], q[2]
Gate(  861)	tdg q[5]
Gate(  862)	cx q[2], q[1]
Gate(  863)	cx q[5], q[1]
Gate(  864)	tdg q[5]
Gate(  865)	tdg q[1]
Gate(  866)	 t q[2]
Gate(  867)	cx q[5], q[2]
Gate(  868)	 s q[5]
Gate(  869)	cx q[2], q[1]
Gate(  870)	cx q[1], q[5]
Gate(  871)	 h q[2]
Gate(  872)	 h q[6]
Gate(  873)	 x q[0]
Gate(  874)	 x q[1]
Gate(  875)	 x q[2]
Gate(  876)	 x q[3]
Gate(  877)	 x q[4]
Gate(  878)	 x q[5]
Gate(  879)	 x q[6]
Gate(  880)	 h q[0]
Gate(  881)	 h q[1]
Gate(  882)	 h q[2]
Gate(  883)	 h q[3]
Gate(  884)	 h q[4]
Gate(  885)	 h q[5]
Gate(  886)	 h q[6]
Gate(  887)	cx q[7], q[0]
Gate(  888)	cx q[9], q[1]
Gate(  889)	cx q[11], q[2]
Gate(  890)	cx q[13], q[3]
Gate(  891)	cx q[8], q[4]
Gate(  892)	cx q[9], q[4]
Gate(  893)	cx q[10], q[5]
Gate(  894)	cx q[11], q[5]
Gate(  895)	cx q[12], q[6]
Gate(  896)	cx q[13], q[6]
Gate(  897)	 x q[7]
Gate(  898)	 x q[9]
Gate(  899)	 x q[10]
Gate(  900)	 x q[11]
Gate(  901)	 x q[12]
Gate(  902)	 x q[13]
Gate(  903)	 h q[13]
Gate(  904)	 h q[0]
Gate(  905)	tdg q[9]
Gate(  906)	 t q[13]
Gate(  907)	 t q[0]
Gate(  908)	cx q[13], q[9]
Gate(  909)	cx q[9], q[0]
Gate(  910)	tdg q[9]
Gate(  911)	cx q[0], q[13]
Gate(  912)	cx q[9], q[13]
Gate(  913)	tdg q[9]
Gate(  914)	tdg q[13]
Gate(  915)	 t q[0]
Gate(  916)	cx q[9], q[0]
Gate(  917)	 s q[9]
Gate(  918)	cx q[0], q[13]
Gate(  919)	cx q[13], q[9]
Gate(  920)	 h q[0]
Gate(  921)	 h q[13]
Gate(  922)	tdg q[7]
Gate(  923)	 t q[8]
Gate(  924)	 t q[13]
Gate(  925)	cx q[8], q[7]
Gate(  926)	cx q[7], q[13]
Gate(  927)	tdg q[7]
Gate(  928)	cx q[13], q[8]
Gate(  929)	cx q[7], q[8]
Gate(  930)	tdg q[7]
Gate(  931)	tdg q[8]
Gate(  932)	 t q[13]
Gate(  933)	cx q[7], q[13]
Gate(  934)	 s q[7]
Gate(  935)	cx q[13], q[8]
Gate(  936)	cx q[8], q[7]
Gate(  937)	 h q[13]
Gate(  938)	 h q[0]
Gate(  939)	tdg q[9]
Gate(  940)	 t q[13]
Gate(  941)	 t q[0]
Gate(  942)	cx q[13], q[9]
Gate(  943)	cx q[9], q[0]
Gate(  944)	tdg q[9]
Gate(  945)	cx q[0], q[13]
Gate(  946)	cx q[9], q[13]
Gate(  947)	tdg q[9]
Gate(  948)	tdg q[13]
Gate(  949)	 t q[0]
Gate(  950)	cx q[9], q[0]
Gate(  951)	 s q[9]
Gate(  952)	cx q[0], q[13]
Gate(  953)	cx q[13], q[9]
Gate(  954)	 h q[0]
Gate(  955)	 h q[13]
Gate(  956)	tdg q[7]
Gate(  957)	 t q[8]
Gate(  958)	 t q[13]
Gate(  959)	cx q[8], q[7]
Gate(  960)	cx q[7], q[13]
Gate(  961)	tdg q[7]
Gate(  962)	cx q[13], q[8]
Gate(  963)	cx q[7], q[8]
Gate(  964)	tdg q[7]
Gate(  965)	tdg q[8]
Gate(  966)	 t q[13]
Gate(  967)	cx q[7], q[13]
Gate(  968)	 s q[7]
Gate(  969)	cx q[13], q[8]
Gate(  970)	cx q[8], q[7]
Gate(  971)	 h q[13]
Gate(  972)	 h q[13]
Gate(  973)	tdg q[0]
Gate(  974)	 t q[9]
Gate(  975)	 t q[13]
Gate(  976)	cx q[9], q[0]
Gate(  977)	cx q[0], q[13]
Gate(  978)	tdg q[0]
Gate(  979)	cx q[13], q[9]
Gate(  980)	cx q[0], q[9]
Gate(  981)	tdg q[0]
Gate(  982)	tdg q[9]
Gate(  983)	 t q[13]
Gate(  984)	cx q[0], q[13]
Gate(  985)	 s q[0]
Gate(  986)	cx q[13], q[9]
Gate(  987)	cx q[9], q[0]
Gate(  988)	 h q[13]
Gate(  989)	 h q[9]
Gate(  990)	tdg q[12]
Gate(  991)	 t q[8]
Gate(  992)	 t q[9]
Gate(  993)	cx q[8], q[12]
Gate(  994)	cx q[12], q[9]
Gate(  995)	tdg q[12]
Gate(  996)	cx q[9], q[8]
Gate(  997)	cx q[12], q[8]
Gate(  998)	tdg q[12]
Gate(  999)	tdg q[8]
Gate( 1000)	 t q[9]
Gate( 1001)	cx q[12], q[9]
Gate( 1002)	 s q[12]
Gate( 1003)	cx q[9], q[8]
Gate( 1004)	cx q[8], q[12]
Gate( 1005)	 h q[9]
Gate( 1006)	 h q[8]
Gate( 1007)	tdg q[10]
Gate( 1008)	 t q[11]
Gate( 1009)	 t q[8]
Gate( 1010)	cx q[11], q[10]
Gate( 1011)	cx q[10], q[8]
Gate( 1012)	tdg q[10]
Gate( 1013)	cx q[8], q[11]
Gate( 1014)	cx q[10], q[11]
Gate( 1015)	tdg q[10]
Gate( 1016)	tdg q[11]
Gate( 1017)	 t q[8]
Gate( 1018)	cx q[10], q[8]
Gate( 1019)	 s q[10]
Gate( 1020)	cx q[8], q[11]
Gate( 1021)	cx q[11], q[10]
Gate( 1022)	 h q[8]
Gate( 1023)	 h q[9]
Gate( 1024)	tdg q[12]
Gate( 1025)	 t q[8]
Gate( 1026)	 t q[9]
Gate( 1027)	cx q[8], q[12]
Gate( 1028)	cx q[12], q[9]
Gate( 1029)	tdg q[12]
Gate( 1030)	cx q[9], q[8]
Gate( 1031)	cx q[12], q[8]
Gate( 1032)	tdg q[12]
Gate( 1033)	tdg q[8]
Gate( 1034)	 t q[9]
Gate( 1035)	cx q[12], q[9]
Gate( 1036)	 s q[12]
Gate( 1037)	cx q[9], q[8]
Gate( 1038)	cx q[8], q[12]
Gate( 1039)	 h q[9]
Gate( 1040)	 h q[13]
Gate( 1041)	tdg q[0]
Gate( 1042)	 t q[9]
Gate( 1043)	 t q[13]
Gate( 1044)	cx q[9], q[0]
Gate( 1045)	cx q[0], q[13]
Gate( 1046)	tdg q[0]
Gate( 1047)	cx q[13], q[9]
Gate( 1048)	cx q[0], q[9]
Gate( 1049)	tdg q[0]
Gate( 1050)	tdg q[9]
Gate( 1051)	 t q[13]
Gate( 1052)	cx q[0], q[13]
Gate( 1053)	 s q[0]
Gate( 1054)	cx q[13], q[9]
Gate( 1055)	cx q[9], q[0]
Gate( 1056)	 h q[13]
Gate( 1057)	 h q[9]
Gate( 1058)	tdg q[12]
Gate( 1059)	 t q[8]
Gate( 1060)	 t q[9]
Gate( 1061)	cx q[8], q[12]
Gate( 1062)	cx q[12], q[9]
Gate( 1063)	tdg q[12]
Gate( 1064)	cx q[9], q[8]
Gate( 1065)	cx q[12], q[8]
Gate( 1066)	tdg q[12]
Gate( 1067)	tdg q[8]
Gate( 1068)	 t q[9]
Gate( 1069)	cx q[12], q[9]
Gate( 1070)	 s q[12]
Gate( 1071)	cx q[9], q[8]
Gate( 1072)	cx q[8], q[12]
Gate( 1073)	 h q[9]
Gate( 1074)	 h q[8]
Gate( 1075)	tdg q[10]
Gate( 1076)	 t q[11]
Gate( 1077)	 t q[8]
Gate( 1078)	cx q[11], q[10]
Gate( 1079)	cx q[10], q[8]
Gate( 1080)	tdg q[10]
Gate( 1081)	cx q[8], q[11]
Gate( 1082)	cx q[10], q[11]
Gate( 1083)	tdg q[10]
Gate( 1084)	tdg q[11]
Gate( 1085)	 t q[8]
Gate( 1086)	cx q[10], q[8]
Gate( 1087)	 s q[10]
Gate( 1088)	cx q[8], q[11]
Gate( 1089)	cx q[11], q[10]
Gate( 1090)	 h q[8]
Gate( 1091)	 h q[9]
Gate( 1092)	tdg q[12]
Gate( 1093)	 t q[8]
Gate( 1094)	 t q[9]
Gate( 1095)	cx q[8], q[12]
Gate( 1096)	cx q[12], q[9]
Gate( 1097)	tdg q[12]
Gate( 1098)	cx q[9], q[8]
Gate( 1099)	cx q[12], q[8]
Gate( 1100)	tdg q[12]
Gate( 1101)	tdg q[8]
Gate( 1102)	 t q[9]
Gate( 1103)	cx q[12], q[9]
Gate( 1104)	 s q[12]
Gate( 1105)	cx q[9], q[8]
Gate( 1106)	cx q[8], q[12]
Gate( 1107)	 h q[9]
Gate( 1108)	 h q[0]
Gate( 1109)	tdg q[9]
Gate( 1110)	 t q[13]
Gate( 1111)	 t q[0]
Gate( 1112)	cx q[13], q[9]
Gate( 1113)	cx q[9], q[0]
Gate( 1114)	tdg q[9]
Gate( 1115)	cx q[0], q[13]
Gate( 1116)	cx q[9], q[13]
Gate( 1117)	tdg q[9]
Gate( 1118)	tdg q[13]
Gate( 1119)	 t q[0]
Gate( 1120)	cx q[9], q[0]
Gate( 1121)	 s q[9]
Gate( 1122)	cx q[0], q[13]
Gate( 1123)	cx q[13], q[9]
Gate( 1124)	 h q[0]
Gate( 1125)	 h q[13]
Gate( 1126)	tdg q[7]
Gate( 1127)	 t q[8]
Gate( 1128)	 t q[13]
Gate( 1129)	cx q[8], q[7]
Gate( 1130)	cx q[7], q[13]
Gate( 1131)	tdg q[7]
Gate( 1132)	cx q[13], q[8]
Gate( 1133)	cx q[7], q[8]
Gate( 1134)	tdg q[7]
Gate( 1135)	tdg q[8]
Gate( 1136)	 t q[13]
Gate( 1137)	cx q[7], q[13]
Gate( 1138)	 s q[7]
Gate( 1139)	cx q[13], q[8]
Gate( 1140)	cx q[8], q[7]
Gate( 1141)	 h q[13]
Gate( 1142)	 h q[0]
Gate( 1143)	tdg q[9]
Gate( 1144)	 t q[13]
Gate( 1145)	 t q[0]
Gate( 1146)	cx q[13], q[9]
Gate( 1147)	cx q[9], q[0]
Gate( 1148)	tdg q[9]
Gate( 1149)	cx q[0], q[13]
Gate( 1150)	cx q[9], q[13]
Gate( 1151)	tdg q[9]
Gate( 1152)	tdg q[13]
Gate( 1153)	 t q[0]
Gate( 1154)	cx q[9], q[0]
Gate( 1155)	 s q[9]
Gate( 1156)	cx q[0], q[13]
Gate( 1157)	cx q[13], q[9]
Gate( 1158)	 h q[0]
Gate( 1159)	 h q[13]
Gate( 1160)	tdg q[7]
Gate( 1161)	 t q[8]
Gate( 1162)	 t q[13]
Gate( 1163)	cx q[8], q[7]
Gate( 1164)	cx q[7], q[13]
Gate( 1165)	tdg q[7]
Gate( 1166)	cx q[13], q[8]
Gate( 1167)	cx q[7], q[8]
Gate( 1168)	tdg q[7]
Gate( 1169)	tdg q[8]
Gate( 1170)	 t q[13]
Gate( 1171)	cx q[7], q[13]
Gate( 1172)	 s q[7]
Gate( 1173)	cx q[13], q[8]
Gate( 1174)	cx q[8], q[7]
Gate( 1175)	 h q[13]
Gate( 1176)	 h q[13]
Gate( 1177)	tdg q[0]
Gate( 1178)	 t q[9]
Gate( 1179)	 t q[13]
Gate( 1180)	cx q[9], q[0]
Gate( 1181)	cx q[0], q[13]
Gate( 1182)	tdg q[0]
Gate( 1183)	cx q[13], q[9]
Gate( 1184)	cx q[0], q[9]
Gate( 1185)	tdg q[0]
Gate( 1186)	tdg q[9]
Gate( 1187)	 t q[13]
Gate( 1188)	cx q[0], q[13]
Gate( 1189)	 s q[0]
Gate( 1190)	cx q[13], q[9]
Gate( 1191)	cx q[9], q[0]
Gate( 1192)	 h q[13]
Gate( 1193)	 h q[9]
Gate( 1194)	tdg q[12]
Gate( 1195)	 t q[8]
Gate( 1196)	 t q[9]
Gate( 1197)	cx q[8], q[12]
Gate( 1198)	cx q[12], q[9]
Gate( 1199)	tdg q[12]
Gate( 1200)	cx q[9], q[8]
Gate( 1201)	cx q[12], q[8]
Gate( 1202)	tdg q[12]
Gate( 1203)	tdg q[8]
Gate( 1204)	 t q[9]
Gate( 1205)	cx q[12], q[9]
Gate( 1206)	 s q[12]
Gate( 1207)	cx q[9], q[8]
Gate( 1208)	cx q[8], q[12]
Gate( 1209)	 h q[9]
Gate( 1210)	 h q[8]
Gate( 1211)	tdg q[10]
Gate( 1212)	 t q[11]
Gate( 1213)	 t q[8]
Gate( 1214)	cx q[11], q[10]
Gate( 1215)	cx q[10], q[8]
Gate( 1216)	tdg q[10]
Gate( 1217)	cx q[8], q[11]
Gate( 1218)	cx q[10], q[11]
Gate( 1219)	tdg q[10]
Gate( 1220)	tdg q[11]
Gate( 1221)	 t q[8]
Gate( 1222)	cx q[10], q[8]
Gate( 1223)	 s q[10]
Gate( 1224)	cx q[8], q[11]
Gate( 1225)	cx q[11], q[10]
Gate( 1226)	 h q[8]
Gate( 1227)	 h q[9]
Gate( 1228)	tdg q[12]
Gate( 1229)	 t q[8]
Gate( 1230)	 t q[9]
Gate( 1231)	cx q[8], q[12]
Gate( 1232)	cx q[12], q[9]
Gate( 1233)	tdg q[12]
Gate( 1234)	cx q[9], q[8]
Gate( 1235)	cx q[12], q[8]
Gate( 1236)	tdg q[12]
Gate( 1237)	tdg q[8]
Gate( 1238)	 t q[9]
Gate( 1239)	cx q[12], q[9]
Gate( 1240)	 s q[12]
Gate( 1241)	cx q[9], q[8]
Gate( 1242)	cx q[8], q[12]
Gate( 1243)	 h q[9]
Gate( 1244)	 h q[13]
Gate( 1245)	tdg q[0]
Gate( 1246)	 t q[9]
Gate( 1247)	 t q[13]
Gate( 1248)	cx q[9], q[0]
Gate( 1249)	cx q[0], q[13]
Gate( 1250)	tdg q[0]
Gate( 1251)	cx q[13], q[9]
Gate( 1252)	cx q[0], q[9]
Gate( 1253)	tdg q[0]
Gate( 1254)	tdg q[9]
Gate( 1255)	 t q[13]
Gate( 1256)	cx q[0], q[13]
Gate( 1257)	 s q[0]
Gate( 1258)	cx q[13], q[9]
Gate( 1259)	cx q[9], q[0]
Gate( 1260)	 h q[13]
Gate( 1261)	 h q[9]
Gate( 1262)	tdg q[12]
Gate( 1263)	 t q[8]
Gate( 1264)	 t q[9]
Gate( 1265)	cx q[8], q[12]
Gate( 1266)	cx q[12], q[9]
Gate( 1267)	tdg q[12]
Gate( 1268)	cx q[9], q[8]
Gate( 1269)	cx q[12], q[8]
Gate( 1270)	tdg q[12]
Gate( 1271)	tdg q[8]
Gate( 1272)	 t q[9]
Gate( 1273)	cx q[12], q[9]
Gate( 1274)	 s q[12]
Gate( 1275)	cx q[9], q[8]
Gate( 1276)	cx q[8], q[12]
Gate( 1277)	 h q[9]
Gate( 1278)	 h q[8]
Gate( 1279)	tdg q[10]
Gate( 1280)	 t q[11]
Gate( 1281)	 t q[8]
Gate( 1282)	cx q[11], q[10]
Gate( 1283)	cx q[10], q[8]
Gate( 1284)	tdg q[10]
Gate( 1285)	cx q[8], q[11]
Gate( 1286)	cx q[10], q[11]
Gate( 1287)	tdg q[10]
Gate( 1288)	tdg q[11]
Gate( 1289)	 t q[8]
Gate( 1290)	cx q[10], q[8]
Gate( 1291)	 s q[10]
Gate( 1292)	cx q[8], q[11]
Gate( 1293)	cx q[11], q[10]
Gate( 1294)	 h q[8]
Gate( 1295)	 h q[9]
Gate( 1296)	tdg q[12]
Gate( 1297)	 t q[8]
Gate( 1298)	 t q[9]
Gate( 1299)	cx q[8], q[12]
Gate( 1300)	cx q[12], q[9]
Gate( 1301)	tdg q[12]
Gate( 1302)	cx q[9], q[8]
Gate( 1303)	cx q[12], q[8]
Gate( 1304)	tdg q[12]
Gate( 1305)	tdg q[8]
Gate( 1306)	 t q[9]
Gate( 1307)	cx q[12], q[9]
Gate( 1308)	 s q[12]
Gate( 1309)	cx q[9], q[8]
Gate( 1310)	cx q[8], q[12]
Gate( 1311)	 h q[9]
Gate( 1312)	 h q[13]
Gate( 1313)	 x q[7]
Gate( 1314)	 x q[9]
Gate( 1315)	 x q[10]
Gate( 1316)	 x q[11]
Gate( 1317)	 x q[12]
Gate( 1318)	 x q[13]
Gate( 1319)	cx q[7], q[0]
Gate( 1320)	cx q[9], q[1]
Gate( 1321)	cx q[11], q[2]
Gate( 1322)	cx q[13], q[3]
Gate( 1323)	cx q[8], q[4]
Gate( 1324)	cx q[9], q[4]
Gate( 1325)	cx q[10], q[5]
Gate( 1326)	cx q[11], q[5]
Gate( 1327)	cx q[12], q[6]
Gate( 1328)	cx q[13], q[6]
Gate( 1329)	 h q[0]
Gate( 1330)	 h q[1]
Gate( 1331)	 h q[2]
Gate( 1332)	 h q[3]
Gate( 1333)	 h q[4]
Gate( 1334)	 h q[5]
Gate( 1335)	 h q[6]
Gate( 1336)	 x q[0]
Gate( 1337)	 x q[1]
Gate( 1338)	 x q[2]
Gate( 1339)	 x q[3]
Gate( 1340)	 x q[4]
Gate( 1341)	 x q[5]
Gate( 1342)	 x q[6]
Gate( 1343)	 h q[6]
Gate( 1344)	 h q[14]
Gate( 1345)	tdg q[2]
Gate( 1346)	 t q[6]
Gate( 1347)	 t q[14]
Gate( 1348)	cx q[6], q[2]
Gate( 1349)	cx q[2], q[14]
Gate( 1350)	tdg q[2]
Gate( 1351)	cx q[14], q[6]
Gate( 1352)	cx q[2], q[6]
Gate( 1353)	tdg q[2]
Gate( 1354)	tdg q[6]
Gate( 1355)	 t q[14]
Gate( 1356)	cx q[2], q[14]
Gate( 1357)	 s q[2]
Gate( 1358)	cx q[14], q[6]
Gate( 1359)	cx q[6], q[2]
Gate( 1360)	 h q[14]
Gate( 1361)	 h q[6]
Gate( 1362)	tdg q[0]
Gate( 1363)	 t q[1]
Gate( 1364)	 t q[6]
Gate( 1365)	cx q[1], q[0]
Gate( 1366)	cx q[0], q[6]
Gate( 1367)	tdg q[0]
Gate( 1368)	cx q[6], q[1]
Gate( 1369)	cx q[0], q[1]
Gate( 1370)	tdg q[0]
Gate( 1371)	tdg q[1]
Gate( 1372)	 t q[6]
Gate( 1373)	cx q[0], q[6]
Gate( 1374)	 s q[0]
Gate( 1375)	cx q[6], q[1]
Gate( 1376)	cx q[1], q[0]
Gate( 1377)	 h q[6]
Gate( 1378)	 h q[14]
Gate( 1379)	tdg q[2]
Gate( 1380)	 t q[6]
Gate( 1381)	 t q[14]
Gate( 1382)	cx q[6], q[2]
Gate( 1383)	cx q[2], q[14]
Gate( 1384)	tdg q[2]
Gate( 1385)	cx q[14], q[6]
Gate( 1386)	cx q[2], q[6]
Gate( 1387)	tdg q[2]
Gate( 1388)	tdg q[6]
Gate( 1389)	 t q[14]
Gate( 1390)	cx q[2], q[14]
Gate( 1391)	 s q[2]
Gate( 1392)	cx q[14], q[6]
Gate( 1393)	cx q[6], q[2]
Gate( 1394)	 h q[14]
Gate( 1395)	 h q[6]
Gate( 1396)	tdg q[0]
Gate( 1397)	 t q[1]
Gate( 1398)	 t q[6]
Gate( 1399)	cx q[1], q[0]
Gate( 1400)	cx q[0], q[6]
Gate( 1401)	tdg q[0]
Gate( 1402)	cx q[6], q[1]
Gate( 1403)	cx q[0], q[1]
Gate( 1404)	tdg q[0]
Gate( 1405)	tdg q[1]
Gate( 1406)	 t q[6]
Gate( 1407)	cx q[0], q[6]
Gate( 1408)	 s q[0]
Gate( 1409)	cx q[6], q[1]
Gate( 1410)	cx q[1], q[0]
Gate( 1411)	 h q[6]
Gate( 1412)	 h q[6]
Gate( 1413)	tdg q[14]
Gate( 1414)	 t q[2]
Gate( 1415)	 t q[6]
Gate( 1416)	cx q[2], q[14]
Gate( 1417)	cx q[14], q[6]
Gate( 1418)	tdg q[14]
Gate( 1419)	cx q[6], q[2]
Gate( 1420)	cx q[14], q[2]
Gate( 1421)	tdg q[14]
Gate( 1422)	tdg q[2]
Gate( 1423)	 t q[6]
Gate( 1424)	cx q[14], q[6]
Gate( 1425)	 s q[14]
Gate( 1426)	cx q[6], q[2]
Gate( 1427)	cx q[2], q[14]
Gate( 1428)	 h q[6]
Gate( 1429)	 h q[2]
Gate( 1430)	tdg q[5]
Gate( 1431)	 t q[1]
Gate( 1432)	 t q[2]
Gate( 1433)	cx q[1], q[5]
Gate( 1434)	cx q[5], q[2]
Gate( 1435)	tdg q[5]
Gate( 1436)	cx q[2], q[1]
Gate( 1437)	cx q[5], q[1]
Gate( 1438)	tdg q[5]
Gate( 1439)	tdg q[1]
Gate( 1440)	 t q[2]
Gate( 1441)	cx q[5], q[2]
Gate( 1442)	 s q[5]
Gate( 1443)	cx q[2], q[1]
Gate( 1444)	cx q[1], q[5]
Gate( 1445)	 h q[2]
Gate( 1446)	 h q[1]
Gate( 1447)	tdg q[3]
Gate( 1448)	 t q[4]
Gate( 1449)	 t q[1]
Gate( 1450)	cx q[4], q[3]
Gate( 1451)	cx q[3], q[1]
Gate( 1452)	tdg q[3]
Gate( 1453)	cx q[1], q[4]
Gate( 1454)	cx q[3], q[4]
Gate( 1455)	tdg q[3]
Gate( 1456)	tdg q[4]
Gate( 1457)	 t q[1]
Gate( 1458)	cx q[3], q[1]
Gate( 1459)	 s q[3]
Gate( 1460)	cx q[1], q[4]
Gate( 1461)	cx q[4], q[3]
Gate( 1462)	 h q[1]
Gate( 1463)	 h q[2]
Gate( 1464)	tdg q[5]
Gate( 1465)	 t q[1]
Gate( 1466)	 t q[2]
Gate( 1467)	cx q[1], q[5]
Gate( 1468)	cx q[5], q[2]
Gate( 1469)	tdg q[5]
Gate( 1470)	cx q[2], q[1]
Gate( 1471)	cx q[5], q[1]
Gate( 1472)	tdg q[5]
Gate( 1473)	tdg q[1]
Gate( 1474)	 t q[2]
Gate( 1475)	cx q[5], q[2]
Gate( 1476)	 s q[5]
Gate( 1477)	cx q[2], q[1]
Gate( 1478)	cx q[1], q[5]
Gate( 1479)	 h q[2]
Gate( 1480)	 h q[6]
Gate( 1481)	tdg q[14]
Gate( 1482)	 t q[2]
Gate( 1483)	 t q[6]
Gate( 1484)	cx q[2], q[14]
Gate( 1485)	cx q[14], q[6]
Gate( 1486)	tdg q[14]
Gate( 1487)	cx q[6], q[2]
Gate( 1488)	cx q[14], q[2]
Gate( 1489)	tdg q[14]
Gate( 1490)	tdg q[2]
Gate( 1491)	 t q[6]
Gate( 1492)	cx q[14], q[6]
Gate( 1493)	 s q[14]
Gate( 1494)	cx q[6], q[2]
Gate( 1495)	cx q[2], q[14]
Gate( 1496)	 h q[6]
Gate( 1497)	 h q[2]
Gate( 1498)	tdg q[5]
Gate( 1499)	 t q[1]
Gate( 1500)	 t q[2]
Gate( 1501)	cx q[1], q[5]
Gate( 1502)	cx q[5], q[2]
Gate( 1503)	tdg q[5]
Gate( 1504)	cx q[2], q[1]
Gate( 1505)	cx q[5], q[1]
Gate( 1506)	tdg q[5]
Gate( 1507)	tdg q[1]
Gate( 1508)	 t q[2]
Gate( 1509)	cx q[5], q[2]
Gate( 1510)	 s q[5]
Gate( 1511)	cx q[2], q[1]
Gate( 1512)	cx q[1], q[5]
Gate( 1513)	 h q[2]
Gate( 1514)	 h q[1]
Gate( 1515)	tdg q[3]
Gate( 1516)	 t q[4]
Gate( 1517)	 t q[1]
Gate( 1518)	cx q[4], q[3]
Gate( 1519)	cx q[3], q[1]
Gate( 1520)	tdg q[3]
Gate( 1521)	cx q[1], q[4]
Gate( 1522)	cx q[3], q[4]
Gate( 1523)	tdg q[3]
Gate( 1524)	tdg q[4]
Gate( 1525)	 t q[1]
Gate( 1526)	cx q[3], q[1]
Gate( 1527)	 s q[3]
Gate( 1528)	cx q[1], q[4]
Gate( 1529)	cx q[4], q[3]
Gate( 1530)	 h q[1]
Gate( 1531)	 h q[2]
Gate( 1532)	tdg q[5]
Gate( 1533)	 t q[1]
Gate( 1534)	 t q[2]
Gate( 1535)	cx q[1], q[5]
Gate( 1536)	cx q[5], q[2]
Gate( 1537)	tdg q[5]
Gate( 1538)	cx q[2], q[1]
Gate( 1539)	cx q[5], q[1]
Gate( 1540)	tdg q[5]
Gate( 1541)	tdg q[1]
Gate( 1542)	 t q[2]
Gate( 1543)	cx q[5], q[2]
Gate( 1544)	 s q[5]
Gate( 1545)	cx q[2], q[1]
Gate( 1546)	cx q[1], q[5]
Gate( 1547)	 h q[2]
Gate( 1548)	 h q[14]
Gate( 1549)	tdg q[2]
Gate( 1550)	 t q[6]
Gate( 1551)	 t q[14]
Gate( 1552)	cx q[6], q[2]
Gate( 1553)	cx q[2], q[14]
Gate( 1554)	tdg q[2]
Gate( 1555)	cx q[14], q[6]
Gate( 1556)	cx q[2], q[6]
Gate( 1557)	tdg q[2]
Gate( 1558)	tdg q[6]
Gate( 1559)	 t q[14]
Gate( 1560)	cx q[2], q[14]
Gate( 1561)	 s q[2]
Gate( 1562)	cx q[14], q[6]
Gate( 1563)	cx q[6], q[2]
Gate( 1564)	 h q[14]
Gate( 1565)	 h q[6]
Gate( 1566)	tdg q[0]
Gate( 1567)	 t q[1]
Gate( 1568)	 t q[6]
Gate( 1569)	cx q[1], q[0]
Gate( 1570)	cx q[0], q[6]
Gate( 1571)	tdg q[0]
Gate( 1572)	cx q[6], q[1]
Gate( 1573)	cx q[0], q[1]
Gate( 1574)	tdg q[0]
Gate( 1575)	tdg q[1]
Gate( 1576)	 t q[6]
Gate( 1577)	cx q[0], q[6]
Gate( 1578)	 s q[0]
Gate( 1579)	cx q[6], q[1]
Gate( 1580)	cx q[1], q[0]
Gate( 1581)	 h q[6]
Gate( 1582)	 h q[14]
Gate( 1583)	tdg q[2]
Gate( 1584)	 t q[6]
Gate( 1585)	 t q[14]
Gate( 1586)	cx q[6], q[2]
Gate( 1587)	cx q[2], q[14]
Gate( 1588)	tdg q[2]
Gate( 1589)	cx q[14], q[6]
Gate( 1590)	cx q[2], q[6]
Gate( 1591)	tdg q[2]
Gate( 1592)	tdg q[6]
Gate( 1593)	 t q[14]
Gate( 1594)	cx q[2], q[14]
Gate( 1595)	 s q[2]
Gate( 1596)	cx q[14], q[6]
Gate( 1597)	cx q[6], q[2]
Gate( 1598)	 h q[14]
Gate( 1599)	 h q[6]
Gate( 1600)	tdg q[0]
Gate( 1601)	 t q[1]
Gate( 1602)	 t q[6]
Gate( 1603)	cx q[1], q[0]
Gate( 1604)	cx q[0], q[6]
Gate( 1605)	tdg q[0]
Gate( 1606)	cx q[6], q[1]
Gate( 1607)	cx q[0], q[1]
Gate( 1608)	tdg q[0]
Gate( 1609)	tdg q[1]
Gate( 1610)	 t q[6]
Gate( 1611)	cx q[0], q[6]
Gate( 1612)	 s q[0]
Gate( 1613)	cx q[6], q[1]
Gate( 1614)	cx q[1], q[0]
Gate( 1615)	 h q[6]
Gate( 1616)	 h q[6]
Gate( 1617)	tdg q[14]
Gate( 1618)	 t q[2]
Gate( 1619)	 t q[6]
Gate( 1620)	cx q[2], q[14]
Gate( 1621)	cx q[14], q[6]
Gate( 1622)	tdg q[14]
Gate( 1623)	cx q[6], q[2]
Gate( 1624)	cx q[14], q[2]
Gate( 1625)	tdg q[14]
Gate( 1626)	tdg q[2]
Gate( 1627)	 t q[6]
Gate( 1628)	cx q[14], q[6]
Gate( 1629)	 s q[14]
Gate( 1630)	cx q[6], q[2]
Gate( 1631)	cx q[2], q[14]
Gate( 1632)	 h q[6]
Gate( 1633)	 h q[2]
Gate( 1634)	tdg q[5]
Gate( 1635)	 t q[1]
Gate( 1636)	 t q[2]
Gate( 1637)	cx q[1], q[5]
Gate( 1638)	cx q[5], q[2]
Gate( 1639)	tdg q[5]
Gate( 1640)	cx q[2], q[1]
Gate( 1641)	cx q[5], q[1]
Gate( 1642)	tdg q[5]
Gate( 1643)	tdg q[1]
Gate( 1644)	 t q[2]
Gate( 1645)	cx q[5], q[2]
Gate( 1646)	 s q[5]
Gate( 1647)	cx q[2], q[1]
Gate( 1648)	cx q[1], q[5]
Gate( 1649)	 h q[2]
Gate( 1650)	 h q[1]
Gate( 1651)	tdg q[3]
Gate( 1652)	 t q[4]
Gate( 1653)	 t q[1]
Gate( 1654)	cx q[4], q[3]
Gate( 1655)	cx q[3], q[1]
Gate( 1656)	tdg q[3]
Gate( 1657)	cx q[1], q[4]
Gate( 1658)	cx q[3], q[4]
Gate( 1659)	tdg q[3]
Gate( 1660)	tdg q[4]
Gate( 1661)	 t q[1]
Gate( 1662)	cx q[3], q[1]
Gate( 1663)	 s q[3]
Gate( 1664)	cx q[1], q[4]
Gate( 1665)	cx q[4], q[3]
Gate( 1666)	 h q[1]
Gate( 1667)	 h q[2]
Gate( 1668)	tdg q[5]
Gate( 1669)	 t q[1]
Gate( 1670)	 t q[2]
Gate( 1671)	cx q[1], q[5]
Gate( 1672)	cx q[5], q[2]
Gate( 1673)	tdg q[5]
Gate( 1674)	cx q[2], q[1]
Gate( 1675)	cx q[5], q[1]
Gate( 1676)	tdg q[5]
Gate( 1677)	tdg q[1]
Gate( 1678)	 t q[2]
Gate( 1679)	cx q[5], q[2]
Gate( 1680)	 s q[5]
Gate( 1681)	cx q[2], q[1]
Gate( 1682)	cx q[1], q[5]
Gate( 1683)	 h q[2]
Gate( 1684)	 h q[6]
Gate( 1685)	tdg q[14]
Gate( 1686)	 t q[2]
Gate( 1687)	 t q[6]
Gate( 1688)	cx q[2], q[14]
Gate( 1689)	cx q[14], q[6]
Gate( 1690)	tdg q[14]
Gate( 1691)	cx q[6], q[2]
Gate( 1692)	cx q[14], q[2]
Gate( 1693)	tdg q[14]
Gate( 1694)	tdg q[2]
Gate( 1695)	 t q[6]
Gate( 1696)	cx q[14], q[6]
Gate( 1697)	 s q[14]
Gate( 1698)	cx q[6], q[2]
Gate( 1699)	cx q[2], q[14]
Gate( 1700)	 h q[6]
Gate( 1701)	 h q[2]
Gate( 1702)	tdg q[5]
Gate( 1703)	 t q[1]
Gate( 1704)	 t q[2]
Gate( 1705)	cx q[1], q[5]
Gate( 1706)	cx q[5], q[2]
Gate( 1707)	tdg q[5]
Gate( 1708)	cx q[2], q[1]
Gate( 1709)	cx q[5], q[1]
Gate( 1710)	tdg q[5]
Gate( 1711)	tdg q[1]
Gate( 1712)	 t q[2]
Gate( 1713)	cx q[5], q[2]
Gate( 1714)	 s q[5]
Gate( 1715)	cx q[2], q[1]
Gate( 1716)	cx q[1], q[5]
Gate( 1717)	 h q[2]
Gate( 1718)	 h q[1]
Gate( 1719)	tdg q[3]
Gate( 1720)	 t q[4]
Gate( 1721)	 t q[1]
Gate( 1722)	cx q[4], q[3]
Gate( 1723)	cx q[3], q[1]
Gate( 1724)	tdg q[3]
Gate( 1725)	cx q[1], q[4]
Gate( 1726)	cx q[3], q[4]
Gate( 1727)	tdg q[3]
Gate( 1728)	tdg q[4]
Gate( 1729)	 t q[1]
Gate( 1730)	cx q[3], q[1]
Gate( 1731)	 s q[3]
Gate( 1732)	cx q[1], q[4]
Gate( 1733)	cx q[4], q[3]
Gate( 1734)	 h q[1]
Gate( 1735)	 h q[2]
Gate( 1736)	tdg q[5]
Gate( 1737)	 t q[1]
Gate( 1738)	 t q[2]
Gate( 1739)	cx q[1], q[5]
Gate( 1740)	cx q[5], q[2]
Gate( 1741)	tdg q[5]
Gate( 1742)	cx q[2], q[1]
Gate( 1743)	cx q[5], q[1]
Gate( 1744)	tdg q[5]
Gate( 1745)	tdg q[1]
Gate( 1746)	 t q[2]
Gate( 1747)	cx q[5], q[2]
Gate( 1748)	 s q[5]
Gate( 1749)	cx q[2], q[1]
Gate( 1750)	cx q[1], q[5]
Gate( 1751)	 h q[2]
Gate( 1752)	 h q[6]
Gate( 1753)	 x q[0]
Gate( 1754)	 x q[1]
Gate( 1755)	 x q[2]
Gate( 1756)	 x q[3]
Gate( 1757)	 x q[4]
Gate( 1758)	 x q[5]
Gate( 1759)	 x q[6]
Gate( 1760)	 h q[0]
Gate( 1761)	 h q[1]
Gate( 1762)	 h q[2]
Gate( 1763)	 h q[3]
Gate( 1764)	 h q[4]
Gate( 1765)	 h q[5]
Gate( 1766)	 h q[6]
Gate( 1767)	cx q[7], q[0]
Gate( 1768)	cx q[9], q[1]
Gate( 1769)	cx q[11], q[2]
Gate( 1770)	cx q[13], q[3]
Gate( 1771)	cx q[8], q[4]
Gate( 1772)	cx q[9], q[4]
Gate( 1773)	cx q[10], q[5]
Gate( 1774)	cx q[11], q[5]
Gate( 1775)	cx q[12], q[6]
Gate( 1776)	cx q[13], q[6]
Gate( 1777)	 x q[7]
Gate( 1778)	 x q[9]
Gate( 1779)	 x q[10]
Gate( 1780)	 x q[11]
Gate( 1781)	 x q[12]
Gate( 1782)	 x q[13]
Gate( 1783)	 h q[13]
Gate( 1784)	 h q[0]
Gate( 1785)	tdg q[9]
Gate( 1786)	 t q[13]
Gate( 1787)	 t q[0]
Gate( 1788)	cx q[13], q[9]
Gate( 1789)	cx q[9], q[0]
Gate( 1790)	tdg q[9]
Gate( 1791)	cx q[0], q[13]
Gate( 1792)	cx q[9], q[13]
Gate( 1793)	tdg q[9]
Gate( 1794)	tdg q[13]
Gate( 1795)	 t q[0]
Gate( 1796)	cx q[9], q[0]
Gate( 1797)	 s q[9]
Gate( 1798)	cx q[0], q[13]
Gate( 1799)	cx q[13], q[9]
Gate( 1800)	 h q[0]
Gate( 1801)	 h q[13]
Gate( 1802)	tdg q[7]
Gate( 1803)	 t q[8]
Gate( 1804)	 t q[13]
Gate( 1805)	cx q[8], q[7]
Gate( 1806)	cx q[7], q[13]
Gate( 1807)	tdg q[7]
Gate( 1808)	cx q[13], q[8]
Gate( 1809)	cx q[7], q[8]
Gate( 1810)	tdg q[7]
Gate( 1811)	tdg q[8]
Gate( 1812)	 t q[13]
Gate( 1813)	cx q[7], q[13]
Gate( 1814)	 s q[7]
Gate( 1815)	cx q[13], q[8]
Gate( 1816)	cx q[8], q[7]
Gate( 1817)	 h q[13]
Gate( 1818)	 h q[0]
Gate( 1819)	tdg q[9]
Gate( 1820)	 t q[13]
Gate( 1821)	 t q[0]
Gate( 1822)	cx q[13], q[9]
Gate( 1823)	cx q[9], q[0]
Gate( 1824)	tdg q[9]
Gate( 1825)	cx q[0], q[13]
Gate( 1826)	cx q[9], q[13]
Gate( 1827)	tdg q[9]
Gate( 1828)	tdg q[13]
Gate( 1829)	 t q[0]
Gate( 1830)	cx q[9], q[0]
Gate( 1831)	 s q[9]
Gate( 1832)	cx q[0], q[13]
Gate( 1833)	cx q[13], q[9]
Gate( 1834)	 h q[0]
Gate( 1835)	 h q[13]
Gate( 1836)	tdg q[7]
Gate( 1837)	 t q[8]
Gate( 1838)	 t q[13]
Gate( 1839)	cx q[8], q[7]
Gate( 1840)	cx q[7], q[13]
Gate( 1841)	tdg q[7]
Gate( 1842)	cx q[13], q[8]
Gate( 1843)	cx q[7], q[8]
Gate( 1844)	tdg q[7]
Gate( 1845)	tdg q[8]
Gate( 1846)	 t q[13]
Gate( 1847)	cx q[7], q[13]
Gate( 1848)	 s q[7]
Gate( 1849)	cx q[13], q[8]
Gate( 1850)	cx q[8], q[7]
Gate( 1851)	 h q[13]
Gate( 1852)	 h q[13]
Gate( 1853)	tdg q[0]
Gate( 1854)	 t q[9]
Gate( 1855)	 t q[13]
Gate( 1856)	cx q[9], q[0]
Gate( 1857)	cx q[0], q[13]
Gate( 1858)	tdg q[0]
Gate( 1859)	cx q[13], q[9]
Gate( 1860)	cx q[0], q[9]
Gate( 1861)	tdg q[0]
Gate( 1862)	tdg q[9]
Gate( 1863)	 t q[13]
Gate( 1864)	cx q[0], q[13]
Gate( 1865)	 s q[0]
Gate( 1866)	cx q[13], q[9]
Gate( 1867)	cx q[9], q[0]
Gate( 1868)	 h q[13]
Gate( 1869)	 h q[9]
Gate( 1870)	tdg q[12]
Gate( 1871)	 t q[8]
Gate( 1872)	 t q[9]
Gate( 1873)	cx q[8], q[12]
Gate( 1874)	cx q[12], q[9]
Gate( 1875)	tdg q[12]
Gate( 1876)	cx q[9], q[8]
Gate( 1877)	cx q[12], q[8]
Gate( 1878)	tdg q[12]
Gate( 1879)	tdg q[8]
Gate( 1880)	 t q[9]
Gate( 1881)	cx q[12], q[9]
Gate( 1882)	 s q[12]
Gate( 1883)	cx q[9], q[8]
Gate( 1884)	cx q[8], q[12]
Gate( 1885)	 h q[9]
Gate( 1886)	 h q[8]
Gate( 1887)	tdg q[10]
Gate( 1888)	 t q[11]
Gate( 1889)	 t q[8]
Gate( 1890)	cx q[11], q[10]
Gate( 1891)	cx q[10], q[8]
Gate( 1892)	tdg q[10]
Gate( 1893)	cx q[8], q[11]
Gate( 1894)	cx q[10], q[11]
Gate( 1895)	tdg q[10]
Gate( 1896)	tdg q[11]
Gate( 1897)	 t q[8]
Gate( 1898)	cx q[10], q[8]
Gate( 1899)	 s q[10]
Gate( 1900)	cx q[8], q[11]
Gate( 1901)	cx q[11], q[10]
Gate( 1902)	 h q[8]
Gate( 1903)	 h q[9]
Gate( 1904)	tdg q[12]
Gate( 1905)	 t q[8]
Gate( 1906)	 t q[9]
Gate( 1907)	cx q[8], q[12]
Gate( 1908)	cx q[12], q[9]
Gate( 1909)	tdg q[12]
Gate( 1910)	cx q[9], q[8]
Gate( 1911)	cx q[12], q[8]
Gate( 1912)	tdg q[12]
Gate( 1913)	tdg q[8]
Gate( 1914)	 t q[9]
Gate( 1915)	cx q[12], q[9]
Gate( 1916)	 s q[12]
Gate( 1917)	cx q[9], q[8]
Gate( 1918)	cx q[8], q[12]
Gate( 1919)	 h q[9]
Gate( 1920)	 h q[13]
Gate( 1921)	tdg q[0]
Gate( 1922)	 t q[9]
Gate( 1923)	 t q[13]
Gate( 1924)	cx q[9], q[0]
Gate( 1925)	cx q[0], q[13]
Gate( 1926)	tdg q[0]
Gate( 1927)	cx q[13], q[9]
Gate( 1928)	cx q[0], q[9]
Gate( 1929)	tdg q[0]
Gate( 1930)	tdg q[9]
Gate( 1931)	 t q[13]
Gate( 1932)	cx q[0], q[13]
Gate( 1933)	 s q[0]
Gate( 1934)	cx q[13], q[9]
Gate( 1935)	cx q[9], q[0]
Gate( 1936)	 h q[13]
Gate( 1937)	 h q[9]
Gate( 1938)	tdg q[12]
Gate( 1939)	 t q[8]
Gate( 1940)	 t q[9]
Gate( 1941)	cx q[8], q[12]
Gate( 1942)	cx q[12], q[9]
Gate( 1943)	tdg q[12]
Gate( 1944)	cx q[9], q[8]
Gate( 1945)	cx q[12], q[8]
Gate( 1946)	tdg q[12]
Gate( 1947)	tdg q[8]
Gate( 1948)	 t q[9]
Gate( 1949)	cx q[12], q[9]
Gate( 1950)	 s q[12]
Gate( 1951)	cx q[9], q[8]
Gate( 1952)	cx q[8], q[12]
Gate( 1953)	 h q[9]
Gate( 1954)	 h q[8]
Gate( 1955)	tdg q[10]
Gate( 1956)	 t q[11]
Gate( 1957)	 t q[8]
Gate( 1958)	cx q[11], q[10]
Gate( 1959)	cx q[10], q[8]
Gate( 1960)	tdg q[10]
Gate( 1961)	cx q[8], q[11]
Gate( 1962)	cx q[10], q[11]
Gate( 1963)	tdg q[10]
Gate( 1964)	tdg q[11]
Gate( 1965)	 t q[8]
Gate( 1966)	cx q[10], q[8]
Gate( 1967)	 s q[10]
Gate( 1968)	cx q[8], q[11]
Gate( 1969)	cx q[11], q[10]
Gate( 1970)	 h q[8]
Gate( 1971)	 h q[9]
Gate( 1972)	tdg q[12]
Gate( 1973)	 t q[8]
Gate( 1974)	 t q[9]
Gate( 1975)	cx q[8], q[12]
Gate( 1976)	cx q[12], q[9]
Gate( 1977)	tdg q[12]
Gate( 1978)	cx q[9], q[8]
Gate( 1979)	cx q[12], q[8]
Gate( 1980)	tdg q[12]
Gate( 1981)	tdg q[8]
Gate( 1982)	 t q[9]
Gate( 1983)	cx q[12], q[9]
Gate( 1984)	 s q[12]
Gate( 1985)	cx q[9], q[8]
Gate( 1986)	cx q[8], q[12]
Gate( 1987)	 h q[9]
Gate( 1988)	 h q[0]
Gate( 1989)	tdg q[9]
Gate( 1990)	 t q[13]
Gate( 1991)	 t q[0]
Gate( 1992)	cx q[13], q[9]
Gate( 1993)	cx q[9], q[0]
Gate( 1994)	tdg q[9]
Gate( 1995)	cx q[0], q[13]
Gate( 1996)	cx q[9], q[13]
Gate( 1997)	tdg q[9]
Gate( 1998)	tdg q[13]
Gate( 1999)	 t q[0]
Gate( 2000)	cx q[9], q[0]
Gate( 2001)	 s q[9]
Gate( 2002)	cx q[0], q[13]
Gate( 2003)	cx q[13], q[9]
Gate( 2004)	 h q[0]
Gate( 2005)	 h q[13]
Gate( 2006)	tdg q[7]
Gate( 2007)	 t q[8]
Gate( 2008)	 t q[13]
Gate( 2009)	cx q[8], q[7]
Gate( 2010)	cx q[7], q[13]
Gate( 2011)	tdg q[7]
Gate( 2012)	cx q[13], q[8]
Gate( 2013)	cx q[7], q[8]
Gate( 2014)	tdg q[7]
Gate( 2015)	tdg q[8]
Gate( 2016)	 t q[13]
Gate( 2017)	cx q[7], q[13]
Gate( 2018)	 s q[7]
Gate( 2019)	cx q[13], q[8]
Gate( 2020)	cx q[8], q[7]
Gate( 2021)	 h q[13]
Gate( 2022)	 h q[0]
Gate( 2023)	tdg q[9]
Gate( 2024)	 t q[13]
Gate( 2025)	 t q[0]
Gate( 2026)	cx q[13], q[9]
Gate( 2027)	cx q[9], q[0]
Gate( 2028)	tdg q[9]
Gate( 2029)	cx q[0], q[13]
Gate( 2030)	cx q[9], q[13]
Gate( 2031)	tdg q[9]
Gate( 2032)	tdg q[13]
Gate( 2033)	 t q[0]
Gate( 2034)	cx q[9], q[0]
Gate( 2035)	 s q[9]
Gate( 2036)	cx q[0], q[13]
Gate( 2037)	cx q[13], q[9]
Gate( 2038)	 h q[0]
Gate( 2039)	 h q[13]
Gate( 2040)	tdg q[7]
Gate( 2041)	 t q[8]
Gate( 2042)	 t q[13]
Gate( 2043)	cx q[8], q[7]
Gate( 2044)	cx q[7], q[13]
Gate( 2045)	tdg q[7]
Gate( 2046)	cx q[13], q[8]
Gate( 2047)	cx q[7], q[8]
Gate( 2048)	tdg q[7]
Gate( 2049)	tdg q[8]
Gate( 2050)	 t q[13]
Gate( 2051)	cx q[7], q[13]
Gate( 2052)	 s q[7]
Gate( 2053)	cx q[13], q[8]
Gate( 2054)	cx q[8], q[7]
Gate( 2055)	 h q[13]
Gate( 2056)	 h q[13]
Gate( 2057)	tdg q[0]
Gate( 2058)	 t q[9]
Gate( 2059)	 t q[13]
Gate( 2060)	cx q[9], q[0]
Gate( 2061)	cx q[0], q[13]
Gate( 2062)	tdg q[0]
Gate( 2063)	cx q[13], q[9]
Gate( 2064)	cx q[0], q[9]
Gate( 2065)	tdg q[0]
Gate( 2066)	tdg q[9]
Gate( 2067)	 t q[13]
Gate( 2068)	cx q[0], q[13]
Gate( 2069)	 s q[0]
Gate( 2070)	cx q[13], q[9]
Gate( 2071)	cx q[9], q[0]
Gate( 2072)	 h q[13]
Gate( 2073)	 h q[9]
Gate( 2074)	tdg q[12]
Gate( 2075)	 t q[8]
Gate( 2076)	 t q[9]
Gate( 2077)	cx q[8], q[12]
Gate( 2078)	cx q[12], q[9]
Gate( 2079)	tdg q[12]
Gate( 2080)	cx q[9], q[8]
Gate( 2081)	cx q[12], q[8]
Gate( 2082)	tdg q[12]
Gate( 2083)	tdg q[8]
Gate( 2084)	 t q[9]
Gate( 2085)	cx q[12], q[9]
Gate( 2086)	 s q[12]
Gate( 2087)	cx q[9], q[8]
Gate( 2088)	cx q[8], q[12]
Gate( 2089)	 h q[9]
Gate( 2090)	 h q[8]
Gate( 2091)	tdg q[10]
Gate( 2092)	 t q[11]
Gate( 2093)	 t q[8]
Gate( 2094)	cx q[11], q[10]
Gate( 2095)	cx q[10], q[8]
Gate( 2096)	tdg q[10]
Gate( 2097)	cx q[8], q[11]
Gate( 2098)	cx q[10], q[11]
Gate( 2099)	tdg q[10]
Gate( 2100)	tdg q[11]
Gate( 2101)	 t q[8]
Gate( 2102)	cx q[10], q[8]
Gate( 2103)	 s q[10]
Gate( 2104)	cx q[8], q[11]
Gate( 2105)	cx q[11], q[10]
Gate( 2106)	 h q[8]
Gate( 2107)	 h q[9]
Gate( 2108)	tdg q[12]
Gate( 2109)	 t q[8]
Gate( 2110)	 t q[9]
Gate( 2111)	cx q[8], q[12]
Gate( 2112)	cx q[12], q[9]
Gate( 2113)	tdg q[12]
Gate( 2114)	cx q[9], q[8]
Gate( 2115)	cx q[12], q[8]
Gate( 2116)	tdg q[12]
Gate( 2117)	tdg q[8]
Gate( 2118)	 t q[9]
Gate( 2119)	cx q[12], q[9]
Gate( 2120)	 s q[12]
Gate( 2121)	cx q[9], q[8]
Gate( 2122)	cx q[8], q[12]
Gate( 2123)	 h q[9]
Gate( 2124)	 h q[13]
Gate( 2125)	tdg q[0]
Gate( 2126)	 t q[9]
Gate( 2127)	 t q[13]
Gate( 2128)	cx q[9], q[0]
Gate( 2129)	cx q[0], q[13]
Gate( 2130)	tdg q[0]
Gate( 2131)	cx q[13], q[9]
Gate( 2132)	cx q[0], q[9]
Gate( 2133)	tdg q[0]
Gate( 2134)	tdg q[9]
Gate( 2135)	 t q[13]
Gate( 2136)	cx q[0], q[13]
Gate( 2137)	 s q[0]
Gate( 2138)	cx q[13], q[9]
Gate( 2139)	cx q[9], q[0]
Gate( 2140)	 h q[13]
Gate( 2141)	 h q[9]
Gate( 2142)	tdg q[12]
Gate( 2143)	 t q[8]
Gate( 2144)	 t q[9]
Gate( 2145)	cx q[8], q[12]
Gate( 2146)	cx q[12], q[9]
Gate( 2147)	tdg q[12]
Gate( 2148)	cx q[9], q[8]
Gate( 2149)	cx q[12], q[8]
Gate( 2150)	tdg q[12]
Gate( 2151)	tdg q[8]
Gate( 2152)	 t q[9]
Gate( 2153)	cx q[12], q[9]
Gate( 2154)	 s q[12]
Gate( 2155)	cx q[9], q[8]
Gate( 2156)	cx q[8], q[12]
Gate( 2157)	 h q[9]
Gate( 2158)	 h q[8]
Gate( 2159)	tdg q[10]
Gate( 2160)	 t q[11]
Gate( 2161)	 t q[8]
Gate( 2162)	cx q[11], q[10]
Gate( 2163)	cx q[10], q[8]
Gate( 2164)	tdg q[10]
Gate( 2165)	cx q[8], q[11]
Gate( 2166)	cx q[10], q[11]
Gate( 2167)	tdg q[10]
Gate( 2168)	tdg q[11]
Gate( 2169)	 t q[8]
Gate( 2170)	cx q[10], q[8]
Gate( 2171)	 s q[10]
Gate( 2172)	cx q[8], q[11]
Gate( 2173)	cx q[11], q[10]
Gate( 2174)	 h q[8]
Gate( 2175)	 h q[9]
Gate( 2176)	tdg q[12]
Gate( 2177)	 t q[8]
Gate( 2178)	 t q[9]
Gate( 2179)	cx q[8], q[12]
Gate( 2180)	cx q[12], q[9]
Gate( 2181)	tdg q[12]
Gate( 2182)	cx q[9], q[8]
Gate( 2183)	cx q[12], q[8]
Gate( 2184)	tdg q[12]
Gate( 2185)	tdg q[8]
Gate( 2186)	 t q[9]
Gate( 2187)	cx q[12], q[9]
Gate( 2188)	 s q[12]
Gate( 2189)	cx q[9], q[8]
Gate( 2190)	cx q[8], q[12]
Gate( 2191)	 h q[9]
Gate( 2192)	 h q[13]
Gate( 2193)	 x q[7]
Gate( 2194)	 x q[9]
Gate( 2195)	 x q[10]
Gate( 2196)	 x q[11]
Gate( 2197)	 x q[12]
Gate( 2198)	 x q[13]
Gate( 2199)	cx q[7], q[0]
Gate( 2200)	cx q[9], q[1]
Gate( 2201)	cx q[11], q[2]
Gate( 2202)	cx q[13], q[3]
Gate( 2203)	cx q[8], q[4]
Gate( 2204)	cx q[9], q[4]
Gate( 2205)	cx q[10], q[5]
Gate( 2206)	cx q[11], q[5]
Gate( 2207)	cx q[12], q[6]
Gate( 2208)	cx q[13], q[6]
Gate( 2209)	 h q[0]
Gate( 2210)	 h q[1]
Gate( 2211)	 h q[2]
Gate( 2212)	 h q[3]
Gate( 2213)	 h q[4]
Gate( 2214)	 h q[5]
Gate( 2215)	 h q[6]
Gate( 2216)	 x q[0]
Gate( 2217)	 x q[1]
Gate( 2218)	 x q[2]
Gate( 2219)	 x q[3]
Gate( 2220)	 x q[4]
Gate( 2221)	 x q[5]
Gate( 2222)	 x q[6]
Gate( 2223)	 h q[6]
Gate( 2224)	 h q[14]
Gate( 2225)	tdg q[2]
Gate( 2226)	 t q[6]
Gate( 2227)	 t q[14]
Gate( 2228)	cx q[6], q[2]
Gate( 2229)	cx q[2], q[14]
Gate( 2230)	tdg q[2]
Gate( 2231)	cx q[14], q[6]
Gate( 2232)	cx q[2], q[6]
Gate( 2233)	tdg q[2]
Gate( 2234)	tdg q[6]
Gate( 2235)	 t q[14]
Gate( 2236)	cx q[2], q[14]
Gate( 2237)	 s q[2]
Gate( 2238)	cx q[14], q[6]
Gate( 2239)	cx q[6], q[2]
Gate( 2240)	 h q[14]
Gate( 2241)	 h q[6]
Gate( 2242)	tdg q[0]
Gate( 2243)	 t q[1]
Gate( 2244)	 t q[6]
Gate( 2245)	cx q[1], q[0]
Gate( 2246)	cx q[0], q[6]
Gate( 2247)	tdg q[0]
Gate( 2248)	cx q[6], q[1]
Gate( 2249)	cx q[0], q[1]
Gate( 2250)	tdg q[0]
Gate( 2251)	tdg q[1]
Gate( 2252)	 t q[6]
Gate( 2253)	cx q[0], q[6]
Gate( 2254)	 s q[0]
Gate( 2255)	cx q[6], q[1]
Gate( 2256)	cx q[1], q[0]
Gate( 2257)	 h q[6]
Gate( 2258)	 h q[14]
Gate( 2259)	tdg q[2]
Gate( 2260)	 t q[6]
Gate( 2261)	 t q[14]
Gate( 2262)	cx q[6], q[2]
Gate( 2263)	cx q[2], q[14]
Gate( 2264)	tdg q[2]
Gate( 2265)	cx q[14], q[6]
Gate( 2266)	cx q[2], q[6]
Gate( 2267)	tdg q[2]
Gate( 2268)	tdg q[6]
Gate( 2269)	 t q[14]
Gate( 2270)	cx q[2], q[14]
Gate( 2271)	 s q[2]
Gate( 2272)	cx q[14], q[6]
Gate( 2273)	cx q[6], q[2]
Gate( 2274)	 h q[14]
Gate( 2275)	 h q[6]
Gate( 2276)	tdg q[0]
Gate( 2277)	 t q[1]
Gate( 2278)	 t q[6]
Gate( 2279)	cx q[1], q[0]
Gate( 2280)	cx q[0], q[6]
Gate( 2281)	tdg q[0]
Gate( 2282)	cx q[6], q[1]
Gate( 2283)	cx q[0], q[1]
Gate( 2284)	tdg q[0]
Gate( 2285)	tdg q[1]
Gate( 2286)	 t q[6]
Gate( 2287)	cx q[0], q[6]
Gate( 2288)	 s q[0]
Gate( 2289)	cx q[6], q[1]
Gate( 2290)	cx q[1], q[0]
Gate( 2291)	 h q[6]
Gate( 2292)	 h q[6]
Gate( 2293)	tdg q[14]
Gate( 2294)	 t q[2]
Gate( 2295)	 t q[6]
Gate( 2296)	cx q[2], q[14]
Gate( 2297)	cx q[14], q[6]
Gate( 2298)	tdg q[14]
Gate( 2299)	cx q[6], q[2]
Gate( 2300)	cx q[14], q[2]
Gate( 2301)	tdg q[14]
Gate( 2302)	tdg q[2]
Gate( 2303)	 t q[6]
Gate( 2304)	cx q[14], q[6]
Gate( 2305)	 s q[14]
Gate( 2306)	cx q[6], q[2]
Gate( 2307)	cx q[2], q[14]
Gate( 2308)	 h q[6]
Gate( 2309)	 h q[2]
Gate( 2310)	tdg q[5]
Gate( 2311)	 t q[1]
Gate( 2312)	 t q[2]
Gate( 2313)	cx q[1], q[5]
Gate( 2314)	cx q[5], q[2]
Gate( 2315)	tdg q[5]
Gate( 2316)	cx q[2], q[1]
Gate( 2317)	cx q[5], q[1]
Gate( 2318)	tdg q[5]
Gate( 2319)	tdg q[1]
Gate( 2320)	 t q[2]
Gate( 2321)	cx q[5], q[2]
Gate( 2322)	 s q[5]
Gate( 2323)	cx q[2], q[1]
Gate( 2324)	cx q[1], q[5]
Gate( 2325)	 h q[2]
Gate( 2326)	 h q[1]
Gate( 2327)	tdg q[3]
Gate( 2328)	 t q[4]
Gate( 2329)	 t q[1]
Gate( 2330)	cx q[4], q[3]
Gate( 2331)	cx q[3], q[1]
Gate( 2332)	tdg q[3]
Gate( 2333)	cx q[1], q[4]
Gate( 2334)	cx q[3], q[4]
Gate( 2335)	tdg q[3]
Gate( 2336)	tdg q[4]
Gate( 2337)	 t q[1]
Gate( 2338)	cx q[3], q[1]
Gate( 2339)	 s q[3]
Gate( 2340)	cx q[1], q[4]
Gate( 2341)	cx q[4], q[3]
Gate( 2342)	 h q[1]
Gate( 2343)	 h q[2]
Gate( 2344)	tdg q[5]
Gate( 2345)	 t q[1]
Gate( 2346)	 t q[2]
Gate( 2347)	cx q[1], q[5]
Gate( 2348)	cx q[5], q[2]
Gate( 2349)	tdg q[5]
Gate( 2350)	cx q[2], q[1]
Gate( 2351)	cx q[5], q[1]
Gate( 2352)	tdg q[5]
Gate( 2353)	tdg q[1]
Gate( 2354)	 t q[2]
Gate( 2355)	cx q[5], q[2]
Gate( 2356)	 s q[5]
Gate( 2357)	cx q[2], q[1]
Gate( 2358)	cx q[1], q[5]
Gate( 2359)	 h q[2]
Gate( 2360)	 h q[6]
Gate( 2361)	tdg q[14]
Gate( 2362)	 t q[2]
Gate( 2363)	 t q[6]
Gate( 2364)	cx q[2], q[14]
Gate( 2365)	cx q[14], q[6]
Gate( 2366)	tdg q[14]
Gate( 2367)	cx q[6], q[2]
Gate( 2368)	cx q[14], q[2]
Gate( 2369)	tdg q[14]
Gate( 2370)	tdg q[2]
Gate( 2371)	 t q[6]
Gate( 2372)	cx q[14], q[6]
Gate( 2373)	 s q[14]
Gate( 2374)	cx q[6], q[2]
Gate( 2375)	cx q[2], q[14]
Gate( 2376)	 h q[6]
Gate( 2377)	 h q[2]
Gate( 2378)	tdg q[5]
Gate( 2379)	 t q[1]
Gate( 2380)	 t q[2]
Gate( 2381)	cx q[1], q[5]
Gate( 2382)	cx q[5], q[2]
Gate( 2383)	tdg q[5]
Gate( 2384)	cx q[2], q[1]
Gate( 2385)	cx q[5], q[1]
Gate( 2386)	tdg q[5]
Gate( 2387)	tdg q[1]
Gate( 2388)	 t q[2]
Gate( 2389)	cx q[5], q[2]
Gate( 2390)	 s q[5]
Gate( 2391)	cx q[2], q[1]
Gate( 2392)	cx q[1], q[5]
Gate( 2393)	 h q[2]
Gate( 2394)	 h q[1]
Gate( 2395)	tdg q[3]
Gate( 2396)	 t q[4]
Gate( 2397)	 t q[1]
Gate( 2398)	cx q[4], q[3]
Gate( 2399)	cx q[3], q[1]
Gate( 2400)	tdg q[3]
Gate( 2401)	cx q[1], q[4]
Gate( 2402)	cx q[3], q[4]
Gate( 2403)	tdg q[3]
Gate( 2404)	tdg q[4]
Gate( 2405)	 t q[1]
Gate( 2406)	cx q[3], q[1]
Gate( 2407)	 s q[3]
Gate( 2408)	cx q[1], q[4]
Gate( 2409)	cx q[4], q[3]
Gate( 2410)	 h q[1]
Gate( 2411)	 h q[2]
Gate( 2412)	tdg q[5]
Gate( 2413)	 t q[1]
Gate( 2414)	 t q[2]
Gate( 2415)	cx q[1], q[5]
Gate( 2416)	cx q[5], q[2]
Gate( 2417)	tdg q[5]
Gate( 2418)	cx q[2], q[1]
Gate( 2419)	cx q[5], q[1]
Gate( 2420)	tdg q[5]
Gate( 2421)	tdg q[1]
Gate( 2422)	 t q[2]
Gate( 2423)	cx q[5], q[2]
Gate( 2424)	 s q[5]
Gate( 2425)	cx q[2], q[1]
Gate( 2426)	cx q[1], q[5]
Gate( 2427)	 h q[2]
Gate( 2428)	 h q[14]
Gate( 2429)	tdg q[2]
Gate( 2430)	 t q[6]
Gate( 2431)	 t q[14]
Gate( 2432)	cx q[6], q[2]
Gate( 2433)	cx q[2], q[14]
Gate( 2434)	tdg q[2]
Gate( 2435)	cx q[14], q[6]
Gate( 2436)	cx q[2], q[6]
Gate( 2437)	tdg q[2]
Gate( 2438)	tdg q[6]
Gate( 2439)	 t q[14]
Gate( 2440)	cx q[2], q[14]
Gate( 2441)	 s q[2]
Gate( 2442)	cx q[14], q[6]
Gate( 2443)	cx q[6], q[2]
Gate( 2444)	 h q[14]
Gate( 2445)	 h q[6]
Gate( 2446)	tdg q[0]
Gate( 2447)	 t q[1]
Gate( 2448)	 t q[6]
Gate( 2449)	cx q[1], q[0]
Gate( 2450)	cx q[0], q[6]
Gate( 2451)	tdg q[0]
Gate( 2452)	cx q[6], q[1]
Gate( 2453)	cx q[0], q[1]
Gate( 2454)	tdg q[0]
Gate( 2455)	tdg q[1]
Gate( 2456)	 t q[6]
Gate( 2457)	cx q[0], q[6]
Gate( 2458)	 s q[0]
Gate( 2459)	cx q[6], q[1]
Gate( 2460)	cx q[1], q[0]
Gate( 2461)	 h q[6]
Gate( 2462)	 h q[14]
Gate( 2463)	tdg q[2]
Gate( 2464)	 t q[6]
Gate( 2465)	 t q[14]
Gate( 2466)	cx q[6], q[2]
Gate( 2467)	cx q[2], q[14]
Gate( 2468)	tdg q[2]
Gate( 2469)	cx q[14], q[6]
Gate( 2470)	cx q[2], q[6]
Gate( 2471)	tdg q[2]
Gate( 2472)	tdg q[6]
Gate( 2473)	 t q[14]
Gate( 2474)	cx q[2], q[14]
Gate( 2475)	 s q[2]
Gate( 2476)	cx q[14], q[6]
Gate( 2477)	cx q[6], q[2]
Gate( 2478)	 h q[14]
Gate( 2479)	 h q[6]
Gate( 2480)	tdg q[0]
Gate( 2481)	 t q[1]
Gate( 2482)	 t q[6]
Gate( 2483)	cx q[1], q[0]
Gate( 2484)	cx q[0], q[6]
Gate( 2485)	tdg q[0]
Gate( 2486)	cx q[6], q[1]
Gate( 2487)	cx q[0], q[1]
Gate( 2488)	tdg q[0]
Gate( 2489)	tdg q[1]
Gate( 2490)	 t q[6]
Gate( 2491)	cx q[0], q[6]
Gate( 2492)	 s q[0]
Gate( 2493)	cx q[6], q[1]
Gate( 2494)	cx q[1], q[0]
Gate( 2495)	 h q[6]
Gate( 2496)	 h q[6]
Gate( 2497)	tdg q[14]
Gate( 2498)	 t q[2]
Gate( 2499)	 t q[6]
Gate( 2500)	cx q[2], q[14]
Gate( 2501)	cx q[14], q[6]
Gate( 2502)	tdg q[14]
Gate( 2503)	cx q[6], q[2]
Gate( 2504)	cx q[14], q[2]
Gate( 2505)	tdg q[14]
Gate( 2506)	tdg q[2]
Gate( 2507)	 t q[6]
Gate( 2508)	cx q[14], q[6]
Gate( 2509)	 s q[14]
Gate( 2510)	cx q[6], q[2]
Gate( 2511)	cx q[2], q[14]
Gate( 2512)	 h q[6]
Gate( 2513)	 h q[2]
Gate( 2514)	tdg q[5]
Gate( 2515)	 t q[1]
Gate( 2516)	 t q[2]
Gate( 2517)	cx q[1], q[5]
Gate( 2518)	cx q[5], q[2]
Gate( 2519)	tdg q[5]
Gate( 2520)	cx q[2], q[1]
Gate( 2521)	cx q[5], q[1]
Gate( 2522)	tdg q[5]
Gate( 2523)	tdg q[1]
Gate( 2524)	 t q[2]
Gate( 2525)	cx q[5], q[2]
Gate( 2526)	 s q[5]
Gate( 2527)	cx q[2], q[1]
Gate( 2528)	cx q[1], q[5]
Gate( 2529)	 h q[2]
Gate( 2530)	 h q[1]
Gate( 2531)	tdg q[3]
Gate( 2532)	 t q[4]
Gate( 2533)	 t q[1]
Gate( 2534)	cx q[4], q[3]
Gate( 2535)	cx q[3], q[1]
Gate( 2536)	tdg q[3]
Gate( 2537)	cx q[1], q[4]
Gate( 2538)	cx q[3], q[4]
Gate( 2539)	tdg q[3]
Gate( 2540)	tdg q[4]
Gate( 2541)	 t q[1]
Gate( 2542)	cx q[3], q[1]
Gate( 2543)	 s q[3]
Gate( 2544)	cx q[1], q[4]
Gate( 2545)	cx q[4], q[3]
Gate( 2546)	 h q[1]
Gate( 2547)	 h q[2]
Gate( 2548)	tdg q[5]
Gate( 2549)	 t q[1]
Gate( 2550)	 t q[2]
Gate( 2551)	cx q[1], q[5]
Gate( 2552)	cx q[5], q[2]
Gate( 2553)	tdg q[5]
Gate( 2554)	cx q[2], q[1]
Gate( 2555)	cx q[5], q[1]
Gate( 2556)	tdg q[5]
Gate( 2557)	tdg q[1]
Gate( 2558)	 t q[2]
Gate( 2559)	cx q[5], q[2]
Gate( 2560)	 s q[5]
Gate( 2561)	cx q[2], q[1]
Gate( 2562)	cx q[1], q[5]
Gate( 2563)	 h q[2]
Gate( 2564)	 h q[6]
Gate( 2565)	tdg q[14]
Gate( 2566)	 t q[2]
Gate( 2567)	 t q[6]
Gate( 2568)	cx q[2], q[14]
Gate( 2569)	cx q[14], q[6]
Gate( 2570)	tdg q[14]
Gate( 2571)	cx q[6], q[2]
Gate( 2572)	cx q[14], q[2]
Gate( 2573)	tdg q[14]
Gate( 2574)	tdg q[2]
Gate( 2575)	 t q[6]
Gate( 2576)	cx q[14], q[6]
Gate( 2577)	 s q[14]
Gate( 2578)	cx q[6], q[2]
Gate( 2579)	cx q[2], q[14]
Gate( 2580)	 h q[6]
Gate( 2581)	 h q[2]
Gate( 2582)	tdg q[5]
Gate( 2583)	 t q[1]
Gate( 2584)	 t q[2]
Gate( 2585)	cx q[1], q[5]
Gate( 2586)	cx q[5], q[2]
Gate( 2587)	tdg q[5]
Gate( 2588)	cx q[2], q[1]
Gate( 2589)	cx q[5], q[1]
Gate( 2590)	tdg q[5]
Gate( 2591)	tdg q[1]
Gate( 2592)	 t q[2]
Gate( 2593)	cx q[5], q[2]
Gate( 2594)	 s q[5]
Gate( 2595)	cx q[2], q[1]
Gate( 2596)	cx q[1], q[5]
Gate( 2597)	 h q[2]
Gate( 2598)	 h q[1]
Gate( 2599)	tdg q[3]
Gate( 2600)	 t q[4]
Gate( 2601)	 t q[1]
Gate( 2602)	cx q[4], q[3]
Gate( 2603)	cx q[3], q[1]
Gate( 2604)	tdg q[3]
Gate( 2605)	cx q[1], q[4]
Gate( 2606)	cx q[3], q[4]
Gate( 2607)	tdg q[3]
Gate( 2608)	tdg q[4]
Gate( 2609)	 t q[1]
Gate( 2610)	cx q[3], q[1]
Gate( 2611)	 s q[3]
Gate( 2612)	cx q[1], q[4]
Gate( 2613)	cx q[4], q[3]
Gate( 2614)	 h q[1]
Gate( 2615)	 h q[2]
Gate( 2616)	tdg q[5]
Gate( 2617)	 t q[1]
Gate( 2618)	 t q[2]
Gate( 2619)	cx q[1], q[5]
Gate( 2620)	cx q[5], q[2]
Gate( 2621)	tdg q[5]
Gate( 2622)	cx q[2], q[1]
Gate( 2623)	cx q[5], q[1]
Gate( 2624)	tdg q[5]
Gate( 2625)	tdg q[1]
Gate( 2626)	 t q[2]
Gate( 2627)	cx q[5], q[2]
Gate( 2628)	 s q[5]
Gate( 2629)	cx q[2], q[1]
Gate( 2630)	cx q[1], q[5]
Gate( 2631)	 h q[2]
Gate( 2632)	 h q[6]
Gate( 2633)	 x q[0]
Gate( 2634)	 x q[1]
Gate( 2635)	 x q[2]
Gate( 2636)	 x q[3]
Gate( 2637)	 x q[4]
Gate( 2638)	 x q[5]
Gate( 2639)	 x q[6]
Gate( 2640)	 h q[0]
Gate( 2641)	 h q[1]
Gate( 2642)	 h q[2]
Gate( 2643)	 h q[3]
Gate( 2644)	 h q[4]
Gate( 2645)	 h q[5]
Gate( 2646)	 h q[6]
Gate( 2647)	cx q[7], q[0]
Gate( 2648)	cx q[9], q[1]
Gate( 2649)	cx q[11], q[2]
Gate( 2650)	cx q[13], q[3]
Gate( 2651)	cx q[8], q[4]
Gate( 2652)	cx q[9], q[4]
Gate( 2653)	cx q[10], q[5]
Gate( 2654)	cx q[11], q[5]
Gate( 2655)	cx q[12], q[6]
Gate( 2656)	cx q[13], q[6]
Gate( 2657)	 x q[7]
Gate( 2658)	 x q[9]
Gate( 2659)	 x q[10]
Gate( 2660)	 x q[11]
Gate( 2661)	 x q[12]
Gate( 2662)	 x q[13]
Gate( 2663)	 h q[13]
Gate( 2664)	 h q[0]
Gate( 2665)	tdg q[9]
Gate( 2666)	 t q[13]
Gate( 2667)	 t q[0]
Gate( 2668)	cx q[13], q[9]
Gate( 2669)	cx q[9], q[0]
Gate( 2670)	tdg q[9]
Gate( 2671)	cx q[0], q[13]
Gate( 2672)	cx q[9], q[13]
Gate( 2673)	tdg q[9]
Gate( 2674)	tdg q[13]
Gate( 2675)	 t q[0]
Gate( 2676)	cx q[9], q[0]
Gate( 2677)	 s q[9]
Gate( 2678)	cx q[0], q[13]
Gate( 2679)	cx q[13], q[9]
Gate( 2680)	 h q[0]
Gate( 2681)	 h q[13]
Gate( 2682)	tdg q[7]
Gate( 2683)	 t q[8]
Gate( 2684)	 t q[13]
Gate( 2685)	cx q[8], q[7]
Gate( 2686)	cx q[7], q[13]
Gate( 2687)	tdg q[7]
Gate( 2688)	cx q[13], q[8]
Gate( 2689)	cx q[7], q[8]
Gate( 2690)	tdg q[7]
Gate( 2691)	tdg q[8]
Gate( 2692)	 t q[13]
Gate( 2693)	cx q[7], q[13]
Gate( 2694)	 s q[7]
Gate( 2695)	cx q[13], q[8]
Gate( 2696)	cx q[8], q[7]
Gate( 2697)	 h q[13]
Gate( 2698)	 h q[0]
Gate( 2699)	tdg q[9]
Gate( 2700)	 t q[13]
Gate( 2701)	 t q[0]
Gate( 2702)	cx q[13], q[9]
Gate( 2703)	cx q[9], q[0]
Gate( 2704)	tdg q[9]
Gate( 2705)	cx q[0], q[13]
Gate( 2706)	cx q[9], q[13]
Gate( 2707)	tdg q[9]
Gate( 2708)	tdg q[13]
Gate( 2709)	 t q[0]
Gate( 2710)	cx q[9], q[0]
Gate( 2711)	 s q[9]
Gate( 2712)	cx q[0], q[13]
Gate( 2713)	cx q[13], q[9]
Gate( 2714)	 h q[0]
Gate( 2715)	 h q[13]
Gate( 2716)	tdg q[7]
Gate( 2717)	 t q[8]
Gate( 2718)	 t q[13]
Gate( 2719)	cx q[8], q[7]
Gate( 2720)	cx q[7], q[13]
Gate( 2721)	tdg q[7]
Gate( 2722)	cx q[13], q[8]
Gate( 2723)	cx q[7], q[8]
Gate( 2724)	tdg q[7]
Gate( 2725)	tdg q[8]
Gate( 2726)	 t q[13]
Gate( 2727)	cx q[7], q[13]
Gate( 2728)	 s q[7]
Gate( 2729)	cx q[13], q[8]
Gate( 2730)	cx q[8], q[7]
Gate( 2731)	 h q[13]
Gate( 2732)	 h q[13]
Gate( 2733)	tdg q[0]
Gate( 2734)	 t q[9]
Gate( 2735)	 t q[13]
Gate( 2736)	cx q[9], q[0]
Gate( 2737)	cx q[0], q[13]
Gate( 2738)	tdg q[0]
Gate( 2739)	cx q[13], q[9]
Gate( 2740)	cx q[0], q[9]
Gate( 2741)	tdg q[0]
Gate( 2742)	tdg q[9]
Gate( 2743)	 t q[13]
Gate( 2744)	cx q[0], q[13]
Gate( 2745)	 s q[0]
Gate( 2746)	cx q[13], q[9]
Gate( 2747)	cx q[9], q[0]
Gate( 2748)	 h q[13]
Gate( 2749)	 h q[9]
Gate( 2750)	tdg q[12]
Gate( 2751)	 t q[8]
Gate( 2752)	 t q[9]
Gate( 2753)	cx q[8], q[12]
Gate( 2754)	cx q[12], q[9]
Gate( 2755)	tdg q[12]
Gate( 2756)	cx q[9], q[8]
Gate( 2757)	cx q[12], q[8]
Gate( 2758)	tdg q[12]
Gate( 2759)	tdg q[8]
Gate( 2760)	 t q[9]
Gate( 2761)	cx q[12], q[9]
Gate( 2762)	 s q[12]
Gate( 2763)	cx q[9], q[8]
Gate( 2764)	cx q[8], q[12]
Gate( 2765)	 h q[9]
Gate( 2766)	 h q[8]
Gate( 2767)	tdg q[10]
Gate( 2768)	 t q[11]
Gate( 2769)	 t q[8]
Gate( 2770)	cx q[11], q[10]
Gate( 2771)	cx q[10], q[8]
Gate( 2772)	tdg q[10]
Gate( 2773)	cx q[8], q[11]
Gate( 2774)	cx q[10], q[11]
Gate( 2775)	tdg q[10]
Gate( 2776)	tdg q[11]
Gate( 2777)	 t q[8]
Gate( 2778)	cx q[10], q[8]
Gate( 2779)	 s q[10]
Gate( 2780)	cx q[8], q[11]
Gate( 2781)	cx q[11], q[10]
Gate( 2782)	 h q[8]
Gate( 2783)	 h q[9]
Gate( 2784)	tdg q[12]
Gate( 2785)	 t q[8]
Gate( 2786)	 t q[9]
Gate( 2787)	cx q[8], q[12]
Gate( 2788)	cx q[12], q[9]
Gate( 2789)	tdg q[12]
Gate( 2790)	cx q[9], q[8]
Gate( 2791)	cx q[12], q[8]
Gate( 2792)	tdg q[12]
Gate( 2793)	tdg q[8]
Gate( 2794)	 t q[9]
Gate( 2795)	cx q[12], q[9]
Gate( 2796)	 s q[12]
Gate( 2797)	cx q[9], q[8]
Gate( 2798)	cx q[8], q[12]
Gate( 2799)	 h q[9]
Gate( 2800)	 h q[13]
Gate( 2801)	tdg q[0]
Gate( 2802)	 t q[9]
Gate( 2803)	 t q[13]
Gate( 2804)	cx q[9], q[0]
Gate( 2805)	cx q[0], q[13]
Gate( 2806)	tdg q[0]
Gate( 2807)	cx q[13], q[9]
Gate( 2808)	cx q[0], q[9]
Gate( 2809)	tdg q[0]
Gate( 2810)	tdg q[9]
Gate( 2811)	 t q[13]
Gate( 2812)	cx q[0], q[13]
Gate( 2813)	 s q[0]
Gate( 2814)	cx q[13], q[9]
Gate( 2815)	cx q[9], q[0]
Gate( 2816)	 h q[13]
Gate( 2817)	 h q[9]
Gate( 2818)	tdg q[12]
Gate( 2819)	 t q[8]
Gate( 2820)	 t q[9]
Gate( 2821)	cx q[8], q[12]
Gate( 2822)	cx q[12], q[9]
Gate( 2823)	tdg q[12]
Gate( 2824)	cx q[9], q[8]
Gate( 2825)	cx q[12], q[8]
Gate( 2826)	tdg q[12]
Gate( 2827)	tdg q[8]
Gate( 2828)	 t q[9]
Gate( 2829)	cx q[12], q[9]
Gate( 2830)	 s q[12]
Gate( 2831)	cx q[9], q[8]
Gate( 2832)	cx q[8], q[12]
Gate( 2833)	 h q[9]
Gate( 2834)	 h q[8]
Gate( 2835)	tdg q[10]
Gate( 2836)	 t q[11]
Gate( 2837)	 t q[8]
Gate( 2838)	cx q[11], q[10]
Gate( 2839)	cx q[10], q[8]
Gate( 2840)	tdg q[10]
Gate( 2841)	cx q[8], q[11]
Gate( 2842)	cx q[10], q[11]
Gate( 2843)	tdg q[10]
Gate( 2844)	tdg q[11]
Gate( 2845)	 t q[8]
Gate( 2846)	cx q[10], q[8]
Gate( 2847)	 s q[10]
Gate( 2848)	cx q[8], q[11]
Gate( 2849)	cx q[11], q[10]
Gate( 2850)	 h q[8]
Gate( 2851)	 h q[9]
Gate( 2852)	tdg q[12]
Gate( 2853)	 t q[8]
Gate( 2854)	 t q[9]
Gate( 2855)	cx q[8], q[12]
Gate( 2856)	cx q[12], q[9]
Gate( 2857)	tdg q[12]
Gate( 2858)	cx q[9], q[8]
Gate( 2859)	cx q[12], q[8]
Gate( 2860)	tdg q[12]
Gate( 2861)	tdg q[8]
Gate( 2862)	 t q[9]
Gate( 2863)	cx q[12], q[9]
Gate( 2864)	 s q[12]
Gate( 2865)	cx q[9], q[8]
Gate( 2866)	cx q[8], q[12]
Gate( 2867)	 h q[9]
Gate( 2868)	 h q[0]
Gate( 2869)	tdg q[9]
Gate( 2870)	 t q[13]
Gate( 2871)	 t q[0]
Gate( 2872)	cx q[13], q[9]
Gate( 2873)	cx q[9], q[0]
Gate( 2874)	tdg q[9]
Gate( 2875)	cx q[0], q[13]
Gate( 2876)	cx q[9], q[13]
Gate( 2877)	tdg q[9]
Gate( 2878)	tdg q[13]
Gate( 2879)	 t q[0]
Gate( 2880)	cx q[9], q[0]
Gate( 2881)	 s q[9]
Gate( 2882)	cx q[0], q[13]
Gate( 2883)	cx q[13], q[9]
Gate( 2884)	 h q[0]
Gate( 2885)	 h q[13]
Gate( 2886)	tdg q[7]
Gate( 2887)	 t q[8]
Gate( 2888)	 t q[13]
Gate( 2889)	cx q[8], q[7]
Gate( 2890)	cx q[7], q[13]
Gate( 2891)	tdg q[7]
Gate( 2892)	cx q[13], q[8]
Gate( 2893)	cx q[7], q[8]
Gate( 2894)	tdg q[7]
Gate( 2895)	tdg q[8]
Gate( 2896)	 t q[13]
Gate( 2897)	cx q[7], q[13]
Gate( 2898)	 s q[7]
Gate( 2899)	cx q[13], q[8]
Gate( 2900)	cx q[8], q[7]
Gate( 2901)	 h q[13]
Gate( 2902)	 h q[0]
Gate( 2903)	tdg q[9]
Gate( 2904)	 t q[13]
Gate( 2905)	 t q[0]
Gate( 2906)	cx q[13], q[9]
Gate( 2907)	cx q[9], q[0]
Gate( 2908)	tdg q[9]
Gate( 2909)	cx q[0], q[13]
Gate( 2910)	cx q[9], q[13]
Gate( 2911)	tdg q[9]
Gate( 2912)	tdg q[13]
Gate( 2913)	 t q[0]
Gate( 2914)	cx q[9], q[0]
Gate( 2915)	 s q[9]
Gate( 2916)	cx q[0], q[13]
Gate( 2917)	cx q[13], q[9]
Gate( 2918)	 h q[0]
Gate( 2919)	 h q[13]
Gate( 2920)	tdg q[7]
Gate( 2921)	 t q[8]
Gate( 2922)	 t q[13]
Gate( 2923)	cx q[8], q[7]
Gate( 2924)	cx q[7], q[13]
Gate( 2925)	tdg q[7]
Gate( 2926)	cx q[13], q[8]
Gate( 2927)	cx q[7], q[8]
Gate( 2928)	tdg q[7]
Gate( 2929)	tdg q[8]
Gate( 2930)	 t q[13]
Gate( 2931)	cx q[7], q[13]
Gate( 2932)	 s q[7]
Gate( 2933)	cx q[13], q[8]
Gate( 2934)	cx q[8], q[7]
Gate( 2935)	 h q[13]
Gate( 2936)	 h q[13]
Gate( 2937)	tdg q[0]
Gate( 2938)	 t q[9]
Gate( 2939)	 t q[13]
Gate( 2940)	cx q[9], q[0]
Gate( 2941)	cx q[0], q[13]
Gate( 2942)	tdg q[0]
Gate( 2943)	cx q[13], q[9]
Gate( 2944)	cx q[0], q[9]
Gate( 2945)	tdg q[0]
Gate( 2946)	tdg q[9]
Gate( 2947)	 t q[13]
Gate( 2948)	cx q[0], q[13]
Gate( 2949)	 s q[0]
Gate( 2950)	cx q[13], q[9]
Gate( 2951)	cx q[9], q[0]
Gate( 2952)	 h q[13]
Gate( 2953)	 h q[9]
Gate( 2954)	tdg q[12]
Gate( 2955)	 t q[8]
Gate( 2956)	 t q[9]
Gate( 2957)	cx q[8], q[12]
Gate( 2958)	cx q[12], q[9]
Gate( 2959)	tdg q[12]
Gate( 2960)	cx q[9], q[8]
Gate( 2961)	cx q[12], q[8]
Gate( 2962)	tdg q[12]
Gate( 2963)	tdg q[8]
Gate( 2964)	 t q[9]
Gate( 2965)	cx q[12], q[9]
Gate( 2966)	 s q[12]
Gate( 2967)	cx q[9], q[8]
Gate( 2968)	cx q[8], q[12]
Gate( 2969)	 h q[9]
Gate( 2970)	 h q[8]
Gate( 2971)	tdg q[10]
Gate( 2972)	 t q[11]
Gate( 2973)	 t q[8]
Gate( 2974)	cx q[11], q[10]
Gate( 2975)	cx q[10], q[8]
Gate( 2976)	tdg q[10]
Gate( 2977)	cx q[8], q[11]
Gate( 2978)	cx q[10], q[11]
Gate( 2979)	tdg q[10]
Gate( 2980)	tdg q[11]
Gate( 2981)	 t q[8]
Gate( 2982)	cx q[10], q[8]
Gate( 2983)	 s q[10]
Gate( 2984)	cx q[8], q[11]
Gate( 2985)	cx q[11], q[10]
Gate( 2986)	 h q[8]
Gate( 2987)	 h q[9]
Gate( 2988)	tdg q[12]
Gate( 2989)	 t q[8]
Gate( 2990)	 t q[9]
Gate( 2991)	cx q[8], q[12]
Gate( 2992)	cx q[12], q[9]
Gate( 2993)	tdg q[12]
Gate( 2994)	cx q[9], q[8]
Gate( 2995)	cx q[12], q[8]
Gate( 2996)	tdg q[12]
Gate( 2997)	tdg q[8]
Gate( 2998)	 t q[9]
Gate( 2999)	cx q[12], q[9]
Gate( 3000)	 s q[12]
Gate( 3001)	cx q[9], q[8]
Gate( 3002)	cx q[8], q[12]
Gate( 3003)	 h q[9]
Gate( 3004)	 h q[13]
Gate( 3005)	tdg q[0]
Gate( 3006)	 t q[9]
Gate( 3007)	 t q[13]
Gate( 3008)	cx q[9], q[0]
Gate( 3009)	cx q[0], q[13]
Gate( 3010)	tdg q[0]
Gate( 3011)	cx q[13], q[9]
Gate( 3012)	cx q[0], q[9]
Gate( 3013)	tdg q[0]
Gate( 3014)	tdg q[9]
Gate( 3015)	 t q[13]
Gate( 3016)	cx q[0], q[13]
Gate( 3017)	 s q[0]
Gate( 3018)	cx q[13], q[9]
Gate( 3019)	cx q[9], q[0]
Gate( 3020)	 h q[13]
Gate( 3021)	 h q[9]
Gate( 3022)	tdg q[12]
Gate( 3023)	 t q[8]
Gate( 3024)	 t q[9]
Gate( 3025)	cx q[8], q[12]
Gate( 3026)	cx q[12], q[9]
Gate( 3027)	tdg q[12]
Gate( 3028)	cx q[9], q[8]
Gate( 3029)	cx q[12], q[8]
Gate( 3030)	tdg q[12]
Gate( 3031)	tdg q[8]
Gate( 3032)	 t q[9]
Gate( 3033)	cx q[12], q[9]
Gate( 3034)	 s q[12]
Gate( 3035)	cx q[9], q[8]
Gate( 3036)	cx q[8], q[12]
Gate( 3037)	 h q[9]
Gate( 3038)	 h q[8]
Gate( 3039)	tdg q[10]
Gate( 3040)	 t q[11]
Gate( 3041)	 t q[8]
Gate( 3042)	cx q[11], q[10]
Gate( 3043)	cx q[10], q[8]
Gate( 3044)	tdg q[10]
Gate( 3045)	cx q[8], q[11]
Gate( 3046)	cx q[10], q[11]
Gate( 3047)	tdg q[10]
Gate( 3048)	tdg q[11]
Gate( 3049)	 t q[8]
Gate( 3050)	cx q[10], q[8]
Gate( 3051)	 s q[10]
Gate( 3052)	cx q[8], q[11]
Gate( 3053)	cx q[11], q[10]
Gate( 3054)	 h q[8]
Gate( 3055)	 h q[9]
Gate( 3056)	tdg q[12]
Gate( 3057)	 t q[8]
Gate( 3058)	 t q[9]
Gate( 3059)	cx q[8], q[12]
Gate( 3060)	cx q[12], q[9]
Gate( 3061)	tdg q[12]
Gate( 3062)	cx q[9], q[8]
Gate( 3063)	cx q[12], q[8]
Gate( 3064)	tdg q[12]
Gate( 3065)	tdg q[8]
Gate( 3066)	 t q[9]
Gate( 3067)	cx q[12], q[9]
Gate( 3068)	 s q[12]
Gate( 3069)	cx q[9], q[8]
Gate( 3070)	cx q[8], q[12]
Gate( 3071)	 h q[9]
Gate( 3072)	 h q[13]
Gate( 3073)	 x q[7]
Gate( 3074)	 x q[9]
Gate( 3075)	 x q[10]
Gate( 3076)	 x q[11]
Gate( 3077)	 x q[12]
Gate( 3078)	 x q[13]
Gate( 3079)	cx q[7], q[0]
Gate( 3080)	cx q[9], q[1]
Gate( 3081)	cx q[11], q[2]
Gate( 3082)	cx q[13], q[3]
Gate( 3083)	cx q[8], q[4]
Gate( 3084)	cx q[9], q[4]
Gate( 3085)	cx q[10], q[5]
Gate( 3086)	cx q[11], q[5]
Gate( 3087)	cx q[12], q[6]
Gate( 3088)	cx q[13], q[6]
Gate( 3089)	 h q[0]
Gate( 3090)	 h q[1]
Gate( 3091)	 h q[2]
Gate( 3092)	 h q[3]
Gate( 3093)	 h q[4]
Gate( 3094)	 h q[5]
Gate( 3095)	 h q[6]
Gate( 3096)	 x q[0]
Gate( 3097)	 x q[1]
Gate( 3098)	 x q[2]
Gate( 3099)	 x q[3]
Gate( 3100)	 x q[4]
Gate( 3101)	 x q[5]
Gate( 3102)	 x q[6]
Gate( 3103)	 h q[6]
Gate( 3104)	 h q[14]
Gate( 3105)	tdg q[2]
Gate( 3106)	 t q[6]
Gate( 3107)	 t q[14]
Gate( 3108)	cx q[6], q[2]
Gate( 3109)	cx q[2], q[14]
Gate( 3110)	tdg q[2]
Gate( 3111)	cx q[14], q[6]
Gate( 3112)	cx q[2], q[6]
Gate( 3113)	tdg q[2]
Gate( 3114)	tdg q[6]
Gate( 3115)	 t q[14]
Gate( 3116)	cx q[2], q[14]
Gate( 3117)	 s q[2]
Gate( 3118)	cx q[14], q[6]
Gate( 3119)	cx q[6], q[2]
Gate( 3120)	 h q[14]
Gate( 3121)	 h q[6]
Gate( 3122)	tdg q[0]
Gate( 3123)	 t q[1]
Gate( 3124)	 t q[6]
Gate( 3125)	cx q[1], q[0]
Gate( 3126)	cx q[0], q[6]
Gate( 3127)	tdg q[0]
Gate( 3128)	cx q[6], q[1]
Gate( 3129)	cx q[0], q[1]
Gate( 3130)	tdg q[0]
Gate( 3131)	tdg q[1]
Gate( 3132)	 t q[6]
Gate( 3133)	cx q[0], q[6]
Gate( 3134)	 s q[0]
Gate( 3135)	cx q[6], q[1]
Gate( 3136)	cx q[1], q[0]
Gate( 3137)	 h q[6]
Gate( 3138)	 h q[14]
Gate( 3139)	tdg q[2]
Gate( 3140)	 t q[6]
Gate( 3141)	 t q[14]
Gate( 3142)	cx q[6], q[2]
Gate( 3143)	cx q[2], q[14]
Gate( 3144)	tdg q[2]
Gate( 3145)	cx q[14], q[6]
Gate( 3146)	cx q[2], q[6]
Gate( 3147)	tdg q[2]
Gate( 3148)	tdg q[6]
Gate( 3149)	 t q[14]
Gate( 3150)	cx q[2], q[14]
Gate( 3151)	 s q[2]
Gate( 3152)	cx q[14], q[6]
Gate( 3153)	cx q[6], q[2]
Gate( 3154)	 h q[14]
Gate( 3155)	 h q[6]
Gate( 3156)	tdg q[0]
Gate( 3157)	 t q[1]
Gate( 3158)	 t q[6]
Gate( 3159)	cx q[1], q[0]
Gate( 3160)	cx q[0], q[6]
Gate( 3161)	tdg q[0]
Gate( 3162)	cx q[6], q[1]
Gate( 3163)	cx q[0], q[1]
Gate( 3164)	tdg q[0]
Gate( 3165)	tdg q[1]
Gate( 3166)	 t q[6]
Gate( 3167)	cx q[0], q[6]
Gate( 3168)	 s q[0]
Gate( 3169)	cx q[6], q[1]
Gate( 3170)	cx q[1], q[0]
Gate( 3171)	 h q[6]
Gate( 3172)	 h q[6]
Gate( 3173)	tdg q[14]
Gate( 3174)	 t q[2]
Gate( 3175)	 t q[6]
Gate( 3176)	cx q[2], q[14]
Gate( 3177)	cx q[14], q[6]
Gate( 3178)	tdg q[14]
Gate( 3179)	cx q[6], q[2]
Gate( 3180)	cx q[14], q[2]
Gate( 3181)	tdg q[14]
Gate( 3182)	tdg q[2]
Gate( 3183)	 t q[6]
Gate( 3184)	cx q[14], q[6]
Gate( 3185)	 s q[14]
Gate( 3186)	cx q[6], q[2]
Gate( 3187)	cx q[2], q[14]
Gate( 3188)	 h q[6]
Gate( 3189)	 h q[2]
Gate( 3190)	tdg q[5]
Gate( 3191)	 t q[1]
Gate( 3192)	 t q[2]
Gate( 3193)	cx q[1], q[5]
Gate( 3194)	cx q[5], q[2]
Gate( 3195)	tdg q[5]
Gate( 3196)	cx q[2], q[1]
Gate( 3197)	cx q[5], q[1]
Gate( 3198)	tdg q[5]
Gate( 3199)	tdg q[1]
Gate( 3200)	 t q[2]
Gate( 3201)	cx q[5], q[2]
Gate( 3202)	 s q[5]
Gate( 3203)	cx q[2], q[1]
Gate( 3204)	cx q[1], q[5]
Gate( 3205)	 h q[2]
Gate( 3206)	 h q[1]
Gate( 3207)	tdg q[3]
Gate( 3208)	 t q[4]
Gate( 3209)	 t q[1]
Gate( 3210)	cx q[4], q[3]
Gate( 3211)	cx q[3], q[1]
Gate( 3212)	tdg q[3]
Gate( 3213)	cx q[1], q[4]
Gate( 3214)	cx q[3], q[4]
Gate( 3215)	tdg q[3]
Gate( 3216)	tdg q[4]
Gate( 3217)	 t q[1]
Gate( 3218)	cx q[3], q[1]
Gate( 3219)	 s q[3]
Gate( 3220)	cx q[1], q[4]
Gate( 3221)	cx q[4], q[3]
Gate( 3222)	 h q[1]
Gate( 3223)	 h q[2]
Gate( 3224)	tdg q[5]
Gate( 3225)	 t q[1]
Gate( 3226)	 t q[2]
Gate( 3227)	cx q[1], q[5]
Gate( 3228)	cx q[5], q[2]
Gate( 3229)	tdg q[5]
Gate( 3230)	cx q[2], q[1]
Gate( 3231)	cx q[5], q[1]
Gate( 3232)	tdg q[5]
Gate( 3233)	tdg q[1]
Gate( 3234)	 t q[2]
Gate( 3235)	cx q[5], q[2]
Gate( 3236)	 s q[5]
Gate( 3237)	cx q[2], q[1]
Gate( 3238)	cx q[1], q[5]
Gate( 3239)	 h q[2]
Gate( 3240)	 h q[6]
Gate( 3241)	tdg q[14]
Gate( 3242)	 t q[2]
Gate( 3243)	 t q[6]
Gate( 3244)	cx q[2], q[14]
Gate( 3245)	cx q[14], q[6]
Gate( 3246)	tdg q[14]
Gate( 3247)	cx q[6], q[2]
Gate( 3248)	cx q[14], q[2]
Gate( 3249)	tdg q[14]
Gate( 3250)	tdg q[2]
Gate( 3251)	 t q[6]
Gate( 3252)	cx q[14], q[6]
Gate( 3253)	 s q[14]
Gate( 3254)	cx q[6], q[2]
Gate( 3255)	cx q[2], q[14]
Gate( 3256)	 h q[6]
Gate( 3257)	 h q[2]
Gate( 3258)	tdg q[5]
Gate( 3259)	 t q[1]
Gate( 3260)	 t q[2]
Gate( 3261)	cx q[1], q[5]
Gate( 3262)	cx q[5], q[2]
Gate( 3263)	tdg q[5]
Gate( 3264)	cx q[2], q[1]
Gate( 3265)	cx q[5], q[1]
Gate( 3266)	tdg q[5]
Gate( 3267)	tdg q[1]
Gate( 3268)	 t q[2]
Gate( 3269)	cx q[5], q[2]
Gate( 3270)	 s q[5]
Gate( 3271)	cx q[2], q[1]
Gate( 3272)	cx q[1], q[5]
Gate( 3273)	 h q[2]
Gate( 3274)	 h q[1]
Gate( 3275)	tdg q[3]
Gate( 3276)	 t q[4]
Gate( 3277)	 t q[1]
Gate( 3278)	cx q[4], q[3]
Gate( 3279)	cx q[3], q[1]
Gate( 3280)	tdg q[3]
Gate( 3281)	cx q[1], q[4]
Gate( 3282)	cx q[3], q[4]
Gate( 3283)	tdg q[3]
Gate( 3284)	tdg q[4]
Gate( 3285)	 t q[1]
Gate( 3286)	cx q[3], q[1]
Gate( 3287)	 s q[3]
Gate( 3288)	cx q[1], q[4]
Gate( 3289)	cx q[4], q[3]
Gate( 3290)	 h q[1]
Gate( 3291)	 h q[2]
Gate( 3292)	tdg q[5]
Gate( 3293)	 t q[1]
Gate( 3294)	 t q[2]
Gate( 3295)	cx q[1], q[5]
Gate( 3296)	cx q[5], q[2]
Gate( 3297)	tdg q[5]
Gate( 3298)	cx q[2], q[1]
Gate( 3299)	cx q[5], q[1]
Gate( 3300)	tdg q[5]
Gate( 3301)	tdg q[1]
Gate( 3302)	 t q[2]
Gate( 3303)	cx q[5], q[2]
Gate( 3304)	 s q[5]
Gate( 3305)	cx q[2], q[1]
Gate( 3306)	cx q[1], q[5]
Gate( 3307)	 h q[2]
Gate( 3308)	 h q[14]
Gate( 3309)	tdg q[2]
Gate( 3310)	 t q[6]
Gate( 3311)	 t q[14]
Gate( 3312)	cx q[6], q[2]
Gate( 3313)	cx q[2], q[14]
Gate( 3314)	tdg q[2]
Gate( 3315)	cx q[14], q[6]
Gate( 3316)	cx q[2], q[6]
Gate( 3317)	tdg q[2]
Gate( 3318)	tdg q[6]
Gate( 3319)	 t q[14]
Gate( 3320)	cx q[2], q[14]
Gate( 3321)	 s q[2]
Gate( 3322)	cx q[14], q[6]
Gate( 3323)	cx q[6], q[2]
Gate( 3324)	 h q[14]
Gate( 3325)	 h q[6]
Gate( 3326)	tdg q[0]
Gate( 3327)	 t q[1]
Gate( 3328)	 t q[6]
Gate( 3329)	cx q[1], q[0]
Gate( 3330)	cx q[0], q[6]
Gate( 3331)	tdg q[0]
Gate( 3332)	cx q[6], q[1]
Gate( 3333)	cx q[0], q[1]
Gate( 3334)	tdg q[0]
Gate( 3335)	tdg q[1]
Gate( 3336)	 t q[6]
Gate( 3337)	cx q[0], q[6]
Gate( 3338)	 s q[0]
Gate( 3339)	cx q[6], q[1]
Gate( 3340)	cx q[1], q[0]
Gate( 3341)	 h q[6]
Gate( 3342)	 h q[14]
Gate( 3343)	tdg q[2]
Gate( 3344)	 t q[6]
Gate( 3345)	 t q[14]
Gate( 3346)	cx q[6], q[2]
Gate( 3347)	cx q[2], q[14]
Gate( 3348)	tdg q[2]
Gate( 3349)	cx q[14], q[6]
Gate( 3350)	cx q[2], q[6]
Gate( 3351)	tdg q[2]
Gate( 3352)	tdg q[6]
Gate( 3353)	 t q[14]
Gate( 3354)	cx q[2], q[14]
Gate( 3355)	 s q[2]
Gate( 3356)	cx q[14], q[6]
Gate( 3357)	cx q[6], q[2]
Gate( 3358)	 h q[14]
Gate( 3359)	 h q[6]
Gate( 3360)	tdg q[0]
Gate( 3361)	 t q[1]
Gate( 3362)	 t q[6]
Gate( 3363)	cx q[1], q[0]
Gate( 3364)	cx q[0], q[6]
Gate( 3365)	tdg q[0]
Gate( 3366)	cx q[6], q[1]
Gate( 3367)	cx q[0], q[1]
Gate( 3368)	tdg q[0]
Gate( 3369)	tdg q[1]
Gate( 3370)	 t q[6]
Gate( 3371)	cx q[0], q[6]
Gate( 3372)	 s q[0]
Gate( 3373)	cx q[6], q[1]
Gate( 3374)	cx q[1], q[0]
Gate( 3375)	 h q[6]
Gate( 3376)	 h q[6]
Gate( 3377)	tdg q[14]
Gate( 3378)	 t q[2]
Gate( 3379)	 t q[6]
Gate( 3380)	cx q[2], q[14]
Gate( 3381)	cx q[14], q[6]
Gate( 3382)	tdg q[14]
Gate( 3383)	cx q[6], q[2]
Gate( 3384)	cx q[14], q[2]
Gate( 3385)	tdg q[14]
Gate( 3386)	tdg q[2]
Gate( 3387)	 t q[6]
Gate( 3388)	cx q[14], q[6]
Gate( 3389)	 s q[14]
Gate( 3390)	cx q[6], q[2]
Gate( 3391)	cx q[2], q[14]
Gate( 3392)	 h q[6]
Gate( 3393)	 h q[2]
Gate( 3394)	tdg q[5]
Gate( 3395)	 t q[1]
Gate( 3396)	 t q[2]
Gate( 3397)	cx q[1], q[5]
Gate( 3398)	cx q[5], q[2]
Gate( 3399)	tdg q[5]
Gate( 3400)	cx q[2], q[1]
Gate( 3401)	cx q[5], q[1]
Gate( 3402)	tdg q[5]
Gate( 3403)	tdg q[1]
Gate( 3404)	 t q[2]
Gate( 3405)	cx q[5], q[2]
Gate( 3406)	 s q[5]
Gate( 3407)	cx q[2], q[1]
Gate( 3408)	cx q[1], q[5]
Gate( 3409)	 h q[2]
Gate( 3410)	 h q[1]
Gate( 3411)	tdg q[3]
Gate( 3412)	 t q[4]
Gate( 3413)	 t q[1]
Gate( 3414)	cx q[4], q[3]
Gate( 3415)	cx q[3], q[1]
Gate( 3416)	tdg q[3]
Gate( 3417)	cx q[1], q[4]
Gate( 3418)	cx q[3], q[4]
Gate( 3419)	tdg q[3]
Gate( 3420)	tdg q[4]
Gate( 3421)	 t q[1]
Gate( 3422)	cx q[3], q[1]
Gate( 3423)	 s q[3]
Gate( 3424)	cx q[1], q[4]
Gate( 3425)	cx q[4], q[3]
Gate( 3426)	 h q[1]
Gate( 3427)	 h q[2]
Gate( 3428)	tdg q[5]
Gate( 3429)	 t q[1]
Gate( 3430)	 t q[2]
Gate( 3431)	cx q[1], q[5]
Gate( 3432)	cx q[5], q[2]
Gate( 3433)	tdg q[5]
Gate( 3434)	cx q[2], q[1]
Gate( 3435)	cx q[5], q[1]
Gate( 3436)	tdg q[5]
Gate( 3437)	tdg q[1]
Gate( 3438)	 t q[2]
Gate( 3439)	cx q[5], q[2]
Gate( 3440)	 s q[5]
Gate( 3441)	cx q[2], q[1]
Gate( 3442)	cx q[1], q[5]
Gate( 3443)	 h q[2]
Gate( 3444)	 h q[6]
Gate( 3445)	tdg q[14]
Gate( 3446)	 t q[2]
Gate( 3447)	 t q[6]
Gate( 3448)	cx q[2], q[14]
Gate( 3449)	cx q[14], q[6]
Gate( 3450)	tdg q[14]
Gate( 3451)	cx q[6], q[2]
Gate( 3452)	cx q[14], q[2]
Gate( 3453)	tdg q[14]
Gate( 3454)	tdg q[2]
Gate( 3455)	 t q[6]
Gate( 3456)	cx q[14], q[6]
Gate( 3457)	 s q[14]
Gate( 3458)	cx q[6], q[2]
Gate( 3459)	cx q[2], q[14]
Gate( 3460)	 h q[6]
Gate( 3461)	 h q[2]
Gate( 3462)	tdg q[5]
Gate( 3463)	 t q[1]
Gate( 3464)	 t q[2]
Gate( 3465)	cx q[1], q[5]
Gate( 3466)	cx q[5], q[2]
Gate( 3467)	tdg q[5]
Gate( 3468)	cx q[2], q[1]
Gate( 3469)	cx q[5], q[1]
Gate( 3470)	tdg q[5]
Gate( 3471)	tdg q[1]
Gate( 3472)	 t q[2]
Gate( 3473)	cx q[5], q[2]
Gate( 3474)	 s q[5]
Gate( 3475)	cx q[2], q[1]
Gate( 3476)	cx q[1], q[5]
Gate( 3477)	 h q[2]
Gate( 3478)	 h q[1]
Gate( 3479)	tdg q[3]
Gate( 3480)	 t q[4]
Gate( 3481)	 t q[1]
Gate( 3482)	cx q[4], q[3]
Gate( 3483)	cx q[3], q[1]
Gate( 3484)	tdg q[3]
Gate( 3485)	cx q[1], q[4]
Gate( 3486)	cx q[3], q[4]
Gate( 3487)	tdg q[3]
Gate( 3488)	tdg q[4]
Gate( 3489)	 t q[1]
Gate( 3490)	cx q[3], q[1]
Gate( 3491)	 s q[3]
Gate( 3492)	cx q[1], q[4]
Gate( 3493)	cx q[4], q[3]
Gate( 3494)	 h q[1]
Gate( 3495)	 h q[2]
Gate( 3496)	tdg q[5]
Gate( 3497)	 t q[1]
Gate( 3498)	 t q[2]
Gate( 3499)	cx q[1], q[5]
Gate( 3500)	cx q[5], q[2]
Gate( 3501)	tdg q[5]
Gate( 3502)	cx q[2], q[1]
Gate( 3503)	cx q[5], q[1]
Gate( 3504)	tdg q[5]
Gate( 3505)	tdg q[1]
Gate( 3506)	 t q[2]
Gate( 3507)	cx q[5], q[2]
Gate( 3508)	 s q[5]
Gate( 3509)	cx q[2], q[1]
Gate( 3510)	cx q[1], q[5]
Gate( 3511)	 h q[2]
Gate( 3512)	 h q[6]
Gate( 3513)	 x q[0]
Gate( 3514)	 x q[1]
Gate( 3515)	 x q[2]
Gate( 3516)	 x q[3]
Gate( 3517)	 x q[4]
Gate( 3518)	 x q[5]
Gate( 3519)	 x q[6]
Gate( 3520)	 h q[0]
Gate( 3521)	 h q[1]
Gate( 3522)	 h q[2]
Gate( 3523)	 h q[3]
Gate( 3524)	 h q[4]
Gate( 3525)	 h q[5]
Gate( 3526)	 h q[6]
Gate( 3527)	cx q[7], q[0]
Gate( 3528)	cx q[9], q[1]
Gate( 3529)	cx q[11], q[2]
Gate( 3530)	cx q[13], q[3]
Gate( 3531)	cx q[8], q[4]
Gate( 3532)	cx q[9], q[4]
Gate( 3533)	cx q[10], q[5]
Gate( 3534)	cx q[11], q[5]
Gate( 3535)	cx q[12], q[6]
Gate( 3536)	cx q[13], q[6]
Gate( 3537)	 x q[7]
Gate( 3538)	 x q[9]
Gate( 3539)	 x q[10]
Gate( 3540)	 x q[11]
Gate( 3541)	 x q[12]
Gate( 3542)	 x q[13]
Gate( 3543)	 h q[13]
Gate( 3544)	 h q[0]
Gate( 3545)	tdg q[9]
Gate( 3546)	 t q[13]
Gate( 3547)	 t q[0]
Gate( 3548)	cx q[13], q[9]
Gate( 3549)	cx q[9], q[0]
Gate( 3550)	tdg q[9]
Gate( 3551)	cx q[0], q[13]
Gate( 3552)	cx q[9], q[13]
Gate( 3553)	tdg q[9]
Gate( 3554)	tdg q[13]
Gate( 3555)	 t q[0]
Gate( 3556)	cx q[9], q[0]
Gate( 3557)	 s q[9]
Gate( 3558)	cx q[0], q[13]
Gate( 3559)	cx q[13], q[9]
Gate( 3560)	 h q[0]
Gate( 3561)	 h q[13]
Gate( 3562)	tdg q[7]
Gate( 3563)	 t q[8]
Gate( 3564)	 t q[13]
Gate( 3565)	cx q[8], q[7]
Gate( 3566)	cx q[7], q[13]
Gate( 3567)	tdg q[7]
Gate( 3568)	cx q[13], q[8]
Gate( 3569)	cx q[7], q[8]
Gate( 3570)	tdg q[7]
Gate( 3571)	tdg q[8]
Gate( 3572)	 t q[13]
Gate( 3573)	cx q[7], q[13]
Gate( 3574)	 s q[7]
Gate( 3575)	cx q[13], q[8]
Gate( 3576)	cx q[8], q[7]
Gate( 3577)	 h q[13]
Gate( 3578)	 h q[0]
Gate( 3579)	tdg q[9]
Gate( 3580)	 t q[13]
Gate( 3581)	 t q[0]
Gate( 3582)	cx q[13], q[9]
Gate( 3583)	cx q[9], q[0]
Gate( 3584)	tdg q[9]
Gate( 3585)	cx q[0], q[13]
Gate( 3586)	cx q[9], q[13]
Gate( 3587)	tdg q[9]
Gate( 3588)	tdg q[13]
Gate( 3589)	 t q[0]
Gate( 3590)	cx q[9], q[0]
Gate( 3591)	 s q[9]
Gate( 3592)	cx q[0], q[13]
Gate( 3593)	cx q[13], q[9]
Gate( 3594)	 h q[0]
Gate( 3595)	 h q[13]
Gate( 3596)	tdg q[7]
Gate( 3597)	 t q[8]
Gate( 3598)	 t q[13]
Gate( 3599)	cx q[8], q[7]
Gate( 3600)	cx q[7], q[13]
Gate( 3601)	tdg q[7]
Gate( 3602)	cx q[13], q[8]
Gate( 3603)	cx q[7], q[8]
Gate( 3604)	tdg q[7]
Gate( 3605)	tdg q[8]
Gate( 3606)	 t q[13]
Gate( 3607)	cx q[7], q[13]
Gate( 3608)	 s q[7]
Gate( 3609)	cx q[13], q[8]
Gate( 3610)	cx q[8], q[7]
Gate( 3611)	 h q[13]
Gate( 3612)	 h q[13]
Gate( 3613)	tdg q[0]
Gate( 3614)	 t q[9]
Gate( 3615)	 t q[13]
Gate( 3616)	cx q[9], q[0]
Gate( 3617)	cx q[0], q[13]
Gate( 3618)	tdg q[0]
Gate( 3619)	cx q[13], q[9]
Gate( 3620)	cx q[0], q[9]
Gate( 3621)	tdg q[0]
Gate( 3622)	tdg q[9]
Gate( 3623)	 t q[13]
Gate( 3624)	cx q[0], q[13]
Gate( 3625)	 s q[0]
Gate( 3626)	cx q[13], q[9]
Gate( 3627)	cx q[9], q[0]
Gate( 3628)	 h q[13]
Gate( 3629)	 h q[9]
Gate( 3630)	tdg q[12]
Gate( 3631)	 t q[8]
Gate( 3632)	 t q[9]
Gate( 3633)	cx q[8], q[12]
Gate( 3634)	cx q[12], q[9]
Gate( 3635)	tdg q[12]
Gate( 3636)	cx q[9], q[8]
Gate( 3637)	cx q[12], q[8]
Gate( 3638)	tdg q[12]
Gate( 3639)	tdg q[8]
Gate( 3640)	 t q[9]
Gate( 3641)	cx q[12], q[9]
Gate( 3642)	 s q[12]
Gate( 3643)	cx q[9], q[8]
Gate( 3644)	cx q[8], q[12]
Gate( 3645)	 h q[9]
Gate( 3646)	 h q[8]
Gate( 3647)	tdg q[10]
Gate( 3648)	 t q[11]
Gate( 3649)	 t q[8]
Gate( 3650)	cx q[11], q[10]
Gate( 3651)	cx q[10], q[8]
Gate( 3652)	tdg q[10]
Gate( 3653)	cx q[8], q[11]
Gate( 3654)	cx q[10], q[11]
Gate( 3655)	tdg q[10]
Gate( 3656)	tdg q[11]
Gate( 3657)	 t q[8]
Gate( 3658)	cx q[10], q[8]
Gate( 3659)	 s q[10]
Gate( 3660)	cx q[8], q[11]
Gate( 3661)	cx q[11], q[10]
Gate( 3662)	 h q[8]
Gate( 3663)	 h q[9]
Gate( 3664)	tdg q[12]
Gate( 3665)	 t q[8]
Gate( 3666)	 t q[9]
Gate( 3667)	cx q[8], q[12]
Gate( 3668)	cx q[12], q[9]
Gate( 3669)	tdg q[12]
Gate( 3670)	cx q[9], q[8]
Gate( 3671)	cx q[12], q[8]
Gate( 3672)	tdg q[12]
Gate( 3673)	tdg q[8]
Gate( 3674)	 t q[9]
Gate( 3675)	cx q[12], q[9]
Gate( 3676)	 s q[12]
Gate( 3677)	cx q[9], q[8]
Gate( 3678)	cx q[8], q[12]
Gate( 3679)	 h q[9]
Gate( 3680)	 h q[13]
Gate( 3681)	tdg q[0]
Gate( 3682)	 t q[9]
Gate( 3683)	 t q[13]
Gate( 3684)	cx q[9], q[0]
Gate( 3685)	cx q[0], q[13]
Gate( 3686)	tdg q[0]
Gate( 3687)	cx q[13], q[9]
Gate( 3688)	cx q[0], q[9]
Gate( 3689)	tdg q[0]
Gate( 3690)	tdg q[9]
Gate( 3691)	 t q[13]
Gate( 3692)	cx q[0], q[13]
Gate( 3693)	 s q[0]
Gate( 3694)	cx q[13], q[9]
Gate( 3695)	cx q[9], q[0]
Gate( 3696)	 h q[13]
Gate( 3697)	 h q[9]
Gate( 3698)	tdg q[12]
Gate( 3699)	 t q[8]
Gate( 3700)	 t q[9]
Gate( 3701)	cx q[8], q[12]
Gate( 3702)	cx q[12], q[9]
Gate( 3703)	tdg q[12]
Gate( 3704)	cx q[9], q[8]
Gate( 3705)	cx q[12], q[8]
Gate( 3706)	tdg q[12]
Gate( 3707)	tdg q[8]
Gate( 3708)	 t q[9]
Gate( 3709)	cx q[12], q[9]
Gate( 3710)	 s q[12]
Gate( 3711)	cx q[9], q[8]
Gate( 3712)	cx q[8], q[12]
Gate( 3713)	 h q[9]
Gate( 3714)	 h q[8]
Gate( 3715)	tdg q[10]
Gate( 3716)	 t q[11]
Gate( 3717)	 t q[8]
Gate( 3718)	cx q[11], q[10]
Gate( 3719)	cx q[10], q[8]
Gate( 3720)	tdg q[10]
Gate( 3721)	cx q[8], q[11]
Gate( 3722)	cx q[10], q[11]
Gate( 3723)	tdg q[10]
Gate( 3724)	tdg q[11]
Gate( 3725)	 t q[8]
Gate( 3726)	cx q[10], q[8]
Gate( 3727)	 s q[10]
Gate( 3728)	cx q[8], q[11]
Gate( 3729)	cx q[11], q[10]
Gate( 3730)	 h q[8]
Gate( 3731)	 h q[9]
Gate( 3732)	tdg q[12]
Gate( 3733)	 t q[8]
Gate( 3734)	 t q[9]
Gate( 3735)	cx q[8], q[12]
Gate( 3736)	cx q[12], q[9]
Gate( 3737)	tdg q[12]
Gate( 3738)	cx q[9], q[8]
Gate( 3739)	cx q[12], q[8]
Gate( 3740)	tdg q[12]
Gate( 3741)	tdg q[8]
Gate( 3742)	 t q[9]
Gate( 3743)	cx q[12], q[9]
Gate( 3744)	 s q[12]
Gate( 3745)	cx q[9], q[8]
Gate( 3746)	cx q[8], q[12]
Gate( 3747)	 h q[9]
Gate( 3748)	 h q[0]
Gate( 3749)	tdg q[9]
Gate( 3750)	 t q[13]
Gate( 3751)	 t q[0]
Gate( 3752)	cx q[13], q[9]
Gate( 3753)	cx q[9], q[0]
Gate( 3754)	tdg q[9]
Gate( 3755)	cx q[0], q[13]
Gate( 3756)	cx q[9], q[13]
Gate( 3757)	tdg q[9]
Gate( 3758)	tdg q[13]
Gate( 3759)	 t q[0]
Gate( 3760)	cx q[9], q[0]
Gate( 3761)	 s q[9]
Gate( 3762)	cx q[0], q[13]
Gate( 3763)	cx q[13], q[9]
Gate( 3764)	 h q[0]
Gate( 3765)	 h q[13]
Gate( 3766)	tdg q[7]
Gate( 3767)	 t q[8]
Gate( 3768)	 t q[13]
Gate( 3769)	cx q[8], q[7]
Gate( 3770)	cx q[7], q[13]
Gate( 3771)	tdg q[7]
Gate( 3772)	cx q[13], q[8]
Gate( 3773)	cx q[7], q[8]
Gate( 3774)	tdg q[7]
Gate( 3775)	tdg q[8]
Gate( 3776)	 t q[13]
Gate( 3777)	cx q[7], q[13]
Gate( 3778)	 s q[7]
Gate( 3779)	cx q[13], q[8]
Gate( 3780)	cx q[8], q[7]
Gate( 3781)	 h q[13]
Gate( 3782)	 h q[0]
Gate( 3783)	tdg q[9]
Gate( 3784)	 t q[13]
Gate( 3785)	 t q[0]
Gate( 3786)	cx q[13], q[9]
Gate( 3787)	cx q[9], q[0]
Gate( 3788)	tdg q[9]
Gate( 3789)	cx q[0], q[13]
Gate( 3790)	cx q[9], q[13]
Gate( 3791)	tdg q[9]
Gate( 3792)	tdg q[13]
Gate( 3793)	 t q[0]
Gate( 3794)	cx q[9], q[0]
Gate( 3795)	 s q[9]
Gate( 3796)	cx q[0], q[13]
Gate( 3797)	cx q[13], q[9]
Gate( 3798)	 h q[0]
Gate( 3799)	 h q[13]
Gate( 3800)	tdg q[7]
Gate( 3801)	 t q[8]
Gate( 3802)	 t q[13]
Gate( 3803)	cx q[8], q[7]
Gate( 3804)	cx q[7], q[13]
Gate( 3805)	tdg q[7]
Gate( 3806)	cx q[13], q[8]
Gate( 3807)	cx q[7], q[8]
Gate( 3808)	tdg q[7]
Gate( 3809)	tdg q[8]
Gate( 3810)	 t q[13]
Gate( 3811)	cx q[7], q[13]
Gate( 3812)	 s q[7]
Gate( 3813)	cx q[13], q[8]
Gate( 3814)	cx q[8], q[7]
Gate( 3815)	 h q[13]
Gate( 3816)	 h q[13]
Gate( 3817)	tdg q[0]
Gate( 3818)	 t q[9]
Gate( 3819)	 t q[13]
Gate( 3820)	cx q[9], q[0]
Gate( 3821)	cx q[0], q[13]
Gate( 3822)	tdg q[0]
Gate( 3823)	cx q[13], q[9]
Gate( 3824)	cx q[0], q[9]
Gate( 3825)	tdg q[0]
Gate( 3826)	tdg q[9]
Gate( 3827)	 t q[13]
Gate( 3828)	cx q[0], q[13]
Gate( 3829)	 s q[0]
Gate( 3830)	cx q[13], q[9]
Gate( 3831)	cx q[9], q[0]
Gate( 3832)	 h q[13]
Gate( 3833)	 h q[9]
Gate( 3834)	tdg q[12]
Gate( 3835)	 t q[8]
Gate( 3836)	 t q[9]
Gate( 3837)	cx q[8], q[12]
Gate( 3838)	cx q[12], q[9]
Gate( 3839)	tdg q[12]
Gate( 3840)	cx q[9], q[8]
Gate( 3841)	cx q[12], q[8]
Gate( 3842)	tdg q[12]
Gate( 3843)	tdg q[8]
Gate( 3844)	 t q[9]
Gate( 3845)	cx q[12], q[9]
Gate( 3846)	 s q[12]
Gate( 3847)	cx q[9], q[8]
Gate( 3848)	cx q[8], q[12]
Gate( 3849)	 h q[9]
Gate( 3850)	 h q[8]
Gate( 3851)	tdg q[10]
Gate( 3852)	 t q[11]
Gate( 3853)	 t q[8]
Gate( 3854)	cx q[11], q[10]
Gate( 3855)	cx q[10], q[8]
Gate( 3856)	tdg q[10]
Gate( 3857)	cx q[8], q[11]
Gate( 3858)	cx q[10], q[11]
Gate( 3859)	tdg q[10]
Gate( 3860)	tdg q[11]
Gate( 3861)	 t q[8]
Gate( 3862)	cx q[10], q[8]
Gate( 3863)	 s q[10]
Gate( 3864)	cx q[8], q[11]
Gate( 3865)	cx q[11], q[10]
Gate( 3866)	 h q[8]
Gate( 3867)	 h q[9]
Gate( 3868)	tdg q[12]
Gate( 3869)	 t q[8]
Gate( 3870)	 t q[9]
Gate( 3871)	cx q[8], q[12]
Gate( 3872)	cx q[12], q[9]
Gate( 3873)	tdg q[12]
Gate( 3874)	cx q[9], q[8]
Gate( 3875)	cx q[12], q[8]
Gate( 3876)	tdg q[12]
Gate( 3877)	tdg q[8]
Gate( 3878)	 t q[9]
Gate( 3879)	cx q[12], q[9]
Gate( 3880)	 s q[12]
Gate( 3881)	cx q[9], q[8]
Gate( 3882)	cx q[8], q[12]
Gate( 3883)	 h q[9]
Gate( 3884)	 h q[13]
Gate( 3885)	tdg q[0]
Gate( 3886)	 t q[9]
Gate( 3887)	 t q[13]
Gate( 3888)	cx q[9], q[0]
Gate( 3889)	cx q[0], q[13]
Gate( 3890)	tdg q[0]
Gate( 3891)	cx q[13], q[9]
Gate( 3892)	cx q[0], q[9]
Gate( 3893)	tdg q[0]
Gate( 3894)	tdg q[9]
Gate( 3895)	 t q[13]
Gate( 3896)	cx q[0], q[13]
Gate( 3897)	 s q[0]
Gate( 3898)	cx q[13], q[9]
Gate( 3899)	cx q[9], q[0]
Gate( 3900)	 h q[13]
Gate( 3901)	 h q[9]
Gate( 3902)	tdg q[12]
Gate( 3903)	 t q[8]
Gate( 3904)	 t q[9]
Gate( 3905)	cx q[8], q[12]
Gate( 3906)	cx q[12], q[9]
Gate( 3907)	tdg q[12]
Gate( 3908)	cx q[9], q[8]
Gate( 3909)	cx q[12], q[8]
Gate( 3910)	tdg q[12]
Gate( 3911)	tdg q[8]
Gate( 3912)	 t q[9]
Gate( 3913)	cx q[12], q[9]
Gate( 3914)	 s q[12]
Gate( 3915)	cx q[9], q[8]
Gate( 3916)	cx q[8], q[12]
Gate( 3917)	 h q[9]
Gate( 3918)	 h q[8]
Gate( 3919)	tdg q[10]
Gate( 3920)	 t q[11]
Gate( 3921)	 t q[8]
Gate( 3922)	cx q[11], q[10]
Gate( 3923)	cx q[10], q[8]
Gate( 3924)	tdg q[10]
Gate( 3925)	cx q[8], q[11]
Gate( 3926)	cx q[10], q[11]
Gate( 3927)	tdg q[10]
Gate( 3928)	tdg q[11]
Gate( 3929)	 t q[8]
Gate( 3930)	cx q[10], q[8]
Gate( 3931)	 s q[10]
Gate( 3932)	cx q[8], q[11]
Gate( 3933)	cx q[11], q[10]
Gate( 3934)	 h q[8]
Gate( 3935)	 h q[9]
Gate( 3936)	tdg q[12]
Gate( 3937)	 t q[8]
Gate( 3938)	 t q[9]
Gate( 3939)	cx q[8], q[12]
Gate( 3940)	cx q[12], q[9]
Gate( 3941)	tdg q[12]
Gate( 3942)	cx q[9], q[8]
Gate( 3943)	cx q[12], q[8]
Gate( 3944)	tdg q[12]
Gate( 3945)	tdg q[8]
Gate( 3946)	 t q[9]
Gate( 3947)	cx q[12], q[9]
Gate( 3948)	 s q[12]
Gate( 3949)	cx q[9], q[8]
Gate( 3950)	cx q[8], q[12]
Gate( 3951)	 h q[9]
Gate( 3952)	 h q[13]
Gate( 3953)	 x q[7]
Gate( 3954)	 x q[9]
Gate( 3955)	 x q[10]
Gate( 3956)	 x q[11]
Gate( 3957)	 x q[12]
Gate( 3958)	 x q[13]
Gate( 3959)	cx q[7], q[0]
Gate( 3960)	cx q[9], q[1]
Gate( 3961)	cx q[11], q[2]
Gate( 3962)	cx q[13], q[3]
Gate( 3963)	cx q[8], q[4]
Gate( 3964)	cx q[9], q[4]
Gate( 3965)	cx q[10], q[5]
Gate( 3966)	cx q[11], q[5]
Gate( 3967)	cx q[12], q[6]
Gate( 3968)	cx q[13], q[6]
Gate( 3969)	 h q[0]
Gate( 3970)	 h q[1]
Gate( 3971)	 h q[2]
Gate( 3972)	 h q[3]
Gate( 3973)	 h q[4]
Gate( 3974)	 h q[5]
Gate( 3975)	 h q[6]
Gate( 3976)	 x q[0]
Gate( 3977)	 x q[1]
Gate( 3978)	 x q[2]
Gate( 3979)	 x q[3]
Gate( 3980)	 x q[4]
Gate( 3981)	 x q[5]
Gate( 3982)	 x q[6]
Gate( 3983)	 h q[6]
Gate( 3984)	 h q[14]
Gate( 3985)	tdg q[2]
Gate( 3986)	 t q[6]
Gate( 3987)	 t q[14]
Gate( 3988)	cx q[6], q[2]
Gate( 3989)	cx q[2], q[14]
Gate( 3990)	tdg q[2]
Gate( 3991)	cx q[14], q[6]
Gate( 3992)	cx q[2], q[6]
Gate( 3993)	tdg q[2]
Gate( 3994)	tdg q[6]
Gate( 3995)	 t q[14]
Gate( 3996)	cx q[2], q[14]
Gate( 3997)	 s q[2]
Gate( 3998)	cx q[14], q[6]
Gate( 3999)	cx q[6], q[2]
Gate( 4000)	 h q[14]
Gate( 4001)	 h q[6]
Gate( 4002)	tdg q[0]
Gate( 4003)	 t q[1]
Gate( 4004)	 t q[6]
Gate( 4005)	cx q[1], q[0]
Gate( 4006)	cx q[0], q[6]
Gate( 4007)	tdg q[0]
Gate( 4008)	cx q[6], q[1]
Gate( 4009)	cx q[0], q[1]
Gate( 4010)	tdg q[0]
Gate( 4011)	tdg q[1]
Gate( 4012)	 t q[6]
Gate( 4013)	cx q[0], q[6]
Gate( 4014)	 s q[0]
Gate( 4015)	cx q[6], q[1]
Gate( 4016)	cx q[1], q[0]
Gate( 4017)	 h q[6]
Gate( 4018)	 h q[14]
Gate( 4019)	tdg q[2]
Gate( 4020)	 t q[6]
Gate( 4021)	 t q[14]
Gate( 4022)	cx q[6], q[2]
Gate( 4023)	cx q[2], q[14]
Gate( 4024)	tdg q[2]
Gate( 4025)	cx q[14], q[6]
Gate( 4026)	cx q[2], q[6]
Gate( 4027)	tdg q[2]
Gate( 4028)	tdg q[6]
Gate( 4029)	 t q[14]
Gate( 4030)	cx q[2], q[14]
Gate( 4031)	 s q[2]
Gate( 4032)	cx q[14], q[6]
Gate( 4033)	cx q[6], q[2]
Gate( 4034)	 h q[14]
Gate( 4035)	 h q[6]
Gate( 4036)	tdg q[0]
Gate( 4037)	 t q[1]
Gate( 4038)	 t q[6]
Gate( 4039)	cx q[1], q[0]
Gate( 4040)	cx q[0], q[6]
Gate( 4041)	tdg q[0]
Gate( 4042)	cx q[6], q[1]
Gate( 4043)	cx q[0], q[1]
Gate( 4044)	tdg q[0]
Gate( 4045)	tdg q[1]
Gate( 4046)	 t q[6]
Gate( 4047)	cx q[0], q[6]
Gate( 4048)	 s q[0]
Gate( 4049)	cx q[6], q[1]
Gate( 4050)	cx q[1], q[0]
Gate( 4051)	 h q[6]
Gate( 4052)	 h q[6]
Gate( 4053)	tdg q[14]
Gate( 4054)	 t q[2]
Gate( 4055)	 t q[6]
Gate( 4056)	cx q[2], q[14]
Gate( 4057)	cx q[14], q[6]
Gate( 4058)	tdg q[14]
Gate( 4059)	cx q[6], q[2]
Gate( 4060)	cx q[14], q[2]
Gate( 4061)	tdg q[14]
Gate( 4062)	tdg q[2]
Gate( 4063)	 t q[6]
Gate( 4064)	cx q[14], q[6]
Gate( 4065)	 s q[14]
Gate( 4066)	cx q[6], q[2]
Gate( 4067)	cx q[2], q[14]
Gate( 4068)	 h q[6]
Gate( 4069)	 h q[2]
Gate( 4070)	tdg q[5]
Gate( 4071)	 t q[1]
Gate( 4072)	 t q[2]
Gate( 4073)	cx q[1], q[5]
Gate( 4074)	cx q[5], q[2]
Gate( 4075)	tdg q[5]
Gate( 4076)	cx q[2], q[1]
Gate( 4077)	cx q[5], q[1]
Gate( 4078)	tdg q[5]
Gate( 4079)	tdg q[1]
Gate( 4080)	 t q[2]
Gate( 4081)	cx q[5], q[2]
Gate( 4082)	 s q[5]
Gate( 4083)	cx q[2], q[1]
Gate( 4084)	cx q[1], q[5]
Gate( 4085)	 h q[2]
Gate( 4086)	 h q[1]
Gate( 4087)	tdg q[3]
Gate( 4088)	 t q[4]
Gate( 4089)	 t q[1]
Gate( 4090)	cx q[4], q[3]
Gate( 4091)	cx q[3], q[1]
Gate( 4092)	tdg q[3]
Gate( 4093)	cx q[1], q[4]
Gate( 4094)	cx q[3], q[4]
Gate( 4095)	tdg q[3]
Gate( 4096)	tdg q[4]
Gate( 4097)	 t q[1]
Gate( 4098)	cx q[3], q[1]
Gate( 4099)	 s q[3]
Gate( 4100)	cx q[1], q[4]
Gate( 4101)	cx q[4], q[3]
Gate( 4102)	 h q[1]
Gate( 4103)	 h q[2]
Gate( 4104)	tdg q[5]
Gate( 4105)	 t q[1]
Gate( 4106)	 t q[2]
Gate( 4107)	cx q[1], q[5]
Gate( 4108)	cx q[5], q[2]
Gate( 4109)	tdg q[5]
Gate( 4110)	cx q[2], q[1]
Gate( 4111)	cx q[5], q[1]
Gate( 4112)	tdg q[5]
Gate( 4113)	tdg q[1]
Gate( 4114)	 t q[2]
Gate( 4115)	cx q[5], q[2]
Gate( 4116)	 s q[5]
Gate( 4117)	cx q[2], q[1]
Gate( 4118)	cx q[1], q[5]
Gate( 4119)	 h q[2]
Gate( 4120)	 h q[6]
Gate( 4121)	tdg q[14]
Gate( 4122)	 t q[2]
Gate( 4123)	 t q[6]
Gate( 4124)	cx q[2], q[14]
Gate( 4125)	cx q[14], q[6]
Gate( 4126)	tdg q[14]
Gate( 4127)	cx q[6], q[2]
Gate( 4128)	cx q[14], q[2]
Gate( 4129)	tdg q[14]
Gate( 4130)	tdg q[2]
Gate( 4131)	 t q[6]
Gate( 4132)	cx q[14], q[6]
Gate( 4133)	 s q[14]
Gate( 4134)	cx q[6], q[2]
Gate( 4135)	cx q[2], q[14]
Gate( 4136)	 h q[6]
Gate( 4137)	 h q[2]
Gate( 4138)	tdg q[5]
Gate( 4139)	 t q[1]
Gate( 4140)	 t q[2]
Gate( 4141)	cx q[1], q[5]
Gate( 4142)	cx q[5], q[2]
Gate( 4143)	tdg q[5]
Gate( 4144)	cx q[2], q[1]
Gate( 4145)	cx q[5], q[1]
Gate( 4146)	tdg q[5]
Gate( 4147)	tdg q[1]
Gate( 4148)	 t q[2]
Gate( 4149)	cx q[5], q[2]
Gate( 4150)	 s q[5]
Gate( 4151)	cx q[2], q[1]
Gate( 4152)	cx q[1], q[5]
Gate( 4153)	 h q[2]
Gate( 4154)	 h q[1]
Gate( 4155)	tdg q[3]
Gate( 4156)	 t q[4]
Gate( 4157)	 t q[1]
Gate( 4158)	cx q[4], q[3]
Gate( 4159)	cx q[3], q[1]
Gate( 4160)	tdg q[3]
Gate( 4161)	cx q[1], q[4]
Gate( 4162)	cx q[3], q[4]
Gate( 4163)	tdg q[3]
Gate( 4164)	tdg q[4]
Gate( 4165)	 t q[1]
Gate( 4166)	cx q[3], q[1]
Gate( 4167)	 s q[3]
Gate( 4168)	cx q[1], q[4]
Gate( 4169)	cx q[4], q[3]
Gate( 4170)	 h q[1]
Gate( 4171)	 h q[2]
Gate( 4172)	tdg q[5]
Gate( 4173)	 t q[1]
Gate( 4174)	 t q[2]
Gate( 4175)	cx q[1], q[5]
Gate( 4176)	cx q[5], q[2]
Gate( 4177)	tdg q[5]
Gate( 4178)	cx q[2], q[1]
Gate( 4179)	cx q[5], q[1]
Gate( 4180)	tdg q[5]
Gate( 4181)	tdg q[1]
Gate( 4182)	 t q[2]
Gate( 4183)	cx q[5], q[2]
Gate( 4184)	 s q[5]
Gate( 4185)	cx q[2], q[1]
Gate( 4186)	cx q[1], q[5]
Gate( 4187)	 h q[2]
Gate( 4188)	 h q[14]
Gate( 4189)	tdg q[2]
Gate( 4190)	 t q[6]
Gate( 4191)	 t q[14]
Gate( 4192)	cx q[6], q[2]
Gate( 4193)	cx q[2], q[14]
Gate( 4194)	tdg q[2]
Gate( 4195)	cx q[14], q[6]
Gate( 4196)	cx q[2], q[6]
Gate( 4197)	tdg q[2]
Gate( 4198)	tdg q[6]
Gate( 4199)	 t q[14]
Gate( 4200)	cx q[2], q[14]
Gate( 4201)	 s q[2]
Gate( 4202)	cx q[14], q[6]
Gate( 4203)	cx q[6], q[2]
Gate( 4204)	 h q[14]
Gate( 4205)	 h q[6]
Gate( 4206)	tdg q[0]
Gate( 4207)	 t q[1]
Gate( 4208)	 t q[6]
Gate( 4209)	cx q[1], q[0]
Gate( 4210)	cx q[0], q[6]
Gate( 4211)	tdg q[0]
Gate( 4212)	cx q[6], q[1]
Gate( 4213)	cx q[0], q[1]
Gate( 4214)	tdg q[0]
Gate( 4215)	tdg q[1]
Gate( 4216)	 t q[6]
Gate( 4217)	cx q[0], q[6]
Gate( 4218)	 s q[0]
Gate( 4219)	cx q[6], q[1]
Gate( 4220)	cx q[1], q[0]
Gate( 4221)	 h q[6]
Gate( 4222)	 h q[14]
Gate( 4223)	tdg q[2]
Gate( 4224)	 t q[6]
Gate( 4225)	 t q[14]
Gate( 4226)	cx q[6], q[2]
Gate( 4227)	cx q[2], q[14]
Gate( 4228)	tdg q[2]
Gate( 4229)	cx q[14], q[6]
Gate( 4230)	cx q[2], q[6]
Gate( 4231)	tdg q[2]
Gate( 4232)	tdg q[6]
Gate( 4233)	 t q[14]
Gate( 4234)	cx q[2], q[14]
Gate( 4235)	 s q[2]
Gate( 4236)	cx q[14], q[6]
Gate( 4237)	cx q[6], q[2]
Gate( 4238)	 h q[14]
Gate( 4239)	 h q[6]
Gate( 4240)	tdg q[0]
Gate( 4241)	 t q[1]
Gate( 4242)	 t q[6]
Gate( 4243)	cx q[1], q[0]
Gate( 4244)	cx q[0], q[6]
Gate( 4245)	tdg q[0]
Gate( 4246)	cx q[6], q[1]
Gate( 4247)	cx q[0], q[1]
Gate( 4248)	tdg q[0]
Gate( 4249)	tdg q[1]
Gate( 4250)	 t q[6]
Gate( 4251)	cx q[0], q[6]
Gate( 4252)	 s q[0]
Gate( 4253)	cx q[6], q[1]
Gate( 4254)	cx q[1], q[0]
Gate( 4255)	 h q[6]
Gate( 4256)	 h q[6]
Gate( 4257)	tdg q[14]
Gate( 4258)	 t q[2]
Gate( 4259)	 t q[6]
Gate( 4260)	cx q[2], q[14]
Gate( 4261)	cx q[14], q[6]
Gate( 4262)	tdg q[14]
Gate( 4263)	cx q[6], q[2]
Gate( 4264)	cx q[14], q[2]
Gate( 4265)	tdg q[14]
Gate( 4266)	tdg q[2]
Gate( 4267)	 t q[6]
Gate( 4268)	cx q[14], q[6]
Gate( 4269)	 s q[14]
Gate( 4270)	cx q[6], q[2]
Gate( 4271)	cx q[2], q[14]
Gate( 4272)	 h q[6]
Gate( 4273)	 h q[2]
Gate( 4274)	tdg q[5]
Gate( 4275)	 t q[1]
Gate( 4276)	 t q[2]
Gate( 4277)	cx q[1], q[5]
Gate( 4278)	cx q[5], q[2]
Gate( 4279)	tdg q[5]
Gate( 4280)	cx q[2], q[1]
Gate( 4281)	cx q[5], q[1]
Gate( 4282)	tdg q[5]
Gate( 4283)	tdg q[1]
Gate( 4284)	 t q[2]
Gate( 4285)	cx q[5], q[2]
Gate( 4286)	 s q[5]
Gate( 4287)	cx q[2], q[1]
Gate( 4288)	cx q[1], q[5]
Gate( 4289)	 h q[2]
Gate( 4290)	 h q[1]
Gate( 4291)	tdg q[3]
Gate( 4292)	 t q[4]
Gate( 4293)	 t q[1]
Gate( 4294)	cx q[4], q[3]
Gate( 4295)	cx q[3], q[1]
Gate( 4296)	tdg q[3]
Gate( 4297)	cx q[1], q[4]
Gate( 4298)	cx q[3], q[4]
Gate( 4299)	tdg q[3]
Gate( 4300)	tdg q[4]
Gate( 4301)	 t q[1]
Gate( 4302)	cx q[3], q[1]
Gate( 4303)	 s q[3]
Gate( 4304)	cx q[1], q[4]
Gate( 4305)	cx q[4], q[3]
Gate( 4306)	 h q[1]
Gate( 4307)	 h q[2]
Gate( 4308)	tdg q[5]
Gate( 4309)	 t q[1]
Gate( 4310)	 t q[2]
Gate( 4311)	cx q[1], q[5]
Gate( 4312)	cx q[5], q[2]
Gate( 4313)	tdg q[5]
Gate( 4314)	cx q[2], q[1]
Gate( 4315)	cx q[5], q[1]
Gate( 4316)	tdg q[5]
Gate( 4317)	tdg q[1]
Gate( 4318)	 t q[2]
Gate( 4319)	cx q[5], q[2]
Gate( 4320)	 s q[5]
Gate( 4321)	cx q[2], q[1]
Gate( 4322)	cx q[1], q[5]
Gate( 4323)	 h q[2]
Gate( 4324)	 h q[6]
Gate( 4325)	tdg q[14]
Gate( 4326)	 t q[2]
Gate( 4327)	 t q[6]
Gate( 4328)	cx q[2], q[14]
Gate( 4329)	cx q[14], q[6]
Gate( 4330)	tdg q[14]
Gate( 4331)	cx q[6], q[2]
Gate( 4332)	cx q[14], q[2]
Gate( 4333)	tdg q[14]
Gate( 4334)	tdg q[2]
Gate( 4335)	 t q[6]
Gate( 4336)	cx q[14], q[6]
Gate( 4337)	 s q[14]
Gate( 4338)	cx q[6], q[2]
Gate( 4339)	cx q[2], q[14]
Gate( 4340)	 h q[6]
Gate( 4341)	 h q[2]
Gate( 4342)	tdg q[5]
Gate( 4343)	 t q[1]
Gate( 4344)	 t q[2]
Gate( 4345)	cx q[1], q[5]
Gate( 4346)	cx q[5], q[2]
Gate( 4347)	tdg q[5]
Gate( 4348)	cx q[2], q[1]
Gate( 4349)	cx q[5], q[1]
Gate( 4350)	tdg q[5]
Gate( 4351)	tdg q[1]
Gate( 4352)	 t q[2]
Gate( 4353)	cx q[5], q[2]
Gate( 4354)	 s q[5]
Gate( 4355)	cx q[2], q[1]
Gate( 4356)	cx q[1], q[5]
Gate( 4357)	 h q[2]
Gate( 4358)	 h q[1]
Gate( 4359)	tdg q[3]
Gate( 4360)	 t q[4]
Gate( 4361)	 t q[1]
Gate( 4362)	cx q[4], q[3]
Gate( 4363)	cx q[3], q[1]
Gate( 4364)	tdg q[3]
Gate( 4365)	cx q[1], q[4]
Gate( 4366)	cx q[3], q[4]
Gate( 4367)	tdg q[3]
Gate( 4368)	tdg q[4]
Gate( 4369)	 t q[1]
Gate( 4370)	cx q[3], q[1]
Gate( 4371)	 s q[3]
Gate( 4372)	cx q[1], q[4]
Gate( 4373)	cx q[4], q[3]
Gate( 4374)	 h q[1]
Gate( 4375)	 h q[2]
Gate( 4376)	tdg q[5]
Gate( 4377)	 t q[1]
Gate( 4378)	 t q[2]
Gate( 4379)	cx q[1], q[5]
Gate( 4380)	cx q[5], q[2]
Gate( 4381)	tdg q[5]
Gate( 4382)	cx q[2], q[1]
Gate( 4383)	cx q[5], q[1]
Gate( 4384)	tdg q[5]
Gate( 4385)	tdg q[1]
Gate( 4386)	 t q[2]
Gate( 4387)	cx q[5], q[2]
Gate( 4388)	 s q[5]
Gate( 4389)	cx q[2], q[1]
Gate( 4390)	cx q[1], q[5]
Gate( 4391)	 h q[2]
Gate( 4392)	 h q[6]
Gate( 4393)	 x q[0]
Gate( 4394)	 x q[1]
Gate( 4395)	 x q[2]
Gate( 4396)	 x q[3]
Gate( 4397)	 x q[4]
Gate( 4398)	 x q[5]
Gate( 4399)	 x q[6]
Gate( 4400)	 h q[0]
Gate( 4401)	 h q[1]
Gate( 4402)	 h q[2]
Gate( 4403)	 h q[3]
Gate( 4404)	 h q[4]
Gate( 4405)	 h q[5]
Gate( 4406)	 h q[6]
Gate( 4407)	cx q[7], q[0]
Gate( 4408)	cx q[9], q[1]
Gate( 4409)	cx q[11], q[2]
Gate( 4410)	cx q[13], q[3]
Gate( 4411)	cx q[8], q[4]
Gate( 4412)	cx q[9], q[4]
Gate( 4413)	cx q[10], q[5]
Gate( 4414)	cx q[11], q[5]
Gate( 4415)	cx q[12], q[6]
Gate( 4416)	cx q[13], q[6]
Gate( 4417)	 x q[7]
Gate( 4418)	 x q[9]
Gate( 4419)	 x q[10]
Gate( 4420)	 x q[11]
Gate( 4421)	 x q[12]
Gate( 4422)	 x q[13]
Gate( 4423)	 h q[13]
Gate( 4424)	 h q[0]
Gate( 4425)	tdg q[9]
Gate( 4426)	 t q[13]
Gate( 4427)	 t q[0]
Gate( 4428)	cx q[13], q[9]
Gate( 4429)	cx q[9], q[0]
Gate( 4430)	tdg q[9]
Gate( 4431)	cx q[0], q[13]
Gate( 4432)	cx q[9], q[13]
Gate( 4433)	tdg q[9]
Gate( 4434)	tdg q[13]
Gate( 4435)	 t q[0]
Gate( 4436)	cx q[9], q[0]
Gate( 4437)	 s q[9]
Gate( 4438)	cx q[0], q[13]
Gate( 4439)	cx q[13], q[9]
Gate( 4440)	 h q[0]
Gate( 4441)	 h q[13]
Gate( 4442)	tdg q[7]
Gate( 4443)	 t q[8]
Gate( 4444)	 t q[13]
Gate( 4445)	cx q[8], q[7]
Gate( 4446)	cx q[7], q[13]
Gate( 4447)	tdg q[7]
Gate( 4448)	cx q[13], q[8]
Gate( 4449)	cx q[7], q[8]
Gate( 4450)	tdg q[7]
Gate( 4451)	tdg q[8]
Gate( 4452)	 t q[13]
Gate( 4453)	cx q[7], q[13]
Gate( 4454)	 s q[7]
Gate( 4455)	cx q[13], q[8]
Gate( 4456)	cx q[8], q[7]
Gate( 4457)	 h q[13]
Gate( 4458)	 h q[0]
Gate( 4459)	tdg q[9]
Gate( 4460)	 t q[13]
Gate( 4461)	 t q[0]
Gate( 4462)	cx q[13], q[9]
Gate( 4463)	cx q[9], q[0]
Gate( 4464)	tdg q[9]
Gate( 4465)	cx q[0], q[13]
Gate( 4466)	cx q[9], q[13]
Gate( 4467)	tdg q[9]
Gate( 4468)	tdg q[13]
Gate( 4469)	 t q[0]
Gate( 4470)	cx q[9], q[0]
Gate( 4471)	 s q[9]
Gate( 4472)	cx q[0], q[13]
Gate( 4473)	cx q[13], q[9]
Gate( 4474)	 h q[0]
Gate( 4475)	 h q[13]
Gate( 4476)	tdg q[7]
Gate( 4477)	 t q[8]
Gate( 4478)	 t q[13]
Gate( 4479)	cx q[8], q[7]
Gate( 4480)	cx q[7], q[13]
Gate( 4481)	tdg q[7]
Gate( 4482)	cx q[13], q[8]
Gate( 4483)	cx q[7], q[8]
Gate( 4484)	tdg q[7]
Gate( 4485)	tdg q[8]
Gate( 4486)	 t q[13]
Gate( 4487)	cx q[7], q[13]
Gate( 4488)	 s q[7]
Gate( 4489)	cx q[13], q[8]
Gate( 4490)	cx q[8], q[7]
Gate( 4491)	 h q[13]
Gate( 4492)	 h q[13]
Gate( 4493)	tdg q[0]
Gate( 4494)	 t q[9]
Gate( 4495)	 t q[13]
Gate( 4496)	cx q[9], q[0]
Gate( 4497)	cx q[0], q[13]
Gate( 4498)	tdg q[0]
Gate( 4499)	cx q[13], q[9]
Gate( 4500)	cx q[0], q[9]
Gate( 4501)	tdg q[0]
Gate( 4502)	tdg q[9]
Gate( 4503)	 t q[13]
Gate( 4504)	cx q[0], q[13]
Gate( 4505)	 s q[0]
Gate( 4506)	cx q[13], q[9]
Gate( 4507)	cx q[9], q[0]
Gate( 4508)	 h q[13]
Gate( 4509)	 h q[9]
Gate( 4510)	tdg q[12]
Gate( 4511)	 t q[8]
Gate( 4512)	 t q[9]
Gate( 4513)	cx q[8], q[12]
Gate( 4514)	cx q[12], q[9]
Gate( 4515)	tdg q[12]
Gate( 4516)	cx q[9], q[8]
Gate( 4517)	cx q[12], q[8]
Gate( 4518)	tdg q[12]
Gate( 4519)	tdg q[8]
Gate( 4520)	 t q[9]
Gate( 4521)	cx q[12], q[9]
Gate( 4522)	 s q[12]
Gate( 4523)	cx q[9], q[8]
Gate( 4524)	cx q[8], q[12]
Gate( 4525)	 h q[9]
Gate( 4526)	 h q[8]
Gate( 4527)	tdg q[10]
Gate( 4528)	 t q[11]
Gate( 4529)	 t q[8]
Gate( 4530)	cx q[11], q[10]
Gate( 4531)	cx q[10], q[8]
Gate( 4532)	tdg q[10]
Gate( 4533)	cx q[8], q[11]
Gate( 4534)	cx q[10], q[11]
Gate( 4535)	tdg q[10]
Gate( 4536)	tdg q[11]
Gate( 4537)	 t q[8]
Gate( 4538)	cx q[10], q[8]
Gate( 4539)	 s q[10]
Gate( 4540)	cx q[8], q[11]
Gate( 4541)	cx q[11], q[10]
Gate( 4542)	 h q[8]
Gate( 4543)	 h q[9]
Gate( 4544)	tdg q[12]
Gate( 4545)	 t q[8]
Gate( 4546)	 t q[9]
Gate( 4547)	cx q[8], q[12]
Gate( 4548)	cx q[12], q[9]
Gate( 4549)	tdg q[12]
Gate( 4550)	cx q[9], q[8]
Gate( 4551)	cx q[12], q[8]
Gate( 4552)	tdg q[12]
Gate( 4553)	tdg q[8]
Gate( 4554)	 t q[9]
Gate( 4555)	cx q[12], q[9]
Gate( 4556)	 s q[12]
Gate( 4557)	cx q[9], q[8]
Gate( 4558)	cx q[8], q[12]
Gate( 4559)	 h q[9]
Gate( 4560)	 h q[13]
Gate( 4561)	tdg q[0]
Gate( 4562)	 t q[9]
Gate( 4563)	 t q[13]
Gate( 4564)	cx q[9], q[0]
Gate( 4565)	cx q[0], q[13]
Gate( 4566)	tdg q[0]
Gate( 4567)	cx q[13], q[9]
Gate( 4568)	cx q[0], q[9]
Gate( 4569)	tdg q[0]
Gate( 4570)	tdg q[9]
Gate( 4571)	 t q[13]
Gate( 4572)	cx q[0], q[13]
Gate( 4573)	 s q[0]
Gate( 4574)	cx q[13], q[9]
Gate( 4575)	cx q[9], q[0]
Gate( 4576)	 h q[13]
Gate( 4577)	 h q[9]
Gate( 4578)	tdg q[12]
Gate( 4579)	 t q[8]
Gate( 4580)	 t q[9]
Gate( 4581)	cx q[8], q[12]
Gate( 4582)	cx q[12], q[9]
Gate( 4583)	tdg q[12]
Gate( 4584)	cx q[9], q[8]
Gate( 4585)	cx q[12], q[8]
Gate( 4586)	tdg q[12]
Gate( 4587)	tdg q[8]
Gate( 4588)	 t q[9]
Gate( 4589)	cx q[12], q[9]
Gate( 4590)	 s q[12]
Gate( 4591)	cx q[9], q[8]
Gate( 4592)	cx q[8], q[12]
Gate( 4593)	 h q[9]
Gate( 4594)	 h q[8]
Gate( 4595)	tdg q[10]
Gate( 4596)	 t q[11]
Gate( 4597)	 t q[8]
Gate( 4598)	cx q[11], q[10]
Gate( 4599)	cx q[10], q[8]
Gate( 4600)	tdg q[10]
Gate( 4601)	cx q[8], q[11]
Gate( 4602)	cx q[10], q[11]
Gate( 4603)	tdg q[10]
Gate( 4604)	tdg q[11]
Gate( 4605)	 t q[8]
Gate( 4606)	cx q[10], q[8]
Gate( 4607)	 s q[10]
Gate( 4608)	cx q[8], q[11]
Gate( 4609)	cx q[11], q[10]
Gate( 4610)	 h q[8]
Gate( 4611)	 h q[9]
Gate( 4612)	tdg q[12]
Gate( 4613)	 t q[8]
Gate( 4614)	 t q[9]
Gate( 4615)	cx q[8], q[12]
Gate( 4616)	cx q[12], q[9]
Gate( 4617)	tdg q[12]
Gate( 4618)	cx q[9], q[8]
Gate( 4619)	cx q[12], q[8]
Gate( 4620)	tdg q[12]
Gate( 4621)	tdg q[8]
Gate( 4622)	 t q[9]
Gate( 4623)	cx q[12], q[9]
Gate( 4624)	 s q[12]
Gate( 4625)	cx q[9], q[8]
Gate( 4626)	cx q[8], q[12]
Gate( 4627)	 h q[9]
Gate( 4628)	 h q[0]
Gate( 4629)	tdg q[9]
Gate( 4630)	 t q[13]
Gate( 4631)	 t q[0]
Gate( 4632)	cx q[13], q[9]
Gate( 4633)	cx q[9], q[0]
Gate( 4634)	tdg q[9]
Gate( 4635)	cx q[0], q[13]
Gate( 4636)	cx q[9], q[13]
Gate( 4637)	tdg q[9]
Gate( 4638)	tdg q[13]
Gate( 4639)	 t q[0]
Gate( 4640)	cx q[9], q[0]
Gate( 4641)	 s q[9]
Gate( 4642)	cx q[0], q[13]
Gate( 4643)	cx q[13], q[9]
Gate( 4644)	 h q[0]
Gate( 4645)	 h q[13]
Gate( 4646)	tdg q[7]
Gate( 4647)	 t q[8]
Gate( 4648)	 t q[13]
Gate( 4649)	cx q[8], q[7]
Gate( 4650)	cx q[7], q[13]
Gate( 4651)	tdg q[7]
Gate( 4652)	cx q[13], q[8]
Gate( 4653)	cx q[7], q[8]
Gate( 4654)	tdg q[7]
Gate( 4655)	tdg q[8]
Gate( 4656)	 t q[13]
Gate( 4657)	cx q[7], q[13]
Gate( 4658)	 s q[7]
Gate( 4659)	cx q[13], q[8]
Gate( 4660)	cx q[8], q[7]
Gate( 4661)	 h q[13]
Gate( 4662)	 h q[0]
Gate( 4663)	tdg q[9]
Gate( 4664)	 t q[13]
Gate( 4665)	 t q[0]
Gate( 4666)	cx q[13], q[9]
Gate( 4667)	cx q[9], q[0]
Gate( 4668)	tdg q[9]
Gate( 4669)	cx q[0], q[13]
Gate( 4670)	cx q[9], q[13]
Gate( 4671)	tdg q[9]
Gate( 4672)	tdg q[13]
Gate( 4673)	 t q[0]
Gate( 4674)	cx q[9], q[0]
Gate( 4675)	 s q[9]
Gate( 4676)	cx q[0], q[13]
Gate( 4677)	cx q[13], q[9]
Gate( 4678)	 h q[0]
Gate( 4679)	 h q[13]
Gate( 4680)	tdg q[7]
Gate( 4681)	 t q[8]
Gate( 4682)	 t q[13]
Gate( 4683)	cx q[8], q[7]
Gate( 4684)	cx q[7], q[13]
Gate( 4685)	tdg q[7]
Gate( 4686)	cx q[13], q[8]
Gate( 4687)	cx q[7], q[8]
Gate( 4688)	tdg q[7]
Gate( 4689)	tdg q[8]
Gate( 4690)	 t q[13]
Gate( 4691)	cx q[7], q[13]
Gate( 4692)	 s q[7]
Gate( 4693)	cx q[13], q[8]
Gate( 4694)	cx q[8], q[7]
Gate( 4695)	 h q[13]
Gate( 4696)	 h q[13]
Gate( 4697)	tdg q[0]
Gate( 4698)	 t q[9]
Gate( 4699)	 t q[13]
Gate( 4700)	cx q[9], q[0]
Gate( 4701)	cx q[0], q[13]
Gate( 4702)	tdg q[0]
Gate( 4703)	cx q[13], q[9]
Gate( 4704)	cx q[0], q[9]
Gate( 4705)	tdg q[0]
Gate( 4706)	tdg q[9]
Gate( 4707)	 t q[13]
Gate( 4708)	cx q[0], q[13]
Gate( 4709)	 s q[0]
Gate( 4710)	cx q[13], q[9]
Gate( 4711)	cx q[9], q[0]
Gate( 4712)	 h q[13]
Gate( 4713)	 h q[9]
Gate( 4714)	tdg q[12]
Gate( 4715)	 t q[8]
Gate( 4716)	 t q[9]
Gate( 4717)	cx q[8], q[12]
Gate( 4718)	cx q[12], q[9]
Gate( 4719)	tdg q[12]
Gate( 4720)	cx q[9], q[8]
Gate( 4721)	cx q[12], q[8]
Gate( 4722)	tdg q[12]
Gate( 4723)	tdg q[8]
Gate( 4724)	 t q[9]
Gate( 4725)	cx q[12], q[9]
Gate( 4726)	 s q[12]
Gate( 4727)	cx q[9], q[8]
Gate( 4728)	cx q[8], q[12]
Gate( 4729)	 h q[9]
Gate( 4730)	 h q[8]
Gate( 4731)	tdg q[10]
Gate( 4732)	 t q[11]
Gate( 4733)	 t q[8]
Gate( 4734)	cx q[11], q[10]
Gate( 4735)	cx q[10], q[8]
Gate( 4736)	tdg q[10]
Gate( 4737)	cx q[8], q[11]
Gate( 4738)	cx q[10], q[11]
Gate( 4739)	tdg q[10]
Gate( 4740)	tdg q[11]
Gate( 4741)	 t q[8]
Gate( 4742)	cx q[10], q[8]
Gate( 4743)	 s q[10]
Gate( 4744)	cx q[8], q[11]
Gate( 4745)	cx q[11], q[10]
Gate( 4746)	 h q[8]
Gate( 4747)	 h q[9]
Gate( 4748)	tdg q[12]
Gate( 4749)	 t q[8]
Gate( 4750)	 t q[9]
Gate( 4751)	cx q[8], q[12]
Gate( 4752)	cx q[12], q[9]
Gate( 4753)	tdg q[12]
Gate( 4754)	cx q[9], q[8]
Gate( 4755)	cx q[12], q[8]
Gate( 4756)	tdg q[12]
Gate( 4757)	tdg q[8]
Gate( 4758)	 t q[9]
Gate( 4759)	cx q[12], q[9]
Gate( 4760)	 s q[12]
Gate( 4761)	cx q[9], q[8]
Gate( 4762)	cx q[8], q[12]
Gate( 4763)	 h q[9]
Gate( 4764)	 h q[13]
Gate( 4765)	tdg q[0]
Gate( 4766)	 t q[9]
Gate( 4767)	 t q[13]
Gate( 4768)	cx q[9], q[0]
Gate( 4769)	cx q[0], q[13]
Gate( 4770)	tdg q[0]
Gate( 4771)	cx q[13], q[9]
Gate( 4772)	cx q[0], q[9]
Gate( 4773)	tdg q[0]
Gate( 4774)	tdg q[9]
Gate( 4775)	 t q[13]
Gate( 4776)	cx q[0], q[13]
Gate( 4777)	 s q[0]
Gate( 4778)	cx q[13], q[9]
Gate( 4779)	cx q[9], q[0]
Gate( 4780)	 h q[13]
Gate( 4781)	 h q[9]
Gate( 4782)	tdg q[12]
Gate( 4783)	 t q[8]
Gate( 4784)	 t q[9]
Gate( 4785)	cx q[8], q[12]
Gate( 4786)	cx q[12], q[9]
Gate( 4787)	tdg q[12]
Gate( 4788)	cx q[9], q[8]
Gate( 4789)	cx q[12], q[8]
Gate( 4790)	tdg q[12]
Gate( 4791)	tdg q[8]
Gate( 4792)	 t q[9]
Gate( 4793)	cx q[12], q[9]
Gate( 4794)	 s q[12]
Gate( 4795)	cx q[9], q[8]
Gate( 4796)	cx q[8], q[12]
Gate( 4797)	 h q[9]
Gate( 4798)	 h q[8]
Gate( 4799)	tdg q[10]
Gate( 4800)	 t q[11]
Gate( 4801)	 t q[8]
Gate( 4802)	cx q[11], q[10]
Gate( 4803)	cx q[10], q[8]
Gate( 4804)	tdg q[10]
Gate( 4805)	cx q[8], q[11]
Gate( 4806)	cx q[10], q[11]
Gate( 4807)	tdg q[10]
Gate( 4808)	tdg q[11]
Gate( 4809)	 t q[8]
Gate( 4810)	cx q[10], q[8]
Gate( 4811)	 s q[10]
Gate( 4812)	cx q[8], q[11]
Gate( 4813)	cx q[11], q[10]
Gate( 4814)	 h q[8]
Gate( 4815)	 h q[9]
Gate( 4816)	tdg q[12]
Gate( 4817)	 t q[8]
Gate( 4818)	 t q[9]
Gate( 4819)	cx q[8], q[12]
Gate( 4820)	cx q[12], q[9]
Gate( 4821)	tdg q[12]
Gate( 4822)	cx q[9], q[8]
Gate( 4823)	cx q[12], q[8]
Gate( 4824)	tdg q[12]
Gate( 4825)	tdg q[8]
Gate( 4826)	 t q[9]
Gate( 4827)	cx q[12], q[9]
Gate( 4828)	 s q[12]
Gate( 4829)	cx q[9], q[8]
Gate( 4830)	cx q[8], q[12]
Gate( 4831)	 h q[9]
Gate( 4832)	 h q[13]
Gate( 4833)	 x q[7]
Gate( 4834)	 x q[9]
Gate( 4835)	 x q[10]
Gate( 4836)	 x q[11]
Gate( 4837)	 x q[12]
Gate( 4838)	 x q[13]
Gate( 4839)	cx q[7], q[0]
Gate( 4840)	cx q[9], q[1]
Gate( 4841)	cx q[11], q[2]
Gate( 4842)	cx q[13], q[3]
Gate( 4843)	cx q[8], q[4]
Gate( 4844)	cx q[9], q[4]
Gate( 4845)	cx q[10], q[5]
Gate( 4846)	cx q[11], q[5]
Gate( 4847)	cx q[12], q[6]
Gate( 4848)	cx q[13], q[6]
Gate( 4849)	 h q[0]
Gate( 4850)	 h q[1]
Gate( 4851)	 h q[2]
Gate( 4852)	 h q[3]
Gate( 4853)	 h q[4]
Gate( 4854)	 h q[5]
Gate( 4855)	 h q[6]
Gate( 4856)	 x q[0]
Gate( 4857)	 x q[1]
Gate( 4858)	 x q[2]
Gate( 4859)	 x q[3]
Gate( 4860)	 x q[4]
Gate( 4861)	 x q[5]
Gate( 4862)	 x q[6]
Gate( 4863)	 h q[6]
Gate( 4864)	 h q[14]
Gate( 4865)	tdg q[2]
Gate( 4866)	 t q[6]
Gate( 4867)	 t q[14]
Gate( 4868)	cx q[6], q[2]
Gate( 4869)	cx q[2], q[14]
Gate( 4870)	tdg q[2]
Gate( 4871)	cx q[14], q[6]
Gate( 4872)	cx q[2], q[6]
Gate( 4873)	tdg q[2]
Gate( 4874)	tdg q[6]
Gate( 4875)	 t q[14]
Gate( 4876)	cx q[2], q[14]
Gate( 4877)	 s q[2]
Gate( 4878)	cx q[14], q[6]
Gate( 4879)	cx q[6], q[2]
Gate( 4880)	 h q[14]
Gate( 4881)	 h q[6]
Gate( 4882)	tdg q[0]
Gate( 4883)	 t q[1]
Gate( 4884)	 t q[6]
Gate( 4885)	cx q[1], q[0]
Gate( 4886)	cx q[0], q[6]
Gate( 4887)	tdg q[0]
Gate( 4888)	cx q[6], q[1]
Gate( 4889)	cx q[0], q[1]
Gate( 4890)	tdg q[0]
Gate( 4891)	tdg q[1]
Gate( 4892)	 t q[6]
Gate( 4893)	cx q[0], q[6]
Gate( 4894)	 s q[0]
Gate( 4895)	cx q[6], q[1]
Gate( 4896)	cx q[1], q[0]
Gate( 4897)	 h q[6]
Gate( 4898)	 h q[14]
Gate( 4899)	tdg q[2]
Gate( 4900)	 t q[6]
Gate( 4901)	 t q[14]
Gate( 4902)	cx q[6], q[2]
Gate( 4903)	cx q[2], q[14]
Gate( 4904)	tdg q[2]
Gate( 4905)	cx q[14], q[6]
Gate( 4906)	cx q[2], q[6]
Gate( 4907)	tdg q[2]
Gate( 4908)	tdg q[6]
Gate( 4909)	 t q[14]
Gate( 4910)	cx q[2], q[14]
Gate( 4911)	 s q[2]
Gate( 4912)	cx q[14], q[6]
Gate( 4913)	cx q[6], q[2]
Gate( 4914)	 h q[14]
Gate( 4915)	 h q[6]
Gate( 4916)	tdg q[0]
Gate( 4917)	 t q[1]
Gate( 4918)	 t q[6]
Gate( 4919)	cx q[1], q[0]
Gate( 4920)	cx q[0], q[6]
Gate( 4921)	tdg q[0]
Gate( 4922)	cx q[6], q[1]
Gate( 4923)	cx q[0], q[1]
Gate( 4924)	tdg q[0]
Gate( 4925)	tdg q[1]
Gate( 4926)	 t q[6]
Gate( 4927)	cx q[0], q[6]
Gate( 4928)	 s q[0]
Gate( 4929)	cx q[6], q[1]
Gate( 4930)	cx q[1], q[0]
Gate( 4931)	 h q[6]
Gate( 4932)	 h q[6]
Gate( 4933)	tdg q[14]
Gate( 4934)	 t q[2]
Gate( 4935)	 t q[6]
Gate( 4936)	cx q[2], q[14]
Gate( 4937)	cx q[14], q[6]
Gate( 4938)	tdg q[14]
Gate( 4939)	cx q[6], q[2]
Gate( 4940)	cx q[14], q[2]
Gate( 4941)	tdg q[14]
Gate( 4942)	tdg q[2]
Gate( 4943)	 t q[6]
Gate( 4944)	cx q[14], q[6]
Gate( 4945)	 s q[14]
Gate( 4946)	cx q[6], q[2]
Gate( 4947)	cx q[2], q[14]
Gate( 4948)	 h q[6]
Gate( 4949)	 h q[2]
Gate( 4950)	tdg q[5]
Gate( 4951)	 t q[1]
Gate( 4952)	 t q[2]
Gate( 4953)	cx q[1], q[5]
Gate( 4954)	cx q[5], q[2]
Gate( 4955)	tdg q[5]
Gate( 4956)	cx q[2], q[1]
Gate( 4957)	cx q[5], q[1]
Gate( 4958)	tdg q[5]
Gate( 4959)	tdg q[1]
Gate( 4960)	 t q[2]
Gate( 4961)	cx q[5], q[2]
Gate( 4962)	 s q[5]
Gate( 4963)	cx q[2], q[1]
Gate( 4964)	cx q[1], q[5]
Gate( 4965)	 h q[2]
Gate( 4966)	 h q[1]
Gate( 4967)	tdg q[3]
Gate( 4968)	 t q[4]
Gate( 4969)	 t q[1]
Gate( 4970)	cx q[4], q[3]
Gate( 4971)	cx q[3], q[1]
Gate( 4972)	tdg q[3]
Gate( 4973)	cx q[1], q[4]
Gate( 4974)	cx q[3], q[4]
Gate( 4975)	tdg q[3]
Gate( 4976)	tdg q[4]
Gate( 4977)	 t q[1]
Gate( 4978)	cx q[3], q[1]
Gate( 4979)	 s q[3]
Gate( 4980)	cx q[1], q[4]
Gate( 4981)	cx q[4], q[3]
Gate( 4982)	 h q[1]
Gate( 4983)	 h q[2]
Gate( 4984)	tdg q[5]
Gate( 4985)	 t q[1]
Gate( 4986)	 t q[2]
Gate( 4987)	cx q[1], q[5]
Gate( 4988)	cx q[5], q[2]
Gate( 4989)	tdg q[5]
Gate( 4990)	cx q[2], q[1]
Gate( 4991)	cx q[5], q[1]
Gate( 4992)	tdg q[5]
Gate( 4993)	tdg q[1]
Gate( 4994)	 t q[2]
Gate( 4995)	cx q[5], q[2]
Gate( 4996)	 s q[5]
Gate( 4997)	cx q[2], q[1]
Gate( 4998)	cx q[1], q[5]
Gate( 4999)	 h q[2]
Gate( 5000)	 h q[6]
Gate( 5001)	tdg q[14]
Gate( 5002)	 t q[2]
Gate( 5003)	 t q[6]
Gate( 5004)	cx q[2], q[14]
Gate( 5005)	cx q[14], q[6]
Gate( 5006)	tdg q[14]
Gate( 5007)	cx q[6], q[2]
Gate( 5008)	cx q[14], q[2]
Gate( 5009)	tdg q[14]
Gate( 5010)	tdg q[2]
Gate( 5011)	 t q[6]
Gate( 5012)	cx q[14], q[6]
Gate( 5013)	 s q[14]
Gate( 5014)	cx q[6], q[2]
Gate( 5015)	cx q[2], q[14]
Gate( 5016)	 h q[6]
Gate( 5017)	 h q[2]
Gate( 5018)	tdg q[5]
Gate( 5019)	 t q[1]
Gate( 5020)	 t q[2]
Gate( 5021)	cx q[1], q[5]
Gate( 5022)	cx q[5], q[2]
Gate( 5023)	tdg q[5]
Gate( 5024)	cx q[2], q[1]
Gate( 5025)	cx q[5], q[1]
Gate( 5026)	tdg q[5]
Gate( 5027)	tdg q[1]
Gate( 5028)	 t q[2]
Gate( 5029)	cx q[5], q[2]
Gate( 5030)	 s q[5]
Gate( 5031)	cx q[2], q[1]
Gate( 5032)	cx q[1], q[5]
Gate( 5033)	 h q[2]
Gate( 5034)	 h q[1]
Gate( 5035)	tdg q[3]
Gate( 5036)	 t q[4]
Gate( 5037)	 t q[1]
Gate( 5038)	cx q[4], q[3]
Gate( 5039)	cx q[3], q[1]
Gate( 5040)	tdg q[3]
Gate( 5041)	cx q[1], q[4]
Gate( 5042)	cx q[3], q[4]
Gate( 5043)	tdg q[3]
Gate( 5044)	tdg q[4]
Gate( 5045)	 t q[1]
Gate( 5046)	cx q[3], q[1]
Gate( 5047)	 s q[3]
Gate( 5048)	cx q[1], q[4]
Gate( 5049)	cx q[4], q[3]
Gate( 5050)	 h q[1]
Gate( 5051)	 h q[2]
Gate( 5052)	tdg q[5]
Gate( 5053)	 t q[1]
Gate( 5054)	 t q[2]
Gate( 5055)	cx q[1], q[5]
Gate( 5056)	cx q[5], q[2]
Gate( 5057)	tdg q[5]
Gate( 5058)	cx q[2], q[1]
Gate( 5059)	cx q[5], q[1]
Gate( 5060)	tdg q[5]
Gate( 5061)	tdg q[1]
Gate( 5062)	 t q[2]
Gate( 5063)	cx q[5], q[2]
Gate( 5064)	 s q[5]
Gate( 5065)	cx q[2], q[1]
Gate( 5066)	cx q[1], q[5]
Gate( 5067)	 h q[2]
Gate( 5068)	 h q[14]
Gate( 5069)	tdg q[2]
Gate( 5070)	 t q[6]
Gate( 5071)	 t q[14]
Gate( 5072)	cx q[6], q[2]
Gate( 5073)	cx q[2], q[14]
Gate( 5074)	tdg q[2]
Gate( 5075)	cx q[14], q[6]
Gate( 5076)	cx q[2], q[6]
Gate( 5077)	tdg q[2]
Gate( 5078)	tdg q[6]
Gate( 5079)	 t q[14]
Gate( 5080)	cx q[2], q[14]
Gate( 5081)	 s q[2]
Gate( 5082)	cx q[14], q[6]
Gate( 5083)	cx q[6], q[2]
Gate( 5084)	 h q[14]
Gate( 5085)	 h q[6]
Gate( 5086)	tdg q[0]
Gate( 5087)	 t q[1]
Gate( 5088)	 t q[6]
Gate( 5089)	cx q[1], q[0]
Gate( 5090)	cx q[0], q[6]
Gate( 5091)	tdg q[0]
Gate( 5092)	cx q[6], q[1]
Gate( 5093)	cx q[0], q[1]
Gate( 5094)	tdg q[0]
Gate( 5095)	tdg q[1]
Gate( 5096)	 t q[6]
Gate( 5097)	cx q[0], q[6]
Gate( 5098)	 s q[0]
Gate( 5099)	cx q[6], q[1]
Gate( 5100)	cx q[1], q[0]
Gate( 5101)	 h q[6]
Gate( 5102)	 h q[14]
Gate( 5103)	tdg q[2]
Gate( 5104)	 t q[6]
Gate( 5105)	 t q[14]
Gate( 5106)	cx q[6], q[2]
Gate( 5107)	cx q[2], q[14]
Gate( 5108)	tdg q[2]
Gate( 5109)	cx q[14], q[6]
Gate( 5110)	cx q[2], q[6]
Gate( 5111)	tdg q[2]
Gate( 5112)	tdg q[6]
Gate( 5113)	 t q[14]
Gate( 5114)	cx q[2], q[14]
Gate( 5115)	 s q[2]
Gate( 5116)	cx q[14], q[6]
Gate( 5117)	cx q[6], q[2]
Gate( 5118)	 h q[14]
Gate( 5119)	 h q[6]
Gate( 5120)	tdg q[0]
Gate( 5121)	 t q[1]
Gate( 5122)	 t q[6]
Gate( 5123)	cx q[1], q[0]
Gate( 5124)	cx q[0], q[6]
Gate( 5125)	tdg q[0]
Gate( 5126)	cx q[6], q[1]
Gate( 5127)	cx q[0], q[1]
Gate( 5128)	tdg q[0]
Gate( 5129)	tdg q[1]
Gate( 5130)	 t q[6]
Gate( 5131)	cx q[0], q[6]
Gate( 5132)	 s q[0]
Gate( 5133)	cx q[6], q[1]
Gate( 5134)	cx q[1], q[0]
Gate( 5135)	 h q[6]
Gate( 5136)	 h q[6]
Gate( 5137)	tdg q[14]
Gate( 5138)	 t q[2]
Gate( 5139)	 t q[6]
Gate( 5140)	cx q[2], q[14]
Gate( 5141)	cx q[14], q[6]
Gate( 5142)	tdg q[14]
Gate( 5143)	cx q[6], q[2]
Gate( 5144)	cx q[14], q[2]
Gate( 5145)	tdg q[14]
Gate( 5146)	tdg q[2]
Gate( 5147)	 t q[6]
Gate( 5148)	cx q[14], q[6]
Gate( 5149)	 s q[14]
Gate( 5150)	cx q[6], q[2]
Gate( 5151)	cx q[2], q[14]
Gate( 5152)	 h q[6]
Gate( 5153)	 h q[2]
Gate( 5154)	tdg q[5]
Gate( 5155)	 t q[1]
Gate( 5156)	 t q[2]
Gate( 5157)	cx q[1], q[5]
Gate( 5158)	cx q[5], q[2]
Gate( 5159)	tdg q[5]
Gate( 5160)	cx q[2], q[1]
Gate( 5161)	cx q[5], q[1]
Gate( 5162)	tdg q[5]
Gate( 5163)	tdg q[1]
Gate( 5164)	 t q[2]
Gate( 5165)	cx q[5], q[2]
Gate( 5166)	 s q[5]
Gate( 5167)	cx q[2], q[1]
Gate( 5168)	cx q[1], q[5]
Gate( 5169)	 h q[2]
Gate( 5170)	 h q[1]
Gate( 5171)	tdg q[3]
Gate( 5172)	 t q[4]
Gate( 5173)	 t q[1]
Gate( 5174)	cx q[4], q[3]
Gate( 5175)	cx q[3], q[1]
Gate( 5176)	tdg q[3]
Gate( 5177)	cx q[1], q[4]
Gate( 5178)	cx q[3], q[4]
Gate( 5179)	tdg q[3]
Gate( 5180)	tdg q[4]
Gate( 5181)	 t q[1]
Gate( 5182)	cx q[3], q[1]
Gate( 5183)	 s q[3]
Gate( 5184)	cx q[1], q[4]
Gate( 5185)	cx q[4], q[3]
Gate( 5186)	 h q[1]
Gate( 5187)	 h q[2]
Gate( 5188)	tdg q[5]
Gate( 5189)	 t q[1]
Gate( 5190)	 t q[2]
Gate( 5191)	cx q[1], q[5]
Gate( 5192)	cx q[5], q[2]
Gate( 5193)	tdg q[5]
Gate( 5194)	cx q[2], q[1]
Gate( 5195)	cx q[5], q[1]
Gate( 5196)	tdg q[5]
Gate( 5197)	tdg q[1]
Gate( 5198)	 t q[2]
Gate( 5199)	cx q[5], q[2]
Gate( 5200)	 s q[5]
Gate( 5201)	cx q[2], q[1]
Gate( 5202)	cx q[1], q[5]
Gate( 5203)	 h q[2]
Gate( 5204)	 h q[6]
Gate( 5205)	tdg q[14]
Gate( 5206)	 t q[2]
Gate( 5207)	 t q[6]
Gate( 5208)	cx q[2], q[14]
Gate( 5209)	cx q[14], q[6]
Gate( 5210)	tdg q[14]
Gate( 5211)	cx q[6], q[2]
Gate( 5212)	cx q[14], q[2]
Gate( 5213)	tdg q[14]
Gate( 5214)	tdg q[2]
Gate( 5215)	 t q[6]
Gate( 5216)	cx q[14], q[6]
Gate( 5217)	 s q[14]
Gate( 5218)	cx q[6], q[2]
Gate( 5219)	cx q[2], q[14]
Gate( 5220)	 h q[6]
Gate( 5221)	 h q[2]
Gate( 5222)	tdg q[5]
Gate( 5223)	 t q[1]
Gate( 5224)	 t q[2]
Gate( 5225)	cx q[1], q[5]
Gate( 5226)	cx q[5], q[2]
Gate( 5227)	tdg q[5]
Gate( 5228)	cx q[2], q[1]
Gate( 5229)	cx q[5], q[1]
Gate( 5230)	tdg q[5]
Gate( 5231)	tdg q[1]
Gate( 5232)	 t q[2]
Gate( 5233)	cx q[5], q[2]
Gate( 5234)	 s q[5]
Gate( 5235)	cx q[2], q[1]
Gate( 5236)	cx q[1], q[5]
Gate( 5237)	 h q[2]
Gate( 5238)	 h q[1]
Gate( 5239)	tdg q[3]
Gate( 5240)	 t q[4]
Gate( 5241)	 t q[1]
Gate( 5242)	cx q[4], q[3]
Gate( 5243)	cx q[3], q[1]
Gate( 5244)	tdg q[3]
Gate( 5245)	cx q[1], q[4]
Gate( 5246)	cx q[3], q[4]
Gate( 5247)	tdg q[3]
Gate( 5248)	tdg q[4]
Gate( 5249)	 t q[1]
Gate( 5250)	cx q[3], q[1]
Gate( 5251)	 s q[3]
Gate( 5252)	cx q[1], q[4]
Gate( 5253)	cx q[4], q[3]
Gate( 5254)	 h q[1]
Gate( 5255)	 h q[2]
Gate( 5256)	tdg q[5]
Gate( 5257)	 t q[1]
Gate( 5258)	 t q[2]
Gate( 5259)	cx q[1], q[5]
Gate( 5260)	cx q[5], q[2]
Gate( 5261)	tdg q[5]
Gate( 5262)	cx q[2], q[1]
Gate( 5263)	cx q[5], q[1]
Gate( 5264)	tdg q[5]
Gate( 5265)	tdg q[1]
Gate( 5266)	 t q[2]
Gate( 5267)	cx q[5], q[2]
Gate( 5268)	 s q[5]
Gate( 5269)	cx q[2], q[1]
Gate( 5270)	cx q[1], q[5]
Gate( 5271)	 h q[2]
Gate( 5272)	 h q[6]
Gate( 5273)	 x q[0]
Gate( 5274)	 x q[1]
Gate( 5275)	 x q[2]
Gate( 5276)	 x q[3]
Gate( 5277)	 x q[4]
Gate( 5278)	 x q[5]
Gate( 5279)	 x q[6]
Gate( 5280)	 h q[0]
Gate( 5281)	 h q[1]
Gate( 5282)	 h q[2]
Gate( 5283)	 h q[3]
Gate( 5284)	 h q[4]
Gate( 5285)	 h q[5]
Gate( 5286)	 h q[6]
Gate( 5287)	cx q[7], q[0]
Gate( 5288)	cx q[9], q[1]
Gate( 5289)	cx q[11], q[2]
Gate( 5290)	cx q[13], q[3]
Gate( 5291)	cx q[8], q[4]
Gate( 5292)	cx q[9], q[4]
Gate( 5293)	cx q[10], q[5]
Gate( 5294)	cx q[11], q[5]
Gate( 5295)	cx q[12], q[6]
Gate( 5296)	cx q[13], q[6]
Gate( 5297)	 x q[7]
Gate( 5298)	 x q[9]
Gate( 5299)	 x q[10]
Gate( 5300)	 x q[11]
Gate( 5301)	 x q[12]
Gate( 5302)	 x q[13]
Gate( 5303)	 h q[13]
Gate( 5304)	 h q[0]
Gate( 5305)	tdg q[9]
Gate( 5306)	 t q[13]
Gate( 5307)	 t q[0]
Gate( 5308)	cx q[13], q[9]
Gate( 5309)	cx q[9], q[0]
Gate( 5310)	tdg q[9]
Gate( 5311)	cx q[0], q[13]
Gate( 5312)	cx q[9], q[13]
Gate( 5313)	tdg q[9]
Gate( 5314)	tdg q[13]
Gate( 5315)	 t q[0]
Gate( 5316)	cx q[9], q[0]
Gate( 5317)	 s q[9]
Gate( 5318)	cx q[0], q[13]
Gate( 5319)	cx q[13], q[9]
Gate( 5320)	 h q[0]
Gate( 5321)	 h q[13]
Gate( 5322)	tdg q[7]
Gate( 5323)	 t q[8]
Gate( 5324)	 t q[13]
Gate( 5325)	cx q[8], q[7]
Gate( 5326)	cx q[7], q[13]
Gate( 5327)	tdg q[7]
Gate( 5328)	cx q[13], q[8]
Gate( 5329)	cx q[7], q[8]
Gate( 5330)	tdg q[7]
Gate( 5331)	tdg q[8]
Gate( 5332)	 t q[13]
Gate( 5333)	cx q[7], q[13]
Gate( 5334)	 s q[7]
Gate( 5335)	cx q[13], q[8]
Gate( 5336)	cx q[8], q[7]
Gate( 5337)	 h q[13]
Gate( 5338)	 h q[0]
Gate( 5339)	tdg q[9]
Gate( 5340)	 t q[13]
Gate( 5341)	 t q[0]
Gate( 5342)	cx q[13], q[9]
Gate( 5343)	cx q[9], q[0]
Gate( 5344)	tdg q[9]
Gate( 5345)	cx q[0], q[13]
Gate( 5346)	cx q[9], q[13]
Gate( 5347)	tdg q[9]
Gate( 5348)	tdg q[13]
Gate( 5349)	 t q[0]
Gate( 5350)	cx q[9], q[0]
Gate( 5351)	 s q[9]
Gate( 5352)	cx q[0], q[13]
Gate( 5353)	cx q[13], q[9]
Gate( 5354)	 h q[0]
Gate( 5355)	 h q[13]
Gate( 5356)	tdg q[7]
Gate( 5357)	 t q[8]
Gate( 5358)	 t q[13]
Gate( 5359)	cx q[8], q[7]
Gate( 5360)	cx q[7], q[13]
Gate( 5361)	tdg q[7]
Gate( 5362)	cx q[13], q[8]
Gate( 5363)	cx q[7], q[8]
Gate( 5364)	tdg q[7]
Gate( 5365)	tdg q[8]
Gate( 5366)	 t q[13]
Gate( 5367)	cx q[7], q[13]
Gate( 5368)	 s q[7]
Gate( 5369)	cx q[13], q[8]
Gate( 5370)	cx q[8], q[7]
Gate( 5371)	 h q[13]
Gate( 5372)	 h q[13]
Gate( 5373)	tdg q[0]
Gate( 5374)	 t q[9]
Gate( 5375)	 t q[13]
Gate( 5376)	cx q[9], q[0]
Gate( 5377)	cx q[0], q[13]
Gate( 5378)	tdg q[0]
Gate( 5379)	cx q[13], q[9]
Gate( 5380)	cx q[0], q[9]
Gate( 5381)	tdg q[0]
Gate( 5382)	tdg q[9]
Gate( 5383)	 t q[13]
Gate( 5384)	cx q[0], q[13]
Gate( 5385)	 s q[0]
Gate( 5386)	cx q[13], q[9]
Gate( 5387)	cx q[9], q[0]
Gate( 5388)	 h q[13]
Gate( 5389)	 h q[9]
Gate( 5390)	tdg q[12]
Gate( 5391)	 t q[8]
Gate( 5392)	 t q[9]
Gate( 5393)	cx q[8], q[12]
Gate( 5394)	cx q[12], q[9]
Gate( 5395)	tdg q[12]
Gate( 5396)	cx q[9], q[8]
Gate( 5397)	cx q[12], q[8]
Gate( 5398)	tdg q[12]
Gate( 5399)	tdg q[8]
Gate( 5400)	 t q[9]
Gate( 5401)	cx q[12], q[9]
Gate( 5402)	 s q[12]
Gate( 5403)	cx q[9], q[8]
Gate( 5404)	cx q[8], q[12]
Gate( 5405)	 h q[9]
Gate( 5406)	 h q[8]
Gate( 5407)	tdg q[10]
Gate( 5408)	 t q[11]
Gate( 5409)	 t q[8]
Gate( 5410)	cx q[11], q[10]
Gate( 5411)	cx q[10], q[8]
Gate( 5412)	tdg q[10]
Gate( 5413)	cx q[8], q[11]
Gate( 5414)	cx q[10], q[11]
Gate( 5415)	tdg q[10]
Gate( 5416)	tdg q[11]
Gate( 5417)	 t q[8]
Gate( 5418)	cx q[10], q[8]
Gate( 5419)	 s q[10]
Gate( 5420)	cx q[8], q[11]
Gate( 5421)	cx q[11], q[10]
Gate( 5422)	 h q[8]
Gate( 5423)	 h q[9]
Gate( 5424)	tdg q[12]
Gate( 5425)	 t q[8]
Gate( 5426)	 t q[9]
Gate( 5427)	cx q[8], q[12]
Gate( 5428)	cx q[12], q[9]
Gate( 5429)	tdg q[12]
Gate( 5430)	cx q[9], q[8]
Gate( 5431)	cx q[12], q[8]
Gate( 5432)	tdg q[12]
Gate( 5433)	tdg q[8]
Gate( 5434)	 t q[9]
Gate( 5435)	cx q[12], q[9]
Gate( 5436)	 s q[12]
Gate( 5437)	cx q[9], q[8]
Gate( 5438)	cx q[8], q[12]
Gate( 5439)	 h q[9]
Gate( 5440)	 h q[13]
Gate( 5441)	tdg q[0]
Gate( 5442)	 t q[9]
Gate( 5443)	 t q[13]
Gate( 5444)	cx q[9], q[0]
Gate( 5445)	cx q[0], q[13]
Gate( 5446)	tdg q[0]
Gate( 5447)	cx q[13], q[9]
Gate( 5448)	cx q[0], q[9]
Gate( 5449)	tdg q[0]
Gate( 5450)	tdg q[9]
Gate( 5451)	 t q[13]
Gate( 5452)	cx q[0], q[13]
Gate( 5453)	 s q[0]
Gate( 5454)	cx q[13], q[9]
Gate( 5455)	cx q[9], q[0]
Gate( 5456)	 h q[13]
Gate( 5457)	 h q[9]
Gate( 5458)	tdg q[12]
Gate( 5459)	 t q[8]
Gate( 5460)	 t q[9]
Gate( 5461)	cx q[8], q[12]
Gate( 5462)	cx q[12], q[9]
Gate( 5463)	tdg q[12]
Gate( 5464)	cx q[9], q[8]
Gate( 5465)	cx q[12], q[8]
Gate( 5466)	tdg q[12]
Gate( 5467)	tdg q[8]
Gate( 5468)	 t q[9]
Gate( 5469)	cx q[12], q[9]
Gate( 5470)	 s q[12]
Gate( 5471)	cx q[9], q[8]
Gate( 5472)	cx q[8], q[12]
Gate( 5473)	 h q[9]
Gate( 5474)	 h q[8]
Gate( 5475)	tdg q[10]
Gate( 5476)	 t q[11]
Gate( 5477)	 t q[8]
Gate( 5478)	cx q[11], q[10]
Gate( 5479)	cx q[10], q[8]
Gate( 5480)	tdg q[10]
Gate( 5481)	cx q[8], q[11]
Gate( 5482)	cx q[10], q[11]
Gate( 5483)	tdg q[10]
Gate( 5484)	tdg q[11]
Gate( 5485)	 t q[8]
Gate( 5486)	cx q[10], q[8]
Gate( 5487)	 s q[10]
Gate( 5488)	cx q[8], q[11]
Gate( 5489)	cx q[11], q[10]
Gate( 5490)	 h q[8]
Gate( 5491)	 h q[9]
Gate( 5492)	tdg q[12]
Gate( 5493)	 t q[8]
Gate( 5494)	 t q[9]
Gate( 5495)	cx q[8], q[12]
Gate( 5496)	cx q[12], q[9]
Gate( 5497)	tdg q[12]
Gate( 5498)	cx q[9], q[8]
Gate( 5499)	cx q[12], q[8]
Gate( 5500)	tdg q[12]
Gate( 5501)	tdg q[8]
Gate( 5502)	 t q[9]
Gate( 5503)	cx q[12], q[9]
Gate( 5504)	 s q[12]
Gate( 5505)	cx q[9], q[8]
Gate( 5506)	cx q[8], q[12]
Gate( 5507)	 h q[9]
Gate( 5508)	 h q[0]
Gate( 5509)	tdg q[9]
Gate( 5510)	 t q[13]
Gate( 5511)	 t q[0]
Gate( 5512)	cx q[13], q[9]
Gate( 5513)	cx q[9], q[0]
Gate( 5514)	tdg q[9]
Gate( 5515)	cx q[0], q[13]
Gate( 5516)	cx q[9], q[13]
Gate( 5517)	tdg q[9]
Gate( 5518)	tdg q[13]
Gate( 5519)	 t q[0]
Gate( 5520)	cx q[9], q[0]
Gate( 5521)	 s q[9]
Gate( 5522)	cx q[0], q[13]
Gate( 5523)	cx q[13], q[9]
Gate( 5524)	 h q[0]
Gate( 5525)	 h q[13]
Gate( 5526)	tdg q[7]
Gate( 5527)	 t q[8]
Gate( 5528)	 t q[13]
Gate( 5529)	cx q[8], q[7]
Gate( 5530)	cx q[7], q[13]
Gate( 5531)	tdg q[7]
Gate( 5532)	cx q[13], q[8]
Gate( 5533)	cx q[7], q[8]
Gate( 5534)	tdg q[7]
Gate( 5535)	tdg q[8]
Gate( 5536)	 t q[13]
Gate( 5537)	cx q[7], q[13]
Gate( 5538)	 s q[7]
Gate( 5539)	cx q[13], q[8]
Gate( 5540)	cx q[8], q[7]
Gate( 5541)	 h q[13]
Gate( 5542)	 h q[0]
Gate( 5543)	tdg q[9]
Gate( 5544)	 t q[13]
Gate( 5545)	 t q[0]
Gate( 5546)	cx q[13], q[9]
Gate( 5547)	cx q[9], q[0]
Gate( 5548)	tdg q[9]
Gate( 5549)	cx q[0], q[13]
Gate( 5550)	cx q[9], q[13]
Gate( 5551)	tdg q[9]
Gate( 5552)	tdg q[13]
Gate( 5553)	 t q[0]
Gate( 5554)	cx q[9], q[0]
Gate( 5555)	 s q[9]
Gate( 5556)	cx q[0], q[13]
Gate( 5557)	cx q[13], q[9]
Gate( 5558)	 h q[0]
Gate( 5559)	 h q[13]
Gate( 5560)	tdg q[7]
Gate( 5561)	 t q[8]
Gate( 5562)	 t q[13]
Gate( 5563)	cx q[8], q[7]
Gate( 5564)	cx q[7], q[13]
Gate( 5565)	tdg q[7]
Gate( 5566)	cx q[13], q[8]
Gate( 5567)	cx q[7], q[8]
Gate( 5568)	tdg q[7]
Gate( 5569)	tdg q[8]
Gate( 5570)	 t q[13]
Gate( 5571)	cx q[7], q[13]
Gate( 5572)	 s q[7]
Gate( 5573)	cx q[13], q[8]
Gate( 5574)	cx q[8], q[7]
Gate( 5575)	 h q[13]
Gate( 5576)	 h q[13]
Gate( 5577)	tdg q[0]
Gate( 5578)	 t q[9]
Gate( 5579)	 t q[13]
Gate( 5580)	cx q[9], q[0]
Gate( 5581)	cx q[0], q[13]
Gate( 5582)	tdg q[0]
Gate( 5583)	cx q[13], q[9]
Gate( 5584)	cx q[0], q[9]
Gate( 5585)	tdg q[0]
Gate( 5586)	tdg q[9]
Gate( 5587)	 t q[13]
Gate( 5588)	cx q[0], q[13]
Gate( 5589)	 s q[0]
Gate( 5590)	cx q[13], q[9]
Gate( 5591)	cx q[9], q[0]
Gate( 5592)	 h q[13]
Gate( 5593)	 h q[9]
Gate( 5594)	tdg q[12]
Gate( 5595)	 t q[8]
Gate( 5596)	 t q[9]
Gate( 5597)	cx q[8], q[12]
Gate( 5598)	cx q[12], q[9]
Gate( 5599)	tdg q[12]
Gate( 5600)	cx q[9], q[8]
Gate( 5601)	cx q[12], q[8]
Gate( 5602)	tdg q[12]
Gate( 5603)	tdg q[8]
Gate( 5604)	 t q[9]
Gate( 5605)	cx q[12], q[9]
Gate( 5606)	 s q[12]
Gate( 5607)	cx q[9], q[8]
Gate( 5608)	cx q[8], q[12]
Gate( 5609)	 h q[9]
Gate( 5610)	 h q[8]
Gate( 5611)	tdg q[10]
Gate( 5612)	 t q[11]
Gate( 5613)	 t q[8]
Gate( 5614)	cx q[11], q[10]
Gate( 5615)	cx q[10], q[8]
Gate( 5616)	tdg q[10]
Gate( 5617)	cx q[8], q[11]
Gate( 5618)	cx q[10], q[11]
Gate( 5619)	tdg q[10]
Gate( 5620)	tdg q[11]
Gate( 5621)	 t q[8]
Gate( 5622)	cx q[10], q[8]
Gate( 5623)	 s q[10]
Gate( 5624)	cx q[8], q[11]
Gate( 5625)	cx q[11], q[10]
Gate( 5626)	 h q[8]
Gate( 5627)	 h q[9]
Gate( 5628)	tdg q[12]
Gate( 5629)	 t q[8]
Gate( 5630)	 t q[9]
Gate( 5631)	cx q[8], q[12]
Gate( 5632)	cx q[12], q[9]
Gate( 5633)	tdg q[12]
Gate( 5634)	cx q[9], q[8]
Gate( 5635)	cx q[12], q[8]
Gate( 5636)	tdg q[12]
Gate( 5637)	tdg q[8]
Gate( 5638)	 t q[9]
Gate( 5639)	cx q[12], q[9]
Gate( 5640)	 s q[12]
Gate( 5641)	cx q[9], q[8]
Gate( 5642)	cx q[8], q[12]
Gate( 5643)	 h q[9]
Gate( 5644)	 h q[13]
Gate( 5645)	tdg q[0]
Gate( 5646)	 t q[9]
Gate( 5647)	 t q[13]
Gate( 5648)	cx q[9], q[0]
Gate( 5649)	cx q[0], q[13]
Gate( 5650)	tdg q[0]
Gate( 5651)	cx q[13], q[9]
Gate( 5652)	cx q[0], q[9]
Gate( 5653)	tdg q[0]
Gate( 5654)	tdg q[9]
Gate( 5655)	 t q[13]
Gate( 5656)	cx q[0], q[13]
Gate( 5657)	 s q[0]
Gate( 5658)	cx q[13], q[9]
Gate( 5659)	cx q[9], q[0]
Gate( 5660)	 h q[13]
Gate( 5661)	 h q[9]
Gate( 5662)	tdg q[12]
Gate( 5663)	 t q[8]
Gate( 5664)	 t q[9]
Gate( 5665)	cx q[8], q[12]
Gate( 5666)	cx q[12], q[9]
Gate( 5667)	tdg q[12]
Gate( 5668)	cx q[9], q[8]
Gate( 5669)	cx q[12], q[8]
Gate( 5670)	tdg q[12]
Gate( 5671)	tdg q[8]
Gate( 5672)	 t q[9]
Gate( 5673)	cx q[12], q[9]
Gate( 5674)	 s q[12]
Gate( 5675)	cx q[9], q[8]
Gate( 5676)	cx q[8], q[12]
Gate( 5677)	 h q[9]
Gate( 5678)	 h q[8]
Gate( 5679)	tdg q[10]
Gate( 5680)	 t q[11]
Gate( 5681)	 t q[8]
Gate( 5682)	cx q[11], q[10]
Gate( 5683)	cx q[10], q[8]
Gate( 5684)	tdg q[10]
Gate( 5685)	cx q[8], q[11]
Gate( 5686)	cx q[10], q[11]
Gate( 5687)	tdg q[10]
Gate( 5688)	tdg q[11]
Gate( 5689)	 t q[8]
Gate( 5690)	cx q[10], q[8]
Gate( 5691)	 s q[10]
Gate( 5692)	cx q[8], q[11]
Gate( 5693)	cx q[11], q[10]
Gate( 5694)	 h q[8]
Gate( 5695)	 h q[9]
Gate( 5696)	tdg q[12]
Gate( 5697)	 t q[8]
Gate( 5698)	 t q[9]
Gate( 5699)	cx q[8], q[12]
Gate( 5700)	cx q[12], q[9]
Gate( 5701)	tdg q[12]
Gate( 5702)	cx q[9], q[8]
Gate( 5703)	cx q[12], q[8]
Gate( 5704)	tdg q[12]
Gate( 5705)	tdg q[8]
Gate( 5706)	 t q[9]
Gate( 5707)	cx q[12], q[9]
Gate( 5708)	 s q[12]
Gate( 5709)	cx q[9], q[8]
Gate( 5710)	cx q[8], q[12]
Gate( 5711)	 h q[9]
Gate( 5712)	 h q[13]
Gate( 5713)	 x q[7]
Gate( 5714)	 x q[9]
Gate( 5715)	 x q[10]
Gate( 5716)	 x q[11]
Gate( 5717)	 x q[12]
Gate( 5718)	 x q[13]
Gate( 5719)	cx q[7], q[0]
Gate( 5720)	cx q[9], q[1]
Gate( 5721)	cx q[11], q[2]
Gate( 5722)	cx q[13], q[3]
Gate( 5723)	cx q[8], q[4]
Gate( 5724)	cx q[9], q[4]
Gate( 5725)	cx q[10], q[5]
Gate( 5726)	cx q[11], q[5]
Gate( 5727)	cx q[12], q[6]
Gate( 5728)	cx q[13], q[6]
Gate( 5729)	 h q[0]
Gate( 5730)	 h q[1]
Gate( 5731)	 h q[2]
Gate( 5732)	 h q[3]
Gate( 5733)	 h q[4]
Gate( 5734)	 h q[5]
Gate( 5735)	 h q[6]
Gate( 5736)	 x q[0]
Gate( 5737)	 x q[1]
Gate( 5738)	 x q[2]
Gate( 5739)	 x q[3]
Gate( 5740)	 x q[4]
Gate( 5741)	 x q[5]
Gate( 5742)	 x q[6]
Gate( 5743)	 h q[6]
Gate( 5744)	 h q[14]
Gate( 5745)	tdg q[2]
Gate( 5746)	 t q[6]
Gate( 5747)	 t q[14]
Gate( 5748)	cx q[6], q[2]
Gate( 5749)	cx q[2], q[14]
Gate( 5750)	tdg q[2]
Gate( 5751)	cx q[14], q[6]
Gate( 5752)	cx q[2], q[6]
Gate( 5753)	tdg q[2]
Gate( 5754)	tdg q[6]
Gate( 5755)	 t q[14]
Gate( 5756)	cx q[2], q[14]
Gate( 5757)	 s q[2]
Gate( 5758)	cx q[14], q[6]
Gate( 5759)	cx q[6], q[2]
Gate( 5760)	 h q[14]
Gate( 5761)	 h q[6]
Gate( 5762)	tdg q[0]
Gate( 5763)	 t q[1]
Gate( 5764)	 t q[6]
Gate( 5765)	cx q[1], q[0]
Gate( 5766)	cx q[0], q[6]
Gate( 5767)	tdg q[0]
Gate( 5768)	cx q[6], q[1]
Gate( 5769)	cx q[0], q[1]
Gate( 5770)	tdg q[0]
Gate( 5771)	tdg q[1]
Gate( 5772)	 t q[6]
Gate( 5773)	cx q[0], q[6]
Gate( 5774)	 s q[0]
Gate( 5775)	cx q[6], q[1]
Gate( 5776)	cx q[1], q[0]
Gate( 5777)	 h q[6]
Gate( 5778)	 h q[14]
Gate( 5779)	tdg q[2]
Gate( 5780)	 t q[6]
Gate( 5781)	 t q[14]
Gate( 5782)	cx q[6], q[2]
Gate( 5783)	cx q[2], q[14]
Gate( 5784)	tdg q[2]
Gate( 5785)	cx q[14], q[6]
Gate( 5786)	cx q[2], q[6]
Gate( 5787)	tdg q[2]
Gate( 5788)	tdg q[6]
Gate( 5789)	 t q[14]
Gate( 5790)	cx q[2], q[14]
Gate( 5791)	 s q[2]
Gate( 5792)	cx q[14], q[6]
Gate( 5793)	cx q[6], q[2]
Gate( 5794)	 h q[14]
Gate( 5795)	 h q[6]
Gate( 5796)	tdg q[0]
Gate( 5797)	 t q[1]
Gate( 5798)	 t q[6]
Gate( 5799)	cx q[1], q[0]
Gate( 5800)	cx q[0], q[6]
Gate( 5801)	tdg q[0]
Gate( 5802)	cx q[6], q[1]
Gate( 5803)	cx q[0], q[1]
Gate( 5804)	tdg q[0]
Gate( 5805)	tdg q[1]
Gate( 5806)	 t q[6]
Gate( 5807)	cx q[0], q[6]
Gate( 5808)	 s q[0]
Gate( 5809)	cx q[6], q[1]
Gate( 5810)	cx q[1], q[0]
Gate( 5811)	 h q[6]
Gate( 5812)	 h q[6]
Gate( 5813)	tdg q[14]
Gate( 5814)	 t q[2]
Gate( 5815)	 t q[6]
Gate( 5816)	cx q[2], q[14]
Gate( 5817)	cx q[14], q[6]
Gate( 5818)	tdg q[14]
Gate( 5819)	cx q[6], q[2]
Gate( 5820)	cx q[14], q[2]
Gate( 5821)	tdg q[14]
Gate( 5822)	tdg q[2]
Gate( 5823)	 t q[6]
Gate( 5824)	cx q[14], q[6]
Gate( 5825)	 s q[14]
Gate( 5826)	cx q[6], q[2]
Gate( 5827)	cx q[2], q[14]
Gate( 5828)	 h q[6]
Gate( 5829)	 h q[2]
Gate( 5830)	tdg q[5]
Gate( 5831)	 t q[1]
Gate( 5832)	 t q[2]
Gate( 5833)	cx q[1], q[5]
Gate( 5834)	cx q[5], q[2]
Gate( 5835)	tdg q[5]
Gate( 5836)	cx q[2], q[1]
Gate( 5837)	cx q[5], q[1]
Gate( 5838)	tdg q[5]
Gate( 5839)	tdg q[1]
Gate( 5840)	 t q[2]
Gate( 5841)	cx q[5], q[2]
Gate( 5842)	 s q[5]
Gate( 5843)	cx q[2], q[1]
Gate( 5844)	cx q[1], q[5]
Gate( 5845)	 h q[2]
Gate( 5846)	 h q[1]
Gate( 5847)	tdg q[3]
Gate( 5848)	 t q[4]
Gate( 5849)	 t q[1]
Gate( 5850)	cx q[4], q[3]
Gate( 5851)	cx q[3], q[1]
Gate( 5852)	tdg q[3]
Gate( 5853)	cx q[1], q[4]
Gate( 5854)	cx q[3], q[4]
Gate( 5855)	tdg q[3]
Gate( 5856)	tdg q[4]
Gate( 5857)	 t q[1]
Gate( 5858)	cx q[3], q[1]
Gate( 5859)	 s q[3]
Gate( 5860)	cx q[1], q[4]
Gate( 5861)	cx q[4], q[3]
Gate( 5862)	 h q[1]
Gate( 5863)	 h q[2]
Gate( 5864)	tdg q[5]
Gate( 5865)	 t q[1]
Gate( 5866)	 t q[2]
Gate( 5867)	cx q[1], q[5]
Gate( 5868)	cx q[5], q[2]
Gate( 5869)	tdg q[5]
Gate( 5870)	cx q[2], q[1]
Gate( 5871)	cx q[5], q[1]
Gate( 5872)	tdg q[5]
Gate( 5873)	tdg q[1]
Gate( 5874)	 t q[2]
Gate( 5875)	cx q[5], q[2]
Gate( 5876)	 s q[5]
Gate( 5877)	cx q[2], q[1]
Gate( 5878)	cx q[1], q[5]
Gate( 5879)	 h q[2]
Gate( 5880)	 h q[6]
Gate( 5881)	tdg q[14]
Gate( 5882)	 t q[2]
Gate( 5883)	 t q[6]
Gate( 5884)	cx q[2], q[14]
Gate( 5885)	cx q[14], q[6]
Gate( 5886)	tdg q[14]
Gate( 5887)	cx q[6], q[2]
Gate( 5888)	cx q[14], q[2]
Gate( 5889)	tdg q[14]
Gate( 5890)	tdg q[2]
Gate( 5891)	 t q[6]
Gate( 5892)	cx q[14], q[6]
Gate( 5893)	 s q[14]
Gate( 5894)	cx q[6], q[2]
Gate( 5895)	cx q[2], q[14]
Gate( 5896)	 h q[6]
Gate( 5897)	 h q[2]
Gate( 5898)	tdg q[5]
Gate( 5899)	 t q[1]
Gate( 5900)	 t q[2]
Gate( 5901)	cx q[1], q[5]
Gate( 5902)	cx q[5], q[2]
Gate( 5903)	tdg q[5]
Gate( 5904)	cx q[2], q[1]
Gate( 5905)	cx q[5], q[1]
Gate( 5906)	tdg q[5]
Gate( 5907)	tdg q[1]
Gate( 5908)	 t q[2]
Gate( 5909)	cx q[5], q[2]
Gate( 5910)	 s q[5]
Gate( 5911)	cx q[2], q[1]
Gate( 5912)	cx q[1], q[5]
Gate( 5913)	 h q[2]
Gate( 5914)	 h q[1]
Gate( 5915)	tdg q[3]
Gate( 5916)	 t q[4]
Gate( 5917)	 t q[1]
Gate( 5918)	cx q[4], q[3]
Gate( 5919)	cx q[3], q[1]
Gate( 5920)	tdg q[3]
Gate( 5921)	cx q[1], q[4]
Gate( 5922)	cx q[3], q[4]
Gate( 5923)	tdg q[3]
Gate( 5924)	tdg q[4]
Gate( 5925)	 t q[1]
Gate( 5926)	cx q[3], q[1]
Gate( 5927)	 s q[3]
Gate( 5928)	cx q[1], q[4]
Gate( 5929)	cx q[4], q[3]
Gate( 5930)	 h q[1]
Gate( 5931)	 h q[2]
Gate( 5932)	tdg q[5]
Gate( 5933)	 t q[1]
Gate( 5934)	 t q[2]
Gate( 5935)	cx q[1], q[5]
Gate( 5936)	cx q[5], q[2]
Gate( 5937)	tdg q[5]
Gate( 5938)	cx q[2], q[1]
Gate( 5939)	cx q[5], q[1]
Gate( 5940)	tdg q[5]
Gate( 5941)	tdg q[1]
Gate( 5942)	 t q[2]
Gate( 5943)	cx q[5], q[2]
Gate( 5944)	 s q[5]
Gate( 5945)	cx q[2], q[1]
Gate( 5946)	cx q[1], q[5]
Gate( 5947)	 h q[2]
Gate( 5948)	 h q[14]
Gate( 5949)	tdg q[2]
Gate( 5950)	 t q[6]
Gate( 5951)	 t q[14]
Gate( 5952)	cx q[6], q[2]
Gate( 5953)	cx q[2], q[14]
Gate( 5954)	tdg q[2]
Gate( 5955)	cx q[14], q[6]
Gate( 5956)	cx q[2], q[6]
Gate( 5957)	tdg q[2]
Gate( 5958)	tdg q[6]
Gate( 5959)	 t q[14]
Gate( 5960)	cx q[2], q[14]
Gate( 5961)	 s q[2]
Gate( 5962)	cx q[14], q[6]
Gate( 5963)	cx q[6], q[2]
Gate( 5964)	 h q[14]
Gate( 5965)	 h q[6]
Gate( 5966)	tdg q[0]
Gate( 5967)	 t q[1]
Gate( 5968)	 t q[6]
Gate( 5969)	cx q[1], q[0]
Gate( 5970)	cx q[0], q[6]
Gate( 5971)	tdg q[0]
Gate( 5972)	cx q[6], q[1]
Gate( 5973)	cx q[0], q[1]
Gate( 5974)	tdg q[0]
Gate( 5975)	tdg q[1]
Gate( 5976)	 t q[6]
Gate( 5977)	cx q[0], q[6]
Gate( 5978)	 s q[0]
Gate( 5979)	cx q[6], q[1]
Gate( 5980)	cx q[1], q[0]
Gate( 5981)	 h q[6]
Gate( 5982)	 h q[14]
Gate( 5983)	tdg q[2]
Gate( 5984)	 t q[6]
Gate( 5985)	 t q[14]
Gate( 5986)	cx q[6], q[2]
Gate( 5987)	cx q[2], q[14]
Gate( 5988)	tdg q[2]
Gate( 5989)	cx q[14], q[6]
Gate( 5990)	cx q[2], q[6]
Gate( 5991)	tdg q[2]
Gate( 5992)	tdg q[6]
Gate( 5993)	 t q[14]
Gate( 5994)	cx q[2], q[14]
Gate( 5995)	 s q[2]
Gate( 5996)	cx q[14], q[6]
Gate( 5997)	cx q[6], q[2]
Gate( 5998)	 h q[14]
Gate( 5999)	 h q[6]
Gate( 6000)	tdg q[0]
Gate( 6001)	 t q[1]
Gate( 6002)	 t q[6]
Gate( 6003)	cx q[1], q[0]
Gate( 6004)	cx q[0], q[6]
Gate( 6005)	tdg q[0]
Gate( 6006)	cx q[6], q[1]
Gate( 6007)	cx q[0], q[1]
Gate( 6008)	tdg q[0]
Gate( 6009)	tdg q[1]
Gate( 6010)	 t q[6]
Gate( 6011)	cx q[0], q[6]
Gate( 6012)	 s q[0]
Gate( 6013)	cx q[6], q[1]
Gate( 6014)	cx q[1], q[0]
Gate( 6015)	 h q[6]
Gate( 6016)	 h q[6]
Gate( 6017)	tdg q[14]
Gate( 6018)	 t q[2]
Gate( 6019)	 t q[6]
Gate( 6020)	cx q[2], q[14]
Gate( 6021)	cx q[14], q[6]
Gate( 6022)	tdg q[14]
Gate( 6023)	cx q[6], q[2]
Gate( 6024)	cx q[14], q[2]
Gate( 6025)	tdg q[14]
Gate( 6026)	tdg q[2]
Gate( 6027)	 t q[6]
Gate( 6028)	cx q[14], q[6]
Gate( 6029)	 s q[14]
Gate( 6030)	cx q[6], q[2]
Gate( 6031)	cx q[2], q[14]
Gate( 6032)	 h q[6]
Gate( 6033)	 h q[2]
Gate( 6034)	tdg q[5]
Gate( 6035)	 t q[1]
Gate( 6036)	 t q[2]
Gate( 6037)	cx q[1], q[5]
Gate( 6038)	cx q[5], q[2]
Gate( 6039)	tdg q[5]
Gate( 6040)	cx q[2], q[1]
Gate( 6041)	cx q[5], q[1]
Gate( 6042)	tdg q[5]
Gate( 6043)	tdg q[1]
Gate( 6044)	 t q[2]
Gate( 6045)	cx q[5], q[2]
Gate( 6046)	 s q[5]
Gate( 6047)	cx q[2], q[1]
Gate( 6048)	cx q[1], q[5]
Gate( 6049)	 h q[2]
Gate( 6050)	 h q[1]
Gate( 6051)	tdg q[3]
Gate( 6052)	 t q[4]
Gate( 6053)	 t q[1]
Gate( 6054)	cx q[4], q[3]
Gate( 6055)	cx q[3], q[1]
Gate( 6056)	tdg q[3]
Gate( 6057)	cx q[1], q[4]
Gate( 6058)	cx q[3], q[4]
Gate( 6059)	tdg q[3]
Gate( 6060)	tdg q[4]
Gate( 6061)	 t q[1]
Gate( 6062)	cx q[3], q[1]
Gate( 6063)	 s q[3]
Gate( 6064)	cx q[1], q[4]
Gate( 6065)	cx q[4], q[3]
Gate( 6066)	 h q[1]
Gate( 6067)	 h q[2]
Gate( 6068)	tdg q[5]
Gate( 6069)	 t q[1]
Gate( 6070)	 t q[2]
Gate( 6071)	cx q[1], q[5]
Gate( 6072)	cx q[5], q[2]
Gate( 6073)	tdg q[5]
Gate( 6074)	cx q[2], q[1]
Gate( 6075)	cx q[5], q[1]
Gate( 6076)	tdg q[5]
Gate( 6077)	tdg q[1]
Gate( 6078)	 t q[2]
Gate( 6079)	cx q[5], q[2]
Gate( 6080)	 s q[5]
Gate( 6081)	cx q[2], q[1]
Gate( 6082)	cx q[1], q[5]
Gate( 6083)	 h q[2]
Gate( 6084)	 h q[6]
Gate( 6085)	tdg q[14]
Gate( 6086)	 t q[2]
Gate( 6087)	 t q[6]
Gate( 6088)	cx q[2], q[14]
Gate( 6089)	cx q[14], q[6]
Gate( 6090)	tdg q[14]
Gate( 6091)	cx q[6], q[2]
Gate( 6092)	cx q[14], q[2]
Gate( 6093)	tdg q[14]
Gate( 6094)	tdg q[2]
Gate( 6095)	 t q[6]
Gate( 6096)	cx q[14], q[6]
Gate( 6097)	 s q[14]
Gate( 6098)	cx q[6], q[2]
Gate( 6099)	cx q[2], q[14]
Gate( 6100)	 h q[6]
Gate( 6101)	 h q[2]
Gate( 6102)	tdg q[5]
Gate( 6103)	 t q[1]
Gate( 6104)	 t q[2]
Gate( 6105)	cx q[1], q[5]
Gate( 6106)	cx q[5], q[2]
Gate( 6107)	tdg q[5]
Gate( 6108)	cx q[2], q[1]
Gate( 6109)	cx q[5], q[1]
Gate( 6110)	tdg q[5]
Gate( 6111)	tdg q[1]
Gate( 6112)	 t q[2]
Gate( 6113)	cx q[5], q[2]
Gate( 6114)	 s q[5]
Gate( 6115)	cx q[2], q[1]
Gate( 6116)	cx q[1], q[5]
Gate( 6117)	 h q[2]
Gate( 6118)	 h q[1]
Gate( 6119)	tdg q[3]
Gate( 6120)	 t q[4]
Gate( 6121)	 t q[1]
Gate( 6122)	cx q[4], q[3]
Gate( 6123)	cx q[3], q[1]
Gate( 6124)	tdg q[3]
Gate( 6125)	cx q[1], q[4]
Gate( 6126)	cx q[3], q[4]
Gate( 6127)	tdg q[3]
Gate( 6128)	tdg q[4]
Gate( 6129)	 t q[1]
Gate( 6130)	cx q[3], q[1]
Gate( 6131)	 s q[3]
Gate( 6132)	cx q[1], q[4]
Gate( 6133)	cx q[4], q[3]
Gate( 6134)	 h q[1]
Gate( 6135)	 h q[2]
Gate( 6136)	tdg q[5]
Gate( 6137)	 t q[1]
Gate( 6138)	 t q[2]
Gate( 6139)	cx q[1], q[5]
Gate( 6140)	cx q[5], q[2]
Gate( 6141)	tdg q[5]
Gate( 6142)	cx q[2], q[1]
Gate( 6143)	cx q[5], q[1]
Gate( 6144)	tdg q[5]
Gate( 6145)	tdg q[1]
Gate( 6146)	 t q[2]
Gate( 6147)	cx q[5], q[2]
Gate( 6148)	 s q[5]
Gate( 6149)	cx q[2], q[1]
Gate( 6150)	cx q[1], q[5]
Gate( 6151)	 h q[2]
Gate( 6152)	 h q[6]
Gate( 6153)	 x q[0]
Gate( 6154)	 x q[1]
Gate( 6155)	 x q[2]
Gate( 6156)	 x q[3]
Gate( 6157)	 x q[4]
Gate( 6158)	 x q[5]
Gate( 6159)	 x q[6]
Gate( 6160)	 h q[0]
Gate( 6161)	 h q[1]
Gate( 6162)	 h q[2]
Gate( 6163)	 h q[3]
Gate( 6164)	 h q[4]
Gate( 6165)	 h q[5]
Gate( 6166)	 h q[6]
Gate( 6167)	cx q[7], q[0]
Gate( 6168)	cx q[9], q[1]
Gate( 6169)	cx q[11], q[2]
Gate( 6170)	cx q[13], q[3]
Gate( 6171)	cx q[8], q[4]
Gate( 6172)	cx q[9], q[4]
Gate( 6173)	cx q[10], q[5]
Gate( 6174)	cx q[11], q[5]
Gate( 6175)	cx q[12], q[6]
Gate( 6176)	cx q[13], q[6]
Gate( 6177)	 x q[7]
Gate( 6178)	 x q[9]
Gate( 6179)	 x q[10]
Gate( 6180)	 x q[11]
Gate( 6181)	 x q[12]
Gate( 6182)	 x q[13]
Gate( 6183)	 h q[13]
Gate( 6184)	 h q[0]
Gate( 6185)	tdg q[9]
Gate( 6186)	 t q[13]
Gate( 6187)	 t q[0]
Gate( 6188)	cx q[13], q[9]
Gate( 6189)	cx q[9], q[0]
Gate( 6190)	tdg q[9]
Gate( 6191)	cx q[0], q[13]
Gate( 6192)	cx q[9], q[13]
Gate( 6193)	tdg q[9]
Gate( 6194)	tdg q[13]
Gate( 6195)	 t q[0]
Gate( 6196)	cx q[9], q[0]
Gate( 6197)	 s q[9]
Gate( 6198)	cx q[0], q[13]
Gate( 6199)	cx q[13], q[9]
Gate( 6200)	 h q[0]
Gate( 6201)	 h q[13]
Gate( 6202)	tdg q[7]
Gate( 6203)	 t q[8]
Gate( 6204)	 t q[13]
Gate( 6205)	cx q[8], q[7]
Gate( 6206)	cx q[7], q[13]
Gate( 6207)	tdg q[7]
Gate( 6208)	cx q[13], q[8]
Gate( 6209)	cx q[7], q[8]
Gate( 6210)	tdg q[7]
Gate( 6211)	tdg q[8]
Gate( 6212)	 t q[13]
Gate( 6213)	cx q[7], q[13]
Gate( 6214)	 s q[7]
Gate( 6215)	cx q[13], q[8]
Gate( 6216)	cx q[8], q[7]
Gate( 6217)	 h q[13]
Gate( 6218)	 h q[0]
Gate( 6219)	tdg q[9]
Gate( 6220)	 t q[13]
Gate( 6221)	 t q[0]
Gate( 6222)	cx q[13], q[9]
Gate( 6223)	cx q[9], q[0]
Gate( 6224)	tdg q[9]
Gate( 6225)	cx q[0], q[13]
Gate( 6226)	cx q[9], q[13]
Gate( 6227)	tdg q[9]
Gate( 6228)	tdg q[13]
Gate( 6229)	 t q[0]
Gate( 6230)	cx q[9], q[0]
Gate( 6231)	 s q[9]
Gate( 6232)	cx q[0], q[13]
Gate( 6233)	cx q[13], q[9]
Gate( 6234)	 h q[0]
Gate( 6235)	 h q[13]
Gate( 6236)	tdg q[7]
Gate( 6237)	 t q[8]
Gate( 6238)	 t q[13]
Gate( 6239)	cx q[8], q[7]
Gate( 6240)	cx q[7], q[13]
Gate( 6241)	tdg q[7]
Gate( 6242)	cx q[13], q[8]
Gate( 6243)	cx q[7], q[8]
Gate( 6244)	tdg q[7]
Gate( 6245)	tdg q[8]
Gate( 6246)	 t q[13]
Gate( 6247)	cx q[7], q[13]
Gate( 6248)	 s q[7]
Gate( 6249)	cx q[13], q[8]
Gate( 6250)	cx q[8], q[7]
Gate( 6251)	 h q[13]
Gate( 6252)	 h q[13]
Gate( 6253)	tdg q[0]
Gate( 6254)	 t q[9]
Gate( 6255)	 t q[13]
Gate( 6256)	cx q[9], q[0]
Gate( 6257)	cx q[0], q[13]
Gate( 6258)	tdg q[0]
Gate( 6259)	cx q[13], q[9]
Gate( 6260)	cx q[0], q[9]
Gate( 6261)	tdg q[0]
Gate( 6262)	tdg q[9]
Gate( 6263)	 t q[13]
Gate( 6264)	cx q[0], q[13]
Gate( 6265)	 s q[0]
Gate( 6266)	cx q[13], q[9]
Gate( 6267)	cx q[9], q[0]
Gate( 6268)	 h q[13]
Gate( 6269)	 h q[9]
Gate( 6270)	tdg q[12]
Gate( 6271)	 t q[8]
Gate( 6272)	 t q[9]
Gate( 6273)	cx q[8], q[12]
Gate( 6274)	cx q[12], q[9]
Gate( 6275)	tdg q[12]
Gate( 6276)	cx q[9], q[8]
Gate( 6277)	cx q[12], q[8]
Gate( 6278)	tdg q[12]
Gate( 6279)	tdg q[8]
Gate( 6280)	 t q[9]
Gate( 6281)	cx q[12], q[9]
Gate( 6282)	 s q[12]
Gate( 6283)	cx q[9], q[8]
Gate( 6284)	cx q[8], q[12]
Gate( 6285)	 h q[9]
Gate( 6286)	 h q[8]
Gate( 6287)	tdg q[10]
Gate( 6288)	 t q[11]
Gate( 6289)	 t q[8]
Gate( 6290)	cx q[11], q[10]
Gate( 6291)	cx q[10], q[8]
Gate( 6292)	tdg q[10]
Gate( 6293)	cx q[8], q[11]
Gate( 6294)	cx q[10], q[11]
Gate( 6295)	tdg q[10]
Gate( 6296)	tdg q[11]
Gate( 6297)	 t q[8]
Gate( 6298)	cx q[10], q[8]
Gate( 6299)	 s q[10]
Gate( 6300)	cx q[8], q[11]
Gate( 6301)	cx q[11], q[10]
Gate( 6302)	 h q[8]
Gate( 6303)	 h q[9]
Gate( 6304)	tdg q[12]
Gate( 6305)	 t q[8]
Gate( 6306)	 t q[9]
Gate( 6307)	cx q[8], q[12]
Gate( 6308)	cx q[12], q[9]
Gate( 6309)	tdg q[12]
Gate( 6310)	cx q[9], q[8]
Gate( 6311)	cx q[12], q[8]
Gate( 6312)	tdg q[12]
Gate( 6313)	tdg q[8]
Gate( 6314)	 t q[9]
Gate( 6315)	cx q[12], q[9]
Gate( 6316)	 s q[12]
Gate( 6317)	cx q[9], q[8]
Gate( 6318)	cx q[8], q[12]
Gate( 6319)	 h q[9]
Gate( 6320)	 h q[13]
Gate( 6321)	tdg q[0]
Gate( 6322)	 t q[9]
Gate( 6323)	 t q[13]
Gate( 6324)	cx q[9], q[0]
Gate( 6325)	cx q[0], q[13]
Gate( 6326)	tdg q[0]
Gate( 6327)	cx q[13], q[9]
Gate( 6328)	cx q[0], q[9]
Gate( 6329)	tdg q[0]
Gate( 6330)	tdg q[9]
Gate( 6331)	 t q[13]
Gate( 6332)	cx q[0], q[13]
Gate( 6333)	 s q[0]
Gate( 6334)	cx q[13], q[9]
Gate( 6335)	cx q[9], q[0]
Gate( 6336)	 h q[13]
Gate( 6337)	 h q[9]
Gate( 6338)	tdg q[12]
Gate( 6339)	 t q[8]
Gate( 6340)	 t q[9]
Gate( 6341)	cx q[8], q[12]
Gate( 6342)	cx q[12], q[9]
Gate( 6343)	tdg q[12]
Gate( 6344)	cx q[9], q[8]
Gate( 6345)	cx q[12], q[8]
Gate( 6346)	tdg q[12]
Gate( 6347)	tdg q[8]
Gate( 6348)	 t q[9]
Gate( 6349)	cx q[12], q[9]
Gate( 6350)	 s q[12]
Gate( 6351)	cx q[9], q[8]
Gate( 6352)	cx q[8], q[12]
Gate( 6353)	 h q[9]
Gate( 6354)	 h q[8]
Gate( 6355)	tdg q[10]
Gate( 6356)	 t q[11]
Gate( 6357)	 t q[8]
Gate( 6358)	cx q[11], q[10]
Gate( 6359)	cx q[10], q[8]
Gate( 6360)	tdg q[10]
Gate( 6361)	cx q[8], q[11]
Gate( 6362)	cx q[10], q[11]
Gate( 6363)	tdg q[10]
Gate( 6364)	tdg q[11]
Gate( 6365)	 t q[8]
Gate( 6366)	cx q[10], q[8]
Gate( 6367)	 s q[10]
Gate( 6368)	cx q[8], q[11]
Gate( 6369)	cx q[11], q[10]
Gate( 6370)	 h q[8]
Gate( 6371)	 h q[9]
Gate( 6372)	tdg q[12]
Gate( 6373)	 t q[8]
Gate( 6374)	 t q[9]
Gate( 6375)	cx q[8], q[12]
Gate( 6376)	cx q[12], q[9]
Gate( 6377)	tdg q[12]
Gate( 6378)	cx q[9], q[8]
Gate( 6379)	cx q[12], q[8]
Gate( 6380)	tdg q[12]
Gate( 6381)	tdg q[8]
Gate( 6382)	 t q[9]
Gate( 6383)	cx q[12], q[9]
Gate( 6384)	 s q[12]
Gate( 6385)	cx q[9], q[8]
Gate( 6386)	cx q[8], q[12]
Gate( 6387)	 h q[9]
Gate( 6388)	 h q[0]
Gate( 6389)	tdg q[9]
Gate( 6390)	 t q[13]
Gate( 6391)	 t q[0]
Gate( 6392)	cx q[13], q[9]
Gate( 6393)	cx q[9], q[0]
Gate( 6394)	tdg q[9]
Gate( 6395)	cx q[0], q[13]
Gate( 6396)	cx q[9], q[13]
Gate( 6397)	tdg q[9]
Gate( 6398)	tdg q[13]
Gate( 6399)	 t q[0]
Gate( 6400)	cx q[9], q[0]
Gate( 6401)	 s q[9]
Gate( 6402)	cx q[0], q[13]
Gate( 6403)	cx q[13], q[9]
Gate( 6404)	 h q[0]
Gate( 6405)	 h q[13]
Gate( 6406)	tdg q[7]
Gate( 6407)	 t q[8]
Gate( 6408)	 t q[13]
Gate( 6409)	cx q[8], q[7]
Gate( 6410)	cx q[7], q[13]
Gate( 6411)	tdg q[7]
Gate( 6412)	cx q[13], q[8]
Gate( 6413)	cx q[7], q[8]
Gate( 6414)	tdg q[7]
Gate( 6415)	tdg q[8]
Gate( 6416)	 t q[13]
Gate( 6417)	cx q[7], q[13]
Gate( 6418)	 s q[7]
Gate( 6419)	cx q[13], q[8]
Gate( 6420)	cx q[8], q[7]
Gate( 6421)	 h q[13]
Gate( 6422)	 h q[0]
Gate( 6423)	tdg q[9]
Gate( 6424)	 t q[13]
Gate( 6425)	 t q[0]
Gate( 6426)	cx q[13], q[9]
Gate( 6427)	cx q[9], q[0]
Gate( 6428)	tdg q[9]
Gate( 6429)	cx q[0], q[13]
Gate( 6430)	cx q[9], q[13]
Gate( 6431)	tdg q[9]
Gate( 6432)	tdg q[13]
Gate( 6433)	 t q[0]
Gate( 6434)	cx q[9], q[0]
Gate( 6435)	 s q[9]
Gate( 6436)	cx q[0], q[13]
Gate( 6437)	cx q[13], q[9]
Gate( 6438)	 h q[0]
Gate( 6439)	 h q[13]
Gate( 6440)	tdg q[7]
Gate( 6441)	 t q[8]
Gate( 6442)	 t q[13]
Gate( 6443)	cx q[8], q[7]
Gate( 6444)	cx q[7], q[13]
Gate( 6445)	tdg q[7]
Gate( 6446)	cx q[13], q[8]
Gate( 6447)	cx q[7], q[8]
Gate( 6448)	tdg q[7]
Gate( 6449)	tdg q[8]
Gate( 6450)	 t q[13]
Gate( 6451)	cx q[7], q[13]
Gate( 6452)	 s q[7]
Gate( 6453)	cx q[13], q[8]
Gate( 6454)	cx q[8], q[7]
Gate( 6455)	 h q[13]
Gate( 6456)	 h q[13]
Gate( 6457)	tdg q[0]
Gate( 6458)	 t q[9]
Gate( 6459)	 t q[13]
Gate( 6460)	cx q[9], q[0]
Gate( 6461)	cx q[0], q[13]
Gate( 6462)	tdg q[0]
Gate( 6463)	cx q[13], q[9]
Gate( 6464)	cx q[0], q[9]
Gate( 6465)	tdg q[0]
Gate( 6466)	tdg q[9]
Gate( 6467)	 t q[13]
Gate( 6468)	cx q[0], q[13]
Gate( 6469)	 s q[0]
Gate( 6470)	cx q[13], q[9]
Gate( 6471)	cx q[9], q[0]
Gate( 6472)	 h q[13]
Gate( 6473)	 h q[9]
Gate( 6474)	tdg q[12]
Gate( 6475)	 t q[8]
Gate( 6476)	 t q[9]
Gate( 6477)	cx q[8], q[12]
Gate( 6478)	cx q[12], q[9]
Gate( 6479)	tdg q[12]
Gate( 6480)	cx q[9], q[8]
Gate( 6481)	cx q[12], q[8]
Gate( 6482)	tdg q[12]
Gate( 6483)	tdg q[8]
Gate( 6484)	 t q[9]
Gate( 6485)	cx q[12], q[9]
Gate( 6486)	 s q[12]
Gate( 6487)	cx q[9], q[8]
Gate( 6488)	cx q[8], q[12]
Gate( 6489)	 h q[9]
Gate( 6490)	 h q[8]
Gate( 6491)	tdg q[10]
Gate( 6492)	 t q[11]
Gate( 6493)	 t q[8]
Gate( 6494)	cx q[11], q[10]
Gate( 6495)	cx q[10], q[8]
Gate( 6496)	tdg q[10]
Gate( 6497)	cx q[8], q[11]
Gate( 6498)	cx q[10], q[11]
Gate( 6499)	tdg q[10]
Gate( 6500)	tdg q[11]
Gate( 6501)	 t q[8]
Gate( 6502)	cx q[10], q[8]
Gate( 6503)	 s q[10]
Gate( 6504)	cx q[8], q[11]
Gate( 6505)	cx q[11], q[10]
Gate( 6506)	 h q[8]
Gate( 6507)	 h q[9]
Gate( 6508)	tdg q[12]
Gate( 6509)	 t q[8]
Gate( 6510)	 t q[9]
Gate( 6511)	cx q[8], q[12]
Gate( 6512)	cx q[12], q[9]
Gate( 6513)	tdg q[12]
Gate( 6514)	cx q[9], q[8]
Gate( 6515)	cx q[12], q[8]
Gate( 6516)	tdg q[12]
Gate( 6517)	tdg q[8]
Gate( 6518)	 t q[9]
Gate( 6519)	cx q[12], q[9]
Gate( 6520)	 s q[12]
Gate( 6521)	cx q[9], q[8]
Gate( 6522)	cx q[8], q[12]
Gate( 6523)	 h q[9]
Gate( 6524)	 h q[13]
Gate( 6525)	tdg q[0]
Gate( 6526)	 t q[9]
Gate( 6527)	 t q[13]
Gate( 6528)	cx q[9], q[0]
Gate( 6529)	cx q[0], q[13]
Gate( 6530)	tdg q[0]
Gate( 6531)	cx q[13], q[9]
Gate( 6532)	cx q[0], q[9]
Gate( 6533)	tdg q[0]
Gate( 6534)	tdg q[9]
Gate( 6535)	 t q[13]
Gate( 6536)	cx q[0], q[13]
Gate( 6537)	 s q[0]
Gate( 6538)	cx q[13], q[9]
Gate( 6539)	cx q[9], q[0]
Gate( 6540)	 h q[13]
Gate( 6541)	 h q[9]
Gate( 6542)	tdg q[12]
Gate( 6543)	 t q[8]
Gate( 6544)	 t q[9]
Gate( 6545)	cx q[8], q[12]
Gate( 6546)	cx q[12], q[9]
Gate( 6547)	tdg q[12]
Gate( 6548)	cx q[9], q[8]
Gate( 6549)	cx q[12], q[8]
Gate( 6550)	tdg q[12]
Gate( 6551)	tdg q[8]
Gate( 6552)	 t q[9]
Gate( 6553)	cx q[12], q[9]
Gate( 6554)	 s q[12]
Gate( 6555)	cx q[9], q[8]
Gate( 6556)	cx q[8], q[12]
Gate( 6557)	 h q[9]
Gate( 6558)	 h q[8]
Gate( 6559)	tdg q[10]
Gate( 6560)	 t q[11]
Gate( 6561)	 t q[8]
Gate( 6562)	cx q[11], q[10]
Gate( 6563)	cx q[10], q[8]
Gate( 6564)	tdg q[10]
Gate( 6565)	cx q[8], q[11]
Gate( 6566)	cx q[10], q[11]
Gate( 6567)	tdg q[10]
Gate( 6568)	tdg q[11]
Gate( 6569)	 t q[8]
Gate( 6570)	cx q[10], q[8]
Gate( 6571)	 s q[10]
Gate( 6572)	cx q[8], q[11]
Gate( 6573)	cx q[11], q[10]
Gate( 6574)	 h q[8]
Gate( 6575)	 h q[9]
Gate( 6576)	tdg q[12]
Gate( 6577)	 t q[8]
Gate( 6578)	 t q[9]
Gate( 6579)	cx q[8], q[12]
Gate( 6580)	cx q[12], q[9]
Gate( 6581)	tdg q[12]
Gate( 6582)	cx q[9], q[8]
Gate( 6583)	cx q[12], q[8]
Gate( 6584)	tdg q[12]
Gate( 6585)	tdg q[8]
Gate( 6586)	 t q[9]
Gate( 6587)	cx q[12], q[9]
Gate( 6588)	 s q[12]
Gate( 6589)	cx q[9], q[8]
Gate( 6590)	cx q[8], q[12]
Gate( 6591)	 h q[9]
Gate( 6592)	 h q[13]
Gate( 6593)	 x q[7]
Gate( 6594)	 x q[9]
Gate( 6595)	 x q[10]
Gate( 6596)	 x q[11]
Gate( 6597)	 x q[12]
Gate( 6598)	 x q[13]
Gate( 6599)	cx q[7], q[0]
Gate( 6600)	cx q[9], q[1]
Gate( 6601)	cx q[11], q[2]
Gate( 6602)	cx q[13], q[3]
Gate( 6603)	cx q[8], q[4]
Gate( 6604)	cx q[9], q[4]
Gate( 6605)	cx q[10], q[5]
Gate( 6606)	cx q[11], q[5]
Gate( 6607)	cx q[12], q[6]
Gate( 6608)	cx q[13], q[6]
Gate( 6609)	 h q[0]
Gate( 6610)	 h q[1]
Gate( 6611)	 h q[2]
Gate( 6612)	 h q[3]
Gate( 6613)	 h q[4]
Gate( 6614)	 h q[5]
Gate( 6615)	 h q[6]
Gate( 6616)	 x q[0]
Gate( 6617)	 x q[1]
Gate( 6618)	 x q[2]
Gate( 6619)	 x q[3]
Gate( 6620)	 x q[4]
Gate( 6621)	 x q[5]
Gate( 6622)	 x q[6]
Gate( 6623)	 h q[6]
Gate( 6624)	 h q[14]
Gate( 6625)	tdg q[2]
Gate( 6626)	 t q[6]
Gate( 6627)	 t q[14]
Gate( 6628)	cx q[6], q[2]
Gate( 6629)	cx q[2], q[14]
Gate( 6630)	tdg q[2]
Gate( 6631)	cx q[14], q[6]
Gate( 6632)	cx q[2], q[6]
Gate( 6633)	tdg q[2]
Gate( 6634)	tdg q[6]
Gate( 6635)	 t q[14]
Gate( 6636)	cx q[2], q[14]
Gate( 6637)	 s q[2]
Gate( 6638)	cx q[14], q[6]
Gate( 6639)	cx q[6], q[2]
Gate( 6640)	 h q[14]
Gate( 6641)	 h q[6]
Gate( 6642)	tdg q[0]
Gate( 6643)	 t q[1]
Gate( 6644)	 t q[6]
Gate( 6645)	cx q[1], q[0]
Gate( 6646)	cx q[0], q[6]
Gate( 6647)	tdg q[0]
Gate( 6648)	cx q[6], q[1]
Gate( 6649)	cx q[0], q[1]
Gate( 6650)	tdg q[0]
Gate( 6651)	tdg q[1]
Gate( 6652)	 t q[6]
Gate( 6653)	cx q[0], q[6]
Gate( 6654)	 s q[0]
Gate( 6655)	cx q[6], q[1]
Gate( 6656)	cx q[1], q[0]
Gate( 6657)	 h q[6]
Gate( 6658)	 h q[14]
Gate( 6659)	tdg q[2]
Gate( 6660)	 t q[6]
Gate( 6661)	 t q[14]
Gate( 6662)	cx q[6], q[2]
Gate( 6663)	cx q[2], q[14]
Gate( 6664)	tdg q[2]
Gate( 6665)	cx q[14], q[6]
Gate( 6666)	cx q[2], q[6]
Gate( 6667)	tdg q[2]
Gate( 6668)	tdg q[6]
Gate( 6669)	 t q[14]
Gate( 6670)	cx q[2], q[14]
Gate( 6671)	 s q[2]
Gate( 6672)	cx q[14], q[6]
Gate( 6673)	cx q[6], q[2]
Gate( 6674)	 h q[14]
Gate( 6675)	 h q[6]
Gate( 6676)	tdg q[0]
Gate( 6677)	 t q[1]
Gate( 6678)	 t q[6]
Gate( 6679)	cx q[1], q[0]
Gate( 6680)	cx q[0], q[6]
Gate( 6681)	tdg q[0]
Gate( 6682)	cx q[6], q[1]
Gate( 6683)	cx q[0], q[1]
Gate( 6684)	tdg q[0]
Gate( 6685)	tdg q[1]
Gate( 6686)	 t q[6]
Gate( 6687)	cx q[0], q[6]
Gate( 6688)	 s q[0]
Gate( 6689)	cx q[6], q[1]
Gate( 6690)	cx q[1], q[0]
Gate( 6691)	 h q[6]
Gate( 6692)	 h q[6]
Gate( 6693)	tdg q[14]
Gate( 6694)	 t q[2]
Gate( 6695)	 t q[6]
Gate( 6696)	cx q[2], q[14]
Gate( 6697)	cx q[14], q[6]
Gate( 6698)	tdg q[14]
Gate( 6699)	cx q[6], q[2]
Gate( 6700)	cx q[14], q[2]
Gate( 6701)	tdg q[14]
Gate( 6702)	tdg q[2]
Gate( 6703)	 t q[6]
Gate( 6704)	cx q[14], q[6]
Gate( 6705)	 s q[14]
Gate( 6706)	cx q[6], q[2]
Gate( 6707)	cx q[2], q[14]
Gate( 6708)	 h q[6]
Gate( 6709)	 h q[2]
Gate( 6710)	tdg q[5]
Gate( 6711)	 t q[1]
Gate( 6712)	 t q[2]
Gate( 6713)	cx q[1], q[5]
Gate( 6714)	cx q[5], q[2]
Gate( 6715)	tdg q[5]
Gate( 6716)	cx q[2], q[1]
Gate( 6717)	cx q[5], q[1]
Gate( 6718)	tdg q[5]
Gate( 6719)	tdg q[1]
Gate( 6720)	 t q[2]
Gate( 6721)	cx q[5], q[2]
Gate( 6722)	 s q[5]
Gate( 6723)	cx q[2], q[1]
Gate( 6724)	cx q[1], q[5]
Gate( 6725)	 h q[2]
Gate( 6726)	 h q[1]
Gate( 6727)	tdg q[3]
Gate( 6728)	 t q[4]
Gate( 6729)	 t q[1]
Gate( 6730)	cx q[4], q[3]
Gate( 6731)	cx q[3], q[1]
Gate( 6732)	tdg q[3]
Gate( 6733)	cx q[1], q[4]
Gate( 6734)	cx q[3], q[4]
Gate( 6735)	tdg q[3]
Gate( 6736)	tdg q[4]
Gate( 6737)	 t q[1]
Gate( 6738)	cx q[3], q[1]
Gate( 6739)	 s q[3]
Gate( 6740)	cx q[1], q[4]
Gate( 6741)	cx q[4], q[3]
Gate( 6742)	 h q[1]
Gate( 6743)	 h q[2]
Gate( 6744)	tdg q[5]
Gate( 6745)	 t q[1]
Gate( 6746)	 t q[2]
Gate( 6747)	cx q[1], q[5]
Gate( 6748)	cx q[5], q[2]
Gate( 6749)	tdg q[5]
Gate( 6750)	cx q[2], q[1]
Gate( 6751)	cx q[5], q[1]
Gate( 6752)	tdg q[5]
Gate( 6753)	tdg q[1]
Gate( 6754)	 t q[2]
Gate( 6755)	cx q[5], q[2]
Gate( 6756)	 s q[5]
Gate( 6757)	cx q[2], q[1]
Gate( 6758)	cx q[1], q[5]
Gate( 6759)	 h q[2]
Gate( 6760)	 h q[6]
Gate( 6761)	tdg q[14]
Gate( 6762)	 t q[2]
Gate( 6763)	 t q[6]
Gate( 6764)	cx q[2], q[14]
Gate( 6765)	cx q[14], q[6]
Gate( 6766)	tdg q[14]
Gate( 6767)	cx q[6], q[2]
Gate( 6768)	cx q[14], q[2]
Gate( 6769)	tdg q[14]
Gate( 6770)	tdg q[2]
Gate( 6771)	 t q[6]
Gate( 6772)	cx q[14], q[6]
Gate( 6773)	 s q[14]
Gate( 6774)	cx q[6], q[2]
Gate( 6775)	cx q[2], q[14]
Gate( 6776)	 h q[6]
Gate( 6777)	 h q[2]
Gate( 6778)	tdg q[5]
Gate( 6779)	 t q[1]
Gate( 6780)	 t q[2]
Gate( 6781)	cx q[1], q[5]
Gate( 6782)	cx q[5], q[2]
Gate( 6783)	tdg q[5]
Gate( 6784)	cx q[2], q[1]
Gate( 6785)	cx q[5], q[1]
Gate( 6786)	tdg q[5]
Gate( 6787)	tdg q[1]
Gate( 6788)	 t q[2]
Gate( 6789)	cx q[5], q[2]
Gate( 6790)	 s q[5]
Gate( 6791)	cx q[2], q[1]
Gate( 6792)	cx q[1], q[5]
Gate( 6793)	 h q[2]
Gate( 6794)	 h q[1]
Gate( 6795)	tdg q[3]
Gate( 6796)	 t q[4]
Gate( 6797)	 t q[1]
Gate( 6798)	cx q[4], q[3]
Gate( 6799)	cx q[3], q[1]
Gate( 6800)	tdg q[3]
Gate( 6801)	cx q[1], q[4]
Gate( 6802)	cx q[3], q[4]
Gate( 6803)	tdg q[3]
Gate( 6804)	tdg q[4]
Gate( 6805)	 t q[1]
Gate( 6806)	cx q[3], q[1]
Gate( 6807)	 s q[3]
Gate( 6808)	cx q[1], q[4]
Gate( 6809)	cx q[4], q[3]
Gate( 6810)	 h q[1]
Gate( 6811)	 h q[2]
Gate( 6812)	tdg q[5]
Gate( 6813)	 t q[1]
Gate( 6814)	 t q[2]
Gate( 6815)	cx q[1], q[5]
Gate( 6816)	cx q[5], q[2]
Gate( 6817)	tdg q[5]
Gate( 6818)	cx q[2], q[1]
Gate( 6819)	cx q[5], q[1]
Gate( 6820)	tdg q[5]
Gate( 6821)	tdg q[1]
Gate( 6822)	 t q[2]
Gate( 6823)	cx q[5], q[2]
Gate( 6824)	 s q[5]
Gate( 6825)	cx q[2], q[1]
Gate( 6826)	cx q[1], q[5]
Gate( 6827)	 h q[2]
Gate( 6828)	 h q[14]
Gate( 6829)	tdg q[2]
Gate( 6830)	 t q[6]
Gate( 6831)	 t q[14]
Gate( 6832)	cx q[6], q[2]
Gate( 6833)	cx q[2], q[14]
Gate( 6834)	tdg q[2]
Gate( 6835)	cx q[14], q[6]
Gate( 6836)	cx q[2], q[6]
Gate( 6837)	tdg q[2]
Gate( 6838)	tdg q[6]
Gate( 6839)	 t q[14]
Gate( 6840)	cx q[2], q[14]
Gate( 6841)	 s q[2]
Gate( 6842)	cx q[14], q[6]
Gate( 6843)	cx q[6], q[2]
Gate( 6844)	 h q[14]
Gate( 6845)	 h q[6]
Gate( 6846)	tdg q[0]
Gate( 6847)	 t q[1]
Gate( 6848)	 t q[6]
Gate( 6849)	cx q[1], q[0]
Gate( 6850)	cx q[0], q[6]
Gate( 6851)	tdg q[0]
Gate( 6852)	cx q[6], q[1]
Gate( 6853)	cx q[0], q[1]
Gate( 6854)	tdg q[0]
Gate( 6855)	tdg q[1]
Gate( 6856)	 t q[6]
Gate( 6857)	cx q[0], q[6]
Gate( 6858)	 s q[0]
Gate( 6859)	cx q[6], q[1]
Gate( 6860)	cx q[1], q[0]
Gate( 6861)	 h q[6]
Gate( 6862)	 h q[14]
Gate( 6863)	tdg q[2]
Gate( 6864)	 t q[6]
Gate( 6865)	 t q[14]
Gate( 6866)	cx q[6], q[2]
Gate( 6867)	cx q[2], q[14]
Gate( 6868)	tdg q[2]
Gate( 6869)	cx q[14], q[6]
Gate( 6870)	cx q[2], q[6]
Gate( 6871)	tdg q[2]
Gate( 6872)	tdg q[6]
Gate( 6873)	 t q[14]
Gate( 6874)	cx q[2], q[14]
Gate( 6875)	 s q[2]
Gate( 6876)	cx q[14], q[6]
Gate( 6877)	cx q[6], q[2]
Gate( 6878)	 h q[14]
Gate( 6879)	 h q[6]
Gate( 6880)	tdg q[0]
Gate( 6881)	 t q[1]
Gate( 6882)	 t q[6]
Gate( 6883)	cx q[1], q[0]
Gate( 6884)	cx q[0], q[6]
Gate( 6885)	tdg q[0]
Gate( 6886)	cx q[6], q[1]
Gate( 6887)	cx q[0], q[1]
Gate( 6888)	tdg q[0]
Gate( 6889)	tdg q[1]
Gate( 6890)	 t q[6]
Gate( 6891)	cx q[0], q[6]
Gate( 6892)	 s q[0]
Gate( 6893)	cx q[6], q[1]
Gate( 6894)	cx q[1], q[0]
Gate( 6895)	 h q[6]
Gate( 6896)	 h q[6]
Gate( 6897)	tdg q[14]
Gate( 6898)	 t q[2]
Gate( 6899)	 t q[6]
Gate( 6900)	cx q[2], q[14]
Gate( 6901)	cx q[14], q[6]
Gate( 6902)	tdg q[14]
Gate( 6903)	cx q[6], q[2]
Gate( 6904)	cx q[14], q[2]
Gate( 6905)	tdg q[14]
Gate( 6906)	tdg q[2]
Gate( 6907)	 t q[6]
Gate( 6908)	cx q[14], q[6]
Gate( 6909)	 s q[14]
Gate( 6910)	cx q[6], q[2]
Gate( 6911)	cx q[2], q[14]
Gate( 6912)	 h q[6]
Gate( 6913)	 h q[2]
Gate( 6914)	tdg q[5]
Gate( 6915)	 t q[1]
Gate( 6916)	 t q[2]
Gate( 6917)	cx q[1], q[5]
Gate( 6918)	cx q[5], q[2]
Gate( 6919)	tdg q[5]
Gate( 6920)	cx q[2], q[1]
Gate( 6921)	cx q[5], q[1]
Gate( 6922)	tdg q[5]
Gate( 6923)	tdg q[1]
Gate( 6924)	 t q[2]
Gate( 6925)	cx q[5], q[2]
Gate( 6926)	 s q[5]
Gate( 6927)	cx q[2], q[1]
Gate( 6928)	cx q[1], q[5]
Gate( 6929)	 h q[2]
Gate( 6930)	 h q[1]
Gate( 6931)	tdg q[3]
Gate( 6932)	 t q[4]
Gate( 6933)	 t q[1]
Gate( 6934)	cx q[4], q[3]
Gate( 6935)	cx q[3], q[1]
Gate( 6936)	tdg q[3]
Gate( 6937)	cx q[1], q[4]
Gate( 6938)	cx q[3], q[4]
Gate( 6939)	tdg q[3]
Gate( 6940)	tdg q[4]
Gate( 6941)	 t q[1]
Gate( 6942)	cx q[3], q[1]
Gate( 6943)	 s q[3]
Gate( 6944)	cx q[1], q[4]
Gate( 6945)	cx q[4], q[3]
Gate( 6946)	 h q[1]
Gate( 6947)	 h q[2]
Gate( 6948)	tdg q[5]
Gate( 6949)	 t q[1]
Gate( 6950)	 t q[2]
Gate( 6951)	cx q[1], q[5]
Gate( 6952)	cx q[5], q[2]
Gate( 6953)	tdg q[5]
Gate( 6954)	cx q[2], q[1]
Gate( 6955)	cx q[5], q[1]
Gate( 6956)	tdg q[5]
Gate( 6957)	tdg q[1]
Gate( 6958)	 t q[2]
Gate( 6959)	cx q[5], q[2]
Gate( 6960)	 s q[5]
Gate( 6961)	cx q[2], q[1]
Gate( 6962)	cx q[1], q[5]
Gate( 6963)	 h q[2]
Gate( 6964)	 h q[6]
Gate( 6965)	tdg q[14]
Gate( 6966)	 t q[2]
Gate( 6967)	 t q[6]
Gate( 6968)	cx q[2], q[14]
Gate( 6969)	cx q[14], q[6]
Gate( 6970)	tdg q[14]
Gate( 6971)	cx q[6], q[2]
Gate( 6972)	cx q[14], q[2]
Gate( 6973)	tdg q[14]
Gate( 6974)	tdg q[2]
Gate( 6975)	 t q[6]
Gate( 6976)	cx q[14], q[6]
Gate( 6977)	 s q[14]
Gate( 6978)	cx q[6], q[2]
Gate( 6979)	cx q[2], q[14]
Gate( 6980)	 h q[6]
Gate( 6981)	 h q[2]
Gate( 6982)	tdg q[5]
Gate( 6983)	 t q[1]
Gate( 6984)	 t q[2]
Gate( 6985)	cx q[1], q[5]
Gate( 6986)	cx q[5], q[2]
Gate( 6987)	tdg q[5]
Gate( 6988)	cx q[2], q[1]
Gate( 6989)	cx q[5], q[1]
Gate( 6990)	tdg q[5]
Gate( 6991)	tdg q[1]
Gate( 6992)	 t q[2]
Gate( 6993)	cx q[5], q[2]
Gate( 6994)	 s q[5]
Gate( 6995)	cx q[2], q[1]
Gate( 6996)	cx q[1], q[5]
Gate( 6997)	 h q[2]
Gate( 6998)	 h q[1]
Gate( 6999)	tdg q[3]
Gate( 7000)	 t q[4]
Gate( 7001)	 t q[1]
Gate( 7002)	cx q[4], q[3]
Gate( 7003)	cx q[3], q[1]
Gate( 7004)	tdg q[3]
Gate( 7005)	cx q[1], q[4]
Gate( 7006)	cx q[3], q[4]
Gate( 7007)	tdg q[3]
Gate( 7008)	tdg q[4]
Gate( 7009)	 t q[1]
Gate( 7010)	cx q[3], q[1]
Gate( 7011)	 s q[3]
Gate( 7012)	cx q[1], q[4]
Gate( 7013)	cx q[4], q[3]
Gate( 7014)	 h q[1]
Gate( 7015)	 h q[2]
Gate( 7016)	tdg q[5]
Gate( 7017)	 t q[1]
Gate( 7018)	 t q[2]
Gate( 7019)	cx q[1], q[5]
Gate( 7020)	cx q[5], q[2]
Gate( 7021)	tdg q[5]
Gate( 7022)	cx q[2], q[1]
Gate( 7023)	cx q[5], q[1]
Gate( 7024)	tdg q[5]
Gate( 7025)	tdg q[1]
Gate( 7026)	 t q[2]
Gate( 7027)	cx q[5], q[2]
Gate( 7028)	 s q[5]
Gate( 7029)	cx q[2], q[1]
Gate( 7030)	cx q[1], q[5]
Gate( 7031)	 h q[2]
Gate( 7032)	 h q[6]
Gate( 7033)	 x q[0]
Gate( 7034)	 x q[1]
Gate( 7035)	 x q[2]
Gate( 7036)	 x q[3]
Gate( 7037)	 x q[4]
Gate( 7038)	 x q[5]
Gate( 7039)	 x q[6]
Gate( 7040)	 h q[0]
Gate( 7041)	 h q[1]
Gate( 7042)	 h q[2]
Gate( 7043)	 h q[3]
Gate( 7044)	 h q[4]
Gate( 7045)	 h q[5]
Gate( 7046)	 h q[6]
Gate( 7047)	cx q[7], q[0]
Gate( 7048)	cx q[9], q[1]
Gate( 7049)	cx q[11], q[2]
Gate( 7050)	cx q[13], q[3]
Gate( 7051)	cx q[8], q[4]
Gate( 7052)	cx q[9], q[4]
Gate( 7053)	cx q[10], q[5]
Gate( 7054)	cx q[11], q[5]
Gate( 7055)	cx q[12], q[6]
Gate( 7056)	cx q[13], q[6]
Gate( 7057)	 x q[7]
Gate( 7058)	 x q[9]
Gate( 7059)	 x q[10]
Gate( 7060)	 x q[11]
Gate( 7061)	 x q[12]
Gate( 7062)	 x q[13]
Gate( 7063)	 h q[0]
Gate( 7064)	tdg q[9]
Gate( 7065)	 t q[14]
Gate( 7066)	 t q[0]
Gate( 7067)	cx q[14], q[9]
Gate( 7068)	cx q[9], q[0]
Gate( 7069)	tdg q[9]
Gate( 7070)	cx q[0], q[14]
Gate( 7071)	cx q[9], q[14]
Gate( 7072)	tdg q[9]
Gate( 7073)	tdg q[14]
Gate( 7074)	 t q[0]
Gate( 7075)	cx q[9], q[0]
Gate( 7076)	 s q[9]
Gate( 7077)	cx q[0], q[14]
Gate( 7078)	cx q[14], q[9]
Gate( 7079)	 h q[0]
Gate( 7080)	 h q[14]
Gate( 7081)	tdg q[7]
Gate( 7082)	 t q[8]
Gate( 7083)	 t q[14]
Gate( 7084)	cx q[8], q[7]
Gate( 7085)	cx q[7], q[14]
Gate( 7086)	tdg q[7]
Gate( 7087)	cx q[14], q[8]
Gate( 7088)	cx q[7], q[8]
Gate( 7089)	tdg q[7]
Gate( 7090)	tdg q[8]
Gate( 7091)	 t q[14]
Gate( 7092)	cx q[7], q[14]
Gate( 7093)	 s q[7]
Gate( 7094)	cx q[14], q[8]
Gate( 7095)	cx q[8], q[7]
Gate( 7096)	 h q[14]
Gate( 7097)	 h q[0]
Gate( 7098)	tdg q[9]
Gate( 7099)	 t q[14]
Gate( 7100)	 t q[0]
Gate( 7101)	cx q[14], q[9]
Gate( 7102)	cx q[9], q[0]
Gate( 7103)	tdg q[9]
Gate( 7104)	cx q[0], q[14]
Gate( 7105)	cx q[9], q[14]
Gate( 7106)	tdg q[9]
Gate( 7107)	tdg q[14]
Gate( 7108)	 t q[0]
Gate( 7109)	cx q[9], q[0]
Gate( 7110)	 s q[9]
Gate( 7111)	cx q[0], q[14]
Gate( 7112)	cx q[14], q[9]
Gate( 7113)	 h q[0]
Gate( 7114)	 h q[14]
Gate( 7115)	tdg q[7]
Gate( 7116)	 t q[8]
Gate( 7117)	 t q[14]
Gate( 7118)	cx q[8], q[7]
Gate( 7119)	cx q[7], q[14]
Gate( 7120)	tdg q[7]
Gate( 7121)	cx q[14], q[8]
Gate( 7122)	cx q[7], q[8]
Gate( 7123)	tdg q[7]
Gate( 7124)	tdg q[8]
Gate( 7125)	 t q[14]
Gate( 7126)	cx q[7], q[14]
Gate( 7127)	 s q[7]
Gate( 7128)	cx q[14], q[8]
Gate( 7129)	cx q[8], q[7]
Gate( 7130)	 h q[14]
Gate( 7131)	 h q[14]
Gate( 7132)	tdg q[0]
Gate( 7133)	 t q[9]
Gate( 7134)	 t q[14]
Gate( 7135)	cx q[9], q[0]
Gate( 7136)	cx q[0], q[14]
Gate( 7137)	tdg q[0]
Gate( 7138)	cx q[14], q[9]
Gate( 7139)	cx q[0], q[9]
Gate( 7140)	tdg q[0]
Gate( 7141)	tdg q[9]
Gate( 7142)	 t q[14]
Gate( 7143)	cx q[0], q[14]
Gate( 7144)	 s q[0]
Gate( 7145)	cx q[14], q[9]
Gate( 7146)	cx q[9], q[0]
Gate( 7147)	 h q[14]
Gate( 7148)	 h q[9]
Gate( 7149)	tdg q[13]
Gate( 7150)	 t q[8]
Gate( 7151)	 t q[9]
Gate( 7152)	cx q[8], q[13]
Gate( 7153)	cx q[13], q[9]
Gate( 7154)	tdg q[13]
Gate( 7155)	cx q[9], q[8]
Gate( 7156)	cx q[13], q[8]
Gate( 7157)	tdg q[13]
Gate( 7158)	tdg q[8]
Gate( 7159)	 t q[9]
Gate( 7160)	cx q[13], q[9]
Gate( 7161)	 s q[13]
Gate( 7162)	cx q[9], q[8]
Gate( 7163)	cx q[8], q[13]
Gate( 7164)	 h q[9]
Gate( 7165)	 h q[8]
Gate( 7166)	tdg q[12]
Gate( 7167)	 t q[7]
Gate( 7168)	 t q[8]
Gate( 7169)	cx q[7], q[12]
Gate( 7170)	cx q[12], q[8]
Gate( 7171)	tdg q[12]
Gate( 7172)	cx q[8], q[7]
Gate( 7173)	cx q[12], q[7]
Gate( 7174)	tdg q[12]
Gate( 7175)	tdg q[7]
Gate( 7176)	 t q[8]
Gate( 7177)	cx q[12], q[8]
Gate( 7178)	 s q[12]
Gate( 7179)	cx q[8], q[7]
Gate( 7180)	cx q[7], q[12]
Gate( 7181)	 h q[8]
Gate( 7182)	 h q[8]
Gate( 7183)	tdg q[12]
Gate( 7184)	 t q[7]
Gate( 7185)	 t q[8]
Gate( 7186)	cx q[7], q[12]
Gate( 7187)	cx q[12], q[8]
Gate( 7188)	tdg q[12]
Gate( 7189)	cx q[8], q[7]
Gate( 7190)	cx q[12], q[7]
Gate( 7191)	tdg q[12]
Gate( 7192)	tdg q[7]
Gate( 7193)	 t q[8]
Gate( 7194)	cx q[12], q[8]
Gate( 7195)	 s q[12]
Gate( 7196)	cx q[8], q[7]
Gate( 7197)	cx q[7], q[12]
Gate( 7198)	 h q[8]
Gate( 7199)	 h q[7]
Gate( 7200)	tdg q[10]
Gate( 7201)	 t q[11]
Gate( 7202)	 t q[7]
Gate( 7203)	cx q[11], q[10]
Gate( 7204)	cx q[10], q[7]
Gate( 7205)	tdg q[10]
Gate( 7206)	cx q[7], q[11]
Gate( 7207)	cx q[10], q[11]
Gate( 7208)	tdg q[10]
Gate( 7209)	tdg q[11]
Gate( 7210)	 t q[7]
Gate( 7211)	cx q[10], q[7]
Gate( 7212)	 s q[10]
Gate( 7213)	cx q[7], q[11]
Gate( 7214)	cx q[11], q[10]
Gate( 7215)	 h q[7]
Gate( 7216)	 h q[8]
Gate( 7217)	tdg q[12]
Gate( 7218)	 t q[7]
Gate( 7219)	 t q[8]
Gate( 7220)	cx q[7], q[12]
Gate( 7221)	cx q[12], q[8]
Gate( 7222)	tdg q[12]
Gate( 7223)	cx q[8], q[7]
Gate( 7224)	cx q[12], q[7]
Gate( 7225)	tdg q[12]
Gate( 7226)	tdg q[7]
Gate( 7227)	 t q[8]
Gate( 7228)	cx q[12], q[8]
Gate( 7229)	 s q[12]
Gate( 7230)	cx q[8], q[7]
Gate( 7231)	cx q[7], q[12]
Gate( 7232)	 h q[8]
Gate( 7233)	 h q[9]
Gate( 7234)	tdg q[13]
Gate( 7235)	 t q[8]
Gate( 7236)	 t q[9]
Gate( 7237)	cx q[8], q[13]
Gate( 7238)	cx q[13], q[9]
Gate( 7239)	tdg q[13]
Gate( 7240)	cx q[9], q[8]
Gate( 7241)	cx q[13], q[8]
Gate( 7242)	tdg q[13]
Gate( 7243)	tdg q[8]
Gate( 7244)	 t q[9]
Gate( 7245)	cx q[13], q[9]
Gate( 7246)	 s q[13]
Gate( 7247)	cx q[9], q[8]
Gate( 7248)	cx q[8], q[13]
Gate( 7249)	 h q[9]
Gate( 7250)	 h q[14]
Gate( 7251)	tdg q[0]
Gate( 7252)	 t q[9]
Gate( 7253)	 t q[14]
Gate( 7254)	cx q[9], q[0]
Gate( 7255)	cx q[0], q[14]
Gate( 7256)	tdg q[0]
Gate( 7257)	cx q[14], q[9]
Gate( 7258)	cx q[0], q[9]
Gate( 7259)	tdg q[0]
Gate( 7260)	tdg q[9]
Gate( 7261)	 t q[14]
Gate( 7262)	cx q[0], q[14]
Gate( 7263)	 s q[0]
Gate( 7264)	cx q[14], q[9]
Gate( 7265)	cx q[9], q[0]
Gate( 7266)	 h q[14]
Gate( 7267)	 h q[9]
Gate( 7268)	tdg q[13]
Gate( 7269)	 t q[8]
Gate( 7270)	 t q[9]
Gate( 7271)	cx q[8], q[13]
Gate( 7272)	cx q[13], q[9]
Gate( 7273)	tdg q[13]
Gate( 7274)	cx q[9], q[8]
Gate( 7275)	cx q[13], q[8]
Gate( 7276)	tdg q[13]
Gate( 7277)	tdg q[8]
Gate( 7278)	 t q[9]
Gate( 7279)	cx q[13], q[9]
Gate( 7280)	 s q[13]
Gate( 7281)	cx q[9], q[8]
Gate( 7282)	cx q[8], q[13]
Gate( 7283)	 h q[9]
Gate( 7284)	 h q[8]
Gate( 7285)	tdg q[12]
Gate( 7286)	 t q[7]
Gate( 7287)	 t q[8]
Gate( 7288)	cx q[7], q[12]
Gate( 7289)	cx q[12], q[8]
Gate( 7290)	tdg q[12]
Gate( 7291)	cx q[8], q[7]
Gate( 7292)	cx q[12], q[7]
Gate( 7293)	tdg q[12]
Gate( 7294)	tdg q[7]
Gate( 7295)	 t q[8]
Gate( 7296)	cx q[12], q[8]
Gate( 7297)	 s q[12]
Gate( 7298)	cx q[8], q[7]
Gate( 7299)	cx q[7], q[12]
Gate( 7300)	 h q[8]
Gate( 7301)	 h q[7]
Gate( 7302)	tdg q[10]
Gate( 7303)	 t q[11]
Gate( 7304)	 t q[7]
Gate( 7305)	cx q[11], q[10]
Gate( 7306)	cx q[10], q[7]
Gate( 7307)	tdg q[10]
Gate( 7308)	cx q[7], q[11]
Gate( 7309)	cx q[10], q[11]
Gate( 7310)	tdg q[10]
Gate( 7311)	tdg q[11]
Gate( 7312)	 t q[7]
Gate( 7313)	cx q[10], q[7]
Gate( 7314)	 s q[10]
Gate( 7315)	cx q[7], q[11]
Gate( 7316)	cx q[11], q[10]
Gate( 7317)	 h q[7]
Gate( 7318)	 h q[8]
Gate( 7319)	tdg q[12]
Gate( 7320)	 t q[7]
Gate( 7321)	 t q[8]
Gate( 7322)	cx q[7], q[12]
Gate( 7323)	cx q[12], q[8]
Gate( 7324)	tdg q[12]
Gate( 7325)	cx q[8], q[7]
Gate( 7326)	cx q[12], q[7]
Gate( 7327)	tdg q[12]
Gate( 7328)	tdg q[7]
Gate( 7329)	 t q[8]
Gate( 7330)	cx q[12], q[8]
Gate( 7331)	 s q[12]
Gate( 7332)	cx q[8], q[7]
Gate( 7333)	cx q[7], q[12]
Gate( 7334)	 h q[8]
Gate( 7335)	 h q[9]
Gate( 7336)	tdg q[13]
Gate( 7337)	 t q[8]
Gate( 7338)	 t q[9]
Gate( 7339)	cx q[8], q[13]
Gate( 7340)	cx q[13], q[9]
Gate( 7341)	tdg q[13]
Gate( 7342)	cx q[9], q[8]
Gate( 7343)	cx q[13], q[8]
Gate( 7344)	tdg q[13]
Gate( 7345)	tdg q[8]
Gate( 7346)	 t q[9]
Gate( 7347)	cx q[13], q[9]
Gate( 7348)	 s q[13]
Gate( 7349)	cx q[9], q[8]
Gate( 7350)	cx q[8], q[13]
Gate( 7351)	 h q[9]
Gate( 7352)	 h q[0]
Gate( 7353)	tdg q[9]
Gate( 7354)	 t q[14]
Gate( 7355)	 t q[0]
Gate( 7356)	cx q[14], q[9]
Gate( 7357)	cx q[9], q[0]
Gate( 7358)	tdg q[9]
Gate( 7359)	cx q[0], q[14]
Gate( 7360)	cx q[9], q[14]
Gate( 7361)	tdg q[9]
Gate( 7362)	tdg q[14]
Gate( 7363)	 t q[0]
Gate( 7364)	cx q[9], q[0]
Gate( 7365)	 s q[9]
Gate( 7366)	cx q[0], q[14]
Gate( 7367)	cx q[14], q[9]
Gate( 7368)	 h q[0]
Gate( 7369)	 h q[14]
Gate( 7370)	tdg q[7]
Gate( 7371)	 t q[8]
Gate( 7372)	 t q[14]
Gate( 7373)	cx q[8], q[7]
Gate( 7374)	cx q[7], q[14]
Gate( 7375)	tdg q[7]
Gate( 7376)	cx q[14], q[8]
Gate( 7377)	cx q[7], q[8]
Gate( 7378)	tdg q[7]
Gate( 7379)	tdg q[8]
Gate( 7380)	 t q[14]
Gate( 7381)	cx q[7], q[14]
Gate( 7382)	 s q[7]
Gate( 7383)	cx q[14], q[8]
Gate( 7384)	cx q[8], q[7]
Gate( 7385)	 h q[14]
Gate( 7386)	 h q[0]
Gate( 7387)	tdg q[9]
Gate( 7388)	 t q[14]
Gate( 7389)	 t q[0]
Gate( 7390)	cx q[14], q[9]
Gate( 7391)	cx q[9], q[0]
Gate( 7392)	tdg q[9]
Gate( 7393)	cx q[0], q[14]
Gate( 7394)	cx q[9], q[14]
Gate( 7395)	tdg q[9]
Gate( 7396)	tdg q[14]
Gate( 7397)	 t q[0]
Gate( 7398)	cx q[9], q[0]
Gate( 7399)	 s q[9]
Gate( 7400)	cx q[0], q[14]
Gate( 7401)	cx q[14], q[9]
Gate( 7402)	 h q[0]
Gate( 7403)	 h q[14]
Gate( 7404)	tdg q[7]
Gate( 7405)	 t q[8]
Gate( 7406)	 t q[14]
Gate( 7407)	cx q[8], q[7]
Gate( 7408)	cx q[7], q[14]
Gate( 7409)	tdg q[7]
Gate( 7410)	cx q[14], q[8]
Gate( 7411)	cx q[7], q[8]
Gate( 7412)	tdg q[7]
Gate( 7413)	tdg q[8]
Gate( 7414)	 t q[14]
Gate( 7415)	cx q[7], q[14]
Gate( 7416)	 s q[7]
Gate( 7417)	cx q[14], q[8]
Gate( 7418)	cx q[8], q[7]
Gate( 7419)	 h q[14]
Gate( 7420)	 h q[14]
Gate( 7421)	tdg q[0]
Gate( 7422)	 t q[9]
Gate( 7423)	 t q[14]
Gate( 7424)	cx q[9], q[0]
Gate( 7425)	cx q[0], q[14]
Gate( 7426)	tdg q[0]
Gate( 7427)	cx q[14], q[9]
Gate( 7428)	cx q[0], q[9]
Gate( 7429)	tdg q[0]
Gate( 7430)	tdg q[9]
Gate( 7431)	 t q[14]
Gate( 7432)	cx q[0], q[14]
Gate( 7433)	 s q[0]
Gate( 7434)	cx q[14], q[9]
Gate( 7435)	cx q[9], q[0]
Gate( 7436)	 h q[14]
Gate( 7437)	 h q[9]
Gate( 7438)	tdg q[13]
Gate( 7439)	 t q[8]
Gate( 7440)	 t q[9]
Gate( 7441)	cx q[8], q[13]
Gate( 7442)	cx q[13], q[9]
Gate( 7443)	tdg q[13]
Gate( 7444)	cx q[9], q[8]
Gate( 7445)	cx q[13], q[8]
Gate( 7446)	tdg q[13]
Gate( 7447)	tdg q[8]
Gate( 7448)	 t q[9]
Gate( 7449)	cx q[13], q[9]
Gate( 7450)	 s q[13]
Gate( 7451)	cx q[9], q[8]
Gate( 7452)	cx q[8], q[13]
Gate( 7453)	 h q[9]
Gate( 7454)	 h q[8]
Gate( 7455)	tdg q[12]
Gate( 7456)	 t q[7]
Gate( 7457)	 t q[8]
Gate( 7458)	cx q[7], q[12]
Gate( 7459)	cx q[12], q[8]
Gate( 7460)	tdg q[12]
Gate( 7461)	cx q[8], q[7]
Gate( 7462)	cx q[12], q[7]
Gate( 7463)	tdg q[12]
Gate( 7464)	tdg q[7]
Gate( 7465)	 t q[8]
Gate( 7466)	cx q[12], q[8]
Gate( 7467)	 s q[12]
Gate( 7468)	cx q[8], q[7]
Gate( 7469)	cx q[7], q[12]
Gate( 7470)	 h q[8]
Gate( 7471)	 h q[7]
Gate( 7472)	tdg q[10]
Gate( 7473)	 t q[11]
Gate( 7474)	 t q[7]
Gate( 7475)	cx q[11], q[10]
Gate( 7476)	cx q[10], q[7]
Gate( 7477)	tdg q[10]
Gate( 7478)	cx q[7], q[11]
Gate( 7479)	cx q[10], q[11]
Gate( 7480)	tdg q[10]
Gate( 7481)	tdg q[11]
Gate( 7482)	 t q[7]
Gate( 7483)	cx q[10], q[7]
Gate( 7484)	 s q[10]
Gate( 7485)	cx q[7], q[11]
Gate( 7486)	cx q[11], q[10]
Gate( 7487)	 h q[7]
Gate( 7488)	 h q[8]
Gate( 7489)	tdg q[12]
Gate( 7490)	 t q[7]
Gate( 7491)	 t q[8]
Gate( 7492)	cx q[7], q[12]
Gate( 7493)	cx q[12], q[8]
Gate( 7494)	tdg q[12]
Gate( 7495)	cx q[8], q[7]
Gate( 7496)	cx q[12], q[7]
Gate( 7497)	tdg q[12]
Gate( 7498)	tdg q[7]
Gate( 7499)	 t q[8]
Gate( 7500)	cx q[12], q[8]
Gate( 7501)	 s q[12]
Gate( 7502)	cx q[8], q[7]
Gate( 7503)	cx q[7], q[12]
Gate( 7504)	 h q[8]
Gate( 7505)	 h q[9]
Gate( 7506)	tdg q[13]
Gate( 7507)	 t q[8]
Gate( 7508)	 t q[9]
Gate( 7509)	cx q[8], q[13]
Gate( 7510)	cx q[13], q[9]
Gate( 7511)	tdg q[13]
Gate( 7512)	cx q[9], q[8]
Gate( 7513)	cx q[13], q[8]
Gate( 7514)	tdg q[13]
Gate( 7515)	tdg q[8]
Gate( 7516)	 t q[9]
Gate( 7517)	cx q[13], q[9]
Gate( 7518)	 s q[13]
Gate( 7519)	cx q[9], q[8]
Gate( 7520)	cx q[8], q[13]
Gate( 7521)	 h q[9]
Gate( 7522)	 h q[14]
Gate( 7523)	tdg q[0]
Gate( 7524)	 t q[9]
Gate( 7525)	 t q[14]
Gate( 7526)	cx q[9], q[0]
Gate( 7527)	cx q[0], q[14]
Gate( 7528)	tdg q[0]
Gate( 7529)	cx q[14], q[9]
Gate( 7530)	cx q[0], q[9]
Gate( 7531)	tdg q[0]
Gate( 7532)	tdg q[9]
Gate( 7533)	 t q[14]
Gate( 7534)	cx q[0], q[14]
Gate( 7535)	 s q[0]
Gate( 7536)	cx q[14], q[9]
Gate( 7537)	cx q[9], q[0]
Gate( 7538)	 h q[14]
Gate( 7539)	 h q[9]
Gate( 7540)	tdg q[13]
Gate( 7541)	 t q[8]
Gate( 7542)	 t q[9]
Gate( 7543)	cx q[8], q[13]
Gate( 7544)	cx q[13], q[9]
Gate( 7545)	tdg q[13]
Gate( 7546)	cx q[9], q[8]
Gate( 7547)	cx q[13], q[8]
Gate( 7548)	tdg q[13]
Gate( 7549)	tdg q[8]
Gate( 7550)	 t q[9]
Gate( 7551)	cx q[13], q[9]
Gate( 7552)	 s q[13]
Gate( 7553)	cx q[9], q[8]
Gate( 7554)	cx q[8], q[13]
Gate( 7555)	 h q[9]
Gate( 7556)	 h q[8]
Gate( 7557)	tdg q[12]
Gate( 7558)	 t q[7]
Gate( 7559)	 t q[8]
Gate( 7560)	cx q[7], q[12]
Gate( 7561)	cx q[12], q[8]
Gate( 7562)	tdg q[12]
Gate( 7563)	cx q[8], q[7]
Gate( 7564)	cx q[12], q[7]
Gate( 7565)	tdg q[12]
Gate( 7566)	tdg q[7]
Gate( 7567)	 t q[8]
Gate( 7568)	cx q[12], q[8]
Gate( 7569)	 s q[12]
Gate( 7570)	cx q[8], q[7]
Gate( 7571)	cx q[7], q[12]
Gate( 7572)	 h q[8]
Gate( 7573)	 h q[7]
Gate( 7574)	tdg q[10]
Gate( 7575)	 t q[11]
Gate( 7576)	 t q[7]
Gate( 7577)	cx q[11], q[10]
Gate( 7578)	cx q[10], q[7]
Gate( 7579)	tdg q[10]
Gate( 7580)	cx q[7], q[11]
Gate( 7581)	cx q[10], q[11]
Gate( 7582)	tdg q[10]
Gate( 7583)	tdg q[11]
Gate( 7584)	 t q[7]
Gate( 7585)	cx q[10], q[7]
Gate( 7586)	 s q[10]
Gate( 7587)	cx q[7], q[11]
Gate( 7588)	cx q[11], q[10]
Gate( 7589)	 h q[7]
Gate( 7590)	 h q[8]
Gate( 7591)	tdg q[12]
Gate( 7592)	 t q[7]
Gate( 7593)	 t q[8]
Gate( 7594)	cx q[7], q[12]
Gate( 7595)	cx q[12], q[8]
Gate( 7596)	tdg q[12]
Gate( 7597)	cx q[8], q[7]
Gate( 7598)	cx q[12], q[7]
Gate( 7599)	tdg q[12]
Gate( 7600)	tdg q[7]
Gate( 7601)	 t q[8]
Gate( 7602)	cx q[12], q[8]
Gate( 7603)	 s q[12]
Gate( 7604)	cx q[8], q[7]
Gate( 7605)	cx q[7], q[12]
Gate( 7606)	 h q[8]
Gate( 7607)	 h q[9]
Gate( 7608)	tdg q[13]
Gate( 7609)	 t q[8]
Gate( 7610)	 t q[9]
Gate( 7611)	cx q[8], q[13]
Gate( 7612)	cx q[13], q[9]
Gate( 7613)	tdg q[13]
Gate( 7614)	cx q[9], q[8]
Gate( 7615)	cx q[13], q[8]
Gate( 7616)	tdg q[13]
Gate( 7617)	tdg q[8]
Gate( 7618)	 t q[9]
Gate( 7619)	cx q[13], q[9]
Gate( 7620)	 s q[13]
Gate( 7621)	cx q[9], q[8]
Gate( 7622)	cx q[8], q[13]
Gate( 7623)	 h q[9]
Gate( 7624)	 x q[7]
Gate( 7625)	 x q[9]
Gate( 7626)	 x q[10]
Gate( 7627)	 x q[11]
Gate( 7628)	 x q[12]
Gate( 7629)	 x q[13]

*** Option ***
Input file  : ../example/square_root_7.qasm
Output file : ../output/square_root_7.qasm

Generating Multi-QPU Architecture: 4 QPUs, each with 16 qubits

Skipping complex QPU Degree Graph (Using simple Star Topology meta-info)

=== Multi-QPU Interconnect Edges ===
initial_mapping

================ Interaction Graph ================
[Nodes]
  Node 0 (weight=1): edges -> 0 11 12 25 26 35 
  Node 1 (weight=1): edges -> 1 25 27 28 30 32 33 
  Node 2 (weight=1): edges -> 2 22 23 29 30 
  Node 3 (weight=1): edges -> 3 31 32 
  Node 4 (weight=1): edges -> 4 5 31 33 
  Node 5 (weight=1): edges -> 6 7 28 29 
  Node 6 (weight=1): edges -> 8 9 22 24 26 27 
  Node 7 (weight=1): edges -> 0 13 14 36 38 39 40 
  Node 8 (weight=1): edges -> 4 13 15 16 18 20 21 37 
  Node 9 (weight=1): edges -> 1 5 10 11 17 18 34 
  Node 10 (weight=1): edges -> 6 19 20 39 
  Node 11 (weight=1): edges -> 2 7 19 21 40 
  Node 12 (weight=1): edges -> 8 16 17 38 
  Node 13 (weight=1): edges -> 3 9 10 12 14 15 
  Node 14 (weight=1): edges -> 23 24 34 35 36 37 

[Edges]
  Edge 0 : q0 -- q7  weight=1.02001
  Edge 1 : q1 -- q9  weight=1.02
  Edge 2 : q2 -- q11  weight=1.01801
  Edge 3 : q3 -- q13  weight=0.918006
  Edge 4 : q4 -- q8  weight=0.918002
  Edge 5 : q4 -- q9  weight=0.916205
  Edge 6 : q5 -- q10  weight=0.826205
  Edge 7 : q5 -- q11  weight=0.826202
  Edge 8 : q6 -- q12  weight=0.824585
  Edge 9 : q6 -- q13  weight=0.743585
  Edge 10 : q9 -- q13  weight=33.5564
  Edge 11 : q0 -- q9  weight=27.4847
  Edge 12 : q13 -- q0  weight=22.8717
  Edge 13 : q7 -- q8  weight=21.4691
  Edge 14 : q13 -- q7  weight=12.8145
  Edge 15 : q8 -- q13  weight=12.1174
  Edge 16 : q12 -- q8  weight=11.4891
  Edge 17 : q9 -- q12  weight=7.23116
  Edge 18 : q8 -- q9  weight=7.07167
  Edge 19 : q10 -- q11  weight=5.09771
  Edge 20 : q8 -- q10  weight=2.99623
  Edge 21 : q11 -- q8  weight=2.81288
  Edge 22 : q2 -- q6  weight=0.0666082
  Edge 23 : q14 -- q2  weight=0.0516696
  Edge 24 : q6 -- q14  weight=0.0439489
  Edge 25 : q0 -- q1  weight=0.0405657
  Edge 26 : q6 -- q0  weight=0.0241945
  Edge 27 : q1 -- q6  weight=0.0241945
  Edge 28 : q5 -- q1  weight=0.0221709
  Edge 29 : q2 -- q5  weight=0.0141199
  Edge 30 : q1 -- q2  weight=0.0134798
  Edge 31 : q3 -- q4  weight=0.00981058
  Edge 32 : q1 -- q3  weight=0.00561641
  Edge 33 : q4 -- q1  weight=0.00561641
  Edge 34 : q9 -- q14  weight=1.16996e-42
  Edge 35 : q14 -- q0  weight=7.55135e-43
  Edge 36 : q14 -- q7  weight=4.34254e-43
  Edge 37 : q8 -- q14  weight=4.33885e-43
  Edge 38 : q12 -- q7  weight=3.71316e-43
  Edge 39 : q7 -- q10  weight=5.48194e-44
  Edge 40 : q11 -- q7  weight=4.94955e-44
===================================================


[ADAPTIVE-METIS] start: nvtxs=15 edges=41 ufactor=500 max_trials=50
Input Error: Incorrect numflag.
  [trial   0] Q=0.39739 cut=105270 perturb=0.000 sizes=[4,4,3,4]  *** BEST ***
Input Error: Incorrect numflag.
Input Error: Incorrect numflag.
Input Error: Incorrect numflag.
Input Error: Incorrect numflag.
Input Error: Incorrect numflag.
Input Error: Incorrect numflag.
Input Error: Incorrect numflag.
Input Error: Incorrect numflag.
Input Error: Incorrect numflag.
  [trial   9] Q=0.39739 best=0.39739 no_imp=9/12
Input Error: Incorrect numflag.
Input Error: Incorrect numflag.
Input Error: Incorrect numflag.
  [ADAPTIVE-METIS] saturated at trial=12
[ADAPTIVE-METIS] DONE: best_Q=0.39739 trials=13/50 success=13
  partition sizes: [4,4,3,4] imbalance=1.07

===== InteractionGraph Subsets Complete =====

===== Building inter_Sub_edge (Cross-Sub Edges) =====

========== Cross-Subgraph Weighted Sums ==========
  Total cross-QPU weight: 105.261
  QPU2<->QPU3: 95.417
  QPU0<->QPU3: 5.876
  QPU1<->QPU2: 2.854
  QPU1<->QPU3: 1.027
  QPU0<->QPU1: 0.087

===== MATCHING START =====
[MATCH] Sub0 -> QPU0
[MATCH] Sub1 -> QPU1
[MATCH] Sub2 -> QPU2
[MATCH] Sub3 -> QPU3

===== MATCHING DONE =====

===================== initial_mapping END =====================
[START] main_mapping v5
[FIDELITY] swaps=160 inter_epr=2067 => F=0.000 (0%)
[END] main_mapping v5.1 SWAPs=160 inter_exec=2067 fidelity=0.000%
*** Final Circuit ***
# add_2q_num: 160
# fidelity: 0.000

*** Time & Memory Measure ***
tasks                          Wtime      Ctime
PARSING                        0.652      0.028
GENERATE MULTI-QPU             0.692      0.068
INITIAL MAPPING                0.702      0.078
MAIN MAPPING                   0.713      0.089
END PROGRAM                    0.717      0.093

----------------------------------------
### VmPeak         FDSize:	64
### Memory Usage           : 10.680 MB
