
================================================================
         Multi-QPU Mapping by Ajou University QCSS Lab          
================================================================
Gate(    0)	 h q[1]
Gate(    1)	 t q[6]
Gate(    2)	 t q[10]
Gate(    3)	 t q[1]
Gate(    4)	cx q[10], q[6]
Gate(    5)	cx q[1], q[10]
Gate(    6)	cx q[6], q[1]
Gate(    7)	tdg q[10]
Gate(    8)	cx q[6], q[10]
Gate(    9)	tdg q[6]
Gate(   10)	tdg q[10]
Gate(   11)	 t q[1]
Gate(   12)	cx q[1], q[10]
Gate(   13)	cx q[6], q[1]
Gate(   14)	cx q[10], q[6]
Gate(   15)	 h q[1]
Gate(   16)	 h q[10]
Gate(   17)	 t q[8]
Gate(   18)	 t q[7]
Gate(   19)	 t q[10]
Gate(   20)	cx q[7], q[8]
Gate(   21)	cx q[10], q[7]
Gate(   22)	cx q[8], q[10]
Gate(   23)	tdg q[7]
Gate(   24)	cx q[8], q[7]
Gate(   25)	tdg q[8]
Gate(   26)	tdg q[7]
Gate(   27)	 t q[10]
Gate(   28)	cx q[10], q[7]
Gate(   29)	cx q[8], q[10]
Gate(   30)	cx q[7], q[8]
Gate(   31)	 h q[10]
Gate(   32)	 h q[1]
Gate(   33)	 t q[6]
Gate(   34)	 t q[10]
Gate(   35)	 t q[1]
Gate(   36)	cx q[10], q[6]
Gate(   37)	cx q[1], q[10]
Gate(   38)	cx q[6], q[1]
Gate(   39)	tdg q[10]
Gate(   40)	cx q[6], q[10]
Gate(   41)	tdg q[6]
Gate(   42)	tdg q[10]
Gate(   43)	 t q[1]
Gate(   44)	cx q[1], q[10]
Gate(   45)	cx q[6], q[1]
Gate(   46)	cx q[10], q[6]
Gate(   47)	 h q[1]
Gate(   48)	 h q[10]
Gate(   49)	 t q[8]
Gate(   50)	 t q[7]
Gate(   51)	 t q[10]
Gate(   52)	cx q[7], q[8]
Gate(   53)	cx q[10], q[7]
Gate(   54)	cx q[8], q[10]
Gate(   55)	tdg q[7]
Gate(   56)	cx q[8], q[7]
Gate(   57)	tdg q[8]
Gate(   58)	tdg q[7]
Gate(   59)	 t q[10]
Gate(   60)	cx q[10], q[7]
Gate(   61)	cx q[8], q[10]
Gate(   62)	cx q[7], q[8]
Gate(   63)	 h q[10]
Gate(   64)	 h q[0]
Gate(   65)	 t q[1]
Gate(   66)	 t q[10]
Gate(   67)	 t q[0]
Gate(   68)	cx q[10], q[1]
Gate(   69)	cx q[0], q[10]
Gate(   70)	cx q[1], q[0]
Gate(   71)	tdg q[10]
Gate(   72)	cx q[1], q[10]
Gate(   73)	tdg q[1]
Gate(   74)	tdg q[10]
Gate(   75)	 t q[0]
Gate(   76)	cx q[0], q[10]
Gate(   77)	cx q[1], q[0]
Gate(   78)	cx q[10], q[1]
Gate(   79)	 h q[0]
Gate(   80)	 h q[10]
Gate(   81)	 t q[2]
Gate(   82)	 t q[9]
Gate(   83)	 t q[10]
Gate(   84)	cx q[9], q[2]
Gate(   85)	cx q[10], q[9]
Gate(   86)	cx q[2], q[10]
Gate(   87)	tdg q[9]
Gate(   88)	cx q[2], q[9]
Gate(   89)	tdg q[2]
Gate(   90)	tdg q[9]
Gate(   91)	 t q[10]
Gate(   92)	cx q[10], q[9]
Gate(   93)	cx q[2], q[10]
Gate(   94)	cx q[9], q[2]
Gate(   95)	 h q[10]
Gate(   96)	 h q[9]
Gate(   97)	 t q[3]
Gate(   98)	 t q[8]
Gate(   99)	 t q[9]
Gate(  100)	cx q[8], q[3]
Gate(  101)	cx q[9], q[8]
Gate(  102)	cx q[3], q[9]
Gate(  103)	tdg q[8]
Gate(  104)	cx q[3], q[8]
Gate(  105)	tdg q[3]
Gate(  106)	tdg q[8]
Gate(  107)	 t q[9]
Gate(  108)	cx q[9], q[8]
Gate(  109)	cx q[3], q[9]
Gate(  110)	cx q[8], q[3]
Gate(  111)	 h q[9]
Gate(  112)	 h q[8]
Gate(  113)	 t q[5]
Gate(  114)	 t q[4]
Gate(  115)	 t q[8]
Gate(  116)	cx q[4], q[5]
Gate(  117)	cx q[8], q[4]
Gate(  118)	cx q[5], q[8]
Gate(  119)	tdg q[4]
Gate(  120)	cx q[5], q[4]
Gate(  121)	tdg q[5]
Gate(  122)	tdg q[4]
Gate(  123)	 t q[8]
Gate(  124)	cx q[8], q[4]
Gate(  125)	cx q[5], q[8]
Gate(  126)	cx q[4], q[5]
Gate(  127)	 h q[8]
Gate(  128)	 h q[9]
Gate(  129)	 t q[3]
Gate(  130)	 t q[8]
Gate(  131)	 t q[9]
Gate(  132)	cx q[8], q[3]
Gate(  133)	cx q[9], q[8]
Gate(  134)	cx q[3], q[9]
Gate(  135)	tdg q[8]
Gate(  136)	cx q[3], q[8]
Gate(  137)	tdg q[3]
Gate(  138)	tdg q[8]
Gate(  139)	 t q[9]
Gate(  140)	cx q[9], q[8]
Gate(  141)	cx q[3], q[9]
Gate(  142)	cx q[8], q[3]
Gate(  143)	 h q[9]
Gate(  144)	 h q[10]
Gate(  145)	 t q[2]
Gate(  146)	 t q[9]
Gate(  147)	 t q[10]
Gate(  148)	cx q[9], q[2]
Gate(  149)	cx q[10], q[9]
Gate(  150)	cx q[2], q[10]
Gate(  151)	tdg q[9]
Gate(  152)	cx q[2], q[9]
Gate(  153)	tdg q[2]
Gate(  154)	tdg q[9]
Gate(  155)	 t q[10]
Gate(  156)	cx q[10], q[9]
Gate(  157)	cx q[2], q[10]
Gate(  158)	cx q[9], q[2]
Gate(  159)	 h q[10]
Gate(  160)	 h q[0]
Gate(  161)	 t q[1]
Gate(  162)	 t q[10]
Gate(  163)	 t q[0]
Gate(  164)	cx q[10], q[1]
Gate(  165)	cx q[0], q[10]
Gate(  166)	cx q[1], q[0]
Gate(  167)	tdg q[10]
Gate(  168)	cx q[1], q[10]
Gate(  169)	tdg q[1]
Gate(  170)	tdg q[10]
Gate(  171)	 t q[0]
Gate(  172)	cx q[0], q[10]
Gate(  173)	cx q[1], q[0]
Gate(  174)	cx q[10], q[1]
Gate(  175)	 h q[0]
Gate(  176)	 h q[10]
Gate(  177)	 t q[2]
Gate(  178)	 t q[9]
Gate(  179)	 t q[10]
Gate(  180)	cx q[9], q[2]
Gate(  181)	cx q[10], q[9]
Gate(  182)	cx q[2], q[10]
Gate(  183)	tdg q[9]
Gate(  184)	cx q[2], q[9]
Gate(  185)	tdg q[2]
Gate(  186)	tdg q[9]
Gate(  187)	 t q[10]
Gate(  188)	cx q[10], q[9]
Gate(  189)	cx q[2], q[10]
Gate(  190)	cx q[9], q[2]
Gate(  191)	 h q[10]
Gate(  192)	 h q[9]
Gate(  193)	 t q[3]
Gate(  194)	 t q[8]
Gate(  195)	 t q[9]
Gate(  196)	cx q[8], q[3]
Gate(  197)	cx q[9], q[8]
Gate(  198)	cx q[3], q[9]
Gate(  199)	tdg q[8]
Gate(  200)	cx q[3], q[8]
Gate(  201)	tdg q[3]
Gate(  202)	tdg q[8]
Gate(  203)	 t q[9]
Gate(  204)	cx q[9], q[8]
Gate(  205)	cx q[3], q[9]
Gate(  206)	cx q[8], q[3]
Gate(  207)	 h q[9]
Gate(  208)	 h q[8]
Gate(  209)	 t q[5]
Gate(  210)	 t q[4]
Gate(  211)	 t q[8]
Gate(  212)	cx q[4], q[5]
Gate(  213)	cx q[8], q[4]
Gate(  214)	cx q[5], q[8]
Gate(  215)	tdg q[4]
Gate(  216)	cx q[5], q[4]
Gate(  217)	tdg q[5]
Gate(  218)	tdg q[4]
Gate(  219)	 t q[8]
Gate(  220)	cx q[8], q[4]
Gate(  221)	cx q[5], q[8]
Gate(  222)	cx q[4], q[5]
Gate(  223)	 h q[8]
Gate(  224)	 h q[9]
Gate(  225)	 t q[3]
Gate(  226)	 t q[8]
Gate(  227)	 t q[9]
Gate(  228)	cx q[8], q[3]
Gate(  229)	cx q[9], q[8]
Gate(  230)	cx q[3], q[9]
Gate(  231)	tdg q[8]
Gate(  232)	cx q[3], q[8]
Gate(  233)	tdg q[3]
Gate(  234)	tdg q[8]
Gate(  235)	 t q[9]
Gate(  236)	cx q[9], q[8]
Gate(  237)	cx q[3], q[9]
Gate(  238)	cx q[8], q[3]
Gate(  239)	 h q[9]
Gate(  240)	 h q[10]
Gate(  241)	 t q[2]
Gate(  242)	 t q[9]
Gate(  243)	 t q[10]
Gate(  244)	cx q[9], q[2]
Gate(  245)	cx q[10], q[9]
Gate(  246)	cx q[2], q[10]
Gate(  247)	tdg q[9]
Gate(  248)	cx q[2], q[9]
Gate(  249)	tdg q[2]
Gate(  250)	tdg q[9]
Gate(  251)	 t q[10]
Gate(  252)	cx q[10], q[9]
Gate(  253)	cx q[2], q[10]
Gate(  254)	cx q[9], q[2]
Gate(  255)	 h q[10]
Gate(  256)	 h q[1]
Gate(  257)	 t q[6]
Gate(  258)	 t q[10]
Gate(  259)	 t q[1]
Gate(  260)	cx q[10], q[6]
Gate(  261)	cx q[1], q[10]
Gate(  262)	cx q[6], q[1]
Gate(  263)	tdg q[10]
Gate(  264)	cx q[6], q[10]
Gate(  265)	tdg q[6]
Gate(  266)	tdg q[10]
Gate(  267)	 t q[1]
Gate(  268)	cx q[1], q[10]
Gate(  269)	cx q[6], q[1]
Gate(  270)	cx q[10], q[6]
Gate(  271)	 h q[1]
Gate(  272)	 h q[10]
Gate(  273)	 t q[8]
Gate(  274)	 t q[7]
Gate(  275)	 t q[10]
Gate(  276)	cx q[7], q[8]
Gate(  277)	cx q[10], q[7]
Gate(  278)	cx q[8], q[10]
Gate(  279)	tdg q[7]
Gate(  280)	cx q[8], q[7]
Gate(  281)	tdg q[8]
Gate(  282)	tdg q[7]
Gate(  283)	 t q[10]
Gate(  284)	cx q[10], q[7]
Gate(  285)	cx q[8], q[10]
Gate(  286)	cx q[7], q[8]
Gate(  287)	 h q[10]
Gate(  288)	 h q[1]
Gate(  289)	 t q[6]
Gate(  290)	 t q[10]
Gate(  291)	 t q[1]
Gate(  292)	cx q[10], q[6]
Gate(  293)	cx q[1], q[10]
Gate(  294)	cx q[6], q[1]
Gate(  295)	tdg q[10]
Gate(  296)	cx q[6], q[10]
Gate(  297)	tdg q[6]
Gate(  298)	tdg q[10]
Gate(  299)	 t q[1]
Gate(  300)	cx q[1], q[10]
Gate(  301)	cx q[6], q[1]
Gate(  302)	cx q[10], q[6]
Gate(  303)	 h q[1]
Gate(  304)	 h q[10]
Gate(  305)	 t q[8]
Gate(  306)	 t q[7]
Gate(  307)	 t q[10]
Gate(  308)	cx q[7], q[8]
Gate(  309)	cx q[10], q[7]
Gate(  310)	cx q[8], q[10]
Gate(  311)	tdg q[7]
Gate(  312)	cx q[8], q[7]
Gate(  313)	tdg q[8]
Gate(  314)	tdg q[7]
Gate(  315)	 t q[10]
Gate(  316)	cx q[10], q[7]
Gate(  317)	cx q[8], q[10]
Gate(  318)	cx q[7], q[8]
Gate(  319)	 h q[10]
Gate(  320)	 h q[0]
Gate(  321)	 t q[1]
Gate(  322)	 t q[10]
Gate(  323)	 t q[0]
Gate(  324)	cx q[10], q[1]
Gate(  325)	cx q[0], q[10]
Gate(  326)	cx q[1], q[0]
Gate(  327)	tdg q[10]
Gate(  328)	cx q[1], q[10]
Gate(  329)	tdg q[1]
Gate(  330)	tdg q[10]
Gate(  331)	 t q[0]
Gate(  332)	cx q[0], q[10]
Gate(  333)	cx q[1], q[0]
Gate(  334)	cx q[10], q[1]
Gate(  335)	 h q[0]
Gate(  336)	 h q[10]
Gate(  337)	 t q[2]
Gate(  338)	 t q[9]
Gate(  339)	 t q[10]
Gate(  340)	cx q[9], q[2]
Gate(  341)	cx q[10], q[9]
Gate(  342)	cx q[2], q[10]
Gate(  343)	tdg q[9]
Gate(  344)	cx q[2], q[9]
Gate(  345)	tdg q[2]
Gate(  346)	tdg q[9]
Gate(  347)	 t q[10]
Gate(  348)	cx q[10], q[9]
Gate(  349)	cx q[2], q[10]
Gate(  350)	cx q[9], q[2]
Gate(  351)	 h q[10]
Gate(  352)	 h q[9]
Gate(  353)	 t q[3]
Gate(  354)	 t q[8]
Gate(  355)	 t q[9]
Gate(  356)	cx q[8], q[3]
Gate(  357)	cx q[9], q[8]
Gate(  358)	cx q[3], q[9]
Gate(  359)	tdg q[8]
Gate(  360)	cx q[3], q[8]
Gate(  361)	tdg q[3]
Gate(  362)	tdg q[8]
Gate(  363)	 t q[9]
Gate(  364)	cx q[9], q[8]
Gate(  365)	cx q[3], q[9]
Gate(  366)	cx q[8], q[3]
Gate(  367)	 h q[9]
Gate(  368)	 h q[8]
Gate(  369)	 t q[5]
Gate(  370)	 t q[4]
Gate(  371)	 t q[8]
Gate(  372)	cx q[4], q[5]
Gate(  373)	cx q[8], q[4]
Gate(  374)	cx q[5], q[8]
Gate(  375)	tdg q[4]
Gate(  376)	cx q[5], q[4]
Gate(  377)	tdg q[5]
Gate(  378)	tdg q[4]
Gate(  379)	 t q[8]
Gate(  380)	cx q[8], q[4]
Gate(  381)	cx q[5], q[8]
Gate(  382)	cx q[4], q[5]
Gate(  383)	 h q[8]
Gate(  384)	 h q[9]
Gate(  385)	 t q[3]
Gate(  386)	 t q[8]
Gate(  387)	 t q[9]
Gate(  388)	cx q[8], q[3]
Gate(  389)	cx q[9], q[8]
Gate(  390)	cx q[3], q[9]
Gate(  391)	tdg q[8]
Gate(  392)	cx q[3], q[8]
Gate(  393)	tdg q[3]
Gate(  394)	tdg q[8]
Gate(  395)	 t q[9]
Gate(  396)	cx q[9], q[8]
Gate(  397)	cx q[3], q[9]
Gate(  398)	cx q[8], q[3]
Gate(  399)	 h q[9]
Gate(  400)	 h q[10]
Gate(  401)	 t q[2]
Gate(  402)	 t q[9]
Gate(  403)	 t q[10]
Gate(  404)	cx q[9], q[2]
Gate(  405)	cx q[10], q[9]
Gate(  406)	cx q[2], q[10]
Gate(  407)	tdg q[9]
Gate(  408)	cx q[2], q[9]
Gate(  409)	tdg q[2]
Gate(  410)	tdg q[9]
Gate(  411)	 t q[10]
Gate(  412)	cx q[10], q[9]
Gate(  413)	cx q[2], q[10]
Gate(  414)	cx q[9], q[2]
Gate(  415)	 h q[10]
Gate(  416)	 h q[0]
Gate(  417)	 t q[1]
Gate(  418)	 t q[10]
Gate(  419)	 t q[0]
Gate(  420)	cx q[10], q[1]
Gate(  421)	cx q[0], q[10]
Gate(  422)	cx q[1], q[0]
Gate(  423)	tdg q[10]
Gate(  424)	cx q[1], q[10]
Gate(  425)	tdg q[1]
Gate(  426)	tdg q[10]
Gate(  427)	 t q[0]
Gate(  428)	cx q[0], q[10]
Gate(  429)	cx q[1], q[0]
Gate(  430)	cx q[10], q[1]
Gate(  431)	 h q[0]
Gate(  432)	 h q[10]
Gate(  433)	 t q[2]
Gate(  434)	 t q[9]
Gate(  435)	 t q[10]
Gate(  436)	cx q[9], q[2]
Gate(  437)	cx q[10], q[9]
Gate(  438)	cx q[2], q[10]
Gate(  439)	tdg q[9]
Gate(  440)	cx q[2], q[9]
Gate(  441)	tdg q[2]
Gate(  442)	tdg q[9]
Gate(  443)	 t q[10]
Gate(  444)	cx q[10], q[9]
Gate(  445)	cx q[2], q[10]
Gate(  446)	cx q[9], q[2]
Gate(  447)	 h q[10]
Gate(  448)	 h q[9]
Gate(  449)	 t q[3]
Gate(  450)	 t q[8]
Gate(  451)	 t q[9]
Gate(  452)	cx q[8], q[3]
Gate(  453)	cx q[9], q[8]
Gate(  454)	cx q[3], q[9]
Gate(  455)	tdg q[8]
Gate(  456)	cx q[3], q[8]
Gate(  457)	tdg q[3]
Gate(  458)	tdg q[8]
Gate(  459)	 t q[9]
Gate(  460)	cx q[9], q[8]
Gate(  461)	cx q[3], q[9]
Gate(  462)	cx q[8], q[3]
Gate(  463)	 h q[9]
Gate(  464)	 h q[8]
Gate(  465)	 t q[5]
Gate(  466)	 t q[4]
Gate(  467)	 t q[8]
Gate(  468)	cx q[4], q[5]
Gate(  469)	cx q[8], q[4]
Gate(  470)	cx q[5], q[8]
Gate(  471)	tdg q[4]
Gate(  472)	cx q[5], q[4]
Gate(  473)	tdg q[5]
Gate(  474)	tdg q[4]
Gate(  475)	 t q[8]
Gate(  476)	cx q[8], q[4]
Gate(  477)	cx q[5], q[8]
Gate(  478)	cx q[4], q[5]
Gate(  479)	 h q[8]
Gate(  480)	 h q[9]
Gate(  481)	 t q[3]
Gate(  482)	 t q[8]
Gate(  483)	 t q[9]
Gate(  484)	cx q[8], q[3]
Gate(  485)	cx q[9], q[8]
Gate(  486)	cx q[3], q[9]
Gate(  487)	tdg q[8]
Gate(  488)	cx q[3], q[8]
Gate(  489)	tdg q[3]
Gate(  490)	tdg q[8]
Gate(  491)	 t q[9]
Gate(  492)	cx q[9], q[8]
Gate(  493)	cx q[3], q[9]
Gate(  494)	cx q[8], q[3]
Gate(  495)	 h q[9]
Gate(  496)	 h q[10]
Gate(  497)	 t q[2]
Gate(  498)	 t q[9]
Gate(  499)	 t q[10]
Gate(  500)	cx q[9], q[2]
Gate(  501)	cx q[10], q[9]
Gate(  502)	cx q[2], q[10]
Gate(  503)	tdg q[9]
Gate(  504)	cx q[2], q[9]
Gate(  505)	tdg q[2]
Gate(  506)	tdg q[9]
Gate(  507)	 t q[10]
Gate(  508)	cx q[10], q[9]
Gate(  509)	cx q[2], q[10]
Gate(  510)	cx q[9], q[2]
Gate(  511)	 h q[10]
Gate(  512)	 h q[2]
Gate(  513)	 t q[6]
Gate(  514)	 t q[10]
Gate(  515)	 t q[2]
Gate(  516)	cx q[10], q[6]
Gate(  517)	cx q[2], q[10]
Gate(  518)	cx q[6], q[2]
Gate(  519)	tdg q[10]
Gate(  520)	cx q[6], q[10]
Gate(  521)	tdg q[6]
Gate(  522)	tdg q[10]
Gate(  523)	 t q[2]
Gate(  524)	cx q[2], q[10]
Gate(  525)	cx q[6], q[2]
Gate(  526)	cx q[10], q[6]
Gate(  527)	 h q[2]
Gate(  528)	 h q[10]
Gate(  529)	 t q[8]
Gate(  530)	 t q[7]
Gate(  531)	 t q[10]
Gate(  532)	cx q[7], q[8]
Gate(  533)	cx q[10], q[7]
Gate(  534)	cx q[8], q[10]
Gate(  535)	tdg q[7]
Gate(  536)	cx q[8], q[7]
Gate(  537)	tdg q[8]
Gate(  538)	tdg q[7]
Gate(  539)	 t q[10]
Gate(  540)	cx q[10], q[7]
Gate(  541)	cx q[8], q[10]
Gate(  542)	cx q[7], q[8]
Gate(  543)	 h q[10]
Gate(  544)	 h q[2]
Gate(  545)	 t q[6]
Gate(  546)	 t q[10]
Gate(  547)	 t q[2]
Gate(  548)	cx q[10], q[6]
Gate(  549)	cx q[2], q[10]
Gate(  550)	cx q[6], q[2]
Gate(  551)	tdg q[10]
Gate(  552)	cx q[6], q[10]
Gate(  553)	tdg q[6]
Gate(  554)	tdg q[10]
Gate(  555)	 t q[2]
Gate(  556)	cx q[2], q[10]
Gate(  557)	cx q[6], q[2]
Gate(  558)	cx q[10], q[6]
Gate(  559)	 h q[2]
Gate(  560)	 h q[10]
Gate(  561)	 t q[8]
Gate(  562)	 t q[7]
Gate(  563)	 t q[10]
Gate(  564)	cx q[7], q[8]
Gate(  565)	cx q[10], q[7]
Gate(  566)	cx q[8], q[10]
Gate(  567)	tdg q[7]
Gate(  568)	cx q[8], q[7]
Gate(  569)	tdg q[8]
Gate(  570)	tdg q[7]
Gate(  571)	 t q[10]
Gate(  572)	cx q[10], q[7]
Gate(  573)	cx q[8], q[10]
Gate(  574)	cx q[7], q[8]
Gate(  575)	 h q[10]
Gate(  576)	 h q[0]
Gate(  577)	 t q[2]
Gate(  578)	 t q[10]
Gate(  579)	 t q[0]
Gate(  580)	cx q[10], q[2]
Gate(  581)	cx q[0], q[10]
Gate(  582)	cx q[2], q[0]
Gate(  583)	tdg q[10]
Gate(  584)	cx q[2], q[10]
Gate(  585)	tdg q[2]
Gate(  586)	tdg q[10]
Gate(  587)	 t q[0]
Gate(  588)	cx q[0], q[10]
Gate(  589)	cx q[2], q[0]
Gate(  590)	cx q[10], q[2]
Gate(  591)	 h q[0]
Gate(  592)	 h q[10]
Gate(  593)	 t q[1]
Gate(  594)	 t q[9]
Gate(  595)	 t q[10]
Gate(  596)	cx q[9], q[1]
Gate(  597)	cx q[10], q[9]
Gate(  598)	cx q[1], q[10]
Gate(  599)	tdg q[9]
Gate(  600)	cx q[1], q[9]
Gate(  601)	tdg q[1]
Gate(  602)	tdg q[9]
Gate(  603)	 t q[10]
Gate(  604)	cx q[10], q[9]
Gate(  605)	cx q[1], q[10]
Gate(  606)	cx q[9], q[1]
Gate(  607)	 h q[10]
Gate(  608)	 h q[9]
Gate(  609)	 t q[3]
Gate(  610)	 t q[8]
Gate(  611)	 t q[9]
Gate(  612)	cx q[8], q[3]
Gate(  613)	cx q[9], q[8]
Gate(  614)	cx q[3], q[9]
Gate(  615)	tdg q[8]
Gate(  616)	cx q[3], q[8]
Gate(  617)	tdg q[3]
Gate(  618)	tdg q[8]
Gate(  619)	 t q[9]
Gate(  620)	cx q[9], q[8]
Gate(  621)	cx q[3], q[9]
Gate(  622)	cx q[8], q[3]
Gate(  623)	 h q[9]
Gate(  624)	 h q[8]
Gate(  625)	 t q[5]
Gate(  626)	 t q[4]
Gate(  627)	 t q[8]
Gate(  628)	cx q[4], q[5]
Gate(  629)	cx q[8], q[4]
Gate(  630)	cx q[5], q[8]
Gate(  631)	tdg q[4]
Gate(  632)	cx q[5], q[4]
Gate(  633)	tdg q[5]
Gate(  634)	tdg q[4]
Gate(  635)	 t q[8]
Gate(  636)	cx q[8], q[4]
Gate(  637)	cx q[5], q[8]
Gate(  638)	cx q[4], q[5]
Gate(  639)	 h q[8]
Gate(  640)	 h q[9]
Gate(  641)	 t q[3]
Gate(  642)	 t q[8]
Gate(  643)	 t q[9]
Gate(  644)	cx q[8], q[3]
Gate(  645)	cx q[9], q[8]
Gate(  646)	cx q[3], q[9]
Gate(  647)	tdg q[8]
Gate(  648)	cx q[3], q[8]
Gate(  649)	tdg q[3]
Gate(  650)	tdg q[8]
Gate(  651)	 t q[9]
Gate(  652)	cx q[9], q[8]
Gate(  653)	cx q[3], q[9]
Gate(  654)	cx q[8], q[3]
Gate(  655)	 h q[9]
Gate(  656)	 h q[10]
Gate(  657)	 t q[1]
Gate(  658)	 t q[9]
Gate(  659)	 t q[10]
Gate(  660)	cx q[9], q[1]
Gate(  661)	cx q[10], q[9]
Gate(  662)	cx q[1], q[10]
Gate(  663)	tdg q[9]
Gate(  664)	cx q[1], q[9]
Gate(  665)	tdg q[1]
Gate(  666)	tdg q[9]
Gate(  667)	 t q[10]
Gate(  668)	cx q[10], q[9]
Gate(  669)	cx q[1], q[10]
Gate(  670)	cx q[9], q[1]
Gate(  671)	 h q[10]
Gate(  672)	 h q[0]
Gate(  673)	 t q[2]
Gate(  674)	 t q[10]
Gate(  675)	 t q[0]
Gate(  676)	cx q[10], q[2]
Gate(  677)	cx q[0], q[10]
Gate(  678)	cx q[2], q[0]
Gate(  679)	tdg q[10]
Gate(  680)	cx q[2], q[10]
Gate(  681)	tdg q[2]
Gate(  682)	tdg q[10]
Gate(  683)	 t q[0]
Gate(  684)	cx q[0], q[10]
Gate(  685)	cx q[2], q[0]
Gate(  686)	cx q[10], q[2]
Gate(  687)	 h q[0]
Gate(  688)	 h q[10]
Gate(  689)	 t q[1]
Gate(  690)	 t q[9]
Gate(  691)	 t q[10]
Gate(  692)	cx q[9], q[1]
Gate(  693)	cx q[10], q[9]
Gate(  694)	cx q[1], q[10]
Gate(  695)	tdg q[9]
Gate(  696)	cx q[1], q[9]
Gate(  697)	tdg q[1]
Gate(  698)	tdg q[9]
Gate(  699)	 t q[10]
Gate(  700)	cx q[10], q[9]
Gate(  701)	cx q[1], q[10]
Gate(  702)	cx q[9], q[1]
Gate(  703)	 h q[10]
Gate(  704)	 h q[9]
Gate(  705)	 t q[3]
Gate(  706)	 t q[8]
Gate(  707)	 t q[9]
Gate(  708)	cx q[8], q[3]
Gate(  709)	cx q[9], q[8]
Gate(  710)	cx q[3], q[9]
Gate(  711)	tdg q[8]
Gate(  712)	cx q[3], q[8]
Gate(  713)	tdg q[3]
Gate(  714)	tdg q[8]
Gate(  715)	 t q[9]
Gate(  716)	cx q[9], q[8]
Gate(  717)	cx q[3], q[9]
Gate(  718)	cx q[8], q[3]
Gate(  719)	 h q[9]
Gate(  720)	 h q[8]
Gate(  721)	 t q[5]
Gate(  722)	 t q[4]
Gate(  723)	 t q[8]
Gate(  724)	cx q[4], q[5]
Gate(  725)	cx q[8], q[4]
Gate(  726)	cx q[5], q[8]
Gate(  727)	tdg q[4]
Gate(  728)	cx q[5], q[4]
Gate(  729)	tdg q[5]
Gate(  730)	tdg q[4]
Gate(  731)	 t q[8]
Gate(  732)	cx q[8], q[4]
Gate(  733)	cx q[5], q[8]
Gate(  734)	cx q[4], q[5]
Gate(  735)	 h q[8]
Gate(  736)	 h q[9]
Gate(  737)	 t q[3]
Gate(  738)	 t q[8]
Gate(  739)	 t q[9]
Gate(  740)	cx q[8], q[3]
Gate(  741)	cx q[9], q[8]
Gate(  742)	cx q[3], q[9]
Gate(  743)	tdg q[8]
Gate(  744)	cx q[3], q[8]
Gate(  745)	tdg q[3]
Gate(  746)	tdg q[8]
Gate(  747)	 t q[9]
Gate(  748)	cx q[9], q[8]
Gate(  749)	cx q[3], q[9]
Gate(  750)	cx q[8], q[3]
Gate(  751)	 h q[9]
Gate(  752)	 h q[10]
Gate(  753)	 t q[1]
Gate(  754)	 t q[9]
Gate(  755)	 t q[10]
Gate(  756)	cx q[9], q[1]
Gate(  757)	cx q[10], q[9]
Gate(  758)	cx q[1], q[10]
Gate(  759)	tdg q[9]
Gate(  760)	cx q[1], q[9]
Gate(  761)	tdg q[1]
Gate(  762)	tdg q[9]
Gate(  763)	 t q[10]
Gate(  764)	cx q[10], q[9]
Gate(  765)	cx q[1], q[10]
Gate(  766)	cx q[9], q[1]
Gate(  767)	 h q[10]
Gate(  768)	 h q[2]
Gate(  769)	 t q[6]
Gate(  770)	 t q[10]
Gate(  771)	 t q[2]
Gate(  772)	cx q[10], q[6]
Gate(  773)	cx q[2], q[10]
Gate(  774)	cx q[6], q[2]
Gate(  775)	tdg q[10]
Gate(  776)	cx q[6], q[10]
Gate(  777)	tdg q[6]
Gate(  778)	tdg q[10]
Gate(  779)	 t q[2]
Gate(  780)	cx q[2], q[10]
Gate(  781)	cx q[6], q[2]
Gate(  782)	cx q[10], q[6]
Gate(  783)	 h q[2]
Gate(  784)	 h q[10]
Gate(  785)	 t q[8]
Gate(  786)	 t q[7]
Gate(  787)	 t q[10]
Gate(  788)	cx q[7], q[8]
Gate(  789)	cx q[10], q[7]
Gate(  790)	cx q[8], q[10]
Gate(  791)	tdg q[7]
Gate(  792)	cx q[8], q[7]
Gate(  793)	tdg q[8]
Gate(  794)	tdg q[7]
Gate(  795)	 t q[10]
Gate(  796)	cx q[10], q[7]
Gate(  797)	cx q[8], q[10]
Gate(  798)	cx q[7], q[8]
Gate(  799)	 h q[10]
Gate(  800)	 h q[2]
Gate(  801)	 t q[6]
Gate(  802)	 t q[10]
Gate(  803)	 t q[2]
Gate(  804)	cx q[10], q[6]
Gate(  805)	cx q[2], q[10]
Gate(  806)	cx q[6], q[2]
Gate(  807)	tdg q[10]
Gate(  808)	cx q[6], q[10]
Gate(  809)	tdg q[6]
Gate(  810)	tdg q[10]
Gate(  811)	 t q[2]
Gate(  812)	cx q[2], q[10]
Gate(  813)	cx q[6], q[2]
Gate(  814)	cx q[10], q[6]
Gate(  815)	 h q[2]
Gate(  816)	 h q[10]
Gate(  817)	 t q[8]
Gate(  818)	 t q[7]
Gate(  819)	 t q[10]
Gate(  820)	cx q[7], q[8]
Gate(  821)	cx q[10], q[7]
Gate(  822)	cx q[8], q[10]
Gate(  823)	tdg q[7]
Gate(  824)	cx q[8], q[7]
Gate(  825)	tdg q[8]
Gate(  826)	tdg q[7]
Gate(  827)	 t q[10]
Gate(  828)	cx q[10], q[7]
Gate(  829)	cx q[8], q[10]
Gate(  830)	cx q[7], q[8]
Gate(  831)	 h q[10]
Gate(  832)	 h q[0]
Gate(  833)	 t q[2]
Gate(  834)	 t q[10]
Gate(  835)	 t q[0]
Gate(  836)	cx q[10], q[2]
Gate(  837)	cx q[0], q[10]
Gate(  838)	cx q[2], q[0]
Gate(  839)	tdg q[10]
Gate(  840)	cx q[2], q[10]
Gate(  841)	tdg q[2]
Gate(  842)	tdg q[10]
Gate(  843)	 t q[0]
Gate(  844)	cx q[0], q[10]
Gate(  845)	cx q[2], q[0]
Gate(  846)	cx q[10], q[2]
Gate(  847)	 h q[0]
Gate(  848)	 h q[10]
Gate(  849)	 t q[1]
Gate(  850)	 t q[9]
Gate(  851)	 t q[10]
Gate(  852)	cx q[9], q[1]
Gate(  853)	cx q[10], q[9]
Gate(  854)	cx q[1], q[10]
Gate(  855)	tdg q[9]
Gate(  856)	cx q[1], q[9]
Gate(  857)	tdg q[1]
Gate(  858)	tdg q[9]
Gate(  859)	 t q[10]
Gate(  860)	cx q[10], q[9]
Gate(  861)	cx q[1], q[10]
Gate(  862)	cx q[9], q[1]
Gate(  863)	 h q[10]
Gate(  864)	 h q[9]
Gate(  865)	 t q[3]
Gate(  866)	 t q[8]
Gate(  867)	 t q[9]
Gate(  868)	cx q[8], q[3]
Gate(  869)	cx q[9], q[8]
Gate(  870)	cx q[3], q[9]
Gate(  871)	tdg q[8]
Gate(  872)	cx q[3], q[8]
Gate(  873)	tdg q[3]
Gate(  874)	tdg q[8]
Gate(  875)	 t q[9]
Gate(  876)	cx q[9], q[8]
Gate(  877)	cx q[3], q[9]
Gate(  878)	cx q[8], q[3]
Gate(  879)	 h q[9]
Gate(  880)	 h q[8]
Gate(  881)	 t q[5]
Gate(  882)	 t q[4]
Gate(  883)	 t q[8]
Gate(  884)	cx q[4], q[5]
Gate(  885)	cx q[8], q[4]
Gate(  886)	cx q[5], q[8]
Gate(  887)	tdg q[4]
Gate(  888)	cx q[5], q[4]
Gate(  889)	tdg q[5]
Gate(  890)	tdg q[4]
Gate(  891)	 t q[8]
Gate(  892)	cx q[8], q[4]
Gate(  893)	cx q[5], q[8]
Gate(  894)	cx q[4], q[5]
Gate(  895)	 h q[8]
Gate(  896)	 h q[9]
Gate(  897)	 t q[3]
Gate(  898)	 t q[8]
Gate(  899)	 t q[9]
Gate(  900)	cx q[8], q[3]
Gate(  901)	cx q[9], q[8]
Gate(  902)	cx q[3], q[9]
Gate(  903)	tdg q[8]
Gate(  904)	cx q[3], q[8]
Gate(  905)	tdg q[3]
Gate(  906)	tdg q[8]
Gate(  907)	 t q[9]
Gate(  908)	cx q[9], q[8]
Gate(  909)	cx q[3], q[9]
Gate(  910)	cx q[8], q[3]
Gate(  911)	 h q[9]
Gate(  912)	 h q[10]
Gate(  913)	 t q[1]
Gate(  914)	 t q[9]
Gate(  915)	 t q[10]
Gate(  916)	cx q[9], q[1]
Gate(  917)	cx q[10], q[9]
Gate(  918)	cx q[1], q[10]
Gate(  919)	tdg q[9]
Gate(  920)	cx q[1], q[9]
Gate(  921)	tdg q[1]
Gate(  922)	tdg q[9]
Gate(  923)	 t q[10]
Gate(  924)	cx q[10], q[9]
Gate(  925)	cx q[1], q[10]
Gate(  926)	cx q[9], q[1]
Gate(  927)	 h q[10]
Gate(  928)	 h q[0]
Gate(  929)	 t q[2]
Gate(  930)	 t q[10]
Gate(  931)	 t q[0]
Gate(  932)	cx q[10], q[2]
Gate(  933)	cx q[0], q[10]
Gate(  934)	cx q[2], q[0]
Gate(  935)	tdg q[10]
Gate(  936)	cx q[2], q[10]
Gate(  937)	tdg q[2]
Gate(  938)	tdg q[10]
Gate(  939)	 t q[0]
Gate(  940)	cx q[0], q[10]
Gate(  941)	cx q[2], q[0]
Gate(  942)	cx q[10], q[2]
Gate(  943)	 h q[0]
Gate(  944)	 h q[10]
Gate(  945)	 t q[1]
Gate(  946)	 t q[9]
Gate(  947)	 t q[10]
Gate(  948)	cx q[9], q[1]
Gate(  949)	cx q[10], q[9]
Gate(  950)	cx q[1], q[10]
Gate(  951)	tdg q[9]
Gate(  952)	cx q[1], q[9]
Gate(  953)	tdg q[1]
Gate(  954)	tdg q[9]
Gate(  955)	 t q[10]
Gate(  956)	cx q[10], q[9]
Gate(  957)	cx q[1], q[10]
Gate(  958)	cx q[9], q[1]
Gate(  959)	 h q[10]
Gate(  960)	 h q[9]
Gate(  961)	 t q[3]
Gate(  962)	 t q[8]
Gate(  963)	 t q[9]
Gate(  964)	cx q[8], q[3]
Gate(  965)	cx q[9], q[8]
Gate(  966)	cx q[3], q[9]
Gate(  967)	tdg q[8]
Gate(  968)	cx q[3], q[8]
Gate(  969)	tdg q[3]
Gate(  970)	tdg q[8]
Gate(  971)	 t q[9]
Gate(  972)	cx q[9], q[8]
Gate(  973)	cx q[3], q[9]
Gate(  974)	cx q[8], q[3]
Gate(  975)	 h q[9]
Gate(  976)	 h q[8]
Gate(  977)	 t q[5]
Gate(  978)	 t q[4]
Gate(  979)	 t q[8]
Gate(  980)	cx q[4], q[5]
Gate(  981)	cx q[8], q[4]
Gate(  982)	cx q[5], q[8]
Gate(  983)	tdg q[4]
Gate(  984)	cx q[5], q[4]
Gate(  985)	tdg q[5]
Gate(  986)	tdg q[4]
Gate(  987)	 t q[8]
Gate(  988)	cx q[8], q[4]
Gate(  989)	cx q[5], q[8]
Gate(  990)	cx q[4], q[5]
Gate(  991)	 h q[8]
Gate(  992)	 h q[9]
Gate(  993)	 t q[3]
Gate(  994)	 t q[8]
Gate(  995)	 t q[9]
Gate(  996)	cx q[8], q[3]
Gate(  997)	cx q[9], q[8]
Gate(  998)	cx q[3], q[9]
Gate(  999)	tdg q[8]
Gate( 1000)	cx q[3], q[8]
Gate( 1001)	tdg q[3]
Gate( 1002)	tdg q[8]
Gate( 1003)	 t q[9]
Gate( 1004)	cx q[9], q[8]
Gate( 1005)	cx q[3], q[9]
Gate( 1006)	cx q[8], q[3]
Gate( 1007)	 h q[9]
Gate( 1008)	 h q[10]
Gate( 1009)	 t q[1]
Gate( 1010)	 t q[9]
Gate( 1011)	 t q[10]
Gate( 1012)	cx q[9], q[1]
Gate( 1013)	cx q[10], q[9]
Gate( 1014)	cx q[1], q[10]
Gate( 1015)	tdg q[9]
Gate( 1016)	cx q[1], q[9]
Gate( 1017)	tdg q[1]
Gate( 1018)	tdg q[9]
Gate( 1019)	 t q[10]
Gate( 1020)	cx q[10], q[9]
Gate( 1021)	cx q[1], q[10]
Gate( 1022)	cx q[9], q[1]
Gate( 1023)	 h q[10]
Gate( 1024)	 h q[1]
Gate( 1025)	 t q[7]
Gate( 1026)	 t q[10]
Gate( 1027)	 t q[1]
Gate( 1028)	cx q[10], q[7]
Gate( 1029)	cx q[1], q[10]
Gate( 1030)	cx q[7], q[1]
Gate( 1031)	tdg q[10]
Gate( 1032)	cx q[7], q[10]
Gate( 1033)	tdg q[7]
Gate( 1034)	tdg q[10]
Gate( 1035)	 t q[1]
Gate( 1036)	cx q[1], q[10]
Gate( 1037)	cx q[7], q[1]
Gate( 1038)	cx q[10], q[7]
Gate( 1039)	 h q[1]
Gate( 1040)	 h q[10]
Gate( 1041)	 t q[9]
Gate( 1042)	 t q[8]
Gate( 1043)	 t q[10]
Gate( 1044)	cx q[8], q[9]
Gate( 1045)	cx q[10], q[8]
Gate( 1046)	cx q[9], q[10]
Gate( 1047)	tdg q[8]
Gate( 1048)	cx q[9], q[8]
Gate( 1049)	tdg q[9]
Gate( 1050)	tdg q[8]
Gate( 1051)	 t q[10]
Gate( 1052)	cx q[10], q[8]
Gate( 1053)	cx q[9], q[10]
Gate( 1054)	cx q[8], q[9]
Gate( 1055)	 h q[10]
Gate( 1056)	 h q[1]
Gate( 1057)	 t q[7]
Gate( 1058)	 t q[10]
Gate( 1059)	 t q[1]
Gate( 1060)	cx q[10], q[7]
Gate( 1061)	cx q[1], q[10]
Gate( 1062)	cx q[7], q[1]
Gate( 1063)	tdg q[10]
Gate( 1064)	cx q[7], q[10]
Gate( 1065)	tdg q[7]
Gate( 1066)	tdg q[10]
Gate( 1067)	 t q[1]
Gate( 1068)	cx q[1], q[10]
Gate( 1069)	cx q[7], q[1]
Gate( 1070)	cx q[10], q[7]
Gate( 1071)	 h q[1]
Gate( 1072)	 h q[10]
Gate( 1073)	 t q[9]
Gate( 1074)	 t q[8]
Gate( 1075)	 t q[10]
Gate( 1076)	cx q[8], q[9]
Gate( 1077)	cx q[10], q[8]
Gate( 1078)	cx q[9], q[10]
Gate( 1079)	tdg q[8]
Gate( 1080)	cx q[9], q[8]
Gate( 1081)	tdg q[9]
Gate( 1082)	tdg q[8]
Gate( 1083)	 t q[10]
Gate( 1084)	cx q[10], q[8]
Gate( 1085)	cx q[9], q[10]
Gate( 1086)	cx q[8], q[9]
Gate( 1087)	 h q[10]
Gate( 1088)	 h q[0]
Gate( 1089)	 t q[1]
Gate( 1090)	 t q[10]
Gate( 1091)	 t q[0]
Gate( 1092)	cx q[10], q[1]
Gate( 1093)	cx q[0], q[10]
Gate( 1094)	cx q[1], q[0]
Gate( 1095)	tdg q[10]
Gate( 1096)	cx q[1], q[10]
Gate( 1097)	tdg q[1]
Gate( 1098)	tdg q[10]
Gate( 1099)	 t q[0]
Gate( 1100)	cx q[0], q[10]
Gate( 1101)	cx q[1], q[0]
Gate( 1102)	cx q[10], q[1]
Gate( 1103)	 h q[0]
Gate( 1104)	 h q[10]
Gate( 1105)	 t q[3]
Gate( 1106)	 t q[9]
Gate( 1107)	 t q[10]
Gate( 1108)	cx q[9], q[3]
Gate( 1109)	cx q[10], q[9]
Gate( 1110)	cx q[3], q[10]
Gate( 1111)	tdg q[9]
Gate( 1112)	cx q[3], q[9]
Gate( 1113)	tdg q[3]
Gate( 1114)	tdg q[9]
Gate( 1115)	 t q[10]
Gate( 1116)	cx q[10], q[9]
Gate( 1117)	cx q[3], q[10]
Gate( 1118)	cx q[9], q[3]
Gate( 1119)	 h q[10]
Gate( 1120)	 h q[9]
Gate( 1121)	 t q[4]
Gate( 1122)	 t q[8]
Gate( 1123)	 t q[9]
Gate( 1124)	cx q[8], q[4]
Gate( 1125)	cx q[9], q[8]
Gate( 1126)	cx q[4], q[9]
Gate( 1127)	tdg q[8]
Gate( 1128)	cx q[4], q[8]
Gate( 1129)	tdg q[4]
Gate( 1130)	tdg q[8]
Gate( 1131)	 t q[9]
Gate( 1132)	cx q[9], q[8]
Gate( 1133)	cx q[4], q[9]
Gate( 1134)	cx q[8], q[4]
Gate( 1135)	 h q[9]
Gate( 1136)	 h q[8]
Gate( 1137)	 t q[6]
Gate( 1138)	 t q[5]
Gate( 1139)	 t q[8]
Gate( 1140)	cx q[5], q[6]
Gate( 1141)	cx q[8], q[5]
Gate( 1142)	cx q[6], q[8]
Gate( 1143)	tdg q[5]
Gate( 1144)	cx q[6], q[5]
Gate( 1145)	tdg q[6]
Gate( 1146)	tdg q[5]
Gate( 1147)	 t q[8]
Gate( 1148)	cx q[8], q[5]
Gate( 1149)	cx q[6], q[8]
Gate( 1150)	cx q[5], q[6]
Gate( 1151)	 h q[8]
Gate( 1152)	 h q[9]
Gate( 1153)	 t q[4]
Gate( 1154)	 t q[8]
Gate( 1155)	 t q[9]
Gate( 1156)	cx q[8], q[4]
Gate( 1157)	cx q[9], q[8]
Gate( 1158)	cx q[4], q[9]
Gate( 1159)	tdg q[8]
Gate( 1160)	cx q[4], q[8]
Gate( 1161)	tdg q[4]
Gate( 1162)	tdg q[8]
Gate( 1163)	 t q[9]
Gate( 1164)	cx q[9], q[8]
Gate( 1165)	cx q[4], q[9]
Gate( 1166)	cx q[8], q[4]
Gate( 1167)	 h q[9]
Gate( 1168)	 h q[10]
Gate( 1169)	 t q[3]
Gate( 1170)	 t q[9]
Gate( 1171)	 t q[10]
Gate( 1172)	cx q[9], q[3]
Gate( 1173)	cx q[10], q[9]
Gate( 1174)	cx q[3], q[10]
Gate( 1175)	tdg q[9]
Gate( 1176)	cx q[3], q[9]
Gate( 1177)	tdg q[3]
Gate( 1178)	tdg q[9]
Gate( 1179)	 t q[10]
Gate( 1180)	cx q[10], q[9]
Gate( 1181)	cx q[3], q[10]
Gate( 1182)	cx q[9], q[3]
Gate( 1183)	 h q[10]
Gate( 1184)	 h q[0]
Gate( 1185)	 t q[1]
Gate( 1186)	 t q[10]
Gate( 1187)	 t q[0]
Gate( 1188)	cx q[10], q[1]
Gate( 1189)	cx q[0], q[10]
Gate( 1190)	cx q[1], q[0]
Gate( 1191)	tdg q[10]
Gate( 1192)	cx q[1], q[10]
Gate( 1193)	tdg q[1]
Gate( 1194)	tdg q[10]
Gate( 1195)	 t q[0]
Gate( 1196)	cx q[0], q[10]
Gate( 1197)	cx q[1], q[0]
Gate( 1198)	cx q[10], q[1]
Gate( 1199)	 h q[0]
Gate( 1200)	 h q[10]
Gate( 1201)	 t q[3]
Gate( 1202)	 t q[9]
Gate( 1203)	 t q[10]
Gate( 1204)	cx q[9], q[3]
Gate( 1205)	cx q[10], q[9]
Gate( 1206)	cx q[3], q[10]
Gate( 1207)	tdg q[9]
Gate( 1208)	cx q[3], q[9]
Gate( 1209)	tdg q[3]
Gate( 1210)	tdg q[9]
Gate( 1211)	 t q[10]
Gate( 1212)	cx q[10], q[9]
Gate( 1213)	cx q[3], q[10]
Gate( 1214)	cx q[9], q[3]
Gate( 1215)	 h q[10]
Gate( 1216)	 h q[9]
Gate( 1217)	 t q[4]
Gate( 1218)	 t q[8]
Gate( 1219)	 t q[9]
Gate( 1220)	cx q[8], q[4]
Gate( 1221)	cx q[9], q[8]
Gate( 1222)	cx q[4], q[9]
Gate( 1223)	tdg q[8]
Gate( 1224)	cx q[4], q[8]
Gate( 1225)	tdg q[4]
Gate( 1226)	tdg q[8]
Gate( 1227)	 t q[9]
Gate( 1228)	cx q[9], q[8]
Gate( 1229)	cx q[4], q[9]
Gate( 1230)	cx q[8], q[4]
Gate( 1231)	 h q[9]
Gate( 1232)	 h q[8]
Gate( 1233)	 t q[6]
Gate( 1234)	 t q[5]
Gate( 1235)	 t q[8]
Gate( 1236)	cx q[5], q[6]
Gate( 1237)	cx q[8], q[5]
Gate( 1238)	cx q[6], q[8]
Gate( 1239)	tdg q[5]
Gate( 1240)	cx q[6], q[5]
Gate( 1241)	tdg q[6]
Gate( 1242)	tdg q[5]
Gate( 1243)	 t q[8]
Gate( 1244)	cx q[8], q[5]
Gate( 1245)	cx q[6], q[8]
Gate( 1246)	cx q[5], q[6]
Gate( 1247)	 h q[8]
Gate( 1248)	 h q[9]
Gate( 1249)	 t q[4]
Gate( 1250)	 t q[8]
Gate( 1251)	 t q[9]
Gate( 1252)	cx q[8], q[4]
Gate( 1253)	cx q[9], q[8]
Gate( 1254)	cx q[4], q[9]
Gate( 1255)	tdg q[8]
Gate( 1256)	cx q[4], q[8]
Gate( 1257)	tdg q[4]
Gate( 1258)	tdg q[8]
Gate( 1259)	 t q[9]
Gate( 1260)	cx q[9], q[8]
Gate( 1261)	cx q[4], q[9]
Gate( 1262)	cx q[8], q[4]
Gate( 1263)	 h q[9]
Gate( 1264)	 h q[10]
Gate( 1265)	 t q[3]
Gate( 1266)	 t q[9]
Gate( 1267)	 t q[10]
Gate( 1268)	cx q[9], q[3]
Gate( 1269)	cx q[10], q[9]
Gate( 1270)	cx q[3], q[10]
Gate( 1271)	tdg q[9]
Gate( 1272)	cx q[3], q[9]
Gate( 1273)	tdg q[3]
Gate( 1274)	tdg q[9]
Gate( 1275)	 t q[10]
Gate( 1276)	cx q[10], q[9]
Gate( 1277)	cx q[3], q[10]
Gate( 1278)	cx q[9], q[3]
Gate( 1279)	 h q[10]
Gate( 1280)	 h q[1]
Gate( 1281)	 t q[7]
Gate( 1282)	 t q[10]
Gate( 1283)	 t q[1]
Gate( 1284)	cx q[10], q[7]
Gate( 1285)	cx q[1], q[10]
Gate( 1286)	cx q[7], q[1]
Gate( 1287)	tdg q[10]
Gate( 1288)	cx q[7], q[10]
Gate( 1289)	tdg q[7]
Gate( 1290)	tdg q[10]
Gate( 1291)	 t q[1]
Gate( 1292)	cx q[1], q[10]
Gate( 1293)	cx q[7], q[1]
Gate( 1294)	cx q[10], q[7]
Gate( 1295)	 h q[1]
Gate( 1296)	 h q[10]
Gate( 1297)	 t q[9]
Gate( 1298)	 t q[8]
Gate( 1299)	 t q[10]
Gate( 1300)	cx q[8], q[9]
Gate( 1301)	cx q[10], q[8]
Gate( 1302)	cx q[9], q[10]
Gate( 1303)	tdg q[8]
Gate( 1304)	cx q[9], q[8]
Gate( 1305)	tdg q[9]
Gate( 1306)	tdg q[8]
Gate( 1307)	 t q[10]
Gate( 1308)	cx q[10], q[8]
Gate( 1309)	cx q[9], q[10]
Gate( 1310)	cx q[8], q[9]
Gate( 1311)	 h q[10]
Gate( 1312)	 h q[1]
Gate( 1313)	 t q[7]
Gate( 1314)	 t q[10]
Gate( 1315)	 t q[1]
Gate( 1316)	cx q[10], q[7]
Gate( 1317)	cx q[1], q[10]
Gate( 1318)	cx q[7], q[1]
Gate( 1319)	tdg q[10]
Gate( 1320)	cx q[7], q[10]
Gate( 1321)	tdg q[7]
Gate( 1322)	tdg q[10]
Gate( 1323)	 t q[1]
Gate( 1324)	cx q[1], q[10]
Gate( 1325)	cx q[7], q[1]
Gate( 1326)	cx q[10], q[7]
Gate( 1327)	 h q[1]
Gate( 1328)	 h q[10]
Gate( 1329)	 t q[9]
Gate( 1330)	 t q[8]
Gate( 1331)	 t q[10]
Gate( 1332)	cx q[8], q[9]
Gate( 1333)	cx q[10], q[8]
Gate( 1334)	cx q[9], q[10]
Gate( 1335)	tdg q[8]
Gate( 1336)	cx q[9], q[8]
Gate( 1337)	tdg q[9]
Gate( 1338)	tdg q[8]
Gate( 1339)	 t q[10]
Gate( 1340)	cx q[10], q[8]
Gate( 1341)	cx q[9], q[10]
Gate( 1342)	cx q[8], q[9]
Gate( 1343)	 h q[10]
Gate( 1344)	 h q[0]
Gate( 1345)	 t q[1]
Gate( 1346)	 t q[10]
Gate( 1347)	 t q[0]
Gate( 1348)	cx q[10], q[1]
Gate( 1349)	cx q[0], q[10]
Gate( 1350)	cx q[1], q[0]
Gate( 1351)	tdg q[10]
Gate( 1352)	cx q[1], q[10]
Gate( 1353)	tdg q[1]
Gate( 1354)	tdg q[10]
Gate( 1355)	 t q[0]
Gate( 1356)	cx q[0], q[10]
Gate( 1357)	cx q[1], q[0]
Gate( 1358)	cx q[10], q[1]
Gate( 1359)	 h q[0]
Gate( 1360)	 h q[10]
Gate( 1361)	 t q[3]
Gate( 1362)	 t q[9]
Gate( 1363)	 t q[10]
Gate( 1364)	cx q[9], q[3]
Gate( 1365)	cx q[10], q[9]
Gate( 1366)	cx q[3], q[10]
Gate( 1367)	tdg q[9]
Gate( 1368)	cx q[3], q[9]
Gate( 1369)	tdg q[3]
Gate( 1370)	tdg q[9]
Gate( 1371)	 t q[10]
Gate( 1372)	cx q[10], q[9]
Gate( 1373)	cx q[3], q[10]
Gate( 1374)	cx q[9], q[3]
Gate( 1375)	 h q[10]
Gate( 1376)	 h q[9]
Gate( 1377)	 t q[4]
Gate( 1378)	 t q[8]
Gate( 1379)	 t q[9]
Gate( 1380)	cx q[8], q[4]
Gate( 1381)	cx q[9], q[8]
Gate( 1382)	cx q[4], q[9]
Gate( 1383)	tdg q[8]
Gate( 1384)	cx q[4], q[8]
Gate( 1385)	tdg q[4]
Gate( 1386)	tdg q[8]
Gate( 1387)	 t q[9]
Gate( 1388)	cx q[9], q[8]
Gate( 1389)	cx q[4], q[9]
Gate( 1390)	cx q[8], q[4]
Gate( 1391)	 h q[9]
Gate( 1392)	 h q[8]
Gate( 1393)	 t q[6]
Gate( 1394)	 t q[5]
Gate( 1395)	 t q[8]
Gate( 1396)	cx q[5], q[6]
Gate( 1397)	cx q[8], q[5]
Gate( 1398)	cx q[6], q[8]
Gate( 1399)	tdg q[5]
Gate( 1400)	cx q[6], q[5]
Gate( 1401)	tdg q[6]
Gate( 1402)	tdg q[5]
Gate( 1403)	 t q[8]
Gate( 1404)	cx q[8], q[5]
Gate( 1405)	cx q[6], q[8]
Gate( 1406)	cx q[5], q[6]
Gate( 1407)	 h q[8]
Gate( 1408)	 h q[9]
Gate( 1409)	 t q[4]
Gate( 1410)	 t q[8]
Gate( 1411)	 t q[9]
Gate( 1412)	cx q[8], q[4]
Gate( 1413)	cx q[9], q[8]
Gate( 1414)	cx q[4], q[9]
Gate( 1415)	tdg q[8]
Gate( 1416)	cx q[4], q[8]
Gate( 1417)	tdg q[4]
Gate( 1418)	tdg q[8]
Gate( 1419)	 t q[9]
Gate( 1420)	cx q[9], q[8]
Gate( 1421)	cx q[4], q[9]
Gate( 1422)	cx q[8], q[4]
Gate( 1423)	 h q[9]
Gate( 1424)	 h q[10]
Gate( 1425)	 t q[3]
Gate( 1426)	 t q[9]
Gate( 1427)	 t q[10]
Gate( 1428)	cx q[9], q[3]
Gate( 1429)	cx q[10], q[9]
Gate( 1430)	cx q[3], q[10]
Gate( 1431)	tdg q[9]
Gate( 1432)	cx q[3], q[9]
Gate( 1433)	tdg q[3]
Gate( 1434)	tdg q[9]
Gate( 1435)	 t q[10]
Gate( 1436)	cx q[10], q[9]
Gate( 1437)	cx q[3], q[10]
Gate( 1438)	cx q[9], q[3]
Gate( 1439)	 h q[10]
Gate( 1440)	 h q[0]
Gate( 1441)	 t q[1]
Gate( 1442)	 t q[10]
Gate( 1443)	 t q[0]
Gate( 1444)	cx q[10], q[1]
Gate( 1445)	cx q[0], q[10]
Gate( 1446)	cx q[1], q[0]
Gate( 1447)	tdg q[10]
Gate( 1448)	cx q[1], q[10]
Gate( 1449)	tdg q[1]
Gate( 1450)	tdg q[10]
Gate( 1451)	 t q[0]
Gate( 1452)	cx q[0], q[10]
Gate( 1453)	cx q[1], q[0]
Gate( 1454)	cx q[10], q[1]
Gate( 1455)	 h q[0]
Gate( 1456)	 h q[10]
Gate( 1457)	 t q[3]
Gate( 1458)	 t q[9]
Gate( 1459)	 t q[10]
Gate( 1460)	cx q[9], q[3]
Gate( 1461)	cx q[10], q[9]
Gate( 1462)	cx q[3], q[10]
Gate( 1463)	tdg q[9]
Gate( 1464)	cx q[3], q[9]
Gate( 1465)	tdg q[3]
Gate( 1466)	tdg q[9]
Gate( 1467)	 t q[10]
Gate( 1468)	cx q[10], q[9]
Gate( 1469)	cx q[3], q[10]
Gate( 1470)	cx q[9], q[3]
Gate( 1471)	 h q[10]
Gate( 1472)	 h q[9]
Gate( 1473)	 t q[4]
Gate( 1474)	 t q[8]
Gate( 1475)	 t q[9]
Gate( 1476)	cx q[8], q[4]
Gate( 1477)	cx q[9], q[8]
Gate( 1478)	cx q[4], q[9]
Gate( 1479)	tdg q[8]
Gate( 1480)	cx q[4], q[8]
Gate( 1481)	tdg q[4]
Gate( 1482)	tdg q[8]
Gate( 1483)	 t q[9]
Gate( 1484)	cx q[9], q[8]
Gate( 1485)	cx q[4], q[9]
Gate( 1486)	cx q[8], q[4]
Gate( 1487)	 h q[9]
Gate( 1488)	 h q[8]
Gate( 1489)	 t q[6]
Gate( 1490)	 t q[5]
Gate( 1491)	 t q[8]
Gate( 1492)	cx q[5], q[6]
Gate( 1493)	cx q[8], q[5]
Gate( 1494)	cx q[6], q[8]
Gate( 1495)	tdg q[5]
Gate( 1496)	cx q[6], q[5]
Gate( 1497)	tdg q[6]
Gate( 1498)	tdg q[5]
Gate( 1499)	 t q[8]
Gate( 1500)	cx q[8], q[5]
Gate( 1501)	cx q[6], q[8]
Gate( 1502)	cx q[5], q[6]
Gate( 1503)	 h q[8]
Gate( 1504)	 h q[9]
Gate( 1505)	 t q[4]
Gate( 1506)	 t q[8]
Gate( 1507)	 t q[9]
Gate( 1508)	cx q[8], q[4]
Gate( 1509)	cx q[9], q[8]
Gate( 1510)	cx q[4], q[9]
Gate( 1511)	tdg q[8]
Gate( 1512)	cx q[4], q[8]
Gate( 1513)	tdg q[4]
Gate( 1514)	tdg q[8]
Gate( 1515)	 t q[9]
Gate( 1516)	cx q[9], q[8]
Gate( 1517)	cx q[4], q[9]
Gate( 1518)	cx q[8], q[4]
Gate( 1519)	 h q[9]
Gate( 1520)	 h q[10]
Gate( 1521)	 t q[3]
Gate( 1522)	 t q[9]
Gate( 1523)	 t q[10]
Gate( 1524)	cx q[9], q[3]
Gate( 1525)	cx q[10], q[9]
Gate( 1526)	cx q[3], q[10]
Gate( 1527)	tdg q[9]
Gate( 1528)	cx q[3], q[9]
Gate( 1529)	tdg q[3]
Gate( 1530)	tdg q[9]
Gate( 1531)	 t q[10]
Gate( 1532)	cx q[10], q[9]
Gate( 1533)	cx q[3], q[10]
Gate( 1534)	cx q[9], q[3]
Gate( 1535)	 h q[10]
Gate( 1536)	 h q[0]
Gate( 1537)	 t q[1]
Gate( 1538)	 t q[10]
Gate( 1539)	 t q[0]
Gate( 1540)	cx q[10], q[1]
Gate( 1541)	cx q[0], q[10]
Gate( 1542)	cx q[1], q[0]
Gate( 1543)	tdg q[10]
Gate( 1544)	cx q[1], q[10]
Gate( 1545)	tdg q[1]
Gate( 1546)	tdg q[10]
Gate( 1547)	 t q[0]
Gate( 1548)	cx q[0], q[10]
Gate( 1549)	cx q[1], q[0]
Gate( 1550)	cx q[10], q[1]
Gate( 1551)	 h q[0]
Gate( 1552)	 h q[10]
Gate( 1553)	 t q[2]
Gate( 1554)	 t q[9]
Gate( 1555)	 t q[10]
Gate( 1556)	cx q[9], q[2]
Gate( 1557)	cx q[10], q[9]
Gate( 1558)	cx q[2], q[10]
Gate( 1559)	tdg q[9]
Gate( 1560)	cx q[2], q[9]
Gate( 1561)	tdg q[2]
Gate( 1562)	tdg q[9]
Gate( 1563)	 t q[10]
Gate( 1564)	cx q[10], q[9]
Gate( 1565)	cx q[2], q[10]
Gate( 1566)	cx q[9], q[2]
Gate( 1567)	 h q[10]
Gate( 1568)	 h q[9]
Gate( 1569)	 t q[4]
Gate( 1570)	 t q[5]
Gate( 1571)	 t q[9]
Gate( 1572)	cx q[5], q[4]
Gate( 1573)	cx q[9], q[5]
Gate( 1574)	cx q[4], q[9]
Gate( 1575)	tdg q[5]
Gate( 1576)	cx q[4], q[5]
Gate( 1577)	tdg q[4]
Gate( 1578)	tdg q[5]
Gate( 1579)	 t q[9]
Gate( 1580)	cx q[9], q[5]
Gate( 1581)	cx q[4], q[9]
Gate( 1582)	cx q[5], q[4]
Gate( 1583)	 h q[9]
Gate( 1584)	 h q[5]
Gate( 1585)	 t q[6]
Gate( 1586)	 t q[3]
Gate( 1587)	 t q[5]
Gate( 1588)	cx q[3], q[6]
Gate( 1589)	cx q[5], q[3]
Gate( 1590)	cx q[6], q[5]
Gate( 1591)	tdg q[3]
Gate( 1592)	cx q[6], q[3]
Gate( 1593)	tdg q[6]
Gate( 1594)	tdg q[3]
Gate( 1595)	 t q[5]
Gate( 1596)	cx q[5], q[3]
Gate( 1597)	cx q[6], q[5]
Gate( 1598)	cx q[3], q[6]
Gate( 1599)	 h q[5]
Gate( 1600)	 h q[3]
Gate( 1601)	 t q[8]
Gate( 1602)	 t q[7]
Gate( 1603)	 t q[3]
Gate( 1604)	cx q[7], q[8]
Gate( 1605)	cx q[3], q[7]
Gate( 1606)	cx q[8], q[3]
Gate( 1607)	tdg q[7]
Gate( 1608)	cx q[8], q[7]
Gate( 1609)	tdg q[8]
Gate( 1610)	tdg q[7]
Gate( 1611)	 t q[3]
Gate( 1612)	cx q[3], q[7]
Gate( 1613)	cx q[8], q[3]
Gate( 1614)	cx q[7], q[8]
Gate( 1615)	 h q[3]
Gate( 1616)	 h q[5]
Gate( 1617)	 t q[6]
Gate( 1618)	 t q[3]
Gate( 1619)	 t q[5]
Gate( 1620)	cx q[3], q[6]
Gate( 1621)	cx q[5], q[3]
Gate( 1622)	cx q[6], q[5]
Gate( 1623)	tdg q[3]
Gate( 1624)	cx q[6], q[3]
Gate( 1625)	tdg q[6]
Gate( 1626)	tdg q[3]
Gate( 1627)	 t q[5]
Gate( 1628)	cx q[5], q[3]
Gate( 1629)	cx q[6], q[5]
Gate( 1630)	cx q[3], q[6]
Gate( 1631)	 h q[5]
Gate( 1632)	 h q[9]
Gate( 1633)	 t q[4]
Gate( 1634)	 t q[5]
Gate( 1635)	 t q[9]
Gate( 1636)	cx q[5], q[4]
Gate( 1637)	cx q[9], q[5]
Gate( 1638)	cx q[4], q[9]
Gate( 1639)	tdg q[5]
Gate( 1640)	cx q[4], q[5]
Gate( 1641)	tdg q[4]
Gate( 1642)	tdg q[5]
Gate( 1643)	 t q[9]
Gate( 1644)	cx q[9], q[5]
Gate( 1645)	cx q[4], q[9]
Gate( 1646)	cx q[5], q[4]
Gate( 1647)	 h q[9]
Gate( 1648)	 h q[10]
Gate( 1649)	 t q[2]
Gate( 1650)	 t q[9]
Gate( 1651)	 t q[10]
Gate( 1652)	cx q[9], q[2]
Gate( 1653)	cx q[10], q[9]
Gate( 1654)	cx q[2], q[10]
Gate( 1655)	tdg q[9]
Gate( 1656)	cx q[2], q[9]
Gate( 1657)	tdg q[2]
Gate( 1658)	tdg q[9]
Gate( 1659)	 t q[10]
Gate( 1660)	cx q[10], q[9]
Gate( 1661)	cx q[2], q[10]
Gate( 1662)	cx q[9], q[2]
Gate( 1663)	 h q[10]
Gate( 1664)	 h q[0]
Gate( 1665)	 t q[1]
Gate( 1666)	 t q[10]
Gate( 1667)	 t q[0]
Gate( 1668)	cx q[10], q[1]
Gate( 1669)	cx q[0], q[10]
Gate( 1670)	cx q[1], q[0]
Gate( 1671)	tdg q[10]
Gate( 1672)	cx q[1], q[10]
Gate( 1673)	tdg q[1]
Gate( 1674)	tdg q[10]
Gate( 1675)	 t q[0]
Gate( 1676)	cx q[0], q[10]
Gate( 1677)	cx q[1], q[0]
Gate( 1678)	cx q[10], q[1]
Gate( 1679)	 h q[0]
Gate( 1680)	 h q[10]
Gate( 1681)	 t q[2]
Gate( 1682)	 t q[9]
Gate( 1683)	 t q[10]
Gate( 1684)	cx q[9], q[2]
Gate( 1685)	cx q[10], q[9]
Gate( 1686)	cx q[2], q[10]
Gate( 1687)	tdg q[9]
Gate( 1688)	cx q[2], q[9]
Gate( 1689)	tdg q[2]
Gate( 1690)	tdg q[9]
Gate( 1691)	 t q[10]
Gate( 1692)	cx q[10], q[9]
Gate( 1693)	cx q[2], q[10]
Gate( 1694)	cx q[9], q[2]
Gate( 1695)	 h q[10]
Gate( 1696)	 h q[9]
Gate( 1697)	 t q[4]
Gate( 1698)	 t q[5]
Gate( 1699)	 t q[9]
Gate( 1700)	cx q[5], q[4]
Gate( 1701)	cx q[9], q[5]
Gate( 1702)	cx q[4], q[9]
Gate( 1703)	tdg q[5]
Gate( 1704)	cx q[4], q[5]
Gate( 1705)	tdg q[4]
Gate( 1706)	tdg q[5]
Gate( 1707)	 t q[9]
Gate( 1708)	cx q[9], q[5]
Gate( 1709)	cx q[4], q[9]
Gate( 1710)	cx q[5], q[4]
Gate( 1711)	 h q[9]
Gate( 1712)	 h q[5]
Gate( 1713)	 t q[6]
Gate( 1714)	 t q[3]
Gate( 1715)	 t q[5]
Gate( 1716)	cx q[3], q[6]
Gate( 1717)	cx q[5], q[3]
Gate( 1718)	cx q[6], q[5]
Gate( 1719)	tdg q[3]
Gate( 1720)	cx q[6], q[3]
Gate( 1721)	tdg q[6]
Gate( 1722)	tdg q[3]
Gate( 1723)	 t q[5]
Gate( 1724)	cx q[5], q[3]
Gate( 1725)	cx q[6], q[5]
Gate( 1726)	cx q[3], q[6]
Gate( 1727)	 h q[5]
Gate( 1728)	 h q[3]
Gate( 1729)	 t q[8]
Gate( 1730)	 t q[7]
Gate( 1731)	 t q[3]
Gate( 1732)	cx q[7], q[8]
Gate( 1733)	cx q[3], q[7]
Gate( 1734)	cx q[8], q[3]
Gate( 1735)	tdg q[7]
Gate( 1736)	cx q[8], q[7]
Gate( 1737)	tdg q[8]
Gate( 1738)	tdg q[7]
Gate( 1739)	 t q[3]
Gate( 1740)	cx q[3], q[7]
Gate( 1741)	cx q[8], q[3]
Gate( 1742)	cx q[7], q[8]
Gate( 1743)	 h q[3]
Gate( 1744)	 h q[5]
Gate( 1745)	 t q[6]
Gate( 1746)	 t q[3]
Gate( 1747)	 t q[5]
Gate( 1748)	cx q[3], q[6]
Gate( 1749)	cx q[5], q[3]
Gate( 1750)	cx q[6], q[5]
Gate( 1751)	tdg q[3]
Gate( 1752)	cx q[6], q[3]
Gate( 1753)	tdg q[6]
Gate( 1754)	tdg q[3]
Gate( 1755)	 t q[5]
Gate( 1756)	cx q[5], q[3]
Gate( 1757)	cx q[6], q[5]
Gate( 1758)	cx q[3], q[6]
Gate( 1759)	 h q[5]
Gate( 1760)	 h q[9]
Gate( 1761)	 t q[4]
Gate( 1762)	 t q[5]
Gate( 1763)	 t q[9]
Gate( 1764)	cx q[5], q[4]
Gate( 1765)	cx q[9], q[5]
Gate( 1766)	cx q[4], q[9]
Gate( 1767)	tdg q[5]
Gate( 1768)	cx q[4], q[5]
Gate( 1769)	tdg q[4]
Gate( 1770)	tdg q[5]
Gate( 1771)	 t q[9]
Gate( 1772)	cx q[9], q[5]
Gate( 1773)	cx q[4], q[9]
Gate( 1774)	cx q[5], q[4]
Gate( 1775)	 h q[9]
Gate( 1776)	 h q[10]
Gate( 1777)	 t q[2]
Gate( 1778)	 t q[9]
Gate( 1779)	 t q[10]
Gate( 1780)	cx q[9], q[2]
Gate( 1781)	cx q[10], q[9]
Gate( 1782)	cx q[2], q[10]
Gate( 1783)	tdg q[9]
Gate( 1784)	cx q[2], q[9]
Gate( 1785)	tdg q[2]
Gate( 1786)	tdg q[9]
Gate( 1787)	 t q[10]
Gate( 1788)	cx q[10], q[9]
Gate( 1789)	cx q[2], q[10]
Gate( 1790)	cx q[9], q[2]
Gate( 1791)	 h q[10]
Gate( 1792)	 h q[0]
Gate( 1793)	 t q[1]
Gate( 1794)	 t q[10]
Gate( 1795)	 t q[0]
Gate( 1796)	cx q[10], q[1]
Gate( 1797)	cx q[0], q[10]
Gate( 1798)	cx q[1], q[0]
Gate( 1799)	tdg q[10]
Gate( 1800)	cx q[1], q[10]
Gate( 1801)	tdg q[1]
Gate( 1802)	tdg q[10]
Gate( 1803)	 t q[0]
Gate( 1804)	cx q[0], q[10]
Gate( 1805)	cx q[1], q[0]
Gate( 1806)	cx q[10], q[1]
Gate( 1807)	 h q[0]
Gate( 1808)	 h q[10]
Gate( 1809)	 t q[3]
Gate( 1810)	 t q[6]
Gate( 1811)	 t q[10]
Gate( 1812)	cx q[6], q[3]
Gate( 1813)	cx q[10], q[6]
Gate( 1814)	cx q[3], q[10]
Gate( 1815)	tdg q[6]
Gate( 1816)	cx q[3], q[6]
Gate( 1817)	tdg q[3]
Gate( 1818)	tdg q[6]
Gate( 1819)	 t q[10]
Gate( 1820)	cx q[10], q[6]
Gate( 1821)	cx q[3], q[10]
Gate( 1822)	cx q[6], q[3]
Gate( 1823)	 h q[10]
Gate( 1824)	 h q[6]
Gate( 1825)	 t q[4]
Gate( 1826)	 t q[5]
Gate( 1827)	 t q[6]
Gate( 1828)	cx q[5], q[4]
Gate( 1829)	cx q[6], q[5]
Gate( 1830)	cx q[4], q[6]
Gate( 1831)	tdg q[5]
Gate( 1832)	cx q[4], q[5]
Gate( 1833)	tdg q[4]
Gate( 1834)	tdg q[5]
Gate( 1835)	 t q[6]
Gate( 1836)	cx q[6], q[5]
Gate( 1837)	cx q[4], q[6]
Gate( 1838)	cx q[5], q[4]
Gate( 1839)	 h q[6]
Gate( 1840)	 h q[5]
Gate( 1841)	 t q[7]
Gate( 1842)	 t q[2]
Gate( 1843)	 t q[5]
Gate( 1844)	cx q[2], q[7]
Gate( 1845)	cx q[5], q[2]
Gate( 1846)	cx q[7], q[5]
Gate( 1847)	tdg q[2]
Gate( 1848)	cx q[7], q[2]
Gate( 1849)	tdg q[7]
Gate( 1850)	tdg q[2]
Gate( 1851)	 t q[5]
Gate( 1852)	cx q[5], q[2]
Gate( 1853)	cx q[7], q[5]
Gate( 1854)	cx q[2], q[7]
Gate( 1855)	 h q[5]
Gate( 1856)	 h q[2]
Gate( 1857)	 t q[9]
Gate( 1858)	 t q[8]
Gate( 1859)	 t q[2]
Gate( 1860)	cx q[8], q[9]
Gate( 1861)	cx q[2], q[8]
Gate( 1862)	cx q[9], q[2]
Gate( 1863)	tdg q[8]
Gate( 1864)	cx q[9], q[8]
Gate( 1865)	tdg q[9]
Gate( 1866)	tdg q[8]
Gate( 1867)	 t q[2]
Gate( 1868)	cx q[2], q[8]
Gate( 1869)	cx q[9], q[2]
Gate( 1870)	cx q[8], q[9]
Gate( 1871)	 h q[2]
Gate( 1872)	 h q[5]
Gate( 1873)	 t q[7]
Gate( 1874)	 t q[2]
Gate( 1875)	 t q[5]
Gate( 1876)	cx q[2], q[7]
Gate( 1877)	cx q[5], q[2]
Gate( 1878)	cx q[7], q[5]
Gate( 1879)	tdg q[2]
Gate( 1880)	cx q[7], q[2]
Gate( 1881)	tdg q[7]
Gate( 1882)	tdg q[2]
Gate( 1883)	 t q[5]
Gate( 1884)	cx q[5], q[2]
Gate( 1885)	cx q[7], q[5]
Gate( 1886)	cx q[2], q[7]
Gate( 1887)	 h q[5]
Gate( 1888)	 h q[6]
Gate( 1889)	 t q[4]
Gate( 1890)	 t q[5]
Gate( 1891)	 t q[6]
Gate( 1892)	cx q[5], q[4]
Gate( 1893)	cx q[6], q[5]
Gate( 1894)	cx q[4], q[6]
Gate( 1895)	tdg q[5]
Gate( 1896)	cx q[4], q[5]
Gate( 1897)	tdg q[4]
Gate( 1898)	tdg q[5]
Gate( 1899)	 t q[6]
Gate( 1900)	cx q[6], q[5]
Gate( 1901)	cx q[4], q[6]
Gate( 1902)	cx q[5], q[4]
Gate( 1903)	 h q[6]
Gate( 1904)	 h q[10]
Gate( 1905)	 t q[3]
Gate( 1906)	 t q[6]
Gate( 1907)	 t q[10]
Gate( 1908)	cx q[6], q[3]
Gate( 1909)	cx q[10], q[6]
Gate( 1910)	cx q[3], q[10]
Gate( 1911)	tdg q[6]
Gate( 1912)	cx q[3], q[6]
Gate( 1913)	tdg q[3]
Gate( 1914)	tdg q[6]
Gate( 1915)	 t q[10]
Gate( 1916)	cx q[10], q[6]
Gate( 1917)	cx q[3], q[10]
Gate( 1918)	cx q[6], q[3]
Gate( 1919)	 h q[10]
Gate( 1920)	 h q[0]
Gate( 1921)	 t q[1]
Gate( 1922)	 t q[10]
Gate( 1923)	 t q[0]
Gate( 1924)	cx q[10], q[1]
Gate( 1925)	cx q[0], q[10]
Gate( 1926)	cx q[1], q[0]
Gate( 1927)	tdg q[10]
Gate( 1928)	cx q[1], q[10]
Gate( 1929)	tdg q[1]
Gate( 1930)	tdg q[10]
Gate( 1931)	 t q[0]
Gate( 1932)	cx q[0], q[10]
Gate( 1933)	cx q[1], q[0]
Gate( 1934)	cx q[10], q[1]
Gate( 1935)	 h q[0]
Gate( 1936)	 h q[10]
Gate( 1937)	 t q[3]
Gate( 1938)	 t q[6]
Gate( 1939)	 t q[10]
Gate( 1940)	cx q[6], q[3]
Gate( 1941)	cx q[10], q[6]
Gate( 1942)	cx q[3], q[10]
Gate( 1943)	tdg q[6]
Gate( 1944)	cx q[3], q[6]
Gate( 1945)	tdg q[3]
Gate( 1946)	tdg q[6]
Gate( 1947)	 t q[10]
Gate( 1948)	cx q[10], q[6]
Gate( 1949)	cx q[3], q[10]
Gate( 1950)	cx q[6], q[3]
Gate( 1951)	 h q[10]
Gate( 1952)	 h q[6]
Gate( 1953)	 t q[4]
Gate( 1954)	 t q[5]
Gate( 1955)	 t q[6]
Gate( 1956)	cx q[5], q[4]
Gate( 1957)	cx q[6], q[5]
Gate( 1958)	cx q[4], q[6]
Gate( 1959)	tdg q[5]
Gate( 1960)	cx q[4], q[5]
Gate( 1961)	tdg q[4]
Gate( 1962)	tdg q[5]
Gate( 1963)	 t q[6]
Gate( 1964)	cx q[6], q[5]
Gate( 1965)	cx q[4], q[6]
Gate( 1966)	cx q[5], q[4]
Gate( 1967)	 h q[6]
Gate( 1968)	 h q[5]
Gate( 1969)	 t q[7]
Gate( 1970)	 t q[2]
Gate( 1971)	 t q[5]
Gate( 1972)	cx q[2], q[7]
Gate( 1973)	cx q[5], q[2]
Gate( 1974)	cx q[7], q[5]
Gate( 1975)	tdg q[2]
Gate( 1976)	cx q[7], q[2]
Gate( 1977)	tdg q[7]
Gate( 1978)	tdg q[2]
Gate( 1979)	 t q[5]
Gate( 1980)	cx q[5], q[2]
Gate( 1981)	cx q[7], q[5]
Gate( 1982)	cx q[2], q[7]
Gate( 1983)	 h q[5]
Gate( 1984)	 h q[2]
Gate( 1985)	 t q[9]
Gate( 1986)	 t q[8]
Gate( 1987)	 t q[2]
Gate( 1988)	cx q[8], q[9]
Gate( 1989)	cx q[2], q[8]
Gate( 1990)	cx q[9], q[2]
Gate( 1991)	tdg q[8]
Gate( 1992)	cx q[9], q[8]
Gate( 1993)	tdg q[9]
Gate( 1994)	tdg q[8]
Gate( 1995)	 t q[2]
Gate( 1996)	cx q[2], q[8]
Gate( 1997)	cx q[9], q[2]
Gate( 1998)	cx q[8], q[9]
Gate( 1999)	 h q[2]
Gate( 2000)	 h q[5]
Gate( 2001)	 t q[7]
Gate( 2002)	 t q[2]
Gate( 2003)	 t q[5]
Gate( 2004)	cx q[2], q[7]
Gate( 2005)	cx q[5], q[2]
Gate( 2006)	cx q[7], q[5]
Gate( 2007)	tdg q[2]
Gate( 2008)	cx q[7], q[2]
Gate( 2009)	tdg q[7]
Gate( 2010)	tdg q[2]
Gate( 2011)	 t q[5]
Gate( 2012)	cx q[5], q[2]
Gate( 2013)	cx q[7], q[5]
Gate( 2014)	cx q[2], q[7]
Gate( 2015)	 h q[5]
Gate( 2016)	 h q[6]
Gate( 2017)	 t q[4]
Gate( 2018)	 t q[5]
Gate( 2019)	 t q[6]
Gate( 2020)	cx q[5], q[4]
Gate( 2021)	cx q[6], q[5]
Gate( 2022)	cx q[4], q[6]
Gate( 2023)	tdg q[5]
Gate( 2024)	cx q[4], q[5]
Gate( 2025)	tdg q[4]
Gate( 2026)	tdg q[5]
Gate( 2027)	 t q[6]
Gate( 2028)	cx q[6], q[5]
Gate( 2029)	cx q[4], q[6]
Gate( 2030)	cx q[5], q[4]
Gate( 2031)	 h q[6]
Gate( 2032)	 h q[10]
Gate( 2033)	 t q[3]
Gate( 2034)	 t q[6]
Gate( 2035)	 t q[10]
Gate( 2036)	cx q[6], q[3]
Gate( 2037)	cx q[10], q[6]
Gate( 2038)	cx q[3], q[10]
Gate( 2039)	tdg q[6]
Gate( 2040)	cx q[3], q[6]
Gate( 2041)	tdg q[3]
Gate( 2042)	tdg q[6]
Gate( 2043)	 t q[10]
Gate( 2044)	cx q[10], q[6]
Gate( 2045)	cx q[3], q[10]
Gate( 2046)	cx q[6], q[3]
Gate( 2047)	 h q[10]
Gate( 2048)	 h q[0]
Gate( 2049)	 t q[2]
Gate( 2050)	 t q[10]
Gate( 2051)	 t q[0]
Gate( 2052)	cx q[10], q[2]
Gate( 2053)	cx q[0], q[10]
Gate( 2054)	cx q[2], q[0]
Gate( 2055)	tdg q[10]
Gate( 2056)	cx q[2], q[10]
Gate( 2057)	tdg q[2]
Gate( 2058)	tdg q[10]
Gate( 2059)	 t q[0]
Gate( 2060)	cx q[0], q[10]
Gate( 2061)	cx q[2], q[0]
Gate( 2062)	cx q[10], q[2]
Gate( 2063)	 h q[0]
Gate( 2064)	 h q[10]
Gate( 2065)	 t q[3]
Gate( 2066)	 t q[6]
Gate( 2067)	 t q[10]
Gate( 2068)	cx q[6], q[3]
Gate( 2069)	cx q[10], q[6]
Gate( 2070)	cx q[3], q[10]
Gate( 2071)	tdg q[6]
Gate( 2072)	cx q[3], q[6]
Gate( 2073)	tdg q[3]
Gate( 2074)	tdg q[6]
Gate( 2075)	 t q[10]
Gate( 2076)	cx q[10], q[6]
Gate( 2077)	cx q[3], q[10]
Gate( 2078)	cx q[6], q[3]
Gate( 2079)	 h q[10]
Gate( 2080)	 h q[6]
Gate( 2081)	 t q[5]
Gate( 2082)	 t q[4]
Gate( 2083)	 t q[6]
Gate( 2084)	cx q[4], q[5]
Gate( 2085)	cx q[6], q[4]
Gate( 2086)	cx q[5], q[6]
Gate( 2087)	tdg q[4]
Gate( 2088)	cx q[5], q[4]
Gate( 2089)	tdg q[5]
Gate( 2090)	tdg q[4]
Gate( 2091)	 t q[6]
Gate( 2092)	cx q[6], q[4]
Gate( 2093)	cx q[5], q[6]
Gate( 2094)	cx q[4], q[5]
Gate( 2095)	 h q[6]
Gate( 2096)	 h q[4]
Gate( 2097)	 t q[7]
Gate( 2098)	 t q[1]
Gate( 2099)	 t q[4]
Gate( 2100)	cx q[1], q[7]
Gate( 2101)	cx q[4], q[1]
Gate( 2102)	cx q[7], q[4]
Gate( 2103)	tdg q[1]
Gate( 2104)	cx q[7], q[1]
Gate( 2105)	tdg q[7]
Gate( 2106)	tdg q[1]
Gate( 2107)	 t q[4]
Gate( 2108)	cx q[4], q[1]
Gate( 2109)	cx q[7], q[4]
Gate( 2110)	cx q[1], q[7]
Gate( 2111)	 h q[4]
Gate( 2112)	 h q[1]
Gate( 2113)	 t q[9]
Gate( 2114)	 t q[8]
Gate( 2115)	 t q[1]
Gate( 2116)	cx q[8], q[9]
Gate( 2117)	cx q[1], q[8]
Gate( 2118)	cx q[9], q[1]
Gate( 2119)	tdg q[8]
Gate( 2120)	cx q[9], q[8]
Gate( 2121)	tdg q[9]
Gate( 2122)	tdg q[8]
Gate( 2123)	 t q[1]
Gate( 2124)	cx q[1], q[8]
Gate( 2125)	cx q[9], q[1]
Gate( 2126)	cx q[8], q[9]
Gate( 2127)	 h q[1]
Gate( 2128)	 h q[4]
Gate( 2129)	 t q[7]
Gate( 2130)	 t q[1]
Gate( 2131)	 t q[4]
Gate( 2132)	cx q[1], q[7]
Gate( 2133)	cx q[4], q[1]
Gate( 2134)	cx q[7], q[4]
Gate( 2135)	tdg q[1]
Gate( 2136)	cx q[7], q[1]
Gate( 2137)	tdg q[7]
Gate( 2138)	tdg q[1]
Gate( 2139)	 t q[4]
Gate( 2140)	cx q[4], q[1]
Gate( 2141)	cx q[7], q[4]
Gate( 2142)	cx q[1], q[7]
Gate( 2143)	 h q[4]
Gate( 2144)	 h q[6]
Gate( 2145)	 t q[5]
Gate( 2146)	 t q[4]
Gate( 2147)	 t q[6]
Gate( 2148)	cx q[4], q[5]
Gate( 2149)	cx q[6], q[4]
Gate( 2150)	cx q[5], q[6]
Gate( 2151)	tdg q[4]
Gate( 2152)	cx q[5], q[4]
Gate( 2153)	tdg q[5]
Gate( 2154)	tdg q[4]
Gate( 2155)	 t q[6]
Gate( 2156)	cx q[6], q[4]
Gate( 2157)	cx q[5], q[6]
Gate( 2158)	cx q[4], q[5]
Gate( 2159)	 h q[6]
Gate( 2160)	 h q[10]
Gate( 2161)	 t q[3]
Gate( 2162)	 t q[6]
Gate( 2163)	 t q[10]
Gate( 2164)	cx q[6], q[3]
Gate( 2165)	cx q[10], q[6]
Gate( 2166)	cx q[3], q[10]
Gate( 2167)	tdg q[6]
Gate( 2168)	cx q[3], q[6]
Gate( 2169)	tdg q[3]
Gate( 2170)	tdg q[6]
Gate( 2171)	 t q[10]
Gate( 2172)	cx q[10], q[6]
Gate( 2173)	cx q[3], q[10]
Gate( 2174)	cx q[6], q[3]
Gate( 2175)	 h q[10]
Gate( 2176)	 h q[0]
Gate( 2177)	 t q[2]
Gate( 2178)	 t q[10]
Gate( 2179)	 t q[0]
Gate( 2180)	cx q[10], q[2]
Gate( 2181)	cx q[0], q[10]
Gate( 2182)	cx q[2], q[0]
Gate( 2183)	tdg q[10]
Gate( 2184)	cx q[2], q[10]
Gate( 2185)	tdg q[2]
Gate( 2186)	tdg q[10]
Gate( 2187)	 t q[0]
Gate( 2188)	cx q[0], q[10]
Gate( 2189)	cx q[2], q[0]
Gate( 2190)	cx q[10], q[2]
Gate( 2191)	 h q[0]
Gate( 2192)	 h q[10]
Gate( 2193)	 t q[3]
Gate( 2194)	 t q[6]
Gate( 2195)	 t q[10]
Gate( 2196)	cx q[6], q[3]
Gate( 2197)	cx q[10], q[6]
Gate( 2198)	cx q[3], q[10]
Gate( 2199)	tdg q[6]
Gate( 2200)	cx q[3], q[6]
Gate( 2201)	tdg q[3]
Gate( 2202)	tdg q[6]
Gate( 2203)	 t q[10]
Gate( 2204)	cx q[10], q[6]
Gate( 2205)	cx q[3], q[10]
Gate( 2206)	cx q[6], q[3]
Gate( 2207)	 h q[10]
Gate( 2208)	 h q[6]
Gate( 2209)	 t q[5]
Gate( 2210)	 t q[4]
Gate( 2211)	 t q[6]
Gate( 2212)	cx q[4], q[5]
Gate( 2213)	cx q[6], q[4]
Gate( 2214)	cx q[5], q[6]
Gate( 2215)	tdg q[4]
Gate( 2216)	cx q[5], q[4]
Gate( 2217)	tdg q[5]
Gate( 2218)	tdg q[4]
Gate( 2219)	 t q[6]
Gate( 2220)	cx q[6], q[4]
Gate( 2221)	cx q[5], q[6]
Gate( 2222)	cx q[4], q[5]
Gate( 2223)	 h q[6]
Gate( 2224)	 h q[4]
Gate( 2225)	 t q[7]
Gate( 2226)	 t q[1]
Gate( 2227)	 t q[4]
Gate( 2228)	cx q[1], q[7]
Gate( 2229)	cx q[4], q[1]
Gate( 2230)	cx q[7], q[4]
Gate( 2231)	tdg q[1]
Gate( 2232)	cx q[7], q[1]
Gate( 2233)	tdg q[7]
Gate( 2234)	tdg q[1]
Gate( 2235)	 t q[4]
Gate( 2236)	cx q[4], q[1]
Gate( 2237)	cx q[7], q[4]
Gate( 2238)	cx q[1], q[7]
Gate( 2239)	 h q[4]
Gate( 2240)	 h q[1]
Gate( 2241)	 t q[9]
Gate( 2242)	 t q[8]
Gate( 2243)	 t q[1]
Gate( 2244)	cx q[8], q[9]
Gate( 2245)	cx q[1], q[8]
Gate( 2246)	cx q[9], q[1]
Gate( 2247)	tdg q[8]
Gate( 2248)	cx q[9], q[8]
Gate( 2249)	tdg q[9]
Gate( 2250)	tdg q[8]
Gate( 2251)	 t q[1]
Gate( 2252)	cx q[1], q[8]
Gate( 2253)	cx q[9], q[1]
Gate( 2254)	cx q[8], q[9]
Gate( 2255)	 h q[1]
Gate( 2256)	 h q[4]
Gate( 2257)	 t q[7]
Gate( 2258)	 t q[1]
Gate( 2259)	 t q[4]
Gate( 2260)	cx q[1], q[7]
Gate( 2261)	cx q[4], q[1]
Gate( 2262)	cx q[7], q[4]
Gate( 2263)	tdg q[1]
Gate( 2264)	cx q[7], q[1]
Gate( 2265)	tdg q[7]
Gate( 2266)	tdg q[1]
Gate( 2267)	 t q[4]
Gate( 2268)	cx q[4], q[1]
Gate( 2269)	cx q[7], q[4]
Gate( 2270)	cx q[1], q[7]
Gate( 2271)	 h q[4]
Gate( 2272)	 h q[6]
Gate( 2273)	 t q[5]
Gate( 2274)	 t q[4]
Gate( 2275)	 t q[6]
Gate( 2276)	cx q[4], q[5]
Gate( 2277)	cx q[6], q[4]
Gate( 2278)	cx q[5], q[6]
Gate( 2279)	tdg q[4]
Gate( 2280)	cx q[5], q[4]
Gate( 2281)	tdg q[5]
Gate( 2282)	tdg q[4]
Gate( 2283)	 t q[6]
Gate( 2284)	cx q[6], q[4]
Gate( 2285)	cx q[5], q[6]
Gate( 2286)	cx q[4], q[5]
Gate( 2287)	 h q[6]
Gate( 2288)	 h q[10]
Gate( 2289)	 t q[3]
Gate( 2290)	 t q[6]
Gate( 2291)	 t q[10]
Gate( 2292)	cx q[6], q[3]
Gate( 2293)	cx q[10], q[6]
Gate( 2294)	cx q[3], q[10]
Gate( 2295)	tdg q[6]
Gate( 2296)	cx q[3], q[6]
Gate( 2297)	tdg q[3]
Gate( 2298)	tdg q[6]
Gate( 2299)	 t q[10]
Gate( 2300)	cx q[10], q[6]
Gate( 2301)	cx q[3], q[10]
Gate( 2302)	cx q[6], q[3]
Gate( 2303)	 h q[10]
Gate( 2304)	 h q[0]
Gate( 2305)	 t q[1]
Gate( 2306)	 t q[10]
Gate( 2307)	 t q[0]
Gate( 2308)	cx q[10], q[1]
Gate( 2309)	cx q[0], q[10]
Gate( 2310)	cx q[1], q[0]
Gate( 2311)	tdg q[10]
Gate( 2312)	cx q[1], q[10]
Gate( 2313)	tdg q[1]
Gate( 2314)	tdg q[10]
Gate( 2315)	 t q[0]
Gate( 2316)	cx q[0], q[10]
Gate( 2317)	cx q[1], q[0]
Gate( 2318)	cx q[10], q[1]
Gate( 2319)	 h q[0]
Gate( 2320)	 h q[10]
Gate( 2321)	 t q[2]
Gate( 2322)	 t q[8]
Gate( 2323)	 t q[10]
Gate( 2324)	cx q[8], q[2]
Gate( 2325)	cx q[10], q[8]
Gate( 2326)	cx q[2], q[10]
Gate( 2327)	tdg q[8]
Gate( 2328)	cx q[2], q[8]
Gate( 2329)	tdg q[2]
Gate( 2330)	tdg q[8]
Gate( 2331)	 t q[10]
Gate( 2332)	cx q[10], q[8]
Gate( 2333)	cx q[2], q[10]
Gate( 2334)	cx q[8], q[2]
Gate( 2335)	 h q[10]
Gate( 2336)	 h q[8]
Gate( 2337)	 t q[3]
Gate( 2338)	 t q[5]
Gate( 2339)	 t q[8]
Gate( 2340)	cx q[5], q[3]
Gate( 2341)	cx q[8], q[5]
Gate( 2342)	cx q[3], q[8]
Gate( 2343)	tdg q[5]
Gate( 2344)	cx q[3], q[5]
Gate( 2345)	tdg q[3]
Gate( 2346)	tdg q[5]
Gate( 2347)	 t q[8]
Gate( 2348)	cx q[8], q[5]
Gate( 2349)	cx q[3], q[8]
Gate( 2350)	cx q[5], q[3]
Gate( 2351)	 h q[8]
Gate( 2352)	 h q[5]
Gate( 2353)	 t q[6]
Gate( 2354)	 t q[4]
Gate( 2355)	 t q[5]
Gate( 2356)	cx q[4], q[6]
Gate( 2357)	cx q[5], q[4]
Gate( 2358)	cx q[6], q[5]
Gate( 2359)	tdg q[4]
Gate( 2360)	cx q[6], q[4]
Gate( 2361)	tdg q[6]
Gate( 2362)	tdg q[4]
Gate( 2363)	 t q[5]
Gate( 2364)	cx q[5], q[4]
Gate( 2365)	cx q[6], q[5]
Gate( 2366)	cx q[4], q[6]
Gate( 2367)	 h q[5]
Gate( 2368)	 h q[4]
Gate( 2369)	 t q[9]
Gate( 2370)	 t q[7]
Gate( 2371)	 t q[4]
Gate( 2372)	cx q[7], q[9]
Gate( 2373)	cx q[4], q[7]
Gate( 2374)	cx q[9], q[4]
Gate( 2375)	tdg q[7]
Gate( 2376)	cx q[9], q[7]
Gate( 2377)	tdg q[9]
Gate( 2378)	tdg q[7]
Gate( 2379)	 t q[4]
Gate( 2380)	cx q[4], q[7]
Gate( 2381)	cx q[9], q[4]
Gate( 2382)	cx q[7], q[9]
Gate( 2383)	 h q[4]
Gate( 2384)	 h q[5]
Gate( 2385)	 t q[6]
Gate( 2386)	 t q[4]
Gate( 2387)	 t q[5]
Gate( 2388)	cx q[4], q[6]
Gate( 2389)	cx q[5], q[4]
Gate( 2390)	cx q[6], q[5]
Gate( 2391)	tdg q[4]
Gate( 2392)	cx q[6], q[4]
Gate( 2393)	tdg q[6]
Gate( 2394)	tdg q[4]
Gate( 2395)	 t q[5]
Gate( 2396)	cx q[5], q[4]
Gate( 2397)	cx q[6], q[5]
Gate( 2398)	cx q[4], q[6]
Gate( 2399)	 h q[5]
Gate( 2400)	 h q[8]
Gate( 2401)	 t q[3]
Gate( 2402)	 t q[5]
Gate( 2403)	 t q[8]
Gate( 2404)	cx q[5], q[3]
Gate( 2405)	cx q[8], q[5]
Gate( 2406)	cx q[3], q[8]
Gate( 2407)	tdg q[5]
Gate( 2408)	cx q[3], q[5]
Gate( 2409)	tdg q[3]
Gate( 2410)	tdg q[5]
Gate( 2411)	 t q[8]
Gate( 2412)	cx q[8], q[5]
Gate( 2413)	cx q[3], q[8]
Gate( 2414)	cx q[5], q[3]
Gate( 2415)	 h q[8]
Gate( 2416)	 h q[10]
Gate( 2417)	 t q[2]
Gate( 2418)	 t q[8]
Gate( 2419)	 t q[10]
Gate( 2420)	cx q[8], q[2]
Gate( 2421)	cx q[10], q[8]
Gate( 2422)	cx q[2], q[10]
Gate( 2423)	tdg q[8]
Gate( 2424)	cx q[2], q[8]
Gate( 2425)	tdg q[2]
Gate( 2426)	tdg q[8]
Gate( 2427)	 t q[10]
Gate( 2428)	cx q[10], q[8]
Gate( 2429)	cx q[2], q[10]
Gate( 2430)	cx q[8], q[2]
Gate( 2431)	 h q[10]
Gate( 2432)	 h q[0]
Gate( 2433)	 t q[1]
Gate( 2434)	 t q[10]
Gate( 2435)	 t q[0]
Gate( 2436)	cx q[10], q[1]
Gate( 2437)	cx q[0], q[10]
Gate( 2438)	cx q[1], q[0]
Gate( 2439)	tdg q[10]
Gate( 2440)	cx q[1], q[10]
Gate( 2441)	tdg q[1]
Gate( 2442)	tdg q[10]
Gate( 2443)	 t q[0]
Gate( 2444)	cx q[0], q[10]
Gate( 2445)	cx q[1], q[0]
Gate( 2446)	cx q[10], q[1]
Gate( 2447)	 h q[0]
Gate( 2448)	 h q[10]
Gate( 2449)	 t q[2]
Gate( 2450)	 t q[8]
Gate( 2451)	 t q[10]
Gate( 2452)	cx q[8], q[2]
Gate( 2453)	cx q[10], q[8]
Gate( 2454)	cx q[2], q[10]
Gate( 2455)	tdg q[8]
Gate( 2456)	cx q[2], q[8]
Gate( 2457)	tdg q[2]
Gate( 2458)	tdg q[8]
Gate( 2459)	 t q[10]
Gate( 2460)	cx q[10], q[8]
Gate( 2461)	cx q[2], q[10]
Gate( 2462)	cx q[8], q[2]
Gate( 2463)	 h q[10]
Gate( 2464)	 h q[8]
Gate( 2465)	 t q[3]
Gate( 2466)	 t q[5]
Gate( 2467)	 t q[8]
Gate( 2468)	cx q[5], q[3]
Gate( 2469)	cx q[8], q[5]
Gate( 2470)	cx q[3], q[8]
Gate( 2471)	tdg q[5]
Gate( 2472)	cx q[3], q[5]
Gate( 2473)	tdg q[3]
Gate( 2474)	tdg q[5]
Gate( 2475)	 t q[8]
Gate( 2476)	cx q[8], q[5]
Gate( 2477)	cx q[3], q[8]
Gate( 2478)	cx q[5], q[3]
Gate( 2479)	 h q[8]
Gate( 2480)	 h q[5]
Gate( 2481)	 t q[6]
Gate( 2482)	 t q[4]
Gate( 2483)	 t q[5]
Gate( 2484)	cx q[4], q[6]
Gate( 2485)	cx q[5], q[4]
Gate( 2486)	cx q[6], q[5]
Gate( 2487)	tdg q[4]
Gate( 2488)	cx q[6], q[4]
Gate( 2489)	tdg q[6]
Gate( 2490)	tdg q[4]
Gate( 2491)	 t q[5]
Gate( 2492)	cx q[5], q[4]
Gate( 2493)	cx q[6], q[5]
Gate( 2494)	cx q[4], q[6]
Gate( 2495)	 h q[5]
Gate( 2496)	 h q[4]
Gate( 2497)	 t q[9]
Gate( 2498)	 t q[7]
Gate( 2499)	 t q[4]
Gate( 2500)	cx q[7], q[9]
Gate( 2501)	cx q[4], q[7]
Gate( 2502)	cx q[9], q[4]
Gate( 2503)	tdg q[7]
Gate( 2504)	cx q[9], q[7]
Gate( 2505)	tdg q[9]
Gate( 2506)	tdg q[7]
Gate( 2507)	 t q[4]
Gate( 2508)	cx q[4], q[7]
Gate( 2509)	cx q[9], q[4]
Gate( 2510)	cx q[7], q[9]
Gate( 2511)	 h q[4]
Gate( 2512)	 h q[5]
Gate( 2513)	 t q[6]
Gate( 2514)	 t q[4]
Gate( 2515)	 t q[5]
Gate( 2516)	cx q[4], q[6]
Gate( 2517)	cx q[5], q[4]
Gate( 2518)	cx q[6], q[5]
Gate( 2519)	tdg q[4]
Gate( 2520)	cx q[6], q[4]
Gate( 2521)	tdg q[6]
Gate( 2522)	tdg q[4]
Gate( 2523)	 t q[5]
Gate( 2524)	cx q[5], q[4]
Gate( 2525)	cx q[6], q[5]
Gate( 2526)	cx q[4], q[6]
Gate( 2527)	 h q[5]
Gate( 2528)	 h q[8]
Gate( 2529)	 t q[3]
Gate( 2530)	 t q[5]
Gate( 2531)	 t q[8]
Gate( 2532)	cx q[5], q[3]
Gate( 2533)	cx q[8], q[5]
Gate( 2534)	cx q[3], q[8]
Gate( 2535)	tdg q[5]
Gate( 2536)	cx q[3], q[5]
Gate( 2537)	tdg q[3]
Gate( 2538)	tdg q[5]
Gate( 2539)	 t q[8]
Gate( 2540)	cx q[8], q[5]
Gate( 2541)	cx q[3], q[8]
Gate( 2542)	cx q[5], q[3]
Gate( 2543)	 h q[8]
Gate( 2544)	 h q[10]
Gate( 2545)	 t q[2]
Gate( 2546)	 t q[8]
Gate( 2547)	 t q[10]
Gate( 2548)	cx q[8], q[2]
Gate( 2549)	cx q[10], q[8]
Gate( 2550)	cx q[2], q[10]
Gate( 2551)	tdg q[8]
Gate( 2552)	cx q[2], q[8]
Gate( 2553)	tdg q[2]
Gate( 2554)	tdg q[8]
Gate( 2555)	 t q[10]
Gate( 2556)	cx q[10], q[8]
Gate( 2557)	cx q[2], q[10]
Gate( 2558)	cx q[8], q[2]
Gate( 2559)	 h q[10]
Gate( 2560)	 x q[0]
Gate( 2561)	 x q[3]
Gate( 2562)	 h q[2]
Gate( 2563)	 t q[7]
Gate( 2564)	 t q[10]
Gate( 2565)	 t q[2]
Gate( 2566)	cx q[10], q[7]
Gate( 2567)	cx q[2], q[10]
Gate( 2568)	cx q[7], q[2]
Gate( 2569)	tdg q[10]
Gate( 2570)	cx q[7], q[10]
Gate( 2571)	tdg q[7]
Gate( 2572)	tdg q[10]
Gate( 2573)	 t q[2]
Gate( 2574)	cx q[2], q[10]
Gate( 2575)	cx q[7], q[2]
Gate( 2576)	cx q[10], q[7]
Gate( 2577)	 h q[2]
Gate( 2578)	 h q[10]
Gate( 2579)	 t q[9]
Gate( 2580)	 t q[8]
Gate( 2581)	 t q[10]
Gate( 2582)	cx q[8], q[9]
Gate( 2583)	cx q[10], q[8]
Gate( 2584)	cx q[9], q[10]
Gate( 2585)	tdg q[8]
Gate( 2586)	cx q[9], q[8]
Gate( 2587)	tdg q[9]
Gate( 2588)	tdg q[8]
Gate( 2589)	 t q[10]
Gate( 2590)	cx q[10], q[8]
Gate( 2591)	cx q[9], q[10]
Gate( 2592)	cx q[8], q[9]
Gate( 2593)	 h q[10]
Gate( 2594)	 h q[2]
Gate( 2595)	 t q[7]
Gate( 2596)	 t q[10]
Gate( 2597)	 t q[2]
Gate( 2598)	cx q[10], q[7]
Gate( 2599)	cx q[2], q[10]
Gate( 2600)	cx q[7], q[2]
Gate( 2601)	tdg q[10]
Gate( 2602)	cx q[7], q[10]
Gate( 2603)	tdg q[7]
Gate( 2604)	tdg q[10]
Gate( 2605)	 t q[2]
Gate( 2606)	cx q[2], q[10]
Gate( 2607)	cx q[7], q[2]
Gate( 2608)	cx q[10], q[7]
Gate( 2609)	 h q[2]
Gate( 2610)	 h q[10]
Gate( 2611)	 t q[9]
Gate( 2612)	 t q[8]
Gate( 2613)	 t q[10]
Gate( 2614)	cx q[8], q[9]
Gate( 2615)	cx q[10], q[8]
Gate( 2616)	cx q[9], q[10]
Gate( 2617)	tdg q[8]
Gate( 2618)	cx q[9], q[8]
Gate( 2619)	tdg q[9]
Gate( 2620)	tdg q[8]
Gate( 2621)	 t q[10]
Gate( 2622)	cx q[10], q[8]
Gate( 2623)	cx q[9], q[10]
Gate( 2624)	cx q[8], q[9]
Gate( 2625)	 h q[10]
Gate( 2626)	 h q[0]
Gate( 2627)	 t q[2]
Gate( 2628)	 t q[10]
Gate( 2629)	 t q[0]
Gate( 2630)	cx q[10], q[2]
Gate( 2631)	cx q[0], q[10]
Gate( 2632)	cx q[2], q[0]
Gate( 2633)	tdg q[10]
Gate( 2634)	cx q[2], q[10]
Gate( 2635)	tdg q[2]
Gate( 2636)	tdg q[10]
Gate( 2637)	 t q[0]
Gate( 2638)	cx q[0], q[10]
Gate( 2639)	cx q[2], q[0]
Gate( 2640)	cx q[10], q[2]
Gate( 2641)	 h q[0]
Gate( 2642)	 h q[10]
Gate( 2643)	 t q[1]
Gate( 2644)	 t q[9]
Gate( 2645)	 t q[10]
Gate( 2646)	cx q[9], q[1]
Gate( 2647)	cx q[10], q[9]
Gate( 2648)	cx q[1], q[10]
Gate( 2649)	tdg q[9]
Gate( 2650)	cx q[1], q[9]
Gate( 2651)	tdg q[1]
Gate( 2652)	tdg q[9]
Gate( 2653)	 t q[10]
Gate( 2654)	cx q[10], q[9]
Gate( 2655)	cx q[1], q[10]
Gate( 2656)	cx q[9], q[1]
Gate( 2657)	 h q[10]
Gate( 2658)	 h q[9]
Gate( 2659)	 t q[3]
Gate( 2660)	 t q[8]
Gate( 2661)	 t q[9]
Gate( 2662)	cx q[8], q[3]
Gate( 2663)	cx q[9], q[8]
Gate( 2664)	cx q[3], q[9]
Gate( 2665)	tdg q[8]
Gate( 2666)	cx q[3], q[8]
Gate( 2667)	tdg q[3]
Gate( 2668)	tdg q[8]
Gate( 2669)	 t q[9]
Gate( 2670)	cx q[9], q[8]
Gate( 2671)	cx q[3], q[9]
Gate( 2672)	cx q[8], q[3]
Gate( 2673)	 h q[9]
Gate( 2674)	 h q[8]
Gate( 2675)	 t q[6]
Gate( 2676)	 t q[5]
Gate( 2677)	 t q[8]
Gate( 2678)	cx q[5], q[6]
Gate( 2679)	cx q[8], q[5]
Gate( 2680)	cx q[6], q[8]
Gate( 2681)	tdg q[5]
Gate( 2682)	cx q[6], q[5]
Gate( 2683)	tdg q[6]
Gate( 2684)	tdg q[5]
Gate( 2685)	 t q[8]
Gate( 2686)	cx q[8], q[5]
Gate( 2687)	cx q[6], q[8]
Gate( 2688)	cx q[5], q[6]
Gate( 2689)	 h q[8]
Gate( 2690)	 h q[9]
Gate( 2691)	 t q[3]
Gate( 2692)	 t q[8]
Gate( 2693)	 t q[9]
Gate( 2694)	cx q[8], q[3]
Gate( 2695)	cx q[9], q[8]
Gate( 2696)	cx q[3], q[9]
Gate( 2697)	tdg q[8]
Gate( 2698)	cx q[3], q[8]
Gate( 2699)	tdg q[3]
Gate( 2700)	tdg q[8]
Gate( 2701)	 t q[9]
Gate( 2702)	cx q[9], q[8]
Gate( 2703)	cx q[3], q[9]
Gate( 2704)	cx q[8], q[3]
Gate( 2705)	 h q[9]
Gate( 2706)	 h q[10]
Gate( 2707)	 t q[1]
Gate( 2708)	 t q[9]
Gate( 2709)	 t q[10]
Gate( 2710)	cx q[9], q[1]
Gate( 2711)	cx q[10], q[9]
Gate( 2712)	cx q[1], q[10]
Gate( 2713)	tdg q[9]
Gate( 2714)	cx q[1], q[9]
Gate( 2715)	tdg q[1]
Gate( 2716)	tdg q[9]
Gate( 2717)	 t q[10]
Gate( 2718)	cx q[10], q[9]
Gate( 2719)	cx q[1], q[10]
Gate( 2720)	cx q[9], q[1]
Gate( 2721)	 h q[10]
Gate( 2722)	 h q[0]
Gate( 2723)	 t q[2]
Gate( 2724)	 t q[10]
Gate( 2725)	 t q[0]
Gate( 2726)	cx q[10], q[2]
Gate( 2727)	cx q[0], q[10]
Gate( 2728)	cx q[2], q[0]
Gate( 2729)	tdg q[10]
Gate( 2730)	cx q[2], q[10]
Gate( 2731)	tdg q[2]
Gate( 2732)	tdg q[10]
Gate( 2733)	 t q[0]
Gate( 2734)	cx q[0], q[10]
Gate( 2735)	cx q[2], q[0]
Gate( 2736)	cx q[10], q[2]
Gate( 2737)	 h q[0]
Gate( 2738)	 h q[10]
Gate( 2739)	 t q[1]
Gate( 2740)	 t q[9]
Gate( 2741)	 t q[10]
Gate( 2742)	cx q[9], q[1]
Gate( 2743)	cx q[10], q[9]
Gate( 2744)	cx q[1], q[10]
Gate( 2745)	tdg q[9]
Gate( 2746)	cx q[1], q[9]
Gate( 2747)	tdg q[1]
Gate( 2748)	tdg q[9]
Gate( 2749)	 t q[10]
Gate( 2750)	cx q[10], q[9]
Gate( 2751)	cx q[1], q[10]
Gate( 2752)	cx q[9], q[1]
Gate( 2753)	 h q[10]
Gate( 2754)	 h q[9]
Gate( 2755)	 t q[3]
Gate( 2756)	 t q[8]
Gate( 2757)	 t q[9]
Gate( 2758)	cx q[8], q[3]
Gate( 2759)	cx q[9], q[8]
Gate( 2760)	cx q[3], q[9]
Gate( 2761)	tdg q[8]
Gate( 2762)	cx q[3], q[8]
Gate( 2763)	tdg q[3]
Gate( 2764)	tdg q[8]
Gate( 2765)	 t q[9]
Gate( 2766)	cx q[9], q[8]
Gate( 2767)	cx q[3], q[9]
Gate( 2768)	cx q[8], q[3]
Gate( 2769)	 h q[9]
Gate( 2770)	 h q[8]
Gate( 2771)	 t q[6]
Gate( 2772)	 t q[5]
Gate( 2773)	 t q[8]
Gate( 2774)	cx q[5], q[6]
Gate( 2775)	cx q[8], q[5]
Gate( 2776)	cx q[6], q[8]
Gate( 2777)	tdg q[5]
Gate( 2778)	cx q[6], q[5]
Gate( 2779)	tdg q[6]
Gate( 2780)	tdg q[5]
Gate( 2781)	 t q[8]
Gate( 2782)	cx q[8], q[5]
Gate( 2783)	cx q[6], q[8]
Gate( 2784)	cx q[5], q[6]
Gate( 2785)	 h q[8]
Gate( 2786)	 h q[9]
Gate( 2787)	 t q[3]
Gate( 2788)	 t q[8]
Gate( 2789)	 t q[9]
Gate( 2790)	cx q[8], q[3]
Gate( 2791)	cx q[9], q[8]
Gate( 2792)	cx q[3], q[9]
Gate( 2793)	tdg q[8]
Gate( 2794)	cx q[3], q[8]
Gate( 2795)	tdg q[3]
Gate( 2796)	tdg q[8]
Gate( 2797)	 t q[9]
Gate( 2798)	cx q[9], q[8]
Gate( 2799)	cx q[3], q[9]
Gate( 2800)	cx q[8], q[3]
Gate( 2801)	 h q[9]
Gate( 2802)	 h q[10]
Gate( 2803)	 t q[1]
Gate( 2804)	 t q[9]
Gate( 2805)	 t q[10]
Gate( 2806)	cx q[9], q[1]
Gate( 2807)	cx q[10], q[9]
Gate( 2808)	cx q[1], q[10]
Gate( 2809)	tdg q[9]
Gate( 2810)	cx q[1], q[9]
Gate( 2811)	tdg q[1]
Gate( 2812)	tdg q[9]
Gate( 2813)	 t q[10]
Gate( 2814)	cx q[10], q[9]
Gate( 2815)	cx q[1], q[10]
Gate( 2816)	cx q[9], q[1]
Gate( 2817)	 h q[10]
Gate( 2818)	 h q[2]
Gate( 2819)	 t q[7]
Gate( 2820)	 t q[10]
Gate( 2821)	 t q[2]
Gate( 2822)	cx q[10], q[7]
Gate( 2823)	cx q[2], q[10]
Gate( 2824)	cx q[7], q[2]
Gate( 2825)	tdg q[10]
Gate( 2826)	cx q[7], q[10]
Gate( 2827)	tdg q[7]
Gate( 2828)	tdg q[10]
Gate( 2829)	 t q[2]
Gate( 2830)	cx q[2], q[10]
Gate( 2831)	cx q[7], q[2]
Gate( 2832)	cx q[10], q[7]
Gate( 2833)	 h q[2]
Gate( 2834)	 h q[10]
Gate( 2835)	 t q[9]
Gate( 2836)	 t q[8]
Gate( 2837)	 t q[10]
Gate( 2838)	cx q[8], q[9]
Gate( 2839)	cx q[10], q[8]
Gate( 2840)	cx q[9], q[10]
Gate( 2841)	tdg q[8]
Gate( 2842)	cx q[9], q[8]
Gate( 2843)	tdg q[9]
Gate( 2844)	tdg q[8]
Gate( 2845)	 t q[10]
Gate( 2846)	cx q[10], q[8]
Gate( 2847)	cx q[9], q[10]
Gate( 2848)	cx q[8], q[9]
Gate( 2849)	 h q[10]
Gate( 2850)	 h q[2]
Gate( 2851)	 t q[7]
Gate( 2852)	 t q[10]
Gate( 2853)	 t q[2]
Gate( 2854)	cx q[10], q[7]
Gate( 2855)	cx q[2], q[10]
Gate( 2856)	cx q[7], q[2]
Gate( 2857)	tdg q[10]
Gate( 2858)	cx q[7], q[10]
Gate( 2859)	tdg q[7]
Gate( 2860)	tdg q[10]
Gate( 2861)	 t q[2]
Gate( 2862)	cx q[2], q[10]
Gate( 2863)	cx q[7], q[2]
Gate( 2864)	cx q[10], q[7]
Gate( 2865)	 h q[2]
Gate( 2866)	 h q[10]
Gate( 2867)	 t q[9]
Gate( 2868)	 t q[8]
Gate( 2869)	 t q[10]
Gate( 2870)	cx q[8], q[9]
Gate( 2871)	cx q[10], q[8]
Gate( 2872)	cx q[9], q[10]
Gate( 2873)	tdg q[8]
Gate( 2874)	cx q[9], q[8]
Gate( 2875)	tdg q[9]
Gate( 2876)	tdg q[8]
Gate( 2877)	 t q[10]
Gate( 2878)	cx q[10], q[8]
Gate( 2879)	cx q[9], q[10]
Gate( 2880)	cx q[8], q[9]
Gate( 2881)	 h q[10]
Gate( 2882)	 h q[0]
Gate( 2883)	 t q[2]
Gate( 2884)	 t q[10]
Gate( 2885)	 t q[0]
Gate( 2886)	cx q[10], q[2]
Gate( 2887)	cx q[0], q[10]
Gate( 2888)	cx q[2], q[0]
Gate( 2889)	tdg q[10]
Gate( 2890)	cx q[2], q[10]
Gate( 2891)	tdg q[2]
Gate( 2892)	tdg q[10]
Gate( 2893)	 t q[0]
Gate( 2894)	cx q[0], q[10]
Gate( 2895)	cx q[2], q[0]
Gate( 2896)	cx q[10], q[2]
Gate( 2897)	 h q[0]
Gate( 2898)	 h q[10]
Gate( 2899)	 t q[1]
Gate( 2900)	 t q[9]
Gate( 2901)	 t q[10]
Gate( 2902)	cx q[9], q[1]
Gate( 2903)	cx q[10], q[9]
Gate( 2904)	cx q[1], q[10]
Gate( 2905)	tdg q[9]
Gate( 2906)	cx q[1], q[9]
Gate( 2907)	tdg q[1]
Gate( 2908)	tdg q[9]
Gate( 2909)	 t q[10]
Gate( 2910)	cx q[10], q[9]
Gate( 2911)	cx q[1], q[10]
Gate( 2912)	cx q[9], q[1]
Gate( 2913)	 h q[10]
Gate( 2914)	 h q[9]
Gate( 2915)	 t q[3]
Gate( 2916)	 t q[8]
Gate( 2917)	 t q[9]
Gate( 2918)	cx q[8], q[3]
Gate( 2919)	cx q[9], q[8]
Gate( 2920)	cx q[3], q[9]
Gate( 2921)	tdg q[8]
Gate( 2922)	cx q[3], q[8]
Gate( 2923)	tdg q[3]
Gate( 2924)	tdg q[8]
Gate( 2925)	 t q[9]
Gate( 2926)	cx q[9], q[8]
Gate( 2927)	cx q[3], q[9]
Gate( 2928)	cx q[8], q[3]
Gate( 2929)	 h q[9]
Gate( 2930)	 h q[8]
Gate( 2931)	 t q[6]
Gate( 2932)	 t q[5]
Gate( 2933)	 t q[8]
Gate( 2934)	cx q[5], q[6]
Gate( 2935)	cx q[8], q[5]
Gate( 2936)	cx q[6], q[8]
Gate( 2937)	tdg q[5]
Gate( 2938)	cx q[6], q[5]
Gate( 2939)	tdg q[6]
Gate( 2940)	tdg q[5]
Gate( 2941)	 t q[8]
Gate( 2942)	cx q[8], q[5]
Gate( 2943)	cx q[6], q[8]
Gate( 2944)	cx q[5], q[6]
Gate( 2945)	 h q[8]
Gate( 2946)	 h q[9]
Gate( 2947)	 t q[3]
Gate( 2948)	 t q[8]
Gate( 2949)	 t q[9]
Gate( 2950)	cx q[8], q[3]
Gate( 2951)	cx q[9], q[8]
Gate( 2952)	cx q[3], q[9]
Gate( 2953)	tdg q[8]
Gate( 2954)	cx q[3], q[8]
Gate( 2955)	tdg q[3]
Gate( 2956)	tdg q[8]
Gate( 2957)	 t q[9]
Gate( 2958)	cx q[9], q[8]
Gate( 2959)	cx q[3], q[9]
Gate( 2960)	cx q[8], q[3]
Gate( 2961)	 h q[9]
Gate( 2962)	 h q[10]
Gate( 2963)	 t q[1]
Gate( 2964)	 t q[9]
Gate( 2965)	 t q[10]
Gate( 2966)	cx q[9], q[1]
Gate( 2967)	cx q[10], q[9]
Gate( 2968)	cx q[1], q[10]
Gate( 2969)	tdg q[9]
Gate( 2970)	cx q[1], q[9]
Gate( 2971)	tdg q[1]
Gate( 2972)	tdg q[9]
Gate( 2973)	 t q[10]
Gate( 2974)	cx q[10], q[9]
Gate( 2975)	cx q[1], q[10]
Gate( 2976)	cx q[9], q[1]
Gate( 2977)	 h q[10]
Gate( 2978)	 h q[0]
Gate( 2979)	 t q[2]
Gate( 2980)	 t q[10]
Gate( 2981)	 t q[0]
Gate( 2982)	cx q[10], q[2]
Gate( 2983)	cx q[0], q[10]
Gate( 2984)	cx q[2], q[0]
Gate( 2985)	tdg q[10]
Gate( 2986)	cx q[2], q[10]
Gate( 2987)	tdg q[2]
Gate( 2988)	tdg q[10]
Gate( 2989)	 t q[0]
Gate( 2990)	cx q[0], q[10]
Gate( 2991)	cx q[2], q[0]
Gate( 2992)	cx q[10], q[2]
Gate( 2993)	 h q[0]
Gate( 2994)	 h q[10]
Gate( 2995)	 t q[1]
Gate( 2996)	 t q[9]
Gate( 2997)	 t q[10]
Gate( 2998)	cx q[9], q[1]
Gate( 2999)	cx q[10], q[9]
Gate( 3000)	cx q[1], q[10]
Gate( 3001)	tdg q[9]
Gate( 3002)	cx q[1], q[9]
Gate( 3003)	tdg q[1]
Gate( 3004)	tdg q[9]
Gate( 3005)	 t q[10]
Gate( 3006)	cx q[10], q[9]
Gate( 3007)	cx q[1], q[10]
Gate( 3008)	cx q[9], q[1]
Gate( 3009)	 h q[10]
Gate( 3010)	 h q[9]
Gate( 3011)	 t q[3]
Gate( 3012)	 t q[8]
Gate( 3013)	 t q[9]
Gate( 3014)	cx q[8], q[3]
Gate( 3015)	cx q[9], q[8]
Gate( 3016)	cx q[3], q[9]
Gate( 3017)	tdg q[8]
Gate( 3018)	cx q[3], q[8]
Gate( 3019)	tdg q[3]
Gate( 3020)	tdg q[8]
Gate( 3021)	 t q[9]
Gate( 3022)	cx q[9], q[8]
Gate( 3023)	cx q[3], q[9]
Gate( 3024)	cx q[8], q[3]
Gate( 3025)	 h q[9]
Gate( 3026)	 h q[8]
Gate( 3027)	 t q[6]
Gate( 3028)	 t q[5]
Gate( 3029)	 t q[8]
Gate( 3030)	cx q[5], q[6]
Gate( 3031)	cx q[8], q[5]
Gate( 3032)	cx q[6], q[8]
Gate( 3033)	tdg q[5]
Gate( 3034)	cx q[6], q[5]
Gate( 3035)	tdg q[6]
Gate( 3036)	tdg q[5]
Gate( 3037)	 t q[8]
Gate( 3038)	cx q[8], q[5]
Gate( 3039)	cx q[6], q[8]
Gate( 3040)	cx q[5], q[6]
Gate( 3041)	 h q[8]
Gate( 3042)	 h q[9]
Gate( 3043)	 t q[3]
Gate( 3044)	 t q[8]
Gate( 3045)	 t q[9]
Gate( 3046)	cx q[8], q[3]
Gate( 3047)	cx q[9], q[8]
Gate( 3048)	cx q[3], q[9]
Gate( 3049)	tdg q[8]
Gate( 3050)	cx q[3], q[8]
Gate( 3051)	tdg q[3]
Gate( 3052)	tdg q[8]
Gate( 3053)	 t q[9]
Gate( 3054)	cx q[9], q[8]
Gate( 3055)	cx q[3], q[9]
Gate( 3056)	cx q[8], q[3]
Gate( 3057)	 h q[9]
Gate( 3058)	 h q[10]
Gate( 3059)	 t q[1]
Gate( 3060)	 t q[9]
Gate( 3061)	 t q[10]
Gate( 3062)	cx q[9], q[1]
Gate( 3063)	cx q[10], q[9]
Gate( 3064)	cx q[1], q[10]
Gate( 3065)	tdg q[9]
Gate( 3066)	cx q[1], q[9]
Gate( 3067)	tdg q[1]
Gate( 3068)	tdg q[9]
Gate( 3069)	 t q[10]
Gate( 3070)	cx q[10], q[9]
Gate( 3071)	cx q[1], q[10]
Gate( 3072)	cx q[9], q[1]
Gate( 3073)	 h q[10]
Gate( 3074)	 h q[1]
Gate( 3075)	 t q[6]
Gate( 3076)	 t q[10]
Gate( 3077)	 t q[1]
Gate( 3078)	cx q[10], q[6]
Gate( 3079)	cx q[1], q[10]
Gate( 3080)	cx q[6], q[1]
Gate( 3081)	tdg q[10]
Gate( 3082)	cx q[6], q[10]
Gate( 3083)	tdg q[6]
Gate( 3084)	tdg q[10]
Gate( 3085)	 t q[1]
Gate( 3086)	cx q[1], q[10]
Gate( 3087)	cx q[6], q[1]
Gate( 3088)	cx q[10], q[6]
Gate( 3089)	 h q[1]
Gate( 3090)	 h q[10]
Gate( 3091)	 t q[9]
Gate( 3092)	 t q[7]
Gate( 3093)	 t q[10]
Gate( 3094)	cx q[7], q[9]
Gate( 3095)	cx q[10], q[7]
Gate( 3096)	cx q[9], q[10]
Gate( 3097)	tdg q[7]
Gate( 3098)	cx q[9], q[7]
Gate( 3099)	tdg q[9]
Gate( 3100)	tdg q[7]
Gate( 3101)	 t q[10]
Gate( 3102)	cx q[10], q[7]
Gate( 3103)	cx q[9], q[10]
Gate( 3104)	cx q[7], q[9]
Gate( 3105)	 h q[10]
Gate( 3106)	 h q[1]
Gate( 3107)	 t q[6]
Gate( 3108)	 t q[10]
Gate( 3109)	 t q[1]
Gate( 3110)	cx q[10], q[6]
Gate( 3111)	cx q[1], q[10]
Gate( 3112)	cx q[6], q[1]
Gate( 3113)	tdg q[10]
Gate( 3114)	cx q[6], q[10]
Gate( 3115)	tdg q[6]
Gate( 3116)	tdg q[10]
Gate( 3117)	 t q[1]
Gate( 3118)	cx q[1], q[10]
Gate( 3119)	cx q[6], q[1]
Gate( 3120)	cx q[10], q[6]
Gate( 3121)	 h q[1]
Gate( 3122)	 h q[10]
Gate( 3123)	 t q[9]
Gate( 3124)	 t q[7]
Gate( 3125)	 t q[10]
Gate( 3126)	cx q[7], q[9]
Gate( 3127)	cx q[10], q[7]
Gate( 3128)	cx q[9], q[10]
Gate( 3129)	tdg q[7]
Gate( 3130)	cx q[9], q[7]
Gate( 3131)	tdg q[9]
Gate( 3132)	tdg q[7]
Gate( 3133)	 t q[10]
Gate( 3134)	cx q[10], q[7]
Gate( 3135)	cx q[9], q[10]
Gate( 3136)	cx q[7], q[9]
Gate( 3137)	 h q[10]
Gate( 3138)	 h q[0]
Gate( 3139)	 t q[1]
Gate( 3140)	 t q[10]
Gate( 3141)	 t q[0]
Gate( 3142)	cx q[10], q[1]
Gate( 3143)	cx q[0], q[10]
Gate( 3144)	cx q[1], q[0]
Gate( 3145)	tdg q[10]
Gate( 3146)	cx q[1], q[10]
Gate( 3147)	tdg q[1]
Gate( 3148)	tdg q[10]
Gate( 3149)	 t q[0]
Gate( 3150)	cx q[0], q[10]
Gate( 3151)	cx q[1], q[0]
Gate( 3152)	cx q[10], q[1]
Gate( 3153)	 h q[0]
Gate( 3154)	 h q[10]
Gate( 3155)	 t q[2]
Gate( 3156)	 t q[9]
Gate( 3157)	 t q[10]
Gate( 3158)	cx q[9], q[2]
Gate( 3159)	cx q[10], q[9]
Gate( 3160)	cx q[2], q[10]
Gate( 3161)	tdg q[9]
Gate( 3162)	cx q[2], q[9]
Gate( 3163)	tdg q[2]
Gate( 3164)	tdg q[9]
Gate( 3165)	 t q[10]
Gate( 3166)	cx q[10], q[9]
Gate( 3167)	cx q[2], q[10]
Gate( 3168)	cx q[9], q[2]
Gate( 3169)	 h q[10]
Gate( 3170)	 h q[9]
Gate( 3171)	 t q[3]
Gate( 3172)	 t q[8]
Gate( 3173)	 t q[9]
Gate( 3174)	cx q[8], q[3]
Gate( 3175)	cx q[9], q[8]
Gate( 3176)	cx q[3], q[9]
Gate( 3177)	tdg q[8]
Gate( 3178)	cx q[3], q[8]
Gate( 3179)	tdg q[3]
Gate( 3180)	tdg q[8]
Gate( 3181)	 t q[9]
Gate( 3182)	cx q[9], q[8]
Gate( 3183)	cx q[3], q[9]
Gate( 3184)	cx q[8], q[3]
Gate( 3185)	 h q[9]
Gate( 3186)	 h q[8]
Gate( 3187)	 t q[5]
Gate( 3188)	 t q[4]
Gate( 3189)	 t q[8]
Gate( 3190)	cx q[4], q[5]
Gate( 3191)	cx q[8], q[4]
Gate( 3192)	cx q[5], q[8]
Gate( 3193)	tdg q[4]
Gate( 3194)	cx q[5], q[4]
Gate( 3195)	tdg q[5]
Gate( 3196)	tdg q[4]
Gate( 3197)	 t q[8]
Gate( 3198)	cx q[8], q[4]
Gate( 3199)	cx q[5], q[8]
Gate( 3200)	cx q[4], q[5]
Gate( 3201)	 h q[8]
Gate( 3202)	 h q[9]
Gate( 3203)	 t q[3]
Gate( 3204)	 t q[8]
Gate( 3205)	 t q[9]
Gate( 3206)	cx q[8], q[3]
Gate( 3207)	cx q[9], q[8]
Gate( 3208)	cx q[3], q[9]
Gate( 3209)	tdg q[8]
Gate( 3210)	cx q[3], q[8]
Gate( 3211)	tdg q[3]
Gate( 3212)	tdg q[8]
Gate( 3213)	 t q[9]
Gate( 3214)	cx q[9], q[8]
Gate( 3215)	cx q[3], q[9]
Gate( 3216)	cx q[8], q[3]
Gate( 3217)	 h q[9]
Gate( 3218)	 h q[10]
Gate( 3219)	 t q[2]
Gate( 3220)	 t q[9]
Gate( 3221)	 t q[10]
Gate( 3222)	cx q[9], q[2]
Gate( 3223)	cx q[10], q[9]
Gate( 3224)	cx q[2], q[10]
Gate( 3225)	tdg q[9]
Gate( 3226)	cx q[2], q[9]
Gate( 3227)	tdg q[2]
Gate( 3228)	tdg q[9]
Gate( 3229)	 t q[10]
Gate( 3230)	cx q[10], q[9]
Gate( 3231)	cx q[2], q[10]
Gate( 3232)	cx q[9], q[2]
Gate( 3233)	 h q[10]
Gate( 3234)	 h q[0]
Gate( 3235)	 t q[1]
Gate( 3236)	 t q[10]
Gate( 3237)	 t q[0]
Gate( 3238)	cx q[10], q[1]
Gate( 3239)	cx q[0], q[10]
Gate( 3240)	cx q[1], q[0]
Gate( 3241)	tdg q[10]
Gate( 3242)	cx q[1], q[10]
Gate( 3243)	tdg q[1]
Gate( 3244)	tdg q[10]
Gate( 3245)	 t q[0]
Gate( 3246)	cx q[0], q[10]
Gate( 3247)	cx q[1], q[0]
Gate( 3248)	cx q[10], q[1]
Gate( 3249)	 h q[0]
Gate( 3250)	 h q[10]
Gate( 3251)	 t q[2]
Gate( 3252)	 t q[9]
Gate( 3253)	 t q[10]
Gate( 3254)	cx q[9], q[2]
Gate( 3255)	cx q[10], q[9]
Gate( 3256)	cx q[2], q[10]
Gate( 3257)	tdg q[9]
Gate( 3258)	cx q[2], q[9]
Gate( 3259)	tdg q[2]
Gate( 3260)	tdg q[9]
Gate( 3261)	 t q[10]
Gate( 3262)	cx q[10], q[9]
Gate( 3263)	cx q[2], q[10]
Gate( 3264)	cx q[9], q[2]
Gate( 3265)	 h q[10]
Gate( 3266)	 h q[9]
Gate( 3267)	 t q[3]
Gate( 3268)	 t q[8]
Gate( 3269)	 t q[9]
Gate( 3270)	cx q[8], q[3]
Gate( 3271)	cx q[9], q[8]
Gate( 3272)	cx q[3], q[9]
Gate( 3273)	tdg q[8]
Gate( 3274)	cx q[3], q[8]
Gate( 3275)	tdg q[3]
Gate( 3276)	tdg q[8]
Gate( 3277)	 t q[9]
Gate( 3278)	cx q[9], q[8]
Gate( 3279)	cx q[3], q[9]
Gate( 3280)	cx q[8], q[3]
Gate( 3281)	 h q[9]
Gate( 3282)	 h q[8]
Gate( 3283)	 t q[5]
Gate( 3284)	 t q[4]
Gate( 3285)	 t q[8]
Gate( 3286)	cx q[4], q[5]
Gate( 3287)	cx q[8], q[4]
Gate( 3288)	cx q[5], q[8]
Gate( 3289)	tdg q[4]
Gate( 3290)	cx q[5], q[4]
Gate( 3291)	tdg q[5]
Gate( 3292)	tdg q[4]
Gate( 3293)	 t q[8]
Gate( 3294)	cx q[8], q[4]
Gate( 3295)	cx q[5], q[8]
Gate( 3296)	cx q[4], q[5]
Gate( 3297)	 h q[8]
Gate( 3298)	 h q[9]
Gate( 3299)	 t q[3]
Gate( 3300)	 t q[8]
Gate( 3301)	 t q[9]
Gate( 3302)	cx q[8], q[3]
Gate( 3303)	cx q[9], q[8]
Gate( 3304)	cx q[3], q[9]
Gate( 3305)	tdg q[8]
Gate( 3306)	cx q[3], q[8]
Gate( 3307)	tdg q[3]
Gate( 3308)	tdg q[8]
Gate( 3309)	 t q[9]
Gate( 3310)	cx q[9], q[8]
Gate( 3311)	cx q[3], q[9]
Gate( 3312)	cx q[8], q[3]
Gate( 3313)	 h q[9]
Gate( 3314)	 h q[10]
Gate( 3315)	 t q[2]
Gate( 3316)	 t q[9]
Gate( 3317)	 t q[10]
Gate( 3318)	cx q[9], q[2]
Gate( 3319)	cx q[10], q[9]
Gate( 3320)	cx q[2], q[10]
Gate( 3321)	tdg q[9]
Gate( 3322)	cx q[2], q[9]
Gate( 3323)	tdg q[2]
Gate( 3324)	tdg q[9]
Gate( 3325)	 t q[10]
Gate( 3326)	cx q[10], q[9]
Gate( 3327)	cx q[2], q[10]
Gate( 3328)	cx q[9], q[2]
Gate( 3329)	 h q[10]
Gate( 3330)	 h q[1]
Gate( 3331)	 t q[6]
Gate( 3332)	 t q[10]
Gate( 3333)	 t q[1]
Gate( 3334)	cx q[10], q[6]
Gate( 3335)	cx q[1], q[10]
Gate( 3336)	cx q[6], q[1]
Gate( 3337)	tdg q[10]
Gate( 3338)	cx q[6], q[10]
Gate( 3339)	tdg q[6]
Gate( 3340)	tdg q[10]
Gate( 3341)	 t q[1]
Gate( 3342)	cx q[1], q[10]
Gate( 3343)	cx q[6], q[1]
Gate( 3344)	cx q[10], q[6]
Gate( 3345)	 h q[1]
Gate( 3346)	 h q[10]
Gate( 3347)	 t q[9]
Gate( 3348)	 t q[7]
Gate( 3349)	 t q[10]
Gate( 3350)	cx q[7], q[9]
Gate( 3351)	cx q[10], q[7]
Gate( 3352)	cx q[9], q[10]
Gate( 3353)	tdg q[7]
Gate( 3354)	cx q[9], q[7]
Gate( 3355)	tdg q[9]
Gate( 3356)	tdg q[7]
Gate( 3357)	 t q[10]
Gate( 3358)	cx q[10], q[7]
Gate( 3359)	cx q[9], q[10]
Gate( 3360)	cx q[7], q[9]
Gate( 3361)	 h q[10]
Gate( 3362)	 h q[1]
Gate( 3363)	 t q[6]
Gate( 3364)	 t q[10]
Gate( 3365)	 t q[1]
Gate( 3366)	cx q[10], q[6]
Gate( 3367)	cx q[1], q[10]
Gate( 3368)	cx q[6], q[1]
Gate( 3369)	tdg q[10]
Gate( 3370)	cx q[6], q[10]
Gate( 3371)	tdg q[6]
Gate( 3372)	tdg q[10]
Gate( 3373)	 t q[1]
Gate( 3374)	cx q[1], q[10]
Gate( 3375)	cx q[6], q[1]
Gate( 3376)	cx q[10], q[6]
Gate( 3377)	 h q[1]
Gate( 3378)	 h q[10]
Gate( 3379)	 t q[9]
Gate( 3380)	 t q[7]
Gate( 3381)	 t q[10]
Gate( 3382)	cx q[7], q[9]
Gate( 3383)	cx q[10], q[7]
Gate( 3384)	cx q[9], q[10]
Gate( 3385)	tdg q[7]
Gate( 3386)	cx q[9], q[7]
Gate( 3387)	tdg q[9]
Gate( 3388)	tdg q[7]
Gate( 3389)	 t q[10]
Gate( 3390)	cx q[10], q[7]
Gate( 3391)	cx q[9], q[10]
Gate( 3392)	cx q[7], q[9]
Gate( 3393)	 h q[10]
Gate( 3394)	 h q[0]
Gate( 3395)	 t q[1]
Gate( 3396)	 t q[10]
Gate( 3397)	 t q[0]
Gate( 3398)	cx q[10], q[1]
Gate( 3399)	cx q[0], q[10]
Gate( 3400)	cx q[1], q[0]
Gate( 3401)	tdg q[10]
Gate( 3402)	cx q[1], q[10]
Gate( 3403)	tdg q[1]
Gate( 3404)	tdg q[10]
Gate( 3405)	 t q[0]
Gate( 3406)	cx q[0], q[10]
Gate( 3407)	cx q[1], q[0]
Gate( 3408)	cx q[10], q[1]
Gate( 3409)	 h q[0]
Gate( 3410)	 h q[10]
Gate( 3411)	 t q[2]
Gate( 3412)	 t q[9]
Gate( 3413)	 t q[10]
Gate( 3414)	cx q[9], q[2]
Gate( 3415)	cx q[10], q[9]
Gate( 3416)	cx q[2], q[10]
Gate( 3417)	tdg q[9]
Gate( 3418)	cx q[2], q[9]
Gate( 3419)	tdg q[2]
Gate( 3420)	tdg q[9]
Gate( 3421)	 t q[10]
Gate( 3422)	cx q[10], q[9]
Gate( 3423)	cx q[2], q[10]
Gate( 3424)	cx q[9], q[2]
Gate( 3425)	 h q[10]
Gate( 3426)	 h q[9]
Gate( 3427)	 t q[3]
Gate( 3428)	 t q[8]
Gate( 3429)	 t q[9]
Gate( 3430)	cx q[8], q[3]
Gate( 3431)	cx q[9], q[8]
Gate( 3432)	cx q[3], q[9]
Gate( 3433)	tdg q[8]
Gate( 3434)	cx q[3], q[8]
Gate( 3435)	tdg q[3]
Gate( 3436)	tdg q[8]
Gate( 3437)	 t q[9]
Gate( 3438)	cx q[9], q[8]
Gate( 3439)	cx q[3], q[9]
Gate( 3440)	cx q[8], q[3]
Gate( 3441)	 h q[9]
Gate( 3442)	 h q[8]
Gate( 3443)	 t q[5]
Gate( 3444)	 t q[4]
Gate( 3445)	 t q[8]
Gate( 3446)	cx q[4], q[5]
Gate( 3447)	cx q[8], q[4]
Gate( 3448)	cx q[5], q[8]
Gate( 3449)	tdg q[4]
Gate( 3450)	cx q[5], q[4]
Gate( 3451)	tdg q[5]
Gate( 3452)	tdg q[4]
Gate( 3453)	 t q[8]
Gate( 3454)	cx q[8], q[4]
Gate( 3455)	cx q[5], q[8]
Gate( 3456)	cx q[4], q[5]
Gate( 3457)	 h q[8]
Gate( 3458)	 h q[9]
Gate( 3459)	 t q[3]
Gate( 3460)	 t q[8]
Gate( 3461)	 t q[9]
Gate( 3462)	cx q[8], q[3]
Gate( 3463)	cx q[9], q[8]
Gate( 3464)	cx q[3], q[9]
Gate( 3465)	tdg q[8]
Gate( 3466)	cx q[3], q[8]
Gate( 3467)	tdg q[3]
Gate( 3468)	tdg q[8]
Gate( 3469)	 t q[9]
Gate( 3470)	cx q[9], q[8]
Gate( 3471)	cx q[3], q[9]
Gate( 3472)	cx q[8], q[3]
Gate( 3473)	 h q[9]
Gate( 3474)	 h q[10]
Gate( 3475)	 t q[2]
Gate( 3476)	 t q[9]
Gate( 3477)	 t q[10]
Gate( 3478)	cx q[9], q[2]
Gate( 3479)	cx q[10], q[9]
Gate( 3480)	cx q[2], q[10]
Gate( 3481)	tdg q[9]
Gate( 3482)	cx q[2], q[9]
Gate( 3483)	tdg q[2]
Gate( 3484)	tdg q[9]
Gate( 3485)	 t q[10]
Gate( 3486)	cx q[10], q[9]
Gate( 3487)	cx q[2], q[10]
Gate( 3488)	cx q[9], q[2]
Gate( 3489)	 h q[10]
Gate( 3490)	 h q[0]
Gate( 3491)	 t q[1]
Gate( 3492)	 t q[10]
Gate( 3493)	 t q[0]
Gate( 3494)	cx q[10], q[1]
Gate( 3495)	cx q[0], q[10]
Gate( 3496)	cx q[1], q[0]
Gate( 3497)	tdg q[10]
Gate( 3498)	cx q[1], q[10]
Gate( 3499)	tdg q[1]
Gate( 3500)	tdg q[10]
Gate( 3501)	 t q[0]
Gate( 3502)	cx q[0], q[10]
Gate( 3503)	cx q[1], q[0]
Gate( 3504)	cx q[10], q[1]
Gate( 3505)	 h q[0]
Gate( 3506)	 h q[10]
Gate( 3507)	 t q[2]
Gate( 3508)	 t q[9]
Gate( 3509)	 t q[10]
Gate( 3510)	cx q[9], q[2]
Gate( 3511)	cx q[10], q[9]
Gate( 3512)	cx q[2], q[10]
Gate( 3513)	tdg q[9]
Gate( 3514)	cx q[2], q[9]
Gate( 3515)	tdg q[2]
Gate( 3516)	tdg q[9]
Gate( 3517)	 t q[10]
Gate( 3518)	cx q[10], q[9]
Gate( 3519)	cx q[2], q[10]
Gate( 3520)	cx q[9], q[2]
Gate( 3521)	 h q[10]
Gate( 3522)	 h q[9]
Gate( 3523)	 t q[3]
Gate( 3524)	 t q[8]
Gate( 3525)	 t q[9]
Gate( 3526)	cx q[8], q[3]
Gate( 3527)	cx q[9], q[8]
Gate( 3528)	cx q[3], q[9]
Gate( 3529)	tdg q[8]
Gate( 3530)	cx q[3], q[8]
Gate( 3531)	tdg q[3]
Gate( 3532)	tdg q[8]
Gate( 3533)	 t q[9]
Gate( 3534)	cx q[9], q[8]
Gate( 3535)	cx q[3], q[9]
Gate( 3536)	cx q[8], q[3]
Gate( 3537)	 h q[9]
Gate( 3538)	 h q[8]
Gate( 3539)	 t q[5]
Gate( 3540)	 t q[4]
Gate( 3541)	 t q[8]
Gate( 3542)	cx q[4], q[5]
Gate( 3543)	cx q[8], q[4]
Gate( 3544)	cx q[5], q[8]
Gate( 3545)	tdg q[4]
Gate( 3546)	cx q[5], q[4]
Gate( 3547)	tdg q[5]
Gate( 3548)	tdg q[4]
Gate( 3549)	 t q[8]
Gate( 3550)	cx q[8], q[4]
Gate( 3551)	cx q[5], q[8]
Gate( 3552)	cx q[4], q[5]
Gate( 3553)	 h q[8]
Gate( 3554)	 h q[9]
Gate( 3555)	 t q[3]
Gate( 3556)	 t q[8]
Gate( 3557)	 t q[9]
Gate( 3558)	cx q[8], q[3]
Gate( 3559)	cx q[9], q[8]
Gate( 3560)	cx q[3], q[9]
Gate( 3561)	tdg q[8]
Gate( 3562)	cx q[3], q[8]
Gate( 3563)	tdg q[3]
Gate( 3564)	tdg q[8]
Gate( 3565)	 t q[9]
Gate( 3566)	cx q[9], q[8]
Gate( 3567)	cx q[3], q[9]
Gate( 3568)	cx q[8], q[3]
Gate( 3569)	 h q[9]
Gate( 3570)	 h q[10]
Gate( 3571)	 t q[2]
Gate( 3572)	 t q[9]
Gate( 3573)	 t q[10]
Gate( 3574)	cx q[9], q[2]
Gate( 3575)	cx q[10], q[9]
Gate( 3576)	cx q[2], q[10]
Gate( 3577)	tdg q[9]
Gate( 3578)	cx q[2], q[9]
Gate( 3579)	tdg q[2]
Gate( 3580)	tdg q[9]
Gate( 3581)	 t q[10]
Gate( 3582)	cx q[10], q[9]
Gate( 3583)	cx q[2], q[10]
Gate( 3584)	cx q[9], q[2]
Gate( 3585)	 h q[10]
Gate( 3586)	 x q[6]
Gate( 3587)	 h q[7]
Gate( 3588)	 t q[5]
Gate( 3589)	 t q[10]
Gate( 3590)	 t q[7]
Gate( 3591)	cx q[10], q[5]
Gate( 3592)	cx q[7], q[10]
Gate( 3593)	cx q[5], q[7]
Gate( 3594)	tdg q[10]
Gate( 3595)	cx q[5], q[10]
Gate( 3596)	tdg q[5]
Gate( 3597)	tdg q[10]
Gate( 3598)	 t q[7]
Gate( 3599)	cx q[7], q[10]
Gate( 3600)	cx q[5], q[7]
Gate( 3601)	cx q[10], q[5]
Gate( 3602)	 h q[7]
Gate( 3603)	 h q[10]
Gate( 3604)	 t q[6]
Gate( 3605)	 t q[4]
Gate( 3606)	 t q[10]
Gate( 3607)	cx q[4], q[6]
Gate( 3608)	cx q[10], q[4]
Gate( 3609)	cx q[6], q[10]
Gate( 3610)	tdg q[4]
Gate( 3611)	cx q[6], q[4]
Gate( 3612)	tdg q[6]
Gate( 3613)	tdg q[4]
Gate( 3614)	 t q[10]
Gate( 3615)	cx q[10], q[4]
Gate( 3616)	cx q[6], q[10]
Gate( 3617)	cx q[4], q[6]
Gate( 3618)	 h q[10]
Gate( 3619)	 h q[4]
Gate( 3620)	 t q[9]
Gate( 3621)	 t q[8]
Gate( 3622)	 t q[4]
Gate( 3623)	cx q[8], q[9]
Gate( 3624)	cx q[4], q[8]
Gate( 3625)	cx q[9], q[4]
Gate( 3626)	tdg q[8]
Gate( 3627)	cx q[9], q[8]
Gate( 3628)	tdg q[9]
Gate( 3629)	tdg q[8]
Gate( 3630)	 t q[4]
Gate( 3631)	cx q[4], q[8]
Gate( 3632)	cx q[9], q[4]
Gate( 3633)	cx q[8], q[9]
Gate( 3634)	 h q[4]
Gate( 3635)	 h q[10]
Gate( 3636)	 t q[6]
Gate( 3637)	 t q[4]
Gate( 3638)	 t q[10]
Gate( 3639)	cx q[4], q[6]
Gate( 3640)	cx q[10], q[4]
Gate( 3641)	cx q[6], q[10]
Gate( 3642)	tdg q[4]
Gate( 3643)	cx q[6], q[4]
Gate( 3644)	tdg q[6]
Gate( 3645)	tdg q[4]
Gate( 3646)	 t q[10]
Gate( 3647)	cx q[10], q[4]
Gate( 3648)	cx q[6], q[10]
Gate( 3649)	cx q[4], q[6]
Gate( 3650)	 h q[10]
Gate( 3651)	 h q[7]
Gate( 3652)	 t q[5]
Gate( 3653)	 t q[10]
Gate( 3654)	 t q[7]
Gate( 3655)	cx q[10], q[5]
Gate( 3656)	cx q[7], q[10]
Gate( 3657)	cx q[5], q[7]
Gate( 3658)	tdg q[10]
Gate( 3659)	cx q[5], q[10]
Gate( 3660)	tdg q[5]
Gate( 3661)	tdg q[10]
Gate( 3662)	 t q[7]
Gate( 3663)	cx q[7], q[10]
Gate( 3664)	cx q[5], q[7]
Gate( 3665)	cx q[10], q[5]
Gate( 3666)	 h q[7]
Gate( 3667)	 h q[10]
Gate( 3668)	 t q[6]
Gate( 3669)	 t q[4]
Gate( 3670)	 t q[10]
Gate( 3671)	cx q[4], q[6]
Gate( 3672)	cx q[10], q[4]
Gate( 3673)	cx q[6], q[10]
Gate( 3674)	tdg q[4]
Gate( 3675)	cx q[6], q[4]
Gate( 3676)	tdg q[6]
Gate( 3677)	tdg q[4]
Gate( 3678)	 t q[10]
Gate( 3679)	cx q[10], q[4]
Gate( 3680)	cx q[6], q[10]
Gate( 3681)	cx q[4], q[6]
Gate( 3682)	 h q[10]
Gate( 3683)	 h q[4]
Gate( 3684)	 t q[9]
Gate( 3685)	 t q[8]
Gate( 3686)	 t q[4]
Gate( 3687)	cx q[8], q[9]
Gate( 3688)	cx q[4], q[8]
Gate( 3689)	cx q[9], q[4]
Gate( 3690)	tdg q[8]
Gate( 3691)	cx q[9], q[8]
Gate( 3692)	tdg q[9]
Gate( 3693)	tdg q[8]
Gate( 3694)	 t q[4]
Gate( 3695)	cx q[4], q[8]
Gate( 3696)	cx q[9], q[4]
Gate( 3697)	cx q[8], q[9]
Gate( 3698)	 h q[4]
Gate( 3699)	 h q[10]
Gate( 3700)	 t q[6]
Gate( 3701)	 t q[4]
Gate( 3702)	 t q[10]
Gate( 3703)	cx q[4], q[6]
Gate( 3704)	cx q[10], q[4]
Gate( 3705)	cx q[6], q[10]
Gate( 3706)	tdg q[4]
Gate( 3707)	cx q[6], q[4]
Gate( 3708)	tdg q[6]
Gate( 3709)	tdg q[4]
Gate( 3710)	 t q[10]
Gate( 3711)	cx q[10], q[4]
Gate( 3712)	cx q[6], q[10]
Gate( 3713)	cx q[4], q[6]
Gate( 3714)	 h q[10]
Gate( 3715)	 h q[0]
Gate( 3716)	 t q[7]
Gate( 3717)	 t q[10]
Gate( 3718)	 t q[0]
Gate( 3719)	cx q[10], q[7]
Gate( 3720)	cx q[0], q[10]
Gate( 3721)	cx q[7], q[0]
Gate( 3722)	tdg q[10]
Gate( 3723)	cx q[7], q[10]
Gate( 3724)	tdg q[7]
Gate( 3725)	tdg q[10]
Gate( 3726)	 t q[0]
Gate( 3727)	cx q[0], q[10]
Gate( 3728)	cx q[7], q[0]
Gate( 3729)	cx q[10], q[7]
Gate( 3730)	 h q[0]
Gate( 3731)	 h q[10]
Gate( 3732)	 t q[1]
Gate( 3733)	 t q[9]
Gate( 3734)	 t q[10]
Gate( 3735)	cx q[9], q[1]
Gate( 3736)	cx q[10], q[9]
Gate( 3737)	cx q[1], q[10]
Gate( 3738)	tdg q[9]
Gate( 3739)	cx q[1], q[9]
Gate( 3740)	tdg q[1]
Gate( 3741)	tdg q[9]
Gate( 3742)	 t q[10]
Gate( 3743)	cx q[10], q[9]
Gate( 3744)	cx q[1], q[10]
Gate( 3745)	cx q[9], q[1]
Gate( 3746)	 h q[10]
Gate( 3747)	 h q[9]
Gate( 3748)	 t q[2]
Gate( 3749)	 t q[8]
Gate( 3750)	 t q[9]
Gate( 3751)	cx q[8], q[2]
Gate( 3752)	cx q[9], q[8]
Gate( 3753)	cx q[2], q[9]
Gate( 3754)	tdg q[8]
Gate( 3755)	cx q[2], q[8]
Gate( 3756)	tdg q[2]
Gate( 3757)	tdg q[8]
Gate( 3758)	 t q[9]
Gate( 3759)	cx q[9], q[8]
Gate( 3760)	cx q[2], q[9]
Gate( 3761)	cx q[8], q[2]
Gate( 3762)	 h q[9]
Gate( 3763)	 h q[8]
Gate( 3764)	 t q[4]
Gate( 3765)	 t q[3]
Gate( 3766)	 t q[8]
Gate( 3767)	cx q[3], q[4]
Gate( 3768)	cx q[8], q[3]
Gate( 3769)	cx q[4], q[8]
Gate( 3770)	tdg q[3]
Gate( 3771)	cx q[4], q[3]
Gate( 3772)	tdg q[4]
Gate( 3773)	tdg q[3]
Gate( 3774)	 t q[8]
Gate( 3775)	cx q[8], q[3]
Gate( 3776)	cx q[4], q[8]
Gate( 3777)	cx q[3], q[4]
Gate( 3778)	 h q[8]
Gate( 3779)	 h q[9]
Gate( 3780)	 t q[2]
Gate( 3781)	 t q[8]
Gate( 3782)	 t q[9]
Gate( 3783)	cx q[8], q[2]
Gate( 3784)	cx q[9], q[8]
Gate( 3785)	cx q[2], q[9]
Gate( 3786)	tdg q[8]
Gate( 3787)	cx q[2], q[8]
Gate( 3788)	tdg q[2]
Gate( 3789)	tdg q[8]
Gate( 3790)	 t q[9]
Gate( 3791)	cx q[9], q[8]
Gate( 3792)	cx q[2], q[9]
Gate( 3793)	cx q[8], q[2]
Gate( 3794)	 h q[9]
Gate( 3795)	 h q[10]
Gate( 3796)	 t q[1]
Gate( 3797)	 t q[9]
Gate( 3798)	 t q[10]
Gate( 3799)	cx q[9], q[1]
Gate( 3800)	cx q[10], q[9]
Gate( 3801)	cx q[1], q[10]
Gate( 3802)	tdg q[9]
Gate( 3803)	cx q[1], q[9]
Gate( 3804)	tdg q[1]
Gate( 3805)	tdg q[9]
Gate( 3806)	 t q[10]
Gate( 3807)	cx q[10], q[9]
Gate( 3808)	cx q[1], q[10]
Gate( 3809)	cx q[9], q[1]
Gate( 3810)	 h q[10]
Gate( 3811)	 h q[0]
Gate( 3812)	 t q[7]
Gate( 3813)	 t q[10]
Gate( 3814)	 t q[0]
Gate( 3815)	cx q[10], q[7]
Gate( 3816)	cx q[0], q[10]
Gate( 3817)	cx q[7], q[0]
Gate( 3818)	tdg q[10]
Gate( 3819)	cx q[7], q[10]
Gate( 3820)	tdg q[7]
Gate( 3821)	tdg q[10]
Gate( 3822)	 t q[0]
Gate( 3823)	cx q[0], q[10]
Gate( 3824)	cx q[7], q[0]
Gate( 3825)	cx q[10], q[7]
Gate( 3826)	 h q[0]
Gate( 3827)	 h q[10]
Gate( 3828)	 t q[1]
Gate( 3829)	 t q[9]
Gate( 3830)	 t q[10]
Gate( 3831)	cx q[9], q[1]
Gate( 3832)	cx q[10], q[9]
Gate( 3833)	cx q[1], q[10]
Gate( 3834)	tdg q[9]
Gate( 3835)	cx q[1], q[9]
Gate( 3836)	tdg q[1]
Gate( 3837)	tdg q[9]
Gate( 3838)	 t q[10]
Gate( 3839)	cx q[10], q[9]
Gate( 3840)	cx q[1], q[10]
Gate( 3841)	cx q[9], q[1]
Gate( 3842)	 h q[10]
Gate( 3843)	 h q[9]
Gate( 3844)	 t q[2]
Gate( 3845)	 t q[8]
Gate( 3846)	 t q[9]
Gate( 3847)	cx q[8], q[2]
Gate( 3848)	cx q[9], q[8]
Gate( 3849)	cx q[2], q[9]
Gate( 3850)	tdg q[8]
Gate( 3851)	cx q[2], q[8]
Gate( 3852)	tdg q[2]
Gate( 3853)	tdg q[8]
Gate( 3854)	 t q[9]
Gate( 3855)	cx q[9], q[8]
Gate( 3856)	cx q[2], q[9]
Gate( 3857)	cx q[8], q[2]
Gate( 3858)	 h q[9]
Gate( 3859)	 h q[8]
Gate( 3860)	 t q[4]
Gate( 3861)	 t q[3]
Gate( 3862)	 t q[8]
Gate( 3863)	cx q[3], q[4]
Gate( 3864)	cx q[8], q[3]
Gate( 3865)	cx q[4], q[8]
Gate( 3866)	tdg q[3]
Gate( 3867)	cx q[4], q[3]
Gate( 3868)	tdg q[4]
Gate( 3869)	tdg q[3]
Gate( 3870)	 t q[8]
Gate( 3871)	cx q[8], q[3]
Gate( 3872)	cx q[4], q[8]
Gate( 3873)	cx q[3], q[4]
Gate( 3874)	 h q[8]
Gate( 3875)	 h q[9]
Gate( 3876)	 t q[2]
Gate( 3877)	 t q[8]
Gate( 3878)	 t q[9]
Gate( 3879)	cx q[8], q[2]
Gate( 3880)	cx q[9], q[8]
Gate( 3881)	cx q[2], q[9]
Gate( 3882)	tdg q[8]
Gate( 3883)	cx q[2], q[8]
Gate( 3884)	tdg q[2]
Gate( 3885)	tdg q[8]
Gate( 3886)	 t q[9]
Gate( 3887)	cx q[9], q[8]
Gate( 3888)	cx q[2], q[9]
Gate( 3889)	cx q[8], q[2]
Gate( 3890)	 h q[9]
Gate( 3891)	 h q[10]
Gate( 3892)	 t q[1]
Gate( 3893)	 t q[9]
Gate( 3894)	 t q[10]
Gate( 3895)	cx q[9], q[1]
Gate( 3896)	cx q[10], q[9]
Gate( 3897)	cx q[1], q[10]
Gate( 3898)	tdg q[9]
Gate( 3899)	cx q[1], q[9]
Gate( 3900)	tdg q[1]
Gate( 3901)	tdg q[9]
Gate( 3902)	 t q[10]
Gate( 3903)	cx q[10], q[9]
Gate( 3904)	cx q[1], q[10]
Gate( 3905)	cx q[9], q[1]
Gate( 3906)	 h q[10]
Gate( 3907)	 h q[7]
Gate( 3908)	 t q[5]
Gate( 3909)	 t q[10]
Gate( 3910)	 t q[7]
Gate( 3911)	cx q[10], q[5]
Gate( 3912)	cx q[7], q[10]
Gate( 3913)	cx q[5], q[7]
Gate( 3914)	tdg q[10]
Gate( 3915)	cx q[5], q[10]
Gate( 3916)	tdg q[5]
Gate( 3917)	tdg q[10]
Gate( 3918)	 t q[7]
Gate( 3919)	cx q[7], q[10]
Gate( 3920)	cx q[5], q[7]
Gate( 3921)	cx q[10], q[5]
Gate( 3922)	 h q[7]
Gate( 3923)	 h q[10]
Gate( 3924)	 t q[6]
Gate( 3925)	 t q[4]
Gate( 3926)	 t q[10]
Gate( 3927)	cx q[4], q[6]
Gate( 3928)	cx q[10], q[4]
Gate( 3929)	cx q[6], q[10]
Gate( 3930)	tdg q[4]
Gate( 3931)	cx q[6], q[4]
Gate( 3932)	tdg q[6]
Gate( 3933)	tdg q[4]
Gate( 3934)	 t q[10]
Gate( 3935)	cx q[10], q[4]
Gate( 3936)	cx q[6], q[10]
Gate( 3937)	cx q[4], q[6]
Gate( 3938)	 h q[10]
Gate( 3939)	 h q[4]
Gate( 3940)	 t q[9]
Gate( 3941)	 t q[8]
Gate( 3942)	 t q[4]
Gate( 3943)	cx q[8], q[9]
Gate( 3944)	cx q[4], q[8]
Gate( 3945)	cx q[9], q[4]
Gate( 3946)	tdg q[8]
Gate( 3947)	cx q[9], q[8]
Gate( 3948)	tdg q[9]
Gate( 3949)	tdg q[8]
Gate( 3950)	 t q[4]
Gate( 3951)	cx q[4], q[8]
Gate( 3952)	cx q[9], q[4]
Gate( 3953)	cx q[8], q[9]
Gate( 3954)	 h q[4]
Gate( 3955)	 h q[10]
Gate( 3956)	 t q[6]
Gate( 3957)	 t q[4]
Gate( 3958)	 t q[10]
Gate( 3959)	cx q[4], q[6]
Gate( 3960)	cx q[10], q[4]
Gate( 3961)	cx q[6], q[10]
Gate( 3962)	tdg q[4]
Gate( 3963)	cx q[6], q[4]
Gate( 3964)	tdg q[6]
Gate( 3965)	tdg q[4]
Gate( 3966)	 t q[10]
Gate( 3967)	cx q[10], q[4]
Gate( 3968)	cx q[6], q[10]
Gate( 3969)	cx q[4], q[6]
Gate( 3970)	 h q[10]
Gate( 3971)	 h q[7]
Gate( 3972)	 t q[5]
Gate( 3973)	 t q[10]
Gate( 3974)	 t q[7]
Gate( 3975)	cx q[10], q[5]
Gate( 3976)	cx q[7], q[10]
Gate( 3977)	cx q[5], q[7]
Gate( 3978)	tdg q[10]
Gate( 3979)	cx q[5], q[10]
Gate( 3980)	tdg q[5]
Gate( 3981)	tdg q[10]
Gate( 3982)	 t q[7]
Gate( 3983)	cx q[7], q[10]
Gate( 3984)	cx q[5], q[7]
Gate( 3985)	cx q[10], q[5]
Gate( 3986)	 h q[7]
Gate( 3987)	 h q[10]
Gate( 3988)	 t q[6]
Gate( 3989)	 t q[4]
Gate( 3990)	 t q[10]
Gate( 3991)	cx q[4], q[6]
Gate( 3992)	cx q[10], q[4]
Gate( 3993)	cx q[6], q[10]
Gate( 3994)	tdg q[4]
Gate( 3995)	cx q[6], q[4]
Gate( 3996)	tdg q[6]
Gate( 3997)	tdg q[4]
Gate( 3998)	 t q[10]
Gate( 3999)	cx q[10], q[4]
Gate( 4000)	cx q[6], q[10]
Gate( 4001)	cx q[4], q[6]
Gate( 4002)	 h q[10]
Gate( 4003)	 h q[4]
Gate( 4004)	 t q[9]
Gate( 4005)	 t q[8]
Gate( 4006)	 t q[4]
Gate( 4007)	cx q[8], q[9]
Gate( 4008)	cx q[4], q[8]
Gate( 4009)	cx q[9], q[4]
Gate( 4010)	tdg q[8]
Gate( 4011)	cx q[9], q[8]
Gate( 4012)	tdg q[9]
Gate( 4013)	tdg q[8]
Gate( 4014)	 t q[4]
Gate( 4015)	cx q[4], q[8]
Gate( 4016)	cx q[9], q[4]
Gate( 4017)	cx q[8], q[9]
Gate( 4018)	 h q[4]
Gate( 4019)	 h q[10]
Gate( 4020)	 t q[6]
Gate( 4021)	 t q[4]
Gate( 4022)	 t q[10]
Gate( 4023)	cx q[4], q[6]
Gate( 4024)	cx q[10], q[4]
Gate( 4025)	cx q[6], q[10]
Gate( 4026)	tdg q[4]
Gate( 4027)	cx q[6], q[4]
Gate( 4028)	tdg q[6]
Gate( 4029)	tdg q[4]
Gate( 4030)	 t q[10]
Gate( 4031)	cx q[10], q[4]
Gate( 4032)	cx q[6], q[10]
Gate( 4033)	cx q[4], q[6]
Gate( 4034)	 h q[10]
Gate( 4035)	 h q[0]
Gate( 4036)	 t q[7]
Gate( 4037)	 t q[10]
Gate( 4038)	 t q[0]
Gate( 4039)	cx q[10], q[7]
Gate( 4040)	cx q[0], q[10]
Gate( 4041)	cx q[7], q[0]
Gate( 4042)	tdg q[10]
Gate( 4043)	cx q[7], q[10]
Gate( 4044)	tdg q[7]
Gate( 4045)	tdg q[10]
Gate( 4046)	 t q[0]
Gate( 4047)	cx q[0], q[10]
Gate( 4048)	cx q[7], q[0]
Gate( 4049)	cx q[10], q[7]
Gate( 4050)	 h q[0]
Gate( 4051)	 h q[10]
Gate( 4052)	 t q[1]
Gate( 4053)	 t q[9]
Gate( 4054)	 t q[10]
Gate( 4055)	cx q[9], q[1]
Gate( 4056)	cx q[10], q[9]
Gate( 4057)	cx q[1], q[10]
Gate( 4058)	tdg q[9]
Gate( 4059)	cx q[1], q[9]
Gate( 4060)	tdg q[1]
Gate( 4061)	tdg q[9]
Gate( 4062)	 t q[10]
Gate( 4063)	cx q[10], q[9]
Gate( 4064)	cx q[1], q[10]
Gate( 4065)	cx q[9], q[1]
Gate( 4066)	 h q[10]
Gate( 4067)	 h q[9]
Gate( 4068)	 t q[2]
Gate( 4069)	 t q[8]
Gate( 4070)	 t q[9]
Gate( 4071)	cx q[8], q[2]
Gate( 4072)	cx q[9], q[8]
Gate( 4073)	cx q[2], q[9]
Gate( 4074)	tdg q[8]
Gate( 4075)	cx q[2], q[8]
Gate( 4076)	tdg q[2]
Gate( 4077)	tdg q[8]
Gate( 4078)	 t q[9]
Gate( 4079)	cx q[9], q[8]
Gate( 4080)	cx q[2], q[9]
Gate( 4081)	cx q[8], q[2]
Gate( 4082)	 h q[9]
Gate( 4083)	 h q[8]
Gate( 4084)	 t q[4]
Gate( 4085)	 t q[3]
Gate( 4086)	 t q[8]
Gate( 4087)	cx q[3], q[4]
Gate( 4088)	cx q[8], q[3]
Gate( 4089)	cx q[4], q[8]
Gate( 4090)	tdg q[3]
Gate( 4091)	cx q[4], q[3]
Gate( 4092)	tdg q[4]
Gate( 4093)	tdg q[3]
Gate( 4094)	 t q[8]
Gate( 4095)	cx q[8], q[3]
Gate( 4096)	cx q[4], q[8]
Gate( 4097)	cx q[3], q[4]
Gate( 4098)	 h q[8]
Gate( 4099)	 h q[9]
Gate( 4100)	 t q[2]
Gate( 4101)	 t q[8]
Gate( 4102)	 t q[9]
Gate( 4103)	cx q[8], q[2]
Gate( 4104)	cx q[9], q[8]
Gate( 4105)	cx q[2], q[9]
Gate( 4106)	tdg q[8]
Gate( 4107)	cx q[2], q[8]
Gate( 4108)	tdg q[2]
Gate( 4109)	tdg q[8]
Gate( 4110)	 t q[9]
Gate( 4111)	cx q[9], q[8]
Gate( 4112)	cx q[2], q[9]
Gate( 4113)	cx q[8], q[2]
Gate( 4114)	 h q[9]
Gate( 4115)	 h q[10]
Gate( 4116)	 t q[1]
Gate( 4117)	 t q[9]
Gate( 4118)	 t q[10]
Gate( 4119)	cx q[9], q[1]
Gate( 4120)	cx q[10], q[9]
Gate( 4121)	cx q[1], q[10]
Gate( 4122)	tdg q[9]
Gate( 4123)	cx q[1], q[9]
Gate( 4124)	tdg q[1]
Gate( 4125)	tdg q[9]
Gate( 4126)	 t q[10]
Gate( 4127)	cx q[10], q[9]
Gate( 4128)	cx q[1], q[10]
Gate( 4129)	cx q[9], q[1]
Gate( 4130)	 h q[10]
Gate( 4131)	 h q[0]
Gate( 4132)	 t q[7]
Gate( 4133)	 t q[10]
Gate( 4134)	 t q[0]
Gate( 4135)	cx q[10], q[7]
Gate( 4136)	cx q[0], q[10]
Gate( 4137)	cx q[7], q[0]
Gate( 4138)	tdg q[10]
Gate( 4139)	cx q[7], q[10]
Gate( 4140)	tdg q[7]
Gate( 4141)	tdg q[10]
Gate( 4142)	 t q[0]
Gate( 4143)	cx q[0], q[10]
Gate( 4144)	cx q[7], q[0]
Gate( 4145)	cx q[10], q[7]
Gate( 4146)	 h q[0]
Gate( 4147)	 h q[10]
Gate( 4148)	 t q[1]
Gate( 4149)	 t q[9]
Gate( 4150)	 t q[10]
Gate( 4151)	cx q[9], q[1]
Gate( 4152)	cx q[10], q[9]
Gate( 4153)	cx q[1], q[10]
Gate( 4154)	tdg q[9]
Gate( 4155)	cx q[1], q[9]
Gate( 4156)	tdg q[1]
Gate( 4157)	tdg q[9]
Gate( 4158)	 t q[10]
Gate( 4159)	cx q[10], q[9]
Gate( 4160)	cx q[1], q[10]
Gate( 4161)	cx q[9], q[1]
Gate( 4162)	 h q[10]
Gate( 4163)	 h q[9]
Gate( 4164)	 t q[2]
Gate( 4165)	 t q[8]
Gate( 4166)	 t q[9]
Gate( 4167)	cx q[8], q[2]
Gate( 4168)	cx q[9], q[8]
Gate( 4169)	cx q[2], q[9]
Gate( 4170)	tdg q[8]
Gate( 4171)	cx q[2], q[8]
Gate( 4172)	tdg q[2]
Gate( 4173)	tdg q[8]
Gate( 4174)	 t q[9]
Gate( 4175)	cx q[9], q[8]
Gate( 4176)	cx q[2], q[9]
Gate( 4177)	cx q[8], q[2]
Gate( 4178)	 h q[9]
Gate( 4179)	 h q[8]
Gate( 4180)	 t q[4]
Gate( 4181)	 t q[3]
Gate( 4182)	 t q[8]
Gate( 4183)	cx q[3], q[4]
Gate( 4184)	cx q[8], q[3]
Gate( 4185)	cx q[4], q[8]
Gate( 4186)	tdg q[3]
Gate( 4187)	cx q[4], q[3]
Gate( 4188)	tdg q[4]
Gate( 4189)	tdg q[3]
Gate( 4190)	 t q[8]
Gate( 4191)	cx q[8], q[3]
Gate( 4192)	cx q[4], q[8]
Gate( 4193)	cx q[3], q[4]
Gate( 4194)	 h q[8]
Gate( 4195)	 h q[9]
Gate( 4196)	 t q[2]
Gate( 4197)	 t q[8]
Gate( 4198)	 t q[9]
Gate( 4199)	cx q[8], q[2]
Gate( 4200)	cx q[9], q[8]
Gate( 4201)	cx q[2], q[9]
Gate( 4202)	tdg q[8]
Gate( 4203)	cx q[2], q[8]
Gate( 4204)	tdg q[2]
Gate( 4205)	tdg q[8]
Gate( 4206)	 t q[9]
Gate( 4207)	cx q[9], q[8]
Gate( 4208)	cx q[2], q[9]
Gate( 4209)	cx q[8], q[2]
Gate( 4210)	 h q[9]
Gate( 4211)	 h q[10]
Gate( 4212)	 t q[1]
Gate( 4213)	 t q[9]
Gate( 4214)	 t q[10]
Gate( 4215)	cx q[9], q[1]
Gate( 4216)	cx q[10], q[9]
Gate( 4217)	cx q[1], q[10]
Gate( 4218)	tdg q[9]
Gate( 4219)	cx q[1], q[9]
Gate( 4220)	tdg q[1]
Gate( 4221)	tdg q[9]
Gate( 4222)	 t q[10]
Gate( 4223)	cx q[10], q[9]
Gate( 4224)	cx q[1], q[10]
Gate( 4225)	cx q[9], q[1]
Gate( 4226)	 h q[10]
Gate( 4227)	 x q[3]
Gate( 4228)	 h q[8]
Gate( 4229)	 t q[5]
Gate( 4230)	 t q[10]
Gate( 4231)	 t q[8]
Gate( 4232)	cx q[10], q[5]
Gate( 4233)	cx q[8], q[10]
Gate( 4234)	cx q[5], q[8]
Gate( 4235)	tdg q[10]
Gate( 4236)	cx q[5], q[10]
Gate( 4237)	tdg q[5]
Gate( 4238)	tdg q[10]
Gate( 4239)	 t q[8]
Gate( 4240)	cx q[8], q[10]
Gate( 4241)	cx q[5], q[8]
Gate( 4242)	cx q[10], q[5]
Gate( 4243)	 h q[8]
Gate( 4244)	 h q[10]
Gate( 4245)	 t q[7]
Gate( 4246)	 t q[6]
Gate( 4247)	 t q[10]
Gate( 4248)	cx q[6], q[7]
Gate( 4249)	cx q[10], q[6]
Gate( 4250)	cx q[7], q[10]
Gate( 4251)	tdg q[6]
Gate( 4252)	cx q[7], q[6]
Gate( 4253)	tdg q[7]
Gate( 4254)	tdg q[6]
Gate( 4255)	 t q[10]
Gate( 4256)	cx q[10], q[6]
Gate( 4257)	cx q[7], q[10]
Gate( 4258)	cx q[6], q[7]
Gate( 4259)	 h q[10]
Gate( 4260)	 h q[8]
Gate( 4261)	 t q[5]
Gate( 4262)	 t q[10]
Gate( 4263)	 t q[8]
Gate( 4264)	cx q[10], q[5]
Gate( 4265)	cx q[8], q[10]
Gate( 4266)	cx q[5], q[8]
Gate( 4267)	tdg q[10]
Gate( 4268)	cx q[5], q[10]
Gate( 4269)	tdg q[5]
Gate( 4270)	tdg q[10]
Gate( 4271)	 t q[8]
Gate( 4272)	cx q[8], q[10]
Gate( 4273)	cx q[5], q[8]
Gate( 4274)	cx q[10], q[5]
Gate( 4275)	 h q[8]
Gate( 4276)	 h q[10]
Gate( 4277)	 t q[7]
Gate( 4278)	 t q[6]
Gate( 4279)	 t q[10]
Gate( 4280)	cx q[6], q[7]
Gate( 4281)	cx q[10], q[6]
Gate( 4282)	cx q[7], q[10]
Gate( 4283)	tdg q[6]
Gate( 4284)	cx q[7], q[6]
Gate( 4285)	tdg q[7]
Gate( 4286)	tdg q[6]
Gate( 4287)	 t q[10]
Gate( 4288)	cx q[10], q[6]
Gate( 4289)	cx q[7], q[10]
Gate( 4290)	cx q[6], q[7]
Gate( 4291)	 h q[10]
Gate( 4292)	 h q[0]
Gate( 4293)	 t q[8]
Gate( 4294)	 t q[10]
Gate( 4295)	 t q[0]
Gate( 4296)	cx q[10], q[8]
Gate( 4297)	cx q[0], q[10]
Gate( 4298)	cx q[8], q[0]
Gate( 4299)	tdg q[10]
Gate( 4300)	cx q[8], q[10]
Gate( 4301)	tdg q[8]
Gate( 4302)	tdg q[10]
Gate( 4303)	 t q[0]
Gate( 4304)	cx q[0], q[10]
Gate( 4305)	cx q[8], q[0]
Gate( 4306)	cx q[10], q[8]
Gate( 4307)	 h q[0]
Gate( 4308)	 h q[10]
Gate( 4309)	 t q[1]
Gate( 4310)	 t q[9]
Gate( 4311)	 t q[10]
Gate( 4312)	cx q[9], q[1]
Gate( 4313)	cx q[10], q[9]
Gate( 4314)	cx q[1], q[10]
Gate( 4315)	tdg q[9]
Gate( 4316)	cx q[1], q[9]
Gate( 4317)	tdg q[1]
Gate( 4318)	tdg q[9]
Gate( 4319)	 t q[10]
Gate( 4320)	cx q[10], q[9]
Gate( 4321)	cx q[1], q[10]
Gate( 4322)	cx q[9], q[1]
Gate( 4323)	 h q[10]
Gate( 4324)	 h q[9]
Gate( 4325)	 t q[2]
Gate( 4326)	 t q[7]
Gate( 4327)	 t q[9]
Gate( 4328)	cx q[7], q[2]
Gate( 4329)	cx q[9], q[7]
Gate( 4330)	cx q[2], q[9]
Gate( 4331)	tdg q[7]
Gate( 4332)	cx q[2], q[7]
Gate( 4333)	tdg q[2]
Gate( 4334)	tdg q[7]
Gate( 4335)	 t q[9]
Gate( 4336)	cx q[9], q[7]
Gate( 4337)	cx q[2], q[9]
Gate( 4338)	cx q[7], q[2]
Gate( 4339)	 h q[9]
Gate( 4340)	 h q[7]
Gate( 4341)	 t q[4]
Gate( 4342)	 t q[3]
Gate( 4343)	 t q[7]
Gate( 4344)	cx q[3], q[4]
Gate( 4345)	cx q[7], q[3]
Gate( 4346)	cx q[4], q[7]
Gate( 4347)	tdg q[3]
Gate( 4348)	cx q[4], q[3]
Gate( 4349)	tdg q[4]
Gate( 4350)	tdg q[3]
Gate( 4351)	 t q[7]
Gate( 4352)	cx q[7], q[3]
Gate( 4353)	cx q[4], q[7]
Gate( 4354)	cx q[3], q[4]
Gate( 4355)	 h q[7]
Gate( 4356)	 h q[9]
Gate( 4357)	 t q[2]
Gate( 4358)	 t q[7]
Gate( 4359)	 t q[9]
Gate( 4360)	cx q[7], q[2]
Gate( 4361)	cx q[9], q[7]
Gate( 4362)	cx q[2], q[9]
Gate( 4363)	tdg q[7]
Gate( 4364)	cx q[2], q[7]
Gate( 4365)	tdg q[2]
Gate( 4366)	tdg q[7]
Gate( 4367)	 t q[9]
Gate( 4368)	cx q[9], q[7]
Gate( 4369)	cx q[2], q[9]
Gate( 4370)	cx q[7], q[2]
Gate( 4371)	 h q[9]
Gate( 4372)	 h q[10]
Gate( 4373)	 t q[1]
Gate( 4374)	 t q[9]
Gate( 4375)	 t q[10]
Gate( 4376)	cx q[9], q[1]
Gate( 4377)	cx q[10], q[9]
Gate( 4378)	cx q[1], q[10]
Gate( 4379)	tdg q[9]
Gate( 4380)	cx q[1], q[9]
Gate( 4381)	tdg q[1]
Gate( 4382)	tdg q[9]
Gate( 4383)	 t q[10]
Gate( 4384)	cx q[10], q[9]
Gate( 4385)	cx q[1], q[10]
Gate( 4386)	cx q[9], q[1]
Gate( 4387)	 h q[10]
Gate( 4388)	 h q[0]
Gate( 4389)	 t q[8]
Gate( 4390)	 t q[10]
Gate( 4391)	 t q[0]
Gate( 4392)	cx q[10], q[8]
Gate( 4393)	cx q[0], q[10]
Gate( 4394)	cx q[8], q[0]
Gate( 4395)	tdg q[10]
Gate( 4396)	cx q[8], q[10]
Gate( 4397)	tdg q[8]
Gate( 4398)	tdg q[10]
Gate( 4399)	 t q[0]
Gate( 4400)	cx q[0], q[10]
Gate( 4401)	cx q[8], q[0]
Gate( 4402)	cx q[10], q[8]
Gate( 4403)	 h q[0]
Gate( 4404)	 h q[10]
Gate( 4405)	 t q[1]
Gate( 4406)	 t q[9]
Gate( 4407)	 t q[10]
Gate( 4408)	cx q[9], q[1]
Gate( 4409)	cx q[10], q[9]
Gate( 4410)	cx q[1], q[10]
Gate( 4411)	tdg q[9]
Gate( 4412)	cx q[1], q[9]
Gate( 4413)	tdg q[1]
Gate( 4414)	tdg q[9]
Gate( 4415)	 t q[10]
Gate( 4416)	cx q[10], q[9]
Gate( 4417)	cx q[1], q[10]
Gate( 4418)	cx q[9], q[1]
Gate( 4419)	 h q[10]
Gate( 4420)	 h q[9]
Gate( 4421)	 t q[2]
Gate( 4422)	 t q[7]
Gate( 4423)	 t q[9]
Gate( 4424)	cx q[7], q[2]
Gate( 4425)	cx q[9], q[7]
Gate( 4426)	cx q[2], q[9]
Gate( 4427)	tdg q[7]
Gate( 4428)	cx q[2], q[7]
Gate( 4429)	tdg q[2]
Gate( 4430)	tdg q[7]
Gate( 4431)	 t q[9]
Gate( 4432)	cx q[9], q[7]
Gate( 4433)	cx q[2], q[9]
Gate( 4434)	cx q[7], q[2]
Gate( 4435)	 h q[9]
Gate( 4436)	 h q[7]
Gate( 4437)	 t q[4]
Gate( 4438)	 t q[3]
Gate( 4439)	 t q[7]
Gate( 4440)	cx q[3], q[4]
Gate( 4441)	cx q[7], q[3]
Gate( 4442)	cx q[4], q[7]
Gate( 4443)	tdg q[3]
Gate( 4444)	cx q[4], q[3]
Gate( 4445)	tdg q[4]
Gate( 4446)	tdg q[3]
Gate( 4447)	 t q[7]
Gate( 4448)	cx q[7], q[3]
Gate( 4449)	cx q[4], q[7]
Gate( 4450)	cx q[3], q[4]
Gate( 4451)	 h q[7]
Gate( 4452)	 h q[9]
Gate( 4453)	 t q[2]
Gate( 4454)	 t q[7]
Gate( 4455)	 t q[9]
Gate( 4456)	cx q[7], q[2]
Gate( 4457)	cx q[9], q[7]
Gate( 4458)	cx q[2], q[9]
Gate( 4459)	tdg q[7]
Gate( 4460)	cx q[2], q[7]
Gate( 4461)	tdg q[2]
Gate( 4462)	tdg q[7]
Gate( 4463)	 t q[9]
Gate( 4464)	cx q[9], q[7]
Gate( 4465)	cx q[2], q[9]
Gate( 4466)	cx q[7], q[2]
Gate( 4467)	 h q[9]
Gate( 4468)	 h q[10]
Gate( 4469)	 t q[1]
Gate( 4470)	 t q[9]
Gate( 4471)	 t q[10]
Gate( 4472)	cx q[9], q[1]
Gate( 4473)	cx q[10], q[9]
Gate( 4474)	cx q[1], q[10]
Gate( 4475)	tdg q[9]
Gate( 4476)	cx q[1], q[9]
Gate( 4477)	tdg q[1]
Gate( 4478)	tdg q[9]
Gate( 4479)	 t q[10]
Gate( 4480)	cx q[10], q[9]
Gate( 4481)	cx q[1], q[10]
Gate( 4482)	cx q[9], q[1]
Gate( 4483)	 h q[10]
Gate( 4484)	 h q[8]
Gate( 4485)	 t q[5]
Gate( 4486)	 t q[10]
Gate( 4487)	 t q[8]
Gate( 4488)	cx q[10], q[5]
Gate( 4489)	cx q[8], q[10]
Gate( 4490)	cx q[5], q[8]
Gate( 4491)	tdg q[10]
Gate( 4492)	cx q[5], q[10]
Gate( 4493)	tdg q[5]
Gate( 4494)	tdg q[10]
Gate( 4495)	 t q[8]
Gate( 4496)	cx q[8], q[10]
Gate( 4497)	cx q[5], q[8]
Gate( 4498)	cx q[10], q[5]
Gate( 4499)	 h q[8]
Gate( 4500)	 h q[10]
Gate( 4501)	 t q[7]
Gate( 4502)	 t q[6]
Gate( 4503)	 t q[10]
Gate( 4504)	cx q[6], q[7]
Gate( 4505)	cx q[10], q[6]
Gate( 4506)	cx q[7], q[10]
Gate( 4507)	tdg q[6]
Gate( 4508)	cx q[7], q[6]
Gate( 4509)	tdg q[7]
Gate( 4510)	tdg q[6]
Gate( 4511)	 t q[10]
Gate( 4512)	cx q[10], q[6]
Gate( 4513)	cx q[7], q[10]
Gate( 4514)	cx q[6], q[7]
Gate( 4515)	 h q[10]
Gate( 4516)	 h q[8]
Gate( 4517)	 t q[5]
Gate( 4518)	 t q[10]
Gate( 4519)	 t q[8]
Gate( 4520)	cx q[10], q[5]
Gate( 4521)	cx q[8], q[10]
Gate( 4522)	cx q[5], q[8]
Gate( 4523)	tdg q[10]
Gate( 4524)	cx q[5], q[10]
Gate( 4525)	tdg q[5]
Gate( 4526)	tdg q[10]
Gate( 4527)	 t q[8]
Gate( 4528)	cx q[8], q[10]
Gate( 4529)	cx q[5], q[8]
Gate( 4530)	cx q[10], q[5]
Gate( 4531)	 h q[8]
Gate( 4532)	 h q[10]
Gate( 4533)	 t q[7]
Gate( 4534)	 t q[6]
Gate( 4535)	 t q[10]
Gate( 4536)	cx q[6], q[7]
Gate( 4537)	cx q[10], q[6]
Gate( 4538)	cx q[7], q[10]
Gate( 4539)	tdg q[6]
Gate( 4540)	cx q[7], q[6]
Gate( 4541)	tdg q[7]
Gate( 4542)	tdg q[6]
Gate( 4543)	 t q[10]
Gate( 4544)	cx q[10], q[6]
Gate( 4545)	cx q[7], q[10]
Gate( 4546)	cx q[6], q[7]
Gate( 4547)	 h q[10]
Gate( 4548)	 h q[0]
Gate( 4549)	 t q[8]
Gate( 4550)	 t q[10]
Gate( 4551)	 t q[0]
Gate( 4552)	cx q[10], q[8]
Gate( 4553)	cx q[0], q[10]
Gate( 4554)	cx q[8], q[0]
Gate( 4555)	tdg q[10]
Gate( 4556)	cx q[8], q[10]
Gate( 4557)	tdg q[8]
Gate( 4558)	tdg q[10]
Gate( 4559)	 t q[0]
Gate( 4560)	cx q[0], q[10]
Gate( 4561)	cx q[8], q[0]
Gate( 4562)	cx q[10], q[8]
Gate( 4563)	 h q[0]
Gate( 4564)	 h q[10]
Gate( 4565)	 t q[1]
Gate( 4566)	 t q[9]
Gate( 4567)	 t q[10]
Gate( 4568)	cx q[9], q[1]
Gate( 4569)	cx q[10], q[9]
Gate( 4570)	cx q[1], q[10]
Gate( 4571)	tdg q[9]
Gate( 4572)	cx q[1], q[9]
Gate( 4573)	tdg q[1]
Gate( 4574)	tdg q[9]
Gate( 4575)	 t q[10]
Gate( 4576)	cx q[10], q[9]
Gate( 4577)	cx q[1], q[10]
Gate( 4578)	cx q[9], q[1]
Gate( 4579)	 h q[10]
Gate( 4580)	 h q[9]
Gate( 4581)	 t q[2]
Gate( 4582)	 t q[7]
Gate( 4583)	 t q[9]
Gate( 4584)	cx q[7], q[2]
Gate( 4585)	cx q[9], q[7]
Gate( 4586)	cx q[2], q[9]
Gate( 4587)	tdg q[7]
Gate( 4588)	cx q[2], q[7]
Gate( 4589)	tdg q[2]
Gate( 4590)	tdg q[7]
Gate( 4591)	 t q[9]
Gate( 4592)	cx q[9], q[7]
Gate( 4593)	cx q[2], q[9]
Gate( 4594)	cx q[7], q[2]
Gate( 4595)	 h q[9]
Gate( 4596)	 h q[7]
Gate( 4597)	 t q[4]
Gate( 4598)	 t q[3]
Gate( 4599)	 t q[7]
Gate( 4600)	cx q[3], q[4]
Gate( 4601)	cx q[7], q[3]
Gate( 4602)	cx q[4], q[7]
Gate( 4603)	tdg q[3]
Gate( 4604)	cx q[4], q[3]
Gate( 4605)	tdg q[4]
Gate( 4606)	tdg q[3]
Gate( 4607)	 t q[7]
Gate( 4608)	cx q[7], q[3]
Gate( 4609)	cx q[4], q[7]
Gate( 4610)	cx q[3], q[4]
Gate( 4611)	 h q[7]
Gate( 4612)	 h q[9]
Gate( 4613)	 t q[2]
Gate( 4614)	 t q[7]
Gate( 4615)	 t q[9]
Gate( 4616)	cx q[7], q[2]
Gate( 4617)	cx q[9], q[7]
Gate( 4618)	cx q[2], q[9]
Gate( 4619)	tdg q[7]
Gate( 4620)	cx q[2], q[7]
Gate( 4621)	tdg q[2]
Gate( 4622)	tdg q[7]
Gate( 4623)	 t q[9]
Gate( 4624)	cx q[9], q[7]
Gate( 4625)	cx q[2], q[9]
Gate( 4626)	cx q[7], q[2]
Gate( 4627)	 h q[9]
Gate( 4628)	 h q[10]
Gate( 4629)	 t q[1]
Gate( 4630)	 t q[9]
Gate( 4631)	 t q[10]
Gate( 4632)	cx q[9], q[1]
Gate( 4633)	cx q[10], q[9]
Gate( 4634)	cx q[1], q[10]
Gate( 4635)	tdg q[9]
Gate( 4636)	cx q[1], q[9]
Gate( 4637)	tdg q[1]
Gate( 4638)	tdg q[9]
Gate( 4639)	 t q[10]
Gate( 4640)	cx q[10], q[9]
Gate( 4641)	cx q[1], q[10]
Gate( 4642)	cx q[9], q[1]
Gate( 4643)	 h q[10]
Gate( 4644)	 h q[0]
Gate( 4645)	 t q[8]
Gate( 4646)	 t q[10]
Gate( 4647)	 t q[0]
Gate( 4648)	cx q[10], q[8]
Gate( 4649)	cx q[0], q[10]
Gate( 4650)	cx q[8], q[0]
Gate( 4651)	tdg q[10]
Gate( 4652)	cx q[8], q[10]
Gate( 4653)	tdg q[8]
Gate( 4654)	tdg q[10]
Gate( 4655)	 t q[0]
Gate( 4656)	cx q[0], q[10]
Gate( 4657)	cx q[8], q[0]
Gate( 4658)	cx q[10], q[8]
Gate( 4659)	 h q[0]
Gate( 4660)	 h q[10]
Gate( 4661)	 t q[1]
Gate( 4662)	 t q[9]
Gate( 4663)	 t q[10]
Gate( 4664)	cx q[9], q[1]
Gate( 4665)	cx q[10], q[9]
Gate( 4666)	cx q[1], q[10]
Gate( 4667)	tdg q[9]
Gate( 4668)	cx q[1], q[9]
Gate( 4669)	tdg q[1]
Gate( 4670)	tdg q[9]
Gate( 4671)	 t q[10]
Gate( 4672)	cx q[10], q[9]
Gate( 4673)	cx q[1], q[10]
Gate( 4674)	cx q[9], q[1]
Gate( 4675)	 h q[10]
Gate( 4676)	 h q[9]
Gate( 4677)	 t q[2]
Gate( 4678)	 t q[7]
Gate( 4679)	 t q[9]
Gate( 4680)	cx q[7], q[2]
Gate( 4681)	cx q[9], q[7]
Gate( 4682)	cx q[2], q[9]
Gate( 4683)	tdg q[7]
Gate( 4684)	cx q[2], q[7]
Gate( 4685)	tdg q[2]
Gate( 4686)	tdg q[7]
Gate( 4687)	 t q[9]
Gate( 4688)	cx q[9], q[7]
Gate( 4689)	cx q[2], q[9]
Gate( 4690)	cx q[7], q[2]
Gate( 4691)	 h q[9]
Gate( 4692)	 h q[7]
Gate( 4693)	 t q[4]
Gate( 4694)	 t q[3]
Gate( 4695)	 t q[7]
Gate( 4696)	cx q[3], q[4]
Gate( 4697)	cx q[7], q[3]
Gate( 4698)	cx q[4], q[7]
Gate( 4699)	tdg q[3]
Gate( 4700)	cx q[4], q[3]
Gate( 4701)	tdg q[4]
Gate( 4702)	tdg q[3]
Gate( 4703)	 t q[7]
Gate( 4704)	cx q[7], q[3]
Gate( 4705)	cx q[4], q[7]
Gate( 4706)	cx q[3], q[4]
Gate( 4707)	 h q[7]
Gate( 4708)	 h q[9]
Gate( 4709)	 t q[2]
Gate( 4710)	 t q[7]
Gate( 4711)	 t q[9]
Gate( 4712)	cx q[7], q[2]
Gate( 4713)	cx q[9], q[7]
Gate( 4714)	cx q[2], q[9]
Gate( 4715)	tdg q[7]
Gate( 4716)	cx q[2], q[7]
Gate( 4717)	tdg q[2]
Gate( 4718)	tdg q[7]
Gate( 4719)	 t q[9]
Gate( 4720)	cx q[9], q[7]
Gate( 4721)	cx q[2], q[9]
Gate( 4722)	cx q[7], q[2]
Gate( 4723)	 h q[9]
Gate( 4724)	 h q[10]
Gate( 4725)	 t q[1]
Gate( 4726)	 t q[9]
Gate( 4727)	 t q[10]
Gate( 4728)	cx q[9], q[1]
Gate( 4729)	cx q[10], q[9]
Gate( 4730)	cx q[1], q[10]
Gate( 4731)	tdg q[9]
Gate( 4732)	cx q[1], q[9]
Gate( 4733)	tdg q[1]
Gate( 4734)	tdg q[9]
Gate( 4735)	 t q[10]
Gate( 4736)	cx q[10], q[9]
Gate( 4737)	cx q[1], q[10]
Gate( 4738)	cx q[9], q[1]
Gate( 4739)	 h q[10]
Gate( 4740)	 x q[6]
Gate( 4741)	 x q[7]
Gate( 4742)	 h q[2]
Gate( 4743)	 t q[6]
Gate( 4744)	 t q[10]
Gate( 4745)	 t q[2]
Gate( 4746)	cx q[10], q[6]
Gate( 4747)	cx q[2], q[10]
Gate( 4748)	cx q[6], q[2]
Gate( 4749)	tdg q[10]
Gate( 4750)	cx q[6], q[10]
Gate( 4751)	tdg q[6]
Gate( 4752)	tdg q[10]
Gate( 4753)	 t q[2]
Gate( 4754)	cx q[2], q[10]
Gate( 4755)	cx q[6], q[2]
Gate( 4756)	cx q[10], q[6]
Gate( 4757)	 h q[2]
Gate( 4758)	 h q[10]
Gate( 4759)	 t q[9]
Gate( 4760)	 t q[7]
Gate( 4761)	 t q[10]
Gate( 4762)	cx q[7], q[9]
Gate( 4763)	cx q[10], q[7]
Gate( 4764)	cx q[9], q[10]
Gate( 4765)	tdg q[7]
Gate( 4766)	cx q[9], q[7]
Gate( 4767)	tdg q[9]
Gate( 4768)	tdg q[7]
Gate( 4769)	 t q[10]
Gate( 4770)	cx q[10], q[7]
Gate( 4771)	cx q[9], q[10]
Gate( 4772)	cx q[7], q[9]
Gate( 4773)	 h q[10]
Gate( 4774)	 h q[2]
Gate( 4775)	 t q[6]
Gate( 4776)	 t q[10]
Gate( 4777)	 t q[2]
Gate( 4778)	cx q[10], q[6]
Gate( 4779)	cx q[2], q[10]
Gate( 4780)	cx q[6], q[2]
Gate( 4781)	tdg q[10]
Gate( 4782)	cx q[6], q[10]
Gate( 4783)	tdg q[6]
Gate( 4784)	tdg q[10]
Gate( 4785)	 t q[2]
Gate( 4786)	cx q[2], q[10]
Gate( 4787)	cx q[6], q[2]
Gate( 4788)	cx q[10], q[6]
Gate( 4789)	 h q[2]
Gate( 4790)	 h q[10]
Gate( 4791)	 t q[9]
Gate( 4792)	 t q[7]
Gate( 4793)	 t q[10]
Gate( 4794)	cx q[7], q[9]
Gate( 4795)	cx q[10], q[7]
Gate( 4796)	cx q[9], q[10]
Gate( 4797)	tdg q[7]
Gate( 4798)	cx q[9], q[7]
Gate( 4799)	tdg q[9]
Gate( 4800)	tdg q[7]
Gate( 4801)	 t q[10]
Gate( 4802)	cx q[10], q[7]
Gate( 4803)	cx q[9], q[10]
Gate( 4804)	cx q[7], q[9]
Gate( 4805)	 h q[10]
Gate( 4806)	 h q[0]
Gate( 4807)	 t q[2]
Gate( 4808)	 t q[10]
Gate( 4809)	 t q[0]
Gate( 4810)	cx q[10], q[2]
Gate( 4811)	cx q[0], q[10]
Gate( 4812)	cx q[2], q[0]
Gate( 4813)	tdg q[10]
Gate( 4814)	cx q[2], q[10]
Gate( 4815)	tdg q[2]
Gate( 4816)	tdg q[10]
Gate( 4817)	 t q[0]
Gate( 4818)	cx q[0], q[10]
Gate( 4819)	cx q[2], q[0]
Gate( 4820)	cx q[10], q[2]
Gate( 4821)	 h q[0]
Gate( 4822)	 h q[10]
Gate( 4823)	 t q[1]
Gate( 4824)	 t q[9]
Gate( 4825)	 t q[10]
Gate( 4826)	cx q[9], q[1]
Gate( 4827)	cx q[10], q[9]
Gate( 4828)	cx q[1], q[10]
Gate( 4829)	tdg q[9]
Gate( 4830)	cx q[1], q[9]
Gate( 4831)	tdg q[1]
Gate( 4832)	tdg q[9]
Gate( 4833)	 t q[10]
Gate( 4834)	cx q[10], q[9]
Gate( 4835)	cx q[1], q[10]
Gate( 4836)	cx q[9], q[1]
Gate( 4837)	 h q[10]
Gate( 4838)	 h q[9]
Gate( 4839)	 t q[3]
Gate( 4840)	 t q[8]
Gate( 4841)	 t q[9]
Gate( 4842)	cx q[8], q[3]
Gate( 4843)	cx q[9], q[8]
Gate( 4844)	cx q[3], q[9]
Gate( 4845)	tdg q[8]
Gate( 4846)	cx q[3], q[8]
Gate( 4847)	tdg q[3]
Gate( 4848)	tdg q[8]
Gate( 4849)	 t q[9]
Gate( 4850)	cx q[9], q[8]
Gate( 4851)	cx q[3], q[9]
Gate( 4852)	cx q[8], q[3]
Gate( 4853)	 h q[9]
Gate( 4854)	 h q[8]
Gate( 4855)	 t q[5]
Gate( 4856)	 t q[4]
Gate( 4857)	 t q[8]
Gate( 4858)	cx q[4], q[5]
Gate( 4859)	cx q[8], q[4]
Gate( 4860)	cx q[5], q[8]
Gate( 4861)	tdg q[4]
Gate( 4862)	cx q[5], q[4]
Gate( 4863)	tdg q[5]
Gate( 4864)	tdg q[4]
Gate( 4865)	 t q[8]
Gate( 4866)	cx q[8], q[4]
Gate( 4867)	cx q[5], q[8]
Gate( 4868)	cx q[4], q[5]
Gate( 4869)	 h q[8]
Gate( 4870)	 h q[9]
Gate( 4871)	 t q[3]
Gate( 4872)	 t q[8]
Gate( 4873)	 t q[9]
Gate( 4874)	cx q[8], q[3]
Gate( 4875)	cx q[9], q[8]
Gate( 4876)	cx q[3], q[9]
Gate( 4877)	tdg q[8]
Gate( 4878)	cx q[3], q[8]
Gate( 4879)	tdg q[3]
Gate( 4880)	tdg q[8]
Gate( 4881)	 t q[9]
Gate( 4882)	cx q[9], q[8]
Gate( 4883)	cx q[3], q[9]
Gate( 4884)	cx q[8], q[3]
Gate( 4885)	 h q[9]
Gate( 4886)	 h q[10]
Gate( 4887)	 t q[1]
Gate( 4888)	 t q[9]
Gate( 4889)	 t q[10]
Gate( 4890)	cx q[9], q[1]
Gate( 4891)	cx q[10], q[9]
Gate( 4892)	cx q[1], q[10]
Gate( 4893)	tdg q[9]
Gate( 4894)	cx q[1], q[9]
Gate( 4895)	tdg q[1]
Gate( 4896)	tdg q[9]
Gate( 4897)	 t q[10]
Gate( 4898)	cx q[10], q[9]
Gate( 4899)	cx q[1], q[10]
Gate( 4900)	cx q[9], q[1]
Gate( 4901)	 h q[10]
Gate( 4902)	 h q[0]
Gate( 4903)	 t q[2]
Gate( 4904)	 t q[10]
Gate( 4905)	 t q[0]
Gate( 4906)	cx q[10], q[2]
Gate( 4907)	cx q[0], q[10]
Gate( 4908)	cx q[2], q[0]
Gate( 4909)	tdg q[10]
Gate( 4910)	cx q[2], q[10]
Gate( 4911)	tdg q[2]
Gate( 4912)	tdg q[10]
Gate( 4913)	 t q[0]
Gate( 4914)	cx q[0], q[10]
Gate( 4915)	cx q[2], q[0]
Gate( 4916)	cx q[10], q[2]
Gate( 4917)	 h q[0]
Gate( 4918)	 h q[10]
Gate( 4919)	 t q[1]
Gate( 4920)	 t q[9]
Gate( 4921)	 t q[10]
Gate( 4922)	cx q[9], q[1]
Gate( 4923)	cx q[10], q[9]
Gate( 4924)	cx q[1], q[10]
Gate( 4925)	tdg q[9]
Gate( 4926)	cx q[1], q[9]
Gate( 4927)	tdg q[1]
Gate( 4928)	tdg q[9]
Gate( 4929)	 t q[10]
Gate( 4930)	cx q[10], q[9]
Gate( 4931)	cx q[1], q[10]
Gate( 4932)	cx q[9], q[1]
Gate( 4933)	 h q[10]
Gate( 4934)	 h q[9]
Gate( 4935)	 t q[3]
Gate( 4936)	 t q[8]
Gate( 4937)	 t q[9]
Gate( 4938)	cx q[8], q[3]
Gate( 4939)	cx q[9], q[8]
Gate( 4940)	cx q[3], q[9]
Gate( 4941)	tdg q[8]
Gate( 4942)	cx q[3], q[8]
Gate( 4943)	tdg q[3]
Gate( 4944)	tdg q[8]
Gate( 4945)	 t q[9]
Gate( 4946)	cx q[9], q[8]
Gate( 4947)	cx q[3], q[9]
Gate( 4948)	cx q[8], q[3]
Gate( 4949)	 h q[9]
Gate( 4950)	 h q[8]
Gate( 4951)	 t q[5]
Gate( 4952)	 t q[4]
Gate( 4953)	 t q[8]
Gate( 4954)	cx q[4], q[5]
Gate( 4955)	cx q[8], q[4]
Gate( 4956)	cx q[5], q[8]
Gate( 4957)	tdg q[4]
Gate( 4958)	cx q[5], q[4]
Gate( 4959)	tdg q[5]
Gate( 4960)	tdg q[4]
Gate( 4961)	 t q[8]
Gate( 4962)	cx q[8], q[4]
Gate( 4963)	cx q[5], q[8]
Gate( 4964)	cx q[4], q[5]
Gate( 4965)	 h q[8]
Gate( 4966)	 h q[9]
Gate( 4967)	 t q[3]
Gate( 4968)	 t q[8]
Gate( 4969)	 t q[9]
Gate( 4970)	cx q[8], q[3]
Gate( 4971)	cx q[9], q[8]
Gate( 4972)	cx q[3], q[9]
Gate( 4973)	tdg q[8]
Gate( 4974)	cx q[3], q[8]
Gate( 4975)	tdg q[3]
Gate( 4976)	tdg q[8]
Gate( 4977)	 t q[9]
Gate( 4978)	cx q[9], q[8]
Gate( 4979)	cx q[3], q[9]
Gate( 4980)	cx q[8], q[3]
Gate( 4981)	 h q[9]
Gate( 4982)	 h q[10]
Gate( 4983)	 t q[1]
Gate( 4984)	 t q[9]
Gate( 4985)	 t q[10]
Gate( 4986)	cx q[9], q[1]
Gate( 4987)	cx q[10], q[9]
Gate( 4988)	cx q[1], q[10]
Gate( 4989)	tdg q[9]
Gate( 4990)	cx q[1], q[9]
Gate( 4991)	tdg q[1]
Gate( 4992)	tdg q[9]
Gate( 4993)	 t q[10]
Gate( 4994)	cx q[10], q[9]
Gate( 4995)	cx q[1], q[10]
Gate( 4996)	cx q[9], q[1]
Gate( 4997)	 h q[10]
Gate( 4998)	 h q[2]
Gate( 4999)	 t q[6]
Gate( 5000)	 t q[10]
Gate( 5001)	 t q[2]
Gate( 5002)	cx q[10], q[6]
Gate( 5003)	cx q[2], q[10]
Gate( 5004)	cx q[6], q[2]
Gate( 5005)	tdg q[10]
Gate( 5006)	cx q[6], q[10]
Gate( 5007)	tdg q[6]
Gate( 5008)	tdg q[10]
Gate( 5009)	 t q[2]
Gate( 5010)	cx q[2], q[10]
Gate( 5011)	cx q[6], q[2]
Gate( 5012)	cx q[10], q[6]
Gate( 5013)	 h q[2]
Gate( 5014)	 h q[10]
Gate( 5015)	 t q[9]
Gate( 5016)	 t q[7]
Gate( 5017)	 t q[10]
Gate( 5018)	cx q[7], q[9]
Gate( 5019)	cx q[10], q[7]
Gate( 5020)	cx q[9], q[10]
Gate( 5021)	tdg q[7]
Gate( 5022)	cx q[9], q[7]
Gate( 5023)	tdg q[9]
Gate( 5024)	tdg q[7]
Gate( 5025)	 t q[10]
Gate( 5026)	cx q[10], q[7]
Gate( 5027)	cx q[9], q[10]
Gate( 5028)	cx q[7], q[9]
Gate( 5029)	 h q[10]
Gate( 5030)	 h q[2]
Gate( 5031)	 t q[6]
Gate( 5032)	 t q[10]
Gate( 5033)	 t q[2]
Gate( 5034)	cx q[10], q[6]
Gate( 5035)	cx q[2], q[10]
Gate( 5036)	cx q[6], q[2]
Gate( 5037)	tdg q[10]
Gate( 5038)	cx q[6], q[10]
Gate( 5039)	tdg q[6]
Gate( 5040)	tdg q[10]
Gate( 5041)	 t q[2]
Gate( 5042)	cx q[2], q[10]
Gate( 5043)	cx q[6], q[2]
Gate( 5044)	cx q[10], q[6]
Gate( 5045)	 h q[2]
Gate( 5046)	 h q[10]
Gate( 5047)	 t q[9]
Gate( 5048)	 t q[7]
Gate( 5049)	 t q[10]
Gate( 5050)	cx q[7], q[9]
Gate( 5051)	cx q[10], q[7]
Gate( 5052)	cx q[9], q[10]
Gate( 5053)	tdg q[7]
Gate( 5054)	cx q[9], q[7]
Gate( 5055)	tdg q[9]
Gate( 5056)	tdg q[7]
Gate( 5057)	 t q[10]
Gate( 5058)	cx q[10], q[7]
Gate( 5059)	cx q[9], q[10]
Gate( 5060)	cx q[7], q[9]
Gate( 5061)	 h q[10]
Gate( 5062)	 h q[0]
Gate( 5063)	 t q[2]
Gate( 5064)	 t q[10]
Gate( 5065)	 t q[0]
Gate( 5066)	cx q[10], q[2]
Gate( 5067)	cx q[0], q[10]
Gate( 5068)	cx q[2], q[0]
Gate( 5069)	tdg q[10]
Gate( 5070)	cx q[2], q[10]
Gate( 5071)	tdg q[2]
Gate( 5072)	tdg q[10]
Gate( 5073)	 t q[0]
Gate( 5074)	cx q[0], q[10]
Gate( 5075)	cx q[2], q[0]
Gate( 5076)	cx q[10], q[2]
Gate( 5077)	 h q[0]
Gate( 5078)	 h q[10]
Gate( 5079)	 t q[1]
Gate( 5080)	 t q[9]
Gate( 5081)	 t q[10]
Gate( 5082)	cx q[9], q[1]
Gate( 5083)	cx q[10], q[9]
Gate( 5084)	cx q[1], q[10]
Gate( 5085)	tdg q[9]
Gate( 5086)	cx q[1], q[9]
Gate( 5087)	tdg q[1]
Gate( 5088)	tdg q[9]
Gate( 5089)	 t q[10]
Gate( 5090)	cx q[10], q[9]
Gate( 5091)	cx q[1], q[10]
Gate( 5092)	cx q[9], q[1]
Gate( 5093)	 h q[10]
Gate( 5094)	 h q[9]
Gate( 5095)	 t q[3]
Gate( 5096)	 t q[8]
Gate( 5097)	 t q[9]
Gate( 5098)	cx q[8], q[3]
Gate( 5099)	cx q[9], q[8]
Gate( 5100)	cx q[3], q[9]
Gate( 5101)	tdg q[8]
Gate( 5102)	cx q[3], q[8]
Gate( 5103)	tdg q[3]
Gate( 5104)	tdg q[8]
Gate( 5105)	 t q[9]
Gate( 5106)	cx q[9], q[8]
Gate( 5107)	cx q[3], q[9]
Gate( 5108)	cx q[8], q[3]
Gate( 5109)	 h q[9]
Gate( 5110)	 h q[8]
Gate( 5111)	 t q[5]
Gate( 5112)	 t q[4]
Gate( 5113)	 t q[8]
Gate( 5114)	cx q[4], q[5]
Gate( 5115)	cx q[8], q[4]
Gate( 5116)	cx q[5], q[8]
Gate( 5117)	tdg q[4]
Gate( 5118)	cx q[5], q[4]
Gate( 5119)	tdg q[5]
Gate( 5120)	tdg q[4]
Gate( 5121)	 t q[8]
Gate( 5122)	cx q[8], q[4]
Gate( 5123)	cx q[5], q[8]
Gate( 5124)	cx q[4], q[5]
Gate( 5125)	 h q[8]
Gate( 5126)	 h q[9]
Gate( 5127)	 t q[3]
Gate( 5128)	 t q[8]
Gate( 5129)	 t q[9]
Gate( 5130)	cx q[8], q[3]
Gate( 5131)	cx q[9], q[8]
Gate( 5132)	cx q[3], q[9]
Gate( 5133)	tdg q[8]
Gate( 5134)	cx q[3], q[8]
Gate( 5135)	tdg q[3]
Gate( 5136)	tdg q[8]
Gate( 5137)	 t q[9]
Gate( 5138)	cx q[9], q[8]
Gate( 5139)	cx q[3], q[9]
Gate( 5140)	cx q[8], q[3]
Gate( 5141)	 h q[9]
Gate( 5142)	 h q[10]
Gate( 5143)	 t q[1]
Gate( 5144)	 t q[9]
Gate( 5145)	 t q[10]
Gate( 5146)	cx q[9], q[1]
Gate( 5147)	cx q[10], q[9]
Gate( 5148)	cx q[1], q[10]
Gate( 5149)	tdg q[9]
Gate( 5150)	cx q[1], q[9]
Gate( 5151)	tdg q[1]
Gate( 5152)	tdg q[9]
Gate( 5153)	 t q[10]
Gate( 5154)	cx q[10], q[9]
Gate( 5155)	cx q[1], q[10]
Gate( 5156)	cx q[9], q[1]
Gate( 5157)	 h q[10]
Gate( 5158)	 h q[0]
Gate( 5159)	 t q[2]
Gate( 5160)	 t q[10]
Gate( 5161)	 t q[0]
Gate( 5162)	cx q[10], q[2]
Gate( 5163)	cx q[0], q[10]
Gate( 5164)	cx q[2], q[0]
Gate( 5165)	tdg q[10]
Gate( 5166)	cx q[2], q[10]
Gate( 5167)	tdg q[2]
Gate( 5168)	tdg q[10]
Gate( 5169)	 t q[0]
Gate( 5170)	cx q[0], q[10]
Gate( 5171)	cx q[2], q[0]
Gate( 5172)	cx q[10], q[2]
Gate( 5173)	 h q[0]
Gate( 5174)	 h q[10]
Gate( 5175)	 t q[1]
Gate( 5176)	 t q[9]
Gate( 5177)	 t q[10]
Gate( 5178)	cx q[9], q[1]
Gate( 5179)	cx q[10], q[9]
Gate( 5180)	cx q[1], q[10]
Gate( 5181)	tdg q[9]
Gate( 5182)	cx q[1], q[9]
Gate( 5183)	tdg q[1]
Gate( 5184)	tdg q[9]
Gate( 5185)	 t q[10]
Gate( 5186)	cx q[10], q[9]
Gate( 5187)	cx q[1], q[10]
Gate( 5188)	cx q[9], q[1]
Gate( 5189)	 h q[10]
Gate( 5190)	 h q[9]
Gate( 5191)	 t q[3]
Gate( 5192)	 t q[8]
Gate( 5193)	 t q[9]
Gate( 5194)	cx q[8], q[3]
Gate( 5195)	cx q[9], q[8]
Gate( 5196)	cx q[3], q[9]
Gate( 5197)	tdg q[8]
Gate( 5198)	cx q[3], q[8]
Gate( 5199)	tdg q[3]
Gate( 5200)	tdg q[8]
Gate( 5201)	 t q[9]
Gate( 5202)	cx q[9], q[8]
Gate( 5203)	cx q[3], q[9]
Gate( 5204)	cx q[8], q[3]
Gate( 5205)	 h q[9]
Gate( 5206)	 h q[8]
Gate( 5207)	 t q[5]
Gate( 5208)	 t q[4]
Gate( 5209)	 t q[8]
Gate( 5210)	cx q[4], q[5]
Gate( 5211)	cx q[8], q[4]
Gate( 5212)	cx q[5], q[8]
Gate( 5213)	tdg q[4]
Gate( 5214)	cx q[5], q[4]
Gate( 5215)	tdg q[5]
Gate( 5216)	tdg q[4]
Gate( 5217)	 t q[8]
Gate( 5218)	cx q[8], q[4]
Gate( 5219)	cx q[5], q[8]
Gate( 5220)	cx q[4], q[5]
Gate( 5221)	 h q[8]
Gate( 5222)	 h q[9]
Gate( 5223)	 t q[3]
Gate( 5224)	 t q[8]
Gate( 5225)	 t q[9]
Gate( 5226)	cx q[8], q[3]
Gate( 5227)	cx q[9], q[8]
Gate( 5228)	cx q[3], q[9]
Gate( 5229)	tdg q[8]
Gate( 5230)	cx q[3], q[8]
Gate( 5231)	tdg q[3]
Gate( 5232)	tdg q[8]
Gate( 5233)	 t q[9]
Gate( 5234)	cx q[9], q[8]
Gate( 5235)	cx q[3], q[9]
Gate( 5236)	cx q[8], q[3]
Gate( 5237)	 h q[9]
Gate( 5238)	 h q[10]
Gate( 5239)	 t q[1]
Gate( 5240)	 t q[9]
Gate( 5241)	 t q[10]
Gate( 5242)	cx q[9], q[1]
Gate( 5243)	cx q[10], q[9]
Gate( 5244)	cx q[1], q[10]
Gate( 5245)	tdg q[9]
Gate( 5246)	cx q[1], q[9]
Gate( 5247)	tdg q[1]
Gate( 5248)	tdg q[9]
Gate( 5249)	 t q[10]
Gate( 5250)	cx q[10], q[9]
Gate( 5251)	cx q[1], q[10]
Gate( 5252)	cx q[9], q[1]
Gate( 5253)	 h q[10]
Gate( 5254)	 h q[1]
Gate( 5255)	 t q[7]
Gate( 5256)	 t q[10]
Gate( 5257)	 t q[1]
Gate( 5258)	cx q[10], q[7]
Gate( 5259)	cx q[1], q[10]
Gate( 5260)	cx q[7], q[1]
Gate( 5261)	tdg q[10]
Gate( 5262)	cx q[7], q[10]
Gate( 5263)	tdg q[7]
Gate( 5264)	tdg q[10]
Gate( 5265)	 t q[1]
Gate( 5266)	cx q[1], q[10]
Gate( 5267)	cx q[7], q[1]
Gate( 5268)	cx q[10], q[7]
Gate( 5269)	 h q[1]
Gate( 5270)	 h q[10]
Gate( 5271)	 t q[9]
Gate( 5272)	 t q[8]
Gate( 5273)	 t q[10]
Gate( 5274)	cx q[8], q[9]
Gate( 5275)	cx q[10], q[8]
Gate( 5276)	cx q[9], q[10]
Gate( 5277)	tdg q[8]
Gate( 5278)	cx q[9], q[8]
Gate( 5279)	tdg q[9]
Gate( 5280)	tdg q[8]
Gate( 5281)	 t q[10]
Gate( 5282)	cx q[10], q[8]
Gate( 5283)	cx q[9], q[10]
Gate( 5284)	cx q[8], q[9]
Gate( 5285)	 h q[10]
Gate( 5286)	 h q[1]
Gate( 5287)	 t q[7]
Gate( 5288)	 t q[10]
Gate( 5289)	 t q[1]
Gate( 5290)	cx q[10], q[7]
Gate( 5291)	cx q[1], q[10]
Gate( 5292)	cx q[7], q[1]
Gate( 5293)	tdg q[10]
Gate( 5294)	cx q[7], q[10]
Gate( 5295)	tdg q[7]
Gate( 5296)	tdg q[10]
Gate( 5297)	 t q[1]
Gate( 5298)	cx q[1], q[10]
Gate( 5299)	cx q[7], q[1]
Gate( 5300)	cx q[10], q[7]
Gate( 5301)	 h q[1]
Gate( 5302)	 h q[10]
Gate( 5303)	 t q[9]
Gate( 5304)	 t q[8]
Gate( 5305)	 t q[10]
Gate( 5306)	cx q[8], q[9]
Gate( 5307)	cx q[10], q[8]
Gate( 5308)	cx q[9], q[10]
Gate( 5309)	tdg q[8]
Gate( 5310)	cx q[9], q[8]
Gate( 5311)	tdg q[9]
Gate( 5312)	tdg q[8]
Gate( 5313)	 t q[10]
Gate( 5314)	cx q[10], q[8]
Gate( 5315)	cx q[9], q[10]
Gate( 5316)	cx q[8], q[9]
Gate( 5317)	 h q[10]
Gate( 5318)	 h q[0]
Gate( 5319)	 t q[1]
Gate( 5320)	 t q[10]
Gate( 5321)	 t q[0]
Gate( 5322)	cx q[10], q[1]
Gate( 5323)	cx q[0], q[10]
Gate( 5324)	cx q[1], q[0]
Gate( 5325)	tdg q[10]
Gate( 5326)	cx q[1], q[10]
Gate( 5327)	tdg q[1]
Gate( 5328)	tdg q[10]
Gate( 5329)	 t q[0]
Gate( 5330)	cx q[0], q[10]
Gate( 5331)	cx q[1], q[0]
Gate( 5332)	cx q[10], q[1]
Gate( 5333)	 h q[0]
Gate( 5334)	 h q[10]
Gate( 5335)	 t q[2]
Gate( 5336)	 t q[9]
Gate( 5337)	 t q[10]
Gate( 5338)	cx q[9], q[2]
Gate( 5339)	cx q[10], q[9]
Gate( 5340)	cx q[2], q[10]
Gate( 5341)	tdg q[9]
Gate( 5342)	cx q[2], q[9]
Gate( 5343)	tdg q[2]
Gate( 5344)	tdg q[9]
Gate( 5345)	 t q[10]
Gate( 5346)	cx q[10], q[9]
Gate( 5347)	cx q[2], q[10]
Gate( 5348)	cx q[9], q[2]
Gate( 5349)	 h q[10]
Gate( 5350)	 h q[9]
Gate( 5351)	 t q[3]
Gate( 5352)	 t q[8]
Gate( 5353)	 t q[9]
Gate( 5354)	cx q[8], q[3]
Gate( 5355)	cx q[9], q[8]
Gate( 5356)	cx q[3], q[9]
Gate( 5357)	tdg q[8]
Gate( 5358)	cx q[3], q[8]
Gate( 5359)	tdg q[3]
Gate( 5360)	tdg q[8]
Gate( 5361)	 t q[9]
Gate( 5362)	cx q[9], q[8]
Gate( 5363)	cx q[3], q[9]
Gate( 5364)	cx q[8], q[3]
Gate( 5365)	 h q[9]
Gate( 5366)	 h q[8]
Gate( 5367)	 t q[6]
Gate( 5368)	 t q[4]
Gate( 5369)	 t q[8]
Gate( 5370)	cx q[4], q[6]
Gate( 5371)	cx q[8], q[4]
Gate( 5372)	cx q[6], q[8]
Gate( 5373)	tdg q[4]
Gate( 5374)	cx q[6], q[4]
Gate( 5375)	tdg q[6]
Gate( 5376)	tdg q[4]
Gate( 5377)	 t q[8]
Gate( 5378)	cx q[8], q[4]
Gate( 5379)	cx q[6], q[8]
Gate( 5380)	cx q[4], q[6]
Gate( 5381)	 h q[8]
Gate( 5382)	 h q[9]
Gate( 5383)	 t q[3]
Gate( 5384)	 t q[8]
Gate( 5385)	 t q[9]
Gate( 5386)	cx q[8], q[3]
Gate( 5387)	cx q[9], q[8]
Gate( 5388)	cx q[3], q[9]
Gate( 5389)	tdg q[8]
Gate( 5390)	cx q[3], q[8]
Gate( 5391)	tdg q[3]
Gate( 5392)	tdg q[8]
Gate( 5393)	 t q[9]
Gate( 5394)	cx q[9], q[8]
Gate( 5395)	cx q[3], q[9]
Gate( 5396)	cx q[8], q[3]
Gate( 5397)	 h q[9]
Gate( 5398)	 h q[10]
Gate( 5399)	 t q[2]
Gate( 5400)	 t q[9]
Gate( 5401)	 t q[10]
Gate( 5402)	cx q[9], q[2]
Gate( 5403)	cx q[10], q[9]
Gate( 5404)	cx q[2], q[10]
Gate( 5405)	tdg q[9]
Gate( 5406)	cx q[2], q[9]
Gate( 5407)	tdg q[2]
Gate( 5408)	tdg q[9]
Gate( 5409)	 t q[10]
Gate( 5410)	cx q[10], q[9]
Gate( 5411)	cx q[2], q[10]
Gate( 5412)	cx q[9], q[2]
Gate( 5413)	 h q[10]
Gate( 5414)	 h q[0]
Gate( 5415)	 t q[1]
Gate( 5416)	 t q[10]
Gate( 5417)	 t q[0]
Gate( 5418)	cx q[10], q[1]
Gate( 5419)	cx q[0], q[10]
Gate( 5420)	cx q[1], q[0]
Gate( 5421)	tdg q[10]
Gate( 5422)	cx q[1], q[10]
Gate( 5423)	tdg q[1]
Gate( 5424)	tdg q[10]
Gate( 5425)	 t q[0]
Gate( 5426)	cx q[0], q[10]
Gate( 5427)	cx q[1], q[0]
Gate( 5428)	cx q[10], q[1]
Gate( 5429)	 h q[0]
Gate( 5430)	 h q[10]
Gate( 5431)	 t q[2]
Gate( 5432)	 t q[9]
Gate( 5433)	 t q[10]
Gate( 5434)	cx q[9], q[2]
Gate( 5435)	cx q[10], q[9]
Gate( 5436)	cx q[2], q[10]
Gate( 5437)	tdg q[9]
Gate( 5438)	cx q[2], q[9]
Gate( 5439)	tdg q[2]
Gate( 5440)	tdg q[9]
Gate( 5441)	 t q[10]
Gate( 5442)	cx q[10], q[9]
Gate( 5443)	cx q[2], q[10]
Gate( 5444)	cx q[9], q[2]
Gate( 5445)	 h q[10]
Gate( 5446)	 h q[9]
Gate( 5447)	 t q[3]
Gate( 5448)	 t q[8]
Gate( 5449)	 t q[9]
Gate( 5450)	cx q[8], q[3]
Gate( 5451)	cx q[9], q[8]
Gate( 5452)	cx q[3], q[9]
Gate( 5453)	tdg q[8]
Gate( 5454)	cx q[3], q[8]
Gate( 5455)	tdg q[3]
Gate( 5456)	tdg q[8]
Gate( 5457)	 t q[9]
Gate( 5458)	cx q[9], q[8]
Gate( 5459)	cx q[3], q[9]
Gate( 5460)	cx q[8], q[3]
Gate( 5461)	 h q[9]
Gate( 5462)	 h q[8]
Gate( 5463)	 t q[6]
Gate( 5464)	 t q[4]
Gate( 5465)	 t q[8]
Gate( 5466)	cx q[4], q[6]
Gate( 5467)	cx q[8], q[4]
Gate( 5468)	cx q[6], q[8]
Gate( 5469)	tdg q[4]
Gate( 5470)	cx q[6], q[4]
Gate( 5471)	tdg q[6]
Gate( 5472)	tdg q[4]
Gate( 5473)	 t q[8]
Gate( 5474)	cx q[8], q[4]
Gate( 5475)	cx q[6], q[8]
Gate( 5476)	cx q[4], q[6]
Gate( 5477)	 h q[8]
Gate( 5478)	 h q[9]
Gate( 5479)	 t q[3]
Gate( 5480)	 t q[8]
Gate( 5481)	 t q[9]
Gate( 5482)	cx q[8], q[3]
Gate( 5483)	cx q[9], q[8]
Gate( 5484)	cx q[3], q[9]
Gate( 5485)	tdg q[8]
Gate( 5486)	cx q[3], q[8]
Gate( 5487)	tdg q[3]
Gate( 5488)	tdg q[8]
Gate( 5489)	 t q[9]
Gate( 5490)	cx q[9], q[8]
Gate( 5491)	cx q[3], q[9]
Gate( 5492)	cx q[8], q[3]
Gate( 5493)	 h q[9]
Gate( 5494)	 h q[10]
Gate( 5495)	 t q[2]
Gate( 5496)	 t q[9]
Gate( 5497)	 t q[10]
Gate( 5498)	cx q[9], q[2]
Gate( 5499)	cx q[10], q[9]
Gate( 5500)	cx q[2], q[10]
Gate( 5501)	tdg q[9]
Gate( 5502)	cx q[2], q[9]
Gate( 5503)	tdg q[2]
Gate( 5504)	tdg q[9]
Gate( 5505)	 t q[10]
Gate( 5506)	cx q[10], q[9]
Gate( 5507)	cx q[2], q[10]
Gate( 5508)	cx q[9], q[2]
Gate( 5509)	 h q[10]
Gate( 5510)	 h q[1]
Gate( 5511)	 t q[7]
Gate( 5512)	 t q[10]
Gate( 5513)	 t q[1]
Gate( 5514)	cx q[10], q[7]
Gate( 5515)	cx q[1], q[10]
Gate( 5516)	cx q[7], q[1]
Gate( 5517)	tdg q[10]
Gate( 5518)	cx q[7], q[10]
Gate( 5519)	tdg q[7]
Gate( 5520)	tdg q[10]
Gate( 5521)	 t q[1]
Gate( 5522)	cx q[1], q[10]
Gate( 5523)	cx q[7], q[1]
Gate( 5524)	cx q[10], q[7]
Gate( 5525)	 h q[1]
Gate( 5526)	 h q[10]
Gate( 5527)	 t q[9]
Gate( 5528)	 t q[8]
Gate( 5529)	 t q[10]
Gate( 5530)	cx q[8], q[9]
Gate( 5531)	cx q[10], q[8]
Gate( 5532)	cx q[9], q[10]
Gate( 5533)	tdg q[8]
Gate( 5534)	cx q[9], q[8]
Gate( 5535)	tdg q[9]
Gate( 5536)	tdg q[8]
Gate( 5537)	 t q[10]
Gate( 5538)	cx q[10], q[8]
Gate( 5539)	cx q[9], q[10]
Gate( 5540)	cx q[8], q[9]
Gate( 5541)	 h q[10]
Gate( 5542)	 h q[1]
Gate( 5543)	 t q[7]
Gate( 5544)	 t q[10]
Gate( 5545)	 t q[1]
Gate( 5546)	cx q[10], q[7]
Gate( 5547)	cx q[1], q[10]
Gate( 5548)	cx q[7], q[1]
Gate( 5549)	tdg q[10]
Gate( 5550)	cx q[7], q[10]
Gate( 5551)	tdg q[7]
Gate( 5552)	tdg q[10]
Gate( 5553)	 t q[1]
Gate( 5554)	cx q[1], q[10]
Gate( 5555)	cx q[7], q[1]
Gate( 5556)	cx q[10], q[7]
Gate( 5557)	 h q[1]
Gate( 5558)	 h q[10]
Gate( 5559)	 t q[9]
Gate( 5560)	 t q[8]
Gate( 5561)	 t q[10]
Gate( 5562)	cx q[8], q[9]
Gate( 5563)	cx q[10], q[8]
Gate( 5564)	cx q[9], q[10]
Gate( 5565)	tdg q[8]
Gate( 5566)	cx q[9], q[8]
Gate( 5567)	tdg q[9]
Gate( 5568)	tdg q[8]
Gate( 5569)	 t q[10]
Gate( 5570)	cx q[10], q[8]
Gate( 5571)	cx q[9], q[10]
Gate( 5572)	cx q[8], q[9]
Gate( 5573)	 h q[10]
Gate( 5574)	 h q[0]
Gate( 5575)	 t q[1]
Gate( 5576)	 t q[10]
Gate( 5577)	 t q[0]
Gate( 5578)	cx q[10], q[1]
Gate( 5579)	cx q[0], q[10]
Gate( 5580)	cx q[1], q[0]
Gate( 5581)	tdg q[10]
Gate( 5582)	cx q[1], q[10]
Gate( 5583)	tdg q[1]
Gate( 5584)	tdg q[10]
Gate( 5585)	 t q[0]
Gate( 5586)	cx q[0], q[10]
Gate( 5587)	cx q[1], q[0]
Gate( 5588)	cx q[10], q[1]
Gate( 5589)	 h q[0]
Gate( 5590)	 h q[10]
Gate( 5591)	 t q[2]
Gate( 5592)	 t q[9]
Gate( 5593)	 t q[10]
Gate( 5594)	cx q[9], q[2]
Gate( 5595)	cx q[10], q[9]
Gate( 5596)	cx q[2], q[10]
Gate( 5597)	tdg q[9]
Gate( 5598)	cx q[2], q[9]
Gate( 5599)	tdg q[2]
Gate( 5600)	tdg q[9]
Gate( 5601)	 t q[10]
Gate( 5602)	cx q[10], q[9]
Gate( 5603)	cx q[2], q[10]
Gate( 5604)	cx q[9], q[2]
Gate( 5605)	 h q[10]
Gate( 5606)	 h q[9]
Gate( 5607)	 t q[3]
Gate( 5608)	 t q[8]
Gate( 5609)	 t q[9]
Gate( 5610)	cx q[8], q[3]
Gate( 5611)	cx q[9], q[8]
Gate( 5612)	cx q[3], q[9]
Gate( 5613)	tdg q[8]
Gate( 5614)	cx q[3], q[8]
Gate( 5615)	tdg q[3]
Gate( 5616)	tdg q[8]
Gate( 5617)	 t q[9]
Gate( 5618)	cx q[9], q[8]
Gate( 5619)	cx q[3], q[9]
Gate( 5620)	cx q[8], q[3]
Gate( 5621)	 h q[9]
Gate( 5622)	 h q[8]
Gate( 5623)	 t q[6]
Gate( 5624)	 t q[4]
Gate( 5625)	 t q[8]
Gate( 5626)	cx q[4], q[6]
Gate( 5627)	cx q[8], q[4]
Gate( 5628)	cx q[6], q[8]
Gate( 5629)	tdg q[4]
Gate( 5630)	cx q[6], q[4]
Gate( 5631)	tdg q[6]
Gate( 5632)	tdg q[4]
Gate( 5633)	 t q[8]
Gate( 5634)	cx q[8], q[4]
Gate( 5635)	cx q[6], q[8]
Gate( 5636)	cx q[4], q[6]
Gate( 5637)	 h q[8]
Gate( 5638)	 h q[9]
Gate( 5639)	 t q[3]
Gate( 5640)	 t q[8]
Gate( 5641)	 t q[9]
Gate( 5642)	cx q[8], q[3]
Gate( 5643)	cx q[9], q[8]
Gate( 5644)	cx q[3], q[9]
Gate( 5645)	tdg q[8]
Gate( 5646)	cx q[3], q[8]
Gate( 5647)	tdg q[3]
Gate( 5648)	tdg q[8]
Gate( 5649)	 t q[9]
Gate( 5650)	cx q[9], q[8]
Gate( 5651)	cx q[3], q[9]
Gate( 5652)	cx q[8], q[3]
Gate( 5653)	 h q[9]
Gate( 5654)	 h q[10]
Gate( 5655)	 t q[2]
Gate( 5656)	 t q[9]
Gate( 5657)	 t q[10]
Gate( 5658)	cx q[9], q[2]
Gate( 5659)	cx q[10], q[9]
Gate( 5660)	cx q[2], q[10]
Gate( 5661)	tdg q[9]
Gate( 5662)	cx q[2], q[9]
Gate( 5663)	tdg q[2]
Gate( 5664)	tdg q[9]
Gate( 5665)	 t q[10]
Gate( 5666)	cx q[10], q[9]
Gate( 5667)	cx q[2], q[10]
Gate( 5668)	cx q[9], q[2]
Gate( 5669)	 h q[10]
Gate( 5670)	 h q[0]
Gate( 5671)	 t q[1]
Gate( 5672)	 t q[10]
Gate( 5673)	 t q[0]
Gate( 5674)	cx q[10], q[1]
Gate( 5675)	cx q[0], q[10]
Gate( 5676)	cx q[1], q[0]
Gate( 5677)	tdg q[10]
Gate( 5678)	cx q[1], q[10]
Gate( 5679)	tdg q[1]
Gate( 5680)	tdg q[10]
Gate( 5681)	 t q[0]
Gate( 5682)	cx q[0], q[10]
Gate( 5683)	cx q[1], q[0]
Gate( 5684)	cx q[10], q[1]
Gate( 5685)	 h q[0]
Gate( 5686)	 h q[10]
Gate( 5687)	 t q[2]
Gate( 5688)	 t q[9]
Gate( 5689)	 t q[10]
Gate( 5690)	cx q[9], q[2]
Gate( 5691)	cx q[10], q[9]
Gate( 5692)	cx q[2], q[10]
Gate( 5693)	tdg q[9]
Gate( 5694)	cx q[2], q[9]
Gate( 5695)	tdg q[2]
Gate( 5696)	tdg q[9]
Gate( 5697)	 t q[10]
Gate( 5698)	cx q[10], q[9]
Gate( 5699)	cx q[2], q[10]
Gate( 5700)	cx q[9], q[2]
Gate( 5701)	 h q[10]
Gate( 5702)	 h q[9]
Gate( 5703)	 t q[3]
Gate( 5704)	 t q[8]
Gate( 5705)	 t q[9]
Gate( 5706)	cx q[8], q[3]
Gate( 5707)	cx q[9], q[8]
Gate( 5708)	cx q[3], q[9]
Gate( 5709)	tdg q[8]
Gate( 5710)	cx q[3], q[8]
Gate( 5711)	tdg q[3]
Gate( 5712)	tdg q[8]
Gate( 5713)	 t q[9]
Gate( 5714)	cx q[9], q[8]
Gate( 5715)	cx q[3], q[9]
Gate( 5716)	cx q[8], q[3]
Gate( 5717)	 h q[9]
Gate( 5718)	 h q[8]
Gate( 5719)	 t q[6]
Gate( 5720)	 t q[4]
Gate( 5721)	 t q[8]
Gate( 5722)	cx q[4], q[6]
Gate( 5723)	cx q[8], q[4]
Gate( 5724)	cx q[6], q[8]
Gate( 5725)	tdg q[4]
Gate( 5726)	cx q[6], q[4]
Gate( 5727)	tdg q[6]
Gate( 5728)	tdg q[4]
Gate( 5729)	 t q[8]
Gate( 5730)	cx q[8], q[4]
Gate( 5731)	cx q[6], q[8]
Gate( 5732)	cx q[4], q[6]
Gate( 5733)	 h q[8]
Gate( 5734)	 h q[9]
Gate( 5735)	 t q[3]
Gate( 5736)	 t q[8]
Gate( 5737)	 t q[9]
Gate( 5738)	cx q[8], q[3]
Gate( 5739)	cx q[9], q[8]
Gate( 5740)	cx q[3], q[9]
Gate( 5741)	tdg q[8]
Gate( 5742)	cx q[3], q[8]
Gate( 5743)	tdg q[3]
Gate( 5744)	tdg q[8]
Gate( 5745)	 t q[9]
Gate( 5746)	cx q[9], q[8]
Gate( 5747)	cx q[3], q[9]
Gate( 5748)	cx q[8], q[3]
Gate( 5749)	 h q[9]
Gate( 5750)	 h q[10]
Gate( 5751)	 t q[2]
Gate( 5752)	 t q[9]
Gate( 5753)	 t q[10]
Gate( 5754)	cx q[9], q[2]
Gate( 5755)	cx q[10], q[9]
Gate( 5756)	cx q[2], q[10]
Gate( 5757)	tdg q[9]
Gate( 5758)	cx q[2], q[9]
Gate( 5759)	tdg q[2]
Gate( 5760)	tdg q[9]
Gate( 5761)	 t q[10]
Gate( 5762)	cx q[10], q[9]
Gate( 5763)	cx q[2], q[10]
Gate( 5764)	cx q[9], q[2]
Gate( 5765)	 h q[10]
Gate( 5766)	 h q[3]
Gate( 5767)	 t q[7]
Gate( 5768)	 t q[10]
Gate( 5769)	 t q[3]
Gate( 5770)	cx q[10], q[7]
Gate( 5771)	cx q[3], q[10]
Gate( 5772)	cx q[7], q[3]
Gate( 5773)	tdg q[10]
Gate( 5774)	cx q[7], q[10]
Gate( 5775)	tdg q[7]
Gate( 5776)	tdg q[10]
Gate( 5777)	 t q[3]
Gate( 5778)	cx q[3], q[10]
Gate( 5779)	cx q[7], q[3]
Gate( 5780)	cx q[10], q[7]
Gate( 5781)	 h q[3]
Gate( 5782)	 h q[10]
Gate( 5783)	 t q[9]
Gate( 5784)	 t q[8]
Gate( 5785)	 t q[10]
Gate( 5786)	cx q[8], q[9]
Gate( 5787)	cx q[10], q[8]
Gate( 5788)	cx q[9], q[10]
Gate( 5789)	tdg q[8]
Gate( 5790)	cx q[9], q[8]
Gate( 5791)	tdg q[9]
Gate( 5792)	tdg q[8]
Gate( 5793)	 t q[10]
Gate( 5794)	cx q[10], q[8]
Gate( 5795)	cx q[9], q[10]
Gate( 5796)	cx q[8], q[9]
Gate( 5797)	 h q[10]
Gate( 5798)	 h q[3]
Gate( 5799)	 t q[7]
Gate( 5800)	 t q[10]
Gate( 5801)	 t q[3]
Gate( 5802)	cx q[10], q[7]
Gate( 5803)	cx q[3], q[10]
Gate( 5804)	cx q[7], q[3]
Gate( 5805)	tdg q[10]
Gate( 5806)	cx q[7], q[10]
Gate( 5807)	tdg q[7]
Gate( 5808)	tdg q[10]
Gate( 5809)	 t q[3]
Gate( 5810)	cx q[3], q[10]
Gate( 5811)	cx q[7], q[3]
Gate( 5812)	cx q[10], q[7]
Gate( 5813)	 h q[3]
Gate( 5814)	 h q[10]
Gate( 5815)	 t q[9]
Gate( 5816)	 t q[8]
Gate( 5817)	 t q[10]
Gate( 5818)	cx q[8], q[9]
Gate( 5819)	cx q[10], q[8]
Gate( 5820)	cx q[9], q[10]
Gate( 5821)	tdg q[8]
Gate( 5822)	cx q[9], q[8]
Gate( 5823)	tdg q[9]
Gate( 5824)	tdg q[8]
Gate( 5825)	 t q[10]
Gate( 5826)	cx q[10], q[8]
Gate( 5827)	cx q[9], q[10]
Gate( 5828)	cx q[8], q[9]
Gate( 5829)	 h q[10]
Gate( 5830)	 h q[0]
Gate( 5831)	 t q[3]
Gate( 5832)	 t q[10]
Gate( 5833)	 t q[0]
Gate( 5834)	cx q[10], q[3]
Gate( 5835)	cx q[0], q[10]
Gate( 5836)	cx q[3], q[0]
Gate( 5837)	tdg q[10]
Gate( 5838)	cx q[3], q[10]
Gate( 5839)	tdg q[3]
Gate( 5840)	tdg q[10]
Gate( 5841)	 t q[0]
Gate( 5842)	cx q[0], q[10]
Gate( 5843)	cx q[3], q[0]
Gate( 5844)	cx q[10], q[3]
Gate( 5845)	 h q[0]
Gate( 5846)	 h q[10]
Gate( 5847)	 t q[1]
Gate( 5848)	 t q[9]
Gate( 5849)	 t q[10]
Gate( 5850)	cx q[9], q[1]
Gate( 5851)	cx q[10], q[9]
Gate( 5852)	cx q[1], q[10]
Gate( 5853)	tdg q[9]
Gate( 5854)	cx q[1], q[9]
Gate( 5855)	tdg q[1]
Gate( 5856)	tdg q[9]
Gate( 5857)	 t q[10]
Gate( 5858)	cx q[10], q[9]
Gate( 5859)	cx q[1], q[10]
Gate( 5860)	cx q[9], q[1]
Gate( 5861)	 h q[10]
Gate( 5862)	 h q[9]
Gate( 5863)	 t q[2]
Gate( 5864)	 t q[8]
Gate( 5865)	 t q[9]
Gate( 5866)	cx q[8], q[2]
Gate( 5867)	cx q[9], q[8]
Gate( 5868)	cx q[2], q[9]
Gate( 5869)	tdg q[8]
Gate( 5870)	cx q[2], q[8]
Gate( 5871)	tdg q[2]
Gate( 5872)	tdg q[8]
Gate( 5873)	 t q[9]
Gate( 5874)	cx q[9], q[8]
Gate( 5875)	cx q[2], q[9]
Gate( 5876)	cx q[8], q[2]
Gate( 5877)	 h q[9]
Gate( 5878)	 h q[8]
Gate( 5879)	 t q[5]
Gate( 5880)	 t q[4]
Gate( 5881)	 t q[8]
Gate( 5882)	cx q[4], q[5]
Gate( 5883)	cx q[8], q[4]
Gate( 5884)	cx q[5], q[8]
Gate( 5885)	tdg q[4]
Gate( 5886)	cx q[5], q[4]
Gate( 5887)	tdg q[5]
Gate( 5888)	tdg q[4]
Gate( 5889)	 t q[8]
Gate( 5890)	cx q[8], q[4]
Gate( 5891)	cx q[5], q[8]
Gate( 5892)	cx q[4], q[5]
Gate( 5893)	 h q[8]
Gate( 5894)	 h q[9]
Gate( 5895)	 t q[2]
Gate( 5896)	 t q[8]
Gate( 5897)	 t q[9]
Gate( 5898)	cx q[8], q[2]
Gate( 5899)	cx q[9], q[8]
Gate( 5900)	cx q[2], q[9]
Gate( 5901)	tdg q[8]
Gate( 5902)	cx q[2], q[8]
Gate( 5903)	tdg q[2]
Gate( 5904)	tdg q[8]
Gate( 5905)	 t q[9]
Gate( 5906)	cx q[9], q[8]
Gate( 5907)	cx q[2], q[9]
Gate( 5908)	cx q[8], q[2]
Gate( 5909)	 h q[9]
Gate( 5910)	 h q[10]
Gate( 5911)	 t q[1]
Gate( 5912)	 t q[9]
Gate( 5913)	 t q[10]
Gate( 5914)	cx q[9], q[1]
Gate( 5915)	cx q[10], q[9]
Gate( 5916)	cx q[1], q[10]
Gate( 5917)	tdg q[9]
Gate( 5918)	cx q[1], q[9]
Gate( 5919)	tdg q[1]
Gate( 5920)	tdg q[9]
Gate( 5921)	 t q[10]
Gate( 5922)	cx q[10], q[9]
Gate( 5923)	cx q[1], q[10]
Gate( 5924)	cx q[9], q[1]
Gate( 5925)	 h q[10]
Gate( 5926)	 h q[0]
Gate( 5927)	 t q[3]
Gate( 5928)	 t q[10]
Gate( 5929)	 t q[0]
Gate( 5930)	cx q[10], q[3]
Gate( 5931)	cx q[0], q[10]
Gate( 5932)	cx q[3], q[0]
Gate( 5933)	tdg q[10]
Gate( 5934)	cx q[3], q[10]
Gate( 5935)	tdg q[3]
Gate( 5936)	tdg q[10]
Gate( 5937)	 t q[0]
Gate( 5938)	cx q[0], q[10]
Gate( 5939)	cx q[3], q[0]
Gate( 5940)	cx q[10], q[3]
Gate( 5941)	 h q[0]
Gate( 5942)	 h q[10]
Gate( 5943)	 t q[1]
Gate( 5944)	 t q[9]
Gate( 5945)	 t q[10]
Gate( 5946)	cx q[9], q[1]
Gate( 5947)	cx q[10], q[9]
Gate( 5948)	cx q[1], q[10]
Gate( 5949)	tdg q[9]
Gate( 5950)	cx q[1], q[9]
Gate( 5951)	tdg q[1]
Gate( 5952)	tdg q[9]
Gate( 5953)	 t q[10]
Gate( 5954)	cx q[10], q[9]
Gate( 5955)	cx q[1], q[10]
Gate( 5956)	cx q[9], q[1]
Gate( 5957)	 h q[10]
Gate( 5958)	 h q[9]
Gate( 5959)	 t q[2]
Gate( 5960)	 t q[8]
Gate( 5961)	 t q[9]
Gate( 5962)	cx q[8], q[2]
Gate( 5963)	cx q[9], q[8]
Gate( 5964)	cx q[2], q[9]
Gate( 5965)	tdg q[8]
Gate( 5966)	cx q[2], q[8]
Gate( 5967)	tdg q[2]
Gate( 5968)	tdg q[8]
Gate( 5969)	 t q[9]
Gate( 5970)	cx q[9], q[8]
Gate( 5971)	cx q[2], q[9]
Gate( 5972)	cx q[8], q[2]
Gate( 5973)	 h q[9]
Gate( 5974)	 h q[8]
Gate( 5975)	 t q[5]
Gate( 5976)	 t q[4]
Gate( 5977)	 t q[8]
Gate( 5978)	cx q[4], q[5]
Gate( 5979)	cx q[8], q[4]
Gate( 5980)	cx q[5], q[8]
Gate( 5981)	tdg q[4]
Gate( 5982)	cx q[5], q[4]
Gate( 5983)	tdg q[5]
Gate( 5984)	tdg q[4]
Gate( 5985)	 t q[8]
Gate( 5986)	cx q[8], q[4]
Gate( 5987)	cx q[5], q[8]
Gate( 5988)	cx q[4], q[5]
Gate( 5989)	 h q[8]
Gate( 5990)	 h q[9]
Gate( 5991)	 t q[2]
Gate( 5992)	 t q[8]
Gate( 5993)	 t q[9]
Gate( 5994)	cx q[8], q[2]
Gate( 5995)	cx q[9], q[8]
Gate( 5996)	cx q[2], q[9]
Gate( 5997)	tdg q[8]
Gate( 5998)	cx q[2], q[8]
Gate( 5999)	tdg q[2]
Gate( 6000)	tdg q[8]
Gate( 6001)	 t q[9]
Gate( 6002)	cx q[9], q[8]
Gate( 6003)	cx q[2], q[9]
Gate( 6004)	cx q[8], q[2]
Gate( 6005)	 h q[9]
Gate( 6006)	 h q[10]
Gate( 6007)	 t q[1]
Gate( 6008)	 t q[9]
Gate( 6009)	 t q[10]
Gate( 6010)	cx q[9], q[1]
Gate( 6011)	cx q[10], q[9]
Gate( 6012)	cx q[1], q[10]
Gate( 6013)	tdg q[9]
Gate( 6014)	cx q[1], q[9]
Gate( 6015)	tdg q[1]
Gate( 6016)	tdg q[9]
Gate( 6017)	 t q[10]
Gate( 6018)	cx q[10], q[9]
Gate( 6019)	cx q[1], q[10]
Gate( 6020)	cx q[9], q[1]
Gate( 6021)	 h q[10]
Gate( 6022)	 h q[3]
Gate( 6023)	 t q[7]
Gate( 6024)	 t q[10]
Gate( 6025)	 t q[3]
Gate( 6026)	cx q[10], q[7]
Gate( 6027)	cx q[3], q[10]
Gate( 6028)	cx q[7], q[3]
Gate( 6029)	tdg q[10]
Gate( 6030)	cx q[7], q[10]
Gate( 6031)	tdg q[7]
Gate( 6032)	tdg q[10]
Gate( 6033)	 t q[3]
Gate( 6034)	cx q[3], q[10]
Gate( 6035)	cx q[7], q[3]
Gate( 6036)	cx q[10], q[7]
Gate( 6037)	 h q[3]
Gate( 6038)	 h q[10]
Gate( 6039)	 t q[9]
Gate( 6040)	 t q[8]
Gate( 6041)	 t q[10]
Gate( 6042)	cx q[8], q[9]
Gate( 6043)	cx q[10], q[8]
Gate( 6044)	cx q[9], q[10]
Gate( 6045)	tdg q[8]
Gate( 6046)	cx q[9], q[8]
Gate( 6047)	tdg q[9]
Gate( 6048)	tdg q[8]
Gate( 6049)	 t q[10]
Gate( 6050)	cx q[10], q[8]
Gate( 6051)	cx q[9], q[10]
Gate( 6052)	cx q[8], q[9]
Gate( 6053)	 h q[10]
Gate( 6054)	 h q[3]
Gate( 6055)	 t q[7]
Gate( 6056)	 t q[10]
Gate( 6057)	 t q[3]
Gate( 6058)	cx q[10], q[7]
Gate( 6059)	cx q[3], q[10]
Gate( 6060)	cx q[7], q[3]
Gate( 6061)	tdg q[10]
Gate( 6062)	cx q[7], q[10]
Gate( 6063)	tdg q[7]
Gate( 6064)	tdg q[10]
Gate( 6065)	 t q[3]
Gate( 6066)	cx q[3], q[10]
Gate( 6067)	cx q[7], q[3]
Gate( 6068)	cx q[10], q[7]
Gate( 6069)	 h q[3]
Gate( 6070)	 h q[10]
Gate( 6071)	 t q[9]
Gate( 6072)	 t q[8]
Gate( 6073)	 t q[10]
Gate( 6074)	cx q[8], q[9]
Gate( 6075)	cx q[10], q[8]
Gate( 6076)	cx q[9], q[10]
Gate( 6077)	tdg q[8]
Gate( 6078)	cx q[9], q[8]
Gate( 6079)	tdg q[9]
Gate( 6080)	tdg q[8]
Gate( 6081)	 t q[10]
Gate( 6082)	cx q[10], q[8]
Gate( 6083)	cx q[9], q[10]
Gate( 6084)	cx q[8], q[9]
Gate( 6085)	 h q[10]
Gate( 6086)	 h q[0]
Gate( 6087)	 t q[3]
Gate( 6088)	 t q[10]
Gate( 6089)	 t q[0]
Gate( 6090)	cx q[10], q[3]
Gate( 6091)	cx q[0], q[10]
Gate( 6092)	cx q[3], q[0]
Gate( 6093)	tdg q[10]
Gate( 6094)	cx q[3], q[10]
Gate( 6095)	tdg q[3]
Gate( 6096)	tdg q[10]
Gate( 6097)	 t q[0]
Gate( 6098)	cx q[0], q[10]
Gate( 6099)	cx q[3], q[0]
Gate( 6100)	cx q[10], q[3]
Gate( 6101)	 h q[0]
Gate( 6102)	 h q[10]
Gate( 6103)	 t q[1]
Gate( 6104)	 t q[9]
Gate( 6105)	 t q[10]
Gate( 6106)	cx q[9], q[1]
Gate( 6107)	cx q[10], q[9]
Gate( 6108)	cx q[1], q[10]
Gate( 6109)	tdg q[9]
Gate( 6110)	cx q[1], q[9]
Gate( 6111)	tdg q[1]
Gate( 6112)	tdg q[9]
Gate( 6113)	 t q[10]
Gate( 6114)	cx q[10], q[9]
Gate( 6115)	cx q[1], q[10]
Gate( 6116)	cx q[9], q[1]
Gate( 6117)	 h q[10]
Gate( 6118)	 h q[9]
Gate( 6119)	 t q[2]
Gate( 6120)	 t q[8]
Gate( 6121)	 t q[9]
Gate( 6122)	cx q[8], q[2]
Gate( 6123)	cx q[9], q[8]
Gate( 6124)	cx q[2], q[9]
Gate( 6125)	tdg q[8]
Gate( 6126)	cx q[2], q[8]
Gate( 6127)	tdg q[2]
Gate( 6128)	tdg q[8]
Gate( 6129)	 t q[9]
Gate( 6130)	cx q[9], q[8]
Gate( 6131)	cx q[2], q[9]
Gate( 6132)	cx q[8], q[2]
Gate( 6133)	 h q[9]
Gate( 6134)	 h q[8]
Gate( 6135)	 t q[5]
Gate( 6136)	 t q[4]
Gate( 6137)	 t q[8]
Gate( 6138)	cx q[4], q[5]
Gate( 6139)	cx q[8], q[4]
Gate( 6140)	cx q[5], q[8]
Gate( 6141)	tdg q[4]
Gate( 6142)	cx q[5], q[4]
Gate( 6143)	tdg q[5]
Gate( 6144)	tdg q[4]
Gate( 6145)	 t q[8]
Gate( 6146)	cx q[8], q[4]
Gate( 6147)	cx q[5], q[8]
Gate( 6148)	cx q[4], q[5]
Gate( 6149)	 h q[8]
Gate( 6150)	 h q[9]
Gate( 6151)	 t q[2]
Gate( 6152)	 t q[8]
Gate( 6153)	 t q[9]
Gate( 6154)	cx q[8], q[2]
Gate( 6155)	cx q[9], q[8]
Gate( 6156)	cx q[2], q[9]
Gate( 6157)	tdg q[8]
Gate( 6158)	cx q[2], q[8]
Gate( 6159)	tdg q[2]
Gate( 6160)	tdg q[8]
Gate( 6161)	 t q[9]
Gate( 6162)	cx q[9], q[8]
Gate( 6163)	cx q[2], q[9]
Gate( 6164)	cx q[8], q[2]
Gate( 6165)	 h q[9]
Gate( 6166)	 h q[10]
Gate( 6167)	 t q[1]
Gate( 6168)	 t q[9]
Gate( 6169)	 t q[10]
Gate( 6170)	cx q[9], q[1]
Gate( 6171)	cx q[10], q[9]
Gate( 6172)	cx q[1], q[10]
Gate( 6173)	tdg q[9]
Gate( 6174)	cx q[1], q[9]
Gate( 6175)	tdg q[1]
Gate( 6176)	tdg q[9]
Gate( 6177)	 t q[10]
Gate( 6178)	cx q[10], q[9]
Gate( 6179)	cx q[1], q[10]
Gate( 6180)	cx q[9], q[1]
Gate( 6181)	 h q[10]
Gate( 6182)	 h q[0]
Gate( 6183)	 t q[3]
Gate( 6184)	 t q[10]
Gate( 6185)	 t q[0]
Gate( 6186)	cx q[10], q[3]
Gate( 6187)	cx q[0], q[10]
Gate( 6188)	cx q[3], q[0]
Gate( 6189)	tdg q[10]
Gate( 6190)	cx q[3], q[10]
Gate( 6191)	tdg q[3]
Gate( 6192)	tdg q[10]
Gate( 6193)	 t q[0]
Gate( 6194)	cx q[0], q[10]
Gate( 6195)	cx q[3], q[0]
Gate( 6196)	cx q[10], q[3]
Gate( 6197)	 h q[0]
Gate( 6198)	 h q[10]
Gate( 6199)	 t q[1]
Gate( 6200)	 t q[9]
Gate( 6201)	 t q[10]
Gate( 6202)	cx q[9], q[1]
Gate( 6203)	cx q[10], q[9]
Gate( 6204)	cx q[1], q[10]
Gate( 6205)	tdg q[9]
Gate( 6206)	cx q[1], q[9]
Gate( 6207)	tdg q[1]
Gate( 6208)	tdg q[9]
Gate( 6209)	 t q[10]
Gate( 6210)	cx q[10], q[9]
Gate( 6211)	cx q[1], q[10]
Gate( 6212)	cx q[9], q[1]
Gate( 6213)	 h q[10]
Gate( 6214)	 h q[9]
Gate( 6215)	 t q[2]
Gate( 6216)	 t q[8]
Gate( 6217)	 t q[9]
Gate( 6218)	cx q[8], q[2]
Gate( 6219)	cx q[9], q[8]
Gate( 6220)	cx q[2], q[9]
Gate( 6221)	tdg q[8]
Gate( 6222)	cx q[2], q[8]
Gate( 6223)	tdg q[2]
Gate( 6224)	tdg q[8]
Gate( 6225)	 t q[9]
Gate( 6226)	cx q[9], q[8]
Gate( 6227)	cx q[2], q[9]
Gate( 6228)	cx q[8], q[2]
Gate( 6229)	 h q[9]
Gate( 6230)	 h q[8]
Gate( 6231)	 t q[5]
Gate( 6232)	 t q[4]
Gate( 6233)	 t q[8]
Gate( 6234)	cx q[4], q[5]
Gate( 6235)	cx q[8], q[4]
Gate( 6236)	cx q[5], q[8]
Gate( 6237)	tdg q[4]
Gate( 6238)	cx q[5], q[4]
Gate( 6239)	tdg q[5]
Gate( 6240)	tdg q[4]
Gate( 6241)	 t q[8]
Gate( 6242)	cx q[8], q[4]
Gate( 6243)	cx q[5], q[8]
Gate( 6244)	cx q[4], q[5]
Gate( 6245)	 h q[8]
Gate( 6246)	 h q[9]
Gate( 6247)	 t q[2]
Gate( 6248)	 t q[8]
Gate( 6249)	 t q[9]
Gate( 6250)	cx q[8], q[2]
Gate( 6251)	cx q[9], q[8]
Gate( 6252)	cx q[2], q[9]
Gate( 6253)	tdg q[8]
Gate( 6254)	cx q[2], q[8]
Gate( 6255)	tdg q[2]
Gate( 6256)	tdg q[8]
Gate( 6257)	 t q[9]
Gate( 6258)	cx q[9], q[8]
Gate( 6259)	cx q[2], q[9]
Gate( 6260)	cx q[8], q[2]
Gate( 6261)	 h q[9]
Gate( 6262)	 h q[10]
Gate( 6263)	 t q[1]
Gate( 6264)	 t q[9]
Gate( 6265)	 t q[10]
Gate( 6266)	cx q[9], q[1]
Gate( 6267)	cx q[10], q[9]
Gate( 6268)	cx q[1], q[10]
Gate( 6269)	tdg q[9]
Gate( 6270)	cx q[1], q[9]
Gate( 6271)	tdg q[1]
Gate( 6272)	tdg q[9]
Gate( 6273)	 t q[10]
Gate( 6274)	cx q[10], q[9]
Gate( 6275)	cx q[1], q[10]
Gate( 6276)	cx q[9], q[1]
Gate( 6277)	 h q[10]
Gate( 6278)	 x q[7]
Gate( 6279)	 x q[4]
Gate( 6280)	 h q[7]
Gate( 6281)	 t q[5]
Gate( 6282)	 t q[10]
Gate( 6283)	 t q[7]
Gate( 6284)	cx q[10], q[5]
Gate( 6285)	cx q[7], q[10]
Gate( 6286)	cx q[5], q[7]
Gate( 6287)	tdg q[10]
Gate( 6288)	cx q[5], q[10]
Gate( 6289)	tdg q[5]
Gate( 6290)	tdg q[10]
Gate( 6291)	 t q[7]
Gate( 6292)	cx q[7], q[10]
Gate( 6293)	cx q[5], q[7]
Gate( 6294)	cx q[10], q[5]
Gate( 6295)	 h q[7]
Gate( 6296)	 h q[10]
Gate( 6297)	 t q[8]
Gate( 6298)	 t q[6]
Gate( 6299)	 t q[10]
Gate( 6300)	cx q[6], q[8]
Gate( 6301)	cx q[10], q[6]
Gate( 6302)	cx q[8], q[10]
Gate( 6303)	tdg q[6]
Gate( 6304)	cx q[8], q[6]
Gate( 6305)	tdg q[8]
Gate( 6306)	tdg q[6]
Gate( 6307)	 t q[10]
Gate( 6308)	cx q[10], q[6]
Gate( 6309)	cx q[8], q[10]
Gate( 6310)	cx q[6], q[8]
Gate( 6311)	 h q[10]
Gate( 6312)	 h q[7]
Gate( 6313)	 t q[5]
Gate( 6314)	 t q[10]
Gate( 6315)	 t q[7]
Gate( 6316)	cx q[10], q[5]
Gate( 6317)	cx q[7], q[10]
Gate( 6318)	cx q[5], q[7]
Gate( 6319)	tdg q[10]
Gate( 6320)	cx q[5], q[10]
Gate( 6321)	tdg q[5]
Gate( 6322)	tdg q[10]
Gate( 6323)	 t q[7]
Gate( 6324)	cx q[7], q[10]
Gate( 6325)	cx q[5], q[7]
Gate( 6326)	cx q[10], q[5]
Gate( 6327)	 h q[7]
Gate( 6328)	 h q[10]
Gate( 6329)	 t q[8]
Gate( 6330)	 t q[6]
Gate( 6331)	 t q[10]
Gate( 6332)	cx q[6], q[8]
Gate( 6333)	cx q[10], q[6]
Gate( 6334)	cx q[8], q[10]
Gate( 6335)	tdg q[6]
Gate( 6336)	cx q[8], q[6]
Gate( 6337)	tdg q[8]
Gate( 6338)	tdg q[6]
Gate( 6339)	 t q[10]
Gate( 6340)	cx q[10], q[6]
Gate( 6341)	cx q[8], q[10]
Gate( 6342)	cx q[6], q[8]
Gate( 6343)	 h q[10]
Gate( 6344)	 h q[0]
Gate( 6345)	 t q[7]
Gate( 6346)	 t q[10]
Gate( 6347)	 t q[0]
Gate( 6348)	cx q[10], q[7]
Gate( 6349)	cx q[0], q[10]
Gate( 6350)	cx q[7], q[0]
Gate( 6351)	tdg q[10]
Gate( 6352)	cx q[7], q[10]
Gate( 6353)	tdg q[7]
Gate( 6354)	tdg q[10]
Gate( 6355)	 t q[0]
Gate( 6356)	cx q[0], q[10]
Gate( 6357)	cx q[7], q[0]
Gate( 6358)	cx q[10], q[7]
Gate( 6359)	 h q[0]
Gate( 6360)	 h q[10]
Gate( 6361)	 t q[1]
Gate( 6362)	 t q[9]
Gate( 6363)	 t q[10]
Gate( 6364)	cx q[9], q[1]
Gate( 6365)	cx q[10], q[9]
Gate( 6366)	cx q[1], q[10]
Gate( 6367)	tdg q[9]
Gate( 6368)	cx q[1], q[9]
Gate( 6369)	tdg q[1]
Gate( 6370)	tdg q[9]
Gate( 6371)	 t q[10]
Gate( 6372)	cx q[10], q[9]
Gate( 6373)	cx q[1], q[10]
Gate( 6374)	cx q[9], q[1]
Gate( 6375)	 h q[10]
Gate( 6376)	 h q[9]
Gate( 6377)	 t q[2]
Gate( 6378)	 t q[8]
Gate( 6379)	 t q[9]
Gate( 6380)	cx q[8], q[2]
Gate( 6381)	cx q[9], q[8]
Gate( 6382)	cx q[2], q[9]
Gate( 6383)	tdg q[8]
Gate( 6384)	cx q[2], q[8]
Gate( 6385)	tdg q[2]
Gate( 6386)	tdg q[8]
Gate( 6387)	 t q[9]
Gate( 6388)	cx q[9], q[8]
Gate( 6389)	cx q[2], q[9]
Gate( 6390)	cx q[8], q[2]
Gate( 6391)	 h q[9]
Gate( 6392)	 h q[8]
Gate( 6393)	 t q[4]
Gate( 6394)	 t q[3]
Gate( 6395)	 t q[8]
Gate( 6396)	cx q[3], q[4]
Gate( 6397)	cx q[8], q[3]
Gate( 6398)	cx q[4], q[8]
Gate( 6399)	tdg q[3]
Gate( 6400)	cx q[4], q[3]
Gate( 6401)	tdg q[4]
Gate( 6402)	tdg q[3]
Gate( 6403)	 t q[8]
Gate( 6404)	cx q[8], q[3]
Gate( 6405)	cx q[4], q[8]
Gate( 6406)	cx q[3], q[4]
Gate( 6407)	 h q[8]
Gate( 6408)	 h q[9]
Gate( 6409)	 t q[2]
Gate( 6410)	 t q[8]
Gate( 6411)	 t q[9]
Gate( 6412)	cx q[8], q[2]
Gate( 6413)	cx q[9], q[8]
Gate( 6414)	cx q[2], q[9]
Gate( 6415)	tdg q[8]
Gate( 6416)	cx q[2], q[8]
Gate( 6417)	tdg q[2]
Gate( 6418)	tdg q[8]
Gate( 6419)	 t q[9]
Gate( 6420)	cx q[9], q[8]
Gate( 6421)	cx q[2], q[9]
Gate( 6422)	cx q[8], q[2]
Gate( 6423)	 h q[9]
Gate( 6424)	 h q[10]
Gate( 6425)	 t q[1]
Gate( 6426)	 t q[9]
Gate( 6427)	 t q[10]
Gate( 6428)	cx q[9], q[1]
Gate( 6429)	cx q[10], q[9]
Gate( 6430)	cx q[1], q[10]
Gate( 6431)	tdg q[9]
Gate( 6432)	cx q[1], q[9]
Gate( 6433)	tdg q[1]
Gate( 6434)	tdg q[9]
Gate( 6435)	 t q[10]
Gate( 6436)	cx q[10], q[9]
Gate( 6437)	cx q[1], q[10]
Gate( 6438)	cx q[9], q[1]
Gate( 6439)	 h q[10]
Gate( 6440)	 h q[0]
Gate( 6441)	 t q[7]
Gate( 6442)	 t q[10]
Gate( 6443)	 t q[0]
Gate( 6444)	cx q[10], q[7]
Gate( 6445)	cx q[0], q[10]
Gate( 6446)	cx q[7], q[0]
Gate( 6447)	tdg q[10]
Gate( 6448)	cx q[7], q[10]
Gate( 6449)	tdg q[7]
Gate( 6450)	tdg q[10]
Gate( 6451)	 t q[0]
Gate( 6452)	cx q[0], q[10]
Gate( 6453)	cx q[7], q[0]
Gate( 6454)	cx q[10], q[7]
Gate( 6455)	 h q[0]
Gate( 6456)	 h q[10]
Gate( 6457)	 t q[1]
Gate( 6458)	 t q[9]
Gate( 6459)	 t q[10]
Gate( 6460)	cx q[9], q[1]
Gate( 6461)	cx q[10], q[9]
Gate( 6462)	cx q[1], q[10]
Gate( 6463)	tdg q[9]
Gate( 6464)	cx q[1], q[9]
Gate( 6465)	tdg q[1]
Gate( 6466)	tdg q[9]
Gate( 6467)	 t q[10]
Gate( 6468)	cx q[10], q[9]
Gate( 6469)	cx q[1], q[10]
Gate( 6470)	cx q[9], q[1]
Gate( 6471)	 h q[10]
Gate( 6472)	 h q[9]
Gate( 6473)	 t q[2]
Gate( 6474)	 t q[8]
Gate( 6475)	 t q[9]
Gate( 6476)	cx q[8], q[2]
Gate( 6477)	cx q[9], q[8]
Gate( 6478)	cx q[2], q[9]
Gate( 6479)	tdg q[8]
Gate( 6480)	cx q[2], q[8]
Gate( 6481)	tdg q[2]
Gate( 6482)	tdg q[8]
Gate( 6483)	 t q[9]
Gate( 6484)	cx q[9], q[8]
Gate( 6485)	cx q[2], q[9]
Gate( 6486)	cx q[8], q[2]
Gate( 6487)	 h q[9]
Gate( 6488)	 h q[8]
Gate( 6489)	 t q[4]
Gate( 6490)	 t q[3]
Gate( 6491)	 t q[8]
Gate( 6492)	cx q[3], q[4]
Gate( 6493)	cx q[8], q[3]
Gate( 6494)	cx q[4], q[8]
Gate( 6495)	tdg q[3]
Gate( 6496)	cx q[4], q[3]
Gate( 6497)	tdg q[4]
Gate( 6498)	tdg q[3]
Gate( 6499)	 t q[8]
Gate( 6500)	cx q[8], q[3]
Gate( 6501)	cx q[4], q[8]
Gate( 6502)	cx q[3], q[4]
Gate( 6503)	 h q[8]
Gate( 6504)	 h q[9]
Gate( 6505)	 t q[2]
Gate( 6506)	 t q[8]
Gate( 6507)	 t q[9]
Gate( 6508)	cx q[8], q[2]
Gate( 6509)	cx q[9], q[8]
Gate( 6510)	cx q[2], q[9]
Gate( 6511)	tdg q[8]
Gate( 6512)	cx q[2], q[8]
Gate( 6513)	tdg q[2]
Gate( 6514)	tdg q[8]
Gate( 6515)	 t q[9]
Gate( 6516)	cx q[9], q[8]
Gate( 6517)	cx q[2], q[9]
Gate( 6518)	cx q[8], q[2]
Gate( 6519)	 h q[9]
Gate( 6520)	 h q[10]
Gate( 6521)	 t q[1]
Gate( 6522)	 t q[9]
Gate( 6523)	 t q[10]
Gate( 6524)	cx q[9], q[1]
Gate( 6525)	cx q[10], q[9]
Gate( 6526)	cx q[1], q[10]
Gate( 6527)	tdg q[9]
Gate( 6528)	cx q[1], q[9]
Gate( 6529)	tdg q[1]
Gate( 6530)	tdg q[9]
Gate( 6531)	 t q[10]
Gate( 6532)	cx q[10], q[9]
Gate( 6533)	cx q[1], q[10]
Gate( 6534)	cx q[9], q[1]
Gate( 6535)	 h q[10]
Gate( 6536)	 h q[7]
Gate( 6537)	 t q[5]
Gate( 6538)	 t q[10]
Gate( 6539)	 t q[7]
Gate( 6540)	cx q[10], q[5]
Gate( 6541)	cx q[7], q[10]
Gate( 6542)	cx q[5], q[7]
Gate( 6543)	tdg q[10]
Gate( 6544)	cx q[5], q[10]
Gate( 6545)	tdg q[5]
Gate( 6546)	tdg q[10]
Gate( 6547)	 t q[7]
Gate( 6548)	cx q[7], q[10]
Gate( 6549)	cx q[5], q[7]
Gate( 6550)	cx q[10], q[5]
Gate( 6551)	 h q[7]
Gate( 6552)	 h q[10]
Gate( 6553)	 t q[8]
Gate( 6554)	 t q[6]
Gate( 6555)	 t q[10]
Gate( 6556)	cx q[6], q[8]
Gate( 6557)	cx q[10], q[6]
Gate( 6558)	cx q[8], q[10]
Gate( 6559)	tdg q[6]
Gate( 6560)	cx q[8], q[6]
Gate( 6561)	tdg q[8]
Gate( 6562)	tdg q[6]
Gate( 6563)	 t q[10]
Gate( 6564)	cx q[10], q[6]
Gate( 6565)	cx q[8], q[10]
Gate( 6566)	cx q[6], q[8]
Gate( 6567)	 h q[10]
Gate( 6568)	 h q[7]
Gate( 6569)	 t q[5]
Gate( 6570)	 t q[10]
Gate( 6571)	 t q[7]
Gate( 6572)	cx q[10], q[5]
Gate( 6573)	cx q[7], q[10]
Gate( 6574)	cx q[5], q[7]
Gate( 6575)	tdg q[10]
Gate( 6576)	cx q[5], q[10]
Gate( 6577)	tdg q[5]
Gate( 6578)	tdg q[10]
Gate( 6579)	 t q[7]
Gate( 6580)	cx q[7], q[10]
Gate( 6581)	cx q[5], q[7]
Gate( 6582)	cx q[10], q[5]
Gate( 6583)	 h q[7]
Gate( 6584)	 h q[10]
Gate( 6585)	 t q[8]
Gate( 6586)	 t q[6]
Gate( 6587)	 t q[10]
Gate( 6588)	cx q[6], q[8]
Gate( 6589)	cx q[10], q[6]
Gate( 6590)	cx q[8], q[10]
Gate( 6591)	tdg q[6]
Gate( 6592)	cx q[8], q[6]
Gate( 6593)	tdg q[8]
Gate( 6594)	tdg q[6]
Gate( 6595)	 t q[10]
Gate( 6596)	cx q[10], q[6]
Gate( 6597)	cx q[8], q[10]
Gate( 6598)	cx q[6], q[8]
Gate( 6599)	 h q[10]
Gate( 6600)	 h q[0]
Gate( 6601)	 t q[7]
Gate( 6602)	 t q[10]
Gate( 6603)	 t q[0]
Gate( 6604)	cx q[10], q[7]
Gate( 6605)	cx q[0], q[10]
Gate( 6606)	cx q[7], q[0]
Gate( 6607)	tdg q[10]
Gate( 6608)	cx q[7], q[10]
Gate( 6609)	tdg q[7]
Gate( 6610)	tdg q[10]
Gate( 6611)	 t q[0]
Gate( 6612)	cx q[0], q[10]
Gate( 6613)	cx q[7], q[0]
Gate( 6614)	cx q[10], q[7]
Gate( 6615)	 h q[0]
Gate( 6616)	 h q[10]
Gate( 6617)	 t q[1]
Gate( 6618)	 t q[9]
Gate( 6619)	 t q[10]
Gate( 6620)	cx q[9], q[1]
Gate( 6621)	cx q[10], q[9]
Gate( 6622)	cx q[1], q[10]
Gate( 6623)	tdg q[9]
Gate( 6624)	cx q[1], q[9]
Gate( 6625)	tdg q[1]
Gate( 6626)	tdg q[9]
Gate( 6627)	 t q[10]
Gate( 6628)	cx q[10], q[9]
Gate( 6629)	cx q[1], q[10]
Gate( 6630)	cx q[9], q[1]
Gate( 6631)	 h q[10]
Gate( 6632)	 h q[9]
Gate( 6633)	 t q[2]
Gate( 6634)	 t q[8]
Gate( 6635)	 t q[9]
Gate( 6636)	cx q[8], q[2]
Gate( 6637)	cx q[9], q[8]
Gate( 6638)	cx q[2], q[9]
Gate( 6639)	tdg q[8]
Gate( 6640)	cx q[2], q[8]
Gate( 6641)	tdg q[2]
Gate( 6642)	tdg q[8]
Gate( 6643)	 t q[9]
Gate( 6644)	cx q[9], q[8]
Gate( 6645)	cx q[2], q[9]
Gate( 6646)	cx q[8], q[2]
Gate( 6647)	 h q[9]
Gate( 6648)	 h q[8]
Gate( 6649)	 t q[4]
Gate( 6650)	 t q[3]
Gate( 6651)	 t q[8]
Gate( 6652)	cx q[3], q[4]
Gate( 6653)	cx q[8], q[3]
Gate( 6654)	cx q[4], q[8]
Gate( 6655)	tdg q[3]
Gate( 6656)	cx q[4], q[3]
Gate( 6657)	tdg q[4]
Gate( 6658)	tdg q[3]
Gate( 6659)	 t q[8]
Gate( 6660)	cx q[8], q[3]
Gate( 6661)	cx q[4], q[8]
Gate( 6662)	cx q[3], q[4]
Gate( 6663)	 h q[8]
Gate( 6664)	 h q[9]
Gate( 6665)	 t q[2]
Gate( 6666)	 t q[8]
Gate( 6667)	 t q[9]
Gate( 6668)	cx q[8], q[2]
Gate( 6669)	cx q[9], q[8]
Gate( 6670)	cx q[2], q[9]
Gate( 6671)	tdg q[8]
Gate( 6672)	cx q[2], q[8]
Gate( 6673)	tdg q[2]
Gate( 6674)	tdg q[8]
Gate( 6675)	 t q[9]
Gate( 6676)	cx q[9], q[8]
Gate( 6677)	cx q[2], q[9]
Gate( 6678)	cx q[8], q[2]
Gate( 6679)	 h q[9]
Gate( 6680)	 h q[10]
Gate( 6681)	 t q[1]
Gate( 6682)	 t q[9]
Gate( 6683)	 t q[10]
Gate( 6684)	cx q[9], q[1]
Gate( 6685)	cx q[10], q[9]
Gate( 6686)	cx q[1], q[10]
Gate( 6687)	tdg q[9]
Gate( 6688)	cx q[1], q[9]
Gate( 6689)	tdg q[1]
Gate( 6690)	tdg q[9]
Gate( 6691)	 t q[10]
Gate( 6692)	cx q[10], q[9]
Gate( 6693)	cx q[1], q[10]
Gate( 6694)	cx q[9], q[1]
Gate( 6695)	 h q[10]
Gate( 6696)	 h q[0]
Gate( 6697)	 t q[7]
Gate( 6698)	 t q[10]
Gate( 6699)	 t q[0]
Gate( 6700)	cx q[10], q[7]
Gate( 6701)	cx q[0], q[10]
Gate( 6702)	cx q[7], q[0]
Gate( 6703)	tdg q[10]
Gate( 6704)	cx q[7], q[10]
Gate( 6705)	tdg q[7]
Gate( 6706)	tdg q[10]
Gate( 6707)	 t q[0]
Gate( 6708)	cx q[0], q[10]
Gate( 6709)	cx q[7], q[0]
Gate( 6710)	cx q[10], q[7]
Gate( 6711)	 h q[0]
Gate( 6712)	 h q[10]
Gate( 6713)	 t q[1]
Gate( 6714)	 t q[9]
Gate( 6715)	 t q[10]
Gate( 6716)	cx q[9], q[1]
Gate( 6717)	cx q[10], q[9]
Gate( 6718)	cx q[1], q[10]
Gate( 6719)	tdg q[9]
Gate( 6720)	cx q[1], q[9]
Gate( 6721)	tdg q[1]
Gate( 6722)	tdg q[9]
Gate( 6723)	 t q[10]
Gate( 6724)	cx q[10], q[9]
Gate( 6725)	cx q[1], q[10]
Gate( 6726)	cx q[9], q[1]
Gate( 6727)	 h q[10]
Gate( 6728)	 h q[9]
Gate( 6729)	 t q[2]
Gate( 6730)	 t q[8]
Gate( 6731)	 t q[9]
Gate( 6732)	cx q[8], q[2]
Gate( 6733)	cx q[9], q[8]
Gate( 6734)	cx q[2], q[9]
Gate( 6735)	tdg q[8]
Gate( 6736)	cx q[2], q[8]
Gate( 6737)	tdg q[2]
Gate( 6738)	tdg q[8]
Gate( 6739)	 t q[9]
Gate( 6740)	cx q[9], q[8]
Gate( 6741)	cx q[2], q[9]
Gate( 6742)	cx q[8], q[2]
Gate( 6743)	 h q[9]
Gate( 6744)	 h q[8]
Gate( 6745)	 t q[4]
Gate( 6746)	 t q[3]
Gate( 6747)	 t q[8]
Gate( 6748)	cx q[3], q[4]
Gate( 6749)	cx q[8], q[3]
Gate( 6750)	cx q[4], q[8]
Gate( 6751)	tdg q[3]
Gate( 6752)	cx q[4], q[3]
Gate( 6753)	tdg q[4]
Gate( 6754)	tdg q[3]
Gate( 6755)	 t q[8]
Gate( 6756)	cx q[8], q[3]
Gate( 6757)	cx q[4], q[8]
Gate( 6758)	cx q[3], q[4]
Gate( 6759)	 h q[8]
Gate( 6760)	 h q[9]
Gate( 6761)	 t q[2]
Gate( 6762)	 t q[8]
Gate( 6763)	 t q[9]
Gate( 6764)	cx q[8], q[2]
Gate( 6765)	cx q[9], q[8]
Gate( 6766)	cx q[2], q[9]
Gate( 6767)	tdg q[8]
Gate( 6768)	cx q[2], q[8]
Gate( 6769)	tdg q[2]
Gate( 6770)	tdg q[8]
Gate( 6771)	 t q[9]
Gate( 6772)	cx q[9], q[8]
Gate( 6773)	cx q[2], q[9]
Gate( 6774)	cx q[8], q[2]
Gate( 6775)	 h q[9]
Gate( 6776)	 h q[10]
Gate( 6777)	 t q[1]
Gate( 6778)	 t q[9]
Gate( 6779)	 t q[10]
Gate( 6780)	cx q[9], q[1]
Gate( 6781)	cx q[10], q[9]
Gate( 6782)	cx q[1], q[10]
Gate( 6783)	tdg q[9]
Gate( 6784)	cx q[1], q[9]
Gate( 6785)	tdg q[1]
Gate( 6786)	tdg q[9]
Gate( 6787)	 t q[10]
Gate( 6788)	cx q[10], q[9]
Gate( 6789)	cx q[1], q[10]
Gate( 6790)	cx q[9], q[1]
Gate( 6791)	 h q[10]
Gate( 6792)	 x q[1]
Gate( 6793)	 h q[10]
Gate( 6794)	 t q[6]
Gate( 6795)	 t q[5]
Gate( 6796)	 t q[10]
Gate( 6797)	cx q[5], q[6]
Gate( 6798)	cx q[10], q[5]
Gate( 6799)	cx q[6], q[10]
Gate( 6800)	tdg q[5]
Gate( 6801)	cx q[6], q[5]
Gate( 6802)	tdg q[6]
Gate( 6803)	tdg q[5]
Gate( 6804)	 t q[10]
Gate( 6805)	cx q[10], q[5]
Gate( 6806)	cx q[6], q[10]
Gate( 6807)	cx q[5], q[6]
Gate( 6808)	 h q[10]
Gate( 6809)	 h q[5]
Gate( 6810)	 t q[7]
Gate( 6811)	 t q[4]
Gate( 6812)	 t q[5]
Gate( 6813)	cx q[4], q[7]
Gate( 6814)	cx q[5], q[4]
Gate( 6815)	cx q[7], q[5]
Gate( 6816)	tdg q[4]
Gate( 6817)	cx q[7], q[4]
Gate( 6818)	tdg q[7]
Gate( 6819)	tdg q[4]
Gate( 6820)	 t q[5]
Gate( 6821)	cx q[5], q[4]
Gate( 6822)	cx q[7], q[5]
Gate( 6823)	cx q[4], q[7]
Gate( 6824)	 h q[5]
Gate( 6825)	 h q[4]
Gate( 6826)	 t q[9]
Gate( 6827)	 t q[8]
Gate( 6828)	 t q[4]
Gate( 6829)	cx q[8], q[9]
Gate( 6830)	cx q[4], q[8]
Gate( 6831)	cx q[9], q[4]
Gate( 6832)	tdg q[8]
Gate( 6833)	cx q[9], q[8]
Gate( 6834)	tdg q[9]
Gate( 6835)	tdg q[8]
Gate( 6836)	 t q[4]
Gate( 6837)	cx q[4], q[8]
Gate( 6838)	cx q[9], q[4]
Gate( 6839)	cx q[8], q[9]
Gate( 6840)	 h q[4]
Gate( 6841)	 h q[5]
Gate( 6842)	 t q[7]
Gate( 6843)	 t q[4]
Gate( 6844)	 t q[5]
Gate( 6845)	cx q[4], q[7]
Gate( 6846)	cx q[5], q[4]
Gate( 6847)	cx q[7], q[5]
Gate( 6848)	tdg q[4]
Gate( 6849)	cx q[7], q[4]
Gate( 6850)	tdg q[7]
Gate( 6851)	tdg q[4]
Gate( 6852)	 t q[5]
Gate( 6853)	cx q[5], q[4]
Gate( 6854)	cx q[7], q[5]
Gate( 6855)	cx q[4], q[7]
Gate( 6856)	 h q[5]
Gate( 6857)	 h q[10]
Gate( 6858)	 t q[6]
Gate( 6859)	 t q[5]
Gate( 6860)	 t q[10]
Gate( 6861)	cx q[5], q[6]
Gate( 6862)	cx q[10], q[5]
Gate( 6863)	cx q[6], q[10]
Gate( 6864)	tdg q[5]
Gate( 6865)	cx q[6], q[5]
Gate( 6866)	tdg q[6]
Gate( 6867)	tdg q[5]
Gate( 6868)	 t q[10]
Gate( 6869)	cx q[10], q[5]
Gate( 6870)	cx q[6], q[10]
Gate( 6871)	cx q[5], q[6]
Gate( 6872)	 h q[10]
Gate( 6873)	 h q[5]
Gate( 6874)	 t q[7]
Gate( 6875)	 t q[4]
Gate( 6876)	 t q[5]
Gate( 6877)	cx q[4], q[7]
Gate( 6878)	cx q[5], q[4]
Gate( 6879)	cx q[7], q[5]
Gate( 6880)	tdg q[4]
Gate( 6881)	cx q[7], q[4]
Gate( 6882)	tdg q[7]
Gate( 6883)	tdg q[4]
Gate( 6884)	 t q[5]
Gate( 6885)	cx q[5], q[4]
Gate( 6886)	cx q[7], q[5]
Gate( 6887)	cx q[4], q[7]
Gate( 6888)	 h q[5]
Gate( 6889)	 h q[4]
Gate( 6890)	 t q[9]
Gate( 6891)	 t q[8]
Gate( 6892)	 t q[4]
Gate( 6893)	cx q[8], q[9]
Gate( 6894)	cx q[4], q[8]
Gate( 6895)	cx q[9], q[4]
Gate( 6896)	tdg q[8]
Gate( 6897)	cx q[9], q[8]
Gate( 6898)	tdg q[9]
Gate( 6899)	tdg q[8]
Gate( 6900)	 t q[4]
Gate( 6901)	cx q[4], q[8]
Gate( 6902)	cx q[9], q[4]
Gate( 6903)	cx q[8], q[9]
Gate( 6904)	 h q[4]
Gate( 6905)	 h q[5]
Gate( 6906)	 t q[7]
Gate( 6907)	 t q[4]
Gate( 6908)	 t q[5]
Gate( 6909)	cx q[4], q[7]
Gate( 6910)	cx q[5], q[4]
Gate( 6911)	cx q[7], q[5]
Gate( 6912)	tdg q[4]
Gate( 6913)	cx q[7], q[4]
Gate( 6914)	tdg q[7]
Gate( 6915)	tdg q[4]
Gate( 6916)	 t q[5]
Gate( 6917)	cx q[5], q[4]
Gate( 6918)	cx q[7], q[5]
Gate( 6919)	cx q[4], q[7]
Gate( 6920)	 h q[5]
Gate( 6921)	 h q[0]
Gate( 6922)	 t q[10]
Gate( 6923)	 t q[9]
Gate( 6924)	 t q[0]
Gate( 6925)	cx q[9], q[10]
Gate( 6926)	cx q[0], q[9]
Gate( 6927)	cx q[10], q[0]
Gate( 6928)	tdg q[9]
Gate( 6929)	cx q[10], q[9]
Gate( 6930)	tdg q[10]
Gate( 6931)	tdg q[9]
Gate( 6932)	 t q[0]
Gate( 6933)	cx q[0], q[9]
Gate( 6934)	cx q[10], q[0]
Gate( 6935)	cx q[9], q[10]
Gate( 6936)	 h q[0]
Gate( 6937)	 h q[9]
Gate( 6938)	 t q[1]
Gate( 6939)	 t q[8]
Gate( 6940)	 t q[9]
Gate( 6941)	cx q[8], q[1]
Gate( 6942)	cx q[9], q[8]
Gate( 6943)	cx q[1], q[9]
Gate( 6944)	tdg q[8]
Gate( 6945)	cx q[1], q[8]
Gate( 6946)	tdg q[1]
Gate( 6947)	tdg q[8]
Gate( 6948)	 t q[9]
Gate( 6949)	cx q[9], q[8]
Gate( 6950)	cx q[1], q[9]
Gate( 6951)	cx q[8], q[1]
Gate( 6952)	 h q[9]
Gate( 6953)	 h q[8]
Gate( 6954)	 t q[2]
Gate( 6955)	 t q[7]
Gate( 6956)	 t q[8]
Gate( 6957)	cx q[7], q[2]
Gate( 6958)	cx q[8], q[7]
Gate( 6959)	cx q[2], q[8]
Gate( 6960)	tdg q[7]
Gate( 6961)	cx q[2], q[7]
Gate( 6962)	tdg q[2]
Gate( 6963)	tdg q[7]
Gate( 6964)	 t q[8]
Gate( 6965)	cx q[8], q[7]
Gate( 6966)	cx q[2], q[8]
Gate( 6967)	cx q[7], q[2]
Gate( 6968)	 h q[8]
Gate( 6969)	 h q[7]
Gate( 6970)	 t q[3]
Gate( 6971)	 t q[6]
Gate( 6972)	 t q[7]
Gate( 6973)	cx q[6], q[3]
Gate( 6974)	cx q[7], q[6]
Gate( 6975)	cx q[3], q[7]
Gate( 6976)	tdg q[6]
Gate( 6977)	cx q[3], q[6]
Gate( 6978)	tdg q[3]
Gate( 6979)	tdg q[6]
Gate( 6980)	 t q[7]
Gate( 6981)	cx q[7], q[6]
Gate( 6982)	cx q[3], q[7]
Gate( 6983)	cx q[6], q[3]
Gate( 6984)	 h q[7]
Gate( 6985)	 h q[6]
Gate( 6986)	 t q[5]
Gate( 6987)	 t q[4]
Gate( 6988)	 t q[6]
Gate( 6989)	cx q[4], q[5]
Gate( 6990)	cx q[6], q[4]
Gate( 6991)	cx q[5], q[6]
Gate( 6992)	tdg q[4]
Gate( 6993)	cx q[5], q[4]
Gate( 6994)	tdg q[5]
Gate( 6995)	tdg q[4]
Gate( 6996)	 t q[6]
Gate( 6997)	cx q[6], q[4]
Gate( 6998)	cx q[5], q[6]
Gate( 6999)	cx q[4], q[5]
Gate( 7000)	 h q[6]
Gate( 7001)	 h q[7]
Gate( 7002)	 t q[3]
Gate( 7003)	 t q[6]
Gate( 7004)	 t q[7]
Gate( 7005)	cx q[6], q[3]
Gate( 7006)	cx q[7], q[6]
Gate( 7007)	cx q[3], q[7]
Gate( 7008)	tdg q[6]
Gate( 7009)	cx q[3], q[6]
Gate( 7010)	tdg q[3]
Gate( 7011)	tdg q[6]
Gate( 7012)	 t q[7]
Gate( 7013)	cx q[7], q[6]
Gate( 7014)	cx q[3], q[7]
Gate( 7015)	cx q[6], q[3]
Gate( 7016)	 h q[7]
Gate( 7017)	 h q[8]
Gate( 7018)	 t q[2]
Gate( 7019)	 t q[7]
Gate( 7020)	 t q[8]
Gate( 7021)	cx q[7], q[2]
Gate( 7022)	cx q[8], q[7]
Gate( 7023)	cx q[2], q[8]
Gate( 7024)	tdg q[7]
Gate( 7025)	cx q[2], q[7]
Gate( 7026)	tdg q[2]
Gate( 7027)	tdg q[7]
Gate( 7028)	 t q[8]
Gate( 7029)	cx q[8], q[7]
Gate( 7030)	cx q[2], q[8]
Gate( 7031)	cx q[7], q[2]
Gate( 7032)	 h q[8]
Gate( 7033)	 h q[9]
Gate( 7034)	 t q[1]
Gate( 7035)	 t q[8]
Gate( 7036)	 t q[9]
Gate( 7037)	cx q[8], q[1]
Gate( 7038)	cx q[9], q[8]
Gate( 7039)	cx q[1], q[9]
Gate( 7040)	tdg q[8]
Gate( 7041)	cx q[1], q[8]
Gate( 7042)	tdg q[1]
Gate( 7043)	tdg q[8]
Gate( 7044)	 t q[9]
Gate( 7045)	cx q[9], q[8]
Gate( 7046)	cx q[1], q[9]
Gate( 7047)	cx q[8], q[1]
Gate( 7048)	 h q[9]
Gate( 7049)	 h q[0]
Gate( 7050)	 t q[10]
Gate( 7051)	 t q[9]
Gate( 7052)	 t q[0]
Gate( 7053)	cx q[9], q[10]
Gate( 7054)	cx q[0], q[9]
Gate( 7055)	cx q[10], q[0]
Gate( 7056)	tdg q[9]
Gate( 7057)	cx q[10], q[9]
Gate( 7058)	tdg q[10]
Gate( 7059)	tdg q[9]
Gate( 7060)	 t q[0]
Gate( 7061)	cx q[0], q[9]
Gate( 7062)	cx q[10], q[0]
Gate( 7063)	cx q[9], q[10]
Gate( 7064)	 h q[0]
Gate( 7065)	 h q[9]
Gate( 7066)	 t q[1]
Gate( 7067)	 t q[8]
Gate( 7068)	 t q[9]
Gate( 7069)	cx q[8], q[1]
Gate( 7070)	cx q[9], q[8]
Gate( 7071)	cx q[1], q[9]
Gate( 7072)	tdg q[8]
Gate( 7073)	cx q[1], q[8]
Gate( 7074)	tdg q[1]
Gate( 7075)	tdg q[8]
Gate( 7076)	 t q[9]
Gate( 7077)	cx q[9], q[8]
Gate( 7078)	cx q[1], q[9]
Gate( 7079)	cx q[8], q[1]
Gate( 7080)	 h q[9]
Gate( 7081)	 h q[8]
Gate( 7082)	 t q[2]
Gate( 7083)	 t q[7]
Gate( 7084)	 t q[8]
Gate( 7085)	cx q[7], q[2]
Gate( 7086)	cx q[8], q[7]
Gate( 7087)	cx q[2], q[8]
Gate( 7088)	tdg q[7]
Gate( 7089)	cx q[2], q[7]
Gate( 7090)	tdg q[2]
Gate( 7091)	tdg q[7]
Gate( 7092)	 t q[8]
Gate( 7093)	cx q[8], q[7]
Gate( 7094)	cx q[2], q[8]
Gate( 7095)	cx q[7], q[2]
Gate( 7096)	 h q[8]
Gate( 7097)	 h q[7]
Gate( 7098)	 t q[3]
Gate( 7099)	 t q[6]
Gate( 7100)	 t q[7]
Gate( 7101)	cx q[6], q[3]
Gate( 7102)	cx q[7], q[6]
Gate( 7103)	cx q[3], q[7]
Gate( 7104)	tdg q[6]
Gate( 7105)	cx q[3], q[6]
Gate( 7106)	tdg q[3]
Gate( 7107)	tdg q[6]
Gate( 7108)	 t q[7]
Gate( 7109)	cx q[7], q[6]
Gate( 7110)	cx q[3], q[7]
Gate( 7111)	cx q[6], q[3]
Gate( 7112)	 h q[7]
Gate( 7113)	 h q[6]
Gate( 7114)	 t q[5]
Gate( 7115)	 t q[4]
Gate( 7116)	 t q[6]
Gate( 7117)	cx q[4], q[5]
Gate( 7118)	cx q[6], q[4]
Gate( 7119)	cx q[5], q[6]
Gate( 7120)	tdg q[4]
Gate( 7121)	cx q[5], q[4]
Gate( 7122)	tdg q[5]
Gate( 7123)	tdg q[4]
Gate( 7124)	 t q[6]
Gate( 7125)	cx q[6], q[4]
Gate( 7126)	cx q[5], q[6]
Gate( 7127)	cx q[4], q[5]
Gate( 7128)	 h q[6]
Gate( 7129)	 h q[7]
Gate( 7130)	 t q[3]
Gate( 7131)	 t q[6]
Gate( 7132)	 t q[7]
Gate( 7133)	cx q[6], q[3]
Gate( 7134)	cx q[7], q[6]
Gate( 7135)	cx q[3], q[7]
Gate( 7136)	tdg q[6]
Gate( 7137)	cx q[3], q[6]
Gate( 7138)	tdg q[3]
Gate( 7139)	tdg q[6]
Gate( 7140)	 t q[7]
Gate( 7141)	cx q[7], q[6]
Gate( 7142)	cx q[3], q[7]
Gate( 7143)	cx q[6], q[3]
Gate( 7144)	 h q[7]
Gate( 7145)	 h q[8]
Gate( 7146)	 t q[2]
Gate( 7147)	 t q[7]
Gate( 7148)	 t q[8]
Gate( 7149)	cx q[7], q[2]
Gate( 7150)	cx q[8], q[7]
Gate( 7151)	cx q[2], q[8]
Gate( 7152)	tdg q[7]
Gate( 7153)	cx q[2], q[7]
Gate( 7154)	tdg q[2]
Gate( 7155)	tdg q[7]
Gate( 7156)	 t q[8]
Gate( 7157)	cx q[8], q[7]
Gate( 7158)	cx q[2], q[8]
Gate( 7159)	cx q[7], q[2]
Gate( 7160)	 h q[8]
Gate( 7161)	 h q[9]
Gate( 7162)	 t q[1]
Gate( 7163)	 t q[8]
Gate( 7164)	 t q[9]
Gate( 7165)	cx q[8], q[1]
Gate( 7166)	cx q[9], q[8]
Gate( 7167)	cx q[1], q[9]
Gate( 7168)	tdg q[8]
Gate( 7169)	cx q[1], q[8]
Gate( 7170)	tdg q[1]
Gate( 7171)	tdg q[8]
Gate( 7172)	 t q[9]
Gate( 7173)	cx q[9], q[8]
Gate( 7174)	cx q[1], q[9]
Gate( 7175)	cx q[8], q[1]
Gate( 7176)	 h q[9]
Gate( 7177)	 h q[10]
Gate( 7178)	 t q[6]
Gate( 7179)	 t q[5]
Gate( 7180)	 t q[10]
Gate( 7181)	cx q[5], q[6]
Gate( 7182)	cx q[10], q[5]
Gate( 7183)	cx q[6], q[10]
Gate( 7184)	tdg q[5]
Gate( 7185)	cx q[6], q[5]
Gate( 7186)	tdg q[6]
Gate( 7187)	tdg q[5]
Gate( 7188)	 t q[10]
Gate( 7189)	cx q[10], q[5]
Gate( 7190)	cx q[6], q[10]
Gate( 7191)	cx q[5], q[6]
Gate( 7192)	 h q[10]
Gate( 7193)	 h q[5]
Gate( 7194)	 t q[7]
Gate( 7195)	 t q[4]
Gate( 7196)	 t q[5]
Gate( 7197)	cx q[4], q[7]
Gate( 7198)	cx q[5], q[4]
Gate( 7199)	cx q[7], q[5]
Gate( 7200)	tdg q[4]
Gate( 7201)	cx q[7], q[4]
Gate( 7202)	tdg q[7]
Gate( 7203)	tdg q[4]
Gate( 7204)	 t q[5]
Gate( 7205)	cx q[5], q[4]
Gate( 7206)	cx q[7], q[5]
Gate( 7207)	cx q[4], q[7]
Gate( 7208)	 h q[5]
Gate( 7209)	 h q[4]
Gate( 7210)	 t q[9]
Gate( 7211)	 t q[8]
Gate( 7212)	 t q[4]
Gate( 7213)	cx q[8], q[9]
Gate( 7214)	cx q[4], q[8]
Gate( 7215)	cx q[9], q[4]
Gate( 7216)	tdg q[8]
Gate( 7217)	cx q[9], q[8]
Gate( 7218)	tdg q[9]
Gate( 7219)	tdg q[8]
Gate( 7220)	 t q[4]
Gate( 7221)	cx q[4], q[8]
Gate( 7222)	cx q[9], q[4]
Gate( 7223)	cx q[8], q[9]
Gate( 7224)	 h q[4]
Gate( 7225)	 h q[5]
Gate( 7226)	 t q[7]
Gate( 7227)	 t q[4]
Gate( 7228)	 t q[5]
Gate( 7229)	cx q[4], q[7]
Gate( 7230)	cx q[5], q[4]
Gate( 7231)	cx q[7], q[5]
Gate( 7232)	tdg q[4]
Gate( 7233)	cx q[7], q[4]
Gate( 7234)	tdg q[7]
Gate( 7235)	tdg q[4]
Gate( 7236)	 t q[5]
Gate( 7237)	cx q[5], q[4]
Gate( 7238)	cx q[7], q[5]
Gate( 7239)	cx q[4], q[7]
Gate( 7240)	 h q[5]
Gate( 7241)	 h q[10]
Gate( 7242)	 t q[6]
Gate( 7243)	 t q[5]
Gate( 7244)	 t q[10]
Gate( 7245)	cx q[5], q[6]
Gate( 7246)	cx q[10], q[5]
Gate( 7247)	cx q[6], q[10]
Gate( 7248)	tdg q[5]
Gate( 7249)	cx q[6], q[5]
Gate( 7250)	tdg q[6]
Gate( 7251)	tdg q[5]
Gate( 7252)	 t q[10]
Gate( 7253)	cx q[10], q[5]
Gate( 7254)	cx q[6], q[10]
Gate( 7255)	cx q[5], q[6]
Gate( 7256)	 h q[10]
Gate( 7257)	 h q[5]
Gate( 7258)	 t q[7]
Gate( 7259)	 t q[4]
Gate( 7260)	 t q[5]
Gate( 7261)	cx q[4], q[7]
Gate( 7262)	cx q[5], q[4]
Gate( 7263)	cx q[7], q[5]
Gate( 7264)	tdg q[4]
Gate( 7265)	cx q[7], q[4]
Gate( 7266)	tdg q[7]
Gate( 7267)	tdg q[4]
Gate( 7268)	 t q[5]
Gate( 7269)	cx q[5], q[4]
Gate( 7270)	cx q[7], q[5]
Gate( 7271)	cx q[4], q[7]
Gate( 7272)	 h q[5]
Gate( 7273)	 h q[4]
Gate( 7274)	 t q[9]
Gate( 7275)	 t q[8]
Gate( 7276)	 t q[4]
Gate( 7277)	cx q[8], q[9]
Gate( 7278)	cx q[4], q[8]
Gate( 7279)	cx q[9], q[4]
Gate( 7280)	tdg q[8]
Gate( 7281)	cx q[9], q[8]
Gate( 7282)	tdg q[9]
Gate( 7283)	tdg q[8]
Gate( 7284)	 t q[4]
Gate( 7285)	cx q[4], q[8]
Gate( 7286)	cx q[9], q[4]
Gate( 7287)	cx q[8], q[9]
Gate( 7288)	 h q[4]
Gate( 7289)	 h q[5]
Gate( 7290)	 t q[7]
Gate( 7291)	 t q[4]
Gate( 7292)	 t q[5]
Gate( 7293)	cx q[4], q[7]
Gate( 7294)	cx q[5], q[4]
Gate( 7295)	cx q[7], q[5]
Gate( 7296)	tdg q[4]
Gate( 7297)	cx q[7], q[4]
Gate( 7298)	tdg q[7]
Gate( 7299)	tdg q[4]
Gate( 7300)	 t q[5]
Gate( 7301)	cx q[5], q[4]
Gate( 7302)	cx q[7], q[5]
Gate( 7303)	cx q[4], q[7]
Gate( 7304)	 h q[5]
Gate( 7305)	 h q[0]
Gate( 7306)	 t q[10]
Gate( 7307)	 t q[9]
Gate( 7308)	 t q[0]
Gate( 7309)	cx q[9], q[10]
Gate( 7310)	cx q[0], q[9]
Gate( 7311)	cx q[10], q[0]
Gate( 7312)	tdg q[9]
Gate( 7313)	cx q[10], q[9]
Gate( 7314)	tdg q[10]
Gate( 7315)	tdg q[9]
Gate( 7316)	 t q[0]
Gate( 7317)	cx q[0], q[9]
Gate( 7318)	cx q[10], q[0]
Gate( 7319)	cx q[9], q[10]
Gate( 7320)	 h q[0]
Gate( 7321)	 h q[9]
Gate( 7322)	 t q[1]
Gate( 7323)	 t q[8]
Gate( 7324)	 t q[9]
Gate( 7325)	cx q[8], q[1]
Gate( 7326)	cx q[9], q[8]
Gate( 7327)	cx q[1], q[9]
Gate( 7328)	tdg q[8]
Gate( 7329)	cx q[1], q[8]
Gate( 7330)	tdg q[1]
Gate( 7331)	tdg q[8]
Gate( 7332)	 t q[9]
Gate( 7333)	cx q[9], q[8]
Gate( 7334)	cx q[1], q[9]
Gate( 7335)	cx q[8], q[1]
Gate( 7336)	 h q[9]
Gate( 7337)	 h q[8]
Gate( 7338)	 t q[2]
Gate( 7339)	 t q[7]
Gate( 7340)	 t q[8]
Gate( 7341)	cx q[7], q[2]
Gate( 7342)	cx q[8], q[7]
Gate( 7343)	cx q[2], q[8]
Gate( 7344)	tdg q[7]
Gate( 7345)	cx q[2], q[7]
Gate( 7346)	tdg q[2]
Gate( 7347)	tdg q[7]
Gate( 7348)	 t q[8]
Gate( 7349)	cx q[8], q[7]
Gate( 7350)	cx q[2], q[8]
Gate( 7351)	cx q[7], q[2]
Gate( 7352)	 h q[8]
Gate( 7353)	 h q[7]
Gate( 7354)	 t q[3]
Gate( 7355)	 t q[6]
Gate( 7356)	 t q[7]
Gate( 7357)	cx q[6], q[3]
Gate( 7358)	cx q[7], q[6]
Gate( 7359)	cx q[3], q[7]
Gate( 7360)	tdg q[6]
Gate( 7361)	cx q[3], q[6]
Gate( 7362)	tdg q[3]
Gate( 7363)	tdg q[6]
Gate( 7364)	 t q[7]
Gate( 7365)	cx q[7], q[6]
Gate( 7366)	cx q[3], q[7]
Gate( 7367)	cx q[6], q[3]
Gate( 7368)	 h q[7]
Gate( 7369)	 h q[6]
Gate( 7370)	 t q[5]
Gate( 7371)	 t q[4]
Gate( 7372)	 t q[6]
Gate( 7373)	cx q[4], q[5]
Gate( 7374)	cx q[6], q[4]
Gate( 7375)	cx q[5], q[6]
Gate( 7376)	tdg q[4]
Gate( 7377)	cx q[5], q[4]
Gate( 7378)	tdg q[5]
Gate( 7379)	tdg q[4]
Gate( 7380)	 t q[6]
Gate( 7381)	cx q[6], q[4]
Gate( 7382)	cx q[5], q[6]
Gate( 7383)	cx q[4], q[5]
Gate( 7384)	 h q[6]
Gate( 7385)	 h q[7]
Gate( 7386)	 t q[3]
Gate( 7387)	 t q[6]
Gate( 7388)	 t q[7]
Gate( 7389)	cx q[6], q[3]
Gate( 7390)	cx q[7], q[6]
Gate( 7391)	cx q[3], q[7]
Gate( 7392)	tdg q[6]
Gate( 7393)	cx q[3], q[6]
Gate( 7394)	tdg q[3]
Gate( 7395)	tdg q[6]
Gate( 7396)	 t q[7]
Gate( 7397)	cx q[7], q[6]
Gate( 7398)	cx q[3], q[7]
Gate( 7399)	cx q[6], q[3]
Gate( 7400)	 h q[7]
Gate( 7401)	 h q[8]
Gate( 7402)	 t q[2]
Gate( 7403)	 t q[7]
Gate( 7404)	 t q[8]
Gate( 7405)	cx q[7], q[2]
Gate( 7406)	cx q[8], q[7]
Gate( 7407)	cx q[2], q[8]
Gate( 7408)	tdg q[7]
Gate( 7409)	cx q[2], q[7]
Gate( 7410)	tdg q[2]
Gate( 7411)	tdg q[7]
Gate( 7412)	 t q[8]
Gate( 7413)	cx q[8], q[7]
Gate( 7414)	cx q[2], q[8]
Gate( 7415)	cx q[7], q[2]
Gate( 7416)	 h q[8]
Gate( 7417)	 h q[9]
Gate( 7418)	 t q[1]
Gate( 7419)	 t q[8]
Gate( 7420)	 t q[9]
Gate( 7421)	cx q[8], q[1]
Gate( 7422)	cx q[9], q[8]
Gate( 7423)	cx q[1], q[9]
Gate( 7424)	tdg q[8]
Gate( 7425)	cx q[1], q[8]
Gate( 7426)	tdg q[1]
Gate( 7427)	tdg q[8]
Gate( 7428)	 t q[9]
Gate( 7429)	cx q[9], q[8]
Gate( 7430)	cx q[1], q[9]
Gate( 7431)	cx q[8], q[1]
Gate( 7432)	 h q[9]
Gate( 7433)	 h q[0]
Gate( 7434)	 t q[10]
Gate( 7435)	 t q[9]
Gate( 7436)	 t q[0]
Gate( 7437)	cx q[9], q[10]
Gate( 7438)	cx q[0], q[9]
Gate( 7439)	cx q[10], q[0]
Gate( 7440)	tdg q[9]
Gate( 7441)	cx q[10], q[9]
Gate( 7442)	tdg q[10]
Gate( 7443)	tdg q[9]
Gate( 7444)	 t q[0]
Gate( 7445)	cx q[0], q[9]
Gate( 7446)	cx q[10], q[0]
Gate( 7447)	cx q[9], q[10]
Gate( 7448)	 h q[0]
Gate( 7449)	 h q[9]
Gate( 7450)	 t q[1]
Gate( 7451)	 t q[8]
Gate( 7452)	 t q[9]
Gate( 7453)	cx q[8], q[1]
Gate( 7454)	cx q[9], q[8]
Gate( 7455)	cx q[1], q[9]
Gate( 7456)	tdg q[8]
Gate( 7457)	cx q[1], q[8]
Gate( 7458)	tdg q[1]
Gate( 7459)	tdg q[8]
Gate( 7460)	 t q[9]
Gate( 7461)	cx q[9], q[8]
Gate( 7462)	cx q[1], q[9]
Gate( 7463)	cx q[8], q[1]
Gate( 7464)	 h q[9]
Gate( 7465)	 h q[8]
Gate( 7466)	 t q[2]
Gate( 7467)	 t q[7]
Gate( 7468)	 t q[8]
Gate( 7469)	cx q[7], q[2]
Gate( 7470)	cx q[8], q[7]
Gate( 7471)	cx q[2], q[8]
Gate( 7472)	tdg q[7]
Gate( 7473)	cx q[2], q[7]
Gate( 7474)	tdg q[2]
Gate( 7475)	tdg q[7]
Gate( 7476)	 t q[8]
Gate( 7477)	cx q[8], q[7]
Gate( 7478)	cx q[2], q[8]
Gate( 7479)	cx q[7], q[2]
Gate( 7480)	 h q[8]
Gate( 7481)	 h q[7]
Gate( 7482)	 t q[3]
Gate( 7483)	 t q[6]
Gate( 7484)	 t q[7]
Gate( 7485)	cx q[6], q[3]
Gate( 7486)	cx q[7], q[6]
Gate( 7487)	cx q[3], q[7]
Gate( 7488)	tdg q[6]
Gate( 7489)	cx q[3], q[6]
Gate( 7490)	tdg q[3]
Gate( 7491)	tdg q[6]
Gate( 7492)	 t q[7]
Gate( 7493)	cx q[7], q[6]
Gate( 7494)	cx q[3], q[7]
Gate( 7495)	cx q[6], q[3]
Gate( 7496)	 h q[7]
Gate( 7497)	 h q[6]
Gate( 7498)	 t q[5]
Gate( 7499)	 t q[4]
Gate( 7500)	 t q[6]
Gate( 7501)	cx q[4], q[5]
Gate( 7502)	cx q[6], q[4]
Gate( 7503)	cx q[5], q[6]
Gate( 7504)	tdg q[4]
Gate( 7505)	cx q[5], q[4]
Gate( 7506)	tdg q[5]
Gate( 7507)	tdg q[4]
Gate( 7508)	 t q[6]
Gate( 7509)	cx q[6], q[4]
Gate( 7510)	cx q[5], q[6]
Gate( 7511)	cx q[4], q[5]
Gate( 7512)	 h q[6]
Gate( 7513)	 h q[7]
Gate( 7514)	 t q[3]
Gate( 7515)	 t q[6]
Gate( 7516)	 t q[7]
Gate( 7517)	cx q[6], q[3]
Gate( 7518)	cx q[7], q[6]
Gate( 7519)	cx q[3], q[7]
Gate( 7520)	tdg q[6]
Gate( 7521)	cx q[3], q[6]
Gate( 7522)	tdg q[3]
Gate( 7523)	tdg q[6]
Gate( 7524)	 t q[7]
Gate( 7525)	cx q[7], q[6]
Gate( 7526)	cx q[3], q[7]
Gate( 7527)	cx q[6], q[3]
Gate( 7528)	 h q[7]
Gate( 7529)	 h q[8]
Gate( 7530)	 t q[2]
Gate( 7531)	 t q[7]
Gate( 7532)	 t q[8]
Gate( 7533)	cx q[7], q[2]
Gate( 7534)	cx q[8], q[7]
Gate( 7535)	cx q[2], q[8]
Gate( 7536)	tdg q[7]
Gate( 7537)	cx q[2], q[7]
Gate( 7538)	tdg q[2]
Gate( 7539)	tdg q[7]
Gate( 7540)	 t q[8]
Gate( 7541)	cx q[8], q[7]
Gate( 7542)	cx q[2], q[8]
Gate( 7543)	cx q[7], q[2]
Gate( 7544)	 h q[8]
Gate( 7545)	 h q[9]
Gate( 7546)	 t q[1]
Gate( 7547)	 t q[8]
Gate( 7548)	 t q[9]
Gate( 7549)	cx q[8], q[1]
Gate( 7550)	cx q[9], q[8]
Gate( 7551)	cx q[1], q[9]
Gate( 7552)	tdg q[8]
Gate( 7553)	cx q[1], q[8]
Gate( 7554)	tdg q[1]
Gate( 7555)	tdg q[8]
Gate( 7556)	 t q[9]
Gate( 7557)	cx q[9], q[8]
Gate( 7558)	cx q[1], q[9]
Gate( 7559)	cx q[8], q[1]
Gate( 7560)	 h q[9]
Gate( 7561)	 h q[6]
Gate( 7562)	 t q[5]
Gate( 7563)	 t q[10]
Gate( 7564)	 t q[6]
Gate( 7565)	cx q[10], q[5]
Gate( 7566)	cx q[6], q[10]
Gate( 7567)	cx q[5], q[6]
Gate( 7568)	tdg q[10]
Gate( 7569)	cx q[5], q[10]
Gate( 7570)	tdg q[5]
Gate( 7571)	tdg q[10]
Gate( 7572)	 t q[6]
Gate( 7573)	cx q[6], q[10]
Gate( 7574)	cx q[5], q[6]
Gate( 7575)	cx q[10], q[5]
Gate( 7576)	 h q[6]
Gate( 7577)	 h q[10]
Gate( 7578)	 t q[7]
Gate( 7579)	 t q[4]
Gate( 7580)	 t q[10]
Gate( 7581)	cx q[4], q[7]
Gate( 7582)	cx q[10], q[4]
Gate( 7583)	cx q[7], q[10]
Gate( 7584)	tdg q[4]
Gate( 7585)	cx q[7], q[4]
Gate( 7586)	tdg q[7]
Gate( 7587)	tdg q[4]
Gate( 7588)	 t q[10]
Gate( 7589)	cx q[10], q[4]
Gate( 7590)	cx q[7], q[10]
Gate( 7591)	cx q[4], q[7]
Gate( 7592)	 h q[10]
Gate( 7593)	 h q[4]
Gate( 7594)	 t q[9]
Gate( 7595)	 t q[8]
Gate( 7596)	 t q[4]
Gate( 7597)	cx q[8], q[9]
Gate( 7598)	cx q[4], q[8]
Gate( 7599)	cx q[9], q[4]
Gate( 7600)	tdg q[8]
Gate( 7601)	cx q[9], q[8]
Gate( 7602)	tdg q[9]
Gate( 7603)	tdg q[8]
Gate( 7604)	 t q[4]
Gate( 7605)	cx q[4], q[8]
Gate( 7606)	cx q[9], q[4]
Gate( 7607)	cx q[8], q[9]
Gate( 7608)	 h q[4]
Gate( 7609)	 h q[10]
Gate( 7610)	 t q[7]
Gate( 7611)	 t q[4]
Gate( 7612)	 t q[10]
Gate( 7613)	cx q[4], q[7]
Gate( 7614)	cx q[10], q[4]
Gate( 7615)	cx q[7], q[10]
Gate( 7616)	tdg q[4]
Gate( 7617)	cx q[7], q[4]
Gate( 7618)	tdg q[7]
Gate( 7619)	tdg q[4]
Gate( 7620)	 t q[10]
Gate( 7621)	cx q[10], q[4]
Gate( 7622)	cx q[7], q[10]
Gate( 7623)	cx q[4], q[7]
Gate( 7624)	 h q[10]
Gate( 7625)	 h q[6]
Gate( 7626)	 t q[5]
Gate( 7627)	 t q[10]
Gate( 7628)	 t q[6]
Gate( 7629)	cx q[10], q[5]
Gate( 7630)	cx q[6], q[10]
Gate( 7631)	cx q[5], q[6]
Gate( 7632)	tdg q[10]
Gate( 7633)	cx q[5], q[10]
Gate( 7634)	tdg q[5]
Gate( 7635)	tdg q[10]
Gate( 7636)	 t q[6]
Gate( 7637)	cx q[6], q[10]
Gate( 7638)	cx q[5], q[6]
Gate( 7639)	cx q[10], q[5]
Gate( 7640)	 h q[6]
Gate( 7641)	 h q[10]
Gate( 7642)	 t q[7]
Gate( 7643)	 t q[4]
Gate( 7644)	 t q[10]
Gate( 7645)	cx q[4], q[7]
Gate( 7646)	cx q[10], q[4]
Gate( 7647)	cx q[7], q[10]
Gate( 7648)	tdg q[4]
Gate( 7649)	cx q[7], q[4]
Gate( 7650)	tdg q[7]
Gate( 7651)	tdg q[4]
Gate( 7652)	 t q[10]
Gate( 7653)	cx q[10], q[4]
Gate( 7654)	cx q[7], q[10]
Gate( 7655)	cx q[4], q[7]
Gate( 7656)	 h q[10]
Gate( 7657)	 h q[4]
Gate( 7658)	 t q[9]
Gate( 7659)	 t q[8]
Gate( 7660)	 t q[4]
Gate( 7661)	cx q[8], q[9]
Gate( 7662)	cx q[4], q[8]
Gate( 7663)	cx q[9], q[4]
Gate( 7664)	tdg q[8]
Gate( 7665)	cx q[9], q[8]
Gate( 7666)	tdg q[9]
Gate( 7667)	tdg q[8]
Gate( 7668)	 t q[4]
Gate( 7669)	cx q[4], q[8]
Gate( 7670)	cx q[9], q[4]
Gate( 7671)	cx q[8], q[9]
Gate( 7672)	 h q[4]
Gate( 7673)	 h q[10]
Gate( 7674)	 t q[7]
Gate( 7675)	 t q[4]
Gate( 7676)	 t q[10]
Gate( 7677)	cx q[4], q[7]
Gate( 7678)	cx q[10], q[4]
Gate( 7679)	cx q[7], q[10]
Gate( 7680)	tdg q[4]
Gate( 7681)	cx q[7], q[4]
Gate( 7682)	tdg q[7]
Gate( 7683)	tdg q[4]
Gate( 7684)	 t q[10]
Gate( 7685)	cx q[10], q[4]
Gate( 7686)	cx q[7], q[10]
Gate( 7687)	cx q[4], q[7]
Gate( 7688)	 h q[10]
Gate( 7689)	 h q[0]
Gate( 7690)	 t q[6]
Gate( 7691)	 t q[10]
Gate( 7692)	 t q[0]
Gate( 7693)	cx q[10], q[6]
Gate( 7694)	cx q[0], q[10]
Gate( 7695)	cx q[6], q[0]
Gate( 7696)	tdg q[10]
Gate( 7697)	cx q[6], q[10]
Gate( 7698)	tdg q[6]
Gate( 7699)	tdg q[10]
Gate( 7700)	 t q[0]
Gate( 7701)	cx q[0], q[10]
Gate( 7702)	cx q[6], q[0]
Gate( 7703)	cx q[10], q[6]
Gate( 7704)	 h q[0]
Gate( 7705)	 h q[10]
Gate( 7706)	 t q[1]
Gate( 7707)	 t q[9]
Gate( 7708)	 t q[10]
Gate( 7709)	cx q[9], q[1]
Gate( 7710)	cx q[10], q[9]
Gate( 7711)	cx q[1], q[10]
Gate( 7712)	tdg q[9]
Gate( 7713)	cx q[1], q[9]
Gate( 7714)	tdg q[1]
Gate( 7715)	tdg q[9]
Gate( 7716)	 t q[10]
Gate( 7717)	cx q[10], q[9]
Gate( 7718)	cx q[1], q[10]
Gate( 7719)	cx q[9], q[1]
Gate( 7720)	 h q[10]
Gate( 7721)	 h q[9]
Gate( 7722)	 t q[2]
Gate( 7723)	 t q[8]
Gate( 7724)	 t q[9]
Gate( 7725)	cx q[8], q[2]
Gate( 7726)	cx q[9], q[8]
Gate( 7727)	cx q[2], q[9]
Gate( 7728)	tdg q[8]
Gate( 7729)	cx q[2], q[8]
Gate( 7730)	tdg q[2]
Gate( 7731)	tdg q[8]
Gate( 7732)	 t q[9]
Gate( 7733)	cx q[9], q[8]
Gate( 7734)	cx q[2], q[9]
Gate( 7735)	cx q[8], q[2]
Gate( 7736)	 h q[9]
Gate( 7737)	 h q[8]
Gate( 7738)	 t q[4]
Gate( 7739)	 t q[3]
Gate( 7740)	 t q[8]
Gate( 7741)	cx q[3], q[4]
Gate( 7742)	cx q[8], q[3]
Gate( 7743)	cx q[4], q[8]
Gate( 7744)	tdg q[3]
Gate( 7745)	cx q[4], q[3]
Gate( 7746)	tdg q[4]
Gate( 7747)	tdg q[3]
Gate( 7748)	 t q[8]
Gate( 7749)	cx q[8], q[3]
Gate( 7750)	cx q[4], q[8]
Gate( 7751)	cx q[3], q[4]
Gate( 7752)	 h q[8]
Gate( 7753)	 h q[9]
Gate( 7754)	 t q[2]
Gate( 7755)	 t q[8]
Gate( 7756)	 t q[9]
Gate( 7757)	cx q[8], q[2]
Gate( 7758)	cx q[9], q[8]
Gate( 7759)	cx q[2], q[9]
Gate( 7760)	tdg q[8]
Gate( 7761)	cx q[2], q[8]
Gate( 7762)	tdg q[2]
Gate( 7763)	tdg q[8]
Gate( 7764)	 t q[9]
Gate( 7765)	cx q[9], q[8]
Gate( 7766)	cx q[2], q[9]
Gate( 7767)	cx q[8], q[2]
Gate( 7768)	 h q[9]
Gate( 7769)	 h q[10]
Gate( 7770)	 t q[1]
Gate( 7771)	 t q[9]
Gate( 7772)	 t q[10]
Gate( 7773)	cx q[9], q[1]
Gate( 7774)	cx q[10], q[9]
Gate( 7775)	cx q[1], q[10]
Gate( 7776)	tdg q[9]
Gate( 7777)	cx q[1], q[9]
Gate( 7778)	tdg q[1]
Gate( 7779)	tdg q[9]
Gate( 7780)	 t q[10]
Gate( 7781)	cx q[10], q[9]
Gate( 7782)	cx q[1], q[10]
Gate( 7783)	cx q[9], q[1]
Gate( 7784)	 h q[10]
Gate( 7785)	 h q[0]
Gate( 7786)	 t q[6]
Gate( 7787)	 t q[10]
Gate( 7788)	 t q[0]
Gate( 7789)	cx q[10], q[6]
Gate( 7790)	cx q[0], q[10]
Gate( 7791)	cx q[6], q[0]
Gate( 7792)	tdg q[10]
Gate( 7793)	cx q[6], q[10]
Gate( 7794)	tdg q[6]
Gate( 7795)	tdg q[10]
Gate( 7796)	 t q[0]
Gate( 7797)	cx q[0], q[10]
Gate( 7798)	cx q[6], q[0]
Gate( 7799)	cx q[10], q[6]
Gate( 7800)	 h q[0]
Gate( 7801)	 h q[10]
Gate( 7802)	 t q[1]
Gate( 7803)	 t q[9]
Gate( 7804)	 t q[10]
Gate( 7805)	cx q[9], q[1]
Gate( 7806)	cx q[10], q[9]
Gate( 7807)	cx q[1], q[10]
Gate( 7808)	tdg q[9]
Gate( 7809)	cx q[1], q[9]
Gate( 7810)	tdg q[1]
Gate( 7811)	tdg q[9]
Gate( 7812)	 t q[10]
Gate( 7813)	cx q[10], q[9]
Gate( 7814)	cx q[1], q[10]
Gate( 7815)	cx q[9], q[1]
Gate( 7816)	 h q[10]
Gate( 7817)	 h q[9]
Gate( 7818)	 t q[2]
Gate( 7819)	 t q[8]
Gate( 7820)	 t q[9]
Gate( 7821)	cx q[8], q[2]
Gate( 7822)	cx q[9], q[8]
Gate( 7823)	cx q[2], q[9]
Gate( 7824)	tdg q[8]
Gate( 7825)	cx q[2], q[8]
Gate( 7826)	tdg q[2]
Gate( 7827)	tdg q[8]
Gate( 7828)	 t q[9]
Gate( 7829)	cx q[9], q[8]
Gate( 7830)	cx q[2], q[9]
Gate( 7831)	cx q[8], q[2]
Gate( 7832)	 h q[9]
Gate( 7833)	 h q[8]
Gate( 7834)	 t q[4]
Gate( 7835)	 t q[3]
Gate( 7836)	 t q[8]
Gate( 7837)	cx q[3], q[4]
Gate( 7838)	cx q[8], q[3]
Gate( 7839)	cx q[4], q[8]
Gate( 7840)	tdg q[3]
Gate( 7841)	cx q[4], q[3]
Gate( 7842)	tdg q[4]
Gate( 7843)	tdg q[3]
Gate( 7844)	 t q[8]
Gate( 7845)	cx q[8], q[3]
Gate( 7846)	cx q[4], q[8]
Gate( 7847)	cx q[3], q[4]
Gate( 7848)	 h q[8]
Gate( 7849)	 h q[9]
Gate( 7850)	 t q[2]
Gate( 7851)	 t q[8]
Gate( 7852)	 t q[9]
Gate( 7853)	cx q[8], q[2]
Gate( 7854)	cx q[9], q[8]
Gate( 7855)	cx q[2], q[9]
Gate( 7856)	tdg q[8]
Gate( 7857)	cx q[2], q[8]
Gate( 7858)	tdg q[2]
Gate( 7859)	tdg q[8]
Gate( 7860)	 t q[9]
Gate( 7861)	cx q[9], q[8]
Gate( 7862)	cx q[2], q[9]
Gate( 7863)	cx q[8], q[2]
Gate( 7864)	 h q[9]
Gate( 7865)	 h q[10]
Gate( 7866)	 t q[1]
Gate( 7867)	 t q[9]
Gate( 7868)	 t q[10]
Gate( 7869)	cx q[9], q[1]
Gate( 7870)	cx q[10], q[9]
Gate( 7871)	cx q[1], q[10]
Gate( 7872)	tdg q[9]
Gate( 7873)	cx q[1], q[9]
Gate( 7874)	tdg q[1]
Gate( 7875)	tdg q[9]
Gate( 7876)	 t q[10]
Gate( 7877)	cx q[10], q[9]
Gate( 7878)	cx q[1], q[10]
Gate( 7879)	cx q[9], q[1]
Gate( 7880)	 h q[10]
Gate( 7881)	 h q[6]
Gate( 7882)	 t q[5]
Gate( 7883)	 t q[10]
Gate( 7884)	 t q[6]
Gate( 7885)	cx q[10], q[5]
Gate( 7886)	cx q[6], q[10]
Gate( 7887)	cx q[5], q[6]
Gate( 7888)	tdg q[10]
Gate( 7889)	cx q[5], q[10]
Gate( 7890)	tdg q[5]
Gate( 7891)	tdg q[10]
Gate( 7892)	 t q[6]
Gate( 7893)	cx q[6], q[10]
Gate( 7894)	cx q[5], q[6]
Gate( 7895)	cx q[10], q[5]
Gate( 7896)	 h q[6]
Gate( 7897)	 h q[10]
Gate( 7898)	 t q[7]
Gate( 7899)	 t q[4]
Gate( 7900)	 t q[10]
Gate( 7901)	cx q[4], q[7]
Gate( 7902)	cx q[10], q[4]
Gate( 7903)	cx q[7], q[10]
Gate( 7904)	tdg q[4]
Gate( 7905)	cx q[7], q[4]
Gate( 7906)	tdg q[7]
Gate( 7907)	tdg q[4]
Gate( 7908)	 t q[10]
Gate( 7909)	cx q[10], q[4]
Gate( 7910)	cx q[7], q[10]
Gate( 7911)	cx q[4], q[7]
Gate( 7912)	 h q[10]
Gate( 7913)	 h q[4]
Gate( 7914)	 t q[9]
Gate( 7915)	 t q[8]
Gate( 7916)	 t q[4]
Gate( 7917)	cx q[8], q[9]
Gate( 7918)	cx q[4], q[8]
Gate( 7919)	cx q[9], q[4]
Gate( 7920)	tdg q[8]
Gate( 7921)	cx q[9], q[8]
Gate( 7922)	tdg q[9]
Gate( 7923)	tdg q[8]
Gate( 7924)	 t q[4]
Gate( 7925)	cx q[4], q[8]
Gate( 7926)	cx q[9], q[4]
Gate( 7927)	cx q[8], q[9]
Gate( 7928)	 h q[4]
Gate( 7929)	 h q[10]
Gate( 7930)	 t q[7]
Gate( 7931)	 t q[4]
Gate( 7932)	 t q[10]
Gate( 7933)	cx q[4], q[7]
Gate( 7934)	cx q[10], q[4]
Gate( 7935)	cx q[7], q[10]
Gate( 7936)	tdg q[4]
Gate( 7937)	cx q[7], q[4]
Gate( 7938)	tdg q[7]
Gate( 7939)	tdg q[4]
Gate( 7940)	 t q[10]
Gate( 7941)	cx q[10], q[4]
Gate( 7942)	cx q[7], q[10]
Gate( 7943)	cx q[4], q[7]
Gate( 7944)	 h q[10]
Gate( 7945)	 h q[6]
Gate( 7946)	 t q[5]
Gate( 7947)	 t q[10]
Gate( 7948)	 t q[6]
Gate( 7949)	cx q[10], q[5]
Gate( 7950)	cx q[6], q[10]
Gate( 7951)	cx q[5], q[6]
Gate( 7952)	tdg q[10]
Gate( 7953)	cx q[5], q[10]
Gate( 7954)	tdg q[5]
Gate( 7955)	tdg q[10]
Gate( 7956)	 t q[6]
Gate( 7957)	cx q[6], q[10]
Gate( 7958)	cx q[5], q[6]
Gate( 7959)	cx q[10], q[5]
Gate( 7960)	 h q[6]
Gate( 7961)	 h q[10]
Gate( 7962)	 t q[7]
Gate( 7963)	 t q[4]
Gate( 7964)	 t q[10]
Gate( 7965)	cx q[4], q[7]
Gate( 7966)	cx q[10], q[4]
Gate( 7967)	cx q[7], q[10]
Gate( 7968)	tdg q[4]
Gate( 7969)	cx q[7], q[4]
Gate( 7970)	tdg q[7]
Gate( 7971)	tdg q[4]
Gate( 7972)	 t q[10]
Gate( 7973)	cx q[10], q[4]
Gate( 7974)	cx q[7], q[10]
Gate( 7975)	cx q[4], q[7]
Gate( 7976)	 h q[10]
Gate( 7977)	 h q[4]
Gate( 7978)	 t q[9]
Gate( 7979)	 t q[8]
Gate( 7980)	 t q[4]
Gate( 7981)	cx q[8], q[9]
Gate( 7982)	cx q[4], q[8]
Gate( 7983)	cx q[9], q[4]
Gate( 7984)	tdg q[8]
Gate( 7985)	cx q[9], q[8]
Gate( 7986)	tdg q[9]
Gate( 7987)	tdg q[8]
Gate( 7988)	 t q[4]
Gate( 7989)	cx q[4], q[8]
Gate( 7990)	cx q[9], q[4]
Gate( 7991)	cx q[8], q[9]
Gate( 7992)	 h q[4]
Gate( 7993)	 h q[10]
Gate( 7994)	 t q[7]
Gate( 7995)	 t q[4]
Gate( 7996)	 t q[10]
Gate( 7997)	cx q[4], q[7]
Gate( 7998)	cx q[10], q[4]
Gate( 7999)	cx q[7], q[10]
Gate( 8000)	tdg q[4]
Gate( 8001)	cx q[7], q[4]
Gate( 8002)	tdg q[7]
Gate( 8003)	tdg q[4]
Gate( 8004)	 t q[10]
Gate( 8005)	cx q[10], q[4]
Gate( 8006)	cx q[7], q[10]
Gate( 8007)	cx q[4], q[7]
Gate( 8008)	 h q[10]
Gate( 8009)	 h q[0]
Gate( 8010)	 t q[6]
Gate( 8011)	 t q[10]
Gate( 8012)	 t q[0]
Gate( 8013)	cx q[10], q[6]
Gate( 8014)	cx q[0], q[10]
Gate( 8015)	cx q[6], q[0]
Gate( 8016)	tdg q[10]
Gate( 8017)	cx q[6], q[10]
Gate( 8018)	tdg q[6]
Gate( 8019)	tdg q[10]
Gate( 8020)	 t q[0]
Gate( 8021)	cx q[0], q[10]
Gate( 8022)	cx q[6], q[0]
Gate( 8023)	cx q[10], q[6]
Gate( 8024)	 h q[0]
Gate( 8025)	 h q[10]
Gate( 8026)	 t q[1]
Gate( 8027)	 t q[9]
Gate( 8028)	 t q[10]
Gate( 8029)	cx q[9], q[1]
Gate( 8030)	cx q[10], q[9]
Gate( 8031)	cx q[1], q[10]
Gate( 8032)	tdg q[9]
Gate( 8033)	cx q[1], q[9]
Gate( 8034)	tdg q[1]
Gate( 8035)	tdg q[9]
Gate( 8036)	 t q[10]
Gate( 8037)	cx q[10], q[9]
Gate( 8038)	cx q[1], q[10]
Gate( 8039)	cx q[9], q[1]
Gate( 8040)	 h q[10]
Gate( 8041)	 h q[9]
Gate( 8042)	 t q[2]
Gate( 8043)	 t q[8]
Gate( 8044)	 t q[9]
Gate( 8045)	cx q[8], q[2]
Gate( 8046)	cx q[9], q[8]
Gate( 8047)	cx q[2], q[9]
Gate( 8048)	tdg q[8]
Gate( 8049)	cx q[2], q[8]
Gate( 8050)	tdg q[2]
Gate( 8051)	tdg q[8]
Gate( 8052)	 t q[9]
Gate( 8053)	cx q[9], q[8]
Gate( 8054)	cx q[2], q[9]
Gate( 8055)	cx q[8], q[2]
Gate( 8056)	 h q[9]
Gate( 8057)	 h q[8]
Gate( 8058)	 t q[4]
Gate( 8059)	 t q[3]
Gate( 8060)	 t q[8]
Gate( 8061)	cx q[3], q[4]
Gate( 8062)	cx q[8], q[3]
Gate( 8063)	cx q[4], q[8]
Gate( 8064)	tdg q[3]
Gate( 8065)	cx q[4], q[3]
Gate( 8066)	tdg q[4]
Gate( 8067)	tdg q[3]
Gate( 8068)	 t q[8]
Gate( 8069)	cx q[8], q[3]
Gate( 8070)	cx q[4], q[8]
Gate( 8071)	cx q[3], q[4]
Gate( 8072)	 h q[8]
Gate( 8073)	 h q[9]
Gate( 8074)	 t q[2]
Gate( 8075)	 t q[8]
Gate( 8076)	 t q[9]
Gate( 8077)	cx q[8], q[2]
Gate( 8078)	cx q[9], q[8]
Gate( 8079)	cx q[2], q[9]
Gate( 8080)	tdg q[8]
Gate( 8081)	cx q[2], q[8]
Gate( 8082)	tdg q[2]
Gate( 8083)	tdg q[8]
Gate( 8084)	 t q[9]
Gate( 8085)	cx q[9], q[8]
Gate( 8086)	cx q[2], q[9]
Gate( 8087)	cx q[8], q[2]
Gate( 8088)	 h q[9]
Gate( 8089)	 h q[10]
Gate( 8090)	 t q[1]
Gate( 8091)	 t q[9]
Gate( 8092)	 t q[10]
Gate( 8093)	cx q[9], q[1]
Gate( 8094)	cx q[10], q[9]
Gate( 8095)	cx q[1], q[10]
Gate( 8096)	tdg q[9]
Gate( 8097)	cx q[1], q[9]
Gate( 8098)	tdg q[1]
Gate( 8099)	tdg q[9]
Gate( 8100)	 t q[10]
Gate( 8101)	cx q[10], q[9]
Gate( 8102)	cx q[1], q[10]
Gate( 8103)	cx q[9], q[1]
Gate( 8104)	 h q[10]
Gate( 8105)	 h q[0]
Gate( 8106)	 t q[6]
Gate( 8107)	 t q[10]
Gate( 8108)	 t q[0]
Gate( 8109)	cx q[10], q[6]
Gate( 8110)	cx q[0], q[10]
Gate( 8111)	cx q[6], q[0]
Gate( 8112)	tdg q[10]
Gate( 8113)	cx q[6], q[10]
Gate( 8114)	tdg q[6]
Gate( 8115)	tdg q[10]
Gate( 8116)	 t q[0]
Gate( 8117)	cx q[0], q[10]
Gate( 8118)	cx q[6], q[0]
Gate( 8119)	cx q[10], q[6]
Gate( 8120)	 h q[0]
Gate( 8121)	 h q[10]
Gate( 8122)	 t q[1]
Gate( 8123)	 t q[9]
Gate( 8124)	 t q[10]
Gate( 8125)	cx q[9], q[1]
Gate( 8126)	cx q[10], q[9]
Gate( 8127)	cx q[1], q[10]
Gate( 8128)	tdg q[9]
Gate( 8129)	cx q[1], q[9]
Gate( 8130)	tdg q[1]
Gate( 8131)	tdg q[9]
Gate( 8132)	 t q[10]
Gate( 8133)	cx q[10], q[9]
Gate( 8134)	cx q[1], q[10]
Gate( 8135)	cx q[9], q[1]
Gate( 8136)	 h q[10]
Gate( 8137)	 h q[9]
Gate( 8138)	 t q[2]
Gate( 8139)	 t q[8]
Gate( 8140)	 t q[9]
Gate( 8141)	cx q[8], q[2]
Gate( 8142)	cx q[9], q[8]
Gate( 8143)	cx q[2], q[9]
Gate( 8144)	tdg q[8]
Gate( 8145)	cx q[2], q[8]
Gate( 8146)	tdg q[2]
Gate( 8147)	tdg q[8]
Gate( 8148)	 t q[9]
Gate( 8149)	cx q[9], q[8]
Gate( 8150)	cx q[2], q[9]
Gate( 8151)	cx q[8], q[2]
Gate( 8152)	 h q[9]
Gate( 8153)	 h q[8]
Gate( 8154)	 t q[4]
Gate( 8155)	 t q[3]
Gate( 8156)	 t q[8]
Gate( 8157)	cx q[3], q[4]
Gate( 8158)	cx q[8], q[3]
Gate( 8159)	cx q[4], q[8]
Gate( 8160)	tdg q[3]
Gate( 8161)	cx q[4], q[3]
Gate( 8162)	tdg q[4]
Gate( 8163)	tdg q[3]
Gate( 8164)	 t q[8]
Gate( 8165)	cx q[8], q[3]
Gate( 8166)	cx q[4], q[8]
Gate( 8167)	cx q[3], q[4]
Gate( 8168)	 h q[8]
Gate( 8169)	 h q[9]
Gate( 8170)	 t q[2]
Gate( 8171)	 t q[8]
Gate( 8172)	 t q[9]
Gate( 8173)	cx q[8], q[2]
Gate( 8174)	cx q[9], q[8]
Gate( 8175)	cx q[2], q[9]
Gate( 8176)	tdg q[8]
Gate( 8177)	cx q[2], q[8]
Gate( 8178)	tdg q[2]
Gate( 8179)	tdg q[8]
Gate( 8180)	 t q[9]
Gate( 8181)	cx q[9], q[8]
Gate( 8182)	cx q[2], q[9]
Gate( 8183)	cx q[8], q[2]
Gate( 8184)	 h q[9]
Gate( 8185)	 h q[10]
Gate( 8186)	 t q[1]
Gate( 8187)	 t q[9]
Gate( 8188)	 t q[10]
Gate( 8189)	cx q[9], q[1]
Gate( 8190)	cx q[10], q[9]
Gate( 8191)	cx q[1], q[10]
Gate( 8192)	tdg q[9]
Gate( 8193)	cx q[1], q[9]
Gate( 8194)	tdg q[1]
Gate( 8195)	tdg q[9]
Gate( 8196)	 t q[10]
Gate( 8197)	cx q[10], q[9]
Gate( 8198)	cx q[1], q[10]
Gate( 8199)	cx q[9], q[1]
Gate( 8200)	 h q[10]
Gate( 8201)	 x q[8]
Gate( 8202)	 h q[3]
Gate( 8203)	 t q[6]
Gate( 8204)	 t q[10]
Gate( 8205)	 t q[3]
Gate( 8206)	cx q[10], q[6]
Gate( 8207)	cx q[3], q[10]
Gate( 8208)	cx q[6], q[3]
Gate( 8209)	tdg q[10]
Gate( 8210)	cx q[6], q[10]
Gate( 8211)	tdg q[6]
Gate( 8212)	tdg q[10]
Gate( 8213)	 t q[3]
Gate( 8214)	cx q[3], q[10]
Gate( 8215)	cx q[6], q[3]
Gate( 8216)	cx q[10], q[6]
Gate( 8217)	 h q[3]
Gate( 8218)	 h q[10]
Gate( 8219)	 t q[7]
Gate( 8220)	 t q[5]
Gate( 8221)	 t q[10]
Gate( 8222)	cx q[5], q[7]
Gate( 8223)	cx q[10], q[5]
Gate( 8224)	cx q[7], q[10]
Gate( 8225)	tdg q[5]
Gate( 8226)	cx q[7], q[5]
Gate( 8227)	tdg q[7]
Gate( 8228)	tdg q[5]
Gate( 8229)	 t q[10]
Gate( 8230)	cx q[10], q[5]
Gate( 8231)	cx q[7], q[10]
Gate( 8232)	cx q[5], q[7]
Gate( 8233)	 h q[10]
Gate( 8234)	 h q[5]
Gate( 8235)	 t q[9]
Gate( 8236)	 t q[8]
Gate( 8237)	 t q[5]
Gate( 8238)	cx q[8], q[9]
Gate( 8239)	cx q[5], q[8]
Gate( 8240)	cx q[9], q[5]
Gate( 8241)	tdg q[8]
Gate( 8242)	cx q[9], q[8]
Gate( 8243)	tdg q[9]
Gate( 8244)	tdg q[8]
Gate( 8245)	 t q[5]
Gate( 8246)	cx q[5], q[8]
Gate( 8247)	cx q[9], q[5]
Gate( 8248)	cx q[8], q[9]
Gate( 8249)	 h q[5]
Gate( 8250)	 h q[10]
Gate( 8251)	 t q[7]
Gate( 8252)	 t q[5]
Gate( 8253)	 t q[10]
Gate( 8254)	cx q[5], q[7]
Gate( 8255)	cx q[10], q[5]
Gate( 8256)	cx q[7], q[10]
Gate( 8257)	tdg q[5]
Gate( 8258)	cx q[7], q[5]
Gate( 8259)	tdg q[7]
Gate( 8260)	tdg q[5]
Gate( 8261)	 t q[10]
Gate( 8262)	cx q[10], q[5]
Gate( 8263)	cx q[7], q[10]
Gate( 8264)	cx q[5], q[7]
Gate( 8265)	 h q[10]
Gate( 8266)	 h q[3]
Gate( 8267)	 t q[6]
Gate( 8268)	 t q[10]
Gate( 8269)	 t q[3]
Gate( 8270)	cx q[10], q[6]
Gate( 8271)	cx q[3], q[10]
Gate( 8272)	cx q[6], q[3]
Gate( 8273)	tdg q[10]
Gate( 8274)	cx q[6], q[10]
Gate( 8275)	tdg q[6]
Gate( 8276)	tdg q[10]
Gate( 8277)	 t q[3]
Gate( 8278)	cx q[3], q[10]
Gate( 8279)	cx q[6], q[3]
Gate( 8280)	cx q[10], q[6]
Gate( 8281)	 h q[3]
Gate( 8282)	 h q[10]
Gate( 8283)	 t q[7]
Gate( 8284)	 t q[5]
Gate( 8285)	 t q[10]
Gate( 8286)	cx q[5], q[7]
Gate( 8287)	cx q[10], q[5]
Gate( 8288)	cx q[7], q[10]
Gate( 8289)	tdg q[5]
Gate( 8290)	cx q[7], q[5]
Gate( 8291)	tdg q[7]
Gate( 8292)	tdg q[5]
Gate( 8293)	 t q[10]
Gate( 8294)	cx q[10], q[5]
Gate( 8295)	cx q[7], q[10]
Gate( 8296)	cx q[5], q[7]
Gate( 8297)	 h q[10]
Gate( 8298)	 h q[5]
Gate( 8299)	 t q[9]
Gate( 8300)	 t q[8]
Gate( 8301)	 t q[5]
Gate( 8302)	cx q[8], q[9]
Gate( 8303)	cx q[5], q[8]
Gate( 8304)	cx q[9], q[5]
Gate( 8305)	tdg q[8]
Gate( 8306)	cx q[9], q[8]
Gate( 8307)	tdg q[9]
Gate( 8308)	tdg q[8]
Gate( 8309)	 t q[5]
Gate( 8310)	cx q[5], q[8]
Gate( 8311)	cx q[9], q[5]
Gate( 8312)	cx q[8], q[9]
Gate( 8313)	 h q[5]
Gate( 8314)	 h q[10]
Gate( 8315)	 t q[7]
Gate( 8316)	 t q[5]
Gate( 8317)	 t q[10]
Gate( 8318)	cx q[5], q[7]
Gate( 8319)	cx q[10], q[5]
Gate( 8320)	cx q[7], q[10]
Gate( 8321)	tdg q[5]
Gate( 8322)	cx q[7], q[5]
Gate( 8323)	tdg q[7]
Gate( 8324)	tdg q[5]
Gate( 8325)	 t q[10]
Gate( 8326)	cx q[10], q[5]
Gate( 8327)	cx q[7], q[10]
Gate( 8328)	cx q[5], q[7]
Gate( 8329)	 h q[10]
Gate( 8330)	 h q[0]
Gate( 8331)	 t q[3]
Gate( 8332)	 t q[10]
Gate( 8333)	 t q[0]
Gate( 8334)	cx q[10], q[3]
Gate( 8335)	cx q[0], q[10]
Gate( 8336)	cx q[3], q[0]
Gate( 8337)	tdg q[10]
Gate( 8338)	cx q[3], q[10]
Gate( 8339)	tdg q[3]
Gate( 8340)	tdg q[10]
Gate( 8341)	 t q[0]
Gate( 8342)	cx q[0], q[10]
Gate( 8343)	cx q[3], q[0]
Gate( 8344)	cx q[10], q[3]
Gate( 8345)	 h q[0]
Gate( 8346)	 h q[10]
Gate( 8347)	 t q[1]
Gate( 8348)	 t q[9]
Gate( 8349)	 t q[10]
Gate( 8350)	cx q[9], q[1]
Gate( 8351)	cx q[10], q[9]
Gate( 8352)	cx q[1], q[10]
Gate( 8353)	tdg q[9]
Gate( 8354)	cx q[1], q[9]
Gate( 8355)	tdg q[1]
Gate( 8356)	tdg q[9]
Gate( 8357)	 t q[10]
Gate( 8358)	cx q[10], q[9]
Gate( 8359)	cx q[1], q[10]
Gate( 8360)	cx q[9], q[1]
Gate( 8361)	 h q[10]
Gate( 8362)	 h q[9]
Gate( 8363)	 t q[2]
Gate( 8364)	 t q[8]
Gate( 8365)	 t q[9]
Gate( 8366)	cx q[8], q[2]
Gate( 8367)	cx q[9], q[8]
Gate( 8368)	cx q[2], q[9]
Gate( 8369)	tdg q[8]
Gate( 8370)	cx q[2], q[8]
Gate( 8371)	tdg q[2]
Gate( 8372)	tdg q[8]
Gate( 8373)	 t q[9]
Gate( 8374)	cx q[9], q[8]
Gate( 8375)	cx q[2], q[9]
Gate( 8376)	cx q[8], q[2]
Gate( 8377)	 h q[9]
Gate( 8378)	 h q[8]
Gate( 8379)	 t q[5]
Gate( 8380)	 t q[4]
Gate( 8381)	 t q[8]
Gate( 8382)	cx q[4], q[5]
Gate( 8383)	cx q[8], q[4]
Gate( 8384)	cx q[5], q[8]
Gate( 8385)	tdg q[4]
Gate( 8386)	cx q[5], q[4]
Gate( 8387)	tdg q[5]
Gate( 8388)	tdg q[4]
Gate( 8389)	 t q[8]
Gate( 8390)	cx q[8], q[4]
Gate( 8391)	cx q[5], q[8]
Gate( 8392)	cx q[4], q[5]
Gate( 8393)	 h q[8]
Gate( 8394)	 h q[9]
Gate( 8395)	 t q[2]
Gate( 8396)	 t q[8]
Gate( 8397)	 t q[9]
Gate( 8398)	cx q[8], q[2]
Gate( 8399)	cx q[9], q[8]
Gate( 8400)	cx q[2], q[9]
Gate( 8401)	tdg q[8]
Gate( 8402)	cx q[2], q[8]
Gate( 8403)	tdg q[2]
Gate( 8404)	tdg q[8]
Gate( 8405)	 t q[9]
Gate( 8406)	cx q[9], q[8]
Gate( 8407)	cx q[2], q[9]
Gate( 8408)	cx q[8], q[2]
Gate( 8409)	 h q[9]
Gate( 8410)	 h q[10]
Gate( 8411)	 t q[1]
Gate( 8412)	 t q[9]
Gate( 8413)	 t q[10]
Gate( 8414)	cx q[9], q[1]
Gate( 8415)	cx q[10], q[9]
Gate( 8416)	cx q[1], q[10]
Gate( 8417)	tdg q[9]
Gate( 8418)	cx q[1], q[9]
Gate( 8419)	tdg q[1]
Gate( 8420)	tdg q[9]
Gate( 8421)	 t q[10]
Gate( 8422)	cx q[10], q[9]
Gate( 8423)	cx q[1], q[10]
Gate( 8424)	cx q[9], q[1]
Gate( 8425)	 h q[10]
Gate( 8426)	 h q[0]
Gate( 8427)	 t q[3]
Gate( 8428)	 t q[10]
Gate( 8429)	 t q[0]
Gate( 8430)	cx q[10], q[3]
Gate( 8431)	cx q[0], q[10]
Gate( 8432)	cx q[3], q[0]
Gate( 8433)	tdg q[10]
Gate( 8434)	cx q[3], q[10]
Gate( 8435)	tdg q[3]
Gate( 8436)	tdg q[10]
Gate( 8437)	 t q[0]
Gate( 8438)	cx q[0], q[10]
Gate( 8439)	cx q[3], q[0]
Gate( 8440)	cx q[10], q[3]
Gate( 8441)	 h q[0]
Gate( 8442)	 h q[10]
Gate( 8443)	 t q[1]
Gate( 8444)	 t q[9]
Gate( 8445)	 t q[10]
Gate( 8446)	cx q[9], q[1]
Gate( 8447)	cx q[10], q[9]
Gate( 8448)	cx q[1], q[10]
Gate( 8449)	tdg q[9]
Gate( 8450)	cx q[1], q[9]
Gate( 8451)	tdg q[1]
Gate( 8452)	tdg q[9]
Gate( 8453)	 t q[10]
Gate( 8454)	cx q[10], q[9]
Gate( 8455)	cx q[1], q[10]
Gate( 8456)	cx q[9], q[1]
Gate( 8457)	 h q[10]
Gate( 8458)	 h q[9]
Gate( 8459)	 t q[2]
Gate( 8460)	 t q[8]
Gate( 8461)	 t q[9]
Gate( 8462)	cx q[8], q[2]
Gate( 8463)	cx q[9], q[8]
Gate( 8464)	cx q[2], q[9]
Gate( 8465)	tdg q[8]
Gate( 8466)	cx q[2], q[8]
Gate( 8467)	tdg q[2]
Gate( 8468)	tdg q[8]
Gate( 8469)	 t q[9]
Gate( 8470)	cx q[9], q[8]
Gate( 8471)	cx q[2], q[9]
Gate( 8472)	cx q[8], q[2]
Gate( 8473)	 h q[9]
Gate( 8474)	 h q[8]
Gate( 8475)	 t q[5]
Gate( 8476)	 t q[4]
Gate( 8477)	 t q[8]
Gate( 8478)	cx q[4], q[5]
Gate( 8479)	cx q[8], q[4]
Gate( 8480)	cx q[5], q[8]
Gate( 8481)	tdg q[4]
Gate( 8482)	cx q[5], q[4]
Gate( 8483)	tdg q[5]
Gate( 8484)	tdg q[4]
Gate( 8485)	 t q[8]
Gate( 8486)	cx q[8], q[4]
Gate( 8487)	cx q[5], q[8]
Gate( 8488)	cx q[4], q[5]
Gate( 8489)	 h q[8]
Gate( 8490)	 h q[9]
Gate( 8491)	 t q[2]
Gate( 8492)	 t q[8]
Gate( 8493)	 t q[9]
Gate( 8494)	cx q[8], q[2]
Gate( 8495)	cx q[9], q[8]
Gate( 8496)	cx q[2], q[9]
Gate( 8497)	tdg q[8]
Gate( 8498)	cx q[2], q[8]
Gate( 8499)	tdg q[2]
Gate( 8500)	tdg q[8]
Gate( 8501)	 t q[9]
Gate( 8502)	cx q[9], q[8]
Gate( 8503)	cx q[2], q[9]
Gate( 8504)	cx q[8], q[2]
Gate( 8505)	 h q[9]
Gate( 8506)	 h q[10]
Gate( 8507)	 t q[1]
Gate( 8508)	 t q[9]
Gate( 8509)	 t q[10]
Gate( 8510)	cx q[9], q[1]
Gate( 8511)	cx q[10], q[9]
Gate( 8512)	cx q[1], q[10]
Gate( 8513)	tdg q[9]
Gate( 8514)	cx q[1], q[9]
Gate( 8515)	tdg q[1]
Gate( 8516)	tdg q[9]
Gate( 8517)	 t q[10]
Gate( 8518)	cx q[10], q[9]
Gate( 8519)	cx q[1], q[10]
Gate( 8520)	cx q[9], q[1]
Gate( 8521)	 h q[10]
Gate( 8522)	 h q[3]
Gate( 8523)	 t q[6]
Gate( 8524)	 t q[10]
Gate( 8525)	 t q[3]
Gate( 8526)	cx q[10], q[6]
Gate( 8527)	cx q[3], q[10]
Gate( 8528)	cx q[6], q[3]
Gate( 8529)	tdg q[10]
Gate( 8530)	cx q[6], q[10]
Gate( 8531)	tdg q[6]
Gate( 8532)	tdg q[10]
Gate( 8533)	 t q[3]
Gate( 8534)	cx q[3], q[10]
Gate( 8535)	cx q[6], q[3]
Gate( 8536)	cx q[10], q[6]
Gate( 8537)	 h q[3]
Gate( 8538)	 h q[10]
Gate( 8539)	 t q[7]
Gate( 8540)	 t q[5]
Gate( 8541)	 t q[10]
Gate( 8542)	cx q[5], q[7]
Gate( 8543)	cx q[10], q[5]
Gate( 8544)	cx q[7], q[10]
Gate( 8545)	tdg q[5]
Gate( 8546)	cx q[7], q[5]
Gate( 8547)	tdg q[7]
Gate( 8548)	tdg q[5]
Gate( 8549)	 t q[10]
Gate( 8550)	cx q[10], q[5]
Gate( 8551)	cx q[7], q[10]
Gate( 8552)	cx q[5], q[7]
Gate( 8553)	 h q[10]
Gate( 8554)	 h q[5]
Gate( 8555)	 t q[9]
Gate( 8556)	 t q[8]
Gate( 8557)	 t q[5]
Gate( 8558)	cx q[8], q[9]
Gate( 8559)	cx q[5], q[8]
Gate( 8560)	cx q[9], q[5]
Gate( 8561)	tdg q[8]
Gate( 8562)	cx q[9], q[8]
Gate( 8563)	tdg q[9]
Gate( 8564)	tdg q[8]
Gate( 8565)	 t q[5]
Gate( 8566)	cx q[5], q[8]
Gate( 8567)	cx q[9], q[5]
Gate( 8568)	cx q[8], q[9]
Gate( 8569)	 h q[5]
Gate( 8570)	 h q[10]
Gate( 8571)	 t q[7]
Gate( 8572)	 t q[5]
Gate( 8573)	 t q[10]
Gate( 8574)	cx q[5], q[7]
Gate( 8575)	cx q[10], q[5]
Gate( 8576)	cx q[7], q[10]
Gate( 8577)	tdg q[5]
Gate( 8578)	cx q[7], q[5]
Gate( 8579)	tdg q[7]
Gate( 8580)	tdg q[5]
Gate( 8581)	 t q[10]
Gate( 8582)	cx q[10], q[5]
Gate( 8583)	cx q[7], q[10]
Gate( 8584)	cx q[5], q[7]
Gate( 8585)	 h q[10]
Gate( 8586)	 h q[3]
Gate( 8587)	 t q[6]
Gate( 8588)	 t q[10]
Gate( 8589)	 t q[3]
Gate( 8590)	cx q[10], q[6]
Gate( 8591)	cx q[3], q[10]
Gate( 8592)	cx q[6], q[3]
Gate( 8593)	tdg q[10]
Gate( 8594)	cx q[6], q[10]
Gate( 8595)	tdg q[6]
Gate( 8596)	tdg q[10]
Gate( 8597)	 t q[3]
Gate( 8598)	cx q[3], q[10]
Gate( 8599)	cx q[6], q[3]
Gate( 8600)	cx q[10], q[6]
Gate( 8601)	 h q[3]
Gate( 8602)	 h q[10]
Gate( 8603)	 t q[7]
Gate( 8604)	 t q[5]
Gate( 8605)	 t q[10]
Gate( 8606)	cx q[5], q[7]
Gate( 8607)	cx q[10], q[5]
Gate( 8608)	cx q[7], q[10]
Gate( 8609)	tdg q[5]
Gate( 8610)	cx q[7], q[5]
Gate( 8611)	tdg q[7]
Gate( 8612)	tdg q[5]
Gate( 8613)	 t q[10]
Gate( 8614)	cx q[10], q[5]
Gate( 8615)	cx q[7], q[10]
Gate( 8616)	cx q[5], q[7]
Gate( 8617)	 h q[10]
Gate( 8618)	 h q[5]
Gate( 8619)	 t q[9]
Gate( 8620)	 t q[8]
Gate( 8621)	 t q[5]
Gate( 8622)	cx q[8], q[9]
Gate( 8623)	cx q[5], q[8]
Gate( 8624)	cx q[9], q[5]
Gate( 8625)	tdg q[8]
Gate( 8626)	cx q[9], q[8]
Gate( 8627)	tdg q[9]
Gate( 8628)	tdg q[8]
Gate( 8629)	 t q[5]
Gate( 8630)	cx q[5], q[8]
Gate( 8631)	cx q[9], q[5]
Gate( 8632)	cx q[8], q[9]
Gate( 8633)	 h q[5]
Gate( 8634)	 h q[10]
Gate( 8635)	 t q[7]
Gate( 8636)	 t q[5]
Gate( 8637)	 t q[10]
Gate( 8638)	cx q[5], q[7]
Gate( 8639)	cx q[10], q[5]
Gate( 8640)	cx q[7], q[10]
Gate( 8641)	tdg q[5]
Gate( 8642)	cx q[7], q[5]
Gate( 8643)	tdg q[7]
Gate( 8644)	tdg q[5]
Gate( 8645)	 t q[10]
Gate( 8646)	cx q[10], q[5]
Gate( 8647)	cx q[7], q[10]
Gate( 8648)	cx q[5], q[7]
Gate( 8649)	 h q[10]
Gate( 8650)	 h q[0]
Gate( 8651)	 t q[3]
Gate( 8652)	 t q[10]
Gate( 8653)	 t q[0]
Gate( 8654)	cx q[10], q[3]
Gate( 8655)	cx q[0], q[10]
Gate( 8656)	cx q[3], q[0]
Gate( 8657)	tdg q[10]
Gate( 8658)	cx q[3], q[10]
Gate( 8659)	tdg q[3]
Gate( 8660)	tdg q[10]
Gate( 8661)	 t q[0]
Gate( 8662)	cx q[0], q[10]
Gate( 8663)	cx q[3], q[0]
Gate( 8664)	cx q[10], q[3]
Gate( 8665)	 h q[0]
Gate( 8666)	 h q[10]
Gate( 8667)	 t q[1]
Gate( 8668)	 t q[9]
Gate( 8669)	 t q[10]
Gate( 8670)	cx q[9], q[1]
Gate( 8671)	cx q[10], q[9]
Gate( 8672)	cx q[1], q[10]
Gate( 8673)	tdg q[9]
Gate( 8674)	cx q[1], q[9]
Gate( 8675)	tdg q[1]
Gate( 8676)	tdg q[9]
Gate( 8677)	 t q[10]
Gate( 8678)	cx q[10], q[9]
Gate( 8679)	cx q[1], q[10]
Gate( 8680)	cx q[9], q[1]
Gate( 8681)	 h q[10]
Gate( 8682)	 h q[9]
Gate( 8683)	 t q[2]
Gate( 8684)	 t q[8]
Gate( 8685)	 t q[9]
Gate( 8686)	cx q[8], q[2]
Gate( 8687)	cx q[9], q[8]
Gate( 8688)	cx q[2], q[9]
Gate( 8689)	tdg q[8]
Gate( 8690)	cx q[2], q[8]
Gate( 8691)	tdg q[2]
Gate( 8692)	tdg q[8]
Gate( 8693)	 t q[9]
Gate( 8694)	cx q[9], q[8]
Gate( 8695)	cx q[2], q[9]
Gate( 8696)	cx q[8], q[2]
Gate( 8697)	 h q[9]
Gate( 8698)	 h q[8]
Gate( 8699)	 t q[5]
Gate( 8700)	 t q[4]
Gate( 8701)	 t q[8]
Gate( 8702)	cx q[4], q[5]
Gate( 8703)	cx q[8], q[4]
Gate( 8704)	cx q[5], q[8]
Gate( 8705)	tdg q[4]
Gate( 8706)	cx q[5], q[4]
Gate( 8707)	tdg q[5]
Gate( 8708)	tdg q[4]
Gate( 8709)	 t q[8]
Gate( 8710)	cx q[8], q[4]
Gate( 8711)	cx q[5], q[8]
Gate( 8712)	cx q[4], q[5]
Gate( 8713)	 h q[8]
Gate( 8714)	 h q[9]
Gate( 8715)	 t q[2]
Gate( 8716)	 t q[8]
Gate( 8717)	 t q[9]
Gate( 8718)	cx q[8], q[2]
Gate( 8719)	cx q[9], q[8]
Gate( 8720)	cx q[2], q[9]
Gate( 8721)	tdg q[8]
Gate( 8722)	cx q[2], q[8]
Gate( 8723)	tdg q[2]
Gate( 8724)	tdg q[8]
Gate( 8725)	 t q[9]
Gate( 8726)	cx q[9], q[8]
Gate( 8727)	cx q[2], q[9]
Gate( 8728)	cx q[8], q[2]
Gate( 8729)	 h q[9]
Gate( 8730)	 h q[10]
Gate( 8731)	 t q[1]
Gate( 8732)	 t q[9]
Gate( 8733)	 t q[10]
Gate( 8734)	cx q[9], q[1]
Gate( 8735)	cx q[10], q[9]
Gate( 8736)	cx q[1], q[10]
Gate( 8737)	tdg q[9]
Gate( 8738)	cx q[1], q[9]
Gate( 8739)	tdg q[1]
Gate( 8740)	tdg q[9]
Gate( 8741)	 t q[10]
Gate( 8742)	cx q[10], q[9]
Gate( 8743)	cx q[1], q[10]
Gate( 8744)	cx q[9], q[1]
Gate( 8745)	 h q[10]
Gate( 8746)	 h q[0]
Gate( 8747)	 t q[3]
Gate( 8748)	 t q[10]
Gate( 8749)	 t q[0]
Gate( 8750)	cx q[10], q[3]
Gate( 8751)	cx q[0], q[10]
Gate( 8752)	cx q[3], q[0]
Gate( 8753)	tdg q[10]
Gate( 8754)	cx q[3], q[10]
Gate( 8755)	tdg q[3]
Gate( 8756)	tdg q[10]
Gate( 8757)	 t q[0]
Gate( 8758)	cx q[0], q[10]
Gate( 8759)	cx q[3], q[0]
Gate( 8760)	cx q[10], q[3]
Gate( 8761)	 h q[0]
Gate( 8762)	 h q[10]
Gate( 8763)	 t q[1]
Gate( 8764)	 t q[9]
Gate( 8765)	 t q[10]
Gate( 8766)	cx q[9], q[1]
Gate( 8767)	cx q[10], q[9]
Gate( 8768)	cx q[1], q[10]
Gate( 8769)	tdg q[9]
Gate( 8770)	cx q[1], q[9]
Gate( 8771)	tdg q[1]
Gate( 8772)	tdg q[9]
Gate( 8773)	 t q[10]
Gate( 8774)	cx q[10], q[9]
Gate( 8775)	cx q[1], q[10]
Gate( 8776)	cx q[9], q[1]
Gate( 8777)	 h q[10]
Gate( 8778)	 h q[9]
Gate( 8779)	 t q[2]
Gate( 8780)	 t q[8]
Gate( 8781)	 t q[9]
Gate( 8782)	cx q[8], q[2]
Gate( 8783)	cx q[9], q[8]
Gate( 8784)	cx q[2], q[9]
Gate( 8785)	tdg q[8]
Gate( 8786)	cx q[2], q[8]
Gate( 8787)	tdg q[2]
Gate( 8788)	tdg q[8]
Gate( 8789)	 t q[9]
Gate( 8790)	cx q[9], q[8]
Gate( 8791)	cx q[2], q[9]
Gate( 8792)	cx q[8], q[2]
Gate( 8793)	 h q[9]
Gate( 8794)	 h q[8]
Gate( 8795)	 t q[5]
Gate( 8796)	 t q[4]
Gate( 8797)	 t q[8]
Gate( 8798)	cx q[4], q[5]
Gate( 8799)	cx q[8], q[4]
Gate( 8800)	cx q[5], q[8]
Gate( 8801)	tdg q[4]
Gate( 8802)	cx q[5], q[4]
Gate( 8803)	tdg q[5]
Gate( 8804)	tdg q[4]
Gate( 8805)	 t q[8]
Gate( 8806)	cx q[8], q[4]
Gate( 8807)	cx q[5], q[8]
Gate( 8808)	cx q[4], q[5]
Gate( 8809)	 h q[8]
Gate( 8810)	 h q[9]
Gate( 8811)	 t q[2]
Gate( 8812)	 t q[8]
Gate( 8813)	 t q[9]
Gate( 8814)	cx q[8], q[2]
Gate( 8815)	cx q[9], q[8]
Gate( 8816)	cx q[2], q[9]
Gate( 8817)	tdg q[8]
Gate( 8818)	cx q[2], q[8]
Gate( 8819)	tdg q[2]
Gate( 8820)	tdg q[8]
Gate( 8821)	 t q[9]
Gate( 8822)	cx q[9], q[8]
Gate( 8823)	cx q[2], q[9]
Gate( 8824)	cx q[8], q[2]
Gate( 8825)	 h q[9]
Gate( 8826)	 h q[10]
Gate( 8827)	 t q[1]
Gate( 8828)	 t q[9]
Gate( 8829)	 t q[10]
Gate( 8830)	cx q[9], q[1]
Gate( 8831)	cx q[10], q[9]
Gate( 8832)	cx q[1], q[10]
Gate( 8833)	tdg q[9]
Gate( 8834)	cx q[1], q[9]
Gate( 8835)	tdg q[1]
Gate( 8836)	tdg q[9]
Gate( 8837)	 t q[10]
Gate( 8838)	cx q[10], q[9]
Gate( 8839)	cx q[1], q[10]
Gate( 8840)	cx q[9], q[1]
Gate( 8841)	 h q[10]
Gate( 8842)	 h q[3]
Gate( 8843)	 t q[7]
Gate( 8844)	 t q[10]
Gate( 8845)	 t q[3]
Gate( 8846)	cx q[10], q[7]
Gate( 8847)	cx q[3], q[10]
Gate( 8848)	cx q[7], q[3]
Gate( 8849)	tdg q[10]
Gate( 8850)	cx q[7], q[10]
Gate( 8851)	tdg q[7]
Gate( 8852)	tdg q[10]
Gate( 8853)	 t q[3]
Gate( 8854)	cx q[3], q[10]
Gate( 8855)	cx q[7], q[3]
Gate( 8856)	cx q[10], q[7]
Gate( 8857)	 h q[3]
Gate( 8858)	 h q[10]
Gate( 8859)	 t q[9]
Gate( 8860)	 t q[8]
Gate( 8861)	 t q[10]
Gate( 8862)	cx q[8], q[9]
Gate( 8863)	cx q[10], q[8]
Gate( 8864)	cx q[9], q[10]
Gate( 8865)	tdg q[8]
Gate( 8866)	cx q[9], q[8]
Gate( 8867)	tdg q[9]
Gate( 8868)	tdg q[8]
Gate( 8869)	 t q[10]
Gate( 8870)	cx q[10], q[8]
Gate( 8871)	cx q[9], q[10]
Gate( 8872)	cx q[8], q[9]
Gate( 8873)	 h q[10]
Gate( 8874)	 h q[3]
Gate( 8875)	 t q[7]
Gate( 8876)	 t q[10]
Gate( 8877)	 t q[3]
Gate( 8878)	cx q[10], q[7]
Gate( 8879)	cx q[3], q[10]
Gate( 8880)	cx q[7], q[3]
Gate( 8881)	tdg q[10]
Gate( 8882)	cx q[7], q[10]
Gate( 8883)	tdg q[7]
Gate( 8884)	tdg q[10]
Gate( 8885)	 t q[3]
Gate( 8886)	cx q[3], q[10]
Gate( 8887)	cx q[7], q[3]
Gate( 8888)	cx q[10], q[7]
Gate( 8889)	 h q[3]
Gate( 8890)	 h q[10]
Gate( 8891)	 t q[9]
Gate( 8892)	 t q[8]
Gate( 8893)	 t q[10]
Gate( 8894)	cx q[8], q[9]
Gate( 8895)	cx q[10], q[8]
Gate( 8896)	cx q[9], q[10]
Gate( 8897)	tdg q[8]
Gate( 8898)	cx q[9], q[8]
Gate( 8899)	tdg q[9]
Gate( 8900)	tdg q[8]
Gate( 8901)	 t q[10]
Gate( 8902)	cx q[10], q[8]
Gate( 8903)	cx q[9], q[10]
Gate( 8904)	cx q[8], q[9]
Gate( 8905)	 h q[10]
Gate( 8906)	 h q[0]
Gate( 8907)	 t q[3]
Gate( 8908)	 t q[10]
Gate( 8909)	 t q[0]
Gate( 8910)	cx q[10], q[3]
Gate( 8911)	cx q[0], q[10]
Gate( 8912)	cx q[3], q[0]
Gate( 8913)	tdg q[10]
Gate( 8914)	cx q[3], q[10]
Gate( 8915)	tdg q[3]
Gate( 8916)	tdg q[10]
Gate( 8917)	 t q[0]
Gate( 8918)	cx q[0], q[10]
Gate( 8919)	cx q[3], q[0]
Gate( 8920)	cx q[10], q[3]
Gate( 8921)	 h q[0]
Gate( 8922)	 h q[10]
Gate( 8923)	 t q[1]
Gate( 8924)	 t q[9]
Gate( 8925)	 t q[10]
Gate( 8926)	cx q[9], q[1]
Gate( 8927)	cx q[10], q[9]
Gate( 8928)	cx q[1], q[10]
Gate( 8929)	tdg q[9]
Gate( 8930)	cx q[1], q[9]
Gate( 8931)	tdg q[1]
Gate( 8932)	tdg q[9]
Gate( 8933)	 t q[10]
Gate( 8934)	cx q[10], q[9]
Gate( 8935)	cx q[1], q[10]
Gate( 8936)	cx q[9], q[1]
Gate( 8937)	 h q[10]
Gate( 8938)	 h q[9]
Gate( 8939)	 t q[2]
Gate( 8940)	 t q[8]
Gate( 8941)	 t q[9]
Gate( 8942)	cx q[8], q[2]
Gate( 8943)	cx q[9], q[8]
Gate( 8944)	cx q[2], q[9]
Gate( 8945)	tdg q[8]
Gate( 8946)	cx q[2], q[8]
Gate( 8947)	tdg q[2]
Gate( 8948)	tdg q[8]
Gate( 8949)	 t q[9]
Gate( 8950)	cx q[9], q[8]
Gate( 8951)	cx q[2], q[9]
Gate( 8952)	cx q[8], q[2]
Gate( 8953)	 h q[9]
Gate( 8954)	 h q[8]
Gate( 8955)	 t q[6]
Gate( 8956)	 t q[5]
Gate( 8957)	 t q[8]
Gate( 8958)	cx q[5], q[6]
Gate( 8959)	cx q[8], q[5]
Gate( 8960)	cx q[6], q[8]
Gate( 8961)	tdg q[5]
Gate( 8962)	cx q[6], q[5]
Gate( 8963)	tdg q[6]
Gate( 8964)	tdg q[5]
Gate( 8965)	 t q[8]
Gate( 8966)	cx q[8], q[5]
Gate( 8967)	cx q[6], q[8]
Gate( 8968)	cx q[5], q[6]
Gate( 8969)	 h q[8]
Gate( 8970)	 h q[9]
Gate( 8971)	 t q[2]
Gate( 8972)	 t q[8]
Gate( 8973)	 t q[9]
Gate( 8974)	cx q[8], q[2]
Gate( 8975)	cx q[9], q[8]
Gate( 8976)	cx q[2], q[9]
Gate( 8977)	tdg q[8]
Gate( 8978)	cx q[2], q[8]
Gate( 8979)	tdg q[2]
Gate( 8980)	tdg q[8]
Gate( 8981)	 t q[9]
Gate( 8982)	cx q[9], q[8]
Gate( 8983)	cx q[2], q[9]
Gate( 8984)	cx q[8], q[2]
Gate( 8985)	 h q[9]
Gate( 8986)	 h q[10]
Gate( 8987)	 t q[1]
Gate( 8988)	 t q[9]
Gate( 8989)	 t q[10]
Gate( 8990)	cx q[9], q[1]
Gate( 8991)	cx q[10], q[9]
Gate( 8992)	cx q[1], q[10]
Gate( 8993)	tdg q[9]
Gate( 8994)	cx q[1], q[9]
Gate( 8995)	tdg q[1]
Gate( 8996)	tdg q[9]
Gate( 8997)	 t q[10]
Gate( 8998)	cx q[10], q[9]
Gate( 8999)	cx q[1], q[10]
Gate( 9000)	cx q[9], q[1]
Gate( 9001)	 h q[10]
Gate( 9002)	 h q[0]
Gate( 9003)	 t q[3]
Gate( 9004)	 t q[10]
Gate( 9005)	 t q[0]
Gate( 9006)	cx q[10], q[3]
Gate( 9007)	cx q[0], q[10]
Gate( 9008)	cx q[3], q[0]
Gate( 9009)	tdg q[10]
Gate( 9010)	cx q[3], q[10]
Gate( 9011)	tdg q[3]
Gate( 9012)	tdg q[10]
Gate( 9013)	 t q[0]
Gate( 9014)	cx q[0], q[10]
Gate( 9015)	cx q[3], q[0]
Gate( 9016)	cx q[10], q[3]
Gate( 9017)	 h q[0]
Gate( 9018)	 h q[10]
Gate( 9019)	 t q[1]
Gate( 9020)	 t q[9]
Gate( 9021)	 t q[10]
Gate( 9022)	cx q[9], q[1]
Gate( 9023)	cx q[10], q[9]
Gate( 9024)	cx q[1], q[10]
Gate( 9025)	tdg q[9]
Gate( 9026)	cx q[1], q[9]
Gate( 9027)	tdg q[1]
Gate( 9028)	tdg q[9]
Gate( 9029)	 t q[10]
Gate( 9030)	cx q[10], q[9]
Gate( 9031)	cx q[1], q[10]
Gate( 9032)	cx q[9], q[1]
Gate( 9033)	 h q[10]
Gate( 9034)	 h q[9]
Gate( 9035)	 t q[2]
Gate( 9036)	 t q[8]
Gate( 9037)	 t q[9]
Gate( 9038)	cx q[8], q[2]
Gate( 9039)	cx q[9], q[8]
Gate( 9040)	cx q[2], q[9]
Gate( 9041)	tdg q[8]
Gate( 9042)	cx q[2], q[8]
Gate( 9043)	tdg q[2]
Gate( 9044)	tdg q[8]
Gate( 9045)	 t q[9]
Gate( 9046)	cx q[9], q[8]
Gate( 9047)	cx q[2], q[9]
Gate( 9048)	cx q[8], q[2]
Gate( 9049)	 h q[9]
Gate( 9050)	 h q[8]
Gate( 9051)	 t q[6]
Gate( 9052)	 t q[5]
Gate( 9053)	 t q[8]
Gate( 9054)	cx q[5], q[6]
Gate( 9055)	cx q[8], q[5]
Gate( 9056)	cx q[6], q[8]
Gate( 9057)	tdg q[5]
Gate( 9058)	cx q[6], q[5]
Gate( 9059)	tdg q[6]
Gate( 9060)	tdg q[5]
Gate( 9061)	 t q[8]
Gate( 9062)	cx q[8], q[5]
Gate( 9063)	cx q[6], q[8]
Gate( 9064)	cx q[5], q[6]
Gate( 9065)	 h q[8]
Gate( 9066)	 h q[9]
Gate( 9067)	 t q[2]
Gate( 9068)	 t q[8]
Gate( 9069)	 t q[9]
Gate( 9070)	cx q[8], q[2]
Gate( 9071)	cx q[9], q[8]
Gate( 9072)	cx q[2], q[9]
Gate( 9073)	tdg q[8]
Gate( 9074)	cx q[2], q[8]
Gate( 9075)	tdg q[2]
Gate( 9076)	tdg q[8]
Gate( 9077)	 t q[9]
Gate( 9078)	cx q[9], q[8]
Gate( 9079)	cx q[2], q[9]
Gate( 9080)	cx q[8], q[2]
Gate( 9081)	 h q[9]
Gate( 9082)	 h q[10]
Gate( 9083)	 t q[1]
Gate( 9084)	 t q[9]
Gate( 9085)	 t q[10]
Gate( 9086)	cx q[9], q[1]
Gate( 9087)	cx q[10], q[9]
Gate( 9088)	cx q[1], q[10]
Gate( 9089)	tdg q[9]
Gate( 9090)	cx q[1], q[9]
Gate( 9091)	tdg q[1]
Gate( 9092)	tdg q[9]
Gate( 9093)	 t q[10]
Gate( 9094)	cx q[10], q[9]
Gate( 9095)	cx q[1], q[10]
Gate( 9096)	cx q[9], q[1]
Gate( 9097)	 h q[10]
Gate( 9098)	 h q[3]
Gate( 9099)	 t q[7]
Gate( 9100)	 t q[10]
Gate( 9101)	 t q[3]
Gate( 9102)	cx q[10], q[7]
Gate( 9103)	cx q[3], q[10]
Gate( 9104)	cx q[7], q[3]
Gate( 9105)	tdg q[10]
Gate( 9106)	cx q[7], q[10]
Gate( 9107)	tdg q[7]
Gate( 9108)	tdg q[10]
Gate( 9109)	 t q[3]
Gate( 9110)	cx q[3], q[10]
Gate( 9111)	cx q[7], q[3]
Gate( 9112)	cx q[10], q[7]
Gate( 9113)	 h q[3]
Gate( 9114)	 h q[10]
Gate( 9115)	 t q[9]
Gate( 9116)	 t q[8]
Gate( 9117)	 t q[10]
Gate( 9118)	cx q[8], q[9]
Gate( 9119)	cx q[10], q[8]
Gate( 9120)	cx q[9], q[10]
Gate( 9121)	tdg q[8]
Gate( 9122)	cx q[9], q[8]
Gate( 9123)	tdg q[9]
Gate( 9124)	tdg q[8]
Gate( 9125)	 t q[10]
Gate( 9126)	cx q[10], q[8]
Gate( 9127)	cx q[9], q[10]
Gate( 9128)	cx q[8], q[9]
Gate( 9129)	 h q[10]
Gate( 9130)	 h q[3]
Gate( 9131)	 t q[7]
Gate( 9132)	 t q[10]
Gate( 9133)	 t q[3]
Gate( 9134)	cx q[10], q[7]
Gate( 9135)	cx q[3], q[10]
Gate( 9136)	cx q[7], q[3]
Gate( 9137)	tdg q[10]
Gate( 9138)	cx q[7], q[10]
Gate( 9139)	tdg q[7]
Gate( 9140)	tdg q[10]
Gate( 9141)	 t q[3]
Gate( 9142)	cx q[3], q[10]
Gate( 9143)	cx q[7], q[3]
Gate( 9144)	cx q[10], q[7]
Gate( 9145)	 h q[3]
Gate( 9146)	 h q[10]
Gate( 9147)	 t q[9]
Gate( 9148)	 t q[8]
Gate( 9149)	 t q[10]
Gate( 9150)	cx q[8], q[9]
Gate( 9151)	cx q[10], q[8]
Gate( 9152)	cx q[9], q[10]
Gate( 9153)	tdg q[8]
Gate( 9154)	cx q[9], q[8]
Gate( 9155)	tdg q[9]
Gate( 9156)	tdg q[8]
Gate( 9157)	 t q[10]
Gate( 9158)	cx q[10], q[8]
Gate( 9159)	cx q[9], q[10]
Gate( 9160)	cx q[8], q[9]
Gate( 9161)	 h q[10]
Gate( 9162)	 h q[0]
Gate( 9163)	 t q[3]
Gate( 9164)	 t q[10]
Gate( 9165)	 t q[0]
Gate( 9166)	cx q[10], q[3]
Gate( 9167)	cx q[0], q[10]
Gate( 9168)	cx q[3], q[0]
Gate( 9169)	tdg q[10]
Gate( 9170)	cx q[3], q[10]
Gate( 9171)	tdg q[3]
Gate( 9172)	tdg q[10]
Gate( 9173)	 t q[0]
Gate( 9174)	cx q[0], q[10]
Gate( 9175)	cx q[3], q[0]
Gate( 9176)	cx q[10], q[3]
Gate( 9177)	 h q[0]
Gate( 9178)	 h q[10]
Gate( 9179)	 t q[1]
Gate( 9180)	 t q[9]
Gate( 9181)	 t q[10]
Gate( 9182)	cx q[9], q[1]
Gate( 9183)	cx q[10], q[9]
Gate( 9184)	cx q[1], q[10]
Gate( 9185)	tdg q[9]
Gate( 9186)	cx q[1], q[9]
Gate( 9187)	tdg q[1]
Gate( 9188)	tdg q[9]
Gate( 9189)	 t q[10]
Gate( 9190)	cx q[10], q[9]
Gate( 9191)	cx q[1], q[10]
Gate( 9192)	cx q[9], q[1]
Gate( 9193)	 h q[10]
Gate( 9194)	 h q[9]
Gate( 9195)	 t q[2]
Gate( 9196)	 t q[8]
Gate( 9197)	 t q[9]
Gate( 9198)	cx q[8], q[2]
Gate( 9199)	cx q[9], q[8]
Gate( 9200)	cx q[2], q[9]
Gate( 9201)	tdg q[8]
Gate( 9202)	cx q[2], q[8]
Gate( 9203)	tdg q[2]
Gate( 9204)	tdg q[8]
Gate( 9205)	 t q[9]
Gate( 9206)	cx q[9], q[8]
Gate( 9207)	cx q[2], q[9]
Gate( 9208)	cx q[8], q[2]
Gate( 9209)	 h q[9]
Gate( 9210)	 h q[8]
Gate( 9211)	 t q[6]
Gate( 9212)	 t q[5]
Gate( 9213)	 t q[8]
Gate( 9214)	cx q[5], q[6]
Gate( 9215)	cx q[8], q[5]
Gate( 9216)	cx q[6], q[8]
Gate( 9217)	tdg q[5]
Gate( 9218)	cx q[6], q[5]
Gate( 9219)	tdg q[6]
Gate( 9220)	tdg q[5]
Gate( 9221)	 t q[8]
Gate( 9222)	cx q[8], q[5]
Gate( 9223)	cx q[6], q[8]
Gate( 9224)	cx q[5], q[6]
Gate( 9225)	 h q[8]
Gate( 9226)	 h q[9]
Gate( 9227)	 t q[2]
Gate( 9228)	 t q[8]
Gate( 9229)	 t q[9]
Gate( 9230)	cx q[8], q[2]
Gate( 9231)	cx q[9], q[8]
Gate( 9232)	cx q[2], q[9]
Gate( 9233)	tdg q[8]
Gate( 9234)	cx q[2], q[8]
Gate( 9235)	tdg q[2]
Gate( 9236)	tdg q[8]
Gate( 9237)	 t q[9]
Gate( 9238)	cx q[9], q[8]
Gate( 9239)	cx q[2], q[9]
Gate( 9240)	cx q[8], q[2]
Gate( 9241)	 h q[9]
Gate( 9242)	 h q[10]
Gate( 9243)	 t q[1]
Gate( 9244)	 t q[9]
Gate( 9245)	 t q[10]
Gate( 9246)	cx q[9], q[1]
Gate( 9247)	cx q[10], q[9]
Gate( 9248)	cx q[1], q[10]
Gate( 9249)	tdg q[9]
Gate( 9250)	cx q[1], q[9]
Gate( 9251)	tdg q[1]
Gate( 9252)	tdg q[9]
Gate( 9253)	 t q[10]
Gate( 9254)	cx q[10], q[9]
Gate( 9255)	cx q[1], q[10]
Gate( 9256)	cx q[9], q[1]
Gate( 9257)	 h q[10]
Gate( 9258)	 h q[0]
Gate( 9259)	 t q[3]
Gate( 9260)	 t q[10]
Gate( 9261)	 t q[0]
Gate( 9262)	cx q[10], q[3]
Gate( 9263)	cx q[0], q[10]
Gate( 9264)	cx q[3], q[0]
Gate( 9265)	tdg q[10]
Gate( 9266)	cx q[3], q[10]
Gate( 9267)	tdg q[3]
Gate( 9268)	tdg q[10]
Gate( 9269)	 t q[0]
Gate( 9270)	cx q[0], q[10]
Gate( 9271)	cx q[3], q[0]
Gate( 9272)	cx q[10], q[3]
Gate( 9273)	 h q[0]
Gate( 9274)	 h q[10]
Gate( 9275)	 t q[1]
Gate( 9276)	 t q[9]
Gate( 9277)	 t q[10]
Gate( 9278)	cx q[9], q[1]
Gate( 9279)	cx q[10], q[9]
Gate( 9280)	cx q[1], q[10]
Gate( 9281)	tdg q[9]
Gate( 9282)	cx q[1], q[9]
Gate( 9283)	tdg q[1]
Gate( 9284)	tdg q[9]
Gate( 9285)	 t q[10]
Gate( 9286)	cx q[10], q[9]
Gate( 9287)	cx q[1], q[10]
Gate( 9288)	cx q[9], q[1]
Gate( 9289)	 h q[10]
Gate( 9290)	 h q[9]
Gate( 9291)	 t q[2]
Gate( 9292)	 t q[8]
Gate( 9293)	 t q[9]
Gate( 9294)	cx q[8], q[2]
Gate( 9295)	cx q[9], q[8]
Gate( 9296)	cx q[2], q[9]
Gate( 9297)	tdg q[8]
Gate( 9298)	cx q[2], q[8]
Gate( 9299)	tdg q[2]
Gate( 9300)	tdg q[8]
Gate( 9301)	 t q[9]
Gate( 9302)	cx q[9], q[8]
Gate( 9303)	cx q[2], q[9]
Gate( 9304)	cx q[8], q[2]
Gate( 9305)	 h q[9]
Gate( 9306)	 h q[8]
Gate( 9307)	 t q[6]
Gate( 9308)	 t q[5]
Gate( 9309)	 t q[8]
Gate( 9310)	cx q[5], q[6]
Gate( 9311)	cx q[8], q[5]
Gate( 9312)	cx q[6], q[8]
Gate( 9313)	tdg q[5]
Gate( 9314)	cx q[6], q[5]
Gate( 9315)	tdg q[6]
Gate( 9316)	tdg q[5]
Gate( 9317)	 t q[8]
Gate( 9318)	cx q[8], q[5]
Gate( 9319)	cx q[6], q[8]
Gate( 9320)	cx q[5], q[6]
Gate( 9321)	 h q[8]
Gate( 9322)	 h q[9]
Gate( 9323)	 t q[2]
Gate( 9324)	 t q[8]
Gate( 9325)	 t q[9]
Gate( 9326)	cx q[8], q[2]
Gate( 9327)	cx q[9], q[8]
Gate( 9328)	cx q[2], q[9]
Gate( 9329)	tdg q[8]
Gate( 9330)	cx q[2], q[8]
Gate( 9331)	tdg q[2]
Gate( 9332)	tdg q[8]
Gate( 9333)	 t q[9]
Gate( 9334)	cx q[9], q[8]
Gate( 9335)	cx q[2], q[9]
Gate( 9336)	cx q[8], q[2]
Gate( 9337)	 h q[9]
Gate( 9338)	 h q[10]
Gate( 9339)	 t q[1]
Gate( 9340)	 t q[9]
Gate( 9341)	 t q[10]
Gate( 9342)	cx q[9], q[1]
Gate( 9343)	cx q[10], q[9]
Gate( 9344)	cx q[1], q[10]
Gate( 9345)	tdg q[9]
Gate( 9346)	cx q[1], q[9]
Gate( 9347)	tdg q[1]
Gate( 9348)	tdg q[9]
Gate( 9349)	 t q[10]
Gate( 9350)	cx q[10], q[9]
Gate( 9351)	cx q[1], q[10]
Gate( 9352)	cx q[9], q[1]
Gate( 9353)	 h q[10]
Gate( 9354)	 x q[7]
Gate( 9355)	 x q[6]
Gate( 9356)	 x q[3]
Gate( 9357)	 h q[10]
Gate( 9358)	 t q[6]
Gate( 9359)	 t q[5]
Gate( 9360)	 t q[10]
Gate( 9361)	cx q[5], q[6]
Gate( 9362)	cx q[10], q[5]
Gate( 9363)	cx q[6], q[10]
Gate( 9364)	tdg q[5]
Gate( 9365)	cx q[6], q[5]
Gate( 9366)	tdg q[6]
Gate( 9367)	tdg q[5]
Gate( 9368)	 t q[10]
Gate( 9369)	cx q[10], q[5]
Gate( 9370)	cx q[6], q[10]
Gate( 9371)	cx q[5], q[6]
Gate( 9372)	 h q[10]
Gate( 9373)	 h q[5]
Gate( 9374)	 t q[7]
Gate( 9375)	 t q[4]
Gate( 9376)	 t q[5]
Gate( 9377)	cx q[4], q[7]
Gate( 9378)	cx q[5], q[4]
Gate( 9379)	cx q[7], q[5]
Gate( 9380)	tdg q[4]
Gate( 9381)	cx q[7], q[4]
Gate( 9382)	tdg q[7]
Gate( 9383)	tdg q[4]
Gate( 9384)	 t q[5]
Gate( 9385)	cx q[5], q[4]
Gate( 9386)	cx q[7], q[5]
Gate( 9387)	cx q[4], q[7]
Gate( 9388)	 h q[5]
Gate( 9389)	 h q[4]
Gate( 9390)	 t q[9]
Gate( 9391)	 t q[8]
Gate( 9392)	 t q[4]
Gate( 9393)	cx q[8], q[9]
Gate( 9394)	cx q[4], q[8]
Gate( 9395)	cx q[9], q[4]
Gate( 9396)	tdg q[8]
Gate( 9397)	cx q[9], q[8]
Gate( 9398)	tdg q[9]
Gate( 9399)	tdg q[8]
Gate( 9400)	 t q[4]
Gate( 9401)	cx q[4], q[8]
Gate( 9402)	cx q[9], q[4]
Gate( 9403)	cx q[8], q[9]
Gate( 9404)	 h q[4]
Gate( 9405)	 h q[5]
Gate( 9406)	 t q[7]
Gate( 9407)	 t q[4]
Gate( 9408)	 t q[5]
Gate( 9409)	cx q[4], q[7]
Gate( 9410)	cx q[5], q[4]
Gate( 9411)	cx q[7], q[5]
Gate( 9412)	tdg q[4]
Gate( 9413)	cx q[7], q[4]
Gate( 9414)	tdg q[7]
Gate( 9415)	tdg q[4]
Gate( 9416)	 t q[5]
Gate( 9417)	cx q[5], q[4]
Gate( 9418)	cx q[7], q[5]
Gate( 9419)	cx q[4], q[7]
Gate( 9420)	 h q[5]
Gate( 9421)	 h q[10]
Gate( 9422)	 t q[6]
Gate( 9423)	 t q[5]
Gate( 9424)	 t q[10]
Gate( 9425)	cx q[5], q[6]
Gate( 9426)	cx q[10], q[5]
Gate( 9427)	cx q[6], q[10]
Gate( 9428)	tdg q[5]
Gate( 9429)	cx q[6], q[5]
Gate( 9430)	tdg q[6]
Gate( 9431)	tdg q[5]
Gate( 9432)	 t q[10]
Gate( 9433)	cx q[10], q[5]
Gate( 9434)	cx q[6], q[10]
Gate( 9435)	cx q[5], q[6]
Gate( 9436)	 h q[10]
Gate( 9437)	 h q[5]
Gate( 9438)	 t q[7]
Gate( 9439)	 t q[4]
Gate( 9440)	 t q[5]
Gate( 9441)	cx q[4], q[7]
Gate( 9442)	cx q[5], q[4]
Gate( 9443)	cx q[7], q[5]
Gate( 9444)	tdg q[4]
Gate( 9445)	cx q[7], q[4]
Gate( 9446)	tdg q[7]
Gate( 9447)	tdg q[4]
Gate( 9448)	 t q[5]
Gate( 9449)	cx q[5], q[4]
Gate( 9450)	cx q[7], q[5]
Gate( 9451)	cx q[4], q[7]
Gate( 9452)	 h q[5]
Gate( 9453)	 h q[4]
Gate( 9454)	 t q[9]
Gate( 9455)	 t q[8]
Gate( 9456)	 t q[4]
Gate( 9457)	cx q[8], q[9]
Gate( 9458)	cx q[4], q[8]
Gate( 9459)	cx q[9], q[4]
Gate( 9460)	tdg q[8]
Gate( 9461)	cx q[9], q[8]
Gate( 9462)	tdg q[9]
Gate( 9463)	tdg q[8]
Gate( 9464)	 t q[4]
Gate( 9465)	cx q[4], q[8]
Gate( 9466)	cx q[9], q[4]
Gate( 9467)	cx q[8], q[9]
Gate( 9468)	 h q[4]
Gate( 9469)	 h q[5]
Gate( 9470)	 t q[7]
Gate( 9471)	 t q[4]
Gate( 9472)	 t q[5]
Gate( 9473)	cx q[4], q[7]
Gate( 9474)	cx q[5], q[4]
Gate( 9475)	cx q[7], q[5]
Gate( 9476)	tdg q[4]
Gate( 9477)	cx q[7], q[4]
Gate( 9478)	tdg q[7]
Gate( 9479)	tdg q[4]
Gate( 9480)	 t q[5]
Gate( 9481)	cx q[5], q[4]
Gate( 9482)	cx q[7], q[5]
Gate( 9483)	cx q[4], q[7]
Gate( 9484)	 h q[5]
Gate( 9485)	 h q[0]
Gate( 9486)	 t q[10]
Gate( 9487)	 t q[9]
Gate( 9488)	 t q[0]
Gate( 9489)	cx q[9], q[10]
Gate( 9490)	cx q[0], q[9]
Gate( 9491)	cx q[10], q[0]
Gate( 9492)	tdg q[9]
Gate( 9493)	cx q[10], q[9]
Gate( 9494)	tdg q[10]
Gate( 9495)	tdg q[9]
Gate( 9496)	 t q[0]
Gate( 9497)	cx q[0], q[9]
Gate( 9498)	cx q[10], q[0]
Gate( 9499)	cx q[9], q[10]
Gate( 9500)	 h q[0]
Gate( 9501)	 h q[9]
Gate( 9502)	 t q[1]
Gate( 9503)	 t q[8]
Gate( 9504)	 t q[9]
Gate( 9505)	cx q[8], q[1]
Gate( 9506)	cx q[9], q[8]
Gate( 9507)	cx q[1], q[9]
Gate( 9508)	tdg q[8]
Gate( 9509)	cx q[1], q[8]
Gate( 9510)	tdg q[1]
Gate( 9511)	tdg q[8]
Gate( 9512)	 t q[9]
Gate( 9513)	cx q[9], q[8]
Gate( 9514)	cx q[1], q[9]
Gate( 9515)	cx q[8], q[1]
Gate( 9516)	 h q[9]
Gate( 9517)	 h q[8]
Gate( 9518)	 t q[2]
Gate( 9519)	 t q[7]
Gate( 9520)	 t q[8]
Gate( 9521)	cx q[7], q[2]
Gate( 9522)	cx q[8], q[7]
Gate( 9523)	cx q[2], q[8]
Gate( 9524)	tdg q[7]
Gate( 9525)	cx q[2], q[7]
Gate( 9526)	tdg q[2]
Gate( 9527)	tdg q[7]
Gate( 9528)	 t q[8]
Gate( 9529)	cx q[8], q[7]
Gate( 9530)	cx q[2], q[8]
Gate( 9531)	cx q[7], q[2]
Gate( 9532)	 h q[8]
Gate( 9533)	 h q[7]
Gate( 9534)	 t q[3]
Gate( 9535)	 t q[6]
Gate( 9536)	 t q[7]
Gate( 9537)	cx q[6], q[3]
Gate( 9538)	cx q[7], q[6]
Gate( 9539)	cx q[3], q[7]
Gate( 9540)	tdg q[6]
Gate( 9541)	cx q[3], q[6]
Gate( 9542)	tdg q[3]
Gate( 9543)	tdg q[6]
Gate( 9544)	 t q[7]
Gate( 9545)	cx q[7], q[6]
Gate( 9546)	cx q[3], q[7]
Gate( 9547)	cx q[6], q[3]
Gate( 9548)	 h q[7]
Gate( 9549)	 h q[6]
Gate( 9550)	 t q[5]
Gate( 9551)	 t q[4]
Gate( 9552)	 t q[6]
Gate( 9553)	cx q[4], q[5]
Gate( 9554)	cx q[6], q[4]
Gate( 9555)	cx q[5], q[6]
Gate( 9556)	tdg q[4]
Gate( 9557)	cx q[5], q[4]
Gate( 9558)	tdg q[5]
Gate( 9559)	tdg q[4]
Gate( 9560)	 t q[6]
Gate( 9561)	cx q[6], q[4]
Gate( 9562)	cx q[5], q[6]
Gate( 9563)	cx q[4], q[5]
Gate( 9564)	 h q[6]
Gate( 9565)	 h q[7]
Gate( 9566)	 t q[3]
Gate( 9567)	 t q[6]
Gate( 9568)	 t q[7]
Gate( 9569)	cx q[6], q[3]
Gate( 9570)	cx q[7], q[6]
Gate( 9571)	cx q[3], q[7]
Gate( 9572)	tdg q[6]
Gate( 9573)	cx q[3], q[6]
Gate( 9574)	tdg q[3]
Gate( 9575)	tdg q[6]
Gate( 9576)	 t q[7]
Gate( 9577)	cx q[7], q[6]
Gate( 9578)	cx q[3], q[7]
Gate( 9579)	cx q[6], q[3]
Gate( 9580)	 h q[7]
Gate( 9581)	 h q[8]
Gate( 9582)	 t q[2]
Gate( 9583)	 t q[7]
Gate( 9584)	 t q[8]
Gate( 9585)	cx q[7], q[2]
Gate( 9586)	cx q[8], q[7]
Gate( 9587)	cx q[2], q[8]
Gate( 9588)	tdg q[7]
Gate( 9589)	cx q[2], q[7]
Gate( 9590)	tdg q[2]
Gate( 9591)	tdg q[7]
Gate( 9592)	 t q[8]
Gate( 9593)	cx q[8], q[7]
Gate( 9594)	cx q[2], q[8]
Gate( 9595)	cx q[7], q[2]
Gate( 9596)	 h q[8]
Gate( 9597)	 h q[9]
Gate( 9598)	 t q[1]
Gate( 9599)	 t q[8]
Gate( 9600)	 t q[9]
Gate( 9601)	cx q[8], q[1]
Gate( 9602)	cx q[9], q[8]
Gate( 9603)	cx q[1], q[9]
Gate( 9604)	tdg q[8]
Gate( 9605)	cx q[1], q[8]
Gate( 9606)	tdg q[1]
Gate( 9607)	tdg q[8]
Gate( 9608)	 t q[9]
Gate( 9609)	cx q[9], q[8]
Gate( 9610)	cx q[1], q[9]
Gate( 9611)	cx q[8], q[1]
Gate( 9612)	 h q[9]
Gate( 9613)	 h q[0]
Gate( 9614)	 t q[10]
Gate( 9615)	 t q[9]
Gate( 9616)	 t q[0]
Gate( 9617)	cx q[9], q[10]
Gate( 9618)	cx q[0], q[9]
Gate( 9619)	cx q[10], q[0]
Gate( 9620)	tdg q[9]
Gate( 9621)	cx q[10], q[9]
Gate( 9622)	tdg q[10]
Gate( 9623)	tdg q[9]
Gate( 9624)	 t q[0]
Gate( 9625)	cx q[0], q[9]
Gate( 9626)	cx q[10], q[0]
Gate( 9627)	cx q[9], q[10]
Gate( 9628)	 h q[0]
Gate( 9629)	 h q[9]
Gate( 9630)	 t q[1]
Gate( 9631)	 t q[8]
Gate( 9632)	 t q[9]
Gate( 9633)	cx q[8], q[1]
Gate( 9634)	cx q[9], q[8]
Gate( 9635)	cx q[1], q[9]
Gate( 9636)	tdg q[8]
Gate( 9637)	cx q[1], q[8]
Gate( 9638)	tdg q[1]
Gate( 9639)	tdg q[8]
Gate( 9640)	 t q[9]
Gate( 9641)	cx q[9], q[8]
Gate( 9642)	cx q[1], q[9]
Gate( 9643)	cx q[8], q[1]
Gate( 9644)	 h q[9]
Gate( 9645)	 h q[8]
Gate( 9646)	 t q[2]
Gate( 9647)	 t q[7]
Gate( 9648)	 t q[8]
Gate( 9649)	cx q[7], q[2]
Gate( 9650)	cx q[8], q[7]
Gate( 9651)	cx q[2], q[8]
Gate( 9652)	tdg q[7]
Gate( 9653)	cx q[2], q[7]
Gate( 9654)	tdg q[2]
Gate( 9655)	tdg q[7]
Gate( 9656)	 t q[8]
Gate( 9657)	cx q[8], q[7]
Gate( 9658)	cx q[2], q[8]
Gate( 9659)	cx q[7], q[2]
Gate( 9660)	 h q[8]
Gate( 9661)	 h q[7]
Gate( 9662)	 t q[3]
Gate( 9663)	 t q[6]
Gate( 9664)	 t q[7]
Gate( 9665)	cx q[6], q[3]
Gate( 9666)	cx q[7], q[6]
Gate( 9667)	cx q[3], q[7]
Gate( 9668)	tdg q[6]
Gate( 9669)	cx q[3], q[6]
Gate( 9670)	tdg q[3]
Gate( 9671)	tdg q[6]
Gate( 9672)	 t q[7]
Gate( 9673)	cx q[7], q[6]
Gate( 9674)	cx q[3], q[7]
Gate( 9675)	cx q[6], q[3]
Gate( 9676)	 h q[7]
Gate( 9677)	 h q[6]
Gate( 9678)	 t q[5]
Gate( 9679)	 t q[4]
Gate( 9680)	 t q[6]
Gate( 9681)	cx q[4], q[5]
Gate( 9682)	cx q[6], q[4]
Gate( 9683)	cx q[5], q[6]
Gate( 9684)	tdg q[4]
Gate( 9685)	cx q[5], q[4]
Gate( 9686)	tdg q[5]
Gate( 9687)	tdg q[4]
Gate( 9688)	 t q[6]
Gate( 9689)	cx q[6], q[4]
Gate( 9690)	cx q[5], q[6]
Gate( 9691)	cx q[4], q[5]
Gate( 9692)	 h q[6]
Gate( 9693)	 h q[7]
Gate( 9694)	 t q[3]
Gate( 9695)	 t q[6]
Gate( 9696)	 t q[7]
Gate( 9697)	cx q[6], q[3]
Gate( 9698)	cx q[7], q[6]
Gate( 9699)	cx q[3], q[7]
Gate( 9700)	tdg q[6]
Gate( 9701)	cx q[3], q[6]
Gate( 9702)	tdg q[3]
Gate( 9703)	tdg q[6]
Gate( 9704)	 t q[7]
Gate( 9705)	cx q[7], q[6]
Gate( 9706)	cx q[3], q[7]
Gate( 9707)	cx q[6], q[3]
Gate( 9708)	 h q[7]
Gate( 9709)	 h q[8]
Gate( 9710)	 t q[2]
Gate( 9711)	 t q[7]
Gate( 9712)	 t q[8]
Gate( 9713)	cx q[7], q[2]
Gate( 9714)	cx q[8], q[7]
Gate( 9715)	cx q[2], q[8]
Gate( 9716)	tdg q[7]
Gate( 9717)	cx q[2], q[7]
Gate( 9718)	tdg q[2]
Gate( 9719)	tdg q[7]
Gate( 9720)	 t q[8]
Gate( 9721)	cx q[8], q[7]
Gate( 9722)	cx q[2], q[8]
Gate( 9723)	cx q[7], q[2]
Gate( 9724)	 h q[8]
Gate( 9725)	 h q[9]
Gate( 9726)	 t q[1]
Gate( 9727)	 t q[8]
Gate( 9728)	 t q[9]
Gate( 9729)	cx q[8], q[1]
Gate( 9730)	cx q[9], q[8]
Gate( 9731)	cx q[1], q[9]
Gate( 9732)	tdg q[8]
Gate( 9733)	cx q[1], q[8]
Gate( 9734)	tdg q[1]
Gate( 9735)	tdg q[8]
Gate( 9736)	 t q[9]
Gate( 9737)	cx q[9], q[8]
Gate( 9738)	cx q[1], q[9]
Gate( 9739)	cx q[8], q[1]
Gate( 9740)	 h q[9]
Gate( 9741)	 h q[10]
Gate( 9742)	 t q[6]
Gate( 9743)	 t q[5]
Gate( 9744)	 t q[10]
Gate( 9745)	cx q[5], q[6]
Gate( 9746)	cx q[10], q[5]
Gate( 9747)	cx q[6], q[10]
Gate( 9748)	tdg q[5]
Gate( 9749)	cx q[6], q[5]
Gate( 9750)	tdg q[6]
Gate( 9751)	tdg q[5]
Gate( 9752)	 t q[10]
Gate( 9753)	cx q[10], q[5]
Gate( 9754)	cx q[6], q[10]
Gate( 9755)	cx q[5], q[6]
Gate( 9756)	 h q[10]
Gate( 9757)	 h q[5]
Gate( 9758)	 t q[7]
Gate( 9759)	 t q[4]
Gate( 9760)	 t q[5]
Gate( 9761)	cx q[4], q[7]
Gate( 9762)	cx q[5], q[4]
Gate( 9763)	cx q[7], q[5]
Gate( 9764)	tdg q[4]
Gate( 9765)	cx q[7], q[4]
Gate( 9766)	tdg q[7]
Gate( 9767)	tdg q[4]
Gate( 9768)	 t q[5]
Gate( 9769)	cx q[5], q[4]
Gate( 9770)	cx q[7], q[5]
Gate( 9771)	cx q[4], q[7]
Gate( 9772)	 h q[5]
Gate( 9773)	 h q[4]
Gate( 9774)	 t q[9]
Gate( 9775)	 t q[8]
Gate( 9776)	 t q[4]
Gate( 9777)	cx q[8], q[9]
Gate( 9778)	cx q[4], q[8]
Gate( 9779)	cx q[9], q[4]
Gate( 9780)	tdg q[8]
Gate( 9781)	cx q[9], q[8]
Gate( 9782)	tdg q[9]
Gate( 9783)	tdg q[8]
Gate( 9784)	 t q[4]
Gate( 9785)	cx q[4], q[8]
Gate( 9786)	cx q[9], q[4]
Gate( 9787)	cx q[8], q[9]
Gate( 9788)	 h q[4]
Gate( 9789)	 h q[5]
Gate( 9790)	 t q[7]
Gate( 9791)	 t q[4]
Gate( 9792)	 t q[5]
Gate( 9793)	cx q[4], q[7]
Gate( 9794)	cx q[5], q[4]
Gate( 9795)	cx q[7], q[5]
Gate( 9796)	tdg q[4]
Gate( 9797)	cx q[7], q[4]
Gate( 9798)	tdg q[7]
Gate( 9799)	tdg q[4]
Gate( 9800)	 t q[5]
Gate( 9801)	cx q[5], q[4]
Gate( 9802)	cx q[7], q[5]
Gate( 9803)	cx q[4], q[7]
Gate( 9804)	 h q[5]
Gate( 9805)	 h q[10]
Gate( 9806)	 t q[6]
Gate( 9807)	 t q[5]
Gate( 9808)	 t q[10]
Gate( 9809)	cx q[5], q[6]
Gate( 9810)	cx q[10], q[5]
Gate( 9811)	cx q[6], q[10]
Gate( 9812)	tdg q[5]
Gate( 9813)	cx q[6], q[5]
Gate( 9814)	tdg q[6]
Gate( 9815)	tdg q[5]
Gate( 9816)	 t q[10]
Gate( 9817)	cx q[10], q[5]
Gate( 9818)	cx q[6], q[10]
Gate( 9819)	cx q[5], q[6]
Gate( 9820)	 h q[10]
Gate( 9821)	 h q[5]
Gate( 9822)	 t q[7]
Gate( 9823)	 t q[4]
Gate( 9824)	 t q[5]
Gate( 9825)	cx q[4], q[7]
Gate( 9826)	cx q[5], q[4]
Gate( 9827)	cx q[7], q[5]
Gate( 9828)	tdg q[4]
Gate( 9829)	cx q[7], q[4]
Gate( 9830)	tdg q[7]
Gate( 9831)	tdg q[4]
Gate( 9832)	 t q[5]
Gate( 9833)	cx q[5], q[4]
Gate( 9834)	cx q[7], q[5]
Gate( 9835)	cx q[4], q[7]
Gate( 9836)	 h q[5]
Gate( 9837)	 h q[4]
Gate( 9838)	 t q[9]
Gate( 9839)	 t q[8]
Gate( 9840)	 t q[4]
Gate( 9841)	cx q[8], q[9]
Gate( 9842)	cx q[4], q[8]
Gate( 9843)	cx q[9], q[4]
Gate( 9844)	tdg q[8]
Gate( 9845)	cx q[9], q[8]
Gate( 9846)	tdg q[9]
Gate( 9847)	tdg q[8]
Gate( 9848)	 t q[4]
Gate( 9849)	cx q[4], q[8]
Gate( 9850)	cx q[9], q[4]
Gate( 9851)	cx q[8], q[9]
Gate( 9852)	 h q[4]
Gate( 9853)	 h q[5]
Gate( 9854)	 t q[7]
Gate( 9855)	 t q[4]
Gate( 9856)	 t q[5]
Gate( 9857)	cx q[4], q[7]
Gate( 9858)	cx q[5], q[4]
Gate( 9859)	cx q[7], q[5]
Gate( 9860)	tdg q[4]
Gate( 9861)	cx q[7], q[4]
Gate( 9862)	tdg q[7]
Gate( 9863)	tdg q[4]
Gate( 9864)	 t q[5]
Gate( 9865)	cx q[5], q[4]
Gate( 9866)	cx q[7], q[5]
Gate( 9867)	cx q[4], q[7]
Gate( 9868)	 h q[5]
Gate( 9869)	 h q[0]
Gate( 9870)	 t q[10]
Gate( 9871)	 t q[9]
Gate( 9872)	 t q[0]
Gate( 9873)	cx q[9], q[10]
Gate( 9874)	cx q[0], q[9]
Gate( 9875)	cx q[10], q[0]
Gate( 9876)	tdg q[9]
Gate( 9877)	cx q[10], q[9]
Gate( 9878)	tdg q[10]
Gate( 9879)	tdg q[9]
Gate( 9880)	 t q[0]
Gate( 9881)	cx q[0], q[9]
Gate( 9882)	cx q[10], q[0]
Gate( 9883)	cx q[9], q[10]
Gate( 9884)	 h q[0]
Gate( 9885)	 h q[9]
Gate( 9886)	 t q[1]
Gate( 9887)	 t q[8]
Gate( 9888)	 t q[9]
Gate( 9889)	cx q[8], q[1]
Gate( 9890)	cx q[9], q[8]
Gate( 9891)	cx q[1], q[9]
Gate( 9892)	tdg q[8]
Gate( 9893)	cx q[1], q[8]
Gate( 9894)	tdg q[1]
Gate( 9895)	tdg q[8]
Gate( 9896)	 t q[9]
Gate( 9897)	cx q[9], q[8]
Gate( 9898)	cx q[1], q[9]
Gate( 9899)	cx q[8], q[1]
Gate( 9900)	 h q[9]
Gate( 9901)	 h q[8]
Gate( 9902)	 t q[2]
Gate( 9903)	 t q[7]
Gate( 9904)	 t q[8]
Gate( 9905)	cx q[7], q[2]
Gate( 9906)	cx q[8], q[7]
Gate( 9907)	cx q[2], q[8]
Gate( 9908)	tdg q[7]
Gate( 9909)	cx q[2], q[7]
Gate( 9910)	tdg q[2]
Gate( 9911)	tdg q[7]
Gate( 9912)	 t q[8]
Gate( 9913)	cx q[8], q[7]
Gate( 9914)	cx q[2], q[8]
Gate( 9915)	cx q[7], q[2]
Gate( 9916)	 h q[8]
Gate( 9917)	 h q[7]
Gate( 9918)	 t q[3]
Gate( 9919)	 t q[6]
Gate( 9920)	 t q[7]
Gate( 9921)	cx q[6], q[3]
Gate( 9922)	cx q[7], q[6]
Gate( 9923)	cx q[3], q[7]
Gate( 9924)	tdg q[6]
Gate( 9925)	cx q[3], q[6]
Gate( 9926)	tdg q[3]
Gate( 9927)	tdg q[6]
Gate( 9928)	 t q[7]
Gate( 9929)	cx q[7], q[6]
Gate( 9930)	cx q[3], q[7]
Gate( 9931)	cx q[6], q[3]
Gate( 9932)	 h q[7]
Gate( 9933)	 h q[6]
Gate( 9934)	 t q[5]
Gate( 9935)	 t q[4]
Gate( 9936)	 t q[6]
Gate( 9937)	cx q[4], q[5]
Gate( 9938)	cx q[6], q[4]
Gate( 9939)	cx q[5], q[6]
Gate( 9940)	tdg q[4]
Gate( 9941)	cx q[5], q[4]
Gate( 9942)	tdg q[5]
Gate( 9943)	tdg q[4]
Gate( 9944)	 t q[6]
Gate( 9945)	cx q[6], q[4]
Gate( 9946)	cx q[5], q[6]
Gate( 9947)	cx q[4], q[5]
Gate( 9948)	 h q[6]
Gate( 9949)	 h q[7]
Gate( 9950)	 t q[3]
Gate( 9951)	 t q[6]
Gate( 9952)	 t q[7]
Gate( 9953)	cx q[6], q[3]
Gate( 9954)	cx q[7], q[6]
Gate( 9955)	cx q[3], q[7]
Gate( 9956)	tdg q[6]
Gate( 9957)	cx q[3], q[6]
Gate( 9958)	tdg q[3]
Gate( 9959)	tdg q[6]
Gate( 9960)	 t q[7]
Gate( 9961)	cx q[7], q[6]
Gate( 9962)	cx q[3], q[7]
Gate( 9963)	cx q[6], q[3]
Gate( 9964)	 h q[7]
Gate( 9965)	 h q[8]
Gate( 9966)	 t q[2]
Gate( 9967)	 t q[7]
Gate( 9968)	 t q[8]
Gate( 9969)	cx q[7], q[2]
Gate( 9970)	cx q[8], q[7]
Gate( 9971)	cx q[2], q[8]
Gate( 9972)	tdg q[7]
Gate( 9973)	cx q[2], q[7]
Gate( 9974)	tdg q[2]
Gate( 9975)	tdg q[7]
Gate( 9976)	 t q[8]
Gate( 9977)	cx q[8], q[7]
Gate( 9978)	cx q[2], q[8]
Gate( 9979)	cx q[7], q[2]
Gate( 9980)	 h q[8]
Gate( 9981)	 h q[9]
Gate( 9982)	 t q[1]
Gate( 9983)	 t q[8]
Gate( 9984)	 t q[9]
Gate( 9985)	cx q[8], q[1]
Gate( 9986)	cx q[9], q[8]
Gate( 9987)	cx q[1], q[9]
Gate( 9988)	tdg q[8]
Gate( 9989)	cx q[1], q[8]
Gate( 9990)	tdg q[1]
Gate( 9991)	tdg q[8]
Gate( 9992)	 t q[9]
Gate( 9993)	cx q[9], q[8]
Gate( 9994)	cx q[1], q[9]
Gate( 9995)	cx q[8], q[1]
Gate( 9996)	 h q[9]
Gate( 9997)	 h q[0]
Gate( 9998)	 t q[10]
Gate( 9999)	 t q[9]
Gate(10000)	 t q[0]
Gate(10001)	cx q[9], q[10]
Gate(10002)	cx q[0], q[9]
Gate(10003)	cx q[10], q[0]
Gate(10004)	tdg q[9]
Gate(10005)	cx q[10], q[9]
Gate(10006)	tdg q[10]
Gate(10007)	tdg q[9]
Gate(10008)	 t q[0]
Gate(10009)	cx q[0], q[9]
Gate(10010)	cx q[10], q[0]
Gate(10011)	cx q[9], q[10]
Gate(10012)	 h q[0]
Gate(10013)	 h q[9]
Gate(10014)	 t q[1]
Gate(10015)	 t q[8]
Gate(10016)	 t q[9]
Gate(10017)	cx q[8], q[1]
Gate(10018)	cx q[9], q[8]
Gate(10019)	cx q[1], q[9]
Gate(10020)	tdg q[8]
Gate(10021)	cx q[1], q[8]
Gate(10022)	tdg q[1]
Gate(10023)	tdg q[8]
Gate(10024)	 t q[9]
Gate(10025)	cx q[9], q[8]
Gate(10026)	cx q[1], q[9]
Gate(10027)	cx q[8], q[1]
Gate(10028)	 h q[9]
Gate(10029)	 h q[8]
Gate(10030)	 t q[2]
Gate(10031)	 t q[7]
Gate(10032)	 t q[8]
Gate(10033)	cx q[7], q[2]
Gate(10034)	cx q[8], q[7]
Gate(10035)	cx q[2], q[8]
Gate(10036)	tdg q[7]
Gate(10037)	cx q[2], q[7]
Gate(10038)	tdg q[2]
Gate(10039)	tdg q[7]
Gate(10040)	 t q[8]
Gate(10041)	cx q[8], q[7]
Gate(10042)	cx q[2], q[8]
Gate(10043)	cx q[7], q[2]
Gate(10044)	 h q[8]
Gate(10045)	 h q[7]
Gate(10046)	 t q[3]
Gate(10047)	 t q[6]
Gate(10048)	 t q[7]
Gate(10049)	cx q[6], q[3]
Gate(10050)	cx q[7], q[6]
Gate(10051)	cx q[3], q[7]
Gate(10052)	tdg q[6]
Gate(10053)	cx q[3], q[6]
Gate(10054)	tdg q[3]
Gate(10055)	tdg q[6]
Gate(10056)	 t q[7]
Gate(10057)	cx q[7], q[6]
Gate(10058)	cx q[3], q[7]
Gate(10059)	cx q[6], q[3]
Gate(10060)	 h q[7]
Gate(10061)	 h q[6]
Gate(10062)	 t q[5]
Gate(10063)	 t q[4]
Gate(10064)	 t q[6]
Gate(10065)	cx q[4], q[5]
Gate(10066)	cx q[6], q[4]
Gate(10067)	cx q[5], q[6]
Gate(10068)	tdg q[4]
Gate(10069)	cx q[5], q[4]
Gate(10070)	tdg q[5]
Gate(10071)	tdg q[4]
Gate(10072)	 t q[6]
Gate(10073)	cx q[6], q[4]
Gate(10074)	cx q[5], q[6]
Gate(10075)	cx q[4], q[5]
Gate(10076)	 h q[6]
Gate(10077)	 h q[7]
Gate(10078)	 t q[3]
Gate(10079)	 t q[6]
Gate(10080)	 t q[7]
Gate(10081)	cx q[6], q[3]
Gate(10082)	cx q[7], q[6]
Gate(10083)	cx q[3], q[7]
Gate(10084)	tdg q[6]
Gate(10085)	cx q[3], q[6]
Gate(10086)	tdg q[3]
Gate(10087)	tdg q[6]
Gate(10088)	 t q[7]
Gate(10089)	cx q[7], q[6]
Gate(10090)	cx q[3], q[7]
Gate(10091)	cx q[6], q[3]
Gate(10092)	 h q[7]
Gate(10093)	 h q[8]
Gate(10094)	 t q[2]
Gate(10095)	 t q[7]
Gate(10096)	 t q[8]
Gate(10097)	cx q[7], q[2]
Gate(10098)	cx q[8], q[7]
Gate(10099)	cx q[2], q[8]
Gate(10100)	tdg q[7]
Gate(10101)	cx q[2], q[7]
Gate(10102)	tdg q[2]
Gate(10103)	tdg q[7]
Gate(10104)	 t q[8]
Gate(10105)	cx q[8], q[7]
Gate(10106)	cx q[2], q[8]
Gate(10107)	cx q[7], q[2]
Gate(10108)	 h q[8]
Gate(10109)	 h q[9]
Gate(10110)	 t q[1]
Gate(10111)	 t q[8]
Gate(10112)	 t q[9]
Gate(10113)	cx q[8], q[1]
Gate(10114)	cx q[9], q[8]
Gate(10115)	cx q[1], q[9]
Gate(10116)	tdg q[8]
Gate(10117)	cx q[1], q[8]
Gate(10118)	tdg q[1]
Gate(10119)	tdg q[8]
Gate(10120)	 t q[9]
Gate(10121)	cx q[9], q[8]
Gate(10122)	cx q[1], q[9]
Gate(10123)	cx q[8], q[1]
Gate(10124)	 h q[9]
Gate(10125)	 h q[0]
Gate(10126)	 t q[1]
Gate(10127)	 t q[10]
Gate(10128)	 t q[0]
Gate(10129)	cx q[10], q[1]
Gate(10130)	cx q[0], q[10]
Gate(10131)	cx q[1], q[0]
Gate(10132)	tdg q[10]
Gate(10133)	cx q[1], q[10]
Gate(10134)	tdg q[1]
Gate(10135)	tdg q[10]
Gate(10136)	 t q[0]
Gate(10137)	cx q[0], q[10]
Gate(10138)	cx q[1], q[0]
Gate(10139)	cx q[10], q[1]
Gate(10140)	 h q[0]
Gate(10141)	 h q[10]
Gate(10142)	 t q[3]
Gate(10143)	 t q[9]
Gate(10144)	 t q[10]
Gate(10145)	cx q[9], q[3]
Gate(10146)	cx q[10], q[9]
Gate(10147)	cx q[3], q[10]
Gate(10148)	tdg q[9]
Gate(10149)	cx q[3], q[9]
Gate(10150)	tdg q[3]
Gate(10151)	tdg q[9]
Gate(10152)	 t q[10]
Gate(10153)	cx q[10], q[9]
Gate(10154)	cx q[3], q[10]
Gate(10155)	cx q[9], q[3]
Gate(10156)	 h q[10]
Gate(10157)	 h q[9]
Gate(10158)	 t q[4]
Gate(10159)	 t q[5]
Gate(10160)	 t q[9]
Gate(10161)	cx q[5], q[4]
Gate(10162)	cx q[9], q[5]
Gate(10163)	cx q[4], q[9]
Gate(10164)	tdg q[5]
Gate(10165)	cx q[4], q[5]
Gate(10166)	tdg q[4]
Gate(10167)	tdg q[5]
Gate(10168)	 t q[9]
Gate(10169)	cx q[9], q[5]
Gate(10170)	cx q[4], q[9]
Gate(10171)	cx q[5], q[4]
Gate(10172)	 h q[9]
Gate(10173)	 h q[5]
Gate(10174)	 t q[6]
Gate(10175)	 t q[2]
Gate(10176)	 t q[5]
Gate(10177)	cx q[2], q[6]
Gate(10178)	cx q[5], q[2]
Gate(10179)	cx q[6], q[5]
Gate(10180)	tdg q[2]
Gate(10181)	cx q[6], q[2]
Gate(10182)	tdg q[6]
Gate(10183)	tdg q[2]
Gate(10184)	 t q[5]
Gate(10185)	cx q[5], q[2]
Gate(10186)	cx q[6], q[5]
Gate(10187)	cx q[2], q[6]
Gate(10188)	 h q[5]
Gate(10189)	 h q[2]
Gate(10190)	 t q[8]
Gate(10191)	 t q[7]
Gate(10192)	 t q[2]
Gate(10193)	cx q[7], q[8]
Gate(10194)	cx q[2], q[7]
Gate(10195)	cx q[8], q[2]
Gate(10196)	tdg q[7]
Gate(10197)	cx q[8], q[7]
Gate(10198)	tdg q[8]
Gate(10199)	tdg q[7]
Gate(10200)	 t q[2]
Gate(10201)	cx q[2], q[7]
Gate(10202)	cx q[8], q[2]
Gate(10203)	cx q[7], q[8]
Gate(10204)	 h q[2]
Gate(10205)	 h q[5]
Gate(10206)	 t q[6]
Gate(10207)	 t q[2]
Gate(10208)	 t q[5]
Gate(10209)	cx q[2], q[6]
Gate(10210)	cx q[5], q[2]
Gate(10211)	cx q[6], q[5]
Gate(10212)	tdg q[2]
Gate(10213)	cx q[6], q[2]
Gate(10214)	tdg q[6]
Gate(10215)	tdg q[2]
Gate(10216)	 t q[5]
Gate(10217)	cx q[5], q[2]
Gate(10218)	cx q[6], q[5]
Gate(10219)	cx q[2], q[6]
Gate(10220)	 h q[5]
Gate(10221)	 h q[9]
Gate(10222)	 t q[4]
Gate(10223)	 t q[5]
Gate(10224)	 t q[9]
Gate(10225)	cx q[5], q[4]
Gate(10226)	cx q[9], q[5]
Gate(10227)	cx q[4], q[9]
Gate(10228)	tdg q[5]
Gate(10229)	cx q[4], q[5]
Gate(10230)	tdg q[4]
Gate(10231)	tdg q[5]
Gate(10232)	 t q[9]
Gate(10233)	cx q[9], q[5]
Gate(10234)	cx q[4], q[9]
Gate(10235)	cx q[5], q[4]
Gate(10236)	 h q[9]
Gate(10237)	 h q[10]
Gate(10238)	 t q[3]
Gate(10239)	 t q[9]
Gate(10240)	 t q[10]
Gate(10241)	cx q[9], q[3]
Gate(10242)	cx q[10], q[9]
Gate(10243)	cx q[3], q[10]
Gate(10244)	tdg q[9]
Gate(10245)	cx q[3], q[9]
Gate(10246)	tdg q[3]
Gate(10247)	tdg q[9]
Gate(10248)	 t q[10]
Gate(10249)	cx q[10], q[9]
Gate(10250)	cx q[3], q[10]
Gate(10251)	cx q[9], q[3]
Gate(10252)	 h q[10]
Gate(10253)	 h q[0]
Gate(10254)	 t q[1]
Gate(10255)	 t q[10]
Gate(10256)	 t q[0]
Gate(10257)	cx q[10], q[1]
Gate(10258)	cx q[0], q[10]
Gate(10259)	cx q[1], q[0]
Gate(10260)	tdg q[10]
Gate(10261)	cx q[1], q[10]
Gate(10262)	tdg q[1]
Gate(10263)	tdg q[10]
Gate(10264)	 t q[0]
Gate(10265)	cx q[0], q[10]
Gate(10266)	cx q[1], q[0]
Gate(10267)	cx q[10], q[1]
Gate(10268)	 h q[0]
Gate(10269)	 h q[10]
Gate(10270)	 t q[3]
Gate(10271)	 t q[9]
Gate(10272)	 t q[10]
Gate(10273)	cx q[9], q[3]
Gate(10274)	cx q[10], q[9]
Gate(10275)	cx q[3], q[10]
Gate(10276)	tdg q[9]
Gate(10277)	cx q[3], q[9]
Gate(10278)	tdg q[3]
Gate(10279)	tdg q[9]
Gate(10280)	 t q[10]
Gate(10281)	cx q[10], q[9]
Gate(10282)	cx q[3], q[10]
Gate(10283)	cx q[9], q[3]
Gate(10284)	 h q[10]
Gate(10285)	 h q[9]
Gate(10286)	 t q[4]
Gate(10287)	 t q[5]
Gate(10288)	 t q[9]
Gate(10289)	cx q[5], q[4]
Gate(10290)	cx q[9], q[5]
Gate(10291)	cx q[4], q[9]
Gate(10292)	tdg q[5]
Gate(10293)	cx q[4], q[5]
Gate(10294)	tdg q[4]
Gate(10295)	tdg q[5]
Gate(10296)	 t q[9]
Gate(10297)	cx q[9], q[5]
Gate(10298)	cx q[4], q[9]
Gate(10299)	cx q[5], q[4]
Gate(10300)	 h q[9]
Gate(10301)	 h q[5]
Gate(10302)	 t q[6]
Gate(10303)	 t q[2]
Gate(10304)	 t q[5]
Gate(10305)	cx q[2], q[6]
Gate(10306)	cx q[5], q[2]
Gate(10307)	cx q[6], q[5]
Gate(10308)	tdg q[2]
Gate(10309)	cx q[6], q[2]
Gate(10310)	tdg q[6]
Gate(10311)	tdg q[2]
Gate(10312)	 t q[5]
Gate(10313)	cx q[5], q[2]
Gate(10314)	cx q[6], q[5]
Gate(10315)	cx q[2], q[6]
Gate(10316)	 h q[5]
Gate(10317)	 h q[2]
Gate(10318)	 t q[8]
Gate(10319)	 t q[7]
Gate(10320)	 t q[2]
Gate(10321)	cx q[7], q[8]
Gate(10322)	cx q[2], q[7]
Gate(10323)	cx q[8], q[2]
Gate(10324)	tdg q[7]
Gate(10325)	cx q[8], q[7]
Gate(10326)	tdg q[8]
Gate(10327)	tdg q[7]
Gate(10328)	 t q[2]
Gate(10329)	cx q[2], q[7]
Gate(10330)	cx q[8], q[2]
Gate(10331)	cx q[7], q[8]
Gate(10332)	 h q[2]
Gate(10333)	 h q[5]
Gate(10334)	 t q[6]
Gate(10335)	 t q[2]
Gate(10336)	 t q[5]
Gate(10337)	cx q[2], q[6]
Gate(10338)	cx q[5], q[2]
Gate(10339)	cx q[6], q[5]
Gate(10340)	tdg q[2]
Gate(10341)	cx q[6], q[2]
Gate(10342)	tdg q[6]
Gate(10343)	tdg q[2]
Gate(10344)	 t q[5]
Gate(10345)	cx q[5], q[2]
Gate(10346)	cx q[6], q[5]
Gate(10347)	cx q[2], q[6]
Gate(10348)	 h q[5]
Gate(10349)	 h q[9]
Gate(10350)	 t q[4]
Gate(10351)	 t q[5]
Gate(10352)	 t q[9]
Gate(10353)	cx q[5], q[4]
Gate(10354)	cx q[9], q[5]
Gate(10355)	cx q[4], q[9]
Gate(10356)	tdg q[5]
Gate(10357)	cx q[4], q[5]
Gate(10358)	tdg q[4]
Gate(10359)	tdg q[5]
Gate(10360)	 t q[9]
Gate(10361)	cx q[9], q[5]
Gate(10362)	cx q[4], q[9]
Gate(10363)	cx q[5], q[4]
Gate(10364)	 h q[9]
Gate(10365)	 h q[10]
Gate(10366)	 t q[3]
Gate(10367)	 t q[9]
Gate(10368)	 t q[10]
Gate(10369)	cx q[9], q[3]
Gate(10370)	cx q[10], q[9]
Gate(10371)	cx q[3], q[10]
Gate(10372)	tdg q[9]
Gate(10373)	cx q[3], q[9]
Gate(10374)	tdg q[3]
Gate(10375)	tdg q[9]
Gate(10376)	 t q[10]
Gate(10377)	cx q[10], q[9]
Gate(10378)	cx q[3], q[10]
Gate(10379)	cx q[9], q[3]
Gate(10380)	 h q[10]
Gate(10381)	 x q[1]
Gate(10382)	 x q[3]
Gate(10383)	 x q[6]
Gate(10384)	 x q[7]
Gate(10385)	 x q[2]
Gate(10386)	 h q[3]
Gate(10387)	 t q[6]
Gate(10388)	 t q[10]
Gate(10389)	 t q[3]
Gate(10390)	cx q[10], q[6]
Gate(10391)	cx q[3], q[10]
Gate(10392)	cx q[6], q[3]
Gate(10393)	tdg q[10]
Gate(10394)	cx q[6], q[10]
Gate(10395)	tdg q[6]
Gate(10396)	tdg q[10]
Gate(10397)	 t q[3]
Gate(10398)	cx q[3], q[10]
Gate(10399)	cx q[6], q[3]
Gate(10400)	cx q[10], q[6]
Gate(10401)	 h q[3]
Gate(10402)	 h q[10]
Gate(10403)	 t q[7]
Gate(10404)	 t q[5]
Gate(10405)	 t q[10]
Gate(10406)	cx q[5], q[7]
Gate(10407)	cx q[10], q[5]
Gate(10408)	cx q[7], q[10]
Gate(10409)	tdg q[5]
Gate(10410)	cx q[7], q[5]
Gate(10411)	tdg q[7]
Gate(10412)	tdg q[5]
Gate(10413)	 t q[10]
Gate(10414)	cx q[10], q[5]
Gate(10415)	cx q[7], q[10]
Gate(10416)	cx q[5], q[7]
Gate(10417)	 h q[10]
Gate(10418)	 h q[5]
Gate(10419)	 t q[9]
Gate(10420)	 t q[8]
Gate(10421)	 t q[5]
Gate(10422)	cx q[8], q[9]
Gate(10423)	cx q[5], q[8]
Gate(10424)	cx q[9], q[5]
Gate(10425)	tdg q[8]
Gate(10426)	cx q[9], q[8]
Gate(10427)	tdg q[9]
Gate(10428)	tdg q[8]
Gate(10429)	 t q[5]
Gate(10430)	cx q[5], q[8]
Gate(10431)	cx q[9], q[5]
Gate(10432)	cx q[8], q[9]
Gate(10433)	 h q[5]
Gate(10434)	 h q[10]
Gate(10435)	 t q[7]
Gate(10436)	 t q[5]
Gate(10437)	 t q[10]
Gate(10438)	cx q[5], q[7]
Gate(10439)	cx q[10], q[5]
Gate(10440)	cx q[7], q[10]
Gate(10441)	tdg q[5]
Gate(10442)	cx q[7], q[5]
Gate(10443)	tdg q[7]
Gate(10444)	tdg q[5]
Gate(10445)	 t q[10]
Gate(10446)	cx q[10], q[5]
Gate(10447)	cx q[7], q[10]
Gate(10448)	cx q[5], q[7]
Gate(10449)	 h q[10]
Gate(10450)	 h q[3]
Gate(10451)	 t q[6]
Gate(10452)	 t q[10]
Gate(10453)	 t q[3]
Gate(10454)	cx q[10], q[6]
Gate(10455)	cx q[3], q[10]
Gate(10456)	cx q[6], q[3]
Gate(10457)	tdg q[10]
Gate(10458)	cx q[6], q[10]
Gate(10459)	tdg q[6]
Gate(10460)	tdg q[10]
Gate(10461)	 t q[3]
Gate(10462)	cx q[3], q[10]
Gate(10463)	cx q[6], q[3]
Gate(10464)	cx q[10], q[6]
Gate(10465)	 h q[3]
Gate(10466)	 h q[10]
Gate(10467)	 t q[7]
Gate(10468)	 t q[5]
Gate(10469)	 t q[10]
Gate(10470)	cx q[5], q[7]
Gate(10471)	cx q[10], q[5]
Gate(10472)	cx q[7], q[10]
Gate(10473)	tdg q[5]
Gate(10474)	cx q[7], q[5]
Gate(10475)	tdg q[7]
Gate(10476)	tdg q[5]
Gate(10477)	 t q[10]
Gate(10478)	cx q[10], q[5]
Gate(10479)	cx q[7], q[10]
Gate(10480)	cx q[5], q[7]
Gate(10481)	 h q[10]
Gate(10482)	 h q[5]
Gate(10483)	 t q[9]
Gate(10484)	 t q[8]
Gate(10485)	 t q[5]
Gate(10486)	cx q[8], q[9]
Gate(10487)	cx q[5], q[8]
Gate(10488)	cx q[9], q[5]
Gate(10489)	tdg q[8]
Gate(10490)	cx q[9], q[8]
Gate(10491)	tdg q[9]
Gate(10492)	tdg q[8]
Gate(10493)	 t q[5]
Gate(10494)	cx q[5], q[8]
Gate(10495)	cx q[9], q[5]
Gate(10496)	cx q[8], q[9]
Gate(10497)	 h q[5]
Gate(10498)	 h q[10]
Gate(10499)	 t q[7]
Gate(10500)	 t q[5]
Gate(10501)	 t q[10]
Gate(10502)	cx q[5], q[7]
Gate(10503)	cx q[10], q[5]
Gate(10504)	cx q[7], q[10]
Gate(10505)	tdg q[5]
Gate(10506)	cx q[7], q[5]
Gate(10507)	tdg q[7]
Gate(10508)	tdg q[5]
Gate(10509)	 t q[10]
Gate(10510)	cx q[10], q[5]
Gate(10511)	cx q[7], q[10]
Gate(10512)	cx q[5], q[7]
Gate(10513)	 h q[10]
Gate(10514)	 h q[0]
Gate(10515)	 t q[3]
Gate(10516)	 t q[10]
Gate(10517)	 t q[0]
Gate(10518)	cx q[10], q[3]
Gate(10519)	cx q[0], q[10]
Gate(10520)	cx q[3], q[0]
Gate(10521)	tdg q[10]
Gate(10522)	cx q[3], q[10]
Gate(10523)	tdg q[3]
Gate(10524)	tdg q[10]
Gate(10525)	 t q[0]
Gate(10526)	cx q[0], q[10]
Gate(10527)	cx q[3], q[0]
Gate(10528)	cx q[10], q[3]
Gate(10529)	 h q[0]
Gate(10530)	 h q[10]
Gate(10531)	 t q[1]
Gate(10532)	 t q[9]
Gate(10533)	 t q[10]
Gate(10534)	cx q[9], q[1]
Gate(10535)	cx q[10], q[9]
Gate(10536)	cx q[1], q[10]
Gate(10537)	tdg q[9]
Gate(10538)	cx q[1], q[9]
Gate(10539)	tdg q[1]
Gate(10540)	tdg q[9]
Gate(10541)	 t q[10]
Gate(10542)	cx q[10], q[9]
Gate(10543)	cx q[1], q[10]
Gate(10544)	cx q[9], q[1]
Gate(10545)	 h q[10]
Gate(10546)	 h q[9]
Gate(10547)	 t q[2]
Gate(10548)	 t q[8]
Gate(10549)	 t q[9]
Gate(10550)	cx q[8], q[2]
Gate(10551)	cx q[9], q[8]
Gate(10552)	cx q[2], q[9]
Gate(10553)	tdg q[8]
Gate(10554)	cx q[2], q[8]
Gate(10555)	tdg q[2]
Gate(10556)	tdg q[8]
Gate(10557)	 t q[9]
Gate(10558)	cx q[9], q[8]
Gate(10559)	cx q[2], q[9]
Gate(10560)	cx q[8], q[2]
Gate(10561)	 h q[9]
Gate(10562)	 h q[8]
Gate(10563)	 t q[5]
Gate(10564)	 t q[4]
Gate(10565)	 t q[8]
Gate(10566)	cx q[4], q[5]
Gate(10567)	cx q[8], q[4]
Gate(10568)	cx q[5], q[8]
Gate(10569)	tdg q[4]
Gate(10570)	cx q[5], q[4]
Gate(10571)	tdg q[5]
Gate(10572)	tdg q[4]
Gate(10573)	 t q[8]
Gate(10574)	cx q[8], q[4]
Gate(10575)	cx q[5], q[8]
Gate(10576)	cx q[4], q[5]
Gate(10577)	 h q[8]
Gate(10578)	 h q[9]
Gate(10579)	 t q[2]
Gate(10580)	 t q[8]
Gate(10581)	 t q[9]
Gate(10582)	cx q[8], q[2]
Gate(10583)	cx q[9], q[8]
Gate(10584)	cx q[2], q[9]
Gate(10585)	tdg q[8]
Gate(10586)	cx q[2], q[8]
Gate(10587)	tdg q[2]
Gate(10588)	tdg q[8]
Gate(10589)	 t q[9]
Gate(10590)	cx q[9], q[8]
Gate(10591)	cx q[2], q[9]
Gate(10592)	cx q[8], q[2]
Gate(10593)	 h q[9]
Gate(10594)	 h q[10]
Gate(10595)	 t q[1]
Gate(10596)	 t q[9]
Gate(10597)	 t q[10]
Gate(10598)	cx q[9], q[1]
Gate(10599)	cx q[10], q[9]
Gate(10600)	cx q[1], q[10]
Gate(10601)	tdg q[9]
Gate(10602)	cx q[1], q[9]
Gate(10603)	tdg q[1]
Gate(10604)	tdg q[9]
Gate(10605)	 t q[10]
Gate(10606)	cx q[10], q[9]
Gate(10607)	cx q[1], q[10]
Gate(10608)	cx q[9], q[1]
Gate(10609)	 h q[10]
Gate(10610)	 h q[0]
Gate(10611)	 t q[3]
Gate(10612)	 t q[10]
Gate(10613)	 t q[0]
Gate(10614)	cx q[10], q[3]
Gate(10615)	cx q[0], q[10]
Gate(10616)	cx q[3], q[0]
Gate(10617)	tdg q[10]
Gate(10618)	cx q[3], q[10]
Gate(10619)	tdg q[3]
Gate(10620)	tdg q[10]
Gate(10621)	 t q[0]
Gate(10622)	cx q[0], q[10]
Gate(10623)	cx q[3], q[0]
Gate(10624)	cx q[10], q[3]
Gate(10625)	 h q[0]
Gate(10626)	 h q[10]
Gate(10627)	 t q[1]
Gate(10628)	 t q[9]
Gate(10629)	 t q[10]
Gate(10630)	cx q[9], q[1]
Gate(10631)	cx q[10], q[9]
Gate(10632)	cx q[1], q[10]
Gate(10633)	tdg q[9]
Gate(10634)	cx q[1], q[9]
Gate(10635)	tdg q[1]
Gate(10636)	tdg q[9]
Gate(10637)	 t q[10]
Gate(10638)	cx q[10], q[9]
Gate(10639)	cx q[1], q[10]
Gate(10640)	cx q[9], q[1]
Gate(10641)	 h q[10]
Gate(10642)	 h q[9]
Gate(10643)	 t q[2]
Gate(10644)	 t q[8]
Gate(10645)	 t q[9]
Gate(10646)	cx q[8], q[2]
Gate(10647)	cx q[9], q[8]
Gate(10648)	cx q[2], q[9]
Gate(10649)	tdg q[8]
Gate(10650)	cx q[2], q[8]
Gate(10651)	tdg q[2]
Gate(10652)	tdg q[8]
Gate(10653)	 t q[9]
Gate(10654)	cx q[9], q[8]
Gate(10655)	cx q[2], q[9]
Gate(10656)	cx q[8], q[2]
Gate(10657)	 h q[9]
Gate(10658)	 h q[8]
Gate(10659)	 t q[5]
Gate(10660)	 t q[4]
Gate(10661)	 t q[8]
Gate(10662)	cx q[4], q[5]
Gate(10663)	cx q[8], q[4]
Gate(10664)	cx q[5], q[8]
Gate(10665)	tdg q[4]
Gate(10666)	cx q[5], q[4]
Gate(10667)	tdg q[5]
Gate(10668)	tdg q[4]
Gate(10669)	 t q[8]
Gate(10670)	cx q[8], q[4]
Gate(10671)	cx q[5], q[8]
Gate(10672)	cx q[4], q[5]
Gate(10673)	 h q[8]
Gate(10674)	 h q[9]
Gate(10675)	 t q[2]
Gate(10676)	 t q[8]
Gate(10677)	 t q[9]
Gate(10678)	cx q[8], q[2]
Gate(10679)	cx q[9], q[8]
Gate(10680)	cx q[2], q[9]
Gate(10681)	tdg q[8]
Gate(10682)	cx q[2], q[8]
Gate(10683)	tdg q[2]
Gate(10684)	tdg q[8]
Gate(10685)	 t q[9]
Gate(10686)	cx q[9], q[8]
Gate(10687)	cx q[2], q[9]
Gate(10688)	cx q[8], q[2]
Gate(10689)	 h q[9]
Gate(10690)	 h q[10]
Gate(10691)	 t q[1]
Gate(10692)	 t q[9]
Gate(10693)	 t q[10]
Gate(10694)	cx q[9], q[1]
Gate(10695)	cx q[10], q[9]
Gate(10696)	cx q[1], q[10]
Gate(10697)	tdg q[9]
Gate(10698)	cx q[1], q[9]
Gate(10699)	tdg q[1]
Gate(10700)	tdg q[9]
Gate(10701)	 t q[10]
Gate(10702)	cx q[10], q[9]
Gate(10703)	cx q[1], q[10]
Gate(10704)	cx q[9], q[1]
Gate(10705)	 h q[10]
Gate(10706)	 h q[3]
Gate(10707)	 t q[6]
Gate(10708)	 t q[10]
Gate(10709)	 t q[3]
Gate(10710)	cx q[10], q[6]
Gate(10711)	cx q[3], q[10]
Gate(10712)	cx q[6], q[3]
Gate(10713)	tdg q[10]
Gate(10714)	cx q[6], q[10]
Gate(10715)	tdg q[6]
Gate(10716)	tdg q[10]
Gate(10717)	 t q[3]
Gate(10718)	cx q[3], q[10]
Gate(10719)	cx q[6], q[3]
Gate(10720)	cx q[10], q[6]
Gate(10721)	 h q[3]
Gate(10722)	 h q[10]
Gate(10723)	 t q[7]
Gate(10724)	 t q[5]
Gate(10725)	 t q[10]
Gate(10726)	cx q[5], q[7]
Gate(10727)	cx q[10], q[5]
Gate(10728)	cx q[7], q[10]
Gate(10729)	tdg q[5]
Gate(10730)	cx q[7], q[5]
Gate(10731)	tdg q[7]
Gate(10732)	tdg q[5]
Gate(10733)	 t q[10]
Gate(10734)	cx q[10], q[5]
Gate(10735)	cx q[7], q[10]
Gate(10736)	cx q[5], q[7]
Gate(10737)	 h q[10]
Gate(10738)	 h q[5]
Gate(10739)	 t q[9]
Gate(10740)	 t q[8]
Gate(10741)	 t q[5]
Gate(10742)	cx q[8], q[9]
Gate(10743)	cx q[5], q[8]
Gate(10744)	cx q[9], q[5]
Gate(10745)	tdg q[8]
Gate(10746)	cx q[9], q[8]
Gate(10747)	tdg q[9]
Gate(10748)	tdg q[8]
Gate(10749)	 t q[5]
Gate(10750)	cx q[5], q[8]
Gate(10751)	cx q[9], q[5]
Gate(10752)	cx q[8], q[9]
Gate(10753)	 h q[5]
Gate(10754)	 h q[10]
Gate(10755)	 t q[7]
Gate(10756)	 t q[5]
Gate(10757)	 t q[10]
Gate(10758)	cx q[5], q[7]
Gate(10759)	cx q[10], q[5]
Gate(10760)	cx q[7], q[10]
Gate(10761)	tdg q[5]
Gate(10762)	cx q[7], q[5]
Gate(10763)	tdg q[7]
Gate(10764)	tdg q[5]
Gate(10765)	 t q[10]
Gate(10766)	cx q[10], q[5]
Gate(10767)	cx q[7], q[10]
Gate(10768)	cx q[5], q[7]
Gate(10769)	 h q[10]
Gate(10770)	 h q[3]
Gate(10771)	 t q[6]
Gate(10772)	 t q[10]
Gate(10773)	 t q[3]
Gate(10774)	cx q[10], q[6]
Gate(10775)	cx q[3], q[10]
Gate(10776)	cx q[6], q[3]
Gate(10777)	tdg q[10]
Gate(10778)	cx q[6], q[10]
Gate(10779)	tdg q[6]
Gate(10780)	tdg q[10]
Gate(10781)	 t q[3]
Gate(10782)	cx q[3], q[10]
Gate(10783)	cx q[6], q[3]
Gate(10784)	cx q[10], q[6]
Gate(10785)	 h q[3]
Gate(10786)	 h q[10]
Gate(10787)	 t q[7]
Gate(10788)	 t q[5]
Gate(10789)	 t q[10]
Gate(10790)	cx q[5], q[7]
Gate(10791)	cx q[10], q[5]
Gate(10792)	cx q[7], q[10]
Gate(10793)	tdg q[5]
Gate(10794)	cx q[7], q[5]
Gate(10795)	tdg q[7]
Gate(10796)	tdg q[5]
Gate(10797)	 t q[10]
Gate(10798)	cx q[10], q[5]
Gate(10799)	cx q[7], q[10]
Gate(10800)	cx q[5], q[7]
Gate(10801)	 h q[10]
Gate(10802)	 h q[5]
Gate(10803)	 t q[9]
Gate(10804)	 t q[8]
Gate(10805)	 t q[5]
Gate(10806)	cx q[8], q[9]
Gate(10807)	cx q[5], q[8]
Gate(10808)	cx q[9], q[5]
Gate(10809)	tdg q[8]
Gate(10810)	cx q[9], q[8]
Gate(10811)	tdg q[9]
Gate(10812)	tdg q[8]
Gate(10813)	 t q[5]
Gate(10814)	cx q[5], q[8]
Gate(10815)	cx q[9], q[5]
Gate(10816)	cx q[8], q[9]
Gate(10817)	 h q[5]
Gate(10818)	 h q[10]
Gate(10819)	 t q[7]
Gate(10820)	 t q[5]
Gate(10821)	 t q[10]
Gate(10822)	cx q[5], q[7]
Gate(10823)	cx q[10], q[5]
Gate(10824)	cx q[7], q[10]
Gate(10825)	tdg q[5]
Gate(10826)	cx q[7], q[5]
Gate(10827)	tdg q[7]
Gate(10828)	tdg q[5]
Gate(10829)	 t q[10]
Gate(10830)	cx q[10], q[5]
Gate(10831)	cx q[7], q[10]
Gate(10832)	cx q[5], q[7]
Gate(10833)	 h q[10]
Gate(10834)	 h q[0]
Gate(10835)	 t q[3]
Gate(10836)	 t q[10]
Gate(10837)	 t q[0]
Gate(10838)	cx q[10], q[3]
Gate(10839)	cx q[0], q[10]
Gate(10840)	cx q[3], q[0]
Gate(10841)	tdg q[10]
Gate(10842)	cx q[3], q[10]
Gate(10843)	tdg q[3]
Gate(10844)	tdg q[10]
Gate(10845)	 t q[0]
Gate(10846)	cx q[0], q[10]
Gate(10847)	cx q[3], q[0]
Gate(10848)	cx q[10], q[3]
Gate(10849)	 h q[0]
Gate(10850)	 h q[10]
Gate(10851)	 t q[1]
Gate(10852)	 t q[9]
Gate(10853)	 t q[10]
Gate(10854)	cx q[9], q[1]
Gate(10855)	cx q[10], q[9]
Gate(10856)	cx q[1], q[10]
Gate(10857)	tdg q[9]
Gate(10858)	cx q[1], q[9]
Gate(10859)	tdg q[1]
Gate(10860)	tdg q[9]
Gate(10861)	 t q[10]
Gate(10862)	cx q[10], q[9]
Gate(10863)	cx q[1], q[10]
Gate(10864)	cx q[9], q[1]
Gate(10865)	 h q[10]
Gate(10866)	 h q[9]
Gate(10867)	 t q[2]
Gate(10868)	 t q[8]
Gate(10869)	 t q[9]
Gate(10870)	cx q[8], q[2]
Gate(10871)	cx q[9], q[8]
Gate(10872)	cx q[2], q[9]
Gate(10873)	tdg q[8]
Gate(10874)	cx q[2], q[8]
Gate(10875)	tdg q[2]
Gate(10876)	tdg q[8]
Gate(10877)	 t q[9]
Gate(10878)	cx q[9], q[8]
Gate(10879)	cx q[2], q[9]
Gate(10880)	cx q[8], q[2]
Gate(10881)	 h q[9]
Gate(10882)	 h q[8]
Gate(10883)	 t q[5]
Gate(10884)	 t q[4]
Gate(10885)	 t q[8]
Gate(10886)	cx q[4], q[5]
Gate(10887)	cx q[8], q[4]
Gate(10888)	cx q[5], q[8]
Gate(10889)	tdg q[4]
Gate(10890)	cx q[5], q[4]
Gate(10891)	tdg q[5]
Gate(10892)	tdg q[4]
Gate(10893)	 t q[8]
Gate(10894)	cx q[8], q[4]
Gate(10895)	cx q[5], q[8]
Gate(10896)	cx q[4], q[5]
Gate(10897)	 h q[8]
Gate(10898)	 h q[9]
Gate(10899)	 t q[2]
Gate(10900)	 t q[8]
Gate(10901)	 t q[9]
Gate(10902)	cx q[8], q[2]
Gate(10903)	cx q[9], q[8]
Gate(10904)	cx q[2], q[9]
Gate(10905)	tdg q[8]
Gate(10906)	cx q[2], q[8]
Gate(10907)	tdg q[2]
Gate(10908)	tdg q[8]
Gate(10909)	 t q[9]
Gate(10910)	cx q[9], q[8]
Gate(10911)	cx q[2], q[9]
Gate(10912)	cx q[8], q[2]
Gate(10913)	 h q[9]
Gate(10914)	 h q[10]
Gate(10915)	 t q[1]
Gate(10916)	 t q[9]
Gate(10917)	 t q[10]
Gate(10918)	cx q[9], q[1]
Gate(10919)	cx q[10], q[9]
Gate(10920)	cx q[1], q[10]
Gate(10921)	tdg q[9]
Gate(10922)	cx q[1], q[9]
Gate(10923)	tdg q[1]
Gate(10924)	tdg q[9]
Gate(10925)	 t q[10]
Gate(10926)	cx q[10], q[9]
Gate(10927)	cx q[1], q[10]
Gate(10928)	cx q[9], q[1]
Gate(10929)	 h q[10]
Gate(10930)	 h q[0]
Gate(10931)	 t q[3]
Gate(10932)	 t q[10]
Gate(10933)	 t q[0]
Gate(10934)	cx q[10], q[3]
Gate(10935)	cx q[0], q[10]
Gate(10936)	cx q[3], q[0]
Gate(10937)	tdg q[10]
Gate(10938)	cx q[3], q[10]
Gate(10939)	tdg q[3]
Gate(10940)	tdg q[10]
Gate(10941)	 t q[0]
Gate(10942)	cx q[0], q[10]
Gate(10943)	cx q[3], q[0]
Gate(10944)	cx q[10], q[3]
Gate(10945)	 h q[0]
Gate(10946)	 h q[10]
Gate(10947)	 t q[1]
Gate(10948)	 t q[9]
Gate(10949)	 t q[10]
Gate(10950)	cx q[9], q[1]
Gate(10951)	cx q[10], q[9]
Gate(10952)	cx q[1], q[10]
Gate(10953)	tdg q[9]
Gate(10954)	cx q[1], q[9]
Gate(10955)	tdg q[1]
Gate(10956)	tdg q[9]
Gate(10957)	 t q[10]
Gate(10958)	cx q[10], q[9]
Gate(10959)	cx q[1], q[10]
Gate(10960)	cx q[9], q[1]
Gate(10961)	 h q[10]
Gate(10962)	 h q[9]
Gate(10963)	 t q[2]
Gate(10964)	 t q[8]
Gate(10965)	 t q[9]
Gate(10966)	cx q[8], q[2]
Gate(10967)	cx q[9], q[8]
Gate(10968)	cx q[2], q[9]
Gate(10969)	tdg q[8]
Gate(10970)	cx q[2], q[8]
Gate(10971)	tdg q[2]
Gate(10972)	tdg q[8]
Gate(10973)	 t q[9]
Gate(10974)	cx q[9], q[8]
Gate(10975)	cx q[2], q[9]
Gate(10976)	cx q[8], q[2]
Gate(10977)	 h q[9]
Gate(10978)	 h q[8]
Gate(10979)	 t q[5]
Gate(10980)	 t q[4]
Gate(10981)	 t q[8]
Gate(10982)	cx q[4], q[5]
Gate(10983)	cx q[8], q[4]
Gate(10984)	cx q[5], q[8]
Gate(10985)	tdg q[4]
Gate(10986)	cx q[5], q[4]
Gate(10987)	tdg q[5]
Gate(10988)	tdg q[4]
Gate(10989)	 t q[8]
Gate(10990)	cx q[8], q[4]
Gate(10991)	cx q[5], q[8]
Gate(10992)	cx q[4], q[5]
Gate(10993)	 h q[8]
Gate(10994)	 h q[9]
Gate(10995)	 t q[2]
Gate(10996)	 t q[8]
Gate(10997)	 t q[9]
Gate(10998)	cx q[8], q[2]
Gate(10999)	cx q[9], q[8]
Gate(11000)	cx q[2], q[9]
Gate(11001)	tdg q[8]
Gate(11002)	cx q[2], q[8]
Gate(11003)	tdg q[2]
Gate(11004)	tdg q[8]
Gate(11005)	 t q[9]
Gate(11006)	cx q[9], q[8]
Gate(11007)	cx q[2], q[9]
Gate(11008)	cx q[8], q[2]
Gate(11009)	 h q[9]
Gate(11010)	 h q[10]
Gate(11011)	 t q[1]
Gate(11012)	 t q[9]
Gate(11013)	 t q[10]
Gate(11014)	cx q[9], q[1]
Gate(11015)	cx q[10], q[9]
Gate(11016)	cx q[1], q[10]
Gate(11017)	tdg q[9]
Gate(11018)	cx q[1], q[9]
Gate(11019)	tdg q[1]
Gate(11020)	tdg q[9]
Gate(11021)	 t q[10]
Gate(11022)	cx q[10], q[9]
Gate(11023)	cx q[1], q[10]
Gate(11024)	cx q[9], q[1]
Gate(11025)	 h q[10]
Gate(11026)	 h q[3]
Gate(11027)	 t q[6]
Gate(11028)	 t q[10]
Gate(11029)	 t q[3]
Gate(11030)	cx q[10], q[6]
Gate(11031)	cx q[3], q[10]
Gate(11032)	cx q[6], q[3]
Gate(11033)	tdg q[10]
Gate(11034)	cx q[6], q[10]
Gate(11035)	tdg q[6]
Gate(11036)	tdg q[10]
Gate(11037)	 t q[3]
Gate(11038)	cx q[3], q[10]
Gate(11039)	cx q[6], q[3]
Gate(11040)	cx q[10], q[6]
Gate(11041)	 h q[3]
Gate(11042)	 h q[10]
Gate(11043)	 t q[9]
Gate(11044)	 t q[7]
Gate(11045)	 t q[10]
Gate(11046)	cx q[7], q[9]
Gate(11047)	cx q[10], q[7]
Gate(11048)	cx q[9], q[10]
Gate(11049)	tdg q[7]
Gate(11050)	cx q[9], q[7]
Gate(11051)	tdg q[9]
Gate(11052)	tdg q[7]
Gate(11053)	 t q[10]
Gate(11054)	cx q[10], q[7]
Gate(11055)	cx q[9], q[10]
Gate(11056)	cx q[7], q[9]
Gate(11057)	 h q[10]
Gate(11058)	 h q[3]
Gate(11059)	 t q[6]
Gate(11060)	 t q[10]
Gate(11061)	 t q[3]
Gate(11062)	cx q[10], q[6]
Gate(11063)	cx q[3], q[10]
Gate(11064)	cx q[6], q[3]
Gate(11065)	tdg q[10]
Gate(11066)	cx q[6], q[10]
Gate(11067)	tdg q[6]
Gate(11068)	tdg q[10]
Gate(11069)	 t q[3]
Gate(11070)	cx q[3], q[10]
Gate(11071)	cx q[6], q[3]
Gate(11072)	cx q[10], q[6]
Gate(11073)	 h q[3]
Gate(11074)	 h q[10]
Gate(11075)	 t q[9]
Gate(11076)	 t q[7]
Gate(11077)	 t q[10]
Gate(11078)	cx q[7], q[9]
Gate(11079)	cx q[10], q[7]
Gate(11080)	cx q[9], q[10]
Gate(11081)	tdg q[7]
Gate(11082)	cx q[9], q[7]
Gate(11083)	tdg q[9]
Gate(11084)	tdg q[7]
Gate(11085)	 t q[10]
Gate(11086)	cx q[10], q[7]
Gate(11087)	cx q[9], q[10]
Gate(11088)	cx q[7], q[9]
Gate(11089)	 h q[10]
Gate(11090)	 h q[0]
Gate(11091)	 t q[3]
Gate(11092)	 t q[10]
Gate(11093)	 t q[0]
Gate(11094)	cx q[10], q[3]
Gate(11095)	cx q[0], q[10]
Gate(11096)	cx q[3], q[0]
Gate(11097)	tdg q[10]
Gate(11098)	cx q[3], q[10]
Gate(11099)	tdg q[3]
Gate(11100)	tdg q[10]
Gate(11101)	 t q[0]
Gate(11102)	cx q[0], q[10]
Gate(11103)	cx q[3], q[0]
Gate(11104)	cx q[10], q[3]
Gate(11105)	 h q[0]
Gate(11106)	 h q[10]
Gate(11107)	 t q[1]
Gate(11108)	 t q[9]
Gate(11109)	 t q[10]
Gate(11110)	cx q[9], q[1]
Gate(11111)	cx q[10], q[9]
Gate(11112)	cx q[1], q[10]
Gate(11113)	tdg q[9]
Gate(11114)	cx q[1], q[9]
Gate(11115)	tdg q[1]
Gate(11116)	tdg q[9]
Gate(11117)	 t q[10]
Gate(11118)	cx q[10], q[9]
Gate(11119)	cx q[1], q[10]
Gate(11120)	cx q[9], q[1]
Gate(11121)	 h q[10]
Gate(11122)	 h q[9]
Gate(11123)	 t q[2]
Gate(11124)	 t q[8]
Gate(11125)	 t q[9]
Gate(11126)	cx q[8], q[2]
Gate(11127)	cx q[9], q[8]
Gate(11128)	cx q[2], q[9]
Gate(11129)	tdg q[8]
Gate(11130)	cx q[2], q[8]
Gate(11131)	tdg q[2]
Gate(11132)	tdg q[8]
Gate(11133)	 t q[9]
Gate(11134)	cx q[9], q[8]
Gate(11135)	cx q[2], q[9]
Gate(11136)	cx q[8], q[2]
Gate(11137)	 h q[9]
Gate(11138)	 h q[8]
Gate(11139)	 t q[5]
Gate(11140)	 t q[4]
Gate(11141)	 t q[8]
Gate(11142)	cx q[4], q[5]
Gate(11143)	cx q[8], q[4]
Gate(11144)	cx q[5], q[8]
Gate(11145)	tdg q[4]
Gate(11146)	cx q[5], q[4]
Gate(11147)	tdg q[5]
Gate(11148)	tdg q[4]
Gate(11149)	 t q[8]
Gate(11150)	cx q[8], q[4]
Gate(11151)	cx q[5], q[8]
Gate(11152)	cx q[4], q[5]
Gate(11153)	 h q[8]
Gate(11154)	 h q[9]
Gate(11155)	 t q[2]
Gate(11156)	 t q[8]
Gate(11157)	 t q[9]
Gate(11158)	cx q[8], q[2]
Gate(11159)	cx q[9], q[8]
Gate(11160)	cx q[2], q[9]
Gate(11161)	tdg q[8]
Gate(11162)	cx q[2], q[8]
Gate(11163)	tdg q[2]
Gate(11164)	tdg q[8]
Gate(11165)	 t q[9]
Gate(11166)	cx q[9], q[8]
Gate(11167)	cx q[2], q[9]
Gate(11168)	cx q[8], q[2]
Gate(11169)	 h q[9]
Gate(11170)	 h q[10]
Gate(11171)	 t q[1]
Gate(11172)	 t q[9]
Gate(11173)	 t q[10]
Gate(11174)	cx q[9], q[1]
Gate(11175)	cx q[10], q[9]
Gate(11176)	cx q[1], q[10]
Gate(11177)	tdg q[9]
Gate(11178)	cx q[1], q[9]
Gate(11179)	tdg q[1]
Gate(11180)	tdg q[9]
Gate(11181)	 t q[10]
Gate(11182)	cx q[10], q[9]
Gate(11183)	cx q[1], q[10]
Gate(11184)	cx q[9], q[1]
Gate(11185)	 h q[10]
Gate(11186)	 h q[0]
Gate(11187)	 t q[3]
Gate(11188)	 t q[10]
Gate(11189)	 t q[0]
Gate(11190)	cx q[10], q[3]
Gate(11191)	cx q[0], q[10]
Gate(11192)	cx q[3], q[0]
Gate(11193)	tdg q[10]
Gate(11194)	cx q[3], q[10]
Gate(11195)	tdg q[3]
Gate(11196)	tdg q[10]
Gate(11197)	 t q[0]
Gate(11198)	cx q[0], q[10]
Gate(11199)	cx q[3], q[0]
Gate(11200)	cx q[10], q[3]
Gate(11201)	 h q[0]
Gate(11202)	 h q[10]
Gate(11203)	 t q[1]
Gate(11204)	 t q[9]
Gate(11205)	 t q[10]
Gate(11206)	cx q[9], q[1]
Gate(11207)	cx q[10], q[9]
Gate(11208)	cx q[1], q[10]
Gate(11209)	tdg q[9]
Gate(11210)	cx q[1], q[9]
Gate(11211)	tdg q[1]
Gate(11212)	tdg q[9]
Gate(11213)	 t q[10]
Gate(11214)	cx q[10], q[9]
Gate(11215)	cx q[1], q[10]
Gate(11216)	cx q[9], q[1]
Gate(11217)	 h q[10]
Gate(11218)	 h q[9]
Gate(11219)	 t q[2]
Gate(11220)	 t q[8]
Gate(11221)	 t q[9]
Gate(11222)	cx q[8], q[2]
Gate(11223)	cx q[9], q[8]
Gate(11224)	cx q[2], q[9]
Gate(11225)	tdg q[8]
Gate(11226)	cx q[2], q[8]
Gate(11227)	tdg q[2]
Gate(11228)	tdg q[8]
Gate(11229)	 t q[9]
Gate(11230)	cx q[9], q[8]
Gate(11231)	cx q[2], q[9]
Gate(11232)	cx q[8], q[2]
Gate(11233)	 h q[9]
Gate(11234)	 h q[8]
Gate(11235)	 t q[5]
Gate(11236)	 t q[4]
Gate(11237)	 t q[8]
Gate(11238)	cx q[4], q[5]
Gate(11239)	cx q[8], q[4]
Gate(11240)	cx q[5], q[8]
Gate(11241)	tdg q[4]
Gate(11242)	cx q[5], q[4]
Gate(11243)	tdg q[5]
Gate(11244)	tdg q[4]
Gate(11245)	 t q[8]
Gate(11246)	cx q[8], q[4]
Gate(11247)	cx q[5], q[8]
Gate(11248)	cx q[4], q[5]
Gate(11249)	 h q[8]
Gate(11250)	 h q[9]
Gate(11251)	 t q[2]
Gate(11252)	 t q[8]
Gate(11253)	 t q[9]
Gate(11254)	cx q[8], q[2]
Gate(11255)	cx q[9], q[8]
Gate(11256)	cx q[2], q[9]
Gate(11257)	tdg q[8]
Gate(11258)	cx q[2], q[8]
Gate(11259)	tdg q[2]
Gate(11260)	tdg q[8]
Gate(11261)	 t q[9]
Gate(11262)	cx q[9], q[8]
Gate(11263)	cx q[2], q[9]
Gate(11264)	cx q[8], q[2]
Gate(11265)	 h q[9]
Gate(11266)	 h q[10]
Gate(11267)	 t q[1]
Gate(11268)	 t q[9]
Gate(11269)	 t q[10]
Gate(11270)	cx q[9], q[1]
Gate(11271)	cx q[10], q[9]
Gate(11272)	cx q[1], q[10]
Gate(11273)	tdg q[9]
Gate(11274)	cx q[1], q[9]
Gate(11275)	tdg q[1]
Gate(11276)	tdg q[9]
Gate(11277)	 t q[10]
Gate(11278)	cx q[10], q[9]
Gate(11279)	cx q[1], q[10]
Gate(11280)	cx q[9], q[1]
Gate(11281)	 h q[10]
Gate(11282)	 h q[3]
Gate(11283)	 t q[6]
Gate(11284)	 t q[10]
Gate(11285)	 t q[3]
Gate(11286)	cx q[10], q[6]
Gate(11287)	cx q[3], q[10]
Gate(11288)	cx q[6], q[3]
Gate(11289)	tdg q[10]
Gate(11290)	cx q[6], q[10]
Gate(11291)	tdg q[6]
Gate(11292)	tdg q[10]
Gate(11293)	 t q[3]
Gate(11294)	cx q[3], q[10]
Gate(11295)	cx q[6], q[3]
Gate(11296)	cx q[10], q[6]
Gate(11297)	 h q[3]
Gate(11298)	 h q[10]
Gate(11299)	 t q[9]
Gate(11300)	 t q[7]
Gate(11301)	 t q[10]
Gate(11302)	cx q[7], q[9]
Gate(11303)	cx q[10], q[7]
Gate(11304)	cx q[9], q[10]
Gate(11305)	tdg q[7]
Gate(11306)	cx q[9], q[7]
Gate(11307)	tdg q[9]
Gate(11308)	tdg q[7]
Gate(11309)	 t q[10]
Gate(11310)	cx q[10], q[7]
Gate(11311)	cx q[9], q[10]
Gate(11312)	cx q[7], q[9]
Gate(11313)	 h q[10]
Gate(11314)	 h q[3]
Gate(11315)	 t q[6]
Gate(11316)	 t q[10]
Gate(11317)	 t q[3]
Gate(11318)	cx q[10], q[6]
Gate(11319)	cx q[3], q[10]
Gate(11320)	cx q[6], q[3]
Gate(11321)	tdg q[10]
Gate(11322)	cx q[6], q[10]
Gate(11323)	tdg q[6]
Gate(11324)	tdg q[10]
Gate(11325)	 t q[3]
Gate(11326)	cx q[3], q[10]
Gate(11327)	cx q[6], q[3]
Gate(11328)	cx q[10], q[6]
Gate(11329)	 h q[3]
Gate(11330)	 h q[10]
Gate(11331)	 t q[9]
Gate(11332)	 t q[7]
Gate(11333)	 t q[10]
Gate(11334)	cx q[7], q[9]
Gate(11335)	cx q[10], q[7]
Gate(11336)	cx q[9], q[10]
Gate(11337)	tdg q[7]
Gate(11338)	cx q[9], q[7]
Gate(11339)	tdg q[9]
Gate(11340)	tdg q[7]
Gate(11341)	 t q[10]
Gate(11342)	cx q[10], q[7]
Gate(11343)	cx q[9], q[10]
Gate(11344)	cx q[7], q[9]
Gate(11345)	 h q[10]
Gate(11346)	 h q[0]
Gate(11347)	 t q[3]
Gate(11348)	 t q[10]
Gate(11349)	 t q[0]
Gate(11350)	cx q[10], q[3]
Gate(11351)	cx q[0], q[10]
Gate(11352)	cx q[3], q[0]
Gate(11353)	tdg q[10]
Gate(11354)	cx q[3], q[10]
Gate(11355)	tdg q[3]
Gate(11356)	tdg q[10]
Gate(11357)	 t q[0]
Gate(11358)	cx q[0], q[10]
Gate(11359)	cx q[3], q[0]
Gate(11360)	cx q[10], q[3]
Gate(11361)	 h q[0]
Gate(11362)	 h q[10]
Gate(11363)	 t q[1]
Gate(11364)	 t q[9]
Gate(11365)	 t q[10]
Gate(11366)	cx q[9], q[1]
Gate(11367)	cx q[10], q[9]
Gate(11368)	cx q[1], q[10]
Gate(11369)	tdg q[9]
Gate(11370)	cx q[1], q[9]
Gate(11371)	tdg q[1]
Gate(11372)	tdg q[9]
Gate(11373)	 t q[10]
Gate(11374)	cx q[10], q[9]
Gate(11375)	cx q[1], q[10]
Gate(11376)	cx q[9], q[1]
Gate(11377)	 h q[10]
Gate(11378)	 h q[9]
Gate(11379)	 t q[2]
Gate(11380)	 t q[8]
Gate(11381)	 t q[9]
Gate(11382)	cx q[8], q[2]
Gate(11383)	cx q[9], q[8]
Gate(11384)	cx q[2], q[9]
Gate(11385)	tdg q[8]
Gate(11386)	cx q[2], q[8]
Gate(11387)	tdg q[2]
Gate(11388)	tdg q[8]
Gate(11389)	 t q[9]
Gate(11390)	cx q[9], q[8]
Gate(11391)	cx q[2], q[9]
Gate(11392)	cx q[8], q[2]
Gate(11393)	 h q[9]
Gate(11394)	 h q[8]
Gate(11395)	 t q[5]
Gate(11396)	 t q[4]
Gate(11397)	 t q[8]
Gate(11398)	cx q[4], q[5]
Gate(11399)	cx q[8], q[4]
Gate(11400)	cx q[5], q[8]
Gate(11401)	tdg q[4]
Gate(11402)	cx q[5], q[4]
Gate(11403)	tdg q[5]
Gate(11404)	tdg q[4]
Gate(11405)	 t q[8]
Gate(11406)	cx q[8], q[4]
Gate(11407)	cx q[5], q[8]
Gate(11408)	cx q[4], q[5]
Gate(11409)	 h q[8]
Gate(11410)	 h q[9]
Gate(11411)	 t q[2]
Gate(11412)	 t q[8]
Gate(11413)	 t q[9]
Gate(11414)	cx q[8], q[2]
Gate(11415)	cx q[9], q[8]
Gate(11416)	cx q[2], q[9]
Gate(11417)	tdg q[8]
Gate(11418)	cx q[2], q[8]
Gate(11419)	tdg q[2]
Gate(11420)	tdg q[8]
Gate(11421)	 t q[9]
Gate(11422)	cx q[9], q[8]
Gate(11423)	cx q[2], q[9]
Gate(11424)	cx q[8], q[2]
Gate(11425)	 h q[9]
Gate(11426)	 h q[10]
Gate(11427)	 t q[1]
Gate(11428)	 t q[9]
Gate(11429)	 t q[10]
Gate(11430)	cx q[9], q[1]
Gate(11431)	cx q[10], q[9]
Gate(11432)	cx q[1], q[10]
Gate(11433)	tdg q[9]
Gate(11434)	cx q[1], q[9]
Gate(11435)	tdg q[1]
Gate(11436)	tdg q[9]
Gate(11437)	 t q[10]
Gate(11438)	cx q[10], q[9]
Gate(11439)	cx q[1], q[10]
Gate(11440)	cx q[9], q[1]
Gate(11441)	 h q[10]
Gate(11442)	 h q[0]
Gate(11443)	 t q[3]
Gate(11444)	 t q[10]
Gate(11445)	 t q[0]
Gate(11446)	cx q[10], q[3]
Gate(11447)	cx q[0], q[10]
Gate(11448)	cx q[3], q[0]
Gate(11449)	tdg q[10]
Gate(11450)	cx q[3], q[10]
Gate(11451)	tdg q[3]
Gate(11452)	tdg q[10]
Gate(11453)	 t q[0]
Gate(11454)	cx q[0], q[10]
Gate(11455)	cx q[3], q[0]
Gate(11456)	cx q[10], q[3]
Gate(11457)	 h q[0]
Gate(11458)	 h q[10]
Gate(11459)	 t q[1]
Gate(11460)	 t q[9]
Gate(11461)	 t q[10]
Gate(11462)	cx q[9], q[1]
Gate(11463)	cx q[10], q[9]
Gate(11464)	cx q[1], q[10]
Gate(11465)	tdg q[9]
Gate(11466)	cx q[1], q[9]
Gate(11467)	tdg q[1]
Gate(11468)	tdg q[9]
Gate(11469)	 t q[10]
Gate(11470)	cx q[10], q[9]
Gate(11471)	cx q[1], q[10]
Gate(11472)	cx q[9], q[1]
Gate(11473)	 h q[10]
Gate(11474)	 h q[9]
Gate(11475)	 t q[2]
Gate(11476)	 t q[8]
Gate(11477)	 t q[9]
Gate(11478)	cx q[8], q[2]
Gate(11479)	cx q[9], q[8]
Gate(11480)	cx q[2], q[9]
Gate(11481)	tdg q[8]
Gate(11482)	cx q[2], q[8]
Gate(11483)	tdg q[2]
Gate(11484)	tdg q[8]
Gate(11485)	 t q[9]
Gate(11486)	cx q[9], q[8]
Gate(11487)	cx q[2], q[9]
Gate(11488)	cx q[8], q[2]
Gate(11489)	 h q[9]
Gate(11490)	 h q[8]
Gate(11491)	 t q[5]
Gate(11492)	 t q[4]
Gate(11493)	 t q[8]
Gate(11494)	cx q[4], q[5]
Gate(11495)	cx q[8], q[4]
Gate(11496)	cx q[5], q[8]
Gate(11497)	tdg q[4]
Gate(11498)	cx q[5], q[4]
Gate(11499)	tdg q[5]
Gate(11500)	tdg q[4]
Gate(11501)	 t q[8]
Gate(11502)	cx q[8], q[4]
Gate(11503)	cx q[5], q[8]
Gate(11504)	cx q[4], q[5]
Gate(11505)	 h q[8]
Gate(11506)	 h q[9]
Gate(11507)	 t q[2]
Gate(11508)	 t q[8]
Gate(11509)	 t q[9]
Gate(11510)	cx q[8], q[2]
Gate(11511)	cx q[9], q[8]
Gate(11512)	cx q[2], q[9]
Gate(11513)	tdg q[8]
Gate(11514)	cx q[2], q[8]
Gate(11515)	tdg q[2]
Gate(11516)	tdg q[8]
Gate(11517)	 t q[9]
Gate(11518)	cx q[9], q[8]
Gate(11519)	cx q[2], q[9]
Gate(11520)	cx q[8], q[2]
Gate(11521)	 h q[9]
Gate(11522)	 h q[10]
Gate(11523)	 t q[1]
Gate(11524)	 t q[9]
Gate(11525)	 t q[10]
Gate(11526)	cx q[9], q[1]
Gate(11527)	cx q[10], q[9]
Gate(11528)	cx q[1], q[10]
Gate(11529)	tdg q[9]
Gate(11530)	cx q[1], q[9]
Gate(11531)	tdg q[1]
Gate(11532)	tdg q[9]
Gate(11533)	 t q[10]
Gate(11534)	cx q[10], q[9]
Gate(11535)	cx q[1], q[10]
Gate(11536)	cx q[9], q[1]
Gate(11537)	 h q[10]
Gate(11538)	 x q[4]
Gate(11539)	 h q[7]
Gate(11540)	 t q[5]
Gate(11541)	 t q[10]
Gate(11542)	 t q[7]
Gate(11543)	cx q[10], q[5]
Gate(11544)	cx q[7], q[10]
Gate(11545)	cx q[5], q[7]
Gate(11546)	tdg q[10]
Gate(11547)	cx q[5], q[10]
Gate(11548)	tdg q[5]
Gate(11549)	tdg q[10]
Gate(11550)	 t q[7]
Gate(11551)	cx q[7], q[10]
Gate(11552)	cx q[5], q[7]
Gate(11553)	cx q[10], q[5]
Gate(11554)	 h q[7]
Gate(11555)	 h q[10]
Gate(11556)	 t q[6]
Gate(11557)	 t q[4]
Gate(11558)	 t q[10]
Gate(11559)	cx q[4], q[6]
Gate(11560)	cx q[10], q[4]
Gate(11561)	cx q[6], q[10]
Gate(11562)	tdg q[4]
Gate(11563)	cx q[6], q[4]
Gate(11564)	tdg q[6]
Gate(11565)	tdg q[4]
Gate(11566)	 t q[10]
Gate(11567)	cx q[10], q[4]
Gate(11568)	cx q[6], q[10]
Gate(11569)	cx q[4], q[6]
Gate(11570)	 h q[10]
Gate(11571)	 h q[4]
Gate(11572)	 t q[9]
Gate(11573)	 t q[8]
Gate(11574)	 t q[4]
Gate(11575)	cx q[8], q[9]
Gate(11576)	cx q[4], q[8]
Gate(11577)	cx q[9], q[4]
Gate(11578)	tdg q[8]
Gate(11579)	cx q[9], q[8]
Gate(11580)	tdg q[9]
Gate(11581)	tdg q[8]
Gate(11582)	 t q[4]
Gate(11583)	cx q[4], q[8]
Gate(11584)	cx q[9], q[4]
Gate(11585)	cx q[8], q[9]
Gate(11586)	 h q[4]
Gate(11587)	 h q[10]
Gate(11588)	 t q[6]
Gate(11589)	 t q[4]
Gate(11590)	 t q[10]
Gate(11591)	cx q[4], q[6]
Gate(11592)	cx q[10], q[4]
Gate(11593)	cx q[6], q[10]
Gate(11594)	tdg q[4]
Gate(11595)	cx q[6], q[4]
Gate(11596)	tdg q[6]
Gate(11597)	tdg q[4]
Gate(11598)	 t q[10]
Gate(11599)	cx q[10], q[4]
Gate(11600)	cx q[6], q[10]
Gate(11601)	cx q[4], q[6]
Gate(11602)	 h q[10]
Gate(11603)	 h q[7]
Gate(11604)	 t q[5]
Gate(11605)	 t q[10]
Gate(11606)	 t q[7]
Gate(11607)	cx q[10], q[5]
Gate(11608)	cx q[7], q[10]
Gate(11609)	cx q[5], q[7]
Gate(11610)	tdg q[10]
Gate(11611)	cx q[5], q[10]
Gate(11612)	tdg q[5]
Gate(11613)	tdg q[10]
Gate(11614)	 t q[7]
Gate(11615)	cx q[7], q[10]
Gate(11616)	cx q[5], q[7]
Gate(11617)	cx q[10], q[5]
Gate(11618)	 h q[7]
Gate(11619)	 h q[10]
Gate(11620)	 t q[6]
Gate(11621)	 t q[4]
Gate(11622)	 t q[10]
Gate(11623)	cx q[4], q[6]
Gate(11624)	cx q[10], q[4]
Gate(11625)	cx q[6], q[10]
Gate(11626)	tdg q[4]
Gate(11627)	cx q[6], q[4]
Gate(11628)	tdg q[6]
Gate(11629)	tdg q[4]
Gate(11630)	 t q[10]
Gate(11631)	cx q[10], q[4]
Gate(11632)	cx q[6], q[10]
Gate(11633)	cx q[4], q[6]
Gate(11634)	 h q[10]
Gate(11635)	 h q[4]
Gate(11636)	 t q[9]
Gate(11637)	 t q[8]
Gate(11638)	 t q[4]
Gate(11639)	cx q[8], q[9]
Gate(11640)	cx q[4], q[8]
Gate(11641)	cx q[9], q[4]
Gate(11642)	tdg q[8]
Gate(11643)	cx q[9], q[8]
Gate(11644)	tdg q[9]
Gate(11645)	tdg q[8]
Gate(11646)	 t q[4]
Gate(11647)	cx q[4], q[8]
Gate(11648)	cx q[9], q[4]
Gate(11649)	cx q[8], q[9]
Gate(11650)	 h q[4]
Gate(11651)	 h q[10]
Gate(11652)	 t q[6]
Gate(11653)	 t q[4]
Gate(11654)	 t q[10]
Gate(11655)	cx q[4], q[6]
Gate(11656)	cx q[10], q[4]
Gate(11657)	cx q[6], q[10]
Gate(11658)	tdg q[4]
Gate(11659)	cx q[6], q[4]
Gate(11660)	tdg q[6]
Gate(11661)	tdg q[4]
Gate(11662)	 t q[10]
Gate(11663)	cx q[10], q[4]
Gate(11664)	cx q[6], q[10]
Gate(11665)	cx q[4], q[6]
Gate(11666)	 h q[10]
Gate(11667)	 h q[0]
Gate(11668)	 t q[7]
Gate(11669)	 t q[10]
Gate(11670)	 t q[0]
Gate(11671)	cx q[10], q[7]
Gate(11672)	cx q[0], q[10]
Gate(11673)	cx q[7], q[0]
Gate(11674)	tdg q[10]
Gate(11675)	cx q[7], q[10]
Gate(11676)	tdg q[7]
Gate(11677)	tdg q[10]
Gate(11678)	 t q[0]
Gate(11679)	cx q[0], q[10]
Gate(11680)	cx q[7], q[0]
Gate(11681)	cx q[10], q[7]
Gate(11682)	 h q[0]
Gate(11683)	 h q[10]
Gate(11684)	 t q[1]
Gate(11685)	 t q[9]
Gate(11686)	 t q[10]
Gate(11687)	cx q[9], q[1]
Gate(11688)	cx q[10], q[9]
Gate(11689)	cx q[1], q[10]
Gate(11690)	tdg q[9]
Gate(11691)	cx q[1], q[9]
Gate(11692)	tdg q[1]
Gate(11693)	tdg q[9]
Gate(11694)	 t q[10]
Gate(11695)	cx q[10], q[9]
Gate(11696)	cx q[1], q[10]
Gate(11697)	cx q[9], q[1]
Gate(11698)	 h q[10]
Gate(11699)	 h q[9]
Gate(11700)	 t q[2]
Gate(11701)	 t q[8]
Gate(11702)	 t q[9]
Gate(11703)	cx q[8], q[2]
Gate(11704)	cx q[9], q[8]
Gate(11705)	cx q[2], q[9]
Gate(11706)	tdg q[8]
Gate(11707)	cx q[2], q[8]
Gate(11708)	tdg q[2]
Gate(11709)	tdg q[8]
Gate(11710)	 t q[9]
Gate(11711)	cx q[9], q[8]
Gate(11712)	cx q[2], q[9]
Gate(11713)	cx q[8], q[2]
Gate(11714)	 h q[9]
Gate(11715)	 h q[8]
Gate(11716)	 t q[4]
Gate(11717)	 t q[3]
Gate(11718)	 t q[8]
Gate(11719)	cx q[3], q[4]
Gate(11720)	cx q[8], q[3]
Gate(11721)	cx q[4], q[8]
Gate(11722)	tdg q[3]
Gate(11723)	cx q[4], q[3]
Gate(11724)	tdg q[4]
Gate(11725)	tdg q[3]
Gate(11726)	 t q[8]
Gate(11727)	cx q[8], q[3]
Gate(11728)	cx q[4], q[8]
Gate(11729)	cx q[3], q[4]
Gate(11730)	 h q[8]
Gate(11731)	 h q[9]
Gate(11732)	 t q[2]
Gate(11733)	 t q[8]
Gate(11734)	 t q[9]
Gate(11735)	cx q[8], q[2]
Gate(11736)	cx q[9], q[8]
Gate(11737)	cx q[2], q[9]
Gate(11738)	tdg q[8]
Gate(11739)	cx q[2], q[8]
Gate(11740)	tdg q[2]
Gate(11741)	tdg q[8]
Gate(11742)	 t q[9]
Gate(11743)	cx q[9], q[8]
Gate(11744)	cx q[2], q[9]
Gate(11745)	cx q[8], q[2]
Gate(11746)	 h q[9]
Gate(11747)	 h q[10]
Gate(11748)	 t q[1]
Gate(11749)	 t q[9]
Gate(11750)	 t q[10]
Gate(11751)	cx q[9], q[1]
Gate(11752)	cx q[10], q[9]
Gate(11753)	cx q[1], q[10]
Gate(11754)	tdg q[9]
Gate(11755)	cx q[1], q[9]
Gate(11756)	tdg q[1]
Gate(11757)	tdg q[9]
Gate(11758)	 t q[10]
Gate(11759)	cx q[10], q[9]
Gate(11760)	cx q[1], q[10]
Gate(11761)	cx q[9], q[1]
Gate(11762)	 h q[10]
Gate(11763)	 h q[0]
Gate(11764)	 t q[7]
Gate(11765)	 t q[10]
Gate(11766)	 t q[0]
Gate(11767)	cx q[10], q[7]
Gate(11768)	cx q[0], q[10]
Gate(11769)	cx q[7], q[0]
Gate(11770)	tdg q[10]
Gate(11771)	cx q[7], q[10]
Gate(11772)	tdg q[7]
Gate(11773)	tdg q[10]
Gate(11774)	 t q[0]
Gate(11775)	cx q[0], q[10]
Gate(11776)	cx q[7], q[0]
Gate(11777)	cx q[10], q[7]
Gate(11778)	 h q[0]
Gate(11779)	 h q[10]
Gate(11780)	 t q[1]
Gate(11781)	 t q[9]
Gate(11782)	 t q[10]
Gate(11783)	cx q[9], q[1]
Gate(11784)	cx q[10], q[9]
Gate(11785)	cx q[1], q[10]
Gate(11786)	tdg q[9]
Gate(11787)	cx q[1], q[9]
Gate(11788)	tdg q[1]
Gate(11789)	tdg q[9]
Gate(11790)	 t q[10]
Gate(11791)	cx q[10], q[9]
Gate(11792)	cx q[1], q[10]
Gate(11793)	cx q[9], q[1]
Gate(11794)	 h q[10]
Gate(11795)	 h q[9]
Gate(11796)	 t q[2]
Gate(11797)	 t q[8]
Gate(11798)	 t q[9]
Gate(11799)	cx q[8], q[2]
Gate(11800)	cx q[9], q[8]
Gate(11801)	cx q[2], q[9]
Gate(11802)	tdg q[8]
Gate(11803)	cx q[2], q[8]
Gate(11804)	tdg q[2]
Gate(11805)	tdg q[8]
Gate(11806)	 t q[9]
Gate(11807)	cx q[9], q[8]
Gate(11808)	cx q[2], q[9]
Gate(11809)	cx q[8], q[2]
Gate(11810)	 h q[9]
Gate(11811)	 h q[8]
Gate(11812)	 t q[4]
Gate(11813)	 t q[3]
Gate(11814)	 t q[8]
Gate(11815)	cx q[3], q[4]
Gate(11816)	cx q[8], q[3]
Gate(11817)	cx q[4], q[8]
Gate(11818)	tdg q[3]
Gate(11819)	cx q[4], q[3]
Gate(11820)	tdg q[4]
Gate(11821)	tdg q[3]
Gate(11822)	 t q[8]
Gate(11823)	cx q[8], q[3]
Gate(11824)	cx q[4], q[8]
Gate(11825)	cx q[3], q[4]
Gate(11826)	 h q[8]
Gate(11827)	 h q[9]
Gate(11828)	 t q[2]
Gate(11829)	 t q[8]
Gate(11830)	 t q[9]
Gate(11831)	cx q[8], q[2]
Gate(11832)	cx q[9], q[8]
Gate(11833)	cx q[2], q[9]
Gate(11834)	tdg q[8]
Gate(11835)	cx q[2], q[8]
Gate(11836)	tdg q[2]
Gate(11837)	tdg q[8]
Gate(11838)	 t q[9]
Gate(11839)	cx q[9], q[8]
Gate(11840)	cx q[2], q[9]
Gate(11841)	cx q[8], q[2]
Gate(11842)	 h q[9]
Gate(11843)	 h q[10]
Gate(11844)	 t q[1]
Gate(11845)	 t q[9]
Gate(11846)	 t q[10]
Gate(11847)	cx q[9], q[1]
Gate(11848)	cx q[10], q[9]
Gate(11849)	cx q[1], q[10]
Gate(11850)	tdg q[9]
Gate(11851)	cx q[1], q[9]
Gate(11852)	tdg q[1]
Gate(11853)	tdg q[9]
Gate(11854)	 t q[10]
Gate(11855)	cx q[10], q[9]
Gate(11856)	cx q[1], q[10]
Gate(11857)	cx q[9], q[1]
Gate(11858)	 h q[10]
Gate(11859)	 h q[7]
Gate(11860)	 t q[5]
Gate(11861)	 t q[10]
Gate(11862)	 t q[7]
Gate(11863)	cx q[10], q[5]
Gate(11864)	cx q[7], q[10]
Gate(11865)	cx q[5], q[7]
Gate(11866)	tdg q[10]
Gate(11867)	cx q[5], q[10]
Gate(11868)	tdg q[5]
Gate(11869)	tdg q[10]
Gate(11870)	 t q[7]
Gate(11871)	cx q[7], q[10]
Gate(11872)	cx q[5], q[7]
Gate(11873)	cx q[10], q[5]
Gate(11874)	 h q[7]
Gate(11875)	 h q[10]
Gate(11876)	 t q[6]
Gate(11877)	 t q[4]
Gate(11878)	 t q[10]
Gate(11879)	cx q[4], q[6]
Gate(11880)	cx q[10], q[4]
Gate(11881)	cx q[6], q[10]
Gate(11882)	tdg q[4]
Gate(11883)	cx q[6], q[4]
Gate(11884)	tdg q[6]
Gate(11885)	tdg q[4]
Gate(11886)	 t q[10]
Gate(11887)	cx q[10], q[4]
Gate(11888)	cx q[6], q[10]
Gate(11889)	cx q[4], q[6]
Gate(11890)	 h q[10]
Gate(11891)	 h q[4]
Gate(11892)	 t q[9]
Gate(11893)	 t q[8]
Gate(11894)	 t q[4]
Gate(11895)	cx q[8], q[9]
Gate(11896)	cx q[4], q[8]
Gate(11897)	cx q[9], q[4]
Gate(11898)	tdg q[8]
Gate(11899)	cx q[9], q[8]
Gate(11900)	tdg q[9]
Gate(11901)	tdg q[8]
Gate(11902)	 t q[4]
Gate(11903)	cx q[4], q[8]
Gate(11904)	cx q[9], q[4]
Gate(11905)	cx q[8], q[9]
Gate(11906)	 h q[4]
Gate(11907)	 h q[10]
Gate(11908)	 t q[6]
Gate(11909)	 t q[4]
Gate(11910)	 t q[10]
Gate(11911)	cx q[4], q[6]
Gate(11912)	cx q[10], q[4]
Gate(11913)	cx q[6], q[10]
Gate(11914)	tdg q[4]
Gate(11915)	cx q[6], q[4]
Gate(11916)	tdg q[6]
Gate(11917)	tdg q[4]
Gate(11918)	 t q[10]
Gate(11919)	cx q[10], q[4]
Gate(11920)	cx q[6], q[10]
Gate(11921)	cx q[4], q[6]
Gate(11922)	 h q[10]
Gate(11923)	 h q[7]
Gate(11924)	 t q[5]
Gate(11925)	 t q[10]
Gate(11926)	 t q[7]
Gate(11927)	cx q[10], q[5]
Gate(11928)	cx q[7], q[10]
Gate(11929)	cx q[5], q[7]
Gate(11930)	tdg q[10]
Gate(11931)	cx q[5], q[10]
Gate(11932)	tdg q[5]
Gate(11933)	tdg q[10]
Gate(11934)	 t q[7]
Gate(11935)	cx q[7], q[10]
Gate(11936)	cx q[5], q[7]
Gate(11937)	cx q[10], q[5]
Gate(11938)	 h q[7]
Gate(11939)	 h q[10]
Gate(11940)	 t q[6]
Gate(11941)	 t q[4]
Gate(11942)	 t q[10]
Gate(11943)	cx q[4], q[6]
Gate(11944)	cx q[10], q[4]
Gate(11945)	cx q[6], q[10]
Gate(11946)	tdg q[4]
Gate(11947)	cx q[6], q[4]
Gate(11948)	tdg q[6]
Gate(11949)	tdg q[4]
Gate(11950)	 t q[10]
Gate(11951)	cx q[10], q[4]
Gate(11952)	cx q[6], q[10]
Gate(11953)	cx q[4], q[6]
Gate(11954)	 h q[10]
Gate(11955)	 h q[4]
Gate(11956)	 t q[9]
Gate(11957)	 t q[8]
Gate(11958)	 t q[4]
Gate(11959)	cx q[8], q[9]
Gate(11960)	cx q[4], q[8]
Gate(11961)	cx q[9], q[4]
Gate(11962)	tdg q[8]
Gate(11963)	cx q[9], q[8]
Gate(11964)	tdg q[9]
Gate(11965)	tdg q[8]
Gate(11966)	 t q[4]
Gate(11967)	cx q[4], q[8]
Gate(11968)	cx q[9], q[4]
Gate(11969)	cx q[8], q[9]
Gate(11970)	 h q[4]
Gate(11971)	 h q[10]
Gate(11972)	 t q[6]
Gate(11973)	 t q[4]
Gate(11974)	 t q[10]
Gate(11975)	cx q[4], q[6]
Gate(11976)	cx q[10], q[4]
Gate(11977)	cx q[6], q[10]
Gate(11978)	tdg q[4]
Gate(11979)	cx q[6], q[4]
Gate(11980)	tdg q[6]
Gate(11981)	tdg q[4]
Gate(11982)	 t q[10]
Gate(11983)	cx q[10], q[4]
Gate(11984)	cx q[6], q[10]
Gate(11985)	cx q[4], q[6]
Gate(11986)	 h q[10]
Gate(11987)	 h q[0]
Gate(11988)	 t q[7]
Gate(11989)	 t q[10]
Gate(11990)	 t q[0]
Gate(11991)	cx q[10], q[7]
Gate(11992)	cx q[0], q[10]
Gate(11993)	cx q[7], q[0]
Gate(11994)	tdg q[10]
Gate(11995)	cx q[7], q[10]
Gate(11996)	tdg q[7]
Gate(11997)	tdg q[10]
Gate(11998)	 t q[0]
Gate(11999)	cx q[0], q[10]
Gate(12000)	cx q[7], q[0]
Gate(12001)	cx q[10], q[7]
Gate(12002)	 h q[0]
Gate(12003)	 h q[10]
Gate(12004)	 t q[1]
Gate(12005)	 t q[9]
Gate(12006)	 t q[10]
Gate(12007)	cx q[9], q[1]
Gate(12008)	cx q[10], q[9]
Gate(12009)	cx q[1], q[10]
Gate(12010)	tdg q[9]
Gate(12011)	cx q[1], q[9]
Gate(12012)	tdg q[1]
Gate(12013)	tdg q[9]
Gate(12014)	 t q[10]
Gate(12015)	cx q[10], q[9]
Gate(12016)	cx q[1], q[10]
Gate(12017)	cx q[9], q[1]
Gate(12018)	 h q[10]
Gate(12019)	 h q[9]
Gate(12020)	 t q[2]
Gate(12021)	 t q[8]
Gate(12022)	 t q[9]
Gate(12023)	cx q[8], q[2]
Gate(12024)	cx q[9], q[8]
Gate(12025)	cx q[2], q[9]
Gate(12026)	tdg q[8]
Gate(12027)	cx q[2], q[8]
Gate(12028)	tdg q[2]
Gate(12029)	tdg q[8]
Gate(12030)	 t q[9]
Gate(12031)	cx q[9], q[8]
Gate(12032)	cx q[2], q[9]
Gate(12033)	cx q[8], q[2]
Gate(12034)	 h q[9]
Gate(12035)	 h q[8]
Gate(12036)	 t q[4]
Gate(12037)	 t q[3]
Gate(12038)	 t q[8]
Gate(12039)	cx q[3], q[4]
Gate(12040)	cx q[8], q[3]
Gate(12041)	cx q[4], q[8]
Gate(12042)	tdg q[3]
Gate(12043)	cx q[4], q[3]
Gate(12044)	tdg q[4]
Gate(12045)	tdg q[3]
Gate(12046)	 t q[8]
Gate(12047)	cx q[8], q[3]
Gate(12048)	cx q[4], q[8]
Gate(12049)	cx q[3], q[4]
Gate(12050)	 h q[8]
Gate(12051)	 h q[9]
Gate(12052)	 t q[2]
Gate(12053)	 t q[8]
Gate(12054)	 t q[9]
Gate(12055)	cx q[8], q[2]
Gate(12056)	cx q[9], q[8]
Gate(12057)	cx q[2], q[9]
Gate(12058)	tdg q[8]
Gate(12059)	cx q[2], q[8]
Gate(12060)	tdg q[2]
Gate(12061)	tdg q[8]
Gate(12062)	 t q[9]
Gate(12063)	cx q[9], q[8]
Gate(12064)	cx q[2], q[9]
Gate(12065)	cx q[8], q[2]
Gate(12066)	 h q[9]
Gate(12067)	 h q[10]
Gate(12068)	 t q[1]
Gate(12069)	 t q[9]
Gate(12070)	 t q[10]
Gate(12071)	cx q[9], q[1]
Gate(12072)	cx q[10], q[9]
Gate(12073)	cx q[1], q[10]
Gate(12074)	tdg q[9]
Gate(12075)	cx q[1], q[9]
Gate(12076)	tdg q[1]
Gate(12077)	tdg q[9]
Gate(12078)	 t q[10]
Gate(12079)	cx q[10], q[9]
Gate(12080)	cx q[1], q[10]
Gate(12081)	cx q[9], q[1]
Gate(12082)	 h q[10]
Gate(12083)	 h q[0]
Gate(12084)	 t q[7]
Gate(12085)	 t q[10]
Gate(12086)	 t q[0]
Gate(12087)	cx q[10], q[7]
Gate(12088)	cx q[0], q[10]
Gate(12089)	cx q[7], q[0]
Gate(12090)	tdg q[10]
Gate(12091)	cx q[7], q[10]
Gate(12092)	tdg q[7]
Gate(12093)	tdg q[10]
Gate(12094)	 t q[0]
Gate(12095)	cx q[0], q[10]
Gate(12096)	cx q[7], q[0]
Gate(12097)	cx q[10], q[7]
Gate(12098)	 h q[0]
Gate(12099)	 h q[10]
Gate(12100)	 t q[1]
Gate(12101)	 t q[9]
Gate(12102)	 t q[10]
Gate(12103)	cx q[9], q[1]
Gate(12104)	cx q[10], q[9]
Gate(12105)	cx q[1], q[10]
Gate(12106)	tdg q[9]
Gate(12107)	cx q[1], q[9]
Gate(12108)	tdg q[1]
Gate(12109)	tdg q[9]
Gate(12110)	 t q[10]
Gate(12111)	cx q[10], q[9]
Gate(12112)	cx q[1], q[10]
Gate(12113)	cx q[9], q[1]
Gate(12114)	 h q[10]
Gate(12115)	 h q[9]
Gate(12116)	 t q[2]
Gate(12117)	 t q[8]
Gate(12118)	 t q[9]
Gate(12119)	cx q[8], q[2]
Gate(12120)	cx q[9], q[8]
Gate(12121)	cx q[2], q[9]
Gate(12122)	tdg q[8]
Gate(12123)	cx q[2], q[8]
Gate(12124)	tdg q[2]
Gate(12125)	tdg q[8]
Gate(12126)	 t q[9]
Gate(12127)	cx q[9], q[8]
Gate(12128)	cx q[2], q[9]
Gate(12129)	cx q[8], q[2]
Gate(12130)	 h q[9]
Gate(12131)	 h q[8]
Gate(12132)	 t q[4]
Gate(12133)	 t q[3]
Gate(12134)	 t q[8]
Gate(12135)	cx q[3], q[4]
Gate(12136)	cx q[8], q[3]
Gate(12137)	cx q[4], q[8]
Gate(12138)	tdg q[3]
Gate(12139)	cx q[4], q[3]
Gate(12140)	tdg q[4]
Gate(12141)	tdg q[3]
Gate(12142)	 t q[8]
Gate(12143)	cx q[8], q[3]
Gate(12144)	cx q[4], q[8]
Gate(12145)	cx q[3], q[4]
Gate(12146)	 h q[8]
Gate(12147)	 h q[9]
Gate(12148)	 t q[2]
Gate(12149)	 t q[8]
Gate(12150)	 t q[9]
Gate(12151)	cx q[8], q[2]
Gate(12152)	cx q[9], q[8]
Gate(12153)	cx q[2], q[9]
Gate(12154)	tdg q[8]
Gate(12155)	cx q[2], q[8]
Gate(12156)	tdg q[2]
Gate(12157)	tdg q[8]
Gate(12158)	 t q[9]
Gate(12159)	cx q[9], q[8]
Gate(12160)	cx q[2], q[9]
Gate(12161)	cx q[8], q[2]
Gate(12162)	 h q[9]
Gate(12163)	 h q[10]
Gate(12164)	 t q[1]
Gate(12165)	 t q[9]
Gate(12166)	 t q[10]
Gate(12167)	cx q[9], q[1]
Gate(12168)	cx q[10], q[9]
Gate(12169)	cx q[1], q[10]
Gate(12170)	tdg q[9]
Gate(12171)	cx q[1], q[9]
Gate(12172)	tdg q[1]
Gate(12173)	tdg q[9]
Gate(12174)	 t q[10]
Gate(12175)	cx q[10], q[9]
Gate(12176)	cx q[1], q[10]
Gate(12177)	cx q[9], q[1]
Gate(12178)	 h q[10]
Gate(12179)	 x q[8]
Gate(12180)	 x q[2]
Gate(12181)	 x q[9]
Gate(12182)	 h q[4]
Gate(12183)	 t q[6]
Gate(12184)	 t q[10]
Gate(12185)	 t q[4]
Gate(12186)	cx q[10], q[6]
Gate(12187)	cx q[4], q[10]
Gate(12188)	cx q[6], q[4]
Gate(12189)	tdg q[10]
Gate(12190)	cx q[6], q[10]
Gate(12191)	tdg q[6]
Gate(12192)	tdg q[10]
Gate(12193)	 t q[4]
Gate(12194)	cx q[4], q[10]
Gate(12195)	cx q[6], q[4]
Gate(12196)	cx q[10], q[6]
Gate(12197)	 h q[4]
Gate(12198)	 h q[10]
Gate(12199)	 t q[7]
Gate(12200)	 t q[5]
Gate(12201)	 t q[10]
Gate(12202)	cx q[5], q[7]
Gate(12203)	cx q[10], q[5]
Gate(12204)	cx q[7], q[10]
Gate(12205)	tdg q[5]
Gate(12206)	cx q[7], q[5]
Gate(12207)	tdg q[7]
Gate(12208)	tdg q[5]
Gate(12209)	 t q[10]
Gate(12210)	cx q[10], q[5]
Gate(12211)	cx q[7], q[10]
Gate(12212)	cx q[5], q[7]
Gate(12213)	 h q[10]
Gate(12214)	 h q[5]
Gate(12215)	 t q[9]
Gate(12216)	 t q[8]
Gate(12217)	 t q[5]
Gate(12218)	cx q[8], q[9]
Gate(12219)	cx q[5], q[8]
Gate(12220)	cx q[9], q[5]
Gate(12221)	tdg q[8]
Gate(12222)	cx q[9], q[8]
Gate(12223)	tdg q[9]
Gate(12224)	tdg q[8]
Gate(12225)	 t q[5]
Gate(12226)	cx q[5], q[8]
Gate(12227)	cx q[9], q[5]
Gate(12228)	cx q[8], q[9]
Gate(12229)	 h q[5]
Gate(12230)	 h q[10]
Gate(12231)	 t q[7]
Gate(12232)	 t q[5]
Gate(12233)	 t q[10]
Gate(12234)	cx q[5], q[7]
Gate(12235)	cx q[10], q[5]
Gate(12236)	cx q[7], q[10]
Gate(12237)	tdg q[5]
Gate(12238)	cx q[7], q[5]
Gate(12239)	tdg q[7]
Gate(12240)	tdg q[5]
Gate(12241)	 t q[10]
Gate(12242)	cx q[10], q[5]
Gate(12243)	cx q[7], q[10]
Gate(12244)	cx q[5], q[7]
Gate(12245)	 h q[10]
Gate(12246)	 h q[4]
Gate(12247)	 t q[6]
Gate(12248)	 t q[10]
Gate(12249)	 t q[4]
Gate(12250)	cx q[10], q[6]
Gate(12251)	cx q[4], q[10]
Gate(12252)	cx q[6], q[4]
Gate(12253)	tdg q[10]
Gate(12254)	cx q[6], q[10]
Gate(12255)	tdg q[6]
Gate(12256)	tdg q[10]
Gate(12257)	 t q[4]
Gate(12258)	cx q[4], q[10]
Gate(12259)	cx q[6], q[4]
Gate(12260)	cx q[10], q[6]
Gate(12261)	 h q[4]
Gate(12262)	 h q[10]
Gate(12263)	 t q[7]
Gate(12264)	 t q[5]
Gate(12265)	 t q[10]
Gate(12266)	cx q[5], q[7]
Gate(12267)	cx q[10], q[5]
Gate(12268)	cx q[7], q[10]
Gate(12269)	tdg q[5]
Gate(12270)	cx q[7], q[5]
Gate(12271)	tdg q[7]
Gate(12272)	tdg q[5]
Gate(12273)	 t q[10]
Gate(12274)	cx q[10], q[5]
Gate(12275)	cx q[7], q[10]
Gate(12276)	cx q[5], q[7]
Gate(12277)	 h q[10]
Gate(12278)	 h q[5]
Gate(12279)	 t q[9]
Gate(12280)	 t q[8]
Gate(12281)	 t q[5]
Gate(12282)	cx q[8], q[9]
Gate(12283)	cx q[5], q[8]
Gate(12284)	cx q[9], q[5]
Gate(12285)	tdg q[8]
Gate(12286)	cx q[9], q[8]
Gate(12287)	tdg q[9]
Gate(12288)	tdg q[8]
Gate(12289)	 t q[5]
Gate(12290)	cx q[5], q[8]
Gate(12291)	cx q[9], q[5]
Gate(12292)	cx q[8], q[9]
Gate(12293)	 h q[5]
Gate(12294)	 h q[10]
Gate(12295)	 t q[7]
Gate(12296)	 t q[5]
Gate(12297)	 t q[10]
Gate(12298)	cx q[5], q[7]
Gate(12299)	cx q[10], q[5]
Gate(12300)	cx q[7], q[10]
Gate(12301)	tdg q[5]
Gate(12302)	cx q[7], q[5]
Gate(12303)	tdg q[7]
Gate(12304)	tdg q[5]
Gate(12305)	 t q[10]
Gate(12306)	cx q[10], q[5]
Gate(12307)	cx q[7], q[10]
Gate(12308)	cx q[5], q[7]
Gate(12309)	 h q[10]
Gate(12310)	 h q[0]
Gate(12311)	 t q[4]
Gate(12312)	 t q[10]
Gate(12313)	 t q[0]
Gate(12314)	cx q[10], q[4]
Gate(12315)	cx q[0], q[10]
Gate(12316)	cx q[4], q[0]
Gate(12317)	tdg q[10]
Gate(12318)	cx q[4], q[10]
Gate(12319)	tdg q[4]
Gate(12320)	tdg q[10]
Gate(12321)	 t q[0]
Gate(12322)	cx q[0], q[10]
Gate(12323)	cx q[4], q[0]
Gate(12324)	cx q[10], q[4]
Gate(12325)	 h q[0]
Gate(12326)	 h q[10]
Gate(12327)	 t q[1]
Gate(12328)	 t q[9]
Gate(12329)	 t q[10]
Gate(12330)	cx q[9], q[1]
Gate(12331)	cx q[10], q[9]
Gate(12332)	cx q[1], q[10]
Gate(12333)	tdg q[9]
Gate(12334)	cx q[1], q[9]
Gate(12335)	tdg q[1]
Gate(12336)	tdg q[9]
Gate(12337)	 t q[10]
Gate(12338)	cx q[10], q[9]
Gate(12339)	cx q[1], q[10]
Gate(12340)	cx q[9], q[1]
Gate(12341)	 h q[10]
Gate(12342)	 h q[9]
Gate(12343)	 t q[2]
Gate(12344)	 t q[8]
Gate(12345)	 t q[9]
Gate(12346)	cx q[8], q[2]
Gate(12347)	cx q[9], q[8]
Gate(12348)	cx q[2], q[9]
Gate(12349)	tdg q[8]
Gate(12350)	cx q[2], q[8]
Gate(12351)	tdg q[2]
Gate(12352)	tdg q[8]
Gate(12353)	 t q[9]
Gate(12354)	cx q[9], q[8]
Gate(12355)	cx q[2], q[9]
Gate(12356)	cx q[8], q[2]
Gate(12357)	 h q[9]
Gate(12358)	 h q[8]
Gate(12359)	 t q[5]
Gate(12360)	 t q[3]
Gate(12361)	 t q[8]
Gate(12362)	cx q[3], q[5]
Gate(12363)	cx q[8], q[3]
Gate(12364)	cx q[5], q[8]
Gate(12365)	tdg q[3]
Gate(12366)	cx q[5], q[3]
Gate(12367)	tdg q[5]
Gate(12368)	tdg q[3]
Gate(12369)	 t q[8]
Gate(12370)	cx q[8], q[3]
Gate(12371)	cx q[5], q[8]
Gate(12372)	cx q[3], q[5]
Gate(12373)	 h q[8]
Gate(12374)	 h q[9]
Gate(12375)	 t q[2]
Gate(12376)	 t q[8]
Gate(12377)	 t q[9]
Gate(12378)	cx q[8], q[2]
Gate(12379)	cx q[9], q[8]
Gate(12380)	cx q[2], q[9]
Gate(12381)	tdg q[8]
Gate(12382)	cx q[2], q[8]
Gate(12383)	tdg q[2]
Gate(12384)	tdg q[8]
Gate(12385)	 t q[9]
Gate(12386)	cx q[9], q[8]
Gate(12387)	cx q[2], q[9]
Gate(12388)	cx q[8], q[2]
Gate(12389)	 h q[9]
Gate(12390)	 h q[10]
Gate(12391)	 t q[1]
Gate(12392)	 t q[9]
Gate(12393)	 t q[10]
Gate(12394)	cx q[9], q[1]
Gate(12395)	cx q[10], q[9]
Gate(12396)	cx q[1], q[10]
Gate(12397)	tdg q[9]
Gate(12398)	cx q[1], q[9]
Gate(12399)	tdg q[1]
Gate(12400)	tdg q[9]
Gate(12401)	 t q[10]
Gate(12402)	cx q[10], q[9]
Gate(12403)	cx q[1], q[10]
Gate(12404)	cx q[9], q[1]
Gate(12405)	 h q[10]
Gate(12406)	 h q[0]
Gate(12407)	 t q[4]
Gate(12408)	 t q[10]
Gate(12409)	 t q[0]
Gate(12410)	cx q[10], q[4]
Gate(12411)	cx q[0], q[10]
Gate(12412)	cx q[4], q[0]
Gate(12413)	tdg q[10]
Gate(12414)	cx q[4], q[10]
Gate(12415)	tdg q[4]
Gate(12416)	tdg q[10]
Gate(12417)	 t q[0]
Gate(12418)	cx q[0], q[10]
Gate(12419)	cx q[4], q[0]
Gate(12420)	cx q[10], q[4]
Gate(12421)	 h q[0]
Gate(12422)	 h q[10]
Gate(12423)	 t q[1]
Gate(12424)	 t q[9]
Gate(12425)	 t q[10]
Gate(12426)	cx q[9], q[1]
Gate(12427)	cx q[10], q[9]
Gate(12428)	cx q[1], q[10]
Gate(12429)	tdg q[9]
Gate(12430)	cx q[1], q[9]
Gate(12431)	tdg q[1]
Gate(12432)	tdg q[9]
Gate(12433)	 t q[10]
Gate(12434)	cx q[10], q[9]
Gate(12435)	cx q[1], q[10]
Gate(12436)	cx q[9], q[1]
Gate(12437)	 h q[10]
Gate(12438)	 h q[9]
Gate(12439)	 t q[2]
Gate(12440)	 t q[8]
Gate(12441)	 t q[9]
Gate(12442)	cx q[8], q[2]
Gate(12443)	cx q[9], q[8]
Gate(12444)	cx q[2], q[9]
Gate(12445)	tdg q[8]
Gate(12446)	cx q[2], q[8]
Gate(12447)	tdg q[2]
Gate(12448)	tdg q[8]
Gate(12449)	 t q[9]
Gate(12450)	cx q[9], q[8]
Gate(12451)	cx q[2], q[9]
Gate(12452)	cx q[8], q[2]
Gate(12453)	 h q[9]
Gate(12454)	 h q[8]
Gate(12455)	 t q[5]
Gate(12456)	 t q[3]
Gate(12457)	 t q[8]
Gate(12458)	cx q[3], q[5]
Gate(12459)	cx q[8], q[3]
Gate(12460)	cx q[5], q[8]
Gate(12461)	tdg q[3]
Gate(12462)	cx q[5], q[3]
Gate(12463)	tdg q[5]
Gate(12464)	tdg q[3]
Gate(12465)	 t q[8]
Gate(12466)	cx q[8], q[3]
Gate(12467)	cx q[5], q[8]
Gate(12468)	cx q[3], q[5]
Gate(12469)	 h q[8]
Gate(12470)	 h q[9]
Gate(12471)	 t q[2]
Gate(12472)	 t q[8]
Gate(12473)	 t q[9]
Gate(12474)	cx q[8], q[2]
Gate(12475)	cx q[9], q[8]
Gate(12476)	cx q[2], q[9]
Gate(12477)	tdg q[8]
Gate(12478)	cx q[2], q[8]
Gate(12479)	tdg q[2]
Gate(12480)	tdg q[8]
Gate(12481)	 t q[9]
Gate(12482)	cx q[9], q[8]
Gate(12483)	cx q[2], q[9]
Gate(12484)	cx q[8], q[2]
Gate(12485)	 h q[9]
Gate(12486)	 h q[10]
Gate(12487)	 t q[1]
Gate(12488)	 t q[9]
Gate(12489)	 t q[10]
Gate(12490)	cx q[9], q[1]
Gate(12491)	cx q[10], q[9]
Gate(12492)	cx q[1], q[10]
Gate(12493)	tdg q[9]
Gate(12494)	cx q[1], q[9]
Gate(12495)	tdg q[1]
Gate(12496)	tdg q[9]
Gate(12497)	 t q[10]
Gate(12498)	cx q[10], q[9]
Gate(12499)	cx q[1], q[10]
Gate(12500)	cx q[9], q[1]
Gate(12501)	 h q[10]
Gate(12502)	 h q[4]
Gate(12503)	 t q[6]
Gate(12504)	 t q[10]
Gate(12505)	 t q[4]
Gate(12506)	cx q[10], q[6]
Gate(12507)	cx q[4], q[10]
Gate(12508)	cx q[6], q[4]
Gate(12509)	tdg q[10]
Gate(12510)	cx q[6], q[10]
Gate(12511)	tdg q[6]
Gate(12512)	tdg q[10]
Gate(12513)	 t q[4]
Gate(12514)	cx q[4], q[10]
Gate(12515)	cx q[6], q[4]
Gate(12516)	cx q[10], q[6]
Gate(12517)	 h q[4]
Gate(12518)	 h q[10]
Gate(12519)	 t q[7]
Gate(12520)	 t q[5]
Gate(12521)	 t q[10]
Gate(12522)	cx q[5], q[7]
Gate(12523)	cx q[10], q[5]
Gate(12524)	cx q[7], q[10]
Gate(12525)	tdg q[5]
Gate(12526)	cx q[7], q[5]
Gate(12527)	tdg q[7]
Gate(12528)	tdg q[5]
Gate(12529)	 t q[10]
Gate(12530)	cx q[10], q[5]
Gate(12531)	cx q[7], q[10]
Gate(12532)	cx q[5], q[7]
Gate(12533)	 h q[10]
Gate(12534)	 h q[5]
Gate(12535)	 t q[9]
Gate(12536)	 t q[8]
Gate(12537)	 t q[5]
Gate(12538)	cx q[8], q[9]
Gate(12539)	cx q[5], q[8]
Gate(12540)	cx q[9], q[5]
Gate(12541)	tdg q[8]
Gate(12542)	cx q[9], q[8]
Gate(12543)	tdg q[9]
Gate(12544)	tdg q[8]
Gate(12545)	 t q[5]
Gate(12546)	cx q[5], q[8]
Gate(12547)	cx q[9], q[5]
Gate(12548)	cx q[8], q[9]
Gate(12549)	 h q[5]
Gate(12550)	 h q[10]
Gate(12551)	 t q[7]
Gate(12552)	 t q[5]
Gate(12553)	 t q[10]
Gate(12554)	cx q[5], q[7]
Gate(12555)	cx q[10], q[5]
Gate(12556)	cx q[7], q[10]
Gate(12557)	tdg q[5]
Gate(12558)	cx q[7], q[5]
Gate(12559)	tdg q[7]
Gate(12560)	tdg q[5]
Gate(12561)	 t q[10]
Gate(12562)	cx q[10], q[5]
Gate(12563)	cx q[7], q[10]
Gate(12564)	cx q[5], q[7]
Gate(12565)	 h q[10]
Gate(12566)	 h q[4]
Gate(12567)	 t q[6]
Gate(12568)	 t q[10]
Gate(12569)	 t q[4]
Gate(12570)	cx q[10], q[6]
Gate(12571)	cx q[4], q[10]
Gate(12572)	cx q[6], q[4]
Gate(12573)	tdg q[10]
Gate(12574)	cx q[6], q[10]
Gate(12575)	tdg q[6]
Gate(12576)	tdg q[10]
Gate(12577)	 t q[4]
Gate(12578)	cx q[4], q[10]
Gate(12579)	cx q[6], q[4]
Gate(12580)	cx q[10], q[6]
Gate(12581)	 h q[4]
Gate(12582)	 h q[10]
Gate(12583)	 t q[7]
Gate(12584)	 t q[5]
Gate(12585)	 t q[10]
Gate(12586)	cx q[5], q[7]
Gate(12587)	cx q[10], q[5]
Gate(12588)	cx q[7], q[10]
Gate(12589)	tdg q[5]
Gate(12590)	cx q[7], q[5]
Gate(12591)	tdg q[7]
Gate(12592)	tdg q[5]
Gate(12593)	 t q[10]
Gate(12594)	cx q[10], q[5]
Gate(12595)	cx q[7], q[10]
Gate(12596)	cx q[5], q[7]
Gate(12597)	 h q[10]
Gate(12598)	 h q[5]
Gate(12599)	 t q[9]
Gate(12600)	 t q[8]
Gate(12601)	 t q[5]
Gate(12602)	cx q[8], q[9]
Gate(12603)	cx q[5], q[8]
Gate(12604)	cx q[9], q[5]
Gate(12605)	tdg q[8]
Gate(12606)	cx q[9], q[8]
Gate(12607)	tdg q[9]
Gate(12608)	tdg q[8]
Gate(12609)	 t q[5]
Gate(12610)	cx q[5], q[8]
Gate(12611)	cx q[9], q[5]
Gate(12612)	cx q[8], q[9]
Gate(12613)	 h q[5]
Gate(12614)	 h q[10]
Gate(12615)	 t q[7]
Gate(12616)	 t q[5]
Gate(12617)	 t q[10]
Gate(12618)	cx q[5], q[7]
Gate(12619)	cx q[10], q[5]
Gate(12620)	cx q[7], q[10]
Gate(12621)	tdg q[5]
Gate(12622)	cx q[7], q[5]
Gate(12623)	tdg q[7]
Gate(12624)	tdg q[5]
Gate(12625)	 t q[10]
Gate(12626)	cx q[10], q[5]
Gate(12627)	cx q[7], q[10]
Gate(12628)	cx q[5], q[7]
Gate(12629)	 h q[10]
Gate(12630)	 h q[0]
Gate(12631)	 t q[4]
Gate(12632)	 t q[10]
Gate(12633)	 t q[0]
Gate(12634)	cx q[10], q[4]
Gate(12635)	cx q[0], q[10]
Gate(12636)	cx q[4], q[0]
Gate(12637)	tdg q[10]
Gate(12638)	cx q[4], q[10]
Gate(12639)	tdg q[4]
Gate(12640)	tdg q[10]
Gate(12641)	 t q[0]
Gate(12642)	cx q[0], q[10]
Gate(12643)	cx q[4], q[0]
Gate(12644)	cx q[10], q[4]
Gate(12645)	 h q[0]
Gate(12646)	 h q[10]
Gate(12647)	 t q[1]
Gate(12648)	 t q[9]
Gate(12649)	 t q[10]
Gate(12650)	cx q[9], q[1]
Gate(12651)	cx q[10], q[9]
Gate(12652)	cx q[1], q[10]
Gate(12653)	tdg q[9]
Gate(12654)	cx q[1], q[9]
Gate(12655)	tdg q[1]
Gate(12656)	tdg q[9]
Gate(12657)	 t q[10]
Gate(12658)	cx q[10], q[9]
Gate(12659)	cx q[1], q[10]
Gate(12660)	cx q[9], q[1]
Gate(12661)	 h q[10]
Gate(12662)	 h q[9]
Gate(12663)	 t q[2]
Gate(12664)	 t q[8]
Gate(12665)	 t q[9]
Gate(12666)	cx q[8], q[2]
Gate(12667)	cx q[9], q[8]
Gate(12668)	cx q[2], q[9]
Gate(12669)	tdg q[8]
Gate(12670)	cx q[2], q[8]
Gate(12671)	tdg q[2]
Gate(12672)	tdg q[8]
Gate(12673)	 t q[9]
Gate(12674)	cx q[9], q[8]
Gate(12675)	cx q[2], q[9]
Gate(12676)	cx q[8], q[2]
Gate(12677)	 h q[9]
Gate(12678)	 h q[8]
Gate(12679)	 t q[5]
Gate(12680)	 t q[3]
Gate(12681)	 t q[8]
Gate(12682)	cx q[3], q[5]
Gate(12683)	cx q[8], q[3]
Gate(12684)	cx q[5], q[8]
Gate(12685)	tdg q[3]
Gate(12686)	cx q[5], q[3]
Gate(12687)	tdg q[5]
Gate(12688)	tdg q[3]
Gate(12689)	 t q[8]
Gate(12690)	cx q[8], q[3]
Gate(12691)	cx q[5], q[8]
Gate(12692)	cx q[3], q[5]
Gate(12693)	 h q[8]
Gate(12694)	 h q[9]
Gate(12695)	 t q[2]
Gate(12696)	 t q[8]
Gate(12697)	 t q[9]
Gate(12698)	cx q[8], q[2]
Gate(12699)	cx q[9], q[8]
Gate(12700)	cx q[2], q[9]
Gate(12701)	tdg q[8]
Gate(12702)	cx q[2], q[8]
Gate(12703)	tdg q[2]
Gate(12704)	tdg q[8]
Gate(12705)	 t q[9]
Gate(12706)	cx q[9], q[8]
Gate(12707)	cx q[2], q[9]
Gate(12708)	cx q[8], q[2]
Gate(12709)	 h q[9]
Gate(12710)	 h q[10]
Gate(12711)	 t q[1]
Gate(12712)	 t q[9]
Gate(12713)	 t q[10]
Gate(12714)	cx q[9], q[1]
Gate(12715)	cx q[10], q[9]
Gate(12716)	cx q[1], q[10]
Gate(12717)	tdg q[9]
Gate(12718)	cx q[1], q[9]
Gate(12719)	tdg q[1]
Gate(12720)	tdg q[9]
Gate(12721)	 t q[10]
Gate(12722)	cx q[10], q[9]
Gate(12723)	cx q[1], q[10]
Gate(12724)	cx q[9], q[1]
Gate(12725)	 h q[10]
Gate(12726)	 h q[0]
Gate(12727)	 t q[4]
Gate(12728)	 t q[10]
Gate(12729)	 t q[0]
Gate(12730)	cx q[10], q[4]
Gate(12731)	cx q[0], q[10]
Gate(12732)	cx q[4], q[0]
Gate(12733)	tdg q[10]
Gate(12734)	cx q[4], q[10]
Gate(12735)	tdg q[4]
Gate(12736)	tdg q[10]
Gate(12737)	 t q[0]
Gate(12738)	cx q[0], q[10]
Gate(12739)	cx q[4], q[0]
Gate(12740)	cx q[10], q[4]
Gate(12741)	 h q[0]
Gate(12742)	 h q[10]
Gate(12743)	 t q[1]
Gate(12744)	 t q[9]
Gate(12745)	 t q[10]
Gate(12746)	cx q[9], q[1]
Gate(12747)	cx q[10], q[9]
Gate(12748)	cx q[1], q[10]
Gate(12749)	tdg q[9]
Gate(12750)	cx q[1], q[9]
Gate(12751)	tdg q[1]
Gate(12752)	tdg q[9]
Gate(12753)	 t q[10]
Gate(12754)	cx q[10], q[9]
Gate(12755)	cx q[1], q[10]
Gate(12756)	cx q[9], q[1]
Gate(12757)	 h q[10]
Gate(12758)	 h q[9]
Gate(12759)	 t q[2]
Gate(12760)	 t q[8]
Gate(12761)	 t q[9]
Gate(12762)	cx q[8], q[2]
Gate(12763)	cx q[9], q[8]
Gate(12764)	cx q[2], q[9]
Gate(12765)	tdg q[8]
Gate(12766)	cx q[2], q[8]
Gate(12767)	tdg q[2]
Gate(12768)	tdg q[8]
Gate(12769)	 t q[9]
Gate(12770)	cx q[9], q[8]
Gate(12771)	cx q[2], q[9]
Gate(12772)	cx q[8], q[2]
Gate(12773)	 h q[9]
Gate(12774)	 h q[8]
Gate(12775)	 t q[5]
Gate(12776)	 t q[3]
Gate(12777)	 t q[8]
Gate(12778)	cx q[3], q[5]
Gate(12779)	cx q[8], q[3]
Gate(12780)	cx q[5], q[8]
Gate(12781)	tdg q[3]
Gate(12782)	cx q[5], q[3]
Gate(12783)	tdg q[5]
Gate(12784)	tdg q[3]
Gate(12785)	 t q[8]
Gate(12786)	cx q[8], q[3]
Gate(12787)	cx q[5], q[8]
Gate(12788)	cx q[3], q[5]
Gate(12789)	 h q[8]
Gate(12790)	 h q[9]
Gate(12791)	 t q[2]
Gate(12792)	 t q[8]
Gate(12793)	 t q[9]
Gate(12794)	cx q[8], q[2]
Gate(12795)	cx q[9], q[8]
Gate(12796)	cx q[2], q[9]
Gate(12797)	tdg q[8]
Gate(12798)	cx q[2], q[8]
Gate(12799)	tdg q[2]
Gate(12800)	tdg q[8]
Gate(12801)	 t q[9]
Gate(12802)	cx q[9], q[8]
Gate(12803)	cx q[2], q[9]
Gate(12804)	cx q[8], q[2]
Gate(12805)	 h q[9]
Gate(12806)	 h q[10]
Gate(12807)	 t q[1]
Gate(12808)	 t q[9]
Gate(12809)	 t q[10]
Gate(12810)	cx q[9], q[1]
Gate(12811)	cx q[10], q[9]
Gate(12812)	cx q[1], q[10]
Gate(12813)	tdg q[9]
Gate(12814)	cx q[1], q[9]
Gate(12815)	tdg q[1]
Gate(12816)	tdg q[9]
Gate(12817)	 t q[10]
Gate(12818)	cx q[10], q[9]
Gate(12819)	cx q[1], q[10]
Gate(12820)	cx q[9], q[1]
Gate(12821)	 h q[10]
Gate(12822)	 h q[4]
Gate(12823)	 t q[6]
Gate(12824)	 t q[10]
Gate(12825)	 t q[4]
Gate(12826)	cx q[10], q[6]
Gate(12827)	cx q[4], q[10]
Gate(12828)	cx q[6], q[4]
Gate(12829)	tdg q[10]
Gate(12830)	cx q[6], q[10]
Gate(12831)	tdg q[6]
Gate(12832)	tdg q[10]
Gate(12833)	 t q[4]
Gate(12834)	cx q[4], q[10]
Gate(12835)	cx q[6], q[4]
Gate(12836)	cx q[10], q[6]
Gate(12837)	 h q[4]
Gate(12838)	 h q[10]
Gate(12839)	 t q[9]
Gate(12840)	 t q[8]
Gate(12841)	 t q[10]
Gate(12842)	cx q[8], q[9]
Gate(12843)	cx q[10], q[8]
Gate(12844)	cx q[9], q[10]
Gate(12845)	tdg q[8]
Gate(12846)	cx q[9], q[8]
Gate(12847)	tdg q[9]
Gate(12848)	tdg q[8]
Gate(12849)	 t q[10]
Gate(12850)	cx q[10], q[8]
Gate(12851)	cx q[9], q[10]
Gate(12852)	cx q[8], q[9]
Gate(12853)	 h q[10]
Gate(12854)	 h q[4]
Gate(12855)	 t q[6]
Gate(12856)	 t q[10]
Gate(12857)	 t q[4]
Gate(12858)	cx q[10], q[6]
Gate(12859)	cx q[4], q[10]
Gate(12860)	cx q[6], q[4]
Gate(12861)	tdg q[10]
Gate(12862)	cx q[6], q[10]
Gate(12863)	tdg q[6]
Gate(12864)	tdg q[10]
Gate(12865)	 t q[4]
Gate(12866)	cx q[4], q[10]
Gate(12867)	cx q[6], q[4]
Gate(12868)	cx q[10], q[6]
Gate(12869)	 h q[4]
Gate(12870)	 h q[10]
Gate(12871)	 t q[9]
Gate(12872)	 t q[8]
Gate(12873)	 t q[10]
Gate(12874)	cx q[8], q[9]
Gate(12875)	cx q[10], q[8]
Gate(12876)	cx q[9], q[10]
Gate(12877)	tdg q[8]
Gate(12878)	cx q[9], q[8]
Gate(12879)	tdg q[9]
Gate(12880)	tdg q[8]
Gate(12881)	 t q[10]
Gate(12882)	cx q[10], q[8]
Gate(12883)	cx q[9], q[10]
Gate(12884)	cx q[8], q[9]
Gate(12885)	 h q[10]
Gate(12886)	 h q[0]
Gate(12887)	 t q[4]
Gate(12888)	 t q[10]
Gate(12889)	 t q[0]
Gate(12890)	cx q[10], q[4]
Gate(12891)	cx q[0], q[10]
Gate(12892)	cx q[4], q[0]
Gate(12893)	tdg q[10]
Gate(12894)	cx q[4], q[10]
Gate(12895)	tdg q[4]
Gate(12896)	tdg q[10]
Gate(12897)	 t q[0]
Gate(12898)	cx q[0], q[10]
Gate(12899)	cx q[4], q[0]
Gate(12900)	cx q[10], q[4]
Gate(12901)	 h q[0]
Gate(12902)	 h q[10]
Gate(12903)	 t q[1]
Gate(12904)	 t q[9]
Gate(12905)	 t q[10]
Gate(12906)	cx q[9], q[1]
Gate(12907)	cx q[10], q[9]
Gate(12908)	cx q[1], q[10]
Gate(12909)	tdg q[9]
Gate(12910)	cx q[1], q[9]
Gate(12911)	tdg q[1]
Gate(12912)	tdg q[9]
Gate(12913)	 t q[10]
Gate(12914)	cx q[10], q[9]
Gate(12915)	cx q[1], q[10]
Gate(12916)	cx q[9], q[1]
Gate(12917)	 h q[10]
Gate(12918)	 h q[9]
Gate(12919)	 t q[2]
Gate(12920)	 t q[8]
Gate(12921)	 t q[9]
Gate(12922)	cx q[8], q[2]
Gate(12923)	cx q[9], q[8]
Gate(12924)	cx q[2], q[9]
Gate(12925)	tdg q[8]
Gate(12926)	cx q[2], q[8]
Gate(12927)	tdg q[2]
Gate(12928)	tdg q[8]
Gate(12929)	 t q[9]
Gate(12930)	cx q[9], q[8]
Gate(12931)	cx q[2], q[9]
Gate(12932)	cx q[8], q[2]
Gate(12933)	 h q[9]
Gate(12934)	 h q[8]
Gate(12935)	 t q[5]
Gate(12936)	 t q[3]
Gate(12937)	 t q[8]
Gate(12938)	cx q[3], q[5]
Gate(12939)	cx q[8], q[3]
Gate(12940)	cx q[5], q[8]
Gate(12941)	tdg q[3]
Gate(12942)	cx q[5], q[3]
Gate(12943)	tdg q[5]
Gate(12944)	tdg q[3]
Gate(12945)	 t q[8]
Gate(12946)	cx q[8], q[3]
Gate(12947)	cx q[5], q[8]
Gate(12948)	cx q[3], q[5]
Gate(12949)	 h q[8]
Gate(12950)	 h q[9]
Gate(12951)	 t q[2]
Gate(12952)	 t q[8]
Gate(12953)	 t q[9]
Gate(12954)	cx q[8], q[2]
Gate(12955)	cx q[9], q[8]
Gate(12956)	cx q[2], q[9]
Gate(12957)	tdg q[8]
Gate(12958)	cx q[2], q[8]
Gate(12959)	tdg q[2]
Gate(12960)	tdg q[8]
Gate(12961)	 t q[9]
Gate(12962)	cx q[9], q[8]
Gate(12963)	cx q[2], q[9]
Gate(12964)	cx q[8], q[2]
Gate(12965)	 h q[9]
Gate(12966)	 h q[10]
Gate(12967)	 t q[1]
Gate(12968)	 t q[9]
Gate(12969)	 t q[10]
Gate(12970)	cx q[9], q[1]
Gate(12971)	cx q[10], q[9]
Gate(12972)	cx q[1], q[10]
Gate(12973)	tdg q[9]
Gate(12974)	cx q[1], q[9]
Gate(12975)	tdg q[1]
Gate(12976)	tdg q[9]
Gate(12977)	 t q[10]
Gate(12978)	cx q[10], q[9]
Gate(12979)	cx q[1], q[10]
Gate(12980)	cx q[9], q[1]
Gate(12981)	 h q[10]
Gate(12982)	 h q[0]
Gate(12983)	 t q[4]
Gate(12984)	 t q[10]
Gate(12985)	 t q[0]
Gate(12986)	cx q[10], q[4]
Gate(12987)	cx q[0], q[10]
Gate(12988)	cx q[4], q[0]
Gate(12989)	tdg q[10]
Gate(12990)	cx q[4], q[10]
Gate(12991)	tdg q[4]
Gate(12992)	tdg q[10]
Gate(12993)	 t q[0]
Gate(12994)	cx q[0], q[10]
Gate(12995)	cx q[4], q[0]
Gate(12996)	cx q[10], q[4]
Gate(12997)	 h q[0]
Gate(12998)	 h q[10]
Gate(12999)	 t q[1]
Gate(13000)	 t q[9]
Gate(13001)	 t q[10]
Gate(13002)	cx q[9], q[1]
Gate(13003)	cx q[10], q[9]
Gate(13004)	cx q[1], q[10]
Gate(13005)	tdg q[9]
Gate(13006)	cx q[1], q[9]
Gate(13007)	tdg q[1]
Gate(13008)	tdg q[9]
Gate(13009)	 t q[10]
Gate(13010)	cx q[10], q[9]
Gate(13011)	cx q[1], q[10]
Gate(13012)	cx q[9], q[1]
Gate(13013)	 h q[10]
Gate(13014)	 h q[9]
Gate(13015)	 t q[2]
Gate(13016)	 t q[8]
Gate(13017)	 t q[9]
Gate(13018)	cx q[8], q[2]
Gate(13019)	cx q[9], q[8]
Gate(13020)	cx q[2], q[9]
Gate(13021)	tdg q[8]
Gate(13022)	cx q[2], q[8]
Gate(13023)	tdg q[2]
Gate(13024)	tdg q[8]
Gate(13025)	 t q[9]
Gate(13026)	cx q[9], q[8]
Gate(13027)	cx q[2], q[9]
Gate(13028)	cx q[8], q[2]
Gate(13029)	 h q[9]
Gate(13030)	 h q[8]
Gate(13031)	 t q[5]
Gate(13032)	 t q[3]
Gate(13033)	 t q[8]
Gate(13034)	cx q[3], q[5]
Gate(13035)	cx q[8], q[3]
Gate(13036)	cx q[5], q[8]
Gate(13037)	tdg q[3]
Gate(13038)	cx q[5], q[3]
Gate(13039)	tdg q[5]
Gate(13040)	tdg q[3]
Gate(13041)	 t q[8]
Gate(13042)	cx q[8], q[3]
Gate(13043)	cx q[5], q[8]
Gate(13044)	cx q[3], q[5]
Gate(13045)	 h q[8]
Gate(13046)	 h q[9]
Gate(13047)	 t q[2]
Gate(13048)	 t q[8]
Gate(13049)	 t q[9]
Gate(13050)	cx q[8], q[2]
Gate(13051)	cx q[9], q[8]
Gate(13052)	cx q[2], q[9]
Gate(13053)	tdg q[8]
Gate(13054)	cx q[2], q[8]
Gate(13055)	tdg q[2]
Gate(13056)	tdg q[8]
Gate(13057)	 t q[9]
Gate(13058)	cx q[9], q[8]
Gate(13059)	cx q[2], q[9]
Gate(13060)	cx q[8], q[2]
Gate(13061)	 h q[9]
Gate(13062)	 h q[10]
Gate(13063)	 t q[1]
Gate(13064)	 t q[9]
Gate(13065)	 t q[10]
Gate(13066)	cx q[9], q[1]
Gate(13067)	cx q[10], q[9]
Gate(13068)	cx q[1], q[10]
Gate(13069)	tdg q[9]
Gate(13070)	cx q[1], q[9]
Gate(13071)	tdg q[1]
Gate(13072)	tdg q[9]
Gate(13073)	 t q[10]
Gate(13074)	cx q[10], q[9]
Gate(13075)	cx q[1], q[10]
Gate(13076)	cx q[9], q[1]
Gate(13077)	 h q[10]
Gate(13078)	 h q[4]
Gate(13079)	 t q[6]
Gate(13080)	 t q[10]
Gate(13081)	 t q[4]
Gate(13082)	cx q[10], q[6]
Gate(13083)	cx q[4], q[10]
Gate(13084)	cx q[6], q[4]
Gate(13085)	tdg q[10]
Gate(13086)	cx q[6], q[10]
Gate(13087)	tdg q[6]
Gate(13088)	tdg q[10]
Gate(13089)	 t q[4]
Gate(13090)	cx q[4], q[10]
Gate(13091)	cx q[6], q[4]
Gate(13092)	cx q[10], q[6]
Gate(13093)	 h q[4]
Gate(13094)	 h q[10]
Gate(13095)	 t q[9]
Gate(13096)	 t q[8]
Gate(13097)	 t q[10]
Gate(13098)	cx q[8], q[9]
Gate(13099)	cx q[10], q[8]
Gate(13100)	cx q[9], q[10]
Gate(13101)	tdg q[8]
Gate(13102)	cx q[9], q[8]
Gate(13103)	tdg q[9]
Gate(13104)	tdg q[8]
Gate(13105)	 t q[10]
Gate(13106)	cx q[10], q[8]
Gate(13107)	cx q[9], q[10]
Gate(13108)	cx q[8], q[9]
Gate(13109)	 h q[10]
Gate(13110)	 h q[4]
Gate(13111)	 t q[6]
Gate(13112)	 t q[10]
Gate(13113)	 t q[4]
Gate(13114)	cx q[10], q[6]
Gate(13115)	cx q[4], q[10]
Gate(13116)	cx q[6], q[4]
Gate(13117)	tdg q[10]
Gate(13118)	cx q[6], q[10]
Gate(13119)	tdg q[6]
Gate(13120)	tdg q[10]
Gate(13121)	 t q[4]
Gate(13122)	cx q[4], q[10]
Gate(13123)	cx q[6], q[4]
Gate(13124)	cx q[10], q[6]
Gate(13125)	 h q[4]
Gate(13126)	 h q[10]
Gate(13127)	 t q[9]
Gate(13128)	 t q[8]
Gate(13129)	 t q[10]
Gate(13130)	cx q[8], q[9]
Gate(13131)	cx q[10], q[8]
Gate(13132)	cx q[9], q[10]
Gate(13133)	tdg q[8]
Gate(13134)	cx q[9], q[8]
Gate(13135)	tdg q[9]
Gate(13136)	tdg q[8]
Gate(13137)	 t q[10]
Gate(13138)	cx q[10], q[8]
Gate(13139)	cx q[9], q[10]
Gate(13140)	cx q[8], q[9]
Gate(13141)	 h q[10]
Gate(13142)	 h q[0]
Gate(13143)	 t q[4]
Gate(13144)	 t q[10]
Gate(13145)	 t q[0]
Gate(13146)	cx q[10], q[4]
Gate(13147)	cx q[0], q[10]
Gate(13148)	cx q[4], q[0]
Gate(13149)	tdg q[10]
Gate(13150)	cx q[4], q[10]
Gate(13151)	tdg q[4]
Gate(13152)	tdg q[10]
Gate(13153)	 t q[0]
Gate(13154)	cx q[0], q[10]
Gate(13155)	cx q[4], q[0]
Gate(13156)	cx q[10], q[4]
Gate(13157)	 h q[0]
Gate(13158)	 h q[10]
Gate(13159)	 t q[1]
Gate(13160)	 t q[9]
Gate(13161)	 t q[10]
Gate(13162)	cx q[9], q[1]
Gate(13163)	cx q[10], q[9]
Gate(13164)	cx q[1], q[10]
Gate(13165)	tdg q[9]
Gate(13166)	cx q[1], q[9]
Gate(13167)	tdg q[1]
Gate(13168)	tdg q[9]
Gate(13169)	 t q[10]
Gate(13170)	cx q[10], q[9]
Gate(13171)	cx q[1], q[10]
Gate(13172)	cx q[9], q[1]
Gate(13173)	 h q[10]
Gate(13174)	 h q[9]
Gate(13175)	 t q[2]
Gate(13176)	 t q[8]
Gate(13177)	 t q[9]
Gate(13178)	cx q[8], q[2]
Gate(13179)	cx q[9], q[8]
Gate(13180)	cx q[2], q[9]
Gate(13181)	tdg q[8]
Gate(13182)	cx q[2], q[8]
Gate(13183)	tdg q[2]
Gate(13184)	tdg q[8]
Gate(13185)	 t q[9]
Gate(13186)	cx q[9], q[8]
Gate(13187)	cx q[2], q[9]
Gate(13188)	cx q[8], q[2]
Gate(13189)	 h q[9]
Gate(13190)	 h q[8]
Gate(13191)	 t q[5]
Gate(13192)	 t q[3]
Gate(13193)	 t q[8]
Gate(13194)	cx q[3], q[5]
Gate(13195)	cx q[8], q[3]
Gate(13196)	cx q[5], q[8]
Gate(13197)	tdg q[3]
Gate(13198)	cx q[5], q[3]
Gate(13199)	tdg q[5]
Gate(13200)	tdg q[3]
Gate(13201)	 t q[8]
Gate(13202)	cx q[8], q[3]
Gate(13203)	cx q[5], q[8]
Gate(13204)	cx q[3], q[5]
Gate(13205)	 h q[8]
Gate(13206)	 h q[9]
Gate(13207)	 t q[2]
Gate(13208)	 t q[8]
Gate(13209)	 t q[9]
Gate(13210)	cx q[8], q[2]
Gate(13211)	cx q[9], q[8]
Gate(13212)	cx q[2], q[9]
Gate(13213)	tdg q[8]
Gate(13214)	cx q[2], q[8]
Gate(13215)	tdg q[2]
Gate(13216)	tdg q[8]
Gate(13217)	 t q[9]
Gate(13218)	cx q[9], q[8]
Gate(13219)	cx q[2], q[9]
Gate(13220)	cx q[8], q[2]
Gate(13221)	 h q[9]
Gate(13222)	 h q[10]
Gate(13223)	 t q[1]
Gate(13224)	 t q[9]
Gate(13225)	 t q[10]
Gate(13226)	cx q[9], q[1]
Gate(13227)	cx q[10], q[9]
Gate(13228)	cx q[1], q[10]
Gate(13229)	tdg q[9]
Gate(13230)	cx q[1], q[9]
Gate(13231)	tdg q[1]
Gate(13232)	tdg q[9]
Gate(13233)	 t q[10]
Gate(13234)	cx q[10], q[9]
Gate(13235)	cx q[1], q[10]
Gate(13236)	cx q[9], q[1]
Gate(13237)	 h q[10]
Gate(13238)	 h q[0]
Gate(13239)	 t q[4]
Gate(13240)	 t q[10]
Gate(13241)	 t q[0]
Gate(13242)	cx q[10], q[4]
Gate(13243)	cx q[0], q[10]
Gate(13244)	cx q[4], q[0]
Gate(13245)	tdg q[10]
Gate(13246)	cx q[4], q[10]
Gate(13247)	tdg q[4]
Gate(13248)	tdg q[10]
Gate(13249)	 t q[0]
Gate(13250)	cx q[0], q[10]
Gate(13251)	cx q[4], q[0]
Gate(13252)	cx q[10], q[4]
Gate(13253)	 h q[0]
Gate(13254)	 h q[10]
Gate(13255)	 t q[1]
Gate(13256)	 t q[9]
Gate(13257)	 t q[10]
Gate(13258)	cx q[9], q[1]
Gate(13259)	cx q[10], q[9]
Gate(13260)	cx q[1], q[10]
Gate(13261)	tdg q[9]
Gate(13262)	cx q[1], q[9]
Gate(13263)	tdg q[1]
Gate(13264)	tdg q[9]
Gate(13265)	 t q[10]
Gate(13266)	cx q[10], q[9]
Gate(13267)	cx q[1], q[10]
Gate(13268)	cx q[9], q[1]
Gate(13269)	 h q[10]
Gate(13270)	 h q[9]
Gate(13271)	 t q[2]
Gate(13272)	 t q[8]
Gate(13273)	 t q[9]
Gate(13274)	cx q[8], q[2]
Gate(13275)	cx q[9], q[8]
Gate(13276)	cx q[2], q[9]
Gate(13277)	tdg q[8]
Gate(13278)	cx q[2], q[8]
Gate(13279)	tdg q[2]
Gate(13280)	tdg q[8]
Gate(13281)	 t q[9]
Gate(13282)	cx q[9], q[8]
Gate(13283)	cx q[2], q[9]
Gate(13284)	cx q[8], q[2]
Gate(13285)	 h q[9]
Gate(13286)	 h q[8]
Gate(13287)	 t q[5]
Gate(13288)	 t q[3]
Gate(13289)	 t q[8]
Gate(13290)	cx q[3], q[5]
Gate(13291)	cx q[8], q[3]
Gate(13292)	cx q[5], q[8]
Gate(13293)	tdg q[3]
Gate(13294)	cx q[5], q[3]
Gate(13295)	tdg q[5]
Gate(13296)	tdg q[3]
Gate(13297)	 t q[8]
Gate(13298)	cx q[8], q[3]
Gate(13299)	cx q[5], q[8]
Gate(13300)	cx q[3], q[5]
Gate(13301)	 h q[8]
Gate(13302)	 h q[9]
Gate(13303)	 t q[2]
Gate(13304)	 t q[8]
Gate(13305)	 t q[9]
Gate(13306)	cx q[8], q[2]
Gate(13307)	cx q[9], q[8]
Gate(13308)	cx q[2], q[9]
Gate(13309)	tdg q[8]
Gate(13310)	cx q[2], q[8]
Gate(13311)	tdg q[2]
Gate(13312)	tdg q[8]
Gate(13313)	 t q[9]
Gate(13314)	cx q[9], q[8]
Gate(13315)	cx q[2], q[9]
Gate(13316)	cx q[8], q[2]
Gate(13317)	 h q[9]
Gate(13318)	 h q[10]
Gate(13319)	 t q[1]
Gate(13320)	 t q[9]
Gate(13321)	 t q[10]
Gate(13322)	cx q[9], q[1]
Gate(13323)	cx q[10], q[9]
Gate(13324)	cx q[1], q[10]
Gate(13325)	tdg q[9]
Gate(13326)	cx q[1], q[9]
Gate(13327)	tdg q[1]
Gate(13328)	tdg q[9]
Gate(13329)	 t q[10]
Gate(13330)	cx q[10], q[9]
Gate(13331)	cx q[1], q[10]
Gate(13332)	cx q[9], q[1]
Gate(13333)	 h q[10]
Gate(13334)	 x q[8]
Gate(13335)	 h q[6]
Gate(13336)	 t q[5]
Gate(13337)	 t q[10]
Gate(13338)	 t q[6]
Gate(13339)	cx q[10], q[5]
Gate(13340)	cx q[6], q[10]
Gate(13341)	cx q[5], q[6]
Gate(13342)	tdg q[10]
Gate(13343)	cx q[5], q[10]
Gate(13344)	tdg q[5]
Gate(13345)	tdg q[10]
Gate(13346)	 t q[6]
Gate(13347)	cx q[6], q[10]
Gate(13348)	cx q[5], q[6]
Gate(13349)	cx q[10], q[5]
Gate(13350)	 h q[6]
Gate(13351)	 h q[10]
Gate(13352)	 t q[7]
Gate(13353)	 t q[4]
Gate(13354)	 t q[10]
Gate(13355)	cx q[4], q[7]
Gate(13356)	cx q[10], q[4]
Gate(13357)	cx q[7], q[10]
Gate(13358)	tdg q[4]
Gate(13359)	cx q[7], q[4]
Gate(13360)	tdg q[7]
Gate(13361)	tdg q[4]
Gate(13362)	 t q[10]
Gate(13363)	cx q[10], q[4]
Gate(13364)	cx q[7], q[10]
Gate(13365)	cx q[4], q[7]
Gate(13366)	 h q[10]
Gate(13367)	 h q[4]
Gate(13368)	 t q[9]
Gate(13369)	 t q[8]
Gate(13370)	 t q[4]
Gate(13371)	cx q[8], q[9]
Gate(13372)	cx q[4], q[8]
Gate(13373)	cx q[9], q[4]
Gate(13374)	tdg q[8]
Gate(13375)	cx q[9], q[8]
Gate(13376)	tdg q[9]
Gate(13377)	tdg q[8]
Gate(13378)	 t q[4]
Gate(13379)	cx q[4], q[8]
Gate(13380)	cx q[9], q[4]
Gate(13381)	cx q[8], q[9]
Gate(13382)	 h q[4]
Gate(13383)	 h q[10]
Gate(13384)	 t q[7]
Gate(13385)	 t q[4]
Gate(13386)	 t q[10]
Gate(13387)	cx q[4], q[7]
Gate(13388)	cx q[10], q[4]
Gate(13389)	cx q[7], q[10]
Gate(13390)	tdg q[4]
Gate(13391)	cx q[7], q[4]
Gate(13392)	tdg q[7]
Gate(13393)	tdg q[4]
Gate(13394)	 t q[10]
Gate(13395)	cx q[10], q[4]
Gate(13396)	cx q[7], q[10]
Gate(13397)	cx q[4], q[7]
Gate(13398)	 h q[10]
Gate(13399)	 h q[6]
Gate(13400)	 t q[5]
Gate(13401)	 t q[10]
Gate(13402)	 t q[6]
Gate(13403)	cx q[10], q[5]
Gate(13404)	cx q[6], q[10]
Gate(13405)	cx q[5], q[6]
Gate(13406)	tdg q[10]
Gate(13407)	cx q[5], q[10]
Gate(13408)	tdg q[5]
Gate(13409)	tdg q[10]
Gate(13410)	 t q[6]
Gate(13411)	cx q[6], q[10]
Gate(13412)	cx q[5], q[6]
Gate(13413)	cx q[10], q[5]
Gate(13414)	 h q[6]
Gate(13415)	 h q[10]
Gate(13416)	 t q[7]
Gate(13417)	 t q[4]
Gate(13418)	 t q[10]
Gate(13419)	cx q[4], q[7]
Gate(13420)	cx q[10], q[4]
Gate(13421)	cx q[7], q[10]
Gate(13422)	tdg q[4]
Gate(13423)	cx q[7], q[4]
Gate(13424)	tdg q[7]
Gate(13425)	tdg q[4]
Gate(13426)	 t q[10]
Gate(13427)	cx q[10], q[4]
Gate(13428)	cx q[7], q[10]
Gate(13429)	cx q[4], q[7]
Gate(13430)	 h q[10]
Gate(13431)	 h q[4]
Gate(13432)	 t q[9]
Gate(13433)	 t q[8]
Gate(13434)	 t q[4]
Gate(13435)	cx q[8], q[9]
Gate(13436)	cx q[4], q[8]
Gate(13437)	cx q[9], q[4]
Gate(13438)	tdg q[8]
Gate(13439)	cx q[9], q[8]
Gate(13440)	tdg q[9]
Gate(13441)	tdg q[8]
Gate(13442)	 t q[4]
Gate(13443)	cx q[4], q[8]
Gate(13444)	cx q[9], q[4]
Gate(13445)	cx q[8], q[9]
Gate(13446)	 h q[4]
Gate(13447)	 h q[10]
Gate(13448)	 t q[7]
Gate(13449)	 t q[4]
Gate(13450)	 t q[10]
Gate(13451)	cx q[4], q[7]
Gate(13452)	cx q[10], q[4]
Gate(13453)	cx q[7], q[10]
Gate(13454)	tdg q[4]
Gate(13455)	cx q[7], q[4]
Gate(13456)	tdg q[7]
Gate(13457)	tdg q[4]
Gate(13458)	 t q[10]
Gate(13459)	cx q[10], q[4]
Gate(13460)	cx q[7], q[10]
Gate(13461)	cx q[4], q[7]
Gate(13462)	 h q[10]
Gate(13463)	 h q[0]
Gate(13464)	 t q[6]
Gate(13465)	 t q[10]
Gate(13466)	 t q[0]
Gate(13467)	cx q[10], q[6]
Gate(13468)	cx q[0], q[10]
Gate(13469)	cx q[6], q[0]
Gate(13470)	tdg q[10]
Gate(13471)	cx q[6], q[10]
Gate(13472)	tdg q[6]
Gate(13473)	tdg q[10]
Gate(13474)	 t q[0]
Gate(13475)	cx q[0], q[10]
Gate(13476)	cx q[6], q[0]
Gate(13477)	cx q[10], q[6]
Gate(13478)	 h q[0]
Gate(13479)	 h q[10]
Gate(13480)	 t q[1]
Gate(13481)	 t q[9]
Gate(13482)	 t q[10]
Gate(13483)	cx q[9], q[1]
Gate(13484)	cx q[10], q[9]
Gate(13485)	cx q[1], q[10]
Gate(13486)	tdg q[9]
Gate(13487)	cx q[1], q[9]
Gate(13488)	tdg q[1]
Gate(13489)	tdg q[9]
Gate(13490)	 t q[10]
Gate(13491)	cx q[10], q[9]
Gate(13492)	cx q[1], q[10]
Gate(13493)	cx q[9], q[1]
Gate(13494)	 h q[10]
Gate(13495)	 h q[9]
Gate(13496)	 t q[2]
Gate(13497)	 t q[8]
Gate(13498)	 t q[9]
Gate(13499)	cx q[8], q[2]
Gate(13500)	cx q[9], q[8]
Gate(13501)	cx q[2], q[9]
Gate(13502)	tdg q[8]
Gate(13503)	cx q[2], q[8]
Gate(13504)	tdg q[2]
Gate(13505)	tdg q[8]
Gate(13506)	 t q[9]
Gate(13507)	cx q[9], q[8]
Gate(13508)	cx q[2], q[9]
Gate(13509)	cx q[8], q[2]
Gate(13510)	 h q[9]
Gate(13511)	 h q[8]
Gate(13512)	 t q[4]
Gate(13513)	 t q[3]
Gate(13514)	 t q[8]
Gate(13515)	cx q[3], q[4]
Gate(13516)	cx q[8], q[3]
Gate(13517)	cx q[4], q[8]
Gate(13518)	tdg q[3]
Gate(13519)	cx q[4], q[3]
Gate(13520)	tdg q[4]
Gate(13521)	tdg q[3]
Gate(13522)	 t q[8]
Gate(13523)	cx q[8], q[3]
Gate(13524)	cx q[4], q[8]
Gate(13525)	cx q[3], q[4]
Gate(13526)	 h q[8]
Gate(13527)	 h q[9]
Gate(13528)	 t q[2]
Gate(13529)	 t q[8]
Gate(13530)	 t q[9]
Gate(13531)	cx q[8], q[2]
Gate(13532)	cx q[9], q[8]
Gate(13533)	cx q[2], q[9]
Gate(13534)	tdg q[8]
Gate(13535)	cx q[2], q[8]
Gate(13536)	tdg q[2]
Gate(13537)	tdg q[8]
Gate(13538)	 t q[9]
Gate(13539)	cx q[9], q[8]
Gate(13540)	cx q[2], q[9]
Gate(13541)	cx q[8], q[2]
Gate(13542)	 h q[9]
Gate(13543)	 h q[10]
Gate(13544)	 t q[1]
Gate(13545)	 t q[9]
Gate(13546)	 t q[10]
Gate(13547)	cx q[9], q[1]
Gate(13548)	cx q[10], q[9]
Gate(13549)	cx q[1], q[10]
Gate(13550)	tdg q[9]
Gate(13551)	cx q[1], q[9]
Gate(13552)	tdg q[1]
Gate(13553)	tdg q[9]
Gate(13554)	 t q[10]
Gate(13555)	cx q[10], q[9]
Gate(13556)	cx q[1], q[10]
Gate(13557)	cx q[9], q[1]
Gate(13558)	 h q[10]
Gate(13559)	 h q[0]
Gate(13560)	 t q[6]
Gate(13561)	 t q[10]
Gate(13562)	 t q[0]
Gate(13563)	cx q[10], q[6]
Gate(13564)	cx q[0], q[10]
Gate(13565)	cx q[6], q[0]
Gate(13566)	tdg q[10]
Gate(13567)	cx q[6], q[10]
Gate(13568)	tdg q[6]
Gate(13569)	tdg q[10]
Gate(13570)	 t q[0]
Gate(13571)	cx q[0], q[10]
Gate(13572)	cx q[6], q[0]
Gate(13573)	cx q[10], q[6]
Gate(13574)	 h q[0]
Gate(13575)	 h q[10]
Gate(13576)	 t q[1]
Gate(13577)	 t q[9]
Gate(13578)	 t q[10]
Gate(13579)	cx q[9], q[1]
Gate(13580)	cx q[10], q[9]
Gate(13581)	cx q[1], q[10]
Gate(13582)	tdg q[9]
Gate(13583)	cx q[1], q[9]
Gate(13584)	tdg q[1]
Gate(13585)	tdg q[9]
Gate(13586)	 t q[10]
Gate(13587)	cx q[10], q[9]
Gate(13588)	cx q[1], q[10]
Gate(13589)	cx q[9], q[1]
Gate(13590)	 h q[10]
Gate(13591)	 h q[9]
Gate(13592)	 t q[2]
Gate(13593)	 t q[8]
Gate(13594)	 t q[9]
Gate(13595)	cx q[8], q[2]
Gate(13596)	cx q[9], q[8]
Gate(13597)	cx q[2], q[9]
Gate(13598)	tdg q[8]
Gate(13599)	cx q[2], q[8]
Gate(13600)	tdg q[2]
Gate(13601)	tdg q[8]
Gate(13602)	 t q[9]
Gate(13603)	cx q[9], q[8]
Gate(13604)	cx q[2], q[9]
Gate(13605)	cx q[8], q[2]
Gate(13606)	 h q[9]
Gate(13607)	 h q[8]
Gate(13608)	 t q[4]
Gate(13609)	 t q[3]
Gate(13610)	 t q[8]
Gate(13611)	cx q[3], q[4]
Gate(13612)	cx q[8], q[3]
Gate(13613)	cx q[4], q[8]
Gate(13614)	tdg q[3]
Gate(13615)	cx q[4], q[3]
Gate(13616)	tdg q[4]
Gate(13617)	tdg q[3]
Gate(13618)	 t q[8]
Gate(13619)	cx q[8], q[3]
Gate(13620)	cx q[4], q[8]
Gate(13621)	cx q[3], q[4]
Gate(13622)	 h q[8]
Gate(13623)	 h q[9]
Gate(13624)	 t q[2]
Gate(13625)	 t q[8]
Gate(13626)	 t q[9]
Gate(13627)	cx q[8], q[2]
Gate(13628)	cx q[9], q[8]
Gate(13629)	cx q[2], q[9]
Gate(13630)	tdg q[8]
Gate(13631)	cx q[2], q[8]
Gate(13632)	tdg q[2]
Gate(13633)	tdg q[8]
Gate(13634)	 t q[9]
Gate(13635)	cx q[9], q[8]
Gate(13636)	cx q[2], q[9]
Gate(13637)	cx q[8], q[2]
Gate(13638)	 h q[9]
Gate(13639)	 h q[10]
Gate(13640)	 t q[1]
Gate(13641)	 t q[9]
Gate(13642)	 t q[10]
Gate(13643)	cx q[9], q[1]
Gate(13644)	cx q[10], q[9]
Gate(13645)	cx q[1], q[10]
Gate(13646)	tdg q[9]
Gate(13647)	cx q[1], q[9]
Gate(13648)	tdg q[1]
Gate(13649)	tdg q[9]
Gate(13650)	 t q[10]
Gate(13651)	cx q[10], q[9]
Gate(13652)	cx q[1], q[10]
Gate(13653)	cx q[9], q[1]
Gate(13654)	 h q[10]
Gate(13655)	 h q[6]
Gate(13656)	 t q[5]
Gate(13657)	 t q[10]
Gate(13658)	 t q[6]
Gate(13659)	cx q[10], q[5]
Gate(13660)	cx q[6], q[10]
Gate(13661)	cx q[5], q[6]
Gate(13662)	tdg q[10]
Gate(13663)	cx q[5], q[10]
Gate(13664)	tdg q[5]
Gate(13665)	tdg q[10]
Gate(13666)	 t q[6]
Gate(13667)	cx q[6], q[10]
Gate(13668)	cx q[5], q[6]
Gate(13669)	cx q[10], q[5]
Gate(13670)	 h q[6]
Gate(13671)	 h q[10]
Gate(13672)	 t q[7]
Gate(13673)	 t q[4]
Gate(13674)	 t q[10]
Gate(13675)	cx q[4], q[7]
Gate(13676)	cx q[10], q[4]
Gate(13677)	cx q[7], q[10]
Gate(13678)	tdg q[4]
Gate(13679)	cx q[7], q[4]
Gate(13680)	tdg q[7]
Gate(13681)	tdg q[4]
Gate(13682)	 t q[10]
Gate(13683)	cx q[10], q[4]
Gate(13684)	cx q[7], q[10]
Gate(13685)	cx q[4], q[7]
Gate(13686)	 h q[10]
Gate(13687)	 h q[4]
Gate(13688)	 t q[9]
Gate(13689)	 t q[8]
Gate(13690)	 t q[4]
Gate(13691)	cx q[8], q[9]
Gate(13692)	cx q[4], q[8]
Gate(13693)	cx q[9], q[4]
Gate(13694)	tdg q[8]
Gate(13695)	cx q[9], q[8]
Gate(13696)	tdg q[9]
Gate(13697)	tdg q[8]
Gate(13698)	 t q[4]
Gate(13699)	cx q[4], q[8]
Gate(13700)	cx q[9], q[4]
Gate(13701)	cx q[8], q[9]
Gate(13702)	 h q[4]
Gate(13703)	 h q[10]
Gate(13704)	 t q[7]
Gate(13705)	 t q[4]
Gate(13706)	 t q[10]
Gate(13707)	cx q[4], q[7]
Gate(13708)	cx q[10], q[4]
Gate(13709)	cx q[7], q[10]
Gate(13710)	tdg q[4]
Gate(13711)	cx q[7], q[4]
Gate(13712)	tdg q[7]
Gate(13713)	tdg q[4]
Gate(13714)	 t q[10]
Gate(13715)	cx q[10], q[4]
Gate(13716)	cx q[7], q[10]
Gate(13717)	cx q[4], q[7]
Gate(13718)	 h q[10]
Gate(13719)	 h q[6]
Gate(13720)	 t q[5]
Gate(13721)	 t q[10]
Gate(13722)	 t q[6]
Gate(13723)	cx q[10], q[5]
Gate(13724)	cx q[6], q[10]
Gate(13725)	cx q[5], q[6]
Gate(13726)	tdg q[10]
Gate(13727)	cx q[5], q[10]
Gate(13728)	tdg q[5]
Gate(13729)	tdg q[10]
Gate(13730)	 t q[6]
Gate(13731)	cx q[6], q[10]
Gate(13732)	cx q[5], q[6]
Gate(13733)	cx q[10], q[5]
Gate(13734)	 h q[6]
Gate(13735)	 h q[10]
Gate(13736)	 t q[7]
Gate(13737)	 t q[4]
Gate(13738)	 t q[10]
Gate(13739)	cx q[4], q[7]
Gate(13740)	cx q[10], q[4]
Gate(13741)	cx q[7], q[10]
Gate(13742)	tdg q[4]
Gate(13743)	cx q[7], q[4]
Gate(13744)	tdg q[7]
Gate(13745)	tdg q[4]
Gate(13746)	 t q[10]
Gate(13747)	cx q[10], q[4]
Gate(13748)	cx q[7], q[10]
Gate(13749)	cx q[4], q[7]
Gate(13750)	 h q[10]
Gate(13751)	 h q[4]
Gate(13752)	 t q[9]
Gate(13753)	 t q[8]
Gate(13754)	 t q[4]
Gate(13755)	cx q[8], q[9]
Gate(13756)	cx q[4], q[8]
Gate(13757)	cx q[9], q[4]
Gate(13758)	tdg q[8]
Gate(13759)	cx q[9], q[8]
Gate(13760)	tdg q[9]
Gate(13761)	tdg q[8]
Gate(13762)	 t q[4]
Gate(13763)	cx q[4], q[8]
Gate(13764)	cx q[9], q[4]
Gate(13765)	cx q[8], q[9]
Gate(13766)	 h q[4]
Gate(13767)	 h q[10]
Gate(13768)	 t q[7]
Gate(13769)	 t q[4]
Gate(13770)	 t q[10]
Gate(13771)	cx q[4], q[7]
Gate(13772)	cx q[10], q[4]
Gate(13773)	cx q[7], q[10]
Gate(13774)	tdg q[4]
Gate(13775)	cx q[7], q[4]
Gate(13776)	tdg q[7]
Gate(13777)	tdg q[4]
Gate(13778)	 t q[10]
Gate(13779)	cx q[10], q[4]
Gate(13780)	cx q[7], q[10]
Gate(13781)	cx q[4], q[7]
Gate(13782)	 h q[10]
Gate(13783)	 h q[0]
Gate(13784)	 t q[6]
Gate(13785)	 t q[10]
Gate(13786)	 t q[0]
Gate(13787)	cx q[10], q[6]
Gate(13788)	cx q[0], q[10]
Gate(13789)	cx q[6], q[0]
Gate(13790)	tdg q[10]
Gate(13791)	cx q[6], q[10]
Gate(13792)	tdg q[6]
Gate(13793)	tdg q[10]
Gate(13794)	 t q[0]
Gate(13795)	cx q[0], q[10]
Gate(13796)	cx q[6], q[0]
Gate(13797)	cx q[10], q[6]
Gate(13798)	 h q[0]
Gate(13799)	 h q[10]
Gate(13800)	 t q[1]
Gate(13801)	 t q[9]
Gate(13802)	 t q[10]
Gate(13803)	cx q[9], q[1]
Gate(13804)	cx q[10], q[9]
Gate(13805)	cx q[1], q[10]
Gate(13806)	tdg q[9]
Gate(13807)	cx q[1], q[9]
Gate(13808)	tdg q[1]
Gate(13809)	tdg q[9]
Gate(13810)	 t q[10]
Gate(13811)	cx q[10], q[9]
Gate(13812)	cx q[1], q[10]
Gate(13813)	cx q[9], q[1]
Gate(13814)	 h q[10]
Gate(13815)	 h q[9]
Gate(13816)	 t q[2]
Gate(13817)	 t q[8]
Gate(13818)	 t q[9]
Gate(13819)	cx q[8], q[2]
Gate(13820)	cx q[9], q[8]
Gate(13821)	cx q[2], q[9]
Gate(13822)	tdg q[8]
Gate(13823)	cx q[2], q[8]
Gate(13824)	tdg q[2]
Gate(13825)	tdg q[8]
Gate(13826)	 t q[9]
Gate(13827)	cx q[9], q[8]
Gate(13828)	cx q[2], q[9]
Gate(13829)	cx q[8], q[2]
Gate(13830)	 h q[9]
Gate(13831)	 h q[8]
Gate(13832)	 t q[4]
Gate(13833)	 t q[3]
Gate(13834)	 t q[8]
Gate(13835)	cx q[3], q[4]
Gate(13836)	cx q[8], q[3]
Gate(13837)	cx q[4], q[8]
Gate(13838)	tdg q[3]
Gate(13839)	cx q[4], q[3]
Gate(13840)	tdg q[4]
Gate(13841)	tdg q[3]
Gate(13842)	 t q[8]
Gate(13843)	cx q[8], q[3]
Gate(13844)	cx q[4], q[8]
Gate(13845)	cx q[3], q[4]
Gate(13846)	 h q[8]
Gate(13847)	 h q[9]
Gate(13848)	 t q[2]
Gate(13849)	 t q[8]
Gate(13850)	 t q[9]
Gate(13851)	cx q[8], q[2]
Gate(13852)	cx q[9], q[8]
Gate(13853)	cx q[2], q[9]
Gate(13854)	tdg q[8]
Gate(13855)	cx q[2], q[8]
Gate(13856)	tdg q[2]
Gate(13857)	tdg q[8]
Gate(13858)	 t q[9]
Gate(13859)	cx q[9], q[8]
Gate(13860)	cx q[2], q[9]
Gate(13861)	cx q[8], q[2]
Gate(13862)	 h q[9]
Gate(13863)	 h q[10]
Gate(13864)	 t q[1]
Gate(13865)	 t q[9]
Gate(13866)	 t q[10]
Gate(13867)	cx q[9], q[1]
Gate(13868)	cx q[10], q[9]
Gate(13869)	cx q[1], q[10]
Gate(13870)	tdg q[9]
Gate(13871)	cx q[1], q[9]
Gate(13872)	tdg q[1]
Gate(13873)	tdg q[9]
Gate(13874)	 t q[10]
Gate(13875)	cx q[10], q[9]
Gate(13876)	cx q[1], q[10]
Gate(13877)	cx q[9], q[1]
Gate(13878)	 h q[10]
Gate(13879)	 h q[0]
Gate(13880)	 t q[6]
Gate(13881)	 t q[10]
Gate(13882)	 t q[0]
Gate(13883)	cx q[10], q[6]
Gate(13884)	cx q[0], q[10]
Gate(13885)	cx q[6], q[0]
Gate(13886)	tdg q[10]
Gate(13887)	cx q[6], q[10]
Gate(13888)	tdg q[6]
Gate(13889)	tdg q[10]
Gate(13890)	 t q[0]
Gate(13891)	cx q[0], q[10]
Gate(13892)	cx q[6], q[0]
Gate(13893)	cx q[10], q[6]
Gate(13894)	 h q[0]
Gate(13895)	 h q[10]
Gate(13896)	 t q[1]
Gate(13897)	 t q[9]
Gate(13898)	 t q[10]
Gate(13899)	cx q[9], q[1]
Gate(13900)	cx q[10], q[9]
Gate(13901)	cx q[1], q[10]
Gate(13902)	tdg q[9]
Gate(13903)	cx q[1], q[9]
Gate(13904)	tdg q[1]
Gate(13905)	tdg q[9]
Gate(13906)	 t q[10]
Gate(13907)	cx q[10], q[9]
Gate(13908)	cx q[1], q[10]
Gate(13909)	cx q[9], q[1]
Gate(13910)	 h q[10]
Gate(13911)	 h q[9]
Gate(13912)	 t q[2]
Gate(13913)	 t q[8]
Gate(13914)	 t q[9]
Gate(13915)	cx q[8], q[2]
Gate(13916)	cx q[9], q[8]
Gate(13917)	cx q[2], q[9]
Gate(13918)	tdg q[8]
Gate(13919)	cx q[2], q[8]
Gate(13920)	tdg q[2]
Gate(13921)	tdg q[8]
Gate(13922)	 t q[9]
Gate(13923)	cx q[9], q[8]
Gate(13924)	cx q[2], q[9]
Gate(13925)	cx q[8], q[2]
Gate(13926)	 h q[9]
Gate(13927)	 h q[8]
Gate(13928)	 t q[4]
Gate(13929)	 t q[3]
Gate(13930)	 t q[8]
Gate(13931)	cx q[3], q[4]
Gate(13932)	cx q[8], q[3]
Gate(13933)	cx q[4], q[8]
Gate(13934)	tdg q[3]
Gate(13935)	cx q[4], q[3]
Gate(13936)	tdg q[4]
Gate(13937)	tdg q[3]
Gate(13938)	 t q[8]
Gate(13939)	cx q[8], q[3]
Gate(13940)	cx q[4], q[8]
Gate(13941)	cx q[3], q[4]
Gate(13942)	 h q[8]
Gate(13943)	 h q[9]
Gate(13944)	 t q[2]
Gate(13945)	 t q[8]
Gate(13946)	 t q[9]
Gate(13947)	cx q[8], q[2]
Gate(13948)	cx q[9], q[8]
Gate(13949)	cx q[2], q[9]
Gate(13950)	tdg q[8]
Gate(13951)	cx q[2], q[8]
Gate(13952)	tdg q[2]
Gate(13953)	tdg q[8]
Gate(13954)	 t q[9]
Gate(13955)	cx q[9], q[8]
Gate(13956)	cx q[2], q[9]
Gate(13957)	cx q[8], q[2]
Gate(13958)	 h q[9]
Gate(13959)	 h q[10]
Gate(13960)	 t q[1]
Gate(13961)	 t q[9]
Gate(13962)	 t q[10]
Gate(13963)	cx q[9], q[1]
Gate(13964)	cx q[10], q[9]
Gate(13965)	cx q[1], q[10]
Gate(13966)	tdg q[9]
Gate(13967)	cx q[1], q[9]
Gate(13968)	tdg q[1]
Gate(13969)	tdg q[9]
Gate(13970)	 t q[10]
Gate(13971)	cx q[10], q[9]
Gate(13972)	cx q[1], q[10]
Gate(13973)	cx q[9], q[1]
Gate(13974)	 h q[10]
Gate(13975)	 x q[3]
Gate(13976)	 x q[7]
Gate(13977)	 x q[4]
Gate(13978)	 x q[2]
Gate(13979)	 h q[1]
Gate(13980)	 t q[6]
Gate(13981)	 t q[10]
Gate(13982)	 t q[1]
Gate(13983)	cx q[10], q[6]
Gate(13984)	cx q[1], q[10]
Gate(13985)	cx q[6], q[1]
Gate(13986)	tdg q[10]
Gate(13987)	cx q[6], q[10]
Gate(13988)	tdg q[6]
Gate(13989)	tdg q[10]
Gate(13990)	 t q[1]
Gate(13991)	cx q[1], q[10]
Gate(13992)	cx q[6], q[1]
Gate(13993)	cx q[10], q[6]
Gate(13994)	 h q[1]
Gate(13995)	 h q[10]
Gate(13996)	 t q[7]
Gate(13997)	 t q[5]
Gate(13998)	 t q[10]
Gate(13999)	cx q[5], q[7]
Gate(14000)	cx q[10], q[5]
Gate(14001)	cx q[7], q[10]
Gate(14002)	tdg q[5]
Gate(14003)	cx q[7], q[5]
Gate(14004)	tdg q[7]
Gate(14005)	tdg q[5]
Gate(14006)	 t q[10]
Gate(14007)	cx q[10], q[5]
Gate(14008)	cx q[7], q[10]
Gate(14009)	cx q[5], q[7]
Gate(14010)	 h q[10]
Gate(14011)	 h q[5]
Gate(14012)	 t q[9]
Gate(14013)	 t q[8]
Gate(14014)	 t q[5]
Gate(14015)	cx q[8], q[9]
Gate(14016)	cx q[5], q[8]
Gate(14017)	cx q[9], q[5]
Gate(14018)	tdg q[8]
Gate(14019)	cx q[9], q[8]
Gate(14020)	tdg q[9]
Gate(14021)	tdg q[8]
Gate(14022)	 t q[5]
Gate(14023)	cx q[5], q[8]
Gate(14024)	cx q[9], q[5]
Gate(14025)	cx q[8], q[9]
Gate(14026)	 h q[5]
Gate(14027)	 h q[10]
Gate(14028)	 t q[7]
Gate(14029)	 t q[5]
Gate(14030)	 t q[10]
Gate(14031)	cx q[5], q[7]
Gate(14032)	cx q[10], q[5]
Gate(14033)	cx q[7], q[10]
Gate(14034)	tdg q[5]
Gate(14035)	cx q[7], q[5]
Gate(14036)	tdg q[7]
Gate(14037)	tdg q[5]
Gate(14038)	 t q[10]
Gate(14039)	cx q[10], q[5]
Gate(14040)	cx q[7], q[10]
Gate(14041)	cx q[5], q[7]
Gate(14042)	 h q[10]
Gate(14043)	 h q[1]
Gate(14044)	 t q[6]
Gate(14045)	 t q[10]
Gate(14046)	 t q[1]
Gate(14047)	cx q[10], q[6]
Gate(14048)	cx q[1], q[10]
Gate(14049)	cx q[6], q[1]
Gate(14050)	tdg q[10]
Gate(14051)	cx q[6], q[10]
Gate(14052)	tdg q[6]
Gate(14053)	tdg q[10]
Gate(14054)	 t q[1]
Gate(14055)	cx q[1], q[10]
Gate(14056)	cx q[6], q[1]
Gate(14057)	cx q[10], q[6]
Gate(14058)	 h q[1]
Gate(14059)	 h q[10]
Gate(14060)	 t q[7]
Gate(14061)	 t q[5]
Gate(14062)	 t q[10]
Gate(14063)	cx q[5], q[7]
Gate(14064)	cx q[10], q[5]
Gate(14065)	cx q[7], q[10]
Gate(14066)	tdg q[5]
Gate(14067)	cx q[7], q[5]
Gate(14068)	tdg q[7]
Gate(14069)	tdg q[5]
Gate(14070)	 t q[10]
Gate(14071)	cx q[10], q[5]
Gate(14072)	cx q[7], q[10]
Gate(14073)	cx q[5], q[7]
Gate(14074)	 h q[10]
Gate(14075)	 h q[5]
Gate(14076)	 t q[9]
Gate(14077)	 t q[8]
Gate(14078)	 t q[5]
Gate(14079)	cx q[8], q[9]
Gate(14080)	cx q[5], q[8]
Gate(14081)	cx q[9], q[5]
Gate(14082)	tdg q[8]
Gate(14083)	cx q[9], q[8]
Gate(14084)	tdg q[9]
Gate(14085)	tdg q[8]
Gate(14086)	 t q[5]
Gate(14087)	cx q[5], q[8]
Gate(14088)	cx q[9], q[5]
Gate(14089)	cx q[8], q[9]
Gate(14090)	 h q[5]
Gate(14091)	 h q[10]
Gate(14092)	 t q[7]
Gate(14093)	 t q[5]
Gate(14094)	 t q[10]
Gate(14095)	cx q[5], q[7]
Gate(14096)	cx q[10], q[5]
Gate(14097)	cx q[7], q[10]
Gate(14098)	tdg q[5]
Gate(14099)	cx q[7], q[5]
Gate(14100)	tdg q[7]
Gate(14101)	tdg q[5]
Gate(14102)	 t q[10]
Gate(14103)	cx q[10], q[5]
Gate(14104)	cx q[7], q[10]
Gate(14105)	cx q[5], q[7]
Gate(14106)	 h q[10]
Gate(14107)	 h q[0]
Gate(14108)	 t q[1]
Gate(14109)	 t q[10]
Gate(14110)	 t q[0]
Gate(14111)	cx q[10], q[1]
Gate(14112)	cx q[0], q[10]
Gate(14113)	cx q[1], q[0]
Gate(14114)	tdg q[10]
Gate(14115)	cx q[1], q[10]
Gate(14116)	tdg q[1]
Gate(14117)	tdg q[10]
Gate(14118)	 t q[0]
Gate(14119)	cx q[0], q[10]
Gate(14120)	cx q[1], q[0]
Gate(14121)	cx q[10], q[1]
Gate(14122)	 h q[0]
Gate(14123)	 h q[10]
Gate(14124)	 t q[2]
Gate(14125)	 t q[9]
Gate(14126)	 t q[10]
Gate(14127)	cx q[9], q[2]
Gate(14128)	cx q[10], q[9]
Gate(14129)	cx q[2], q[10]
Gate(14130)	tdg q[9]
Gate(14131)	cx q[2], q[9]
Gate(14132)	tdg q[2]
Gate(14133)	tdg q[9]
Gate(14134)	 t q[10]
Gate(14135)	cx q[10], q[9]
Gate(14136)	cx q[2], q[10]
Gate(14137)	cx q[9], q[2]
Gate(14138)	 h q[10]
Gate(14139)	 h q[9]
Gate(14140)	 t q[3]
Gate(14141)	 t q[8]
Gate(14142)	 t q[9]
Gate(14143)	cx q[8], q[3]
Gate(14144)	cx q[9], q[8]
Gate(14145)	cx q[3], q[9]
Gate(14146)	tdg q[8]
Gate(14147)	cx q[3], q[8]
Gate(14148)	tdg q[3]
Gate(14149)	tdg q[8]
Gate(14150)	 t q[9]
Gate(14151)	cx q[9], q[8]
Gate(14152)	cx q[3], q[9]
Gate(14153)	cx q[8], q[3]
Gate(14154)	 h q[9]
Gate(14155)	 h q[8]
Gate(14156)	 t q[5]
Gate(14157)	 t q[4]
Gate(14158)	 t q[8]
Gate(14159)	cx q[4], q[5]
Gate(14160)	cx q[8], q[4]
Gate(14161)	cx q[5], q[8]
Gate(14162)	tdg q[4]
Gate(14163)	cx q[5], q[4]
Gate(14164)	tdg q[5]
Gate(14165)	tdg q[4]
Gate(14166)	 t q[8]
Gate(14167)	cx q[8], q[4]
Gate(14168)	cx q[5], q[8]
Gate(14169)	cx q[4], q[5]
Gate(14170)	 h q[8]
Gate(14171)	 h q[9]
Gate(14172)	 t q[3]
Gate(14173)	 t q[8]
Gate(14174)	 t q[9]
Gate(14175)	cx q[8], q[3]
Gate(14176)	cx q[9], q[8]
Gate(14177)	cx q[3], q[9]
Gate(14178)	tdg q[8]
Gate(14179)	cx q[3], q[8]
Gate(14180)	tdg q[3]
Gate(14181)	tdg q[8]
Gate(14182)	 t q[9]
Gate(14183)	cx q[9], q[8]
Gate(14184)	cx q[3], q[9]
Gate(14185)	cx q[8], q[3]
Gate(14186)	 h q[9]
Gate(14187)	 h q[10]
Gate(14188)	 t q[2]
Gate(14189)	 t q[9]
Gate(14190)	 t q[10]
Gate(14191)	cx q[9], q[2]
Gate(14192)	cx q[10], q[9]
Gate(14193)	cx q[2], q[10]
Gate(14194)	tdg q[9]
Gate(14195)	cx q[2], q[9]
Gate(14196)	tdg q[2]
Gate(14197)	tdg q[9]
Gate(14198)	 t q[10]
Gate(14199)	cx q[10], q[9]
Gate(14200)	cx q[2], q[10]
Gate(14201)	cx q[9], q[2]
Gate(14202)	 h q[10]
Gate(14203)	 h q[0]
Gate(14204)	 t q[1]
Gate(14205)	 t q[10]
Gate(14206)	 t q[0]
Gate(14207)	cx q[10], q[1]
Gate(14208)	cx q[0], q[10]
Gate(14209)	cx q[1], q[0]
Gate(14210)	tdg q[10]
Gate(14211)	cx q[1], q[10]
Gate(14212)	tdg q[1]
Gate(14213)	tdg q[10]
Gate(14214)	 t q[0]
Gate(14215)	cx q[0], q[10]
Gate(14216)	cx q[1], q[0]
Gate(14217)	cx q[10], q[1]
Gate(14218)	 h q[0]
Gate(14219)	 h q[10]
Gate(14220)	 t q[2]
Gate(14221)	 t q[9]
Gate(14222)	 t q[10]
Gate(14223)	cx q[9], q[2]
Gate(14224)	cx q[10], q[9]
Gate(14225)	cx q[2], q[10]
Gate(14226)	tdg q[9]
Gate(14227)	cx q[2], q[9]
Gate(14228)	tdg q[2]
Gate(14229)	tdg q[9]
Gate(14230)	 t q[10]
Gate(14231)	cx q[10], q[9]
Gate(14232)	cx q[2], q[10]
Gate(14233)	cx q[9], q[2]
Gate(14234)	 h q[10]
Gate(14235)	 h q[9]
Gate(14236)	 t q[3]
Gate(14237)	 t q[8]
Gate(14238)	 t q[9]
Gate(14239)	cx q[8], q[3]
Gate(14240)	cx q[9], q[8]
Gate(14241)	cx q[3], q[9]
Gate(14242)	tdg q[8]
Gate(14243)	cx q[3], q[8]
Gate(14244)	tdg q[3]
Gate(14245)	tdg q[8]
Gate(14246)	 t q[9]
Gate(14247)	cx q[9], q[8]
Gate(14248)	cx q[3], q[9]
Gate(14249)	cx q[8], q[3]
Gate(14250)	 h q[9]
Gate(14251)	 h q[8]
Gate(14252)	 t q[5]
Gate(14253)	 t q[4]
Gate(14254)	 t q[8]
Gate(14255)	cx q[4], q[5]
Gate(14256)	cx q[8], q[4]
Gate(14257)	cx q[5], q[8]
Gate(14258)	tdg q[4]
Gate(14259)	cx q[5], q[4]
Gate(14260)	tdg q[5]
Gate(14261)	tdg q[4]
Gate(14262)	 t q[8]
Gate(14263)	cx q[8], q[4]
Gate(14264)	cx q[5], q[8]
Gate(14265)	cx q[4], q[5]
Gate(14266)	 h q[8]
Gate(14267)	 h q[9]
Gate(14268)	 t q[3]
Gate(14269)	 t q[8]
Gate(14270)	 t q[9]
Gate(14271)	cx q[8], q[3]
Gate(14272)	cx q[9], q[8]
Gate(14273)	cx q[3], q[9]
Gate(14274)	tdg q[8]
Gate(14275)	cx q[3], q[8]
Gate(14276)	tdg q[3]
Gate(14277)	tdg q[8]
Gate(14278)	 t q[9]
Gate(14279)	cx q[9], q[8]
Gate(14280)	cx q[3], q[9]
Gate(14281)	cx q[8], q[3]
Gate(14282)	 h q[9]
Gate(14283)	 h q[10]
Gate(14284)	 t q[2]
Gate(14285)	 t q[9]
Gate(14286)	 t q[10]
Gate(14287)	cx q[9], q[2]
Gate(14288)	cx q[10], q[9]
Gate(14289)	cx q[2], q[10]
Gate(14290)	tdg q[9]
Gate(14291)	cx q[2], q[9]
Gate(14292)	tdg q[2]
Gate(14293)	tdg q[9]
Gate(14294)	 t q[10]
Gate(14295)	cx q[10], q[9]
Gate(14296)	cx q[2], q[10]
Gate(14297)	cx q[9], q[2]
Gate(14298)	 h q[10]
Gate(14299)	 h q[1]
Gate(14300)	 t q[6]
Gate(14301)	 t q[10]
Gate(14302)	 t q[1]
Gate(14303)	cx q[10], q[6]
Gate(14304)	cx q[1], q[10]
Gate(14305)	cx q[6], q[1]
Gate(14306)	tdg q[10]
Gate(14307)	cx q[6], q[10]
Gate(14308)	tdg q[6]
Gate(14309)	tdg q[10]
Gate(14310)	 t q[1]
Gate(14311)	cx q[1], q[10]
Gate(14312)	cx q[6], q[1]
Gate(14313)	cx q[10], q[6]
Gate(14314)	 h q[1]
Gate(14315)	 h q[10]
Gate(14316)	 t q[7]
Gate(14317)	 t q[5]
Gate(14318)	 t q[10]
Gate(14319)	cx q[5], q[7]
Gate(14320)	cx q[10], q[5]
Gate(14321)	cx q[7], q[10]
Gate(14322)	tdg q[5]
Gate(14323)	cx q[7], q[5]
Gate(14324)	tdg q[7]
Gate(14325)	tdg q[5]
Gate(14326)	 t q[10]
Gate(14327)	cx q[10], q[5]
Gate(14328)	cx q[7], q[10]
Gate(14329)	cx q[5], q[7]
Gate(14330)	 h q[10]
Gate(14331)	 h q[5]
Gate(14332)	 t q[9]
Gate(14333)	 t q[8]
Gate(14334)	 t q[5]
Gate(14335)	cx q[8], q[9]
Gate(14336)	cx q[5], q[8]
Gate(14337)	cx q[9], q[5]
Gate(14338)	tdg q[8]
Gate(14339)	cx q[9], q[8]
Gate(14340)	tdg q[9]
Gate(14341)	tdg q[8]
Gate(14342)	 t q[5]
Gate(14343)	cx q[5], q[8]
Gate(14344)	cx q[9], q[5]
Gate(14345)	cx q[8], q[9]
Gate(14346)	 h q[5]
Gate(14347)	 h q[10]
Gate(14348)	 t q[7]
Gate(14349)	 t q[5]
Gate(14350)	 t q[10]
Gate(14351)	cx q[5], q[7]
Gate(14352)	cx q[10], q[5]
Gate(14353)	cx q[7], q[10]
Gate(14354)	tdg q[5]
Gate(14355)	cx q[7], q[5]
Gate(14356)	tdg q[7]
Gate(14357)	tdg q[5]
Gate(14358)	 t q[10]
Gate(14359)	cx q[10], q[5]
Gate(14360)	cx q[7], q[10]
Gate(14361)	cx q[5], q[7]
Gate(14362)	 h q[10]
Gate(14363)	 h q[1]
Gate(14364)	 t q[6]
Gate(14365)	 t q[10]
Gate(14366)	 t q[1]
Gate(14367)	cx q[10], q[6]
Gate(14368)	cx q[1], q[10]
Gate(14369)	cx q[6], q[1]
Gate(14370)	tdg q[10]
Gate(14371)	cx q[6], q[10]
Gate(14372)	tdg q[6]
Gate(14373)	tdg q[10]
Gate(14374)	 t q[1]
Gate(14375)	cx q[1], q[10]
Gate(14376)	cx q[6], q[1]
Gate(14377)	cx q[10], q[6]
Gate(14378)	 h q[1]
Gate(14379)	 h q[10]
Gate(14380)	 t q[7]
Gate(14381)	 t q[5]
Gate(14382)	 t q[10]
Gate(14383)	cx q[5], q[7]
Gate(14384)	cx q[10], q[5]
Gate(14385)	cx q[7], q[10]
Gate(14386)	tdg q[5]
Gate(14387)	cx q[7], q[5]
Gate(14388)	tdg q[7]
Gate(14389)	tdg q[5]
Gate(14390)	 t q[10]
Gate(14391)	cx q[10], q[5]
Gate(14392)	cx q[7], q[10]
Gate(14393)	cx q[5], q[7]
Gate(14394)	 h q[10]
Gate(14395)	 h q[5]
Gate(14396)	 t q[9]
Gate(14397)	 t q[8]
Gate(14398)	 t q[5]
Gate(14399)	cx q[8], q[9]
Gate(14400)	cx q[5], q[8]
Gate(14401)	cx q[9], q[5]
Gate(14402)	tdg q[8]
Gate(14403)	cx q[9], q[8]
Gate(14404)	tdg q[9]
Gate(14405)	tdg q[8]
Gate(14406)	 t q[5]
Gate(14407)	cx q[5], q[8]
Gate(14408)	cx q[9], q[5]
Gate(14409)	cx q[8], q[9]
Gate(14410)	 h q[5]
Gate(14411)	 h q[10]
Gate(14412)	 t q[7]
Gate(14413)	 t q[5]
Gate(14414)	 t q[10]
Gate(14415)	cx q[5], q[7]
Gate(14416)	cx q[10], q[5]
Gate(14417)	cx q[7], q[10]
Gate(14418)	tdg q[5]
Gate(14419)	cx q[7], q[5]
Gate(14420)	tdg q[7]
Gate(14421)	tdg q[5]
Gate(14422)	 t q[10]
Gate(14423)	cx q[10], q[5]
Gate(14424)	cx q[7], q[10]
Gate(14425)	cx q[5], q[7]
Gate(14426)	 h q[10]
Gate(14427)	 h q[0]
Gate(14428)	 t q[1]
Gate(14429)	 t q[10]
Gate(14430)	 t q[0]
Gate(14431)	cx q[10], q[1]
Gate(14432)	cx q[0], q[10]
Gate(14433)	cx q[1], q[0]
Gate(14434)	tdg q[10]
Gate(14435)	cx q[1], q[10]
Gate(14436)	tdg q[1]
Gate(14437)	tdg q[10]
Gate(14438)	 t q[0]
Gate(14439)	cx q[0], q[10]
Gate(14440)	cx q[1], q[0]
Gate(14441)	cx q[10], q[1]
Gate(14442)	 h q[0]
Gate(14443)	 h q[10]
Gate(14444)	 t q[2]
Gate(14445)	 t q[9]
Gate(14446)	 t q[10]
Gate(14447)	cx q[9], q[2]
Gate(14448)	cx q[10], q[9]
Gate(14449)	cx q[2], q[10]
Gate(14450)	tdg q[9]
Gate(14451)	cx q[2], q[9]
Gate(14452)	tdg q[2]
Gate(14453)	tdg q[9]
Gate(14454)	 t q[10]
Gate(14455)	cx q[10], q[9]
Gate(14456)	cx q[2], q[10]
Gate(14457)	cx q[9], q[2]
Gate(14458)	 h q[10]
Gate(14459)	 h q[9]
Gate(14460)	 t q[3]
Gate(14461)	 t q[8]
Gate(14462)	 t q[9]
Gate(14463)	cx q[8], q[3]
Gate(14464)	cx q[9], q[8]
Gate(14465)	cx q[3], q[9]
Gate(14466)	tdg q[8]
Gate(14467)	cx q[3], q[8]
Gate(14468)	tdg q[3]
Gate(14469)	tdg q[8]
Gate(14470)	 t q[9]
Gate(14471)	cx q[9], q[8]
Gate(14472)	cx q[3], q[9]
Gate(14473)	cx q[8], q[3]
Gate(14474)	 h q[9]
Gate(14475)	 h q[8]
Gate(14476)	 t q[5]
Gate(14477)	 t q[4]
Gate(14478)	 t q[8]
Gate(14479)	cx q[4], q[5]
Gate(14480)	cx q[8], q[4]
Gate(14481)	cx q[5], q[8]
Gate(14482)	tdg q[4]
Gate(14483)	cx q[5], q[4]
Gate(14484)	tdg q[5]
Gate(14485)	tdg q[4]
Gate(14486)	 t q[8]
Gate(14487)	cx q[8], q[4]
Gate(14488)	cx q[5], q[8]
Gate(14489)	cx q[4], q[5]
Gate(14490)	 h q[8]
Gate(14491)	 h q[9]
Gate(14492)	 t q[3]
Gate(14493)	 t q[8]
Gate(14494)	 t q[9]
Gate(14495)	cx q[8], q[3]
Gate(14496)	cx q[9], q[8]
Gate(14497)	cx q[3], q[9]
Gate(14498)	tdg q[8]
Gate(14499)	cx q[3], q[8]
Gate(14500)	tdg q[3]
Gate(14501)	tdg q[8]
Gate(14502)	 t q[9]
Gate(14503)	cx q[9], q[8]
Gate(14504)	cx q[3], q[9]
Gate(14505)	cx q[8], q[3]
Gate(14506)	 h q[9]
Gate(14507)	 h q[10]
Gate(14508)	 t q[2]
Gate(14509)	 t q[9]
Gate(14510)	 t q[10]
Gate(14511)	cx q[9], q[2]
Gate(14512)	cx q[10], q[9]
Gate(14513)	cx q[2], q[10]
Gate(14514)	tdg q[9]
Gate(14515)	cx q[2], q[9]
Gate(14516)	tdg q[2]
Gate(14517)	tdg q[9]
Gate(14518)	 t q[10]
Gate(14519)	cx q[10], q[9]
Gate(14520)	cx q[2], q[10]
Gate(14521)	cx q[9], q[2]
Gate(14522)	 h q[10]
Gate(14523)	 h q[0]
Gate(14524)	 t q[1]
Gate(14525)	 t q[10]
Gate(14526)	 t q[0]
Gate(14527)	cx q[10], q[1]
Gate(14528)	cx q[0], q[10]
Gate(14529)	cx q[1], q[0]
Gate(14530)	tdg q[10]
Gate(14531)	cx q[1], q[10]
Gate(14532)	tdg q[1]
Gate(14533)	tdg q[10]
Gate(14534)	 t q[0]
Gate(14535)	cx q[0], q[10]
Gate(14536)	cx q[1], q[0]
Gate(14537)	cx q[10], q[1]
Gate(14538)	 h q[0]
Gate(14539)	 h q[10]
Gate(14540)	 t q[2]
Gate(14541)	 t q[9]
Gate(14542)	 t q[10]
Gate(14543)	cx q[9], q[2]
Gate(14544)	cx q[10], q[9]
Gate(14545)	cx q[2], q[10]
Gate(14546)	tdg q[9]
Gate(14547)	cx q[2], q[9]
Gate(14548)	tdg q[2]
Gate(14549)	tdg q[9]
Gate(14550)	 t q[10]
Gate(14551)	cx q[10], q[9]
Gate(14552)	cx q[2], q[10]
Gate(14553)	cx q[9], q[2]
Gate(14554)	 h q[10]
Gate(14555)	 h q[9]
Gate(14556)	 t q[3]
Gate(14557)	 t q[8]
Gate(14558)	 t q[9]
Gate(14559)	cx q[8], q[3]
Gate(14560)	cx q[9], q[8]
Gate(14561)	cx q[3], q[9]
Gate(14562)	tdg q[8]
Gate(14563)	cx q[3], q[8]
Gate(14564)	tdg q[3]
Gate(14565)	tdg q[8]
Gate(14566)	 t q[9]
Gate(14567)	cx q[9], q[8]
Gate(14568)	cx q[3], q[9]
Gate(14569)	cx q[8], q[3]
Gate(14570)	 h q[9]
Gate(14571)	 h q[8]
Gate(14572)	 t q[5]
Gate(14573)	 t q[4]
Gate(14574)	 t q[8]
Gate(14575)	cx q[4], q[5]
Gate(14576)	cx q[8], q[4]
Gate(14577)	cx q[5], q[8]
Gate(14578)	tdg q[4]
Gate(14579)	cx q[5], q[4]
Gate(14580)	tdg q[5]
Gate(14581)	tdg q[4]
Gate(14582)	 t q[8]
Gate(14583)	cx q[8], q[4]
Gate(14584)	cx q[5], q[8]
Gate(14585)	cx q[4], q[5]
Gate(14586)	 h q[8]
Gate(14587)	 h q[9]
Gate(14588)	 t q[3]
Gate(14589)	 t q[8]
Gate(14590)	 t q[9]
Gate(14591)	cx q[8], q[3]
Gate(14592)	cx q[9], q[8]
Gate(14593)	cx q[3], q[9]
Gate(14594)	tdg q[8]
Gate(14595)	cx q[3], q[8]
Gate(14596)	tdg q[3]
Gate(14597)	tdg q[8]
Gate(14598)	 t q[9]
Gate(14599)	cx q[9], q[8]
Gate(14600)	cx q[3], q[9]
Gate(14601)	cx q[8], q[3]
Gate(14602)	 h q[9]
Gate(14603)	 h q[10]
Gate(14604)	 t q[2]
Gate(14605)	 t q[9]
Gate(14606)	 t q[10]
Gate(14607)	cx q[9], q[2]
Gate(14608)	cx q[10], q[9]
Gate(14609)	cx q[2], q[10]
Gate(14610)	tdg q[9]
Gate(14611)	cx q[2], q[9]
Gate(14612)	tdg q[2]
Gate(14613)	tdg q[9]
Gate(14614)	 t q[10]
Gate(14615)	cx q[10], q[9]
Gate(14616)	cx q[2], q[10]
Gate(14617)	cx q[9], q[2]
Gate(14618)	 h q[10]
Gate(14619)	 h q[0]
Gate(14620)	 t q[2]
Gate(14621)	 t q[10]
Gate(14622)	 t q[0]
Gate(14623)	cx q[10], q[2]
Gate(14624)	cx q[0], q[10]
Gate(14625)	cx q[2], q[0]
Gate(14626)	tdg q[10]
Gate(14627)	cx q[2], q[10]
Gate(14628)	tdg q[2]
Gate(14629)	tdg q[10]
Gate(14630)	 t q[0]
Gate(14631)	cx q[0], q[10]
Gate(14632)	cx q[2], q[0]
Gate(14633)	cx q[10], q[2]
Gate(14634)	 h q[0]
Gate(14635)	 h q[10]
Gate(14636)	 t q[3]
Gate(14637)	 t q[6]
Gate(14638)	 t q[10]
Gate(14639)	cx q[6], q[3]
Gate(14640)	cx q[10], q[6]
Gate(14641)	cx q[3], q[10]
Gate(14642)	tdg q[6]
Gate(14643)	cx q[3], q[6]
Gate(14644)	tdg q[3]
Gate(14645)	tdg q[6]
Gate(14646)	 t q[10]
Gate(14647)	cx q[10], q[6]
Gate(14648)	cx q[3], q[10]
Gate(14649)	cx q[6], q[3]
Gate(14650)	 h q[10]
Gate(14651)	 h q[6]
Gate(14652)	 t q[4]
Gate(14653)	 t q[5]
Gate(14654)	 t q[6]
Gate(14655)	cx q[5], q[4]
Gate(14656)	cx q[6], q[5]
Gate(14657)	cx q[4], q[6]
Gate(14658)	tdg q[5]
Gate(14659)	cx q[4], q[5]
Gate(14660)	tdg q[4]
Gate(14661)	tdg q[5]
Gate(14662)	 t q[6]
Gate(14663)	cx q[6], q[5]
Gate(14664)	cx q[4], q[6]
Gate(14665)	cx q[5], q[4]
Gate(14666)	 h q[6]
Gate(14667)	 h q[5]
Gate(14668)	 t q[7]
Gate(14669)	 t q[1]
Gate(14670)	 t q[5]
Gate(14671)	cx q[1], q[7]
Gate(14672)	cx q[5], q[1]
Gate(14673)	cx q[7], q[5]
Gate(14674)	tdg q[1]
Gate(14675)	cx q[7], q[1]
Gate(14676)	tdg q[7]
Gate(14677)	tdg q[1]
Gate(14678)	 t q[5]
Gate(14679)	cx q[5], q[1]
Gate(14680)	cx q[7], q[5]
Gate(14681)	cx q[1], q[7]
Gate(14682)	 h q[5]
Gate(14683)	 h q[1]
Gate(14684)	 t q[9]
Gate(14685)	 t q[8]
Gate(14686)	 t q[1]
Gate(14687)	cx q[8], q[9]
Gate(14688)	cx q[1], q[8]
Gate(14689)	cx q[9], q[1]
Gate(14690)	tdg q[8]
Gate(14691)	cx q[9], q[8]
Gate(14692)	tdg q[9]
Gate(14693)	tdg q[8]
Gate(14694)	 t q[1]
Gate(14695)	cx q[1], q[8]
Gate(14696)	cx q[9], q[1]
Gate(14697)	cx q[8], q[9]
Gate(14698)	 h q[1]
Gate(14699)	 h q[5]
Gate(14700)	 t q[7]
Gate(14701)	 t q[1]
Gate(14702)	 t q[5]
Gate(14703)	cx q[1], q[7]
Gate(14704)	cx q[5], q[1]
Gate(14705)	cx q[7], q[5]
Gate(14706)	tdg q[1]
Gate(14707)	cx q[7], q[1]
Gate(14708)	tdg q[7]
Gate(14709)	tdg q[1]
Gate(14710)	 t q[5]
Gate(14711)	cx q[5], q[1]
Gate(14712)	cx q[7], q[5]
Gate(14713)	cx q[1], q[7]
Gate(14714)	 h q[5]
Gate(14715)	 h q[6]
Gate(14716)	 t q[4]
Gate(14717)	 t q[5]
Gate(14718)	 t q[6]
Gate(14719)	cx q[5], q[4]
Gate(14720)	cx q[6], q[5]
Gate(14721)	cx q[4], q[6]
Gate(14722)	tdg q[5]
Gate(14723)	cx q[4], q[5]
Gate(14724)	tdg q[4]
Gate(14725)	tdg q[5]
Gate(14726)	 t q[6]
Gate(14727)	cx q[6], q[5]
Gate(14728)	cx q[4], q[6]
Gate(14729)	cx q[5], q[4]
Gate(14730)	 h q[6]
Gate(14731)	 h q[10]
Gate(14732)	 t q[3]
Gate(14733)	 t q[6]
Gate(14734)	 t q[10]
Gate(14735)	cx q[6], q[3]
Gate(14736)	cx q[10], q[6]
Gate(14737)	cx q[3], q[10]
Gate(14738)	tdg q[6]
Gate(14739)	cx q[3], q[6]
Gate(14740)	tdg q[3]
Gate(14741)	tdg q[6]
Gate(14742)	 t q[10]
Gate(14743)	cx q[10], q[6]
Gate(14744)	cx q[3], q[10]
Gate(14745)	cx q[6], q[3]
Gate(14746)	 h q[10]
Gate(14747)	 h q[0]
Gate(14748)	 t q[2]
Gate(14749)	 t q[10]
Gate(14750)	 t q[0]
Gate(14751)	cx q[10], q[2]
Gate(14752)	cx q[0], q[10]
Gate(14753)	cx q[2], q[0]
Gate(14754)	tdg q[10]
Gate(14755)	cx q[2], q[10]
Gate(14756)	tdg q[2]
Gate(14757)	tdg q[10]
Gate(14758)	 t q[0]
Gate(14759)	cx q[0], q[10]
Gate(14760)	cx q[2], q[0]
Gate(14761)	cx q[10], q[2]
Gate(14762)	 h q[0]
Gate(14763)	 h q[10]
Gate(14764)	 t q[3]
Gate(14765)	 t q[6]
Gate(14766)	 t q[10]
Gate(14767)	cx q[6], q[3]
Gate(14768)	cx q[10], q[6]
Gate(14769)	cx q[3], q[10]
Gate(14770)	tdg q[6]
Gate(14771)	cx q[3], q[6]
Gate(14772)	tdg q[3]
Gate(14773)	tdg q[6]
Gate(14774)	 t q[10]
Gate(14775)	cx q[10], q[6]
Gate(14776)	cx q[3], q[10]
Gate(14777)	cx q[6], q[3]
Gate(14778)	 h q[10]
Gate(14779)	 h q[6]
Gate(14780)	 t q[4]
Gate(14781)	 t q[5]
Gate(14782)	 t q[6]
Gate(14783)	cx q[5], q[4]
Gate(14784)	cx q[6], q[5]
Gate(14785)	cx q[4], q[6]
Gate(14786)	tdg q[5]
Gate(14787)	cx q[4], q[5]
Gate(14788)	tdg q[4]
Gate(14789)	tdg q[5]
Gate(14790)	 t q[6]
Gate(14791)	cx q[6], q[5]
Gate(14792)	cx q[4], q[6]
Gate(14793)	cx q[5], q[4]
Gate(14794)	 h q[6]
Gate(14795)	 h q[5]
Gate(14796)	 t q[7]
Gate(14797)	 t q[1]
Gate(14798)	 t q[5]
Gate(14799)	cx q[1], q[7]
Gate(14800)	cx q[5], q[1]
Gate(14801)	cx q[7], q[5]
Gate(14802)	tdg q[1]
Gate(14803)	cx q[7], q[1]
Gate(14804)	tdg q[7]
Gate(14805)	tdg q[1]
Gate(14806)	 t q[5]
Gate(14807)	cx q[5], q[1]
Gate(14808)	cx q[7], q[5]
Gate(14809)	cx q[1], q[7]
Gate(14810)	 h q[5]
Gate(14811)	 h q[1]
Gate(14812)	 t q[9]
Gate(14813)	 t q[8]
Gate(14814)	 t q[1]
Gate(14815)	cx q[8], q[9]
Gate(14816)	cx q[1], q[8]
Gate(14817)	cx q[9], q[1]
Gate(14818)	tdg q[8]
Gate(14819)	cx q[9], q[8]
Gate(14820)	tdg q[9]
Gate(14821)	tdg q[8]
Gate(14822)	 t q[1]
Gate(14823)	cx q[1], q[8]
Gate(14824)	cx q[9], q[1]
Gate(14825)	cx q[8], q[9]
Gate(14826)	 h q[1]
Gate(14827)	 h q[5]
Gate(14828)	 t q[7]
Gate(14829)	 t q[1]
Gate(14830)	 t q[5]
Gate(14831)	cx q[1], q[7]
Gate(14832)	cx q[5], q[1]
Gate(14833)	cx q[7], q[5]
Gate(14834)	tdg q[1]
Gate(14835)	cx q[7], q[1]
Gate(14836)	tdg q[7]
Gate(14837)	tdg q[1]
Gate(14838)	 t q[5]
Gate(14839)	cx q[5], q[1]
Gate(14840)	cx q[7], q[5]
Gate(14841)	cx q[1], q[7]
Gate(14842)	 h q[5]
Gate(14843)	 h q[6]
Gate(14844)	 t q[4]
Gate(14845)	 t q[5]
Gate(14846)	 t q[6]
Gate(14847)	cx q[5], q[4]
Gate(14848)	cx q[6], q[5]
Gate(14849)	cx q[4], q[6]
Gate(14850)	tdg q[5]
Gate(14851)	cx q[4], q[5]
Gate(14852)	tdg q[4]
Gate(14853)	tdg q[5]
Gate(14854)	 t q[6]
Gate(14855)	cx q[6], q[5]
Gate(14856)	cx q[4], q[6]
Gate(14857)	cx q[5], q[4]
Gate(14858)	 h q[6]
Gate(14859)	 h q[10]
Gate(14860)	 t q[3]
Gate(14861)	 t q[6]
Gate(14862)	 t q[10]
Gate(14863)	cx q[6], q[3]
Gate(14864)	cx q[10], q[6]
Gate(14865)	cx q[3], q[10]
Gate(14866)	tdg q[6]
Gate(14867)	cx q[3], q[6]
Gate(14868)	tdg q[3]
Gate(14869)	tdg q[6]
Gate(14870)	 t q[10]
Gate(14871)	cx q[10], q[6]
Gate(14872)	cx q[3], q[10]
Gate(14873)	cx q[6], q[3]
Gate(14874)	 h q[10]
Gate(14875)	 x q[1]
Gate(14876)	 h q[6]
Gate(14877)	 t q[5]
Gate(14878)	 t q[10]
Gate(14879)	 t q[6]
Gate(14880)	cx q[10], q[5]
Gate(14881)	cx q[6], q[10]
Gate(14882)	cx q[5], q[6]
Gate(14883)	tdg q[10]
Gate(14884)	cx q[5], q[10]
Gate(14885)	tdg q[5]
Gate(14886)	tdg q[10]
Gate(14887)	 t q[6]
Gate(14888)	cx q[6], q[10]
Gate(14889)	cx q[5], q[6]
Gate(14890)	cx q[10], q[5]
Gate(14891)	 h q[6]
Gate(14892)	 h q[10]
Gate(14893)	 t q[7]
Gate(14894)	 t q[4]
Gate(14895)	 t q[10]
Gate(14896)	cx q[4], q[7]
Gate(14897)	cx q[10], q[4]
Gate(14898)	cx q[7], q[10]
Gate(14899)	tdg q[4]
Gate(14900)	cx q[7], q[4]
Gate(14901)	tdg q[7]
Gate(14902)	tdg q[4]
Gate(14903)	 t q[10]
Gate(14904)	cx q[10], q[4]
Gate(14905)	cx q[7], q[10]
Gate(14906)	cx q[4], q[7]
Gate(14907)	 h q[10]
Gate(14908)	 h q[4]
Gate(14909)	 t q[9]
Gate(14910)	 t q[8]
Gate(14911)	 t q[4]
Gate(14912)	cx q[8], q[9]
Gate(14913)	cx q[4], q[8]
Gate(14914)	cx q[9], q[4]
Gate(14915)	tdg q[8]
Gate(14916)	cx q[9], q[8]
Gate(14917)	tdg q[9]
Gate(14918)	tdg q[8]
Gate(14919)	 t q[4]
Gate(14920)	cx q[4], q[8]
Gate(14921)	cx q[9], q[4]
Gate(14922)	cx q[8], q[9]
Gate(14923)	 h q[4]
Gate(14924)	 h q[10]
Gate(14925)	 t q[7]
Gate(14926)	 t q[4]
Gate(14927)	 t q[10]
Gate(14928)	cx q[4], q[7]
Gate(14929)	cx q[10], q[4]
Gate(14930)	cx q[7], q[10]
Gate(14931)	tdg q[4]
Gate(14932)	cx q[7], q[4]
Gate(14933)	tdg q[7]
Gate(14934)	tdg q[4]
Gate(14935)	 t q[10]
Gate(14936)	cx q[10], q[4]
Gate(14937)	cx q[7], q[10]
Gate(14938)	cx q[4], q[7]
Gate(14939)	 h q[10]
Gate(14940)	 h q[6]
Gate(14941)	 t q[5]
Gate(14942)	 t q[10]
Gate(14943)	 t q[6]
Gate(14944)	cx q[10], q[5]
Gate(14945)	cx q[6], q[10]
Gate(14946)	cx q[5], q[6]
Gate(14947)	tdg q[10]
Gate(14948)	cx q[5], q[10]
Gate(14949)	tdg q[5]
Gate(14950)	tdg q[10]
Gate(14951)	 t q[6]
Gate(14952)	cx q[6], q[10]
Gate(14953)	cx q[5], q[6]
Gate(14954)	cx q[10], q[5]
Gate(14955)	 h q[6]
Gate(14956)	 h q[10]
Gate(14957)	 t q[7]
Gate(14958)	 t q[4]
Gate(14959)	 t q[10]
Gate(14960)	cx q[4], q[7]
Gate(14961)	cx q[10], q[4]
Gate(14962)	cx q[7], q[10]
Gate(14963)	tdg q[4]
Gate(14964)	cx q[7], q[4]
Gate(14965)	tdg q[7]
Gate(14966)	tdg q[4]
Gate(14967)	 t q[10]
Gate(14968)	cx q[10], q[4]
Gate(14969)	cx q[7], q[10]
Gate(14970)	cx q[4], q[7]
Gate(14971)	 h q[10]
Gate(14972)	 h q[4]
Gate(14973)	 t q[9]
Gate(14974)	 t q[8]
Gate(14975)	 t q[4]
Gate(14976)	cx q[8], q[9]
Gate(14977)	cx q[4], q[8]
Gate(14978)	cx q[9], q[4]
Gate(14979)	tdg q[8]
Gate(14980)	cx q[9], q[8]
Gate(14981)	tdg q[9]
Gate(14982)	tdg q[8]
Gate(14983)	 t q[4]
Gate(14984)	cx q[4], q[8]
Gate(14985)	cx q[9], q[4]
Gate(14986)	cx q[8], q[9]
Gate(14987)	 h q[4]
Gate(14988)	 h q[10]
Gate(14989)	 t q[7]
Gate(14990)	 t q[4]
Gate(14991)	 t q[10]
Gate(14992)	cx q[4], q[7]
Gate(14993)	cx q[10], q[4]
Gate(14994)	cx q[7], q[10]
Gate(14995)	tdg q[4]
Gate(14996)	cx q[7], q[4]
Gate(14997)	tdg q[7]
Gate(14998)	tdg q[4]
Gate(14999)	 t q[10]
Gate(15000)	cx q[10], q[4]
Gate(15001)	cx q[7], q[10]
Gate(15002)	cx q[4], q[7]
Gate(15003)	 h q[10]
Gate(15004)	 h q[0]
Gate(15005)	 t q[6]
Gate(15006)	 t q[10]
Gate(15007)	 t q[0]
Gate(15008)	cx q[10], q[6]
Gate(15009)	cx q[0], q[10]
Gate(15010)	cx q[6], q[0]
Gate(15011)	tdg q[10]
Gate(15012)	cx q[6], q[10]
Gate(15013)	tdg q[6]
Gate(15014)	tdg q[10]
Gate(15015)	 t q[0]
Gate(15016)	cx q[0], q[10]
Gate(15017)	cx q[6], q[0]
Gate(15018)	cx q[10], q[6]
Gate(15019)	 h q[0]
Gate(15020)	 h q[10]
Gate(15021)	 t q[1]
Gate(15022)	 t q[9]
Gate(15023)	 t q[10]
Gate(15024)	cx q[9], q[1]
Gate(15025)	cx q[10], q[9]
Gate(15026)	cx q[1], q[10]
Gate(15027)	tdg q[9]
Gate(15028)	cx q[1], q[9]
Gate(15029)	tdg q[1]
Gate(15030)	tdg q[9]
Gate(15031)	 t q[10]
Gate(15032)	cx q[10], q[9]
Gate(15033)	cx q[1], q[10]
Gate(15034)	cx q[9], q[1]
Gate(15035)	 h q[10]
Gate(15036)	 h q[9]
Gate(15037)	 t q[2]
Gate(15038)	 t q[8]
Gate(15039)	 t q[9]
Gate(15040)	cx q[8], q[2]
Gate(15041)	cx q[9], q[8]
Gate(15042)	cx q[2], q[9]
Gate(15043)	tdg q[8]
Gate(15044)	cx q[2], q[8]
Gate(15045)	tdg q[2]
Gate(15046)	tdg q[8]
Gate(15047)	 t q[9]
Gate(15048)	cx q[9], q[8]
Gate(15049)	cx q[2], q[9]
Gate(15050)	cx q[8], q[2]
Gate(15051)	 h q[9]
Gate(15052)	 h q[8]
Gate(15053)	 t q[4]
Gate(15054)	 t q[3]
Gate(15055)	 t q[8]
Gate(15056)	cx q[3], q[4]
Gate(15057)	cx q[8], q[3]
Gate(15058)	cx q[4], q[8]
Gate(15059)	tdg q[3]
Gate(15060)	cx q[4], q[3]
Gate(15061)	tdg q[4]
Gate(15062)	tdg q[3]
Gate(15063)	 t q[8]
Gate(15064)	cx q[8], q[3]
Gate(15065)	cx q[4], q[8]
Gate(15066)	cx q[3], q[4]
Gate(15067)	 h q[8]
Gate(15068)	 h q[9]
Gate(15069)	 t q[2]
Gate(15070)	 t q[8]
Gate(15071)	 t q[9]
Gate(15072)	cx q[8], q[2]
Gate(15073)	cx q[9], q[8]
Gate(15074)	cx q[2], q[9]
Gate(15075)	tdg q[8]
Gate(15076)	cx q[2], q[8]
Gate(15077)	tdg q[2]
Gate(15078)	tdg q[8]
Gate(15079)	 t q[9]
Gate(15080)	cx q[9], q[8]
Gate(15081)	cx q[2], q[9]
Gate(15082)	cx q[8], q[2]
Gate(15083)	 h q[9]
Gate(15084)	 h q[10]
Gate(15085)	 t q[1]
Gate(15086)	 t q[9]
Gate(15087)	 t q[10]
Gate(15088)	cx q[9], q[1]
Gate(15089)	cx q[10], q[9]
Gate(15090)	cx q[1], q[10]
Gate(15091)	tdg q[9]
Gate(15092)	cx q[1], q[9]
Gate(15093)	tdg q[1]
Gate(15094)	tdg q[9]
Gate(15095)	 t q[10]
Gate(15096)	cx q[10], q[9]
Gate(15097)	cx q[1], q[10]
Gate(15098)	cx q[9], q[1]
Gate(15099)	 h q[10]
Gate(15100)	 h q[0]
Gate(15101)	 t q[6]
Gate(15102)	 t q[10]
Gate(15103)	 t q[0]
Gate(15104)	cx q[10], q[6]
Gate(15105)	cx q[0], q[10]
Gate(15106)	cx q[6], q[0]
Gate(15107)	tdg q[10]
Gate(15108)	cx q[6], q[10]
Gate(15109)	tdg q[6]
Gate(15110)	tdg q[10]
Gate(15111)	 t q[0]
Gate(15112)	cx q[0], q[10]
Gate(15113)	cx q[6], q[0]
Gate(15114)	cx q[10], q[6]
Gate(15115)	 h q[0]
Gate(15116)	 h q[10]
Gate(15117)	 t q[1]
Gate(15118)	 t q[9]
Gate(15119)	 t q[10]
Gate(15120)	cx q[9], q[1]
Gate(15121)	cx q[10], q[9]
Gate(15122)	cx q[1], q[10]
Gate(15123)	tdg q[9]
Gate(15124)	cx q[1], q[9]
Gate(15125)	tdg q[1]
Gate(15126)	tdg q[9]
Gate(15127)	 t q[10]
Gate(15128)	cx q[10], q[9]
Gate(15129)	cx q[1], q[10]
Gate(15130)	cx q[9], q[1]
Gate(15131)	 h q[10]
Gate(15132)	 h q[9]
Gate(15133)	 t q[2]
Gate(15134)	 t q[8]
Gate(15135)	 t q[9]
Gate(15136)	cx q[8], q[2]
Gate(15137)	cx q[9], q[8]
Gate(15138)	cx q[2], q[9]
Gate(15139)	tdg q[8]
Gate(15140)	cx q[2], q[8]
Gate(15141)	tdg q[2]
Gate(15142)	tdg q[8]
Gate(15143)	 t q[9]
Gate(15144)	cx q[9], q[8]
Gate(15145)	cx q[2], q[9]
Gate(15146)	cx q[8], q[2]
Gate(15147)	 h q[9]
Gate(15148)	 h q[8]
Gate(15149)	 t q[4]
Gate(15150)	 t q[3]
Gate(15151)	 t q[8]
Gate(15152)	cx q[3], q[4]
Gate(15153)	cx q[8], q[3]
Gate(15154)	cx q[4], q[8]
Gate(15155)	tdg q[3]
Gate(15156)	cx q[4], q[3]
Gate(15157)	tdg q[4]
Gate(15158)	tdg q[3]
Gate(15159)	 t q[8]
Gate(15160)	cx q[8], q[3]
Gate(15161)	cx q[4], q[8]
Gate(15162)	cx q[3], q[4]
Gate(15163)	 h q[8]
Gate(15164)	 h q[9]
Gate(15165)	 t q[2]
Gate(15166)	 t q[8]
Gate(15167)	 t q[9]
Gate(15168)	cx q[8], q[2]
Gate(15169)	cx q[9], q[8]
Gate(15170)	cx q[2], q[9]
Gate(15171)	tdg q[8]
Gate(15172)	cx q[2], q[8]
Gate(15173)	tdg q[2]
Gate(15174)	tdg q[8]
Gate(15175)	 t q[9]
Gate(15176)	cx q[9], q[8]
Gate(15177)	cx q[2], q[9]
Gate(15178)	cx q[8], q[2]
Gate(15179)	 h q[9]
Gate(15180)	 h q[10]
Gate(15181)	 t q[1]
Gate(15182)	 t q[9]
Gate(15183)	 t q[10]
Gate(15184)	cx q[9], q[1]
Gate(15185)	cx q[10], q[9]
Gate(15186)	cx q[1], q[10]
Gate(15187)	tdg q[9]
Gate(15188)	cx q[1], q[9]
Gate(15189)	tdg q[1]
Gate(15190)	tdg q[9]
Gate(15191)	 t q[10]
Gate(15192)	cx q[10], q[9]
Gate(15193)	cx q[1], q[10]
Gate(15194)	cx q[9], q[1]
Gate(15195)	 h q[10]
Gate(15196)	 h q[6]
Gate(15197)	 t q[5]
Gate(15198)	 t q[10]
Gate(15199)	 t q[6]
Gate(15200)	cx q[10], q[5]
Gate(15201)	cx q[6], q[10]
Gate(15202)	cx q[5], q[6]
Gate(15203)	tdg q[10]
Gate(15204)	cx q[5], q[10]
Gate(15205)	tdg q[5]
Gate(15206)	tdg q[10]
Gate(15207)	 t q[6]
Gate(15208)	cx q[6], q[10]
Gate(15209)	cx q[5], q[6]
Gate(15210)	cx q[10], q[5]
Gate(15211)	 h q[6]
Gate(15212)	 h q[10]
Gate(15213)	 t q[7]
Gate(15214)	 t q[4]
Gate(15215)	 t q[10]
Gate(15216)	cx q[4], q[7]
Gate(15217)	cx q[10], q[4]
Gate(15218)	cx q[7], q[10]
Gate(15219)	tdg q[4]
Gate(15220)	cx q[7], q[4]
Gate(15221)	tdg q[7]
Gate(15222)	tdg q[4]
Gate(15223)	 t q[10]
Gate(15224)	cx q[10], q[4]
Gate(15225)	cx q[7], q[10]
Gate(15226)	cx q[4], q[7]
Gate(15227)	 h q[10]
Gate(15228)	 h q[4]
Gate(15229)	 t q[9]
Gate(15230)	 t q[8]
Gate(15231)	 t q[4]
Gate(15232)	cx q[8], q[9]
Gate(15233)	cx q[4], q[8]
Gate(15234)	cx q[9], q[4]
Gate(15235)	tdg q[8]
Gate(15236)	cx q[9], q[8]
Gate(15237)	tdg q[9]
Gate(15238)	tdg q[8]
Gate(15239)	 t q[4]
Gate(15240)	cx q[4], q[8]
Gate(15241)	cx q[9], q[4]
Gate(15242)	cx q[8], q[9]
Gate(15243)	 h q[4]
Gate(15244)	 h q[10]
Gate(15245)	 t q[7]
Gate(15246)	 t q[4]
Gate(15247)	 t q[10]
Gate(15248)	cx q[4], q[7]
Gate(15249)	cx q[10], q[4]
Gate(15250)	cx q[7], q[10]
Gate(15251)	tdg q[4]
Gate(15252)	cx q[7], q[4]
Gate(15253)	tdg q[7]
Gate(15254)	tdg q[4]
Gate(15255)	 t q[10]
Gate(15256)	cx q[10], q[4]
Gate(15257)	cx q[7], q[10]
Gate(15258)	cx q[4], q[7]
Gate(15259)	 h q[10]
Gate(15260)	 h q[6]
Gate(15261)	 t q[5]
Gate(15262)	 t q[10]
Gate(15263)	 t q[6]
Gate(15264)	cx q[10], q[5]
Gate(15265)	cx q[6], q[10]
Gate(15266)	cx q[5], q[6]
Gate(15267)	tdg q[10]
Gate(15268)	cx q[5], q[10]
Gate(15269)	tdg q[5]
Gate(15270)	tdg q[10]
Gate(15271)	 t q[6]
Gate(15272)	cx q[6], q[10]
Gate(15273)	cx q[5], q[6]
Gate(15274)	cx q[10], q[5]
Gate(15275)	 h q[6]
Gate(15276)	 h q[10]
Gate(15277)	 t q[7]
Gate(15278)	 t q[4]
Gate(15279)	 t q[10]
Gate(15280)	cx q[4], q[7]
Gate(15281)	cx q[10], q[4]
Gate(15282)	cx q[7], q[10]
Gate(15283)	tdg q[4]
Gate(15284)	cx q[7], q[4]
Gate(15285)	tdg q[7]
Gate(15286)	tdg q[4]
Gate(15287)	 t q[10]
Gate(15288)	cx q[10], q[4]
Gate(15289)	cx q[7], q[10]
Gate(15290)	cx q[4], q[7]
Gate(15291)	 h q[10]
Gate(15292)	 h q[4]
Gate(15293)	 t q[9]
Gate(15294)	 t q[8]
Gate(15295)	 t q[4]
Gate(15296)	cx q[8], q[9]
Gate(15297)	cx q[4], q[8]
Gate(15298)	cx q[9], q[4]
Gate(15299)	tdg q[8]
Gate(15300)	cx q[9], q[8]
Gate(15301)	tdg q[9]
Gate(15302)	tdg q[8]
Gate(15303)	 t q[4]
Gate(15304)	cx q[4], q[8]
Gate(15305)	cx q[9], q[4]
Gate(15306)	cx q[8], q[9]
Gate(15307)	 h q[4]
Gate(15308)	 h q[10]
Gate(15309)	 t q[7]
Gate(15310)	 t q[4]
Gate(15311)	 t q[10]
Gate(15312)	cx q[4], q[7]
Gate(15313)	cx q[10], q[4]
Gate(15314)	cx q[7], q[10]
Gate(15315)	tdg q[4]
Gate(15316)	cx q[7], q[4]
Gate(15317)	tdg q[7]
Gate(15318)	tdg q[4]
Gate(15319)	 t q[10]
Gate(15320)	cx q[10], q[4]
Gate(15321)	cx q[7], q[10]
Gate(15322)	cx q[4], q[7]
Gate(15323)	 h q[10]
Gate(15324)	 h q[0]
Gate(15325)	 t q[6]
Gate(15326)	 t q[10]
Gate(15327)	 t q[0]
Gate(15328)	cx q[10], q[6]
Gate(15329)	cx q[0], q[10]
Gate(15330)	cx q[6], q[0]
Gate(15331)	tdg q[10]
Gate(15332)	cx q[6], q[10]
Gate(15333)	tdg q[6]
Gate(15334)	tdg q[10]
Gate(15335)	 t q[0]
Gate(15336)	cx q[0], q[10]
Gate(15337)	cx q[6], q[0]
Gate(15338)	cx q[10], q[6]
Gate(15339)	 h q[0]
Gate(15340)	 h q[10]
Gate(15341)	 t q[1]
Gate(15342)	 t q[9]
Gate(15343)	 t q[10]
Gate(15344)	cx q[9], q[1]
Gate(15345)	cx q[10], q[9]
Gate(15346)	cx q[1], q[10]
Gate(15347)	tdg q[9]
Gate(15348)	cx q[1], q[9]
Gate(15349)	tdg q[1]
Gate(15350)	tdg q[9]
Gate(15351)	 t q[10]
Gate(15352)	cx q[10], q[9]
Gate(15353)	cx q[1], q[10]
Gate(15354)	cx q[9], q[1]
Gate(15355)	 h q[10]
Gate(15356)	 h q[9]
Gate(15357)	 t q[2]
Gate(15358)	 t q[8]
Gate(15359)	 t q[9]
Gate(15360)	cx q[8], q[2]
Gate(15361)	cx q[9], q[8]
Gate(15362)	cx q[2], q[9]
Gate(15363)	tdg q[8]
Gate(15364)	cx q[2], q[8]
Gate(15365)	tdg q[2]
Gate(15366)	tdg q[8]
Gate(15367)	 t q[9]
Gate(15368)	cx q[9], q[8]
Gate(15369)	cx q[2], q[9]
Gate(15370)	cx q[8], q[2]
Gate(15371)	 h q[9]
Gate(15372)	 h q[8]
Gate(15373)	 t q[4]
Gate(15374)	 t q[3]
Gate(15375)	 t q[8]
Gate(15376)	cx q[3], q[4]
Gate(15377)	cx q[8], q[3]
Gate(15378)	cx q[4], q[8]
Gate(15379)	tdg q[3]
Gate(15380)	cx q[4], q[3]
Gate(15381)	tdg q[4]
Gate(15382)	tdg q[3]
Gate(15383)	 t q[8]
Gate(15384)	cx q[8], q[3]
Gate(15385)	cx q[4], q[8]
Gate(15386)	cx q[3], q[4]
Gate(15387)	 h q[8]
Gate(15388)	 h q[9]
Gate(15389)	 t q[2]
Gate(15390)	 t q[8]
Gate(15391)	 t q[9]
Gate(15392)	cx q[8], q[2]
Gate(15393)	cx q[9], q[8]
Gate(15394)	cx q[2], q[9]
Gate(15395)	tdg q[8]
Gate(15396)	cx q[2], q[8]
Gate(15397)	tdg q[2]
Gate(15398)	tdg q[8]
Gate(15399)	 t q[9]
Gate(15400)	cx q[9], q[8]
Gate(15401)	cx q[2], q[9]
Gate(15402)	cx q[8], q[2]
Gate(15403)	 h q[9]
Gate(15404)	 h q[10]
Gate(15405)	 t q[1]
Gate(15406)	 t q[9]
Gate(15407)	 t q[10]
Gate(15408)	cx q[9], q[1]
Gate(15409)	cx q[10], q[9]
Gate(15410)	cx q[1], q[10]
Gate(15411)	tdg q[9]
Gate(15412)	cx q[1], q[9]
Gate(15413)	tdg q[1]
Gate(15414)	tdg q[9]
Gate(15415)	 t q[10]
Gate(15416)	cx q[10], q[9]
Gate(15417)	cx q[1], q[10]
Gate(15418)	cx q[9], q[1]
Gate(15419)	 h q[10]
Gate(15420)	 h q[0]
Gate(15421)	 t q[6]
Gate(15422)	 t q[10]
Gate(15423)	 t q[0]
Gate(15424)	cx q[10], q[6]
Gate(15425)	cx q[0], q[10]
Gate(15426)	cx q[6], q[0]
Gate(15427)	tdg q[10]
Gate(15428)	cx q[6], q[10]
Gate(15429)	tdg q[6]
Gate(15430)	tdg q[10]
Gate(15431)	 t q[0]
Gate(15432)	cx q[0], q[10]
Gate(15433)	cx q[6], q[0]
Gate(15434)	cx q[10], q[6]
Gate(15435)	 h q[0]
Gate(15436)	 h q[10]
Gate(15437)	 t q[1]
Gate(15438)	 t q[9]
Gate(15439)	 t q[10]
Gate(15440)	cx q[9], q[1]
Gate(15441)	cx q[10], q[9]
Gate(15442)	cx q[1], q[10]
Gate(15443)	tdg q[9]
Gate(15444)	cx q[1], q[9]
Gate(15445)	tdg q[1]
Gate(15446)	tdg q[9]
Gate(15447)	 t q[10]
Gate(15448)	cx q[10], q[9]
Gate(15449)	cx q[1], q[10]
Gate(15450)	cx q[9], q[1]
Gate(15451)	 h q[10]
Gate(15452)	 h q[9]
Gate(15453)	 t q[2]
Gate(15454)	 t q[8]
Gate(15455)	 t q[9]
Gate(15456)	cx q[8], q[2]
Gate(15457)	cx q[9], q[8]
Gate(15458)	cx q[2], q[9]
Gate(15459)	tdg q[8]
Gate(15460)	cx q[2], q[8]
Gate(15461)	tdg q[2]
Gate(15462)	tdg q[8]
Gate(15463)	 t q[9]
Gate(15464)	cx q[9], q[8]
Gate(15465)	cx q[2], q[9]
Gate(15466)	cx q[8], q[2]
Gate(15467)	 h q[9]
Gate(15468)	 h q[8]
Gate(15469)	 t q[4]
Gate(15470)	 t q[3]
Gate(15471)	 t q[8]
Gate(15472)	cx q[3], q[4]
Gate(15473)	cx q[8], q[3]
Gate(15474)	cx q[4], q[8]
Gate(15475)	tdg q[3]
Gate(15476)	cx q[4], q[3]
Gate(15477)	tdg q[4]
Gate(15478)	tdg q[3]
Gate(15479)	 t q[8]
Gate(15480)	cx q[8], q[3]
Gate(15481)	cx q[4], q[8]
Gate(15482)	cx q[3], q[4]
Gate(15483)	 h q[8]
Gate(15484)	 h q[9]
Gate(15485)	 t q[2]
Gate(15486)	 t q[8]
Gate(15487)	 t q[9]
Gate(15488)	cx q[8], q[2]
Gate(15489)	cx q[9], q[8]
Gate(15490)	cx q[2], q[9]
Gate(15491)	tdg q[8]
Gate(15492)	cx q[2], q[8]
Gate(15493)	tdg q[2]
Gate(15494)	tdg q[8]
Gate(15495)	 t q[9]
Gate(15496)	cx q[9], q[8]
Gate(15497)	cx q[2], q[9]
Gate(15498)	cx q[8], q[2]
Gate(15499)	 h q[9]
Gate(15500)	 h q[10]
Gate(15501)	 t q[1]
Gate(15502)	 t q[9]
Gate(15503)	 t q[10]
Gate(15504)	cx q[9], q[1]
Gate(15505)	cx q[10], q[9]
Gate(15506)	cx q[1], q[10]
Gate(15507)	tdg q[9]
Gate(15508)	cx q[1], q[9]
Gate(15509)	tdg q[1]
Gate(15510)	tdg q[9]
Gate(15511)	 t q[10]
Gate(15512)	cx q[10], q[9]
Gate(15513)	cx q[1], q[10]
Gate(15514)	cx q[9], q[1]
Gate(15515)	 h q[10]
Gate(15516)	 x q[4]
Gate(15517)	 x q[6]
Gate(15518)	 h q[10]
Gate(15519)	 t q[6]
Gate(15520)	 t q[5]
Gate(15521)	 t q[10]
Gate(15522)	cx q[5], q[6]
Gate(15523)	cx q[10], q[5]
Gate(15524)	cx q[6], q[10]
Gate(15525)	tdg q[5]
Gate(15526)	cx q[6], q[5]
Gate(15527)	tdg q[6]
Gate(15528)	tdg q[5]
Gate(15529)	 t q[10]
Gate(15530)	cx q[10], q[5]
Gate(15531)	cx q[6], q[10]
Gate(15532)	cx q[5], q[6]
Gate(15533)	 h q[10]
Gate(15534)	 h q[5]
Gate(15535)	 t q[7]
Gate(15536)	 t q[4]
Gate(15537)	 t q[5]
Gate(15538)	cx q[4], q[7]
Gate(15539)	cx q[5], q[4]
Gate(15540)	cx q[7], q[5]
Gate(15541)	tdg q[4]
Gate(15542)	cx q[7], q[4]
Gate(15543)	tdg q[7]
Gate(15544)	tdg q[4]
Gate(15545)	 t q[5]
Gate(15546)	cx q[5], q[4]
Gate(15547)	cx q[7], q[5]
Gate(15548)	cx q[4], q[7]
Gate(15549)	 h q[5]
Gate(15550)	 h q[4]
Gate(15551)	 t q[9]
Gate(15552)	 t q[8]
Gate(15553)	 t q[4]
Gate(15554)	cx q[8], q[9]
Gate(15555)	cx q[4], q[8]
Gate(15556)	cx q[9], q[4]
Gate(15557)	tdg q[8]
Gate(15558)	cx q[9], q[8]
Gate(15559)	tdg q[9]
Gate(15560)	tdg q[8]
Gate(15561)	 t q[4]
Gate(15562)	cx q[4], q[8]
Gate(15563)	cx q[9], q[4]
Gate(15564)	cx q[8], q[9]
Gate(15565)	 h q[4]
Gate(15566)	 h q[5]
Gate(15567)	 t q[7]
Gate(15568)	 t q[4]
Gate(15569)	 t q[5]
Gate(15570)	cx q[4], q[7]
Gate(15571)	cx q[5], q[4]
Gate(15572)	cx q[7], q[5]
Gate(15573)	tdg q[4]
Gate(15574)	cx q[7], q[4]
Gate(15575)	tdg q[7]
Gate(15576)	tdg q[4]
Gate(15577)	 t q[5]
Gate(15578)	cx q[5], q[4]
Gate(15579)	cx q[7], q[5]
Gate(15580)	cx q[4], q[7]
Gate(15581)	 h q[5]
Gate(15582)	 h q[10]
Gate(15583)	 t q[6]
Gate(15584)	 t q[5]
Gate(15585)	 t q[10]
Gate(15586)	cx q[5], q[6]
Gate(15587)	cx q[10], q[5]
Gate(15588)	cx q[6], q[10]
Gate(15589)	tdg q[5]
Gate(15590)	cx q[6], q[5]
Gate(15591)	tdg q[6]
Gate(15592)	tdg q[5]
Gate(15593)	 t q[10]
Gate(15594)	cx q[10], q[5]
Gate(15595)	cx q[6], q[10]
Gate(15596)	cx q[5], q[6]
Gate(15597)	 h q[10]
Gate(15598)	 h q[5]
Gate(15599)	 t q[7]
Gate(15600)	 t q[4]
Gate(15601)	 t q[5]
Gate(15602)	cx q[4], q[7]
Gate(15603)	cx q[5], q[4]
Gate(15604)	cx q[7], q[5]
Gate(15605)	tdg q[4]
Gate(15606)	cx q[7], q[4]
Gate(15607)	tdg q[7]
Gate(15608)	tdg q[4]
Gate(15609)	 t q[5]
Gate(15610)	cx q[5], q[4]
Gate(15611)	cx q[7], q[5]
Gate(15612)	cx q[4], q[7]
Gate(15613)	 h q[5]
Gate(15614)	 h q[4]
Gate(15615)	 t q[9]
Gate(15616)	 t q[8]
Gate(15617)	 t q[4]
Gate(15618)	cx q[8], q[9]
Gate(15619)	cx q[4], q[8]
Gate(15620)	cx q[9], q[4]
Gate(15621)	tdg q[8]
Gate(15622)	cx q[9], q[8]
Gate(15623)	tdg q[9]
Gate(15624)	tdg q[8]
Gate(15625)	 t q[4]
Gate(15626)	cx q[4], q[8]
Gate(15627)	cx q[9], q[4]
Gate(15628)	cx q[8], q[9]
Gate(15629)	 h q[4]
Gate(15630)	 h q[5]
Gate(15631)	 t q[7]
Gate(15632)	 t q[4]
Gate(15633)	 t q[5]
Gate(15634)	cx q[4], q[7]
Gate(15635)	cx q[5], q[4]
Gate(15636)	cx q[7], q[5]
Gate(15637)	tdg q[4]
Gate(15638)	cx q[7], q[4]
Gate(15639)	tdg q[7]
Gate(15640)	tdg q[4]
Gate(15641)	 t q[5]
Gate(15642)	cx q[5], q[4]
Gate(15643)	cx q[7], q[5]
Gate(15644)	cx q[4], q[7]
Gate(15645)	 h q[5]
Gate(15646)	 h q[0]
Gate(15647)	 t q[10]
Gate(15648)	 t q[9]
Gate(15649)	 t q[0]
Gate(15650)	cx q[9], q[10]
Gate(15651)	cx q[0], q[9]
Gate(15652)	cx q[10], q[0]
Gate(15653)	tdg q[9]
Gate(15654)	cx q[10], q[9]
Gate(15655)	tdg q[10]
Gate(15656)	tdg q[9]
Gate(15657)	 t q[0]
Gate(15658)	cx q[0], q[9]
Gate(15659)	cx q[10], q[0]
Gate(15660)	cx q[9], q[10]
Gate(15661)	 h q[0]
Gate(15662)	 h q[9]
Gate(15663)	 t q[1]
Gate(15664)	 t q[8]
Gate(15665)	 t q[9]
Gate(15666)	cx q[8], q[1]
Gate(15667)	cx q[9], q[8]
Gate(15668)	cx q[1], q[9]
Gate(15669)	tdg q[8]
Gate(15670)	cx q[1], q[8]
Gate(15671)	tdg q[1]
Gate(15672)	tdg q[8]
Gate(15673)	 t q[9]
Gate(15674)	cx q[9], q[8]
Gate(15675)	cx q[1], q[9]
Gate(15676)	cx q[8], q[1]
Gate(15677)	 h q[9]
Gate(15678)	 h q[8]
Gate(15679)	 t q[2]
Gate(15680)	 t q[7]
Gate(15681)	 t q[8]
Gate(15682)	cx q[7], q[2]
Gate(15683)	cx q[8], q[7]
Gate(15684)	cx q[2], q[8]
Gate(15685)	tdg q[7]
Gate(15686)	cx q[2], q[7]
Gate(15687)	tdg q[2]
Gate(15688)	tdg q[7]
Gate(15689)	 t q[8]
Gate(15690)	cx q[8], q[7]
Gate(15691)	cx q[2], q[8]
Gate(15692)	cx q[7], q[2]
Gate(15693)	 h q[8]
Gate(15694)	 h q[7]
Gate(15695)	 t q[3]
Gate(15696)	 t q[6]
Gate(15697)	 t q[7]
Gate(15698)	cx q[6], q[3]
Gate(15699)	cx q[7], q[6]
Gate(15700)	cx q[3], q[7]
Gate(15701)	tdg q[6]
Gate(15702)	cx q[3], q[6]
Gate(15703)	tdg q[3]
Gate(15704)	tdg q[6]
Gate(15705)	 t q[7]
Gate(15706)	cx q[7], q[6]
Gate(15707)	cx q[3], q[7]
Gate(15708)	cx q[6], q[3]
Gate(15709)	 h q[7]
Gate(15710)	 h q[6]
Gate(15711)	 t q[5]
Gate(15712)	 t q[4]
Gate(15713)	 t q[6]
Gate(15714)	cx q[4], q[5]
Gate(15715)	cx q[6], q[4]
Gate(15716)	cx q[5], q[6]
Gate(15717)	tdg q[4]
Gate(15718)	cx q[5], q[4]
Gate(15719)	tdg q[5]
Gate(15720)	tdg q[4]
Gate(15721)	 t q[6]
Gate(15722)	cx q[6], q[4]
Gate(15723)	cx q[5], q[6]
Gate(15724)	cx q[4], q[5]
Gate(15725)	 h q[6]
Gate(15726)	 h q[7]
Gate(15727)	 t q[3]
Gate(15728)	 t q[6]
Gate(15729)	 t q[7]
Gate(15730)	cx q[6], q[3]
Gate(15731)	cx q[7], q[6]
Gate(15732)	cx q[3], q[7]
Gate(15733)	tdg q[6]
Gate(15734)	cx q[3], q[6]
Gate(15735)	tdg q[3]
Gate(15736)	tdg q[6]
Gate(15737)	 t q[7]
Gate(15738)	cx q[7], q[6]
Gate(15739)	cx q[3], q[7]
Gate(15740)	cx q[6], q[3]
Gate(15741)	 h q[7]
Gate(15742)	 h q[8]
Gate(15743)	 t q[2]
Gate(15744)	 t q[7]
Gate(15745)	 t q[8]
Gate(15746)	cx q[7], q[2]
Gate(15747)	cx q[8], q[7]
Gate(15748)	cx q[2], q[8]
Gate(15749)	tdg q[7]
Gate(15750)	cx q[2], q[7]
Gate(15751)	tdg q[2]
Gate(15752)	tdg q[7]
Gate(15753)	 t q[8]
Gate(15754)	cx q[8], q[7]
Gate(15755)	cx q[2], q[8]
Gate(15756)	cx q[7], q[2]
Gate(15757)	 h q[8]
Gate(15758)	 h q[9]
Gate(15759)	 t q[1]
Gate(15760)	 t q[8]
Gate(15761)	 t q[9]
Gate(15762)	cx q[8], q[1]
Gate(15763)	cx q[9], q[8]
Gate(15764)	cx q[1], q[9]
Gate(15765)	tdg q[8]
Gate(15766)	cx q[1], q[8]
Gate(15767)	tdg q[1]
Gate(15768)	tdg q[8]
Gate(15769)	 t q[9]
Gate(15770)	cx q[9], q[8]
Gate(15771)	cx q[1], q[9]
Gate(15772)	cx q[8], q[1]
Gate(15773)	 h q[9]
Gate(15774)	 h q[0]
Gate(15775)	 t q[10]
Gate(15776)	 t q[9]
Gate(15777)	 t q[0]
Gate(15778)	cx q[9], q[10]
Gate(15779)	cx q[0], q[9]
Gate(15780)	cx q[10], q[0]
Gate(15781)	tdg q[9]
Gate(15782)	cx q[10], q[9]
Gate(15783)	tdg q[10]
Gate(15784)	tdg q[9]
Gate(15785)	 t q[0]
Gate(15786)	cx q[0], q[9]
Gate(15787)	cx q[10], q[0]
Gate(15788)	cx q[9], q[10]
Gate(15789)	 h q[0]
Gate(15790)	 h q[9]
Gate(15791)	 t q[1]
Gate(15792)	 t q[8]
Gate(15793)	 t q[9]
Gate(15794)	cx q[8], q[1]
Gate(15795)	cx q[9], q[8]
Gate(15796)	cx q[1], q[9]
Gate(15797)	tdg q[8]
Gate(15798)	cx q[1], q[8]
Gate(15799)	tdg q[1]
Gate(15800)	tdg q[8]
Gate(15801)	 t q[9]
Gate(15802)	cx q[9], q[8]
Gate(15803)	cx q[1], q[9]
Gate(15804)	cx q[8], q[1]
Gate(15805)	 h q[9]
Gate(15806)	 h q[8]
Gate(15807)	 t q[2]
Gate(15808)	 t q[7]
Gate(15809)	 t q[8]
Gate(15810)	cx q[7], q[2]
Gate(15811)	cx q[8], q[7]
Gate(15812)	cx q[2], q[8]
Gate(15813)	tdg q[7]
Gate(15814)	cx q[2], q[7]
Gate(15815)	tdg q[2]
Gate(15816)	tdg q[7]
Gate(15817)	 t q[8]
Gate(15818)	cx q[8], q[7]
Gate(15819)	cx q[2], q[8]
Gate(15820)	cx q[7], q[2]
Gate(15821)	 h q[8]
Gate(15822)	 h q[7]
Gate(15823)	 t q[3]
Gate(15824)	 t q[6]
Gate(15825)	 t q[7]
Gate(15826)	cx q[6], q[3]
Gate(15827)	cx q[7], q[6]
Gate(15828)	cx q[3], q[7]
Gate(15829)	tdg q[6]
Gate(15830)	cx q[3], q[6]
Gate(15831)	tdg q[3]
Gate(15832)	tdg q[6]
Gate(15833)	 t q[7]
Gate(15834)	cx q[7], q[6]
Gate(15835)	cx q[3], q[7]
Gate(15836)	cx q[6], q[3]
Gate(15837)	 h q[7]
Gate(15838)	 h q[6]
Gate(15839)	 t q[5]
Gate(15840)	 t q[4]
Gate(15841)	 t q[6]
Gate(15842)	cx q[4], q[5]
Gate(15843)	cx q[6], q[4]
Gate(15844)	cx q[5], q[6]
Gate(15845)	tdg q[4]
Gate(15846)	cx q[5], q[4]
Gate(15847)	tdg q[5]
Gate(15848)	tdg q[4]
Gate(15849)	 t q[6]
Gate(15850)	cx q[6], q[4]
Gate(15851)	cx q[5], q[6]
Gate(15852)	cx q[4], q[5]
Gate(15853)	 h q[6]
Gate(15854)	 h q[7]
Gate(15855)	 t q[3]
Gate(15856)	 t q[6]
Gate(15857)	 t q[7]
Gate(15858)	cx q[6], q[3]
Gate(15859)	cx q[7], q[6]
Gate(15860)	cx q[3], q[7]
Gate(15861)	tdg q[6]
Gate(15862)	cx q[3], q[6]
Gate(15863)	tdg q[3]
Gate(15864)	tdg q[6]
Gate(15865)	 t q[7]
Gate(15866)	cx q[7], q[6]
Gate(15867)	cx q[3], q[7]
Gate(15868)	cx q[6], q[3]
Gate(15869)	 h q[7]
Gate(15870)	 h q[8]
Gate(15871)	 t q[2]
Gate(15872)	 t q[7]
Gate(15873)	 t q[8]
Gate(15874)	cx q[7], q[2]
Gate(15875)	cx q[8], q[7]
Gate(15876)	cx q[2], q[8]
Gate(15877)	tdg q[7]
Gate(15878)	cx q[2], q[7]
Gate(15879)	tdg q[2]
Gate(15880)	tdg q[7]
Gate(15881)	 t q[8]
Gate(15882)	cx q[8], q[7]
Gate(15883)	cx q[2], q[8]
Gate(15884)	cx q[7], q[2]
Gate(15885)	 h q[8]
Gate(15886)	 h q[9]
Gate(15887)	 t q[1]
Gate(15888)	 t q[8]
Gate(15889)	 t q[9]
Gate(15890)	cx q[8], q[1]
Gate(15891)	cx q[9], q[8]
Gate(15892)	cx q[1], q[9]
Gate(15893)	tdg q[8]
Gate(15894)	cx q[1], q[8]
Gate(15895)	tdg q[1]
Gate(15896)	tdg q[8]
Gate(15897)	 t q[9]
Gate(15898)	cx q[9], q[8]
Gate(15899)	cx q[1], q[9]
Gate(15900)	cx q[8], q[1]
Gate(15901)	 h q[9]
Gate(15902)	 h q[10]
Gate(15903)	 t q[6]
Gate(15904)	 t q[5]
Gate(15905)	 t q[10]
Gate(15906)	cx q[5], q[6]
Gate(15907)	cx q[10], q[5]
Gate(15908)	cx q[6], q[10]
Gate(15909)	tdg q[5]
Gate(15910)	cx q[6], q[5]
Gate(15911)	tdg q[6]
Gate(15912)	tdg q[5]
Gate(15913)	 t q[10]
Gate(15914)	cx q[10], q[5]
Gate(15915)	cx q[6], q[10]
Gate(15916)	cx q[5], q[6]
Gate(15917)	 h q[10]
Gate(15918)	 h q[5]
Gate(15919)	 t q[7]
Gate(15920)	 t q[4]
Gate(15921)	 t q[5]
Gate(15922)	cx q[4], q[7]
Gate(15923)	cx q[5], q[4]
Gate(15924)	cx q[7], q[5]
Gate(15925)	tdg q[4]
Gate(15926)	cx q[7], q[4]
Gate(15927)	tdg q[7]
Gate(15928)	tdg q[4]
Gate(15929)	 t q[5]
Gate(15930)	cx q[5], q[4]
Gate(15931)	cx q[7], q[5]
Gate(15932)	cx q[4], q[7]
Gate(15933)	 h q[5]
Gate(15934)	 h q[4]
Gate(15935)	 t q[9]
Gate(15936)	 t q[8]
Gate(15937)	 t q[4]
Gate(15938)	cx q[8], q[9]
Gate(15939)	cx q[4], q[8]
Gate(15940)	cx q[9], q[4]
Gate(15941)	tdg q[8]
Gate(15942)	cx q[9], q[8]
Gate(15943)	tdg q[9]
Gate(15944)	tdg q[8]
Gate(15945)	 t q[4]
Gate(15946)	cx q[4], q[8]
Gate(15947)	cx q[9], q[4]
Gate(15948)	cx q[8], q[9]
Gate(15949)	 h q[4]
Gate(15950)	 h q[5]
Gate(15951)	 t q[7]
Gate(15952)	 t q[4]
Gate(15953)	 t q[5]
Gate(15954)	cx q[4], q[7]
Gate(15955)	cx q[5], q[4]
Gate(15956)	cx q[7], q[5]
Gate(15957)	tdg q[4]
Gate(15958)	cx q[7], q[4]
Gate(15959)	tdg q[7]
Gate(15960)	tdg q[4]
Gate(15961)	 t q[5]
Gate(15962)	cx q[5], q[4]
Gate(15963)	cx q[7], q[5]
Gate(15964)	cx q[4], q[7]
Gate(15965)	 h q[5]
Gate(15966)	 h q[10]
Gate(15967)	 t q[6]
Gate(15968)	 t q[5]
Gate(15969)	 t q[10]
Gate(15970)	cx q[5], q[6]
Gate(15971)	cx q[10], q[5]
Gate(15972)	cx q[6], q[10]
Gate(15973)	tdg q[5]
Gate(15974)	cx q[6], q[5]
Gate(15975)	tdg q[6]
Gate(15976)	tdg q[5]
Gate(15977)	 t q[10]
Gate(15978)	cx q[10], q[5]
Gate(15979)	cx q[6], q[10]
Gate(15980)	cx q[5], q[6]
Gate(15981)	 h q[10]
Gate(15982)	 h q[5]
Gate(15983)	 t q[7]
Gate(15984)	 t q[4]
Gate(15985)	 t q[5]
Gate(15986)	cx q[4], q[7]
Gate(15987)	cx q[5], q[4]
Gate(15988)	cx q[7], q[5]
Gate(15989)	tdg q[4]
Gate(15990)	cx q[7], q[4]
Gate(15991)	tdg q[7]
Gate(15992)	tdg q[4]
Gate(15993)	 t q[5]
Gate(15994)	cx q[5], q[4]
Gate(15995)	cx q[7], q[5]
Gate(15996)	cx q[4], q[7]
Gate(15997)	 h q[5]
Gate(15998)	 h q[4]
Gate(15999)	 t q[9]
Gate(16000)	 t q[8]
Gate(16001)	 t q[4]
Gate(16002)	cx q[8], q[9]
Gate(16003)	cx q[4], q[8]
Gate(16004)	cx q[9], q[4]
Gate(16005)	tdg q[8]
Gate(16006)	cx q[9], q[8]
Gate(16007)	tdg q[9]
Gate(16008)	tdg q[8]
Gate(16009)	 t q[4]
Gate(16010)	cx q[4], q[8]
Gate(16011)	cx q[9], q[4]
Gate(16012)	cx q[8], q[9]
Gate(16013)	 h q[4]
Gate(16014)	 h q[5]
Gate(16015)	 t q[7]
Gate(16016)	 t q[4]
Gate(16017)	 t q[5]
Gate(16018)	cx q[4], q[7]
Gate(16019)	cx q[5], q[4]
Gate(16020)	cx q[7], q[5]
Gate(16021)	tdg q[4]
Gate(16022)	cx q[7], q[4]
Gate(16023)	tdg q[7]
Gate(16024)	tdg q[4]
Gate(16025)	 t q[5]
Gate(16026)	cx q[5], q[4]
Gate(16027)	cx q[7], q[5]
Gate(16028)	cx q[4], q[7]
Gate(16029)	 h q[5]
Gate(16030)	 h q[0]
Gate(16031)	 t q[10]
Gate(16032)	 t q[9]
Gate(16033)	 t q[0]
Gate(16034)	cx q[9], q[10]
Gate(16035)	cx q[0], q[9]
Gate(16036)	cx q[10], q[0]
Gate(16037)	tdg q[9]
Gate(16038)	cx q[10], q[9]
Gate(16039)	tdg q[10]
Gate(16040)	tdg q[9]
Gate(16041)	 t q[0]
Gate(16042)	cx q[0], q[9]
Gate(16043)	cx q[10], q[0]
Gate(16044)	cx q[9], q[10]
Gate(16045)	 h q[0]
Gate(16046)	 h q[9]
Gate(16047)	 t q[1]
Gate(16048)	 t q[8]
Gate(16049)	 t q[9]
Gate(16050)	cx q[8], q[1]
Gate(16051)	cx q[9], q[8]
Gate(16052)	cx q[1], q[9]
Gate(16053)	tdg q[8]
Gate(16054)	cx q[1], q[8]
Gate(16055)	tdg q[1]
Gate(16056)	tdg q[8]
Gate(16057)	 t q[9]
Gate(16058)	cx q[9], q[8]
Gate(16059)	cx q[1], q[9]
Gate(16060)	cx q[8], q[1]
Gate(16061)	 h q[9]
Gate(16062)	 h q[8]
Gate(16063)	 t q[2]
Gate(16064)	 t q[7]
Gate(16065)	 t q[8]
Gate(16066)	cx q[7], q[2]
Gate(16067)	cx q[8], q[7]
Gate(16068)	cx q[2], q[8]
Gate(16069)	tdg q[7]
Gate(16070)	cx q[2], q[7]
Gate(16071)	tdg q[2]
Gate(16072)	tdg q[7]
Gate(16073)	 t q[8]
Gate(16074)	cx q[8], q[7]
Gate(16075)	cx q[2], q[8]
Gate(16076)	cx q[7], q[2]
Gate(16077)	 h q[8]
Gate(16078)	 h q[7]
Gate(16079)	 t q[3]
Gate(16080)	 t q[6]
Gate(16081)	 t q[7]
Gate(16082)	cx q[6], q[3]
Gate(16083)	cx q[7], q[6]
Gate(16084)	cx q[3], q[7]
Gate(16085)	tdg q[6]
Gate(16086)	cx q[3], q[6]
Gate(16087)	tdg q[3]
Gate(16088)	tdg q[6]
Gate(16089)	 t q[7]
Gate(16090)	cx q[7], q[6]
Gate(16091)	cx q[3], q[7]
Gate(16092)	cx q[6], q[3]
Gate(16093)	 h q[7]
Gate(16094)	 h q[6]
Gate(16095)	 t q[5]
Gate(16096)	 t q[4]
Gate(16097)	 t q[6]
Gate(16098)	cx q[4], q[5]
Gate(16099)	cx q[6], q[4]
Gate(16100)	cx q[5], q[6]
Gate(16101)	tdg q[4]
Gate(16102)	cx q[5], q[4]
Gate(16103)	tdg q[5]
Gate(16104)	tdg q[4]
Gate(16105)	 t q[6]
Gate(16106)	cx q[6], q[4]
Gate(16107)	cx q[5], q[6]
Gate(16108)	cx q[4], q[5]
Gate(16109)	 h q[6]
Gate(16110)	 h q[7]
Gate(16111)	 t q[3]
Gate(16112)	 t q[6]
Gate(16113)	 t q[7]
Gate(16114)	cx q[6], q[3]
Gate(16115)	cx q[7], q[6]
Gate(16116)	cx q[3], q[7]
Gate(16117)	tdg q[6]
Gate(16118)	cx q[3], q[6]
Gate(16119)	tdg q[3]
Gate(16120)	tdg q[6]
Gate(16121)	 t q[7]
Gate(16122)	cx q[7], q[6]
Gate(16123)	cx q[3], q[7]
Gate(16124)	cx q[6], q[3]
Gate(16125)	 h q[7]
Gate(16126)	 h q[8]
Gate(16127)	 t q[2]
Gate(16128)	 t q[7]
Gate(16129)	 t q[8]
Gate(16130)	cx q[7], q[2]
Gate(16131)	cx q[8], q[7]
Gate(16132)	cx q[2], q[8]
Gate(16133)	tdg q[7]
Gate(16134)	cx q[2], q[7]
Gate(16135)	tdg q[2]
Gate(16136)	tdg q[7]
Gate(16137)	 t q[8]
Gate(16138)	cx q[8], q[7]
Gate(16139)	cx q[2], q[8]
Gate(16140)	cx q[7], q[2]
Gate(16141)	 h q[8]
Gate(16142)	 h q[9]
Gate(16143)	 t q[1]
Gate(16144)	 t q[8]
Gate(16145)	 t q[9]
Gate(16146)	cx q[8], q[1]
Gate(16147)	cx q[9], q[8]
Gate(16148)	cx q[1], q[9]
Gate(16149)	tdg q[8]
Gate(16150)	cx q[1], q[8]
Gate(16151)	tdg q[1]
Gate(16152)	tdg q[8]
Gate(16153)	 t q[9]
Gate(16154)	cx q[9], q[8]
Gate(16155)	cx q[1], q[9]
Gate(16156)	cx q[8], q[1]
Gate(16157)	 h q[9]
Gate(16158)	 h q[0]
Gate(16159)	 t q[10]
Gate(16160)	 t q[9]
Gate(16161)	 t q[0]
Gate(16162)	cx q[9], q[10]
Gate(16163)	cx q[0], q[9]
Gate(16164)	cx q[10], q[0]
Gate(16165)	tdg q[9]
Gate(16166)	cx q[10], q[9]
Gate(16167)	tdg q[10]
Gate(16168)	tdg q[9]
Gate(16169)	 t q[0]
Gate(16170)	cx q[0], q[9]
Gate(16171)	cx q[10], q[0]
Gate(16172)	cx q[9], q[10]
Gate(16173)	 h q[0]
Gate(16174)	 h q[9]
Gate(16175)	 t q[1]
Gate(16176)	 t q[8]
Gate(16177)	 t q[9]
Gate(16178)	cx q[8], q[1]
Gate(16179)	cx q[9], q[8]
Gate(16180)	cx q[1], q[9]
Gate(16181)	tdg q[8]
Gate(16182)	cx q[1], q[8]
Gate(16183)	tdg q[1]
Gate(16184)	tdg q[8]
Gate(16185)	 t q[9]
Gate(16186)	cx q[9], q[8]
Gate(16187)	cx q[1], q[9]
Gate(16188)	cx q[8], q[1]
Gate(16189)	 h q[9]
Gate(16190)	 h q[8]
Gate(16191)	 t q[2]
Gate(16192)	 t q[7]
Gate(16193)	 t q[8]
Gate(16194)	cx q[7], q[2]
Gate(16195)	cx q[8], q[7]
Gate(16196)	cx q[2], q[8]
Gate(16197)	tdg q[7]
Gate(16198)	cx q[2], q[7]
Gate(16199)	tdg q[2]
Gate(16200)	tdg q[7]
Gate(16201)	 t q[8]
Gate(16202)	cx q[8], q[7]
Gate(16203)	cx q[2], q[8]
Gate(16204)	cx q[7], q[2]
Gate(16205)	 h q[8]
Gate(16206)	 h q[7]
Gate(16207)	 t q[3]
Gate(16208)	 t q[6]
Gate(16209)	 t q[7]
Gate(16210)	cx q[6], q[3]
Gate(16211)	cx q[7], q[6]
Gate(16212)	cx q[3], q[7]
Gate(16213)	tdg q[6]
Gate(16214)	cx q[3], q[6]
Gate(16215)	tdg q[3]
Gate(16216)	tdg q[6]
Gate(16217)	 t q[7]
Gate(16218)	cx q[7], q[6]
Gate(16219)	cx q[3], q[7]
Gate(16220)	cx q[6], q[3]
Gate(16221)	 h q[7]
Gate(16222)	 h q[6]
Gate(16223)	 t q[5]
Gate(16224)	 t q[4]
Gate(16225)	 t q[6]
Gate(16226)	cx q[4], q[5]
Gate(16227)	cx q[6], q[4]
Gate(16228)	cx q[5], q[6]
Gate(16229)	tdg q[4]
Gate(16230)	cx q[5], q[4]
Gate(16231)	tdg q[5]
Gate(16232)	tdg q[4]
Gate(16233)	 t q[6]
Gate(16234)	cx q[6], q[4]
Gate(16235)	cx q[5], q[6]
Gate(16236)	cx q[4], q[5]
Gate(16237)	 h q[6]
Gate(16238)	 h q[7]
Gate(16239)	 t q[3]
Gate(16240)	 t q[6]
Gate(16241)	 t q[7]
Gate(16242)	cx q[6], q[3]
Gate(16243)	cx q[7], q[6]
Gate(16244)	cx q[3], q[7]
Gate(16245)	tdg q[6]
Gate(16246)	cx q[3], q[6]
Gate(16247)	tdg q[3]
Gate(16248)	tdg q[6]
Gate(16249)	 t q[7]
Gate(16250)	cx q[7], q[6]
Gate(16251)	cx q[3], q[7]
Gate(16252)	cx q[6], q[3]
Gate(16253)	 h q[7]
Gate(16254)	 h q[8]
Gate(16255)	 t q[2]
Gate(16256)	 t q[7]
Gate(16257)	 t q[8]
Gate(16258)	cx q[7], q[2]
Gate(16259)	cx q[8], q[7]
Gate(16260)	cx q[2], q[8]
Gate(16261)	tdg q[7]
Gate(16262)	cx q[2], q[7]
Gate(16263)	tdg q[2]
Gate(16264)	tdg q[7]
Gate(16265)	 t q[8]
Gate(16266)	cx q[8], q[7]
Gate(16267)	cx q[2], q[8]
Gate(16268)	cx q[7], q[2]
Gate(16269)	 h q[8]
Gate(16270)	 h q[9]
Gate(16271)	 t q[1]
Gate(16272)	 t q[8]
Gate(16273)	 t q[9]
Gate(16274)	cx q[8], q[1]
Gate(16275)	cx q[9], q[8]
Gate(16276)	cx q[1], q[9]
Gate(16277)	tdg q[8]
Gate(16278)	cx q[1], q[8]
Gate(16279)	tdg q[1]
Gate(16280)	tdg q[8]
Gate(16281)	 t q[9]
Gate(16282)	cx q[9], q[8]
Gate(16283)	cx q[1], q[9]
Gate(16284)	cx q[8], q[1]
Gate(16285)	 h q[9]
Gate(16286)	 h q[8]
Gate(16287)	 t q[5]
Gate(16288)	 t q[10]
Gate(16289)	 t q[8]
Gate(16290)	cx q[10], q[5]
Gate(16291)	cx q[8], q[10]
Gate(16292)	cx q[5], q[8]
Gate(16293)	tdg q[10]
Gate(16294)	cx q[5], q[10]
Gate(16295)	tdg q[5]
Gate(16296)	tdg q[10]
Gate(16297)	 t q[8]
Gate(16298)	cx q[8], q[10]
Gate(16299)	cx q[5], q[8]
Gate(16300)	cx q[10], q[5]
Gate(16301)	 h q[8]
Gate(16302)	 h q[10]
Gate(16303)	 t q[6]
Gate(16304)	 t q[4]
Gate(16305)	 t q[10]
Gate(16306)	cx q[4], q[6]
Gate(16307)	cx q[10], q[4]
Gate(16308)	cx q[6], q[10]
Gate(16309)	tdg q[4]
Gate(16310)	cx q[6], q[4]
Gate(16311)	tdg q[6]
Gate(16312)	tdg q[4]
Gate(16313)	 t q[10]
Gate(16314)	cx q[10], q[4]
Gate(16315)	cx q[6], q[10]
Gate(16316)	cx q[4], q[6]
Gate(16317)	 h q[10]
Gate(16318)	 h q[4]
Gate(16319)	 t q[9]
Gate(16320)	 t q[7]
Gate(16321)	 t q[4]
Gate(16322)	cx q[7], q[9]
Gate(16323)	cx q[4], q[7]
Gate(16324)	cx q[9], q[4]
Gate(16325)	tdg q[7]
Gate(16326)	cx q[9], q[7]
Gate(16327)	tdg q[9]
Gate(16328)	tdg q[7]
Gate(16329)	 t q[4]
Gate(16330)	cx q[4], q[7]
Gate(16331)	cx q[9], q[4]
Gate(16332)	cx q[7], q[9]
Gate(16333)	 h q[4]
Gate(16334)	 h q[10]
Gate(16335)	 t q[6]
Gate(16336)	 t q[4]
Gate(16337)	 t q[10]
Gate(16338)	cx q[4], q[6]
Gate(16339)	cx q[10], q[4]
Gate(16340)	cx q[6], q[10]
Gate(16341)	tdg q[4]
Gate(16342)	cx q[6], q[4]
Gate(16343)	tdg q[6]
Gate(16344)	tdg q[4]
Gate(16345)	 t q[10]
Gate(16346)	cx q[10], q[4]
Gate(16347)	cx q[6], q[10]
Gate(16348)	cx q[4], q[6]
Gate(16349)	 h q[10]
Gate(16350)	 h q[8]
Gate(16351)	 t q[5]
Gate(16352)	 t q[10]
Gate(16353)	 t q[8]
Gate(16354)	cx q[10], q[5]
Gate(16355)	cx q[8], q[10]
Gate(16356)	cx q[5], q[8]
Gate(16357)	tdg q[10]
Gate(16358)	cx q[5], q[10]
Gate(16359)	tdg q[5]
Gate(16360)	tdg q[10]
Gate(16361)	 t q[8]
Gate(16362)	cx q[8], q[10]
Gate(16363)	cx q[5], q[8]
Gate(16364)	cx q[10], q[5]
Gate(16365)	 h q[8]
Gate(16366)	 h q[10]
Gate(16367)	 t q[6]
Gate(16368)	 t q[4]
Gate(16369)	 t q[10]
Gate(16370)	cx q[4], q[6]
Gate(16371)	cx q[10], q[4]
Gate(16372)	cx q[6], q[10]
Gate(16373)	tdg q[4]
Gate(16374)	cx q[6], q[4]
Gate(16375)	tdg q[6]
Gate(16376)	tdg q[4]
Gate(16377)	 t q[10]
Gate(16378)	cx q[10], q[4]
Gate(16379)	cx q[6], q[10]
Gate(16380)	cx q[4], q[6]
Gate(16381)	 h q[10]
Gate(16382)	 h q[4]
Gate(16383)	 t q[9]
Gate(16384)	 t q[7]
Gate(16385)	 t q[4]
Gate(16386)	cx q[7], q[9]
Gate(16387)	cx q[4], q[7]
Gate(16388)	cx q[9], q[4]
Gate(16389)	tdg q[7]
Gate(16390)	cx q[9], q[7]
Gate(16391)	tdg q[9]
Gate(16392)	tdg q[7]
Gate(16393)	 t q[4]
Gate(16394)	cx q[4], q[7]
Gate(16395)	cx q[9], q[4]
Gate(16396)	cx q[7], q[9]
Gate(16397)	 h q[4]
Gate(16398)	 h q[10]
Gate(16399)	 t q[6]
Gate(16400)	 t q[4]
Gate(16401)	 t q[10]
Gate(16402)	cx q[4], q[6]
Gate(16403)	cx q[10], q[4]
Gate(16404)	cx q[6], q[10]
Gate(16405)	tdg q[4]
Gate(16406)	cx q[6], q[4]
Gate(16407)	tdg q[6]
Gate(16408)	tdg q[4]
Gate(16409)	 t q[10]
Gate(16410)	cx q[10], q[4]
Gate(16411)	cx q[6], q[10]
Gate(16412)	cx q[4], q[6]
Gate(16413)	 h q[10]
Gate(16414)	 h q[0]
Gate(16415)	 t q[8]
Gate(16416)	 t q[10]
Gate(16417)	 t q[0]
Gate(16418)	cx q[10], q[8]
Gate(16419)	cx q[0], q[10]
Gate(16420)	cx q[8], q[0]
Gate(16421)	tdg q[10]
Gate(16422)	cx q[8], q[10]
Gate(16423)	tdg q[8]
Gate(16424)	tdg q[10]
Gate(16425)	 t q[0]
Gate(16426)	cx q[0], q[10]
Gate(16427)	cx q[8], q[0]
Gate(16428)	cx q[10], q[8]
Gate(16429)	 h q[0]
Gate(16430)	 h q[10]
Gate(16431)	 t q[1]
Gate(16432)	 t q[9]
Gate(16433)	 t q[10]
Gate(16434)	cx q[9], q[1]
Gate(16435)	cx q[10], q[9]
Gate(16436)	cx q[1], q[10]
Gate(16437)	tdg q[9]
Gate(16438)	cx q[1], q[9]
Gate(16439)	tdg q[1]
Gate(16440)	tdg q[9]
Gate(16441)	 t q[10]
Gate(16442)	cx q[10], q[9]
Gate(16443)	cx q[1], q[10]
Gate(16444)	cx q[9], q[1]
Gate(16445)	 h q[10]
Gate(16446)	 h q[9]
Gate(16447)	 t q[2]
Gate(16448)	 t q[7]
Gate(16449)	 t q[9]
Gate(16450)	cx q[7], q[2]
Gate(16451)	cx q[9], q[7]
Gate(16452)	cx q[2], q[9]
Gate(16453)	tdg q[7]
Gate(16454)	cx q[2], q[7]
Gate(16455)	tdg q[2]
Gate(16456)	tdg q[7]
Gate(16457)	 t q[9]
Gate(16458)	cx q[9], q[7]
Gate(16459)	cx q[2], q[9]
Gate(16460)	cx q[7], q[2]
Gate(16461)	 h q[9]
Gate(16462)	 h q[7]
Gate(16463)	 t q[4]
Gate(16464)	 t q[3]
Gate(16465)	 t q[7]
Gate(16466)	cx q[3], q[4]
Gate(16467)	cx q[7], q[3]
Gate(16468)	cx q[4], q[7]
Gate(16469)	tdg q[3]
Gate(16470)	cx q[4], q[3]
Gate(16471)	tdg q[4]
Gate(16472)	tdg q[3]
Gate(16473)	 t q[7]
Gate(16474)	cx q[7], q[3]
Gate(16475)	cx q[4], q[7]
Gate(16476)	cx q[3], q[4]
Gate(16477)	 h q[7]
Gate(16478)	 h q[9]
Gate(16479)	 t q[2]
Gate(16480)	 t q[7]
Gate(16481)	 t q[9]
Gate(16482)	cx q[7], q[2]
Gate(16483)	cx q[9], q[7]
Gate(16484)	cx q[2], q[9]
Gate(16485)	tdg q[7]
Gate(16486)	cx q[2], q[7]
Gate(16487)	tdg q[2]
Gate(16488)	tdg q[7]
Gate(16489)	 t q[9]
Gate(16490)	cx q[9], q[7]
Gate(16491)	cx q[2], q[9]
Gate(16492)	cx q[7], q[2]
Gate(16493)	 h q[9]
Gate(16494)	 h q[10]
Gate(16495)	 t q[1]
Gate(16496)	 t q[9]
Gate(16497)	 t q[10]
Gate(16498)	cx q[9], q[1]
Gate(16499)	cx q[10], q[9]
Gate(16500)	cx q[1], q[10]
Gate(16501)	tdg q[9]
Gate(16502)	cx q[1], q[9]
Gate(16503)	tdg q[1]
Gate(16504)	tdg q[9]
Gate(16505)	 t q[10]
Gate(16506)	cx q[10], q[9]
Gate(16507)	cx q[1], q[10]
Gate(16508)	cx q[9], q[1]
Gate(16509)	 h q[10]
Gate(16510)	 h q[0]
Gate(16511)	 t q[8]
Gate(16512)	 t q[10]
Gate(16513)	 t q[0]
Gate(16514)	cx q[10], q[8]
Gate(16515)	cx q[0], q[10]
Gate(16516)	cx q[8], q[0]
Gate(16517)	tdg q[10]
Gate(16518)	cx q[8], q[10]
Gate(16519)	tdg q[8]
Gate(16520)	tdg q[10]
Gate(16521)	 t q[0]
Gate(16522)	cx q[0], q[10]
Gate(16523)	cx q[8], q[0]
Gate(16524)	cx q[10], q[8]
Gate(16525)	 h q[0]
Gate(16526)	 h q[10]
Gate(16527)	 t q[1]
Gate(16528)	 t q[9]
Gate(16529)	 t q[10]
Gate(16530)	cx q[9], q[1]
Gate(16531)	cx q[10], q[9]
Gate(16532)	cx q[1], q[10]
Gate(16533)	tdg q[9]
Gate(16534)	cx q[1], q[9]
Gate(16535)	tdg q[1]
Gate(16536)	tdg q[9]
Gate(16537)	 t q[10]
Gate(16538)	cx q[10], q[9]
Gate(16539)	cx q[1], q[10]
Gate(16540)	cx q[9], q[1]
Gate(16541)	 h q[10]
Gate(16542)	 h q[9]
Gate(16543)	 t q[2]
Gate(16544)	 t q[7]
Gate(16545)	 t q[9]
Gate(16546)	cx q[7], q[2]
Gate(16547)	cx q[9], q[7]
Gate(16548)	cx q[2], q[9]
Gate(16549)	tdg q[7]
Gate(16550)	cx q[2], q[7]
Gate(16551)	tdg q[2]
Gate(16552)	tdg q[7]
Gate(16553)	 t q[9]
Gate(16554)	cx q[9], q[7]
Gate(16555)	cx q[2], q[9]
Gate(16556)	cx q[7], q[2]
Gate(16557)	 h q[9]
Gate(16558)	 h q[7]
Gate(16559)	 t q[4]
Gate(16560)	 t q[3]
Gate(16561)	 t q[7]
Gate(16562)	cx q[3], q[4]
Gate(16563)	cx q[7], q[3]
Gate(16564)	cx q[4], q[7]
Gate(16565)	tdg q[3]
Gate(16566)	cx q[4], q[3]
Gate(16567)	tdg q[4]
Gate(16568)	tdg q[3]
Gate(16569)	 t q[7]
Gate(16570)	cx q[7], q[3]
Gate(16571)	cx q[4], q[7]
Gate(16572)	cx q[3], q[4]
Gate(16573)	 h q[7]
Gate(16574)	 h q[9]
Gate(16575)	 t q[2]
Gate(16576)	 t q[7]
Gate(16577)	 t q[9]
Gate(16578)	cx q[7], q[2]
Gate(16579)	cx q[9], q[7]
Gate(16580)	cx q[2], q[9]
Gate(16581)	tdg q[7]
Gate(16582)	cx q[2], q[7]
Gate(16583)	tdg q[2]
Gate(16584)	tdg q[7]
Gate(16585)	 t q[9]
Gate(16586)	cx q[9], q[7]
Gate(16587)	cx q[2], q[9]
Gate(16588)	cx q[7], q[2]
Gate(16589)	 h q[9]
Gate(16590)	 h q[10]
Gate(16591)	 t q[1]
Gate(16592)	 t q[9]
Gate(16593)	 t q[10]
Gate(16594)	cx q[9], q[1]
Gate(16595)	cx q[10], q[9]
Gate(16596)	cx q[1], q[10]
Gate(16597)	tdg q[9]
Gate(16598)	cx q[1], q[9]
Gate(16599)	tdg q[1]
Gate(16600)	tdg q[9]
Gate(16601)	 t q[10]
Gate(16602)	cx q[10], q[9]
Gate(16603)	cx q[1], q[10]
Gate(16604)	cx q[9], q[1]
Gate(16605)	 h q[10]
Gate(16606)	 h q[8]
Gate(16607)	 t q[5]
Gate(16608)	 t q[10]
Gate(16609)	 t q[8]
Gate(16610)	cx q[10], q[5]
Gate(16611)	cx q[8], q[10]
Gate(16612)	cx q[5], q[8]
Gate(16613)	tdg q[10]
Gate(16614)	cx q[5], q[10]
Gate(16615)	tdg q[5]
Gate(16616)	tdg q[10]
Gate(16617)	 t q[8]
Gate(16618)	cx q[8], q[10]
Gate(16619)	cx q[5], q[8]
Gate(16620)	cx q[10], q[5]
Gate(16621)	 h q[8]
Gate(16622)	 h q[10]
Gate(16623)	 t q[6]
Gate(16624)	 t q[4]
Gate(16625)	 t q[10]
Gate(16626)	cx q[4], q[6]
Gate(16627)	cx q[10], q[4]
Gate(16628)	cx q[6], q[10]
Gate(16629)	tdg q[4]
Gate(16630)	cx q[6], q[4]
Gate(16631)	tdg q[6]
Gate(16632)	tdg q[4]
Gate(16633)	 t q[10]
Gate(16634)	cx q[10], q[4]
Gate(16635)	cx q[6], q[10]
Gate(16636)	cx q[4], q[6]
Gate(16637)	 h q[10]
Gate(16638)	 h q[4]
Gate(16639)	 t q[9]
Gate(16640)	 t q[7]
Gate(16641)	 t q[4]
Gate(16642)	cx q[7], q[9]
Gate(16643)	cx q[4], q[7]
Gate(16644)	cx q[9], q[4]
Gate(16645)	tdg q[7]
Gate(16646)	cx q[9], q[7]
Gate(16647)	tdg q[9]
Gate(16648)	tdg q[7]
Gate(16649)	 t q[4]
Gate(16650)	cx q[4], q[7]
Gate(16651)	cx q[9], q[4]
Gate(16652)	cx q[7], q[9]
Gate(16653)	 h q[4]
Gate(16654)	 h q[10]
Gate(16655)	 t q[6]
Gate(16656)	 t q[4]
Gate(16657)	 t q[10]
Gate(16658)	cx q[4], q[6]
Gate(16659)	cx q[10], q[4]
Gate(16660)	cx q[6], q[10]
Gate(16661)	tdg q[4]
Gate(16662)	cx q[6], q[4]
Gate(16663)	tdg q[6]
Gate(16664)	tdg q[4]
Gate(16665)	 t q[10]
Gate(16666)	cx q[10], q[4]
Gate(16667)	cx q[6], q[10]
Gate(16668)	cx q[4], q[6]
Gate(16669)	 h q[10]
Gate(16670)	 h q[8]
Gate(16671)	 t q[5]
Gate(16672)	 t q[10]
Gate(16673)	 t q[8]
Gate(16674)	cx q[10], q[5]
Gate(16675)	cx q[8], q[10]
Gate(16676)	cx q[5], q[8]
Gate(16677)	tdg q[10]
Gate(16678)	cx q[5], q[10]
Gate(16679)	tdg q[5]
Gate(16680)	tdg q[10]
Gate(16681)	 t q[8]
Gate(16682)	cx q[8], q[10]
Gate(16683)	cx q[5], q[8]
Gate(16684)	cx q[10], q[5]
Gate(16685)	 h q[8]
Gate(16686)	 h q[10]
Gate(16687)	 t q[6]
Gate(16688)	 t q[4]
Gate(16689)	 t q[10]
Gate(16690)	cx q[4], q[6]
Gate(16691)	cx q[10], q[4]
Gate(16692)	cx q[6], q[10]
Gate(16693)	tdg q[4]
Gate(16694)	cx q[6], q[4]
Gate(16695)	tdg q[6]
Gate(16696)	tdg q[4]
Gate(16697)	 t q[10]
Gate(16698)	cx q[10], q[4]
Gate(16699)	cx q[6], q[10]
Gate(16700)	cx q[4], q[6]
Gate(16701)	 h q[10]
Gate(16702)	 h q[4]
Gate(16703)	 t q[9]
Gate(16704)	 t q[7]
Gate(16705)	 t q[4]
Gate(16706)	cx q[7], q[9]
Gate(16707)	cx q[4], q[7]
Gate(16708)	cx q[9], q[4]
Gate(16709)	tdg q[7]
Gate(16710)	cx q[9], q[7]
Gate(16711)	tdg q[9]
Gate(16712)	tdg q[7]
Gate(16713)	 t q[4]
Gate(16714)	cx q[4], q[7]
Gate(16715)	cx q[9], q[4]
Gate(16716)	cx q[7], q[9]
Gate(16717)	 h q[4]
Gate(16718)	 h q[10]
Gate(16719)	 t q[6]
Gate(16720)	 t q[4]
Gate(16721)	 t q[10]
Gate(16722)	cx q[4], q[6]
Gate(16723)	cx q[10], q[4]
Gate(16724)	cx q[6], q[10]
Gate(16725)	tdg q[4]
Gate(16726)	cx q[6], q[4]
Gate(16727)	tdg q[6]
Gate(16728)	tdg q[4]
Gate(16729)	 t q[10]
Gate(16730)	cx q[10], q[4]
Gate(16731)	cx q[6], q[10]
Gate(16732)	cx q[4], q[6]
Gate(16733)	 h q[10]
Gate(16734)	 h q[0]
Gate(16735)	 t q[8]
Gate(16736)	 t q[10]
Gate(16737)	 t q[0]
Gate(16738)	cx q[10], q[8]
Gate(16739)	cx q[0], q[10]
Gate(16740)	cx q[8], q[0]
Gate(16741)	tdg q[10]
Gate(16742)	cx q[8], q[10]
Gate(16743)	tdg q[8]
Gate(16744)	tdg q[10]
Gate(16745)	 t q[0]
Gate(16746)	cx q[0], q[10]
Gate(16747)	cx q[8], q[0]
Gate(16748)	cx q[10], q[8]
Gate(16749)	 h q[0]
Gate(16750)	 h q[10]
Gate(16751)	 t q[1]
Gate(16752)	 t q[9]
Gate(16753)	 t q[10]
Gate(16754)	cx q[9], q[1]
Gate(16755)	cx q[10], q[9]
Gate(16756)	cx q[1], q[10]
Gate(16757)	tdg q[9]
Gate(16758)	cx q[1], q[9]
Gate(16759)	tdg q[1]
Gate(16760)	tdg q[9]
Gate(16761)	 t q[10]
Gate(16762)	cx q[10], q[9]
Gate(16763)	cx q[1], q[10]
Gate(16764)	cx q[9], q[1]
Gate(16765)	 h q[10]
Gate(16766)	 h q[9]
Gate(16767)	 t q[2]
Gate(16768)	 t q[7]
Gate(16769)	 t q[9]
Gate(16770)	cx q[7], q[2]
Gate(16771)	cx q[9], q[7]
Gate(16772)	cx q[2], q[9]
Gate(16773)	tdg q[7]
Gate(16774)	cx q[2], q[7]
Gate(16775)	tdg q[2]
Gate(16776)	tdg q[7]
Gate(16777)	 t q[9]
Gate(16778)	cx q[9], q[7]
Gate(16779)	cx q[2], q[9]
Gate(16780)	cx q[7], q[2]
Gate(16781)	 h q[9]
Gate(16782)	 h q[7]
Gate(16783)	 t q[4]
Gate(16784)	 t q[3]
Gate(16785)	 t q[7]
Gate(16786)	cx q[3], q[4]
Gate(16787)	cx q[7], q[3]
Gate(16788)	cx q[4], q[7]
Gate(16789)	tdg q[3]
Gate(16790)	cx q[4], q[3]
Gate(16791)	tdg q[4]
Gate(16792)	tdg q[3]
Gate(16793)	 t q[7]
Gate(16794)	cx q[7], q[3]
Gate(16795)	cx q[4], q[7]
Gate(16796)	cx q[3], q[4]
Gate(16797)	 h q[7]
Gate(16798)	 h q[9]
Gate(16799)	 t q[2]
Gate(16800)	 t q[7]
Gate(16801)	 t q[9]
Gate(16802)	cx q[7], q[2]
Gate(16803)	cx q[9], q[7]
Gate(16804)	cx q[2], q[9]
Gate(16805)	tdg q[7]
Gate(16806)	cx q[2], q[7]
Gate(16807)	tdg q[2]
Gate(16808)	tdg q[7]
Gate(16809)	 t q[9]
Gate(16810)	cx q[9], q[7]
Gate(16811)	cx q[2], q[9]
Gate(16812)	cx q[7], q[2]
Gate(16813)	 h q[9]
Gate(16814)	 h q[10]
Gate(16815)	 t q[1]
Gate(16816)	 t q[9]
Gate(16817)	 t q[10]
Gate(16818)	cx q[9], q[1]
Gate(16819)	cx q[10], q[9]
Gate(16820)	cx q[1], q[10]
Gate(16821)	tdg q[9]
Gate(16822)	cx q[1], q[9]
Gate(16823)	tdg q[1]
Gate(16824)	tdg q[9]
Gate(16825)	 t q[10]
Gate(16826)	cx q[10], q[9]
Gate(16827)	cx q[1], q[10]
Gate(16828)	cx q[9], q[1]
Gate(16829)	 h q[10]
Gate(16830)	 h q[0]
Gate(16831)	 t q[8]
Gate(16832)	 t q[10]
Gate(16833)	 t q[0]
Gate(16834)	cx q[10], q[8]
Gate(16835)	cx q[0], q[10]
Gate(16836)	cx q[8], q[0]
Gate(16837)	tdg q[10]
Gate(16838)	cx q[8], q[10]
Gate(16839)	tdg q[8]
Gate(16840)	tdg q[10]
Gate(16841)	 t q[0]
Gate(16842)	cx q[0], q[10]
Gate(16843)	cx q[8], q[0]
Gate(16844)	cx q[10], q[8]
Gate(16845)	 h q[0]
Gate(16846)	 h q[10]
Gate(16847)	 t q[1]
Gate(16848)	 t q[9]
Gate(16849)	 t q[10]
Gate(16850)	cx q[9], q[1]
Gate(16851)	cx q[10], q[9]
Gate(16852)	cx q[1], q[10]
Gate(16853)	tdg q[9]
Gate(16854)	cx q[1], q[9]
Gate(16855)	tdg q[1]
Gate(16856)	tdg q[9]
Gate(16857)	 t q[10]
Gate(16858)	cx q[10], q[9]
Gate(16859)	cx q[1], q[10]
Gate(16860)	cx q[9], q[1]
Gate(16861)	 h q[10]
Gate(16862)	 h q[9]
Gate(16863)	 t q[2]
Gate(16864)	 t q[7]
Gate(16865)	 t q[9]
Gate(16866)	cx q[7], q[2]
Gate(16867)	cx q[9], q[7]
Gate(16868)	cx q[2], q[9]
Gate(16869)	tdg q[7]
Gate(16870)	cx q[2], q[7]
Gate(16871)	tdg q[2]
Gate(16872)	tdg q[7]
Gate(16873)	 t q[9]
Gate(16874)	cx q[9], q[7]
Gate(16875)	cx q[2], q[9]
Gate(16876)	cx q[7], q[2]
Gate(16877)	 h q[9]
Gate(16878)	 h q[7]
Gate(16879)	 t q[4]
Gate(16880)	 t q[3]
Gate(16881)	 t q[7]
Gate(16882)	cx q[3], q[4]
Gate(16883)	cx q[7], q[3]
Gate(16884)	cx q[4], q[7]
Gate(16885)	tdg q[3]
Gate(16886)	cx q[4], q[3]
Gate(16887)	tdg q[4]
Gate(16888)	tdg q[3]
Gate(16889)	 t q[7]
Gate(16890)	cx q[7], q[3]
Gate(16891)	cx q[4], q[7]
Gate(16892)	cx q[3], q[4]
Gate(16893)	 h q[7]
Gate(16894)	 h q[9]
Gate(16895)	 t q[2]
Gate(16896)	 t q[7]
Gate(16897)	 t q[9]
Gate(16898)	cx q[7], q[2]
Gate(16899)	cx q[9], q[7]
Gate(16900)	cx q[2], q[9]
Gate(16901)	tdg q[7]
Gate(16902)	cx q[2], q[7]
Gate(16903)	tdg q[2]
Gate(16904)	tdg q[7]
Gate(16905)	 t q[9]
Gate(16906)	cx q[9], q[7]
Gate(16907)	cx q[2], q[9]
Gate(16908)	cx q[7], q[2]
Gate(16909)	 h q[9]
Gate(16910)	 h q[10]
Gate(16911)	 t q[1]
Gate(16912)	 t q[9]
Gate(16913)	 t q[10]
Gate(16914)	cx q[9], q[1]
Gate(16915)	cx q[10], q[9]
Gate(16916)	cx q[1], q[10]
Gate(16917)	tdg q[9]
Gate(16918)	cx q[1], q[9]
Gate(16919)	tdg q[1]
Gate(16920)	tdg q[9]
Gate(16921)	 t q[10]
Gate(16922)	cx q[10], q[9]
Gate(16923)	cx q[1], q[10]
Gate(16924)	cx q[9], q[1]
Gate(16925)	 h q[10]
Gate(16926)	 h q[0]
Gate(16927)	 t q[1]
Gate(16928)	 t q[10]
Gate(16929)	 t q[0]
Gate(16930)	cx q[10], q[1]
Gate(16931)	cx q[0], q[10]
Gate(16932)	cx q[1], q[0]
Gate(16933)	tdg q[10]
Gate(16934)	cx q[1], q[10]
Gate(16935)	tdg q[1]
Gate(16936)	tdg q[10]
Gate(16937)	 t q[0]
Gate(16938)	cx q[0], q[10]
Gate(16939)	cx q[1], q[0]
Gate(16940)	cx q[10], q[1]
Gate(16941)	 h q[0]
Gate(16942)	 h q[10]
Gate(16943)	 t q[2]
Gate(16944)	 t q[8]
Gate(16945)	 t q[10]
Gate(16946)	cx q[8], q[2]
Gate(16947)	cx q[10], q[8]
Gate(16948)	cx q[2], q[10]
Gate(16949)	tdg q[8]
Gate(16950)	cx q[2], q[8]
Gate(16951)	tdg q[2]
Gate(16952)	tdg q[8]
Gate(16953)	 t q[10]
Gate(16954)	cx q[10], q[8]
Gate(16955)	cx q[2], q[10]
Gate(16956)	cx q[8], q[2]
Gate(16957)	 h q[10]
Gate(16958)	 h q[8]
Gate(16959)	 t q[3]
Gate(16960)	 t q[5]
Gate(16961)	 t q[8]
Gate(16962)	cx q[5], q[3]
Gate(16963)	cx q[8], q[5]
Gate(16964)	cx q[3], q[8]
Gate(16965)	tdg q[5]
Gate(16966)	cx q[3], q[5]
Gate(16967)	tdg q[3]
Gate(16968)	tdg q[5]
Gate(16969)	 t q[8]
Gate(16970)	cx q[8], q[5]
Gate(16971)	cx q[3], q[8]
Gate(16972)	cx q[5], q[3]
Gate(16973)	 h q[8]
Gate(16974)	 h q[5]
Gate(16975)	 t q[6]
Gate(16976)	 t q[4]
Gate(16977)	 t q[5]
Gate(16978)	cx q[4], q[6]
Gate(16979)	cx q[5], q[4]
Gate(16980)	cx q[6], q[5]
Gate(16981)	tdg q[4]
Gate(16982)	cx q[6], q[4]
Gate(16983)	tdg q[6]
Gate(16984)	tdg q[4]
Gate(16985)	 t q[5]
Gate(16986)	cx q[5], q[4]
Gate(16987)	cx q[6], q[5]
Gate(16988)	cx q[4], q[6]
Gate(16989)	 h q[5]
Gate(16990)	 h q[4]
Gate(16991)	 t q[9]
Gate(16992)	 t q[7]
Gate(16993)	 t q[4]
Gate(16994)	cx q[7], q[9]
Gate(16995)	cx q[4], q[7]
Gate(16996)	cx q[9], q[4]
Gate(16997)	tdg q[7]
Gate(16998)	cx q[9], q[7]
Gate(16999)	tdg q[9]
Gate(17000)	tdg q[7]
Gate(17001)	 t q[4]
Gate(17002)	cx q[4], q[7]
Gate(17003)	cx q[9], q[4]
Gate(17004)	cx q[7], q[9]
Gate(17005)	 h q[4]
Gate(17006)	 h q[5]
Gate(17007)	 t q[6]
Gate(17008)	 t q[4]
Gate(17009)	 t q[5]
Gate(17010)	cx q[4], q[6]
Gate(17011)	cx q[5], q[4]
Gate(17012)	cx q[6], q[5]
Gate(17013)	tdg q[4]
Gate(17014)	cx q[6], q[4]
Gate(17015)	tdg q[6]
Gate(17016)	tdg q[4]
Gate(17017)	 t q[5]
Gate(17018)	cx q[5], q[4]
Gate(17019)	cx q[6], q[5]
Gate(17020)	cx q[4], q[6]
Gate(17021)	 h q[5]
Gate(17022)	 h q[8]
Gate(17023)	 t q[3]
Gate(17024)	 t q[5]
Gate(17025)	 t q[8]
Gate(17026)	cx q[5], q[3]
Gate(17027)	cx q[8], q[5]
Gate(17028)	cx q[3], q[8]
Gate(17029)	tdg q[5]
Gate(17030)	cx q[3], q[5]
Gate(17031)	tdg q[3]
Gate(17032)	tdg q[5]
Gate(17033)	 t q[8]
Gate(17034)	cx q[8], q[5]
Gate(17035)	cx q[3], q[8]
Gate(17036)	cx q[5], q[3]
Gate(17037)	 h q[8]
Gate(17038)	 h q[10]
Gate(17039)	 t q[2]
Gate(17040)	 t q[8]
Gate(17041)	 t q[10]
Gate(17042)	cx q[8], q[2]
Gate(17043)	cx q[10], q[8]
Gate(17044)	cx q[2], q[10]
Gate(17045)	tdg q[8]
Gate(17046)	cx q[2], q[8]
Gate(17047)	tdg q[2]
Gate(17048)	tdg q[8]
Gate(17049)	 t q[10]
Gate(17050)	cx q[10], q[8]
Gate(17051)	cx q[2], q[10]
Gate(17052)	cx q[8], q[2]
Gate(17053)	 h q[10]
Gate(17054)	 h q[0]
Gate(17055)	 t q[1]
Gate(17056)	 t q[10]
Gate(17057)	 t q[0]
Gate(17058)	cx q[10], q[1]
Gate(17059)	cx q[0], q[10]
Gate(17060)	cx q[1], q[0]
Gate(17061)	tdg q[10]
Gate(17062)	cx q[1], q[10]
Gate(17063)	tdg q[1]
Gate(17064)	tdg q[10]
Gate(17065)	 t q[0]
Gate(17066)	cx q[0], q[10]
Gate(17067)	cx q[1], q[0]
Gate(17068)	cx q[10], q[1]
Gate(17069)	 h q[0]
Gate(17070)	 h q[10]
Gate(17071)	 t q[2]
Gate(17072)	 t q[8]
Gate(17073)	 t q[10]
Gate(17074)	cx q[8], q[2]
Gate(17075)	cx q[10], q[8]
Gate(17076)	cx q[2], q[10]
Gate(17077)	tdg q[8]
Gate(17078)	cx q[2], q[8]
Gate(17079)	tdg q[2]
Gate(17080)	tdg q[8]
Gate(17081)	 t q[10]
Gate(17082)	cx q[10], q[8]
Gate(17083)	cx q[2], q[10]
Gate(17084)	cx q[8], q[2]
Gate(17085)	 h q[10]
Gate(17086)	 h q[8]
Gate(17087)	 t q[3]
Gate(17088)	 t q[5]
Gate(17089)	 t q[8]
Gate(17090)	cx q[5], q[3]
Gate(17091)	cx q[8], q[5]
Gate(17092)	cx q[3], q[8]
Gate(17093)	tdg q[5]
Gate(17094)	cx q[3], q[5]
Gate(17095)	tdg q[3]
Gate(17096)	tdg q[5]
Gate(17097)	 t q[8]
Gate(17098)	cx q[8], q[5]
Gate(17099)	cx q[3], q[8]
Gate(17100)	cx q[5], q[3]
Gate(17101)	 h q[8]
Gate(17102)	 h q[5]
Gate(17103)	 t q[6]
Gate(17104)	 t q[4]
Gate(17105)	 t q[5]
Gate(17106)	cx q[4], q[6]
Gate(17107)	cx q[5], q[4]
Gate(17108)	cx q[6], q[5]
Gate(17109)	tdg q[4]
Gate(17110)	cx q[6], q[4]
Gate(17111)	tdg q[6]
Gate(17112)	tdg q[4]
Gate(17113)	 t q[5]
Gate(17114)	cx q[5], q[4]
Gate(17115)	cx q[6], q[5]
Gate(17116)	cx q[4], q[6]
Gate(17117)	 h q[5]
Gate(17118)	 h q[4]
Gate(17119)	 t q[9]
Gate(17120)	 t q[7]
Gate(17121)	 t q[4]
Gate(17122)	cx q[7], q[9]
Gate(17123)	cx q[4], q[7]
Gate(17124)	cx q[9], q[4]
Gate(17125)	tdg q[7]
Gate(17126)	cx q[9], q[7]
Gate(17127)	tdg q[9]
Gate(17128)	tdg q[7]
Gate(17129)	 t q[4]
Gate(17130)	cx q[4], q[7]
Gate(17131)	cx q[9], q[4]
Gate(17132)	cx q[7], q[9]
Gate(17133)	 h q[4]
Gate(17134)	 h q[5]
Gate(17135)	 t q[6]
Gate(17136)	 t q[4]
Gate(17137)	 t q[5]
Gate(17138)	cx q[4], q[6]
Gate(17139)	cx q[5], q[4]
Gate(17140)	cx q[6], q[5]
Gate(17141)	tdg q[4]
Gate(17142)	cx q[6], q[4]
Gate(17143)	tdg q[6]
Gate(17144)	tdg q[4]
Gate(17145)	 t q[5]
Gate(17146)	cx q[5], q[4]
Gate(17147)	cx q[6], q[5]
Gate(17148)	cx q[4], q[6]
Gate(17149)	 h q[5]
Gate(17150)	 h q[8]
Gate(17151)	 t q[3]
Gate(17152)	 t q[5]
Gate(17153)	 t q[8]
Gate(17154)	cx q[5], q[3]
Gate(17155)	cx q[8], q[5]
Gate(17156)	cx q[3], q[8]
Gate(17157)	tdg q[5]
Gate(17158)	cx q[3], q[5]
Gate(17159)	tdg q[3]
Gate(17160)	tdg q[5]
Gate(17161)	 t q[8]
Gate(17162)	cx q[8], q[5]
Gate(17163)	cx q[3], q[8]
Gate(17164)	cx q[5], q[3]
Gate(17165)	 h q[8]
Gate(17166)	 h q[10]
Gate(17167)	 t q[2]
Gate(17168)	 t q[8]
Gate(17169)	 t q[10]
Gate(17170)	cx q[8], q[2]
Gate(17171)	cx q[10], q[8]
Gate(17172)	cx q[2], q[10]
Gate(17173)	tdg q[8]
Gate(17174)	cx q[2], q[8]
Gate(17175)	tdg q[2]
Gate(17176)	tdg q[8]
Gate(17177)	 t q[10]
Gate(17178)	cx q[10], q[8]
Gate(17179)	cx q[2], q[10]
Gate(17180)	cx q[8], q[2]
Gate(17181)	 h q[10]
Gate(17182)	 x q[3]
Gate(17183)	 x q[7]
Gate(17184)	 x q[4]
Gate(17185)	 h q[10]
Gate(17186)	 t q[6]
Gate(17187)	 t q[5]
Gate(17188)	 t q[10]
Gate(17189)	cx q[5], q[6]
Gate(17190)	cx q[10], q[5]
Gate(17191)	cx q[6], q[10]
Gate(17192)	tdg q[5]
Gate(17193)	cx q[6], q[5]
Gate(17194)	tdg q[6]
Gate(17195)	tdg q[5]
Gate(17196)	 t q[10]
Gate(17197)	cx q[10], q[5]
Gate(17198)	cx q[6], q[10]
Gate(17199)	cx q[5], q[6]
Gate(17200)	 h q[10]
Gate(17201)	 h q[5]
Gate(17202)	 t q[7]
Gate(17203)	 t q[4]
Gate(17204)	 t q[5]
Gate(17205)	cx q[4], q[7]
Gate(17206)	cx q[5], q[4]
Gate(17207)	cx q[7], q[5]
Gate(17208)	tdg q[4]
Gate(17209)	cx q[7], q[4]
Gate(17210)	tdg q[7]
Gate(17211)	tdg q[4]
Gate(17212)	 t q[5]
Gate(17213)	cx q[5], q[4]
Gate(17214)	cx q[7], q[5]
Gate(17215)	cx q[4], q[7]
Gate(17216)	 h q[5]
Gate(17217)	 h q[4]
Gate(17218)	 t q[9]
Gate(17219)	 t q[8]
Gate(17220)	 t q[4]
Gate(17221)	cx q[8], q[9]
Gate(17222)	cx q[4], q[8]
Gate(17223)	cx q[9], q[4]
Gate(17224)	tdg q[8]
Gate(17225)	cx q[9], q[8]
Gate(17226)	tdg q[9]
Gate(17227)	tdg q[8]
Gate(17228)	 t q[4]
Gate(17229)	cx q[4], q[8]
Gate(17230)	cx q[9], q[4]
Gate(17231)	cx q[8], q[9]
Gate(17232)	 h q[4]
Gate(17233)	 h q[5]
Gate(17234)	 t q[7]
Gate(17235)	 t q[4]
Gate(17236)	 t q[5]
Gate(17237)	cx q[4], q[7]
Gate(17238)	cx q[5], q[4]
Gate(17239)	cx q[7], q[5]
Gate(17240)	tdg q[4]
Gate(17241)	cx q[7], q[4]
Gate(17242)	tdg q[7]
Gate(17243)	tdg q[4]
Gate(17244)	 t q[5]
Gate(17245)	cx q[5], q[4]
Gate(17246)	cx q[7], q[5]
Gate(17247)	cx q[4], q[7]
Gate(17248)	 h q[5]
Gate(17249)	 h q[10]
Gate(17250)	 t q[6]
Gate(17251)	 t q[5]
Gate(17252)	 t q[10]
Gate(17253)	cx q[5], q[6]
Gate(17254)	cx q[10], q[5]
Gate(17255)	cx q[6], q[10]
Gate(17256)	tdg q[5]
Gate(17257)	cx q[6], q[5]
Gate(17258)	tdg q[6]
Gate(17259)	tdg q[5]
Gate(17260)	 t q[10]
Gate(17261)	cx q[10], q[5]
Gate(17262)	cx q[6], q[10]
Gate(17263)	cx q[5], q[6]
Gate(17264)	 h q[10]
Gate(17265)	 h q[5]
Gate(17266)	 t q[7]
Gate(17267)	 t q[4]
Gate(17268)	 t q[5]
Gate(17269)	cx q[4], q[7]
Gate(17270)	cx q[5], q[4]
Gate(17271)	cx q[7], q[5]
Gate(17272)	tdg q[4]
Gate(17273)	cx q[7], q[4]
Gate(17274)	tdg q[7]
Gate(17275)	tdg q[4]
Gate(17276)	 t q[5]
Gate(17277)	cx q[5], q[4]
Gate(17278)	cx q[7], q[5]
Gate(17279)	cx q[4], q[7]
Gate(17280)	 h q[5]
Gate(17281)	 h q[4]
Gate(17282)	 t q[9]
Gate(17283)	 t q[8]
Gate(17284)	 t q[4]
Gate(17285)	cx q[8], q[9]
Gate(17286)	cx q[4], q[8]
Gate(17287)	cx q[9], q[4]
Gate(17288)	tdg q[8]
Gate(17289)	cx q[9], q[8]
Gate(17290)	tdg q[9]
Gate(17291)	tdg q[8]
Gate(17292)	 t q[4]
Gate(17293)	cx q[4], q[8]
Gate(17294)	cx q[9], q[4]
Gate(17295)	cx q[8], q[9]
Gate(17296)	 h q[4]
Gate(17297)	 h q[5]
Gate(17298)	 t q[7]
Gate(17299)	 t q[4]
Gate(17300)	 t q[5]
Gate(17301)	cx q[4], q[7]
Gate(17302)	cx q[5], q[4]
Gate(17303)	cx q[7], q[5]
Gate(17304)	tdg q[4]
Gate(17305)	cx q[7], q[4]
Gate(17306)	tdg q[7]
Gate(17307)	tdg q[4]
Gate(17308)	 t q[5]
Gate(17309)	cx q[5], q[4]
Gate(17310)	cx q[7], q[5]
Gate(17311)	cx q[4], q[7]
Gate(17312)	 h q[5]
Gate(17313)	 h q[0]
Gate(17314)	 t q[10]
Gate(17315)	 t q[9]
Gate(17316)	 t q[0]
Gate(17317)	cx q[9], q[10]
Gate(17318)	cx q[0], q[9]
Gate(17319)	cx q[10], q[0]
Gate(17320)	tdg q[9]
Gate(17321)	cx q[10], q[9]
Gate(17322)	tdg q[10]
Gate(17323)	tdg q[9]
Gate(17324)	 t q[0]
Gate(17325)	cx q[0], q[9]
Gate(17326)	cx q[10], q[0]
Gate(17327)	cx q[9], q[10]
Gate(17328)	 h q[0]
Gate(17329)	 h q[9]
Gate(17330)	 t q[1]
Gate(17331)	 t q[8]
Gate(17332)	 t q[9]
Gate(17333)	cx q[8], q[1]
Gate(17334)	cx q[9], q[8]
Gate(17335)	cx q[1], q[9]
Gate(17336)	tdg q[8]
Gate(17337)	cx q[1], q[8]
Gate(17338)	tdg q[1]
Gate(17339)	tdg q[8]
Gate(17340)	 t q[9]
Gate(17341)	cx q[9], q[8]
Gate(17342)	cx q[1], q[9]
Gate(17343)	cx q[8], q[1]
Gate(17344)	 h q[9]
Gate(17345)	 h q[8]
Gate(17346)	 t q[2]
Gate(17347)	 t q[7]
Gate(17348)	 t q[8]
Gate(17349)	cx q[7], q[2]
Gate(17350)	cx q[8], q[7]
Gate(17351)	cx q[2], q[8]
Gate(17352)	tdg q[7]
Gate(17353)	cx q[2], q[7]
Gate(17354)	tdg q[2]
Gate(17355)	tdg q[7]
Gate(17356)	 t q[8]
Gate(17357)	cx q[8], q[7]
Gate(17358)	cx q[2], q[8]
Gate(17359)	cx q[7], q[2]
Gate(17360)	 h q[8]
Gate(17361)	 h q[7]
Gate(17362)	 t q[3]
Gate(17363)	 t q[6]
Gate(17364)	 t q[7]
Gate(17365)	cx q[6], q[3]
Gate(17366)	cx q[7], q[6]
Gate(17367)	cx q[3], q[7]
Gate(17368)	tdg q[6]
Gate(17369)	cx q[3], q[6]
Gate(17370)	tdg q[3]
Gate(17371)	tdg q[6]
Gate(17372)	 t q[7]
Gate(17373)	cx q[7], q[6]
Gate(17374)	cx q[3], q[7]
Gate(17375)	cx q[6], q[3]
Gate(17376)	 h q[7]
Gate(17377)	 h q[6]
Gate(17378)	 t q[5]
Gate(17379)	 t q[4]
Gate(17380)	 t q[6]
Gate(17381)	cx q[4], q[5]
Gate(17382)	cx q[6], q[4]
Gate(17383)	cx q[5], q[6]
Gate(17384)	tdg q[4]
Gate(17385)	cx q[5], q[4]
Gate(17386)	tdg q[5]
Gate(17387)	tdg q[4]
Gate(17388)	 t q[6]
Gate(17389)	cx q[6], q[4]
Gate(17390)	cx q[5], q[6]
Gate(17391)	cx q[4], q[5]
Gate(17392)	 h q[6]
Gate(17393)	 h q[7]
Gate(17394)	 t q[3]
Gate(17395)	 t q[6]
Gate(17396)	 t q[7]
Gate(17397)	cx q[6], q[3]
Gate(17398)	cx q[7], q[6]
Gate(17399)	cx q[3], q[7]
Gate(17400)	tdg q[6]
Gate(17401)	cx q[3], q[6]
Gate(17402)	tdg q[3]
Gate(17403)	tdg q[6]
Gate(17404)	 t q[7]
Gate(17405)	cx q[7], q[6]
Gate(17406)	cx q[3], q[7]
Gate(17407)	cx q[6], q[3]
Gate(17408)	 h q[7]
Gate(17409)	 h q[8]
Gate(17410)	 t q[2]
Gate(17411)	 t q[7]
Gate(17412)	 t q[8]
Gate(17413)	cx q[7], q[2]
Gate(17414)	cx q[8], q[7]
Gate(17415)	cx q[2], q[8]
Gate(17416)	tdg q[7]
Gate(17417)	cx q[2], q[7]
Gate(17418)	tdg q[2]
Gate(17419)	tdg q[7]
Gate(17420)	 t q[8]
Gate(17421)	cx q[8], q[7]
Gate(17422)	cx q[2], q[8]
Gate(17423)	cx q[7], q[2]
Gate(17424)	 h q[8]
Gate(17425)	 h q[9]
Gate(17426)	 t q[1]
Gate(17427)	 t q[8]
Gate(17428)	 t q[9]
Gate(17429)	cx q[8], q[1]
Gate(17430)	cx q[9], q[8]
Gate(17431)	cx q[1], q[9]
Gate(17432)	tdg q[8]
Gate(17433)	cx q[1], q[8]
Gate(17434)	tdg q[1]
Gate(17435)	tdg q[8]
Gate(17436)	 t q[9]
Gate(17437)	cx q[9], q[8]
Gate(17438)	cx q[1], q[9]
Gate(17439)	cx q[8], q[1]
Gate(17440)	 h q[9]
Gate(17441)	 h q[0]
Gate(17442)	 t q[10]
Gate(17443)	 t q[9]
Gate(17444)	 t q[0]
Gate(17445)	cx q[9], q[10]
Gate(17446)	cx q[0], q[9]
Gate(17447)	cx q[10], q[0]
Gate(17448)	tdg q[9]
Gate(17449)	cx q[10], q[9]
Gate(17450)	tdg q[10]
Gate(17451)	tdg q[9]
Gate(17452)	 t q[0]
Gate(17453)	cx q[0], q[9]
Gate(17454)	cx q[10], q[0]
Gate(17455)	cx q[9], q[10]
Gate(17456)	 h q[0]
Gate(17457)	 h q[9]
Gate(17458)	 t q[1]
Gate(17459)	 t q[8]
Gate(17460)	 t q[9]
Gate(17461)	cx q[8], q[1]
Gate(17462)	cx q[9], q[8]
Gate(17463)	cx q[1], q[9]
Gate(17464)	tdg q[8]
Gate(17465)	cx q[1], q[8]
Gate(17466)	tdg q[1]
Gate(17467)	tdg q[8]
Gate(17468)	 t q[9]
Gate(17469)	cx q[9], q[8]
Gate(17470)	cx q[1], q[9]
Gate(17471)	cx q[8], q[1]
Gate(17472)	 h q[9]
Gate(17473)	 h q[8]
Gate(17474)	 t q[2]
Gate(17475)	 t q[7]
Gate(17476)	 t q[8]
Gate(17477)	cx q[7], q[2]
Gate(17478)	cx q[8], q[7]
Gate(17479)	cx q[2], q[8]
Gate(17480)	tdg q[7]
Gate(17481)	cx q[2], q[7]
Gate(17482)	tdg q[2]
Gate(17483)	tdg q[7]
Gate(17484)	 t q[8]
Gate(17485)	cx q[8], q[7]
Gate(17486)	cx q[2], q[8]
Gate(17487)	cx q[7], q[2]
Gate(17488)	 h q[8]
Gate(17489)	 h q[7]
Gate(17490)	 t q[3]
Gate(17491)	 t q[6]
Gate(17492)	 t q[7]
Gate(17493)	cx q[6], q[3]
Gate(17494)	cx q[7], q[6]
Gate(17495)	cx q[3], q[7]
Gate(17496)	tdg q[6]
Gate(17497)	cx q[3], q[6]
Gate(17498)	tdg q[3]
Gate(17499)	tdg q[6]
Gate(17500)	 t q[7]
Gate(17501)	cx q[7], q[6]
Gate(17502)	cx q[3], q[7]
Gate(17503)	cx q[6], q[3]
Gate(17504)	 h q[7]
Gate(17505)	 h q[6]
Gate(17506)	 t q[5]
Gate(17507)	 t q[4]
Gate(17508)	 t q[6]
Gate(17509)	cx q[4], q[5]
Gate(17510)	cx q[6], q[4]
Gate(17511)	cx q[5], q[6]
Gate(17512)	tdg q[4]
Gate(17513)	cx q[5], q[4]
Gate(17514)	tdg q[5]
Gate(17515)	tdg q[4]
Gate(17516)	 t q[6]
Gate(17517)	cx q[6], q[4]
Gate(17518)	cx q[5], q[6]
Gate(17519)	cx q[4], q[5]
Gate(17520)	 h q[6]
Gate(17521)	 h q[7]
Gate(17522)	 t q[3]
Gate(17523)	 t q[6]
Gate(17524)	 t q[7]
Gate(17525)	cx q[6], q[3]
Gate(17526)	cx q[7], q[6]
Gate(17527)	cx q[3], q[7]
Gate(17528)	tdg q[6]
Gate(17529)	cx q[3], q[6]
Gate(17530)	tdg q[3]
Gate(17531)	tdg q[6]
Gate(17532)	 t q[7]
Gate(17533)	cx q[7], q[6]
Gate(17534)	cx q[3], q[7]
Gate(17535)	cx q[6], q[3]
Gate(17536)	 h q[7]
Gate(17537)	 h q[8]
Gate(17538)	 t q[2]
Gate(17539)	 t q[7]
Gate(17540)	 t q[8]
Gate(17541)	cx q[7], q[2]
Gate(17542)	cx q[8], q[7]
Gate(17543)	cx q[2], q[8]
Gate(17544)	tdg q[7]
Gate(17545)	cx q[2], q[7]
Gate(17546)	tdg q[2]
Gate(17547)	tdg q[7]
Gate(17548)	 t q[8]
Gate(17549)	cx q[8], q[7]
Gate(17550)	cx q[2], q[8]
Gate(17551)	cx q[7], q[2]
Gate(17552)	 h q[8]
Gate(17553)	 h q[9]
Gate(17554)	 t q[1]
Gate(17555)	 t q[8]
Gate(17556)	 t q[9]
Gate(17557)	cx q[8], q[1]
Gate(17558)	cx q[9], q[8]
Gate(17559)	cx q[1], q[9]
Gate(17560)	tdg q[8]
Gate(17561)	cx q[1], q[8]
Gate(17562)	tdg q[1]
Gate(17563)	tdg q[8]
Gate(17564)	 t q[9]
Gate(17565)	cx q[9], q[8]
Gate(17566)	cx q[1], q[9]
Gate(17567)	cx q[8], q[1]
Gate(17568)	 h q[9]
Gate(17569)	 h q[10]
Gate(17570)	 t q[6]
Gate(17571)	 t q[5]
Gate(17572)	 t q[10]
Gate(17573)	cx q[5], q[6]
Gate(17574)	cx q[10], q[5]
Gate(17575)	cx q[6], q[10]
Gate(17576)	tdg q[5]
Gate(17577)	cx q[6], q[5]
Gate(17578)	tdg q[6]
Gate(17579)	tdg q[5]
Gate(17580)	 t q[10]
Gate(17581)	cx q[10], q[5]
Gate(17582)	cx q[6], q[10]
Gate(17583)	cx q[5], q[6]
Gate(17584)	 h q[10]
Gate(17585)	 h q[5]
Gate(17586)	 t q[7]
Gate(17587)	 t q[4]
Gate(17588)	 t q[5]
Gate(17589)	cx q[4], q[7]
Gate(17590)	cx q[5], q[4]
Gate(17591)	cx q[7], q[5]
Gate(17592)	tdg q[4]
Gate(17593)	cx q[7], q[4]
Gate(17594)	tdg q[7]
Gate(17595)	tdg q[4]
Gate(17596)	 t q[5]
Gate(17597)	cx q[5], q[4]
Gate(17598)	cx q[7], q[5]
Gate(17599)	cx q[4], q[7]
Gate(17600)	 h q[5]
Gate(17601)	 h q[4]
Gate(17602)	 t q[9]
Gate(17603)	 t q[8]
Gate(17604)	 t q[4]
Gate(17605)	cx q[8], q[9]
Gate(17606)	cx q[4], q[8]
Gate(17607)	cx q[9], q[4]
Gate(17608)	tdg q[8]
Gate(17609)	cx q[9], q[8]
Gate(17610)	tdg q[9]
Gate(17611)	tdg q[8]
Gate(17612)	 t q[4]
Gate(17613)	cx q[4], q[8]
Gate(17614)	cx q[9], q[4]
Gate(17615)	cx q[8], q[9]
Gate(17616)	 h q[4]
Gate(17617)	 h q[5]
Gate(17618)	 t q[7]
Gate(17619)	 t q[4]
Gate(17620)	 t q[5]
Gate(17621)	cx q[4], q[7]
Gate(17622)	cx q[5], q[4]
Gate(17623)	cx q[7], q[5]
Gate(17624)	tdg q[4]
Gate(17625)	cx q[7], q[4]
Gate(17626)	tdg q[7]
Gate(17627)	tdg q[4]
Gate(17628)	 t q[5]
Gate(17629)	cx q[5], q[4]
Gate(17630)	cx q[7], q[5]
Gate(17631)	cx q[4], q[7]
Gate(17632)	 h q[5]
Gate(17633)	 h q[10]
Gate(17634)	 t q[6]
Gate(17635)	 t q[5]
Gate(17636)	 t q[10]
Gate(17637)	cx q[5], q[6]
Gate(17638)	cx q[10], q[5]
Gate(17639)	cx q[6], q[10]
Gate(17640)	tdg q[5]
Gate(17641)	cx q[6], q[5]
Gate(17642)	tdg q[6]
Gate(17643)	tdg q[5]
Gate(17644)	 t q[10]
Gate(17645)	cx q[10], q[5]
Gate(17646)	cx q[6], q[10]
Gate(17647)	cx q[5], q[6]
Gate(17648)	 h q[10]
Gate(17649)	 h q[5]
Gate(17650)	 t q[7]
Gate(17651)	 t q[4]
Gate(17652)	 t q[5]
Gate(17653)	cx q[4], q[7]
Gate(17654)	cx q[5], q[4]
Gate(17655)	cx q[7], q[5]
Gate(17656)	tdg q[4]
Gate(17657)	cx q[7], q[4]
Gate(17658)	tdg q[7]
Gate(17659)	tdg q[4]
Gate(17660)	 t q[5]
Gate(17661)	cx q[5], q[4]
Gate(17662)	cx q[7], q[5]
Gate(17663)	cx q[4], q[7]
Gate(17664)	 h q[5]
Gate(17665)	 h q[4]
Gate(17666)	 t q[9]
Gate(17667)	 t q[8]
Gate(17668)	 t q[4]
Gate(17669)	cx q[8], q[9]
Gate(17670)	cx q[4], q[8]
Gate(17671)	cx q[9], q[4]
Gate(17672)	tdg q[8]
Gate(17673)	cx q[9], q[8]
Gate(17674)	tdg q[9]
Gate(17675)	tdg q[8]
Gate(17676)	 t q[4]
Gate(17677)	cx q[4], q[8]
Gate(17678)	cx q[9], q[4]
Gate(17679)	cx q[8], q[9]
Gate(17680)	 h q[4]
Gate(17681)	 h q[5]
Gate(17682)	 t q[7]
Gate(17683)	 t q[4]
Gate(17684)	 t q[5]
Gate(17685)	cx q[4], q[7]
Gate(17686)	cx q[5], q[4]
Gate(17687)	cx q[7], q[5]
Gate(17688)	tdg q[4]
Gate(17689)	cx q[7], q[4]
Gate(17690)	tdg q[7]
Gate(17691)	tdg q[4]
Gate(17692)	 t q[5]
Gate(17693)	cx q[5], q[4]
Gate(17694)	cx q[7], q[5]
Gate(17695)	cx q[4], q[7]
Gate(17696)	 h q[5]
Gate(17697)	 h q[0]
Gate(17698)	 t q[10]
Gate(17699)	 t q[9]
Gate(17700)	 t q[0]
Gate(17701)	cx q[9], q[10]
Gate(17702)	cx q[0], q[9]
Gate(17703)	cx q[10], q[0]
Gate(17704)	tdg q[9]
Gate(17705)	cx q[10], q[9]
Gate(17706)	tdg q[10]
Gate(17707)	tdg q[9]
Gate(17708)	 t q[0]
Gate(17709)	cx q[0], q[9]
Gate(17710)	cx q[10], q[0]
Gate(17711)	cx q[9], q[10]
Gate(17712)	 h q[0]
Gate(17713)	 h q[9]
Gate(17714)	 t q[1]
Gate(17715)	 t q[8]
Gate(17716)	 t q[9]
Gate(17717)	cx q[8], q[1]
Gate(17718)	cx q[9], q[8]
Gate(17719)	cx q[1], q[9]
Gate(17720)	tdg q[8]
Gate(17721)	cx q[1], q[8]
Gate(17722)	tdg q[1]
Gate(17723)	tdg q[8]
Gate(17724)	 t q[9]
Gate(17725)	cx q[9], q[8]
Gate(17726)	cx q[1], q[9]
Gate(17727)	cx q[8], q[1]
Gate(17728)	 h q[9]
Gate(17729)	 h q[8]
Gate(17730)	 t q[2]
Gate(17731)	 t q[7]
Gate(17732)	 t q[8]
Gate(17733)	cx q[7], q[2]
Gate(17734)	cx q[8], q[7]
Gate(17735)	cx q[2], q[8]
Gate(17736)	tdg q[7]
Gate(17737)	cx q[2], q[7]
Gate(17738)	tdg q[2]
Gate(17739)	tdg q[7]
Gate(17740)	 t q[8]
Gate(17741)	cx q[8], q[7]
Gate(17742)	cx q[2], q[8]
Gate(17743)	cx q[7], q[2]
Gate(17744)	 h q[8]
Gate(17745)	 h q[7]
Gate(17746)	 t q[3]
Gate(17747)	 t q[6]
Gate(17748)	 t q[7]
Gate(17749)	cx q[6], q[3]
Gate(17750)	cx q[7], q[6]
Gate(17751)	cx q[3], q[7]
Gate(17752)	tdg q[6]
Gate(17753)	cx q[3], q[6]
Gate(17754)	tdg q[3]
Gate(17755)	tdg q[6]
Gate(17756)	 t q[7]
Gate(17757)	cx q[7], q[6]
Gate(17758)	cx q[3], q[7]
Gate(17759)	cx q[6], q[3]
Gate(17760)	 h q[7]
Gate(17761)	 h q[6]
Gate(17762)	 t q[5]
Gate(17763)	 t q[4]
Gate(17764)	 t q[6]
Gate(17765)	cx q[4], q[5]
Gate(17766)	cx q[6], q[4]
Gate(17767)	cx q[5], q[6]
Gate(17768)	tdg q[4]
Gate(17769)	cx q[5], q[4]
Gate(17770)	tdg q[5]
Gate(17771)	tdg q[4]
Gate(17772)	 t q[6]
Gate(17773)	cx q[6], q[4]
Gate(17774)	cx q[5], q[6]
Gate(17775)	cx q[4], q[5]
Gate(17776)	 h q[6]
Gate(17777)	 h q[7]
Gate(17778)	 t q[3]
Gate(17779)	 t q[6]
Gate(17780)	 t q[7]
Gate(17781)	cx q[6], q[3]
Gate(17782)	cx q[7], q[6]
Gate(17783)	cx q[3], q[7]
Gate(17784)	tdg q[6]
Gate(17785)	cx q[3], q[6]
Gate(17786)	tdg q[3]
Gate(17787)	tdg q[6]
Gate(17788)	 t q[7]
Gate(17789)	cx q[7], q[6]
Gate(17790)	cx q[3], q[7]
Gate(17791)	cx q[6], q[3]
Gate(17792)	 h q[7]
Gate(17793)	 h q[8]
Gate(17794)	 t q[2]
Gate(17795)	 t q[7]
Gate(17796)	 t q[8]
Gate(17797)	cx q[7], q[2]
Gate(17798)	cx q[8], q[7]
Gate(17799)	cx q[2], q[8]
Gate(17800)	tdg q[7]
Gate(17801)	cx q[2], q[7]
Gate(17802)	tdg q[2]
Gate(17803)	tdg q[7]
Gate(17804)	 t q[8]
Gate(17805)	cx q[8], q[7]
Gate(17806)	cx q[2], q[8]
Gate(17807)	cx q[7], q[2]
Gate(17808)	 h q[8]
Gate(17809)	 h q[9]
Gate(17810)	 t q[1]
Gate(17811)	 t q[8]
Gate(17812)	 t q[9]
Gate(17813)	cx q[8], q[1]
Gate(17814)	cx q[9], q[8]
Gate(17815)	cx q[1], q[9]
Gate(17816)	tdg q[8]
Gate(17817)	cx q[1], q[8]
Gate(17818)	tdg q[1]
Gate(17819)	tdg q[8]
Gate(17820)	 t q[9]
Gate(17821)	cx q[9], q[8]
Gate(17822)	cx q[1], q[9]
Gate(17823)	cx q[8], q[1]
Gate(17824)	 h q[9]
Gate(17825)	 h q[0]
Gate(17826)	 t q[10]
Gate(17827)	 t q[9]
Gate(17828)	 t q[0]
Gate(17829)	cx q[9], q[10]
Gate(17830)	cx q[0], q[9]
Gate(17831)	cx q[10], q[0]
Gate(17832)	tdg q[9]
Gate(17833)	cx q[10], q[9]
Gate(17834)	tdg q[10]
Gate(17835)	tdg q[9]
Gate(17836)	 t q[0]
Gate(17837)	cx q[0], q[9]
Gate(17838)	cx q[10], q[0]
Gate(17839)	cx q[9], q[10]
Gate(17840)	 h q[0]
Gate(17841)	 h q[9]
Gate(17842)	 t q[1]
Gate(17843)	 t q[8]
Gate(17844)	 t q[9]
Gate(17845)	cx q[8], q[1]
Gate(17846)	cx q[9], q[8]
Gate(17847)	cx q[1], q[9]
Gate(17848)	tdg q[8]
Gate(17849)	cx q[1], q[8]
Gate(17850)	tdg q[1]
Gate(17851)	tdg q[8]
Gate(17852)	 t q[9]
Gate(17853)	cx q[9], q[8]
Gate(17854)	cx q[1], q[9]
Gate(17855)	cx q[8], q[1]
Gate(17856)	 h q[9]
Gate(17857)	 h q[8]
Gate(17858)	 t q[2]
Gate(17859)	 t q[7]
Gate(17860)	 t q[8]
Gate(17861)	cx q[7], q[2]
Gate(17862)	cx q[8], q[7]
Gate(17863)	cx q[2], q[8]
Gate(17864)	tdg q[7]
Gate(17865)	cx q[2], q[7]
Gate(17866)	tdg q[2]
Gate(17867)	tdg q[7]
Gate(17868)	 t q[8]
Gate(17869)	cx q[8], q[7]
Gate(17870)	cx q[2], q[8]
Gate(17871)	cx q[7], q[2]
Gate(17872)	 h q[8]
Gate(17873)	 h q[7]
Gate(17874)	 t q[3]
Gate(17875)	 t q[6]
Gate(17876)	 t q[7]
Gate(17877)	cx q[6], q[3]
Gate(17878)	cx q[7], q[6]
Gate(17879)	cx q[3], q[7]
Gate(17880)	tdg q[6]
Gate(17881)	cx q[3], q[6]
Gate(17882)	tdg q[3]
Gate(17883)	tdg q[6]
Gate(17884)	 t q[7]
Gate(17885)	cx q[7], q[6]
Gate(17886)	cx q[3], q[7]
Gate(17887)	cx q[6], q[3]
Gate(17888)	 h q[7]
Gate(17889)	 h q[6]
Gate(17890)	 t q[5]
Gate(17891)	 t q[4]
Gate(17892)	 t q[6]
Gate(17893)	cx q[4], q[5]
Gate(17894)	cx q[6], q[4]
Gate(17895)	cx q[5], q[6]
Gate(17896)	tdg q[4]
Gate(17897)	cx q[5], q[4]
Gate(17898)	tdg q[5]
Gate(17899)	tdg q[4]
Gate(17900)	 t q[6]
Gate(17901)	cx q[6], q[4]
Gate(17902)	cx q[5], q[6]
Gate(17903)	cx q[4], q[5]
Gate(17904)	 h q[6]
Gate(17905)	 h q[7]
Gate(17906)	 t q[3]
Gate(17907)	 t q[6]
Gate(17908)	 t q[7]
Gate(17909)	cx q[6], q[3]
Gate(17910)	cx q[7], q[6]
Gate(17911)	cx q[3], q[7]
Gate(17912)	tdg q[6]
Gate(17913)	cx q[3], q[6]
Gate(17914)	tdg q[3]
Gate(17915)	tdg q[6]
Gate(17916)	 t q[7]
Gate(17917)	cx q[7], q[6]
Gate(17918)	cx q[3], q[7]
Gate(17919)	cx q[6], q[3]
Gate(17920)	 h q[7]
Gate(17921)	 h q[8]
Gate(17922)	 t q[2]
Gate(17923)	 t q[7]
Gate(17924)	 t q[8]
Gate(17925)	cx q[7], q[2]
Gate(17926)	cx q[8], q[7]
Gate(17927)	cx q[2], q[8]
Gate(17928)	tdg q[7]
Gate(17929)	cx q[2], q[7]
Gate(17930)	tdg q[2]
Gate(17931)	tdg q[7]
Gate(17932)	 t q[8]
Gate(17933)	cx q[8], q[7]
Gate(17934)	cx q[2], q[8]
Gate(17935)	cx q[7], q[2]
Gate(17936)	 h q[8]
Gate(17937)	 h q[9]
Gate(17938)	 t q[1]
Gate(17939)	 t q[8]
Gate(17940)	 t q[9]
Gate(17941)	cx q[8], q[1]
Gate(17942)	cx q[9], q[8]
Gate(17943)	cx q[1], q[9]
Gate(17944)	tdg q[8]
Gate(17945)	cx q[1], q[8]
Gate(17946)	tdg q[1]
Gate(17947)	tdg q[8]
Gate(17948)	 t q[9]
Gate(17949)	cx q[9], q[8]
Gate(17950)	cx q[1], q[9]
Gate(17951)	cx q[8], q[1]
Gate(17952)	 h q[9]
Gate(17953)	 h q[0]
Gate(17954)	 t q[1]
Gate(17955)	 t q[10]
Gate(17956)	 t q[0]
Gate(17957)	cx q[10], q[1]
Gate(17958)	cx q[0], q[10]
Gate(17959)	cx q[1], q[0]
Gate(17960)	tdg q[10]
Gate(17961)	cx q[1], q[10]
Gate(17962)	tdg q[1]
Gate(17963)	tdg q[10]
Gate(17964)	 t q[0]
Gate(17965)	cx q[0], q[10]
Gate(17966)	cx q[1], q[0]
Gate(17967)	cx q[10], q[1]
Gate(17968)	 h q[0]
Gate(17969)	 h q[10]
Gate(17970)	 t q[2]
Gate(17971)	 t q[7]
Gate(17972)	 t q[10]
Gate(17973)	cx q[7], q[2]
Gate(17974)	cx q[10], q[7]
Gate(17975)	cx q[2], q[10]
Gate(17976)	tdg q[7]
Gate(17977)	cx q[2], q[7]
Gate(17978)	tdg q[2]
Gate(17979)	tdg q[7]
Gate(17980)	 t q[10]
Gate(17981)	cx q[10], q[7]
Gate(17982)	cx q[2], q[10]
Gate(17983)	cx q[7], q[2]
Gate(17984)	 h q[10]
Gate(17985)	 h q[7]
Gate(17986)	 t q[4]
Gate(17987)	 t q[5]
Gate(17988)	 t q[7]
Gate(17989)	cx q[5], q[4]
Gate(17990)	cx q[7], q[5]
Gate(17991)	cx q[4], q[7]
Gate(17992)	tdg q[5]
Gate(17993)	cx q[4], q[5]
Gate(17994)	tdg q[4]
Gate(17995)	tdg q[5]
Gate(17996)	 t q[7]
Gate(17997)	cx q[7], q[5]
Gate(17998)	cx q[4], q[7]
Gate(17999)	cx q[5], q[4]
Gate(18000)	 h q[7]
Gate(18001)	 h q[5]
Gate(18002)	 t q[6]
Gate(18003)	 t q[3]
Gate(18004)	 t q[5]
Gate(18005)	cx q[3], q[6]
Gate(18006)	cx q[5], q[3]
Gate(18007)	cx q[6], q[5]
Gate(18008)	tdg q[3]
Gate(18009)	cx q[6], q[3]
Gate(18010)	tdg q[6]
Gate(18011)	tdg q[3]
Gate(18012)	 t q[5]
Gate(18013)	cx q[5], q[3]
Gate(18014)	cx q[6], q[5]
Gate(18015)	cx q[3], q[6]
Gate(18016)	 h q[5]
Gate(18017)	 h q[3]
Gate(18018)	 t q[9]
Gate(18019)	 t q[8]
Gate(18020)	 t q[3]
Gate(18021)	cx q[8], q[9]
Gate(18022)	cx q[3], q[8]
Gate(18023)	cx q[9], q[3]
Gate(18024)	tdg q[8]
Gate(18025)	cx q[9], q[8]
Gate(18026)	tdg q[9]
Gate(18027)	tdg q[8]
Gate(18028)	 t q[3]
Gate(18029)	cx q[3], q[8]
Gate(18030)	cx q[9], q[3]
Gate(18031)	cx q[8], q[9]
Gate(18032)	 h q[3]
Gate(18033)	 h q[5]
Gate(18034)	 t q[6]
Gate(18035)	 t q[3]
Gate(18036)	 t q[5]
Gate(18037)	cx q[3], q[6]
Gate(18038)	cx q[5], q[3]
Gate(18039)	cx q[6], q[5]
Gate(18040)	tdg q[3]
Gate(18041)	cx q[6], q[3]
Gate(18042)	tdg q[6]
Gate(18043)	tdg q[3]
Gate(18044)	 t q[5]
Gate(18045)	cx q[5], q[3]
Gate(18046)	cx q[6], q[5]
Gate(18047)	cx q[3], q[6]
Gate(18048)	 h q[5]
Gate(18049)	 h q[7]
Gate(18050)	 t q[4]
Gate(18051)	 t q[5]
Gate(18052)	 t q[7]
Gate(18053)	cx q[5], q[4]
Gate(18054)	cx q[7], q[5]
Gate(18055)	cx q[4], q[7]
Gate(18056)	tdg q[5]
Gate(18057)	cx q[4], q[5]
Gate(18058)	tdg q[4]
Gate(18059)	tdg q[5]
Gate(18060)	 t q[7]
Gate(18061)	cx q[7], q[5]
Gate(18062)	cx q[4], q[7]
Gate(18063)	cx q[5], q[4]
Gate(18064)	 h q[7]
Gate(18065)	 h q[10]
Gate(18066)	 t q[2]
Gate(18067)	 t q[7]
Gate(18068)	 t q[10]
Gate(18069)	cx q[7], q[2]
Gate(18070)	cx q[10], q[7]
Gate(18071)	cx q[2], q[10]
Gate(18072)	tdg q[7]
Gate(18073)	cx q[2], q[7]
Gate(18074)	tdg q[2]
Gate(18075)	tdg q[7]
Gate(18076)	 t q[10]
Gate(18077)	cx q[10], q[7]
Gate(18078)	cx q[2], q[10]
Gate(18079)	cx q[7], q[2]
Gate(18080)	 h q[10]
Gate(18081)	 h q[0]
Gate(18082)	 t q[1]
Gate(18083)	 t q[10]
Gate(18084)	 t q[0]
Gate(18085)	cx q[10], q[1]
Gate(18086)	cx q[0], q[10]
Gate(18087)	cx q[1], q[0]
Gate(18088)	tdg q[10]
Gate(18089)	cx q[1], q[10]
Gate(18090)	tdg q[1]
Gate(18091)	tdg q[10]
Gate(18092)	 t q[0]
Gate(18093)	cx q[0], q[10]
Gate(18094)	cx q[1], q[0]
Gate(18095)	cx q[10], q[1]
Gate(18096)	 h q[0]
Gate(18097)	 h q[10]
Gate(18098)	 t q[2]
Gate(18099)	 t q[7]
Gate(18100)	 t q[10]
Gate(18101)	cx q[7], q[2]
Gate(18102)	cx q[10], q[7]
Gate(18103)	cx q[2], q[10]
Gate(18104)	tdg q[7]
Gate(18105)	cx q[2], q[7]
Gate(18106)	tdg q[2]
Gate(18107)	tdg q[7]
Gate(18108)	 t q[10]
Gate(18109)	cx q[10], q[7]
Gate(18110)	cx q[2], q[10]
Gate(18111)	cx q[7], q[2]
Gate(18112)	 h q[10]
Gate(18113)	 h q[7]
Gate(18114)	 t q[4]
Gate(18115)	 t q[5]
Gate(18116)	 t q[7]
Gate(18117)	cx q[5], q[4]
Gate(18118)	cx q[7], q[5]
Gate(18119)	cx q[4], q[7]
Gate(18120)	tdg q[5]
Gate(18121)	cx q[4], q[5]
Gate(18122)	tdg q[4]
Gate(18123)	tdg q[5]
Gate(18124)	 t q[7]
Gate(18125)	cx q[7], q[5]
Gate(18126)	cx q[4], q[7]
Gate(18127)	cx q[5], q[4]
Gate(18128)	 h q[7]
Gate(18129)	 h q[5]
Gate(18130)	 t q[6]
Gate(18131)	 t q[3]
Gate(18132)	 t q[5]
Gate(18133)	cx q[3], q[6]
Gate(18134)	cx q[5], q[3]
Gate(18135)	cx q[6], q[5]
Gate(18136)	tdg q[3]
Gate(18137)	cx q[6], q[3]
Gate(18138)	tdg q[6]
Gate(18139)	tdg q[3]
Gate(18140)	 t q[5]
Gate(18141)	cx q[5], q[3]
Gate(18142)	cx q[6], q[5]
Gate(18143)	cx q[3], q[6]
Gate(18144)	 h q[5]
Gate(18145)	 h q[3]
Gate(18146)	 t q[9]
Gate(18147)	 t q[8]
Gate(18148)	 t q[3]
Gate(18149)	cx q[8], q[9]
Gate(18150)	cx q[3], q[8]
Gate(18151)	cx q[9], q[3]
Gate(18152)	tdg q[8]
Gate(18153)	cx q[9], q[8]
Gate(18154)	tdg q[9]
Gate(18155)	tdg q[8]
Gate(18156)	 t q[3]
Gate(18157)	cx q[3], q[8]
Gate(18158)	cx q[9], q[3]
Gate(18159)	cx q[8], q[9]
Gate(18160)	 h q[3]
Gate(18161)	 h q[5]
Gate(18162)	 t q[6]
Gate(18163)	 t q[3]
Gate(18164)	 t q[5]
Gate(18165)	cx q[3], q[6]
Gate(18166)	cx q[5], q[3]
Gate(18167)	cx q[6], q[5]
Gate(18168)	tdg q[3]
Gate(18169)	cx q[6], q[3]
Gate(18170)	tdg q[6]
Gate(18171)	tdg q[3]
Gate(18172)	 t q[5]
Gate(18173)	cx q[5], q[3]
Gate(18174)	cx q[6], q[5]
Gate(18175)	cx q[3], q[6]
Gate(18176)	 h q[5]
Gate(18177)	 h q[7]
Gate(18178)	 t q[4]
Gate(18179)	 t q[5]
Gate(18180)	 t q[7]
Gate(18181)	cx q[5], q[4]
Gate(18182)	cx q[7], q[5]
Gate(18183)	cx q[4], q[7]
Gate(18184)	tdg q[5]
Gate(18185)	cx q[4], q[5]
Gate(18186)	tdg q[4]
Gate(18187)	tdg q[5]
Gate(18188)	 t q[7]
Gate(18189)	cx q[7], q[5]
Gate(18190)	cx q[4], q[7]
Gate(18191)	cx q[5], q[4]
Gate(18192)	 h q[7]
Gate(18193)	 h q[10]
Gate(18194)	 t q[2]
Gate(18195)	 t q[7]
Gate(18196)	 t q[10]
Gate(18197)	cx q[7], q[2]
Gate(18198)	cx q[10], q[7]
Gate(18199)	cx q[2], q[10]
Gate(18200)	tdg q[7]
Gate(18201)	cx q[2], q[7]
Gate(18202)	tdg q[2]
Gate(18203)	tdg q[7]
Gate(18204)	 t q[10]
Gate(18205)	cx q[10], q[7]
Gate(18206)	cx q[2], q[10]
Gate(18207)	cx q[7], q[2]
Gate(18208)	 h q[10]
Gate(18209)	 x q[2]
Gate(18210)	 x q[4]
Gate(18211)	 x q[8]
Gate(18212)	 x q[9]
Gate(18213)	 x q[5]
Gate(18214)	 h q[7]
Gate(18215)	 t q[5]
Gate(18216)	 t q[10]
Gate(18217)	 t q[7]
Gate(18218)	cx q[10], q[5]
Gate(18219)	cx q[7], q[10]
Gate(18220)	cx q[5], q[7]
Gate(18221)	tdg q[10]
Gate(18222)	cx q[5], q[10]
Gate(18223)	tdg q[5]
Gate(18224)	tdg q[10]
Gate(18225)	 t q[7]
Gate(18226)	cx q[7], q[10]
Gate(18227)	cx q[5], q[7]
Gate(18228)	cx q[10], q[5]
Gate(18229)	 h q[7]
Gate(18230)	 h q[10]
Gate(18231)	 t q[6]
Gate(18232)	 t q[4]
Gate(18233)	 t q[10]
Gate(18234)	cx q[4], q[6]
Gate(18235)	cx q[10], q[4]
Gate(18236)	cx q[6], q[10]
Gate(18237)	tdg q[4]
Gate(18238)	cx q[6], q[4]
Gate(18239)	tdg q[6]
Gate(18240)	tdg q[4]
Gate(18241)	 t q[10]
Gate(18242)	cx q[10], q[4]
Gate(18243)	cx q[6], q[10]
Gate(18244)	cx q[4], q[6]
Gate(18245)	 h q[10]
Gate(18246)	 h q[4]
Gate(18247)	 t q[9]
Gate(18248)	 t q[8]
Gate(18249)	 t q[4]
Gate(18250)	cx q[8], q[9]
Gate(18251)	cx q[4], q[8]
Gate(18252)	cx q[9], q[4]
Gate(18253)	tdg q[8]
Gate(18254)	cx q[9], q[8]
Gate(18255)	tdg q[9]
Gate(18256)	tdg q[8]
Gate(18257)	 t q[4]
Gate(18258)	cx q[4], q[8]
Gate(18259)	cx q[9], q[4]
Gate(18260)	cx q[8], q[9]
Gate(18261)	 h q[4]
Gate(18262)	 h q[10]
Gate(18263)	 t q[6]
Gate(18264)	 t q[4]
Gate(18265)	 t q[10]
Gate(18266)	cx q[4], q[6]
Gate(18267)	cx q[10], q[4]
Gate(18268)	cx q[6], q[10]
Gate(18269)	tdg q[4]
Gate(18270)	cx q[6], q[4]
Gate(18271)	tdg q[6]
Gate(18272)	tdg q[4]
Gate(18273)	 t q[10]
Gate(18274)	cx q[10], q[4]
Gate(18275)	cx q[6], q[10]
Gate(18276)	cx q[4], q[6]
Gate(18277)	 h q[10]
Gate(18278)	 h q[7]
Gate(18279)	 t q[5]
Gate(18280)	 t q[10]
Gate(18281)	 t q[7]
Gate(18282)	cx q[10], q[5]
Gate(18283)	cx q[7], q[10]
Gate(18284)	cx q[5], q[7]
Gate(18285)	tdg q[10]
Gate(18286)	cx q[5], q[10]
Gate(18287)	tdg q[5]
Gate(18288)	tdg q[10]
Gate(18289)	 t q[7]
Gate(18290)	cx q[7], q[10]
Gate(18291)	cx q[5], q[7]
Gate(18292)	cx q[10], q[5]
Gate(18293)	 h q[7]
Gate(18294)	 h q[10]
Gate(18295)	 t q[6]
Gate(18296)	 t q[4]
Gate(18297)	 t q[10]
Gate(18298)	cx q[4], q[6]
Gate(18299)	cx q[10], q[4]
Gate(18300)	cx q[6], q[10]
Gate(18301)	tdg q[4]
Gate(18302)	cx q[6], q[4]
Gate(18303)	tdg q[6]
Gate(18304)	tdg q[4]
Gate(18305)	 t q[10]
Gate(18306)	cx q[10], q[4]
Gate(18307)	cx q[6], q[10]
Gate(18308)	cx q[4], q[6]
Gate(18309)	 h q[10]
Gate(18310)	 h q[4]
Gate(18311)	 t q[9]
Gate(18312)	 t q[8]
Gate(18313)	 t q[4]
Gate(18314)	cx q[8], q[9]
Gate(18315)	cx q[4], q[8]
Gate(18316)	cx q[9], q[4]
Gate(18317)	tdg q[8]
Gate(18318)	cx q[9], q[8]
Gate(18319)	tdg q[9]
Gate(18320)	tdg q[8]
Gate(18321)	 t q[4]
Gate(18322)	cx q[4], q[8]
Gate(18323)	cx q[9], q[4]
Gate(18324)	cx q[8], q[9]
Gate(18325)	 h q[4]
Gate(18326)	 h q[10]
Gate(18327)	 t q[6]
Gate(18328)	 t q[4]
Gate(18329)	 t q[10]
Gate(18330)	cx q[4], q[6]
Gate(18331)	cx q[10], q[4]
Gate(18332)	cx q[6], q[10]
Gate(18333)	tdg q[4]
Gate(18334)	cx q[6], q[4]
Gate(18335)	tdg q[6]
Gate(18336)	tdg q[4]
Gate(18337)	 t q[10]
Gate(18338)	cx q[10], q[4]
Gate(18339)	cx q[6], q[10]
Gate(18340)	cx q[4], q[6]
Gate(18341)	 h q[10]
Gate(18342)	 h q[0]
Gate(18343)	 t q[7]
Gate(18344)	 t q[10]
Gate(18345)	 t q[0]
Gate(18346)	cx q[10], q[7]
Gate(18347)	cx q[0], q[10]
Gate(18348)	cx q[7], q[0]
Gate(18349)	tdg q[10]
Gate(18350)	cx q[7], q[10]
Gate(18351)	tdg q[7]
Gate(18352)	tdg q[10]
Gate(18353)	 t q[0]
Gate(18354)	cx q[0], q[10]
Gate(18355)	cx q[7], q[0]
Gate(18356)	cx q[10], q[7]
Gate(18357)	 h q[0]
Gate(18358)	 h q[10]
Gate(18359)	 t q[1]
Gate(18360)	 t q[9]
Gate(18361)	 t q[10]
Gate(18362)	cx q[9], q[1]
Gate(18363)	cx q[10], q[9]
Gate(18364)	cx q[1], q[10]
Gate(18365)	tdg q[9]
Gate(18366)	cx q[1], q[9]
Gate(18367)	tdg q[1]
Gate(18368)	tdg q[9]
Gate(18369)	 t q[10]
Gate(18370)	cx q[10], q[9]
Gate(18371)	cx q[1], q[10]
Gate(18372)	cx q[9], q[1]
Gate(18373)	 h q[10]
Gate(18374)	 h q[9]
Gate(18375)	 t q[2]
Gate(18376)	 t q[8]
Gate(18377)	 t q[9]
Gate(18378)	cx q[8], q[2]
Gate(18379)	cx q[9], q[8]
Gate(18380)	cx q[2], q[9]
Gate(18381)	tdg q[8]
Gate(18382)	cx q[2], q[8]
Gate(18383)	tdg q[2]
Gate(18384)	tdg q[8]
Gate(18385)	 t q[9]
Gate(18386)	cx q[9], q[8]
Gate(18387)	cx q[2], q[9]
Gate(18388)	cx q[8], q[2]
Gate(18389)	 h q[9]
Gate(18390)	 h q[8]
Gate(18391)	 t q[4]
Gate(18392)	 t q[3]
Gate(18393)	 t q[8]
Gate(18394)	cx q[3], q[4]
Gate(18395)	cx q[8], q[3]
Gate(18396)	cx q[4], q[8]
Gate(18397)	tdg q[3]
Gate(18398)	cx q[4], q[3]
Gate(18399)	tdg q[4]
Gate(18400)	tdg q[3]
Gate(18401)	 t q[8]
Gate(18402)	cx q[8], q[3]
Gate(18403)	cx q[4], q[8]
Gate(18404)	cx q[3], q[4]
Gate(18405)	 h q[8]
Gate(18406)	 h q[9]
Gate(18407)	 t q[2]
Gate(18408)	 t q[8]
Gate(18409)	 t q[9]
Gate(18410)	cx q[8], q[2]
Gate(18411)	cx q[9], q[8]
Gate(18412)	cx q[2], q[9]
Gate(18413)	tdg q[8]
Gate(18414)	cx q[2], q[8]
Gate(18415)	tdg q[2]
Gate(18416)	tdg q[8]
Gate(18417)	 t q[9]
Gate(18418)	cx q[9], q[8]
Gate(18419)	cx q[2], q[9]
Gate(18420)	cx q[8], q[2]
Gate(18421)	 h q[9]
Gate(18422)	 h q[10]
Gate(18423)	 t q[1]
Gate(18424)	 t q[9]
Gate(18425)	 t q[10]
Gate(18426)	cx q[9], q[1]
Gate(18427)	cx q[10], q[9]
Gate(18428)	cx q[1], q[10]
Gate(18429)	tdg q[9]
Gate(18430)	cx q[1], q[9]
Gate(18431)	tdg q[1]
Gate(18432)	tdg q[9]
Gate(18433)	 t q[10]
Gate(18434)	cx q[10], q[9]
Gate(18435)	cx q[1], q[10]
Gate(18436)	cx q[9], q[1]
Gate(18437)	 h q[10]
Gate(18438)	 h q[0]
Gate(18439)	 t q[7]
Gate(18440)	 t q[10]
Gate(18441)	 t q[0]
Gate(18442)	cx q[10], q[7]
Gate(18443)	cx q[0], q[10]
Gate(18444)	cx q[7], q[0]
Gate(18445)	tdg q[10]
Gate(18446)	cx q[7], q[10]
Gate(18447)	tdg q[7]
Gate(18448)	tdg q[10]
Gate(18449)	 t q[0]
Gate(18450)	cx q[0], q[10]
Gate(18451)	cx q[7], q[0]
Gate(18452)	cx q[10], q[7]
Gate(18453)	 h q[0]
Gate(18454)	 h q[10]
Gate(18455)	 t q[1]
Gate(18456)	 t q[9]
Gate(18457)	 t q[10]
Gate(18458)	cx q[9], q[1]
Gate(18459)	cx q[10], q[9]
Gate(18460)	cx q[1], q[10]
Gate(18461)	tdg q[9]
Gate(18462)	cx q[1], q[9]
Gate(18463)	tdg q[1]
Gate(18464)	tdg q[9]
Gate(18465)	 t q[10]
Gate(18466)	cx q[10], q[9]
Gate(18467)	cx q[1], q[10]
Gate(18468)	cx q[9], q[1]
Gate(18469)	 h q[10]
Gate(18470)	 h q[9]
Gate(18471)	 t q[2]
Gate(18472)	 t q[8]
Gate(18473)	 t q[9]
Gate(18474)	cx q[8], q[2]
Gate(18475)	cx q[9], q[8]
Gate(18476)	cx q[2], q[9]
Gate(18477)	tdg q[8]
Gate(18478)	cx q[2], q[8]
Gate(18479)	tdg q[2]
Gate(18480)	tdg q[8]
Gate(18481)	 t q[9]
Gate(18482)	cx q[9], q[8]
Gate(18483)	cx q[2], q[9]
Gate(18484)	cx q[8], q[2]
Gate(18485)	 h q[9]
Gate(18486)	 h q[8]
Gate(18487)	 t q[4]
Gate(18488)	 t q[3]
Gate(18489)	 t q[8]
Gate(18490)	cx q[3], q[4]
Gate(18491)	cx q[8], q[3]
Gate(18492)	cx q[4], q[8]
Gate(18493)	tdg q[3]
Gate(18494)	cx q[4], q[3]
Gate(18495)	tdg q[4]
Gate(18496)	tdg q[3]
Gate(18497)	 t q[8]
Gate(18498)	cx q[8], q[3]
Gate(18499)	cx q[4], q[8]
Gate(18500)	cx q[3], q[4]
Gate(18501)	 h q[8]
Gate(18502)	 h q[9]
Gate(18503)	 t q[2]
Gate(18504)	 t q[8]
Gate(18505)	 t q[9]
Gate(18506)	cx q[8], q[2]
Gate(18507)	cx q[9], q[8]
Gate(18508)	cx q[2], q[9]
Gate(18509)	tdg q[8]
Gate(18510)	cx q[2], q[8]
Gate(18511)	tdg q[2]
Gate(18512)	tdg q[8]
Gate(18513)	 t q[9]
Gate(18514)	cx q[9], q[8]
Gate(18515)	cx q[2], q[9]
Gate(18516)	cx q[8], q[2]
Gate(18517)	 h q[9]
Gate(18518)	 h q[10]
Gate(18519)	 t q[1]
Gate(18520)	 t q[9]
Gate(18521)	 t q[10]
Gate(18522)	cx q[9], q[1]
Gate(18523)	cx q[10], q[9]
Gate(18524)	cx q[1], q[10]
Gate(18525)	tdg q[9]
Gate(18526)	cx q[1], q[9]
Gate(18527)	tdg q[1]
Gate(18528)	tdg q[9]
Gate(18529)	 t q[10]
Gate(18530)	cx q[10], q[9]
Gate(18531)	cx q[1], q[10]
Gate(18532)	cx q[9], q[1]
Gate(18533)	 h q[10]
Gate(18534)	 h q[7]
Gate(18535)	 t q[5]
Gate(18536)	 t q[10]
Gate(18537)	 t q[7]
Gate(18538)	cx q[10], q[5]
Gate(18539)	cx q[7], q[10]
Gate(18540)	cx q[5], q[7]
Gate(18541)	tdg q[10]
Gate(18542)	cx q[5], q[10]
Gate(18543)	tdg q[5]
Gate(18544)	tdg q[10]
Gate(18545)	 t q[7]
Gate(18546)	cx q[7], q[10]
Gate(18547)	cx q[5], q[7]
Gate(18548)	cx q[10], q[5]
Gate(18549)	 h q[7]
Gate(18550)	 h q[10]
Gate(18551)	 t q[6]
Gate(18552)	 t q[4]
Gate(18553)	 t q[10]
Gate(18554)	cx q[4], q[6]
Gate(18555)	cx q[10], q[4]
Gate(18556)	cx q[6], q[10]
Gate(18557)	tdg q[4]
Gate(18558)	cx q[6], q[4]
Gate(18559)	tdg q[6]
Gate(18560)	tdg q[4]
Gate(18561)	 t q[10]
Gate(18562)	cx q[10], q[4]
Gate(18563)	cx q[6], q[10]
Gate(18564)	cx q[4], q[6]
Gate(18565)	 h q[10]
Gate(18566)	 h q[4]
Gate(18567)	 t q[9]
Gate(18568)	 t q[8]
Gate(18569)	 t q[4]
Gate(18570)	cx q[8], q[9]
Gate(18571)	cx q[4], q[8]
Gate(18572)	cx q[9], q[4]
Gate(18573)	tdg q[8]
Gate(18574)	cx q[9], q[8]
Gate(18575)	tdg q[9]
Gate(18576)	tdg q[8]
Gate(18577)	 t q[4]
Gate(18578)	cx q[4], q[8]
Gate(18579)	cx q[9], q[4]
Gate(18580)	cx q[8], q[9]
Gate(18581)	 h q[4]
Gate(18582)	 h q[10]
Gate(18583)	 t q[6]
Gate(18584)	 t q[4]
Gate(18585)	 t q[10]
Gate(18586)	cx q[4], q[6]
Gate(18587)	cx q[10], q[4]
Gate(18588)	cx q[6], q[10]
Gate(18589)	tdg q[4]
Gate(18590)	cx q[6], q[4]
Gate(18591)	tdg q[6]
Gate(18592)	tdg q[4]
Gate(18593)	 t q[10]
Gate(18594)	cx q[10], q[4]
Gate(18595)	cx q[6], q[10]
Gate(18596)	cx q[4], q[6]
Gate(18597)	 h q[10]
Gate(18598)	 h q[7]
Gate(18599)	 t q[5]
Gate(18600)	 t q[10]
Gate(18601)	 t q[7]
Gate(18602)	cx q[10], q[5]
Gate(18603)	cx q[7], q[10]
Gate(18604)	cx q[5], q[7]
Gate(18605)	tdg q[10]
Gate(18606)	cx q[5], q[10]
Gate(18607)	tdg q[5]
Gate(18608)	tdg q[10]
Gate(18609)	 t q[7]
Gate(18610)	cx q[7], q[10]
Gate(18611)	cx q[5], q[7]
Gate(18612)	cx q[10], q[5]
Gate(18613)	 h q[7]
Gate(18614)	 h q[10]
Gate(18615)	 t q[6]
Gate(18616)	 t q[4]
Gate(18617)	 t q[10]
Gate(18618)	cx q[4], q[6]
Gate(18619)	cx q[10], q[4]
Gate(18620)	cx q[6], q[10]
Gate(18621)	tdg q[4]
Gate(18622)	cx q[6], q[4]
Gate(18623)	tdg q[6]
Gate(18624)	tdg q[4]
Gate(18625)	 t q[10]
Gate(18626)	cx q[10], q[4]
Gate(18627)	cx q[6], q[10]
Gate(18628)	cx q[4], q[6]
Gate(18629)	 h q[10]
Gate(18630)	 h q[4]
Gate(18631)	 t q[9]
Gate(18632)	 t q[8]
Gate(18633)	 t q[4]
Gate(18634)	cx q[8], q[9]
Gate(18635)	cx q[4], q[8]
Gate(18636)	cx q[9], q[4]
Gate(18637)	tdg q[8]
Gate(18638)	cx q[9], q[8]
Gate(18639)	tdg q[9]
Gate(18640)	tdg q[8]
Gate(18641)	 t q[4]
Gate(18642)	cx q[4], q[8]
Gate(18643)	cx q[9], q[4]
Gate(18644)	cx q[8], q[9]
Gate(18645)	 h q[4]
Gate(18646)	 h q[10]
Gate(18647)	 t q[6]
Gate(18648)	 t q[4]
Gate(18649)	 t q[10]
Gate(18650)	cx q[4], q[6]
Gate(18651)	cx q[10], q[4]
Gate(18652)	cx q[6], q[10]
Gate(18653)	tdg q[4]
Gate(18654)	cx q[6], q[4]
Gate(18655)	tdg q[6]
Gate(18656)	tdg q[4]
Gate(18657)	 t q[10]
Gate(18658)	cx q[10], q[4]
Gate(18659)	cx q[6], q[10]
Gate(18660)	cx q[4], q[6]
Gate(18661)	 h q[10]
Gate(18662)	 h q[0]
Gate(18663)	 t q[7]
Gate(18664)	 t q[10]
Gate(18665)	 t q[0]
Gate(18666)	cx q[10], q[7]
Gate(18667)	cx q[0], q[10]
Gate(18668)	cx q[7], q[0]
Gate(18669)	tdg q[10]
Gate(18670)	cx q[7], q[10]
Gate(18671)	tdg q[7]
Gate(18672)	tdg q[10]
Gate(18673)	 t q[0]
Gate(18674)	cx q[0], q[10]
Gate(18675)	cx q[7], q[0]
Gate(18676)	cx q[10], q[7]
Gate(18677)	 h q[0]
Gate(18678)	 h q[10]
Gate(18679)	 t q[1]
Gate(18680)	 t q[9]
Gate(18681)	 t q[10]
Gate(18682)	cx q[9], q[1]
Gate(18683)	cx q[10], q[9]
Gate(18684)	cx q[1], q[10]
Gate(18685)	tdg q[9]
Gate(18686)	cx q[1], q[9]
Gate(18687)	tdg q[1]
Gate(18688)	tdg q[9]
Gate(18689)	 t q[10]
Gate(18690)	cx q[10], q[9]
Gate(18691)	cx q[1], q[10]
Gate(18692)	cx q[9], q[1]
Gate(18693)	 h q[10]
Gate(18694)	 h q[9]
Gate(18695)	 t q[2]
Gate(18696)	 t q[8]
Gate(18697)	 t q[9]
Gate(18698)	cx q[8], q[2]
Gate(18699)	cx q[9], q[8]
Gate(18700)	cx q[2], q[9]
Gate(18701)	tdg q[8]
Gate(18702)	cx q[2], q[8]
Gate(18703)	tdg q[2]
Gate(18704)	tdg q[8]
Gate(18705)	 t q[9]
Gate(18706)	cx q[9], q[8]
Gate(18707)	cx q[2], q[9]
Gate(18708)	cx q[8], q[2]
Gate(18709)	 h q[9]
Gate(18710)	 h q[8]
Gate(18711)	 t q[4]
Gate(18712)	 t q[3]
Gate(18713)	 t q[8]
Gate(18714)	cx q[3], q[4]
Gate(18715)	cx q[8], q[3]
Gate(18716)	cx q[4], q[8]
Gate(18717)	tdg q[3]
Gate(18718)	cx q[4], q[3]
Gate(18719)	tdg q[4]
Gate(18720)	tdg q[3]
Gate(18721)	 t q[8]
Gate(18722)	cx q[8], q[3]
Gate(18723)	cx q[4], q[8]
Gate(18724)	cx q[3], q[4]
Gate(18725)	 h q[8]
Gate(18726)	 h q[9]
Gate(18727)	 t q[2]
Gate(18728)	 t q[8]
Gate(18729)	 t q[9]
Gate(18730)	cx q[8], q[2]
Gate(18731)	cx q[9], q[8]
Gate(18732)	cx q[2], q[9]
Gate(18733)	tdg q[8]
Gate(18734)	cx q[2], q[8]
Gate(18735)	tdg q[2]
Gate(18736)	tdg q[8]
Gate(18737)	 t q[9]
Gate(18738)	cx q[9], q[8]
Gate(18739)	cx q[2], q[9]
Gate(18740)	cx q[8], q[2]
Gate(18741)	 h q[9]
Gate(18742)	 h q[10]
Gate(18743)	 t q[1]
Gate(18744)	 t q[9]
Gate(18745)	 t q[10]
Gate(18746)	cx q[9], q[1]
Gate(18747)	cx q[10], q[9]
Gate(18748)	cx q[1], q[10]
Gate(18749)	tdg q[9]
Gate(18750)	cx q[1], q[9]
Gate(18751)	tdg q[1]
Gate(18752)	tdg q[9]
Gate(18753)	 t q[10]
Gate(18754)	cx q[10], q[9]
Gate(18755)	cx q[1], q[10]
Gate(18756)	cx q[9], q[1]
Gate(18757)	 h q[10]
Gate(18758)	 h q[0]
Gate(18759)	 t q[7]
Gate(18760)	 t q[10]
Gate(18761)	 t q[0]
Gate(18762)	cx q[10], q[7]
Gate(18763)	cx q[0], q[10]
Gate(18764)	cx q[7], q[0]
Gate(18765)	tdg q[10]
Gate(18766)	cx q[7], q[10]
Gate(18767)	tdg q[7]
Gate(18768)	tdg q[10]
Gate(18769)	 t q[0]
Gate(18770)	cx q[0], q[10]
Gate(18771)	cx q[7], q[0]
Gate(18772)	cx q[10], q[7]
Gate(18773)	 h q[0]
Gate(18774)	 h q[10]
Gate(18775)	 t q[1]
Gate(18776)	 t q[9]
Gate(18777)	 t q[10]
Gate(18778)	cx q[9], q[1]
Gate(18779)	cx q[10], q[9]
Gate(18780)	cx q[1], q[10]
Gate(18781)	tdg q[9]
Gate(18782)	cx q[1], q[9]
Gate(18783)	tdg q[1]
Gate(18784)	tdg q[9]
Gate(18785)	 t q[10]
Gate(18786)	cx q[10], q[9]
Gate(18787)	cx q[1], q[10]
Gate(18788)	cx q[9], q[1]
Gate(18789)	 h q[10]
Gate(18790)	 h q[9]
Gate(18791)	 t q[2]
Gate(18792)	 t q[8]
Gate(18793)	 t q[9]
Gate(18794)	cx q[8], q[2]
Gate(18795)	cx q[9], q[8]
Gate(18796)	cx q[2], q[9]
Gate(18797)	tdg q[8]
Gate(18798)	cx q[2], q[8]
Gate(18799)	tdg q[2]
Gate(18800)	tdg q[8]
Gate(18801)	 t q[9]
Gate(18802)	cx q[9], q[8]
Gate(18803)	cx q[2], q[9]
Gate(18804)	cx q[8], q[2]
Gate(18805)	 h q[9]
Gate(18806)	 h q[8]
Gate(18807)	 t q[4]
Gate(18808)	 t q[3]
Gate(18809)	 t q[8]
Gate(18810)	cx q[3], q[4]
Gate(18811)	cx q[8], q[3]
Gate(18812)	cx q[4], q[8]
Gate(18813)	tdg q[3]
Gate(18814)	cx q[4], q[3]
Gate(18815)	tdg q[4]
Gate(18816)	tdg q[3]
Gate(18817)	 t q[8]
Gate(18818)	cx q[8], q[3]
Gate(18819)	cx q[4], q[8]
Gate(18820)	cx q[3], q[4]
Gate(18821)	 h q[8]
Gate(18822)	 h q[9]
Gate(18823)	 t q[2]
Gate(18824)	 t q[8]
Gate(18825)	 t q[9]
Gate(18826)	cx q[8], q[2]
Gate(18827)	cx q[9], q[8]
Gate(18828)	cx q[2], q[9]
Gate(18829)	tdg q[8]
Gate(18830)	cx q[2], q[8]
Gate(18831)	tdg q[2]
Gate(18832)	tdg q[8]
Gate(18833)	 t q[9]
Gate(18834)	cx q[9], q[8]
Gate(18835)	cx q[2], q[9]
Gate(18836)	cx q[8], q[2]
Gate(18837)	 h q[9]
Gate(18838)	 h q[10]
Gate(18839)	 t q[1]
Gate(18840)	 t q[9]
Gate(18841)	 t q[10]
Gate(18842)	cx q[9], q[1]
Gate(18843)	cx q[10], q[9]
Gate(18844)	cx q[1], q[10]
Gate(18845)	tdg q[9]
Gate(18846)	cx q[1], q[9]
Gate(18847)	tdg q[1]
Gate(18848)	tdg q[9]
Gate(18849)	 t q[10]
Gate(18850)	cx q[10], q[9]
Gate(18851)	cx q[1], q[10]
Gate(18852)	cx q[9], q[1]
Gate(18853)	 h q[10]
Gate(18854)	 h q[6]
Gate(18855)	 t q[5]
Gate(18856)	 t q[10]
Gate(18857)	 t q[6]
Gate(18858)	cx q[10], q[5]
Gate(18859)	cx q[6], q[10]
Gate(18860)	cx q[5], q[6]
Gate(18861)	tdg q[10]
Gate(18862)	cx q[5], q[10]
Gate(18863)	tdg q[5]
Gate(18864)	tdg q[10]
Gate(18865)	 t q[6]
Gate(18866)	cx q[6], q[10]
Gate(18867)	cx q[5], q[6]
Gate(18868)	cx q[10], q[5]
Gate(18869)	 h q[6]
Gate(18870)	 h q[10]
Gate(18871)	 t q[9]
Gate(18872)	 t q[8]
Gate(18873)	 t q[10]
Gate(18874)	cx q[8], q[9]
Gate(18875)	cx q[10], q[8]
Gate(18876)	cx q[9], q[10]
Gate(18877)	tdg q[8]
Gate(18878)	cx q[9], q[8]
Gate(18879)	tdg q[9]
Gate(18880)	tdg q[8]
Gate(18881)	 t q[10]
Gate(18882)	cx q[10], q[8]
Gate(18883)	cx q[9], q[10]
Gate(18884)	cx q[8], q[9]
Gate(18885)	 h q[10]
Gate(18886)	 h q[6]
Gate(18887)	 t q[5]
Gate(18888)	 t q[10]
Gate(18889)	 t q[6]
Gate(18890)	cx q[10], q[5]
Gate(18891)	cx q[6], q[10]
Gate(18892)	cx q[5], q[6]
Gate(18893)	tdg q[10]
Gate(18894)	cx q[5], q[10]
Gate(18895)	tdg q[5]
Gate(18896)	tdg q[10]
Gate(18897)	 t q[6]
Gate(18898)	cx q[6], q[10]
Gate(18899)	cx q[5], q[6]
Gate(18900)	cx q[10], q[5]
Gate(18901)	 h q[6]
Gate(18902)	 h q[10]
Gate(18903)	 t q[9]
Gate(18904)	 t q[8]
Gate(18905)	 t q[10]
Gate(18906)	cx q[8], q[9]
Gate(18907)	cx q[10], q[8]
Gate(18908)	cx q[9], q[10]
Gate(18909)	tdg q[8]
Gate(18910)	cx q[9], q[8]
Gate(18911)	tdg q[9]
Gate(18912)	tdg q[8]
Gate(18913)	 t q[10]
Gate(18914)	cx q[10], q[8]
Gate(18915)	cx q[9], q[10]
Gate(18916)	cx q[8], q[9]
Gate(18917)	 h q[10]
Gate(18918)	 h q[0]
Gate(18919)	 t q[6]
Gate(18920)	 t q[10]
Gate(18921)	 t q[0]
Gate(18922)	cx q[10], q[6]
Gate(18923)	cx q[0], q[10]
Gate(18924)	cx q[6], q[0]
Gate(18925)	tdg q[10]
Gate(18926)	cx q[6], q[10]
Gate(18927)	tdg q[6]
Gate(18928)	tdg q[10]
Gate(18929)	 t q[0]
Gate(18930)	cx q[0], q[10]
Gate(18931)	cx q[6], q[0]
Gate(18932)	cx q[10], q[6]
Gate(18933)	 h q[0]
Gate(18934)	 h q[10]
Gate(18935)	 t q[1]
Gate(18936)	 t q[9]
Gate(18937)	 t q[10]
Gate(18938)	cx q[9], q[1]
Gate(18939)	cx q[10], q[9]
Gate(18940)	cx q[1], q[10]
Gate(18941)	tdg q[9]
Gate(18942)	cx q[1], q[9]
Gate(18943)	tdg q[1]
Gate(18944)	tdg q[9]
Gate(18945)	 t q[10]
Gate(18946)	cx q[10], q[9]
Gate(18947)	cx q[1], q[10]
Gate(18948)	cx q[9], q[1]
Gate(18949)	 h q[10]
Gate(18950)	 h q[9]
Gate(18951)	 t q[2]
Gate(18952)	 t q[8]
Gate(18953)	 t q[9]
Gate(18954)	cx q[8], q[2]
Gate(18955)	cx q[9], q[8]
Gate(18956)	cx q[2], q[9]
Gate(18957)	tdg q[8]
Gate(18958)	cx q[2], q[8]
Gate(18959)	tdg q[2]
Gate(18960)	tdg q[8]
Gate(18961)	 t q[9]
Gate(18962)	cx q[9], q[8]
Gate(18963)	cx q[2], q[9]
Gate(18964)	cx q[8], q[2]
Gate(18965)	 h q[9]
Gate(18966)	 h q[8]
Gate(18967)	 t q[4]
Gate(18968)	 t q[3]
Gate(18969)	 t q[8]
Gate(18970)	cx q[3], q[4]
Gate(18971)	cx q[8], q[3]
Gate(18972)	cx q[4], q[8]
Gate(18973)	tdg q[3]
Gate(18974)	cx q[4], q[3]
Gate(18975)	tdg q[4]
Gate(18976)	tdg q[3]
Gate(18977)	 t q[8]
Gate(18978)	cx q[8], q[3]
Gate(18979)	cx q[4], q[8]
Gate(18980)	cx q[3], q[4]
Gate(18981)	 h q[8]
Gate(18982)	 h q[9]
Gate(18983)	 t q[2]
Gate(18984)	 t q[8]
Gate(18985)	 t q[9]
Gate(18986)	cx q[8], q[2]
Gate(18987)	cx q[9], q[8]
Gate(18988)	cx q[2], q[9]
Gate(18989)	tdg q[8]
Gate(18990)	cx q[2], q[8]
Gate(18991)	tdg q[2]
Gate(18992)	tdg q[8]
Gate(18993)	 t q[9]
Gate(18994)	cx q[9], q[8]
Gate(18995)	cx q[2], q[9]
Gate(18996)	cx q[8], q[2]
Gate(18997)	 h q[9]
Gate(18998)	 h q[10]
Gate(18999)	 t q[1]
Gate(19000)	 t q[9]
Gate(19001)	 t q[10]
Gate(19002)	cx q[9], q[1]
Gate(19003)	cx q[10], q[9]
Gate(19004)	cx q[1], q[10]
Gate(19005)	tdg q[9]
Gate(19006)	cx q[1], q[9]
Gate(19007)	tdg q[1]
Gate(19008)	tdg q[9]
Gate(19009)	 t q[10]
Gate(19010)	cx q[10], q[9]
Gate(19011)	cx q[1], q[10]
Gate(19012)	cx q[9], q[1]
Gate(19013)	 h q[10]
Gate(19014)	 h q[0]
Gate(19015)	 t q[6]
Gate(19016)	 t q[10]
Gate(19017)	 t q[0]
Gate(19018)	cx q[10], q[6]
Gate(19019)	cx q[0], q[10]
Gate(19020)	cx q[6], q[0]
Gate(19021)	tdg q[10]
Gate(19022)	cx q[6], q[10]
Gate(19023)	tdg q[6]
Gate(19024)	tdg q[10]
Gate(19025)	 t q[0]
Gate(19026)	cx q[0], q[10]
Gate(19027)	cx q[6], q[0]
Gate(19028)	cx q[10], q[6]
Gate(19029)	 h q[0]
Gate(19030)	 h q[10]
Gate(19031)	 t q[1]
Gate(19032)	 t q[9]
Gate(19033)	 t q[10]
Gate(19034)	cx q[9], q[1]
Gate(19035)	cx q[10], q[9]
Gate(19036)	cx q[1], q[10]
Gate(19037)	tdg q[9]
Gate(19038)	cx q[1], q[9]
Gate(19039)	tdg q[1]
Gate(19040)	tdg q[9]
Gate(19041)	 t q[10]
Gate(19042)	cx q[10], q[9]
Gate(19043)	cx q[1], q[10]
Gate(19044)	cx q[9], q[1]
Gate(19045)	 h q[10]
Gate(19046)	 h q[9]
Gate(19047)	 t q[2]
Gate(19048)	 t q[8]
Gate(19049)	 t q[9]
Gate(19050)	cx q[8], q[2]
Gate(19051)	cx q[9], q[8]
Gate(19052)	cx q[2], q[9]
Gate(19053)	tdg q[8]
Gate(19054)	cx q[2], q[8]
Gate(19055)	tdg q[2]
Gate(19056)	tdg q[8]
Gate(19057)	 t q[9]
Gate(19058)	cx q[9], q[8]
Gate(19059)	cx q[2], q[9]
Gate(19060)	cx q[8], q[2]
Gate(19061)	 h q[9]
Gate(19062)	 h q[8]
Gate(19063)	 t q[4]
Gate(19064)	 t q[3]
Gate(19065)	 t q[8]
Gate(19066)	cx q[3], q[4]
Gate(19067)	cx q[8], q[3]
Gate(19068)	cx q[4], q[8]
Gate(19069)	tdg q[3]
Gate(19070)	cx q[4], q[3]
Gate(19071)	tdg q[4]
Gate(19072)	tdg q[3]
Gate(19073)	 t q[8]
Gate(19074)	cx q[8], q[3]
Gate(19075)	cx q[4], q[8]
Gate(19076)	cx q[3], q[4]
Gate(19077)	 h q[8]
Gate(19078)	 h q[9]
Gate(19079)	 t q[2]
Gate(19080)	 t q[8]
Gate(19081)	 t q[9]
Gate(19082)	cx q[8], q[2]
Gate(19083)	cx q[9], q[8]
Gate(19084)	cx q[2], q[9]
Gate(19085)	tdg q[8]
Gate(19086)	cx q[2], q[8]
Gate(19087)	tdg q[2]
Gate(19088)	tdg q[8]
Gate(19089)	 t q[9]
Gate(19090)	cx q[9], q[8]
Gate(19091)	cx q[2], q[9]
Gate(19092)	cx q[8], q[2]
Gate(19093)	 h q[9]
Gate(19094)	 h q[10]
Gate(19095)	 t q[1]
Gate(19096)	 t q[9]
Gate(19097)	 t q[10]
Gate(19098)	cx q[9], q[1]
Gate(19099)	cx q[10], q[9]
Gate(19100)	cx q[1], q[10]
Gate(19101)	tdg q[9]
Gate(19102)	cx q[1], q[9]
Gate(19103)	tdg q[1]
Gate(19104)	tdg q[9]
Gate(19105)	 t q[10]
Gate(19106)	cx q[10], q[9]
Gate(19107)	cx q[1], q[10]
Gate(19108)	cx q[9], q[1]
Gate(19109)	 h q[10]
Gate(19110)	 h q[6]
Gate(19111)	 t q[5]
Gate(19112)	 t q[10]
Gate(19113)	 t q[6]
Gate(19114)	cx q[10], q[5]
Gate(19115)	cx q[6], q[10]
Gate(19116)	cx q[5], q[6]
Gate(19117)	tdg q[10]
Gate(19118)	cx q[5], q[10]
Gate(19119)	tdg q[5]
Gate(19120)	tdg q[10]
Gate(19121)	 t q[6]
Gate(19122)	cx q[6], q[10]
Gate(19123)	cx q[5], q[6]
Gate(19124)	cx q[10], q[5]
Gate(19125)	 h q[6]
Gate(19126)	 h q[10]
Gate(19127)	 t q[9]
Gate(19128)	 t q[8]
Gate(19129)	 t q[10]
Gate(19130)	cx q[8], q[9]
Gate(19131)	cx q[10], q[8]
Gate(19132)	cx q[9], q[10]
Gate(19133)	tdg q[8]
Gate(19134)	cx q[9], q[8]
Gate(19135)	tdg q[9]
Gate(19136)	tdg q[8]
Gate(19137)	 t q[10]
Gate(19138)	cx q[10], q[8]
Gate(19139)	cx q[9], q[10]
Gate(19140)	cx q[8], q[9]
Gate(19141)	 h q[10]
Gate(19142)	 h q[6]
Gate(19143)	 t q[5]
Gate(19144)	 t q[10]
Gate(19145)	 t q[6]
Gate(19146)	cx q[10], q[5]
Gate(19147)	cx q[6], q[10]
Gate(19148)	cx q[5], q[6]
Gate(19149)	tdg q[10]
Gate(19150)	cx q[5], q[10]
Gate(19151)	tdg q[5]
Gate(19152)	tdg q[10]
Gate(19153)	 t q[6]
Gate(19154)	cx q[6], q[10]
Gate(19155)	cx q[5], q[6]
Gate(19156)	cx q[10], q[5]
Gate(19157)	 h q[6]
Gate(19158)	 h q[10]
Gate(19159)	 t q[9]
Gate(19160)	 t q[8]
Gate(19161)	 t q[10]
Gate(19162)	cx q[8], q[9]
Gate(19163)	cx q[10], q[8]
Gate(19164)	cx q[9], q[10]
Gate(19165)	tdg q[8]
Gate(19166)	cx q[9], q[8]
Gate(19167)	tdg q[9]
Gate(19168)	tdg q[8]
Gate(19169)	 t q[10]
Gate(19170)	cx q[10], q[8]
Gate(19171)	cx q[9], q[10]
Gate(19172)	cx q[8], q[9]
Gate(19173)	 h q[10]
Gate(19174)	 h q[0]
Gate(19175)	 t q[6]
Gate(19176)	 t q[10]
Gate(19177)	 t q[0]
Gate(19178)	cx q[10], q[6]
Gate(19179)	cx q[0], q[10]
Gate(19180)	cx q[6], q[0]
Gate(19181)	tdg q[10]
Gate(19182)	cx q[6], q[10]
Gate(19183)	tdg q[6]
Gate(19184)	tdg q[10]
Gate(19185)	 t q[0]
Gate(19186)	cx q[0], q[10]
Gate(19187)	cx q[6], q[0]
Gate(19188)	cx q[10], q[6]
Gate(19189)	 h q[0]
Gate(19190)	 h q[10]
Gate(19191)	 t q[1]
Gate(19192)	 t q[9]
Gate(19193)	 t q[10]
Gate(19194)	cx q[9], q[1]
Gate(19195)	cx q[10], q[9]
Gate(19196)	cx q[1], q[10]
Gate(19197)	tdg q[9]
Gate(19198)	cx q[1], q[9]
Gate(19199)	tdg q[1]
Gate(19200)	tdg q[9]
Gate(19201)	 t q[10]
Gate(19202)	cx q[10], q[9]
Gate(19203)	cx q[1], q[10]
Gate(19204)	cx q[9], q[1]
Gate(19205)	 h q[10]
Gate(19206)	 h q[9]
Gate(19207)	 t q[2]
Gate(19208)	 t q[8]
Gate(19209)	 t q[9]
Gate(19210)	cx q[8], q[2]
Gate(19211)	cx q[9], q[8]
Gate(19212)	cx q[2], q[9]
Gate(19213)	tdg q[8]
Gate(19214)	cx q[2], q[8]
Gate(19215)	tdg q[2]
Gate(19216)	tdg q[8]
Gate(19217)	 t q[9]
Gate(19218)	cx q[9], q[8]
Gate(19219)	cx q[2], q[9]
Gate(19220)	cx q[8], q[2]
Gate(19221)	 h q[9]
Gate(19222)	 h q[8]
Gate(19223)	 t q[4]
Gate(19224)	 t q[3]
Gate(19225)	 t q[8]
Gate(19226)	cx q[3], q[4]
Gate(19227)	cx q[8], q[3]
Gate(19228)	cx q[4], q[8]
Gate(19229)	tdg q[3]
Gate(19230)	cx q[4], q[3]
Gate(19231)	tdg q[4]
Gate(19232)	tdg q[3]
Gate(19233)	 t q[8]
Gate(19234)	cx q[8], q[3]
Gate(19235)	cx q[4], q[8]
Gate(19236)	cx q[3], q[4]
Gate(19237)	 h q[8]
Gate(19238)	 h q[9]
Gate(19239)	 t q[2]
Gate(19240)	 t q[8]
Gate(19241)	 t q[9]
Gate(19242)	cx q[8], q[2]
Gate(19243)	cx q[9], q[8]
Gate(19244)	cx q[2], q[9]
Gate(19245)	tdg q[8]
Gate(19246)	cx q[2], q[8]
Gate(19247)	tdg q[2]
Gate(19248)	tdg q[8]
Gate(19249)	 t q[9]
Gate(19250)	cx q[9], q[8]
Gate(19251)	cx q[2], q[9]
Gate(19252)	cx q[8], q[2]
Gate(19253)	 h q[9]
Gate(19254)	 h q[10]
Gate(19255)	 t q[1]
Gate(19256)	 t q[9]
Gate(19257)	 t q[10]
Gate(19258)	cx q[9], q[1]
Gate(19259)	cx q[10], q[9]
Gate(19260)	cx q[1], q[10]
Gate(19261)	tdg q[9]
Gate(19262)	cx q[1], q[9]
Gate(19263)	tdg q[1]
Gate(19264)	tdg q[9]
Gate(19265)	 t q[10]
Gate(19266)	cx q[10], q[9]
Gate(19267)	cx q[1], q[10]
Gate(19268)	cx q[9], q[1]
Gate(19269)	 h q[10]
Gate(19270)	 h q[0]
Gate(19271)	 t q[6]
Gate(19272)	 t q[10]
Gate(19273)	 t q[0]
Gate(19274)	cx q[10], q[6]
Gate(19275)	cx q[0], q[10]
Gate(19276)	cx q[6], q[0]
Gate(19277)	tdg q[10]
Gate(19278)	cx q[6], q[10]
Gate(19279)	tdg q[6]
Gate(19280)	tdg q[10]
Gate(19281)	 t q[0]
Gate(19282)	cx q[0], q[10]
Gate(19283)	cx q[6], q[0]
Gate(19284)	cx q[10], q[6]
Gate(19285)	 h q[0]
Gate(19286)	 h q[10]
Gate(19287)	 t q[1]
Gate(19288)	 t q[9]
Gate(19289)	 t q[10]
Gate(19290)	cx q[9], q[1]
Gate(19291)	cx q[10], q[9]
Gate(19292)	cx q[1], q[10]
Gate(19293)	tdg q[9]
Gate(19294)	cx q[1], q[9]
Gate(19295)	tdg q[1]
Gate(19296)	tdg q[9]
Gate(19297)	 t q[10]
Gate(19298)	cx q[10], q[9]
Gate(19299)	cx q[1], q[10]
Gate(19300)	cx q[9], q[1]
Gate(19301)	 h q[10]
Gate(19302)	 h q[9]
Gate(19303)	 t q[2]
Gate(19304)	 t q[8]
Gate(19305)	 t q[9]
Gate(19306)	cx q[8], q[2]
Gate(19307)	cx q[9], q[8]
Gate(19308)	cx q[2], q[9]
Gate(19309)	tdg q[8]
Gate(19310)	cx q[2], q[8]
Gate(19311)	tdg q[2]
Gate(19312)	tdg q[8]
Gate(19313)	 t q[9]
Gate(19314)	cx q[9], q[8]
Gate(19315)	cx q[2], q[9]
Gate(19316)	cx q[8], q[2]
Gate(19317)	 h q[9]
Gate(19318)	 h q[8]
Gate(19319)	 t q[4]
Gate(19320)	 t q[3]
Gate(19321)	 t q[8]
Gate(19322)	cx q[3], q[4]
Gate(19323)	cx q[8], q[3]
Gate(19324)	cx q[4], q[8]
Gate(19325)	tdg q[3]
Gate(19326)	cx q[4], q[3]
Gate(19327)	tdg q[4]
Gate(19328)	tdg q[3]
Gate(19329)	 t q[8]
Gate(19330)	cx q[8], q[3]
Gate(19331)	cx q[4], q[8]
Gate(19332)	cx q[3], q[4]
Gate(19333)	 h q[8]
Gate(19334)	 h q[9]
Gate(19335)	 t q[2]
Gate(19336)	 t q[8]
Gate(19337)	 t q[9]
Gate(19338)	cx q[8], q[2]
Gate(19339)	cx q[9], q[8]
Gate(19340)	cx q[2], q[9]
Gate(19341)	tdg q[8]
Gate(19342)	cx q[2], q[8]
Gate(19343)	tdg q[2]
Gate(19344)	tdg q[8]
Gate(19345)	 t q[9]
Gate(19346)	cx q[9], q[8]
Gate(19347)	cx q[2], q[9]
Gate(19348)	cx q[8], q[2]
Gate(19349)	 h q[9]
Gate(19350)	 h q[10]
Gate(19351)	 t q[1]
Gate(19352)	 t q[9]
Gate(19353)	 t q[10]
Gate(19354)	cx q[9], q[1]
Gate(19355)	cx q[10], q[9]
Gate(19356)	cx q[1], q[10]
Gate(19357)	tdg q[9]
Gate(19358)	cx q[1], q[9]
Gate(19359)	tdg q[1]
Gate(19360)	tdg q[9]
Gate(19361)	 t q[10]
Gate(19362)	cx q[10], q[9]
Gate(19363)	cx q[1], q[10]
Gate(19364)	cx q[9], q[1]
Gate(19365)	 h q[10]
Gate(19366)	 x q[2]
Gate(19367)	 h q[10]
Gate(19368)	 t q[6]
Gate(19369)	 t q[5]
Gate(19370)	 t q[10]
Gate(19371)	cx q[5], q[6]
Gate(19372)	cx q[10], q[5]
Gate(19373)	cx q[6], q[10]
Gate(19374)	tdg q[5]
Gate(19375)	cx q[6], q[5]
Gate(19376)	tdg q[6]
Gate(19377)	tdg q[5]
Gate(19378)	 t q[10]
Gate(19379)	cx q[10], q[5]
Gate(19380)	cx q[6], q[10]
Gate(19381)	cx q[5], q[6]
Gate(19382)	 h q[10]
Gate(19383)	 h q[5]
Gate(19384)	 t q[7]
Gate(19385)	 t q[4]
Gate(19386)	 t q[5]
Gate(19387)	cx q[4], q[7]
Gate(19388)	cx q[5], q[4]
Gate(19389)	cx q[7], q[5]
Gate(19390)	tdg q[4]
Gate(19391)	cx q[7], q[4]
Gate(19392)	tdg q[7]
Gate(19393)	tdg q[4]
Gate(19394)	 t q[5]
Gate(19395)	cx q[5], q[4]
Gate(19396)	cx q[7], q[5]
Gate(19397)	cx q[4], q[7]
Gate(19398)	 h q[5]
Gate(19399)	 h q[4]
Gate(19400)	 t q[9]
Gate(19401)	 t q[8]
Gate(19402)	 t q[4]
Gate(19403)	cx q[8], q[9]
Gate(19404)	cx q[4], q[8]
Gate(19405)	cx q[9], q[4]
Gate(19406)	tdg q[8]
Gate(19407)	cx q[9], q[8]
Gate(19408)	tdg q[9]
Gate(19409)	tdg q[8]
Gate(19410)	 t q[4]
Gate(19411)	cx q[4], q[8]
Gate(19412)	cx q[9], q[4]
Gate(19413)	cx q[8], q[9]
Gate(19414)	 h q[4]
Gate(19415)	 h q[5]
Gate(19416)	 t q[7]
Gate(19417)	 t q[4]
Gate(19418)	 t q[5]
Gate(19419)	cx q[4], q[7]
Gate(19420)	cx q[5], q[4]
Gate(19421)	cx q[7], q[5]
Gate(19422)	tdg q[4]
Gate(19423)	cx q[7], q[4]
Gate(19424)	tdg q[7]
Gate(19425)	tdg q[4]
Gate(19426)	 t q[5]
Gate(19427)	cx q[5], q[4]
Gate(19428)	cx q[7], q[5]
Gate(19429)	cx q[4], q[7]
Gate(19430)	 h q[5]
Gate(19431)	 h q[10]
Gate(19432)	 t q[6]
Gate(19433)	 t q[5]
Gate(19434)	 t q[10]
Gate(19435)	cx q[5], q[6]
Gate(19436)	cx q[10], q[5]
Gate(19437)	cx q[6], q[10]
Gate(19438)	tdg q[5]
Gate(19439)	cx q[6], q[5]
Gate(19440)	tdg q[6]
Gate(19441)	tdg q[5]
Gate(19442)	 t q[10]
Gate(19443)	cx q[10], q[5]
Gate(19444)	cx q[6], q[10]
Gate(19445)	cx q[5], q[6]
Gate(19446)	 h q[10]
Gate(19447)	 h q[5]
Gate(19448)	 t q[7]
Gate(19449)	 t q[4]
Gate(19450)	 t q[5]
Gate(19451)	cx q[4], q[7]
Gate(19452)	cx q[5], q[4]
Gate(19453)	cx q[7], q[5]
Gate(19454)	tdg q[4]
Gate(19455)	cx q[7], q[4]
Gate(19456)	tdg q[7]
Gate(19457)	tdg q[4]
Gate(19458)	 t q[5]
Gate(19459)	cx q[5], q[4]
Gate(19460)	cx q[7], q[5]
Gate(19461)	cx q[4], q[7]
Gate(19462)	 h q[5]
Gate(19463)	 h q[4]
Gate(19464)	 t q[9]
Gate(19465)	 t q[8]
Gate(19466)	 t q[4]
Gate(19467)	cx q[8], q[9]
Gate(19468)	cx q[4], q[8]
Gate(19469)	cx q[9], q[4]
Gate(19470)	tdg q[8]
Gate(19471)	cx q[9], q[8]
Gate(19472)	tdg q[9]
Gate(19473)	tdg q[8]
Gate(19474)	 t q[4]
Gate(19475)	cx q[4], q[8]
Gate(19476)	cx q[9], q[4]
Gate(19477)	cx q[8], q[9]
Gate(19478)	 h q[4]
Gate(19479)	 h q[5]
Gate(19480)	 t q[7]
Gate(19481)	 t q[4]
Gate(19482)	 t q[5]
Gate(19483)	cx q[4], q[7]
Gate(19484)	cx q[5], q[4]
Gate(19485)	cx q[7], q[5]
Gate(19486)	tdg q[4]
Gate(19487)	cx q[7], q[4]
Gate(19488)	tdg q[7]
Gate(19489)	tdg q[4]
Gate(19490)	 t q[5]
Gate(19491)	cx q[5], q[4]
Gate(19492)	cx q[7], q[5]
Gate(19493)	cx q[4], q[7]
Gate(19494)	 h q[5]
Gate(19495)	 h q[0]
Gate(19496)	 t q[10]
Gate(19497)	 t q[9]
Gate(19498)	 t q[0]
Gate(19499)	cx q[9], q[10]
Gate(19500)	cx q[0], q[9]
Gate(19501)	cx q[10], q[0]
Gate(19502)	tdg q[9]
Gate(19503)	cx q[10], q[9]
Gate(19504)	tdg q[10]
Gate(19505)	tdg q[9]
Gate(19506)	 t q[0]
Gate(19507)	cx q[0], q[9]
Gate(19508)	cx q[10], q[0]
Gate(19509)	cx q[9], q[10]
Gate(19510)	 h q[0]
Gate(19511)	 h q[9]
Gate(19512)	 t q[1]
Gate(19513)	 t q[8]
Gate(19514)	 t q[9]
Gate(19515)	cx q[8], q[1]
Gate(19516)	cx q[9], q[8]
Gate(19517)	cx q[1], q[9]
Gate(19518)	tdg q[8]
Gate(19519)	cx q[1], q[8]
Gate(19520)	tdg q[1]
Gate(19521)	tdg q[8]
Gate(19522)	 t q[9]
Gate(19523)	cx q[9], q[8]
Gate(19524)	cx q[1], q[9]
Gate(19525)	cx q[8], q[1]
Gate(19526)	 h q[9]
Gate(19527)	 h q[8]
Gate(19528)	 t q[2]
Gate(19529)	 t q[7]
Gate(19530)	 t q[8]
Gate(19531)	cx q[7], q[2]
Gate(19532)	cx q[8], q[7]
Gate(19533)	cx q[2], q[8]
Gate(19534)	tdg q[7]
Gate(19535)	cx q[2], q[7]
Gate(19536)	tdg q[2]
Gate(19537)	tdg q[7]
Gate(19538)	 t q[8]
Gate(19539)	cx q[8], q[7]
Gate(19540)	cx q[2], q[8]
Gate(19541)	cx q[7], q[2]
Gate(19542)	 h q[8]
Gate(19543)	 h q[7]
Gate(19544)	 t q[3]
Gate(19545)	 t q[6]
Gate(19546)	 t q[7]
Gate(19547)	cx q[6], q[3]
Gate(19548)	cx q[7], q[6]
Gate(19549)	cx q[3], q[7]
Gate(19550)	tdg q[6]
Gate(19551)	cx q[3], q[6]
Gate(19552)	tdg q[3]
Gate(19553)	tdg q[6]
Gate(19554)	 t q[7]
Gate(19555)	cx q[7], q[6]
Gate(19556)	cx q[3], q[7]
Gate(19557)	cx q[6], q[3]
Gate(19558)	 h q[7]
Gate(19559)	 h q[6]
Gate(19560)	 t q[5]
Gate(19561)	 t q[4]
Gate(19562)	 t q[6]
Gate(19563)	cx q[4], q[5]
Gate(19564)	cx q[6], q[4]
Gate(19565)	cx q[5], q[6]
Gate(19566)	tdg q[4]
Gate(19567)	cx q[5], q[4]
Gate(19568)	tdg q[5]
Gate(19569)	tdg q[4]
Gate(19570)	 t q[6]
Gate(19571)	cx q[6], q[4]
Gate(19572)	cx q[5], q[6]
Gate(19573)	cx q[4], q[5]
Gate(19574)	 h q[6]
Gate(19575)	 h q[7]
Gate(19576)	 t q[3]
Gate(19577)	 t q[6]
Gate(19578)	 t q[7]
Gate(19579)	cx q[6], q[3]
Gate(19580)	cx q[7], q[6]
Gate(19581)	cx q[3], q[7]
Gate(19582)	tdg q[6]
Gate(19583)	cx q[3], q[6]
Gate(19584)	tdg q[3]
Gate(19585)	tdg q[6]
Gate(19586)	 t q[7]
Gate(19587)	cx q[7], q[6]
Gate(19588)	cx q[3], q[7]
Gate(19589)	cx q[6], q[3]
Gate(19590)	 h q[7]
Gate(19591)	 h q[8]
Gate(19592)	 t q[2]
Gate(19593)	 t q[7]
Gate(19594)	 t q[8]
Gate(19595)	cx q[7], q[2]
Gate(19596)	cx q[8], q[7]
Gate(19597)	cx q[2], q[8]
Gate(19598)	tdg q[7]
Gate(19599)	cx q[2], q[7]
Gate(19600)	tdg q[2]
Gate(19601)	tdg q[7]
Gate(19602)	 t q[8]
Gate(19603)	cx q[8], q[7]
Gate(19604)	cx q[2], q[8]
Gate(19605)	cx q[7], q[2]
Gate(19606)	 h q[8]
Gate(19607)	 h q[9]
Gate(19608)	 t q[1]
Gate(19609)	 t q[8]
Gate(19610)	 t q[9]
Gate(19611)	cx q[8], q[1]
Gate(19612)	cx q[9], q[8]
Gate(19613)	cx q[1], q[9]
Gate(19614)	tdg q[8]
Gate(19615)	cx q[1], q[8]
Gate(19616)	tdg q[1]
Gate(19617)	tdg q[8]
Gate(19618)	 t q[9]
Gate(19619)	cx q[9], q[8]
Gate(19620)	cx q[1], q[9]
Gate(19621)	cx q[8], q[1]
Gate(19622)	 h q[9]
Gate(19623)	 h q[0]
Gate(19624)	 t q[10]
Gate(19625)	 t q[9]
Gate(19626)	 t q[0]
Gate(19627)	cx q[9], q[10]
Gate(19628)	cx q[0], q[9]
Gate(19629)	cx q[10], q[0]
Gate(19630)	tdg q[9]
Gate(19631)	cx q[10], q[9]
Gate(19632)	tdg q[10]
Gate(19633)	tdg q[9]
Gate(19634)	 t q[0]
Gate(19635)	cx q[0], q[9]
Gate(19636)	cx q[10], q[0]
Gate(19637)	cx q[9], q[10]
Gate(19638)	 h q[0]
Gate(19639)	 h q[9]
Gate(19640)	 t q[1]
Gate(19641)	 t q[8]
Gate(19642)	 t q[9]
Gate(19643)	cx q[8], q[1]
Gate(19644)	cx q[9], q[8]
Gate(19645)	cx q[1], q[9]
Gate(19646)	tdg q[8]
Gate(19647)	cx q[1], q[8]
Gate(19648)	tdg q[1]
Gate(19649)	tdg q[8]
Gate(19650)	 t q[9]
Gate(19651)	cx q[9], q[8]
Gate(19652)	cx q[1], q[9]
Gate(19653)	cx q[8], q[1]
Gate(19654)	 h q[9]
Gate(19655)	 h q[8]
Gate(19656)	 t q[2]
Gate(19657)	 t q[7]
Gate(19658)	 t q[8]
Gate(19659)	cx q[7], q[2]
Gate(19660)	cx q[8], q[7]
Gate(19661)	cx q[2], q[8]
Gate(19662)	tdg q[7]
Gate(19663)	cx q[2], q[7]
Gate(19664)	tdg q[2]
Gate(19665)	tdg q[7]
Gate(19666)	 t q[8]
Gate(19667)	cx q[8], q[7]
Gate(19668)	cx q[2], q[8]
Gate(19669)	cx q[7], q[2]
Gate(19670)	 h q[8]
Gate(19671)	 h q[7]
Gate(19672)	 t q[3]
Gate(19673)	 t q[6]
Gate(19674)	 t q[7]
Gate(19675)	cx q[6], q[3]
Gate(19676)	cx q[7], q[6]
Gate(19677)	cx q[3], q[7]
Gate(19678)	tdg q[6]
Gate(19679)	cx q[3], q[6]
Gate(19680)	tdg q[3]
Gate(19681)	tdg q[6]
Gate(19682)	 t q[7]
Gate(19683)	cx q[7], q[6]
Gate(19684)	cx q[3], q[7]
Gate(19685)	cx q[6], q[3]
Gate(19686)	 h q[7]
Gate(19687)	 h q[6]
Gate(19688)	 t q[5]
Gate(19689)	 t q[4]
Gate(19690)	 t q[6]
Gate(19691)	cx q[4], q[5]
Gate(19692)	cx q[6], q[4]
Gate(19693)	cx q[5], q[6]
Gate(19694)	tdg q[4]
Gate(19695)	cx q[5], q[4]
Gate(19696)	tdg q[5]
Gate(19697)	tdg q[4]
Gate(19698)	 t q[6]
Gate(19699)	cx q[6], q[4]
Gate(19700)	cx q[5], q[6]
Gate(19701)	cx q[4], q[5]
Gate(19702)	 h q[6]
Gate(19703)	 h q[7]
Gate(19704)	 t q[3]
Gate(19705)	 t q[6]
Gate(19706)	 t q[7]
Gate(19707)	cx q[6], q[3]
Gate(19708)	cx q[7], q[6]
Gate(19709)	cx q[3], q[7]
Gate(19710)	tdg q[6]
Gate(19711)	cx q[3], q[6]
Gate(19712)	tdg q[3]
Gate(19713)	tdg q[6]
Gate(19714)	 t q[7]
Gate(19715)	cx q[7], q[6]
Gate(19716)	cx q[3], q[7]
Gate(19717)	cx q[6], q[3]
Gate(19718)	 h q[7]
Gate(19719)	 h q[8]
Gate(19720)	 t q[2]
Gate(19721)	 t q[7]
Gate(19722)	 t q[8]
Gate(19723)	cx q[7], q[2]
Gate(19724)	cx q[8], q[7]
Gate(19725)	cx q[2], q[8]
Gate(19726)	tdg q[7]
Gate(19727)	cx q[2], q[7]
Gate(19728)	tdg q[2]
Gate(19729)	tdg q[7]
Gate(19730)	 t q[8]
Gate(19731)	cx q[8], q[7]
Gate(19732)	cx q[2], q[8]
Gate(19733)	cx q[7], q[2]
Gate(19734)	 h q[8]
Gate(19735)	 h q[9]
Gate(19736)	 t q[1]
Gate(19737)	 t q[8]
Gate(19738)	 t q[9]
Gate(19739)	cx q[8], q[1]
Gate(19740)	cx q[9], q[8]
Gate(19741)	cx q[1], q[9]
Gate(19742)	tdg q[8]
Gate(19743)	cx q[1], q[8]
Gate(19744)	tdg q[1]
Gate(19745)	tdg q[8]
Gate(19746)	 t q[9]
Gate(19747)	cx q[9], q[8]
Gate(19748)	cx q[1], q[9]
Gate(19749)	cx q[8], q[1]
Gate(19750)	 h q[9]
Gate(19751)	 h q[10]
Gate(19752)	 t q[6]
Gate(19753)	 t q[5]
Gate(19754)	 t q[10]
Gate(19755)	cx q[5], q[6]
Gate(19756)	cx q[10], q[5]
Gate(19757)	cx q[6], q[10]
Gate(19758)	tdg q[5]
Gate(19759)	cx q[6], q[5]
Gate(19760)	tdg q[6]
Gate(19761)	tdg q[5]
Gate(19762)	 t q[10]
Gate(19763)	cx q[10], q[5]
Gate(19764)	cx q[6], q[10]
Gate(19765)	cx q[5], q[6]
Gate(19766)	 h q[10]
Gate(19767)	 h q[5]
Gate(19768)	 t q[7]
Gate(19769)	 t q[4]
Gate(19770)	 t q[5]
Gate(19771)	cx q[4], q[7]
Gate(19772)	cx q[5], q[4]
Gate(19773)	cx q[7], q[5]
Gate(19774)	tdg q[4]
Gate(19775)	cx q[7], q[4]
Gate(19776)	tdg q[7]
Gate(19777)	tdg q[4]
Gate(19778)	 t q[5]
Gate(19779)	cx q[5], q[4]
Gate(19780)	cx q[7], q[5]
Gate(19781)	cx q[4], q[7]
Gate(19782)	 h q[5]
Gate(19783)	 h q[4]
Gate(19784)	 t q[9]
Gate(19785)	 t q[8]
Gate(19786)	 t q[4]
Gate(19787)	cx q[8], q[9]
Gate(19788)	cx q[4], q[8]
Gate(19789)	cx q[9], q[4]
Gate(19790)	tdg q[8]
Gate(19791)	cx q[9], q[8]
Gate(19792)	tdg q[9]
Gate(19793)	tdg q[8]
Gate(19794)	 t q[4]
Gate(19795)	cx q[4], q[8]
Gate(19796)	cx q[9], q[4]
Gate(19797)	cx q[8], q[9]
Gate(19798)	 h q[4]
Gate(19799)	 h q[5]
Gate(19800)	 t q[7]
Gate(19801)	 t q[4]
Gate(19802)	 t q[5]
Gate(19803)	cx q[4], q[7]
Gate(19804)	cx q[5], q[4]
Gate(19805)	cx q[7], q[5]
Gate(19806)	tdg q[4]
Gate(19807)	cx q[7], q[4]
Gate(19808)	tdg q[7]
Gate(19809)	tdg q[4]
Gate(19810)	 t q[5]
Gate(19811)	cx q[5], q[4]
Gate(19812)	cx q[7], q[5]
Gate(19813)	cx q[4], q[7]
Gate(19814)	 h q[5]
Gate(19815)	 h q[10]
Gate(19816)	 t q[6]
Gate(19817)	 t q[5]
Gate(19818)	 t q[10]
Gate(19819)	cx q[5], q[6]
Gate(19820)	cx q[10], q[5]
Gate(19821)	cx q[6], q[10]
Gate(19822)	tdg q[5]
Gate(19823)	cx q[6], q[5]
Gate(19824)	tdg q[6]
Gate(19825)	tdg q[5]
Gate(19826)	 t q[10]
Gate(19827)	cx q[10], q[5]
Gate(19828)	cx q[6], q[10]
Gate(19829)	cx q[5], q[6]
Gate(19830)	 h q[10]
Gate(19831)	 h q[5]
Gate(19832)	 t q[7]
Gate(19833)	 t q[4]
Gate(19834)	 t q[5]
Gate(19835)	cx q[4], q[7]
Gate(19836)	cx q[5], q[4]
Gate(19837)	cx q[7], q[5]
Gate(19838)	tdg q[4]
Gate(19839)	cx q[7], q[4]
Gate(19840)	tdg q[7]
Gate(19841)	tdg q[4]
Gate(19842)	 t q[5]
Gate(19843)	cx q[5], q[4]
Gate(19844)	cx q[7], q[5]
Gate(19845)	cx q[4], q[7]
Gate(19846)	 h q[5]
Gate(19847)	 h q[4]
Gate(19848)	 t q[9]
Gate(19849)	 t q[8]
Gate(19850)	 t q[4]
Gate(19851)	cx q[8], q[9]
Gate(19852)	cx q[4], q[8]
Gate(19853)	cx q[9], q[4]
Gate(19854)	tdg q[8]
Gate(19855)	cx q[9], q[8]
Gate(19856)	tdg q[9]
Gate(19857)	tdg q[8]
Gate(19858)	 t q[4]
Gate(19859)	cx q[4], q[8]
Gate(19860)	cx q[9], q[4]
Gate(19861)	cx q[8], q[9]
Gate(19862)	 h q[4]
Gate(19863)	 h q[5]
Gate(19864)	 t q[7]
Gate(19865)	 t q[4]
Gate(19866)	 t q[5]
Gate(19867)	cx q[4], q[7]
Gate(19868)	cx q[5], q[4]
Gate(19869)	cx q[7], q[5]
Gate(19870)	tdg q[4]
Gate(19871)	cx q[7], q[4]
Gate(19872)	tdg q[7]
Gate(19873)	tdg q[4]
Gate(19874)	 t q[5]
Gate(19875)	cx q[5], q[4]
Gate(19876)	cx q[7], q[5]
Gate(19877)	cx q[4], q[7]
Gate(19878)	 h q[5]
Gate(19879)	 h q[0]
Gate(19880)	 t q[10]
Gate(19881)	 t q[9]
Gate(19882)	 t q[0]
Gate(19883)	cx q[9], q[10]
Gate(19884)	cx q[0], q[9]
Gate(19885)	cx q[10], q[0]
Gate(19886)	tdg q[9]
Gate(19887)	cx q[10], q[9]
Gate(19888)	tdg q[10]
Gate(19889)	tdg q[9]
Gate(19890)	 t q[0]
Gate(19891)	cx q[0], q[9]
Gate(19892)	cx q[10], q[0]
Gate(19893)	cx q[9], q[10]
Gate(19894)	 h q[0]
Gate(19895)	 h q[9]
Gate(19896)	 t q[1]
Gate(19897)	 t q[8]
Gate(19898)	 t q[9]
Gate(19899)	cx q[8], q[1]
Gate(19900)	cx q[9], q[8]
Gate(19901)	cx q[1], q[9]
Gate(19902)	tdg q[8]
Gate(19903)	cx q[1], q[8]
Gate(19904)	tdg q[1]
Gate(19905)	tdg q[8]
Gate(19906)	 t q[9]
Gate(19907)	cx q[9], q[8]
Gate(19908)	cx q[1], q[9]
Gate(19909)	cx q[8], q[1]
Gate(19910)	 h q[9]
Gate(19911)	 h q[8]
Gate(19912)	 t q[2]
Gate(19913)	 t q[7]
Gate(19914)	 t q[8]
Gate(19915)	cx q[7], q[2]
Gate(19916)	cx q[8], q[7]
Gate(19917)	cx q[2], q[8]
Gate(19918)	tdg q[7]
Gate(19919)	cx q[2], q[7]
Gate(19920)	tdg q[2]
Gate(19921)	tdg q[7]
Gate(19922)	 t q[8]
Gate(19923)	cx q[8], q[7]
Gate(19924)	cx q[2], q[8]
Gate(19925)	cx q[7], q[2]
Gate(19926)	 h q[8]
Gate(19927)	 h q[7]
Gate(19928)	 t q[3]
Gate(19929)	 t q[6]
Gate(19930)	 t q[7]
Gate(19931)	cx q[6], q[3]
Gate(19932)	cx q[7], q[6]
Gate(19933)	cx q[3], q[7]
Gate(19934)	tdg q[6]
Gate(19935)	cx q[3], q[6]
Gate(19936)	tdg q[3]
Gate(19937)	tdg q[6]
Gate(19938)	 t q[7]
Gate(19939)	cx q[7], q[6]
Gate(19940)	cx q[3], q[7]
Gate(19941)	cx q[6], q[3]
Gate(19942)	 h q[7]
Gate(19943)	 h q[6]
Gate(19944)	 t q[5]
Gate(19945)	 t q[4]
Gate(19946)	 t q[6]
Gate(19947)	cx q[4], q[5]
Gate(19948)	cx q[6], q[4]
Gate(19949)	cx q[5], q[6]
Gate(19950)	tdg q[4]
Gate(19951)	cx q[5], q[4]
Gate(19952)	tdg q[5]
Gate(19953)	tdg q[4]
Gate(19954)	 t q[6]
Gate(19955)	cx q[6], q[4]
Gate(19956)	cx q[5], q[6]
Gate(19957)	cx q[4], q[5]
Gate(19958)	 h q[6]
Gate(19959)	 h q[7]
Gate(19960)	 t q[3]
Gate(19961)	 t q[6]
Gate(19962)	 t q[7]
Gate(19963)	cx q[6], q[3]
Gate(19964)	cx q[7], q[6]
Gate(19965)	cx q[3], q[7]
Gate(19966)	tdg q[6]
Gate(19967)	cx q[3], q[6]
Gate(19968)	tdg q[3]
Gate(19969)	tdg q[6]
Gate(19970)	 t q[7]
Gate(19971)	cx q[7], q[6]
Gate(19972)	cx q[3], q[7]
Gate(19973)	cx q[6], q[3]
Gate(19974)	 h q[7]
Gate(19975)	 h q[8]
Gate(19976)	 t q[2]
Gate(19977)	 t q[7]
Gate(19978)	 t q[8]
Gate(19979)	cx q[7], q[2]
Gate(19980)	cx q[8], q[7]
Gate(19981)	cx q[2], q[8]
Gate(19982)	tdg q[7]
Gate(19983)	cx q[2], q[7]
Gate(19984)	tdg q[2]
Gate(19985)	tdg q[7]
Gate(19986)	 t q[8]
Gate(19987)	cx q[8], q[7]
Gate(19988)	cx q[2], q[8]
Gate(19989)	cx q[7], q[2]
Gate(19990)	 h q[8]
Gate(19991)	 h q[9]
Gate(19992)	 t q[1]
Gate(19993)	 t q[8]
Gate(19994)	 t q[9]
Gate(19995)	cx q[8], q[1]
Gate(19996)	cx q[9], q[8]
Gate(19997)	cx q[1], q[9]
Gate(19998)	tdg q[8]
Gate(19999)	cx q[1], q[8]
Gate(20000)	tdg q[1]
Gate(20001)	tdg q[8]
Gate(20002)	 t q[9]
Gate(20003)	cx q[9], q[8]
Gate(20004)	cx q[1], q[9]
Gate(20005)	cx q[8], q[1]
Gate(20006)	 h q[9]
Gate(20007)	 h q[0]
Gate(20008)	 t q[10]
Gate(20009)	 t q[9]
Gate(20010)	 t q[0]
Gate(20011)	cx q[9], q[10]
Gate(20012)	cx q[0], q[9]
Gate(20013)	cx q[10], q[0]
Gate(20014)	tdg q[9]
Gate(20015)	cx q[10], q[9]
Gate(20016)	tdg q[10]
Gate(20017)	tdg q[9]
Gate(20018)	 t q[0]
Gate(20019)	cx q[0], q[9]
Gate(20020)	cx q[10], q[0]
Gate(20021)	cx q[9], q[10]
Gate(20022)	 h q[0]
Gate(20023)	 h q[9]
Gate(20024)	 t q[1]
Gate(20025)	 t q[8]
Gate(20026)	 t q[9]
Gate(20027)	cx q[8], q[1]
Gate(20028)	cx q[9], q[8]
Gate(20029)	cx q[1], q[9]
Gate(20030)	tdg q[8]
Gate(20031)	cx q[1], q[8]
Gate(20032)	tdg q[1]
Gate(20033)	tdg q[8]
Gate(20034)	 t q[9]
Gate(20035)	cx q[9], q[8]
Gate(20036)	cx q[1], q[9]
Gate(20037)	cx q[8], q[1]
Gate(20038)	 h q[9]
Gate(20039)	 h q[8]
Gate(20040)	 t q[2]
Gate(20041)	 t q[7]
Gate(20042)	 t q[8]
Gate(20043)	cx q[7], q[2]
Gate(20044)	cx q[8], q[7]
Gate(20045)	cx q[2], q[8]
Gate(20046)	tdg q[7]
Gate(20047)	cx q[2], q[7]
Gate(20048)	tdg q[2]
Gate(20049)	tdg q[7]
Gate(20050)	 t q[8]
Gate(20051)	cx q[8], q[7]
Gate(20052)	cx q[2], q[8]
Gate(20053)	cx q[7], q[2]
Gate(20054)	 h q[8]
Gate(20055)	 h q[7]
Gate(20056)	 t q[3]
Gate(20057)	 t q[6]
Gate(20058)	 t q[7]
Gate(20059)	cx q[6], q[3]
Gate(20060)	cx q[7], q[6]
Gate(20061)	cx q[3], q[7]
Gate(20062)	tdg q[6]
Gate(20063)	cx q[3], q[6]
Gate(20064)	tdg q[3]
Gate(20065)	tdg q[6]
Gate(20066)	 t q[7]
Gate(20067)	cx q[7], q[6]
Gate(20068)	cx q[3], q[7]
Gate(20069)	cx q[6], q[3]
Gate(20070)	 h q[7]
Gate(20071)	 h q[6]
Gate(20072)	 t q[5]
Gate(20073)	 t q[4]
Gate(20074)	 t q[6]
Gate(20075)	cx q[4], q[5]
Gate(20076)	cx q[6], q[4]
Gate(20077)	cx q[5], q[6]
Gate(20078)	tdg q[4]
Gate(20079)	cx q[5], q[4]
Gate(20080)	tdg q[5]
Gate(20081)	tdg q[4]
Gate(20082)	 t q[6]
Gate(20083)	cx q[6], q[4]
Gate(20084)	cx q[5], q[6]
Gate(20085)	cx q[4], q[5]
Gate(20086)	 h q[6]
Gate(20087)	 h q[7]
Gate(20088)	 t q[3]
Gate(20089)	 t q[6]
Gate(20090)	 t q[7]
Gate(20091)	cx q[6], q[3]
Gate(20092)	cx q[7], q[6]
Gate(20093)	cx q[3], q[7]
Gate(20094)	tdg q[6]
Gate(20095)	cx q[3], q[6]
Gate(20096)	tdg q[3]
Gate(20097)	tdg q[6]
Gate(20098)	 t q[7]
Gate(20099)	cx q[7], q[6]
Gate(20100)	cx q[3], q[7]
Gate(20101)	cx q[6], q[3]
Gate(20102)	 h q[7]
Gate(20103)	 h q[8]
Gate(20104)	 t q[2]
Gate(20105)	 t q[7]
Gate(20106)	 t q[8]
Gate(20107)	cx q[7], q[2]
Gate(20108)	cx q[8], q[7]
Gate(20109)	cx q[2], q[8]
Gate(20110)	tdg q[7]
Gate(20111)	cx q[2], q[7]
Gate(20112)	tdg q[2]
Gate(20113)	tdg q[7]
Gate(20114)	 t q[8]
Gate(20115)	cx q[8], q[7]
Gate(20116)	cx q[2], q[8]
Gate(20117)	cx q[7], q[2]
Gate(20118)	 h q[8]
Gate(20119)	 h q[9]
Gate(20120)	 t q[1]
Gate(20121)	 t q[8]
Gate(20122)	 t q[9]
Gate(20123)	cx q[8], q[1]
Gate(20124)	cx q[9], q[8]
Gate(20125)	cx q[1], q[9]
Gate(20126)	tdg q[8]
Gate(20127)	cx q[1], q[8]
Gate(20128)	tdg q[1]
Gate(20129)	tdg q[8]
Gate(20130)	 t q[9]
Gate(20131)	cx q[9], q[8]
Gate(20132)	cx q[1], q[9]
Gate(20133)	cx q[8], q[1]
Gate(20134)	 h q[9]
Gate(20135)	 h q[1]
Gate(20136)	 t q[6]
Gate(20137)	 t q[10]
Gate(20138)	 t q[1]
Gate(20139)	cx q[10], q[6]
Gate(20140)	cx q[1], q[10]
Gate(20141)	cx q[6], q[1]
Gate(20142)	tdg q[10]
Gate(20143)	cx q[6], q[10]
Gate(20144)	tdg q[6]
Gate(20145)	tdg q[10]
Gate(20146)	 t q[1]
Gate(20147)	cx q[1], q[10]
Gate(20148)	cx q[6], q[1]
Gate(20149)	cx q[10], q[6]
Gate(20150)	 h q[1]
Gate(20151)	 h q[10]
Gate(20152)	 t q[7]
Gate(20153)	 t q[5]
Gate(20154)	 t q[10]
Gate(20155)	cx q[5], q[7]
Gate(20156)	cx q[10], q[5]
Gate(20157)	cx q[7], q[10]
Gate(20158)	tdg q[5]
Gate(20159)	cx q[7], q[5]
Gate(20160)	tdg q[7]
Gate(20161)	tdg q[5]
Gate(20162)	 t q[10]
Gate(20163)	cx q[10], q[5]
Gate(20164)	cx q[7], q[10]
Gate(20165)	cx q[5], q[7]
Gate(20166)	 h q[10]
Gate(20167)	 h q[5]
Gate(20168)	 t q[9]
Gate(20169)	 t q[8]
Gate(20170)	 t q[5]
Gate(20171)	cx q[8], q[9]
Gate(20172)	cx q[5], q[8]
Gate(20173)	cx q[9], q[5]
Gate(20174)	tdg q[8]
Gate(20175)	cx q[9], q[8]
Gate(20176)	tdg q[9]
Gate(20177)	tdg q[8]
Gate(20178)	 t q[5]
Gate(20179)	cx q[5], q[8]
Gate(20180)	cx q[9], q[5]
Gate(20181)	cx q[8], q[9]
Gate(20182)	 h q[5]
Gate(20183)	 h q[10]
Gate(20184)	 t q[7]
Gate(20185)	 t q[5]
Gate(20186)	 t q[10]
Gate(20187)	cx q[5], q[7]
Gate(20188)	cx q[10], q[5]
Gate(20189)	cx q[7], q[10]
Gate(20190)	tdg q[5]
Gate(20191)	cx q[7], q[5]
Gate(20192)	tdg q[7]
Gate(20193)	tdg q[5]
Gate(20194)	 t q[10]
Gate(20195)	cx q[10], q[5]
Gate(20196)	cx q[7], q[10]
Gate(20197)	cx q[5], q[7]
Gate(20198)	 h q[10]
Gate(20199)	 h q[1]
Gate(20200)	 t q[6]
Gate(20201)	 t q[10]
Gate(20202)	 t q[1]
Gate(20203)	cx q[10], q[6]
Gate(20204)	cx q[1], q[10]
Gate(20205)	cx q[6], q[1]
Gate(20206)	tdg q[10]
Gate(20207)	cx q[6], q[10]
Gate(20208)	tdg q[6]
Gate(20209)	tdg q[10]
Gate(20210)	 t q[1]
Gate(20211)	cx q[1], q[10]
Gate(20212)	cx q[6], q[1]
Gate(20213)	cx q[10], q[6]
Gate(20214)	 h q[1]
Gate(20215)	 h q[10]
Gate(20216)	 t q[7]
Gate(20217)	 t q[5]
Gate(20218)	 t q[10]
Gate(20219)	cx q[5], q[7]
Gate(20220)	cx q[10], q[5]
Gate(20221)	cx q[7], q[10]
Gate(20222)	tdg q[5]
Gate(20223)	cx q[7], q[5]
Gate(20224)	tdg q[7]
Gate(20225)	tdg q[5]
Gate(20226)	 t q[10]
Gate(20227)	cx q[10], q[5]
Gate(20228)	cx q[7], q[10]
Gate(20229)	cx q[5], q[7]
Gate(20230)	 h q[10]
Gate(20231)	 h q[5]
Gate(20232)	 t q[9]
Gate(20233)	 t q[8]
Gate(20234)	 t q[5]
Gate(20235)	cx q[8], q[9]
Gate(20236)	cx q[5], q[8]
Gate(20237)	cx q[9], q[5]
Gate(20238)	tdg q[8]
Gate(20239)	cx q[9], q[8]
Gate(20240)	tdg q[9]
Gate(20241)	tdg q[8]
Gate(20242)	 t q[5]
Gate(20243)	cx q[5], q[8]
Gate(20244)	cx q[9], q[5]
Gate(20245)	cx q[8], q[9]
Gate(20246)	 h q[5]
Gate(20247)	 h q[10]
Gate(20248)	 t q[7]
Gate(20249)	 t q[5]
Gate(20250)	 t q[10]
Gate(20251)	cx q[5], q[7]
Gate(20252)	cx q[10], q[5]
Gate(20253)	cx q[7], q[10]
Gate(20254)	tdg q[5]
Gate(20255)	cx q[7], q[5]
Gate(20256)	tdg q[7]
Gate(20257)	tdg q[5]
Gate(20258)	 t q[10]
Gate(20259)	cx q[10], q[5]
Gate(20260)	cx q[7], q[10]
Gate(20261)	cx q[5], q[7]
Gate(20262)	 h q[10]
Gate(20263)	 h q[0]
Gate(20264)	 t q[1]
Gate(20265)	 t q[10]
Gate(20266)	 t q[0]
Gate(20267)	cx q[10], q[1]
Gate(20268)	cx q[0], q[10]
Gate(20269)	cx q[1], q[0]
Gate(20270)	tdg q[10]
Gate(20271)	cx q[1], q[10]
Gate(20272)	tdg q[1]
Gate(20273)	tdg q[10]
Gate(20274)	 t q[0]
Gate(20275)	cx q[0], q[10]
Gate(20276)	cx q[1], q[0]
Gate(20277)	cx q[10], q[1]
Gate(20278)	 h q[0]
Gate(20279)	 h q[10]
Gate(20280)	 t q[2]
Gate(20281)	 t q[9]
Gate(20282)	 t q[10]
Gate(20283)	cx q[9], q[2]
Gate(20284)	cx q[10], q[9]
Gate(20285)	cx q[2], q[10]
Gate(20286)	tdg q[9]
Gate(20287)	cx q[2], q[9]
Gate(20288)	tdg q[2]
Gate(20289)	tdg q[9]
Gate(20290)	 t q[10]
Gate(20291)	cx q[10], q[9]
Gate(20292)	cx q[2], q[10]
Gate(20293)	cx q[9], q[2]
Gate(20294)	 h q[10]
Gate(20295)	 h q[9]
Gate(20296)	 t q[3]
Gate(20297)	 t q[8]
Gate(20298)	 t q[9]
Gate(20299)	cx q[8], q[3]
Gate(20300)	cx q[9], q[8]
Gate(20301)	cx q[3], q[9]
Gate(20302)	tdg q[8]
Gate(20303)	cx q[3], q[8]
Gate(20304)	tdg q[3]
Gate(20305)	tdg q[8]
Gate(20306)	 t q[9]
Gate(20307)	cx q[9], q[8]
Gate(20308)	cx q[3], q[9]
Gate(20309)	cx q[8], q[3]
Gate(20310)	 h q[9]
Gate(20311)	 h q[8]
Gate(20312)	 t q[5]
Gate(20313)	 t q[4]
Gate(20314)	 t q[8]
Gate(20315)	cx q[4], q[5]
Gate(20316)	cx q[8], q[4]
Gate(20317)	cx q[5], q[8]
Gate(20318)	tdg q[4]
Gate(20319)	cx q[5], q[4]
Gate(20320)	tdg q[5]
Gate(20321)	tdg q[4]
Gate(20322)	 t q[8]
Gate(20323)	cx q[8], q[4]
Gate(20324)	cx q[5], q[8]
Gate(20325)	cx q[4], q[5]
Gate(20326)	 h q[8]
Gate(20327)	 h q[9]
Gate(20328)	 t q[3]
Gate(20329)	 t q[8]
Gate(20330)	 t q[9]
Gate(20331)	cx q[8], q[3]
Gate(20332)	cx q[9], q[8]
Gate(20333)	cx q[3], q[9]
Gate(20334)	tdg q[8]
Gate(20335)	cx q[3], q[8]
Gate(20336)	tdg q[3]
Gate(20337)	tdg q[8]
Gate(20338)	 t q[9]
Gate(20339)	cx q[9], q[8]
Gate(20340)	cx q[3], q[9]
Gate(20341)	cx q[8], q[3]
Gate(20342)	 h q[9]
Gate(20343)	 h q[10]
Gate(20344)	 t q[2]
Gate(20345)	 t q[9]
Gate(20346)	 t q[10]
Gate(20347)	cx q[9], q[2]
Gate(20348)	cx q[10], q[9]
Gate(20349)	cx q[2], q[10]
Gate(20350)	tdg q[9]
Gate(20351)	cx q[2], q[9]
Gate(20352)	tdg q[2]
Gate(20353)	tdg q[9]
Gate(20354)	 t q[10]
Gate(20355)	cx q[10], q[9]
Gate(20356)	cx q[2], q[10]
Gate(20357)	cx q[9], q[2]
Gate(20358)	 h q[10]
Gate(20359)	 h q[0]
Gate(20360)	 t q[1]
Gate(20361)	 t q[10]
Gate(20362)	 t q[0]
Gate(20363)	cx q[10], q[1]
Gate(20364)	cx q[0], q[10]
Gate(20365)	cx q[1], q[0]
Gate(20366)	tdg q[10]
Gate(20367)	cx q[1], q[10]
Gate(20368)	tdg q[1]
Gate(20369)	tdg q[10]
Gate(20370)	 t q[0]
Gate(20371)	cx q[0], q[10]
Gate(20372)	cx q[1], q[0]
Gate(20373)	cx q[10], q[1]
Gate(20374)	 h q[0]
Gate(20375)	 h q[10]
Gate(20376)	 t q[2]
Gate(20377)	 t q[9]
Gate(20378)	 t q[10]
Gate(20379)	cx q[9], q[2]
Gate(20380)	cx q[10], q[9]
Gate(20381)	cx q[2], q[10]
Gate(20382)	tdg q[9]
Gate(20383)	cx q[2], q[9]
Gate(20384)	tdg q[2]
Gate(20385)	tdg q[9]
Gate(20386)	 t q[10]
Gate(20387)	cx q[10], q[9]
Gate(20388)	cx q[2], q[10]
Gate(20389)	cx q[9], q[2]
Gate(20390)	 h q[10]
Gate(20391)	 h q[9]
Gate(20392)	 t q[3]
Gate(20393)	 t q[8]
Gate(20394)	 t q[9]
Gate(20395)	cx q[8], q[3]
Gate(20396)	cx q[9], q[8]
Gate(20397)	cx q[3], q[9]
Gate(20398)	tdg q[8]
Gate(20399)	cx q[3], q[8]
Gate(20400)	tdg q[3]
Gate(20401)	tdg q[8]
Gate(20402)	 t q[9]
Gate(20403)	cx q[9], q[8]
Gate(20404)	cx q[3], q[9]
Gate(20405)	cx q[8], q[3]
Gate(20406)	 h q[9]
Gate(20407)	 h q[8]
Gate(20408)	 t q[5]
Gate(20409)	 t q[4]
Gate(20410)	 t q[8]
Gate(20411)	cx q[4], q[5]
Gate(20412)	cx q[8], q[4]
Gate(20413)	cx q[5], q[8]
Gate(20414)	tdg q[4]
Gate(20415)	cx q[5], q[4]
Gate(20416)	tdg q[5]
Gate(20417)	tdg q[4]
Gate(20418)	 t q[8]
Gate(20419)	cx q[8], q[4]
Gate(20420)	cx q[5], q[8]
Gate(20421)	cx q[4], q[5]
Gate(20422)	 h q[8]
Gate(20423)	 h q[9]
Gate(20424)	 t q[3]
Gate(20425)	 t q[8]
Gate(20426)	 t q[9]
Gate(20427)	cx q[8], q[3]
Gate(20428)	cx q[9], q[8]
Gate(20429)	cx q[3], q[9]
Gate(20430)	tdg q[8]
Gate(20431)	cx q[3], q[8]
Gate(20432)	tdg q[3]
Gate(20433)	tdg q[8]
Gate(20434)	 t q[9]
Gate(20435)	cx q[9], q[8]
Gate(20436)	cx q[3], q[9]
Gate(20437)	cx q[8], q[3]
Gate(20438)	 h q[9]
Gate(20439)	 h q[10]
Gate(20440)	 t q[2]
Gate(20441)	 t q[9]
Gate(20442)	 t q[10]
Gate(20443)	cx q[9], q[2]
Gate(20444)	cx q[10], q[9]
Gate(20445)	cx q[2], q[10]
Gate(20446)	tdg q[9]
Gate(20447)	cx q[2], q[9]
Gate(20448)	tdg q[2]
Gate(20449)	tdg q[9]
Gate(20450)	 t q[10]
Gate(20451)	cx q[10], q[9]
Gate(20452)	cx q[2], q[10]
Gate(20453)	cx q[9], q[2]
Gate(20454)	 h q[10]
Gate(20455)	 h q[1]
Gate(20456)	 t q[6]
Gate(20457)	 t q[10]
Gate(20458)	 t q[1]
Gate(20459)	cx q[10], q[6]
Gate(20460)	cx q[1], q[10]
Gate(20461)	cx q[6], q[1]
Gate(20462)	tdg q[10]
Gate(20463)	cx q[6], q[10]
Gate(20464)	tdg q[6]
Gate(20465)	tdg q[10]
Gate(20466)	 t q[1]
Gate(20467)	cx q[1], q[10]
Gate(20468)	cx q[6], q[1]
Gate(20469)	cx q[10], q[6]
Gate(20470)	 h q[1]
Gate(20471)	 h q[10]
Gate(20472)	 t q[7]
Gate(20473)	 t q[5]
Gate(20474)	 t q[10]
Gate(20475)	cx q[5], q[7]
Gate(20476)	cx q[10], q[5]
Gate(20477)	cx q[7], q[10]
Gate(20478)	tdg q[5]
Gate(20479)	cx q[7], q[5]
Gate(20480)	tdg q[7]
Gate(20481)	tdg q[5]
Gate(20482)	 t q[10]
Gate(20483)	cx q[10], q[5]
Gate(20484)	cx q[7], q[10]
Gate(20485)	cx q[5], q[7]
Gate(20486)	 h q[10]
Gate(20487)	 h q[5]
Gate(20488)	 t q[9]
Gate(20489)	 t q[8]
Gate(20490)	 t q[5]
Gate(20491)	cx q[8], q[9]
Gate(20492)	cx q[5], q[8]
Gate(20493)	cx q[9], q[5]
Gate(20494)	tdg q[8]
Gate(20495)	cx q[9], q[8]
Gate(20496)	tdg q[9]
Gate(20497)	tdg q[8]
Gate(20498)	 t q[5]
Gate(20499)	cx q[5], q[8]
Gate(20500)	cx q[9], q[5]
Gate(20501)	cx q[8], q[9]
Gate(20502)	 h q[5]
Gate(20503)	 h q[10]
Gate(20504)	 t q[7]
Gate(20505)	 t q[5]
Gate(20506)	 t q[10]
Gate(20507)	cx q[5], q[7]
Gate(20508)	cx q[10], q[5]
Gate(20509)	cx q[7], q[10]
Gate(20510)	tdg q[5]
Gate(20511)	cx q[7], q[5]
Gate(20512)	tdg q[7]
Gate(20513)	tdg q[5]
Gate(20514)	 t q[10]
Gate(20515)	cx q[10], q[5]
Gate(20516)	cx q[7], q[10]
Gate(20517)	cx q[5], q[7]
Gate(20518)	 h q[10]
Gate(20519)	 h q[1]
Gate(20520)	 t q[6]
Gate(20521)	 t q[10]
Gate(20522)	 t q[1]
Gate(20523)	cx q[10], q[6]
Gate(20524)	cx q[1], q[10]
Gate(20525)	cx q[6], q[1]
Gate(20526)	tdg q[10]
Gate(20527)	cx q[6], q[10]
Gate(20528)	tdg q[6]
Gate(20529)	tdg q[10]
Gate(20530)	 t q[1]
Gate(20531)	cx q[1], q[10]
Gate(20532)	cx q[6], q[1]
Gate(20533)	cx q[10], q[6]
Gate(20534)	 h q[1]
Gate(20535)	 h q[10]
Gate(20536)	 t q[7]
Gate(20537)	 t q[5]
Gate(20538)	 t q[10]
Gate(20539)	cx q[5], q[7]
Gate(20540)	cx q[10], q[5]
Gate(20541)	cx q[7], q[10]
Gate(20542)	tdg q[5]
Gate(20543)	cx q[7], q[5]
Gate(20544)	tdg q[7]
Gate(20545)	tdg q[5]
Gate(20546)	 t q[10]
Gate(20547)	cx q[10], q[5]
Gate(20548)	cx q[7], q[10]
Gate(20549)	cx q[5], q[7]
Gate(20550)	 h q[10]
Gate(20551)	 h q[5]
Gate(20552)	 t q[9]
Gate(20553)	 t q[8]
Gate(20554)	 t q[5]
Gate(20555)	cx q[8], q[9]
Gate(20556)	cx q[5], q[8]
Gate(20557)	cx q[9], q[5]
Gate(20558)	tdg q[8]
Gate(20559)	cx q[9], q[8]
Gate(20560)	tdg q[9]
Gate(20561)	tdg q[8]
Gate(20562)	 t q[5]
Gate(20563)	cx q[5], q[8]
Gate(20564)	cx q[9], q[5]
Gate(20565)	cx q[8], q[9]
Gate(20566)	 h q[5]
Gate(20567)	 h q[10]
Gate(20568)	 t q[7]
Gate(20569)	 t q[5]
Gate(20570)	 t q[10]
Gate(20571)	cx q[5], q[7]
Gate(20572)	cx q[10], q[5]
Gate(20573)	cx q[7], q[10]
Gate(20574)	tdg q[5]
Gate(20575)	cx q[7], q[5]
Gate(20576)	tdg q[7]
Gate(20577)	tdg q[5]
Gate(20578)	 t q[10]
Gate(20579)	cx q[10], q[5]
Gate(20580)	cx q[7], q[10]
Gate(20581)	cx q[5], q[7]
Gate(20582)	 h q[10]
Gate(20583)	 h q[0]
Gate(20584)	 t q[1]
Gate(20585)	 t q[10]
Gate(20586)	 t q[0]
Gate(20587)	cx q[10], q[1]
Gate(20588)	cx q[0], q[10]
Gate(20589)	cx q[1], q[0]
Gate(20590)	tdg q[10]
Gate(20591)	cx q[1], q[10]
Gate(20592)	tdg q[1]
Gate(20593)	tdg q[10]
Gate(20594)	 t q[0]
Gate(20595)	cx q[0], q[10]
Gate(20596)	cx q[1], q[0]
Gate(20597)	cx q[10], q[1]
Gate(20598)	 h q[0]
Gate(20599)	 h q[10]
Gate(20600)	 t q[2]
Gate(20601)	 t q[9]
Gate(20602)	 t q[10]
Gate(20603)	cx q[9], q[2]
Gate(20604)	cx q[10], q[9]
Gate(20605)	cx q[2], q[10]
Gate(20606)	tdg q[9]
Gate(20607)	cx q[2], q[9]
Gate(20608)	tdg q[2]
Gate(20609)	tdg q[9]
Gate(20610)	 t q[10]
Gate(20611)	cx q[10], q[9]
Gate(20612)	cx q[2], q[10]
Gate(20613)	cx q[9], q[2]
Gate(20614)	 h q[10]
Gate(20615)	 h q[9]
Gate(20616)	 t q[3]
Gate(20617)	 t q[8]
Gate(20618)	 t q[9]
Gate(20619)	cx q[8], q[3]
Gate(20620)	cx q[9], q[8]
Gate(20621)	cx q[3], q[9]
Gate(20622)	tdg q[8]
Gate(20623)	cx q[3], q[8]
Gate(20624)	tdg q[3]
Gate(20625)	tdg q[8]
Gate(20626)	 t q[9]
Gate(20627)	cx q[9], q[8]
Gate(20628)	cx q[3], q[9]
Gate(20629)	cx q[8], q[3]
Gate(20630)	 h q[9]
Gate(20631)	 h q[8]
Gate(20632)	 t q[5]
Gate(20633)	 t q[4]
Gate(20634)	 t q[8]
Gate(20635)	cx q[4], q[5]
Gate(20636)	cx q[8], q[4]
Gate(20637)	cx q[5], q[8]
Gate(20638)	tdg q[4]
Gate(20639)	cx q[5], q[4]
Gate(20640)	tdg q[5]
Gate(20641)	tdg q[4]
Gate(20642)	 t q[8]
Gate(20643)	cx q[8], q[4]
Gate(20644)	cx q[5], q[8]
Gate(20645)	cx q[4], q[5]
Gate(20646)	 h q[8]
Gate(20647)	 h q[9]
Gate(20648)	 t q[3]
Gate(20649)	 t q[8]
Gate(20650)	 t q[9]
Gate(20651)	cx q[8], q[3]
Gate(20652)	cx q[9], q[8]
Gate(20653)	cx q[3], q[9]
Gate(20654)	tdg q[8]
Gate(20655)	cx q[3], q[8]
Gate(20656)	tdg q[3]
Gate(20657)	tdg q[8]
Gate(20658)	 t q[9]
Gate(20659)	cx q[9], q[8]
Gate(20660)	cx q[3], q[9]
Gate(20661)	cx q[8], q[3]
Gate(20662)	 h q[9]
Gate(20663)	 h q[10]
Gate(20664)	 t q[2]
Gate(20665)	 t q[9]
Gate(20666)	 t q[10]
Gate(20667)	cx q[9], q[2]
Gate(20668)	cx q[10], q[9]
Gate(20669)	cx q[2], q[10]
Gate(20670)	tdg q[9]
Gate(20671)	cx q[2], q[9]
Gate(20672)	tdg q[2]
Gate(20673)	tdg q[9]
Gate(20674)	 t q[10]
Gate(20675)	cx q[10], q[9]
Gate(20676)	cx q[2], q[10]
Gate(20677)	cx q[9], q[2]
Gate(20678)	 h q[10]
Gate(20679)	 h q[0]
Gate(20680)	 t q[1]
Gate(20681)	 t q[10]
Gate(20682)	 t q[0]
Gate(20683)	cx q[10], q[1]
Gate(20684)	cx q[0], q[10]
Gate(20685)	cx q[1], q[0]
Gate(20686)	tdg q[10]
Gate(20687)	cx q[1], q[10]
Gate(20688)	tdg q[1]
Gate(20689)	tdg q[10]
Gate(20690)	 t q[0]
Gate(20691)	cx q[0], q[10]
Gate(20692)	cx q[1], q[0]
Gate(20693)	cx q[10], q[1]
Gate(20694)	 h q[0]
Gate(20695)	 h q[10]
Gate(20696)	 t q[2]
Gate(20697)	 t q[9]
Gate(20698)	 t q[10]
Gate(20699)	cx q[9], q[2]
Gate(20700)	cx q[10], q[9]
Gate(20701)	cx q[2], q[10]
Gate(20702)	tdg q[9]
Gate(20703)	cx q[2], q[9]
Gate(20704)	tdg q[2]
Gate(20705)	tdg q[9]
Gate(20706)	 t q[10]
Gate(20707)	cx q[10], q[9]
Gate(20708)	cx q[2], q[10]
Gate(20709)	cx q[9], q[2]
Gate(20710)	 h q[10]
Gate(20711)	 h q[9]
Gate(20712)	 t q[3]
Gate(20713)	 t q[8]
Gate(20714)	 t q[9]
Gate(20715)	cx q[8], q[3]
Gate(20716)	cx q[9], q[8]
Gate(20717)	cx q[3], q[9]
Gate(20718)	tdg q[8]
Gate(20719)	cx q[3], q[8]
Gate(20720)	tdg q[3]
Gate(20721)	tdg q[8]
Gate(20722)	 t q[9]
Gate(20723)	cx q[9], q[8]
Gate(20724)	cx q[3], q[9]
Gate(20725)	cx q[8], q[3]
Gate(20726)	 h q[9]
Gate(20727)	 h q[8]
Gate(20728)	 t q[5]
Gate(20729)	 t q[4]
Gate(20730)	 t q[8]
Gate(20731)	cx q[4], q[5]
Gate(20732)	cx q[8], q[4]
Gate(20733)	cx q[5], q[8]
Gate(20734)	tdg q[4]
Gate(20735)	cx q[5], q[4]
Gate(20736)	tdg q[5]
Gate(20737)	tdg q[4]
Gate(20738)	 t q[8]
Gate(20739)	cx q[8], q[4]
Gate(20740)	cx q[5], q[8]
Gate(20741)	cx q[4], q[5]
Gate(20742)	 h q[8]
Gate(20743)	 h q[9]
Gate(20744)	 t q[3]
Gate(20745)	 t q[8]
Gate(20746)	 t q[9]
Gate(20747)	cx q[8], q[3]
Gate(20748)	cx q[9], q[8]
Gate(20749)	cx q[3], q[9]
Gate(20750)	tdg q[8]
Gate(20751)	cx q[3], q[8]
Gate(20752)	tdg q[3]
Gate(20753)	tdg q[8]
Gate(20754)	 t q[9]
Gate(20755)	cx q[9], q[8]
Gate(20756)	cx q[3], q[9]
Gate(20757)	cx q[8], q[3]
Gate(20758)	 h q[9]
Gate(20759)	 h q[10]
Gate(20760)	 t q[2]
Gate(20761)	 t q[9]
Gate(20762)	 t q[10]
Gate(20763)	cx q[9], q[2]
Gate(20764)	cx q[10], q[9]
Gate(20765)	cx q[2], q[10]
Gate(20766)	tdg q[9]
Gate(20767)	cx q[2], q[9]
Gate(20768)	tdg q[2]
Gate(20769)	tdg q[9]
Gate(20770)	 t q[10]
Gate(20771)	cx q[10], q[9]
Gate(20772)	cx q[2], q[10]
Gate(20773)	cx q[9], q[2]
Gate(20774)	 h q[10]
Gate(20775)	 x q[8]
Gate(20776)	 x q[3]
Gate(20777)	 h q[9]
Gate(20778)	 t q[5]
Gate(20779)	 t q[10]
Gate(20780)	 t q[9]
Gate(20781)	cx q[10], q[5]
Gate(20782)	cx q[9], q[10]
Gate(20783)	cx q[5], q[9]
Gate(20784)	tdg q[10]
Gate(20785)	cx q[5], q[10]
Gate(20786)	tdg q[5]
Gate(20787)	tdg q[10]
Gate(20788)	 t q[9]
Gate(20789)	cx q[9], q[10]
Gate(20790)	cx q[5], q[9]
Gate(20791)	cx q[10], q[5]
Gate(20792)	 h q[9]
Gate(20793)	 h q[10]
Gate(20794)	 t q[6]
Gate(20795)	 t q[4]
Gate(20796)	 t q[10]
Gate(20797)	cx q[4], q[6]
Gate(20798)	cx q[10], q[4]
Gate(20799)	cx q[6], q[10]
Gate(20800)	tdg q[4]
Gate(20801)	cx q[6], q[4]
Gate(20802)	tdg q[6]
Gate(20803)	tdg q[4]
Gate(20804)	 t q[10]
Gate(20805)	cx q[10], q[4]
Gate(20806)	cx q[6], q[10]
Gate(20807)	cx q[4], q[6]
Gate(20808)	 h q[10]
Gate(20809)	 h q[4]
Gate(20810)	 t q[8]
Gate(20811)	 t q[7]
Gate(20812)	 t q[4]
Gate(20813)	cx q[7], q[8]
Gate(20814)	cx q[4], q[7]
Gate(20815)	cx q[8], q[4]
Gate(20816)	tdg q[7]
Gate(20817)	cx q[8], q[7]
Gate(20818)	tdg q[8]
Gate(20819)	tdg q[7]
Gate(20820)	 t q[4]
Gate(20821)	cx q[4], q[7]
Gate(20822)	cx q[8], q[4]
Gate(20823)	cx q[7], q[8]
Gate(20824)	 h q[4]
Gate(20825)	 h q[10]
Gate(20826)	 t q[6]
Gate(20827)	 t q[4]
Gate(20828)	 t q[10]
Gate(20829)	cx q[4], q[6]
Gate(20830)	cx q[10], q[4]
Gate(20831)	cx q[6], q[10]
Gate(20832)	tdg q[4]
Gate(20833)	cx q[6], q[4]
Gate(20834)	tdg q[6]
Gate(20835)	tdg q[4]
Gate(20836)	 t q[10]
Gate(20837)	cx q[10], q[4]
Gate(20838)	cx q[6], q[10]
Gate(20839)	cx q[4], q[6]
Gate(20840)	 h q[10]
Gate(20841)	 h q[9]
Gate(20842)	 t q[5]
Gate(20843)	 t q[10]
Gate(20844)	 t q[9]
Gate(20845)	cx q[10], q[5]
Gate(20846)	cx q[9], q[10]
Gate(20847)	cx q[5], q[9]
Gate(20848)	tdg q[10]
Gate(20849)	cx q[5], q[10]
Gate(20850)	tdg q[5]
Gate(20851)	tdg q[10]
Gate(20852)	 t q[9]
Gate(20853)	cx q[9], q[10]
Gate(20854)	cx q[5], q[9]
Gate(20855)	cx q[10], q[5]
Gate(20856)	 h q[9]
Gate(20857)	 h q[10]
Gate(20858)	 t q[6]
Gate(20859)	 t q[4]
Gate(20860)	 t q[10]
Gate(20861)	cx q[4], q[6]
Gate(20862)	cx q[10], q[4]
Gate(20863)	cx q[6], q[10]
Gate(20864)	tdg q[4]
Gate(20865)	cx q[6], q[4]
Gate(20866)	tdg q[6]
Gate(20867)	tdg q[4]
Gate(20868)	 t q[10]
Gate(20869)	cx q[10], q[4]
Gate(20870)	cx q[6], q[10]
Gate(20871)	cx q[4], q[6]
Gate(20872)	 h q[10]
Gate(20873)	 h q[4]
Gate(20874)	 t q[8]
Gate(20875)	 t q[7]
Gate(20876)	 t q[4]
Gate(20877)	cx q[7], q[8]
Gate(20878)	cx q[4], q[7]
Gate(20879)	cx q[8], q[4]
Gate(20880)	tdg q[7]
Gate(20881)	cx q[8], q[7]
Gate(20882)	tdg q[8]
Gate(20883)	tdg q[7]
Gate(20884)	 t q[4]
Gate(20885)	cx q[4], q[7]
Gate(20886)	cx q[8], q[4]
Gate(20887)	cx q[7], q[8]
Gate(20888)	 h q[4]
Gate(20889)	 h q[10]
Gate(20890)	 t q[6]
Gate(20891)	 t q[4]
Gate(20892)	 t q[10]
Gate(20893)	cx q[4], q[6]
Gate(20894)	cx q[10], q[4]
Gate(20895)	cx q[6], q[10]
Gate(20896)	tdg q[4]
Gate(20897)	cx q[6], q[4]
Gate(20898)	tdg q[6]
Gate(20899)	tdg q[4]
Gate(20900)	 t q[10]
Gate(20901)	cx q[10], q[4]
Gate(20902)	cx q[6], q[10]
Gate(20903)	cx q[4], q[6]
Gate(20904)	 h q[10]
Gate(20905)	 h q[0]
Gate(20906)	 t q[9]
Gate(20907)	 t q[10]
Gate(20908)	 t q[0]
Gate(20909)	cx q[10], q[9]
Gate(20910)	cx q[0], q[10]
Gate(20911)	cx q[9], q[0]
Gate(20912)	tdg q[10]
Gate(20913)	cx q[9], q[10]
Gate(20914)	tdg q[9]
Gate(20915)	tdg q[10]
Gate(20916)	 t q[0]
Gate(20917)	cx q[0], q[10]
Gate(20918)	cx q[9], q[0]
Gate(20919)	cx q[10], q[9]
Gate(20920)	 h q[0]
Gate(20921)	 h q[10]
Gate(20922)	 t q[1]
Gate(20923)	 t q[8]
Gate(20924)	 t q[10]
Gate(20925)	cx q[8], q[1]
Gate(20926)	cx q[10], q[8]
Gate(20927)	cx q[1], q[10]
Gate(20928)	tdg q[8]
Gate(20929)	cx q[1], q[8]
Gate(20930)	tdg q[1]
Gate(20931)	tdg q[8]
Gate(20932)	 t q[10]
Gate(20933)	cx q[10], q[8]
Gate(20934)	cx q[1], q[10]
Gate(20935)	cx q[8], q[1]
Gate(20936)	 h q[10]
Gate(20937)	 h q[8]
Gate(20938)	 t q[2]
Gate(20939)	 t q[7]
Gate(20940)	 t q[8]
Gate(20941)	cx q[7], q[2]
Gate(20942)	cx q[8], q[7]
Gate(20943)	cx q[2], q[8]
Gate(20944)	tdg q[7]
Gate(20945)	cx q[2], q[7]
Gate(20946)	tdg q[2]
Gate(20947)	tdg q[7]
Gate(20948)	 t q[8]
Gate(20949)	cx q[8], q[7]
Gate(20950)	cx q[2], q[8]
Gate(20951)	cx q[7], q[2]
Gate(20952)	 h q[8]
Gate(20953)	 h q[7]
Gate(20954)	 t q[4]
Gate(20955)	 t q[3]
Gate(20956)	 t q[7]
Gate(20957)	cx q[3], q[4]
Gate(20958)	cx q[7], q[3]
Gate(20959)	cx q[4], q[7]
Gate(20960)	tdg q[3]
Gate(20961)	cx q[4], q[3]
Gate(20962)	tdg q[4]
Gate(20963)	tdg q[3]
Gate(20964)	 t q[7]
Gate(20965)	cx q[7], q[3]
Gate(20966)	cx q[4], q[7]
Gate(20967)	cx q[3], q[4]
Gate(20968)	 h q[7]
Gate(20969)	 h q[8]
Gate(20970)	 t q[2]
Gate(20971)	 t q[7]
Gate(20972)	 t q[8]
Gate(20973)	cx q[7], q[2]
Gate(20974)	cx q[8], q[7]
Gate(20975)	cx q[2], q[8]
Gate(20976)	tdg q[7]
Gate(20977)	cx q[2], q[7]
Gate(20978)	tdg q[2]
Gate(20979)	tdg q[7]
Gate(20980)	 t q[8]
Gate(20981)	cx q[8], q[7]
Gate(20982)	cx q[2], q[8]
Gate(20983)	cx q[7], q[2]
Gate(20984)	 h q[8]
Gate(20985)	 h q[10]
Gate(20986)	 t q[1]
Gate(20987)	 t q[8]
Gate(20988)	 t q[10]
Gate(20989)	cx q[8], q[1]
Gate(20990)	cx q[10], q[8]
Gate(20991)	cx q[1], q[10]
Gate(20992)	tdg q[8]
Gate(20993)	cx q[1], q[8]
Gate(20994)	tdg q[1]
Gate(20995)	tdg q[8]
Gate(20996)	 t q[10]
Gate(20997)	cx q[10], q[8]
Gate(20998)	cx q[1], q[10]
Gate(20999)	cx q[8], q[1]
Gate(21000)	 h q[10]
Gate(21001)	 h q[0]
Gate(21002)	 t q[9]
Gate(21003)	 t q[10]
Gate(21004)	 t q[0]
Gate(21005)	cx q[10], q[9]
Gate(21006)	cx q[0], q[10]
Gate(21007)	cx q[9], q[0]
Gate(21008)	tdg q[10]
Gate(21009)	cx q[9], q[10]
Gate(21010)	tdg q[9]
Gate(21011)	tdg q[10]
Gate(21012)	 t q[0]
Gate(21013)	cx q[0], q[10]
Gate(21014)	cx q[9], q[0]
Gate(21015)	cx q[10], q[9]
Gate(21016)	 h q[0]
Gate(21017)	 h q[10]
Gate(21018)	 t q[1]
Gate(21019)	 t q[8]
Gate(21020)	 t q[10]
Gate(21021)	cx q[8], q[1]
Gate(21022)	cx q[10], q[8]
Gate(21023)	cx q[1], q[10]
Gate(21024)	tdg q[8]
Gate(21025)	cx q[1], q[8]
Gate(21026)	tdg q[1]
Gate(21027)	tdg q[8]
Gate(21028)	 t q[10]
Gate(21029)	cx q[10], q[8]
Gate(21030)	cx q[1], q[10]
Gate(21031)	cx q[8], q[1]
Gate(21032)	 h q[10]
Gate(21033)	 h q[8]
Gate(21034)	 t q[2]
Gate(21035)	 t q[7]
Gate(21036)	 t q[8]
Gate(21037)	cx q[7], q[2]
Gate(21038)	cx q[8], q[7]
Gate(21039)	cx q[2], q[8]
Gate(21040)	tdg q[7]
Gate(21041)	cx q[2], q[7]
Gate(21042)	tdg q[2]
Gate(21043)	tdg q[7]
Gate(21044)	 t q[8]
Gate(21045)	cx q[8], q[7]
Gate(21046)	cx q[2], q[8]
Gate(21047)	cx q[7], q[2]
Gate(21048)	 h q[8]
Gate(21049)	 h q[7]
Gate(21050)	 t q[4]
Gate(21051)	 t q[3]
Gate(21052)	 t q[7]
Gate(21053)	cx q[3], q[4]
Gate(21054)	cx q[7], q[3]
Gate(21055)	cx q[4], q[7]
Gate(21056)	tdg q[3]
Gate(21057)	cx q[4], q[3]
Gate(21058)	tdg q[4]
Gate(21059)	tdg q[3]
Gate(21060)	 t q[7]
Gate(21061)	cx q[7], q[3]
Gate(21062)	cx q[4], q[7]
Gate(21063)	cx q[3], q[4]
Gate(21064)	 h q[7]
Gate(21065)	 h q[8]
Gate(21066)	 t q[2]
Gate(21067)	 t q[7]
Gate(21068)	 t q[8]
Gate(21069)	cx q[7], q[2]
Gate(21070)	cx q[8], q[7]
Gate(21071)	cx q[2], q[8]
Gate(21072)	tdg q[7]
Gate(21073)	cx q[2], q[7]
Gate(21074)	tdg q[2]
Gate(21075)	tdg q[7]
Gate(21076)	 t q[8]
Gate(21077)	cx q[8], q[7]
Gate(21078)	cx q[2], q[8]
Gate(21079)	cx q[7], q[2]
Gate(21080)	 h q[8]
Gate(21081)	 h q[10]
Gate(21082)	 t q[1]
Gate(21083)	 t q[8]
Gate(21084)	 t q[10]
Gate(21085)	cx q[8], q[1]
Gate(21086)	cx q[10], q[8]
Gate(21087)	cx q[1], q[10]
Gate(21088)	tdg q[8]
Gate(21089)	cx q[1], q[8]
Gate(21090)	tdg q[1]
Gate(21091)	tdg q[8]
Gate(21092)	 t q[10]
Gate(21093)	cx q[10], q[8]
Gate(21094)	cx q[1], q[10]
Gate(21095)	cx q[8], q[1]
Gate(21096)	 h q[10]
Gate(21097)	 h q[9]
Gate(21098)	 t q[5]
Gate(21099)	 t q[10]
Gate(21100)	 t q[9]
Gate(21101)	cx q[10], q[5]
Gate(21102)	cx q[9], q[10]
Gate(21103)	cx q[5], q[9]
Gate(21104)	tdg q[10]
Gate(21105)	cx q[5], q[10]
Gate(21106)	tdg q[5]
Gate(21107)	tdg q[10]
Gate(21108)	 t q[9]
Gate(21109)	cx q[9], q[10]
Gate(21110)	cx q[5], q[9]
Gate(21111)	cx q[10], q[5]
Gate(21112)	 h q[9]
Gate(21113)	 h q[10]
Gate(21114)	 t q[6]
Gate(21115)	 t q[4]
Gate(21116)	 t q[10]
Gate(21117)	cx q[4], q[6]
Gate(21118)	cx q[10], q[4]
Gate(21119)	cx q[6], q[10]
Gate(21120)	tdg q[4]
Gate(21121)	cx q[6], q[4]
Gate(21122)	tdg q[6]
Gate(21123)	tdg q[4]
Gate(21124)	 t q[10]
Gate(21125)	cx q[10], q[4]
Gate(21126)	cx q[6], q[10]
Gate(21127)	cx q[4], q[6]
Gate(21128)	 h q[10]
Gate(21129)	 h q[4]
Gate(21130)	 t q[8]
Gate(21131)	 t q[7]
Gate(21132)	 t q[4]
Gate(21133)	cx q[7], q[8]
Gate(21134)	cx q[4], q[7]
Gate(21135)	cx q[8], q[4]
Gate(21136)	tdg q[7]
Gate(21137)	cx q[8], q[7]
Gate(21138)	tdg q[8]
Gate(21139)	tdg q[7]
Gate(21140)	 t q[4]
Gate(21141)	cx q[4], q[7]
Gate(21142)	cx q[8], q[4]
Gate(21143)	cx q[7], q[8]
Gate(21144)	 h q[4]
Gate(21145)	 h q[10]
Gate(21146)	 t q[6]
Gate(21147)	 t q[4]
Gate(21148)	 t q[10]
Gate(21149)	cx q[4], q[6]
Gate(21150)	cx q[10], q[4]
Gate(21151)	cx q[6], q[10]
Gate(21152)	tdg q[4]
Gate(21153)	cx q[6], q[4]
Gate(21154)	tdg q[6]
Gate(21155)	tdg q[4]
Gate(21156)	 t q[10]
Gate(21157)	cx q[10], q[4]
Gate(21158)	cx q[6], q[10]
Gate(21159)	cx q[4], q[6]
Gate(21160)	 h q[10]
Gate(21161)	 h q[9]
Gate(21162)	 t q[5]
Gate(21163)	 t q[10]
Gate(21164)	 t q[9]
Gate(21165)	cx q[10], q[5]
Gate(21166)	cx q[9], q[10]
Gate(21167)	cx q[5], q[9]
Gate(21168)	tdg q[10]
Gate(21169)	cx q[5], q[10]
Gate(21170)	tdg q[5]
Gate(21171)	tdg q[10]
Gate(21172)	 t q[9]
Gate(21173)	cx q[9], q[10]
Gate(21174)	cx q[5], q[9]
Gate(21175)	cx q[10], q[5]
Gate(21176)	 h q[9]
Gate(21177)	 h q[10]
Gate(21178)	 t q[6]
Gate(21179)	 t q[4]
Gate(21180)	 t q[10]
Gate(21181)	cx q[4], q[6]
Gate(21182)	cx q[10], q[4]
Gate(21183)	cx q[6], q[10]
Gate(21184)	tdg q[4]
Gate(21185)	cx q[6], q[4]
Gate(21186)	tdg q[6]
Gate(21187)	tdg q[4]
Gate(21188)	 t q[10]
Gate(21189)	cx q[10], q[4]
Gate(21190)	cx q[6], q[10]
Gate(21191)	cx q[4], q[6]
Gate(21192)	 h q[10]
Gate(21193)	 h q[4]
Gate(21194)	 t q[8]
Gate(21195)	 t q[7]
Gate(21196)	 t q[4]
Gate(21197)	cx q[7], q[8]
Gate(21198)	cx q[4], q[7]
Gate(21199)	cx q[8], q[4]
Gate(21200)	tdg q[7]
Gate(21201)	cx q[8], q[7]
Gate(21202)	tdg q[8]
Gate(21203)	tdg q[7]
Gate(21204)	 t q[4]
Gate(21205)	cx q[4], q[7]
Gate(21206)	cx q[8], q[4]
Gate(21207)	cx q[7], q[8]
Gate(21208)	 h q[4]
Gate(21209)	 h q[10]
Gate(21210)	 t q[6]
Gate(21211)	 t q[4]
Gate(21212)	 t q[10]
Gate(21213)	cx q[4], q[6]
Gate(21214)	cx q[10], q[4]
Gate(21215)	cx q[6], q[10]
Gate(21216)	tdg q[4]
Gate(21217)	cx q[6], q[4]
Gate(21218)	tdg q[6]
Gate(21219)	tdg q[4]
Gate(21220)	 t q[10]
Gate(21221)	cx q[10], q[4]
Gate(21222)	cx q[6], q[10]
Gate(21223)	cx q[4], q[6]
Gate(21224)	 h q[10]
Gate(21225)	 h q[0]
Gate(21226)	 t q[9]
Gate(21227)	 t q[10]
Gate(21228)	 t q[0]
Gate(21229)	cx q[10], q[9]
Gate(21230)	cx q[0], q[10]
Gate(21231)	cx q[9], q[0]
Gate(21232)	tdg q[10]
Gate(21233)	cx q[9], q[10]
Gate(21234)	tdg q[9]
Gate(21235)	tdg q[10]
Gate(21236)	 t q[0]
Gate(21237)	cx q[0], q[10]
Gate(21238)	cx q[9], q[0]
Gate(21239)	cx q[10], q[9]
Gate(21240)	 h q[0]
Gate(21241)	 h q[10]
Gate(21242)	 t q[1]
Gate(21243)	 t q[8]
Gate(21244)	 t q[10]
Gate(21245)	cx q[8], q[1]
Gate(21246)	cx q[10], q[8]
Gate(21247)	cx q[1], q[10]
Gate(21248)	tdg q[8]
Gate(21249)	cx q[1], q[8]
Gate(21250)	tdg q[1]
Gate(21251)	tdg q[8]
Gate(21252)	 t q[10]
Gate(21253)	cx q[10], q[8]
Gate(21254)	cx q[1], q[10]
Gate(21255)	cx q[8], q[1]
Gate(21256)	 h q[10]
Gate(21257)	 h q[8]
Gate(21258)	 t q[2]
Gate(21259)	 t q[7]
Gate(21260)	 t q[8]
Gate(21261)	cx q[7], q[2]
Gate(21262)	cx q[8], q[7]
Gate(21263)	cx q[2], q[8]
Gate(21264)	tdg q[7]
Gate(21265)	cx q[2], q[7]
Gate(21266)	tdg q[2]
Gate(21267)	tdg q[7]
Gate(21268)	 t q[8]
Gate(21269)	cx q[8], q[7]
Gate(21270)	cx q[2], q[8]
Gate(21271)	cx q[7], q[2]
Gate(21272)	 h q[8]
Gate(21273)	 h q[7]
Gate(21274)	 t q[4]
Gate(21275)	 t q[3]
Gate(21276)	 t q[7]
Gate(21277)	cx q[3], q[4]
Gate(21278)	cx q[7], q[3]
Gate(21279)	cx q[4], q[7]
Gate(21280)	tdg q[3]
Gate(21281)	cx q[4], q[3]
Gate(21282)	tdg q[4]
Gate(21283)	tdg q[3]
Gate(21284)	 t q[7]
Gate(21285)	cx q[7], q[3]
Gate(21286)	cx q[4], q[7]
Gate(21287)	cx q[3], q[4]
Gate(21288)	 h q[7]
Gate(21289)	 h q[8]
Gate(21290)	 t q[2]
Gate(21291)	 t q[7]
Gate(21292)	 t q[8]
Gate(21293)	cx q[7], q[2]
Gate(21294)	cx q[8], q[7]
Gate(21295)	cx q[2], q[8]
Gate(21296)	tdg q[7]
Gate(21297)	cx q[2], q[7]
Gate(21298)	tdg q[2]
Gate(21299)	tdg q[7]
Gate(21300)	 t q[8]
Gate(21301)	cx q[8], q[7]
Gate(21302)	cx q[2], q[8]
Gate(21303)	cx q[7], q[2]
Gate(21304)	 h q[8]
Gate(21305)	 h q[10]
Gate(21306)	 t q[1]
Gate(21307)	 t q[8]
Gate(21308)	 t q[10]
Gate(21309)	cx q[8], q[1]
Gate(21310)	cx q[10], q[8]
Gate(21311)	cx q[1], q[10]
Gate(21312)	tdg q[8]
Gate(21313)	cx q[1], q[8]
Gate(21314)	tdg q[1]
Gate(21315)	tdg q[8]
Gate(21316)	 t q[10]
Gate(21317)	cx q[10], q[8]
Gate(21318)	cx q[1], q[10]
Gate(21319)	cx q[8], q[1]
Gate(21320)	 h q[10]
Gate(21321)	 h q[0]
Gate(21322)	 t q[9]
Gate(21323)	 t q[10]
Gate(21324)	 t q[0]
Gate(21325)	cx q[10], q[9]
Gate(21326)	cx q[0], q[10]
Gate(21327)	cx q[9], q[0]
Gate(21328)	tdg q[10]
Gate(21329)	cx q[9], q[10]
Gate(21330)	tdg q[9]
Gate(21331)	tdg q[10]
Gate(21332)	 t q[0]
Gate(21333)	cx q[0], q[10]
Gate(21334)	cx q[9], q[0]
Gate(21335)	cx q[10], q[9]
Gate(21336)	 h q[0]
Gate(21337)	 h q[10]
Gate(21338)	 t q[1]
Gate(21339)	 t q[8]
Gate(21340)	 t q[10]
Gate(21341)	cx q[8], q[1]
Gate(21342)	cx q[10], q[8]
Gate(21343)	cx q[1], q[10]
Gate(21344)	tdg q[8]
Gate(21345)	cx q[1], q[8]
Gate(21346)	tdg q[1]
Gate(21347)	tdg q[8]
Gate(21348)	 t q[10]
Gate(21349)	cx q[10], q[8]
Gate(21350)	cx q[1], q[10]
Gate(21351)	cx q[8], q[1]
Gate(21352)	 h q[10]
Gate(21353)	 h q[8]
Gate(21354)	 t q[2]
Gate(21355)	 t q[7]
Gate(21356)	 t q[8]
Gate(21357)	cx q[7], q[2]
Gate(21358)	cx q[8], q[7]
Gate(21359)	cx q[2], q[8]
Gate(21360)	tdg q[7]
Gate(21361)	cx q[2], q[7]
Gate(21362)	tdg q[2]
Gate(21363)	tdg q[7]
Gate(21364)	 t q[8]
Gate(21365)	cx q[8], q[7]
Gate(21366)	cx q[2], q[8]
Gate(21367)	cx q[7], q[2]
Gate(21368)	 h q[8]
Gate(21369)	 h q[7]
Gate(21370)	 t q[4]
Gate(21371)	 t q[3]
Gate(21372)	 t q[7]
Gate(21373)	cx q[3], q[4]
Gate(21374)	cx q[7], q[3]
Gate(21375)	cx q[4], q[7]
Gate(21376)	tdg q[3]
Gate(21377)	cx q[4], q[3]
Gate(21378)	tdg q[4]
Gate(21379)	tdg q[3]
Gate(21380)	 t q[7]
Gate(21381)	cx q[7], q[3]
Gate(21382)	cx q[4], q[7]
Gate(21383)	cx q[3], q[4]
Gate(21384)	 h q[7]
Gate(21385)	 h q[8]
Gate(21386)	 t q[2]
Gate(21387)	 t q[7]
Gate(21388)	 t q[8]
Gate(21389)	cx q[7], q[2]
Gate(21390)	cx q[8], q[7]
Gate(21391)	cx q[2], q[8]
Gate(21392)	tdg q[7]
Gate(21393)	cx q[2], q[7]
Gate(21394)	tdg q[2]
Gate(21395)	tdg q[7]
Gate(21396)	 t q[8]
Gate(21397)	cx q[8], q[7]
Gate(21398)	cx q[2], q[8]
Gate(21399)	cx q[7], q[2]
Gate(21400)	 h q[8]
Gate(21401)	 h q[10]
Gate(21402)	 t q[1]
Gate(21403)	 t q[8]
Gate(21404)	 t q[10]
Gate(21405)	cx q[8], q[1]
Gate(21406)	cx q[10], q[8]
Gate(21407)	cx q[1], q[10]
Gate(21408)	tdg q[8]
Gate(21409)	cx q[1], q[8]
Gate(21410)	tdg q[1]
Gate(21411)	tdg q[8]
Gate(21412)	 t q[10]
Gate(21413)	cx q[10], q[8]
Gate(21414)	cx q[1], q[10]
Gate(21415)	cx q[8], q[1]
Gate(21416)	 h q[10]
Gate(21417)	 h q[4]
Gate(21418)	 t q[6]
Gate(21419)	 t q[10]
Gate(21420)	 t q[4]
Gate(21421)	cx q[10], q[6]
Gate(21422)	cx q[4], q[10]
Gate(21423)	cx q[6], q[4]
Gate(21424)	tdg q[10]
Gate(21425)	cx q[6], q[10]
Gate(21426)	tdg q[6]
Gate(21427)	tdg q[10]
Gate(21428)	 t q[4]
Gate(21429)	cx q[4], q[10]
Gate(21430)	cx q[6], q[4]
Gate(21431)	cx q[10], q[6]
Gate(21432)	 h q[4]
Gate(21433)	 h q[10]
Gate(21434)	 t q[9]
Gate(21435)	 t q[8]
Gate(21436)	 t q[10]
Gate(21437)	cx q[8], q[9]
Gate(21438)	cx q[10], q[8]
Gate(21439)	cx q[9], q[10]
Gate(21440)	tdg q[8]
Gate(21441)	cx q[9], q[8]
Gate(21442)	tdg q[9]
Gate(21443)	tdg q[8]
Gate(21444)	 t q[10]
Gate(21445)	cx q[10], q[8]
Gate(21446)	cx q[9], q[10]
Gate(21447)	cx q[8], q[9]
Gate(21448)	 h q[10]
Gate(21449)	 h q[4]
Gate(21450)	 t q[6]
Gate(21451)	 t q[10]
Gate(21452)	 t q[4]
Gate(21453)	cx q[10], q[6]
Gate(21454)	cx q[4], q[10]
Gate(21455)	cx q[6], q[4]
Gate(21456)	tdg q[10]
Gate(21457)	cx q[6], q[10]
Gate(21458)	tdg q[6]
Gate(21459)	tdg q[10]
Gate(21460)	 t q[4]
Gate(21461)	cx q[4], q[10]
Gate(21462)	cx q[6], q[4]
Gate(21463)	cx q[10], q[6]
Gate(21464)	 h q[4]
Gate(21465)	 h q[10]
Gate(21466)	 t q[9]
Gate(21467)	 t q[8]
Gate(21468)	 t q[10]
Gate(21469)	cx q[8], q[9]
Gate(21470)	cx q[10], q[8]
Gate(21471)	cx q[9], q[10]
Gate(21472)	tdg q[8]
Gate(21473)	cx q[9], q[8]
Gate(21474)	tdg q[9]
Gate(21475)	tdg q[8]
Gate(21476)	 t q[10]
Gate(21477)	cx q[10], q[8]
Gate(21478)	cx q[9], q[10]
Gate(21479)	cx q[8], q[9]
Gate(21480)	 h q[10]
Gate(21481)	 h q[0]
Gate(21482)	 t q[4]
Gate(21483)	 t q[10]
Gate(21484)	 t q[0]
Gate(21485)	cx q[10], q[4]
Gate(21486)	cx q[0], q[10]
Gate(21487)	cx q[4], q[0]
Gate(21488)	tdg q[10]
Gate(21489)	cx q[4], q[10]
Gate(21490)	tdg q[4]
Gate(21491)	tdg q[10]
Gate(21492)	 t q[0]
Gate(21493)	cx q[0], q[10]
Gate(21494)	cx q[4], q[0]
Gate(21495)	cx q[10], q[4]
Gate(21496)	 h q[0]
Gate(21497)	 h q[10]
Gate(21498)	 t q[1]
Gate(21499)	 t q[9]
Gate(21500)	 t q[10]
Gate(21501)	cx q[9], q[1]
Gate(21502)	cx q[10], q[9]
Gate(21503)	cx q[1], q[10]
Gate(21504)	tdg q[9]
Gate(21505)	cx q[1], q[9]
Gate(21506)	tdg q[1]
Gate(21507)	tdg q[9]
Gate(21508)	 t q[10]
Gate(21509)	cx q[10], q[9]
Gate(21510)	cx q[1], q[10]
Gate(21511)	cx q[9], q[1]
Gate(21512)	 h q[10]
Gate(21513)	 h q[9]
Gate(21514)	 t q[2]
Gate(21515)	 t q[8]
Gate(21516)	 t q[9]
Gate(21517)	cx q[8], q[2]
Gate(21518)	cx q[9], q[8]
Gate(21519)	cx q[2], q[9]
Gate(21520)	tdg q[8]
Gate(21521)	cx q[2], q[8]
Gate(21522)	tdg q[2]
Gate(21523)	tdg q[8]
Gate(21524)	 t q[9]
Gate(21525)	cx q[9], q[8]
Gate(21526)	cx q[2], q[9]
Gate(21527)	cx q[8], q[2]
Gate(21528)	 h q[9]
Gate(21529)	 h q[8]
Gate(21530)	 t q[5]
Gate(21531)	 t q[3]
Gate(21532)	 t q[8]
Gate(21533)	cx q[3], q[5]
Gate(21534)	cx q[8], q[3]
Gate(21535)	cx q[5], q[8]
Gate(21536)	tdg q[3]
Gate(21537)	cx q[5], q[3]
Gate(21538)	tdg q[5]
Gate(21539)	tdg q[3]
Gate(21540)	 t q[8]
Gate(21541)	cx q[8], q[3]
Gate(21542)	cx q[5], q[8]
Gate(21543)	cx q[3], q[5]
Gate(21544)	 h q[8]
Gate(21545)	 h q[9]
Gate(21546)	 t q[2]
Gate(21547)	 t q[8]
Gate(21548)	 t q[9]
Gate(21549)	cx q[8], q[2]
Gate(21550)	cx q[9], q[8]
Gate(21551)	cx q[2], q[9]
Gate(21552)	tdg q[8]
Gate(21553)	cx q[2], q[8]
Gate(21554)	tdg q[2]
Gate(21555)	tdg q[8]
Gate(21556)	 t q[9]
Gate(21557)	cx q[9], q[8]
Gate(21558)	cx q[2], q[9]
Gate(21559)	cx q[8], q[2]
Gate(21560)	 h q[9]
Gate(21561)	 h q[10]
Gate(21562)	 t q[1]
Gate(21563)	 t q[9]
Gate(21564)	 t q[10]
Gate(21565)	cx q[9], q[1]
Gate(21566)	cx q[10], q[9]
Gate(21567)	cx q[1], q[10]
Gate(21568)	tdg q[9]
Gate(21569)	cx q[1], q[9]
Gate(21570)	tdg q[1]
Gate(21571)	tdg q[9]
Gate(21572)	 t q[10]
Gate(21573)	cx q[10], q[9]
Gate(21574)	cx q[1], q[10]
Gate(21575)	cx q[9], q[1]
Gate(21576)	 h q[10]
Gate(21577)	 h q[0]
Gate(21578)	 t q[4]
Gate(21579)	 t q[10]
Gate(21580)	 t q[0]
Gate(21581)	cx q[10], q[4]
Gate(21582)	cx q[0], q[10]
Gate(21583)	cx q[4], q[0]
Gate(21584)	tdg q[10]
Gate(21585)	cx q[4], q[10]
Gate(21586)	tdg q[4]
Gate(21587)	tdg q[10]
Gate(21588)	 t q[0]
Gate(21589)	cx q[0], q[10]
Gate(21590)	cx q[4], q[0]
Gate(21591)	cx q[10], q[4]
Gate(21592)	 h q[0]
Gate(21593)	 h q[10]
Gate(21594)	 t q[1]
Gate(21595)	 t q[9]
Gate(21596)	 t q[10]
Gate(21597)	cx q[9], q[1]
Gate(21598)	cx q[10], q[9]
Gate(21599)	cx q[1], q[10]
Gate(21600)	tdg q[9]
Gate(21601)	cx q[1], q[9]
Gate(21602)	tdg q[1]
Gate(21603)	tdg q[9]
Gate(21604)	 t q[10]
Gate(21605)	cx q[10], q[9]
Gate(21606)	cx q[1], q[10]
Gate(21607)	cx q[9], q[1]
Gate(21608)	 h q[10]
Gate(21609)	 h q[9]
Gate(21610)	 t q[2]
Gate(21611)	 t q[8]
Gate(21612)	 t q[9]
Gate(21613)	cx q[8], q[2]
Gate(21614)	cx q[9], q[8]
Gate(21615)	cx q[2], q[9]
Gate(21616)	tdg q[8]
Gate(21617)	cx q[2], q[8]
Gate(21618)	tdg q[2]
Gate(21619)	tdg q[8]
Gate(21620)	 t q[9]
Gate(21621)	cx q[9], q[8]
Gate(21622)	cx q[2], q[9]
Gate(21623)	cx q[8], q[2]
Gate(21624)	 h q[9]
Gate(21625)	 h q[8]
Gate(21626)	 t q[5]
Gate(21627)	 t q[3]
Gate(21628)	 t q[8]
Gate(21629)	cx q[3], q[5]
Gate(21630)	cx q[8], q[3]
Gate(21631)	cx q[5], q[8]
Gate(21632)	tdg q[3]
Gate(21633)	cx q[5], q[3]
Gate(21634)	tdg q[5]
Gate(21635)	tdg q[3]
Gate(21636)	 t q[8]
Gate(21637)	cx q[8], q[3]
Gate(21638)	cx q[5], q[8]
Gate(21639)	cx q[3], q[5]
Gate(21640)	 h q[8]
Gate(21641)	 h q[9]
Gate(21642)	 t q[2]
Gate(21643)	 t q[8]
Gate(21644)	 t q[9]
Gate(21645)	cx q[8], q[2]
Gate(21646)	cx q[9], q[8]
Gate(21647)	cx q[2], q[9]
Gate(21648)	tdg q[8]
Gate(21649)	cx q[2], q[8]
Gate(21650)	tdg q[2]
Gate(21651)	tdg q[8]
Gate(21652)	 t q[9]
Gate(21653)	cx q[9], q[8]
Gate(21654)	cx q[2], q[9]
Gate(21655)	cx q[8], q[2]
Gate(21656)	 h q[9]
Gate(21657)	 h q[10]
Gate(21658)	 t q[1]
Gate(21659)	 t q[9]
Gate(21660)	 t q[10]
Gate(21661)	cx q[9], q[1]
Gate(21662)	cx q[10], q[9]
Gate(21663)	cx q[1], q[10]
Gate(21664)	tdg q[9]
Gate(21665)	cx q[1], q[9]
Gate(21666)	tdg q[1]
Gate(21667)	tdg q[9]
Gate(21668)	 t q[10]
Gate(21669)	cx q[10], q[9]
Gate(21670)	cx q[1], q[10]
Gate(21671)	cx q[9], q[1]
Gate(21672)	 h q[10]
Gate(21673)	 h q[4]
Gate(21674)	 t q[6]
Gate(21675)	 t q[10]
Gate(21676)	 t q[4]
Gate(21677)	cx q[10], q[6]
Gate(21678)	cx q[4], q[10]
Gate(21679)	cx q[6], q[4]
Gate(21680)	tdg q[10]
Gate(21681)	cx q[6], q[10]
Gate(21682)	tdg q[6]
Gate(21683)	tdg q[10]
Gate(21684)	 t q[4]
Gate(21685)	cx q[4], q[10]
Gate(21686)	cx q[6], q[4]
Gate(21687)	cx q[10], q[6]
Gate(21688)	 h q[4]
Gate(21689)	 h q[10]
Gate(21690)	 t q[9]
Gate(21691)	 t q[8]
Gate(21692)	 t q[10]
Gate(21693)	cx q[8], q[9]
Gate(21694)	cx q[10], q[8]
Gate(21695)	cx q[9], q[10]
Gate(21696)	tdg q[8]
Gate(21697)	cx q[9], q[8]
Gate(21698)	tdg q[9]
Gate(21699)	tdg q[8]
Gate(21700)	 t q[10]
Gate(21701)	cx q[10], q[8]
Gate(21702)	cx q[9], q[10]
Gate(21703)	cx q[8], q[9]
Gate(21704)	 h q[10]
Gate(21705)	 h q[4]
Gate(21706)	 t q[6]
Gate(21707)	 t q[10]
Gate(21708)	 t q[4]
Gate(21709)	cx q[10], q[6]
Gate(21710)	cx q[4], q[10]
Gate(21711)	cx q[6], q[4]
Gate(21712)	tdg q[10]
Gate(21713)	cx q[6], q[10]
Gate(21714)	tdg q[6]
Gate(21715)	tdg q[10]
Gate(21716)	 t q[4]
Gate(21717)	cx q[4], q[10]
Gate(21718)	cx q[6], q[4]
Gate(21719)	cx q[10], q[6]
Gate(21720)	 h q[4]
Gate(21721)	 h q[10]
Gate(21722)	 t q[9]
Gate(21723)	 t q[8]
Gate(21724)	 t q[10]
Gate(21725)	cx q[8], q[9]
Gate(21726)	cx q[10], q[8]
Gate(21727)	cx q[9], q[10]
Gate(21728)	tdg q[8]
Gate(21729)	cx q[9], q[8]
Gate(21730)	tdg q[9]
Gate(21731)	tdg q[8]
Gate(21732)	 t q[10]
Gate(21733)	cx q[10], q[8]
Gate(21734)	cx q[9], q[10]
Gate(21735)	cx q[8], q[9]
Gate(21736)	 h q[10]
Gate(21737)	 h q[0]
Gate(21738)	 t q[4]
Gate(21739)	 t q[10]
Gate(21740)	 t q[0]
Gate(21741)	cx q[10], q[4]
Gate(21742)	cx q[0], q[10]
Gate(21743)	cx q[4], q[0]
Gate(21744)	tdg q[10]
Gate(21745)	cx q[4], q[10]
Gate(21746)	tdg q[4]
Gate(21747)	tdg q[10]
Gate(21748)	 t q[0]
Gate(21749)	cx q[0], q[10]
Gate(21750)	cx q[4], q[0]
Gate(21751)	cx q[10], q[4]
Gate(21752)	 h q[0]
Gate(21753)	 h q[10]
Gate(21754)	 t q[1]
Gate(21755)	 t q[9]
Gate(21756)	 t q[10]
Gate(21757)	cx q[9], q[1]
Gate(21758)	cx q[10], q[9]
Gate(21759)	cx q[1], q[10]
Gate(21760)	tdg q[9]
Gate(21761)	cx q[1], q[9]
Gate(21762)	tdg q[1]
Gate(21763)	tdg q[9]
Gate(21764)	 t q[10]
Gate(21765)	cx q[10], q[9]
Gate(21766)	cx q[1], q[10]
Gate(21767)	cx q[9], q[1]
Gate(21768)	 h q[10]
Gate(21769)	 h q[9]
Gate(21770)	 t q[2]
Gate(21771)	 t q[8]
Gate(21772)	 t q[9]
Gate(21773)	cx q[8], q[2]
Gate(21774)	cx q[9], q[8]
Gate(21775)	cx q[2], q[9]
Gate(21776)	tdg q[8]
Gate(21777)	cx q[2], q[8]
Gate(21778)	tdg q[2]
Gate(21779)	tdg q[8]
Gate(21780)	 t q[9]
Gate(21781)	cx q[9], q[8]
Gate(21782)	cx q[2], q[9]
Gate(21783)	cx q[8], q[2]
Gate(21784)	 h q[9]
Gate(21785)	 h q[8]
Gate(21786)	 t q[5]
Gate(21787)	 t q[3]
Gate(21788)	 t q[8]
Gate(21789)	cx q[3], q[5]
Gate(21790)	cx q[8], q[3]
Gate(21791)	cx q[5], q[8]
Gate(21792)	tdg q[3]
Gate(21793)	cx q[5], q[3]
Gate(21794)	tdg q[5]
Gate(21795)	tdg q[3]
Gate(21796)	 t q[8]
Gate(21797)	cx q[8], q[3]
Gate(21798)	cx q[5], q[8]
Gate(21799)	cx q[3], q[5]
Gate(21800)	 h q[8]
Gate(21801)	 h q[9]
Gate(21802)	 t q[2]
Gate(21803)	 t q[8]
Gate(21804)	 t q[9]
Gate(21805)	cx q[8], q[2]
Gate(21806)	cx q[9], q[8]
Gate(21807)	cx q[2], q[9]
Gate(21808)	tdg q[8]
Gate(21809)	cx q[2], q[8]
Gate(21810)	tdg q[2]
Gate(21811)	tdg q[8]
Gate(21812)	 t q[9]
Gate(21813)	cx q[9], q[8]
Gate(21814)	cx q[2], q[9]
Gate(21815)	cx q[8], q[2]
Gate(21816)	 h q[9]
Gate(21817)	 h q[10]
Gate(21818)	 t q[1]
Gate(21819)	 t q[9]
Gate(21820)	 t q[10]
Gate(21821)	cx q[9], q[1]
Gate(21822)	cx q[10], q[9]
Gate(21823)	cx q[1], q[10]
Gate(21824)	tdg q[9]
Gate(21825)	cx q[1], q[9]
Gate(21826)	tdg q[1]
Gate(21827)	tdg q[9]
Gate(21828)	 t q[10]
Gate(21829)	cx q[10], q[9]
Gate(21830)	cx q[1], q[10]
Gate(21831)	cx q[9], q[1]
Gate(21832)	 h q[10]
Gate(21833)	 h q[0]
Gate(21834)	 t q[4]
Gate(21835)	 t q[10]
Gate(21836)	 t q[0]
Gate(21837)	cx q[10], q[4]
Gate(21838)	cx q[0], q[10]
Gate(21839)	cx q[4], q[0]
Gate(21840)	tdg q[10]
Gate(21841)	cx q[4], q[10]
Gate(21842)	tdg q[4]
Gate(21843)	tdg q[10]
Gate(21844)	 t q[0]
Gate(21845)	cx q[0], q[10]
Gate(21846)	cx q[4], q[0]
Gate(21847)	cx q[10], q[4]
Gate(21848)	 h q[0]
Gate(21849)	 h q[10]
Gate(21850)	 t q[1]
Gate(21851)	 t q[9]
Gate(21852)	 t q[10]
Gate(21853)	cx q[9], q[1]
Gate(21854)	cx q[10], q[9]
Gate(21855)	cx q[1], q[10]
Gate(21856)	tdg q[9]
Gate(21857)	cx q[1], q[9]
Gate(21858)	tdg q[1]
Gate(21859)	tdg q[9]
Gate(21860)	 t q[10]
Gate(21861)	cx q[10], q[9]
Gate(21862)	cx q[1], q[10]
Gate(21863)	cx q[9], q[1]
Gate(21864)	 h q[10]
Gate(21865)	 h q[9]
Gate(21866)	 t q[2]
Gate(21867)	 t q[8]
Gate(21868)	 t q[9]
Gate(21869)	cx q[8], q[2]
Gate(21870)	cx q[9], q[8]
Gate(21871)	cx q[2], q[9]
Gate(21872)	tdg q[8]
Gate(21873)	cx q[2], q[8]
Gate(21874)	tdg q[2]
Gate(21875)	tdg q[8]
Gate(21876)	 t q[9]
Gate(21877)	cx q[9], q[8]
Gate(21878)	cx q[2], q[9]
Gate(21879)	cx q[8], q[2]
Gate(21880)	 h q[9]
Gate(21881)	 h q[8]
Gate(21882)	 t q[5]
Gate(21883)	 t q[3]
Gate(21884)	 t q[8]
Gate(21885)	cx q[3], q[5]
Gate(21886)	cx q[8], q[3]
Gate(21887)	cx q[5], q[8]
Gate(21888)	tdg q[3]
Gate(21889)	cx q[5], q[3]
Gate(21890)	tdg q[5]
Gate(21891)	tdg q[3]
Gate(21892)	 t q[8]
Gate(21893)	cx q[8], q[3]
Gate(21894)	cx q[5], q[8]
Gate(21895)	cx q[3], q[5]
Gate(21896)	 h q[8]
Gate(21897)	 h q[9]
Gate(21898)	 t q[2]
Gate(21899)	 t q[8]
Gate(21900)	 t q[9]
Gate(21901)	cx q[8], q[2]
Gate(21902)	cx q[9], q[8]
Gate(21903)	cx q[2], q[9]
Gate(21904)	tdg q[8]
Gate(21905)	cx q[2], q[8]
Gate(21906)	tdg q[2]
Gate(21907)	tdg q[8]
Gate(21908)	 t q[9]
Gate(21909)	cx q[9], q[8]
Gate(21910)	cx q[2], q[9]
Gate(21911)	cx q[8], q[2]
Gate(21912)	 h q[9]
Gate(21913)	 h q[10]
Gate(21914)	 t q[1]
Gate(21915)	 t q[9]
Gate(21916)	 t q[10]
Gate(21917)	cx q[9], q[1]
Gate(21918)	cx q[10], q[9]
Gate(21919)	cx q[1], q[10]
Gate(21920)	tdg q[9]
Gate(21921)	cx q[1], q[9]
Gate(21922)	tdg q[1]
Gate(21923)	tdg q[9]
Gate(21924)	 t q[10]
Gate(21925)	cx q[10], q[9]
Gate(21926)	cx q[1], q[10]
Gate(21927)	cx q[9], q[1]
Gate(21928)	 h q[10]
Gate(21929)	 x q[1]
Gate(21930)	 x q[2]
Gate(21931)	 x q[3]
Gate(21932)	 x q[6]
Gate(21933)	 h q[10]
Gate(21934)	 t q[6]
Gate(21935)	 t q[5]
Gate(21936)	 t q[10]
Gate(21937)	cx q[5], q[6]
Gate(21938)	cx q[10], q[5]
Gate(21939)	cx q[6], q[10]
Gate(21940)	tdg q[5]
Gate(21941)	cx q[6], q[5]
Gate(21942)	tdg q[6]
Gate(21943)	tdg q[5]
Gate(21944)	 t q[10]
Gate(21945)	cx q[10], q[5]
Gate(21946)	cx q[6], q[10]
Gate(21947)	cx q[5], q[6]
Gate(21948)	 h q[10]
Gate(21949)	 h q[5]
Gate(21950)	 t q[7]
Gate(21951)	 t q[4]
Gate(21952)	 t q[5]
Gate(21953)	cx q[4], q[7]
Gate(21954)	cx q[5], q[4]
Gate(21955)	cx q[7], q[5]
Gate(21956)	tdg q[4]
Gate(21957)	cx q[7], q[4]
Gate(21958)	tdg q[7]
Gate(21959)	tdg q[4]
Gate(21960)	 t q[5]
Gate(21961)	cx q[5], q[4]
Gate(21962)	cx q[7], q[5]
Gate(21963)	cx q[4], q[7]
Gate(21964)	 h q[5]
Gate(21965)	 h q[4]
Gate(21966)	 t q[9]
Gate(21967)	 t q[8]
Gate(21968)	 t q[4]
Gate(21969)	cx q[8], q[9]
Gate(21970)	cx q[4], q[8]
Gate(21971)	cx q[9], q[4]
Gate(21972)	tdg q[8]
Gate(21973)	cx q[9], q[8]
Gate(21974)	tdg q[9]
Gate(21975)	tdg q[8]
Gate(21976)	 t q[4]
Gate(21977)	cx q[4], q[8]
Gate(21978)	cx q[9], q[4]
Gate(21979)	cx q[8], q[9]
Gate(21980)	 h q[4]
Gate(21981)	 h q[5]
Gate(21982)	 t q[7]
Gate(21983)	 t q[4]
Gate(21984)	 t q[5]
Gate(21985)	cx q[4], q[7]
Gate(21986)	cx q[5], q[4]
Gate(21987)	cx q[7], q[5]
Gate(21988)	tdg q[4]
Gate(21989)	cx q[7], q[4]
Gate(21990)	tdg q[7]
Gate(21991)	tdg q[4]
Gate(21992)	 t q[5]
Gate(21993)	cx q[5], q[4]
Gate(21994)	cx q[7], q[5]
Gate(21995)	cx q[4], q[7]
Gate(21996)	 h q[5]
Gate(21997)	 h q[10]
Gate(21998)	 t q[6]
Gate(21999)	 t q[5]
Gate(22000)	 t q[10]
Gate(22001)	cx q[5], q[6]
Gate(22002)	cx q[10], q[5]
Gate(22003)	cx q[6], q[10]
Gate(22004)	tdg q[5]
Gate(22005)	cx q[6], q[5]
Gate(22006)	tdg q[6]
Gate(22007)	tdg q[5]
Gate(22008)	 t q[10]
Gate(22009)	cx q[10], q[5]
Gate(22010)	cx q[6], q[10]
Gate(22011)	cx q[5], q[6]
Gate(22012)	 h q[10]
Gate(22013)	 h q[5]
Gate(22014)	 t q[7]
Gate(22015)	 t q[4]
Gate(22016)	 t q[5]
Gate(22017)	cx q[4], q[7]
Gate(22018)	cx q[5], q[4]
Gate(22019)	cx q[7], q[5]
Gate(22020)	tdg q[4]
Gate(22021)	cx q[7], q[4]
Gate(22022)	tdg q[7]
Gate(22023)	tdg q[4]
Gate(22024)	 t q[5]
Gate(22025)	cx q[5], q[4]
Gate(22026)	cx q[7], q[5]
Gate(22027)	cx q[4], q[7]
Gate(22028)	 h q[5]
Gate(22029)	 h q[4]
Gate(22030)	 t q[9]
Gate(22031)	 t q[8]
Gate(22032)	 t q[4]
Gate(22033)	cx q[8], q[9]
Gate(22034)	cx q[4], q[8]
Gate(22035)	cx q[9], q[4]
Gate(22036)	tdg q[8]
Gate(22037)	cx q[9], q[8]
Gate(22038)	tdg q[9]
Gate(22039)	tdg q[8]
Gate(22040)	 t q[4]
Gate(22041)	cx q[4], q[8]
Gate(22042)	cx q[9], q[4]
Gate(22043)	cx q[8], q[9]
Gate(22044)	 h q[4]
Gate(22045)	 h q[5]
Gate(22046)	 t q[7]
Gate(22047)	 t q[4]
Gate(22048)	 t q[5]
Gate(22049)	cx q[4], q[7]
Gate(22050)	cx q[5], q[4]
Gate(22051)	cx q[7], q[5]
Gate(22052)	tdg q[4]
Gate(22053)	cx q[7], q[4]
Gate(22054)	tdg q[7]
Gate(22055)	tdg q[4]
Gate(22056)	 t q[5]
Gate(22057)	cx q[5], q[4]
Gate(22058)	cx q[7], q[5]
Gate(22059)	cx q[4], q[7]
Gate(22060)	 h q[5]
Gate(22061)	 h q[0]
Gate(22062)	 t q[10]
Gate(22063)	 t q[9]
Gate(22064)	 t q[0]
Gate(22065)	cx q[9], q[10]
Gate(22066)	cx q[0], q[9]
Gate(22067)	cx q[10], q[0]
Gate(22068)	tdg q[9]
Gate(22069)	cx q[10], q[9]
Gate(22070)	tdg q[10]
Gate(22071)	tdg q[9]
Gate(22072)	 t q[0]
Gate(22073)	cx q[0], q[9]
Gate(22074)	cx q[10], q[0]
Gate(22075)	cx q[9], q[10]
Gate(22076)	 h q[0]
Gate(22077)	 h q[9]
Gate(22078)	 t q[1]
Gate(22079)	 t q[8]
Gate(22080)	 t q[9]
Gate(22081)	cx q[8], q[1]
Gate(22082)	cx q[9], q[8]
Gate(22083)	cx q[1], q[9]
Gate(22084)	tdg q[8]
Gate(22085)	cx q[1], q[8]
Gate(22086)	tdg q[1]
Gate(22087)	tdg q[8]
Gate(22088)	 t q[9]
Gate(22089)	cx q[9], q[8]
Gate(22090)	cx q[1], q[9]
Gate(22091)	cx q[8], q[1]
Gate(22092)	 h q[9]
Gate(22093)	 h q[8]
Gate(22094)	 t q[2]
Gate(22095)	 t q[7]
Gate(22096)	 t q[8]
Gate(22097)	cx q[7], q[2]
Gate(22098)	cx q[8], q[7]
Gate(22099)	cx q[2], q[8]
Gate(22100)	tdg q[7]
Gate(22101)	cx q[2], q[7]
Gate(22102)	tdg q[2]
Gate(22103)	tdg q[7]
Gate(22104)	 t q[8]
Gate(22105)	cx q[8], q[7]
Gate(22106)	cx q[2], q[8]
Gate(22107)	cx q[7], q[2]
Gate(22108)	 h q[8]
Gate(22109)	 h q[7]
Gate(22110)	 t q[3]
Gate(22111)	 t q[6]
Gate(22112)	 t q[7]
Gate(22113)	cx q[6], q[3]
Gate(22114)	cx q[7], q[6]
Gate(22115)	cx q[3], q[7]
Gate(22116)	tdg q[6]
Gate(22117)	cx q[3], q[6]
Gate(22118)	tdg q[3]
Gate(22119)	tdg q[6]
Gate(22120)	 t q[7]
Gate(22121)	cx q[7], q[6]
Gate(22122)	cx q[3], q[7]
Gate(22123)	cx q[6], q[3]
Gate(22124)	 h q[7]
Gate(22125)	 h q[6]
Gate(22126)	 t q[5]
Gate(22127)	 t q[4]
Gate(22128)	 t q[6]
Gate(22129)	cx q[4], q[5]
Gate(22130)	cx q[6], q[4]
Gate(22131)	cx q[5], q[6]
Gate(22132)	tdg q[4]
Gate(22133)	cx q[5], q[4]
Gate(22134)	tdg q[5]
Gate(22135)	tdg q[4]
Gate(22136)	 t q[6]
Gate(22137)	cx q[6], q[4]
Gate(22138)	cx q[5], q[6]
Gate(22139)	cx q[4], q[5]
Gate(22140)	 h q[6]
Gate(22141)	 h q[7]
Gate(22142)	 t q[3]
Gate(22143)	 t q[6]
Gate(22144)	 t q[7]
Gate(22145)	cx q[6], q[3]
Gate(22146)	cx q[7], q[6]
Gate(22147)	cx q[3], q[7]
Gate(22148)	tdg q[6]
Gate(22149)	cx q[3], q[6]
Gate(22150)	tdg q[3]
Gate(22151)	tdg q[6]
Gate(22152)	 t q[7]
Gate(22153)	cx q[7], q[6]
Gate(22154)	cx q[3], q[7]
Gate(22155)	cx q[6], q[3]
Gate(22156)	 h q[7]
Gate(22157)	 h q[8]
Gate(22158)	 t q[2]
Gate(22159)	 t q[7]
Gate(22160)	 t q[8]
Gate(22161)	cx q[7], q[2]
Gate(22162)	cx q[8], q[7]
Gate(22163)	cx q[2], q[8]
Gate(22164)	tdg q[7]
Gate(22165)	cx q[2], q[7]
Gate(22166)	tdg q[2]
Gate(22167)	tdg q[7]
Gate(22168)	 t q[8]
Gate(22169)	cx q[8], q[7]
Gate(22170)	cx q[2], q[8]
Gate(22171)	cx q[7], q[2]
Gate(22172)	 h q[8]
Gate(22173)	 h q[9]
Gate(22174)	 t q[1]
Gate(22175)	 t q[8]
Gate(22176)	 t q[9]
Gate(22177)	cx q[8], q[1]
Gate(22178)	cx q[9], q[8]
Gate(22179)	cx q[1], q[9]
Gate(22180)	tdg q[8]
Gate(22181)	cx q[1], q[8]
Gate(22182)	tdg q[1]
Gate(22183)	tdg q[8]
Gate(22184)	 t q[9]
Gate(22185)	cx q[9], q[8]
Gate(22186)	cx q[1], q[9]
Gate(22187)	cx q[8], q[1]
Gate(22188)	 h q[9]
Gate(22189)	 h q[0]
Gate(22190)	 t q[10]
Gate(22191)	 t q[9]
Gate(22192)	 t q[0]
Gate(22193)	cx q[9], q[10]
Gate(22194)	cx q[0], q[9]
Gate(22195)	cx q[10], q[0]
Gate(22196)	tdg q[9]
Gate(22197)	cx q[10], q[9]
Gate(22198)	tdg q[10]
Gate(22199)	tdg q[9]
Gate(22200)	 t q[0]
Gate(22201)	cx q[0], q[9]
Gate(22202)	cx q[10], q[0]
Gate(22203)	cx q[9], q[10]
Gate(22204)	 h q[0]
Gate(22205)	 h q[9]
Gate(22206)	 t q[1]
Gate(22207)	 t q[8]
Gate(22208)	 t q[9]
Gate(22209)	cx q[8], q[1]
Gate(22210)	cx q[9], q[8]
Gate(22211)	cx q[1], q[9]
Gate(22212)	tdg q[8]
Gate(22213)	cx q[1], q[8]
Gate(22214)	tdg q[1]
Gate(22215)	tdg q[8]
Gate(22216)	 t q[9]
Gate(22217)	cx q[9], q[8]
Gate(22218)	cx q[1], q[9]
Gate(22219)	cx q[8], q[1]
Gate(22220)	 h q[9]
Gate(22221)	 h q[8]
Gate(22222)	 t q[2]
Gate(22223)	 t q[7]
Gate(22224)	 t q[8]
Gate(22225)	cx q[7], q[2]
Gate(22226)	cx q[8], q[7]
Gate(22227)	cx q[2], q[8]
Gate(22228)	tdg q[7]
Gate(22229)	cx q[2], q[7]
Gate(22230)	tdg q[2]
Gate(22231)	tdg q[7]
Gate(22232)	 t q[8]
Gate(22233)	cx q[8], q[7]
Gate(22234)	cx q[2], q[8]
Gate(22235)	cx q[7], q[2]
Gate(22236)	 h q[8]
Gate(22237)	 h q[7]
Gate(22238)	 t q[3]
Gate(22239)	 t q[6]
Gate(22240)	 t q[7]
Gate(22241)	cx q[6], q[3]
Gate(22242)	cx q[7], q[6]
Gate(22243)	cx q[3], q[7]
Gate(22244)	tdg q[6]
Gate(22245)	cx q[3], q[6]
Gate(22246)	tdg q[3]
Gate(22247)	tdg q[6]
Gate(22248)	 t q[7]
Gate(22249)	cx q[7], q[6]
Gate(22250)	cx q[3], q[7]
Gate(22251)	cx q[6], q[3]
Gate(22252)	 h q[7]
Gate(22253)	 h q[6]
Gate(22254)	 t q[5]
Gate(22255)	 t q[4]
Gate(22256)	 t q[6]
Gate(22257)	cx q[4], q[5]
Gate(22258)	cx q[6], q[4]
Gate(22259)	cx q[5], q[6]
Gate(22260)	tdg q[4]
Gate(22261)	cx q[5], q[4]
Gate(22262)	tdg q[5]
Gate(22263)	tdg q[4]
Gate(22264)	 t q[6]
Gate(22265)	cx q[6], q[4]
Gate(22266)	cx q[5], q[6]
Gate(22267)	cx q[4], q[5]
Gate(22268)	 h q[6]
Gate(22269)	 h q[7]
Gate(22270)	 t q[3]
Gate(22271)	 t q[6]
Gate(22272)	 t q[7]
Gate(22273)	cx q[6], q[3]
Gate(22274)	cx q[7], q[6]
Gate(22275)	cx q[3], q[7]
Gate(22276)	tdg q[6]
Gate(22277)	cx q[3], q[6]
Gate(22278)	tdg q[3]
Gate(22279)	tdg q[6]
Gate(22280)	 t q[7]
Gate(22281)	cx q[7], q[6]
Gate(22282)	cx q[3], q[7]
Gate(22283)	cx q[6], q[3]
Gate(22284)	 h q[7]
Gate(22285)	 h q[8]
Gate(22286)	 t q[2]
Gate(22287)	 t q[7]
Gate(22288)	 t q[8]
Gate(22289)	cx q[7], q[2]
Gate(22290)	cx q[8], q[7]
Gate(22291)	cx q[2], q[8]
Gate(22292)	tdg q[7]
Gate(22293)	cx q[2], q[7]
Gate(22294)	tdg q[2]
Gate(22295)	tdg q[7]
Gate(22296)	 t q[8]
Gate(22297)	cx q[8], q[7]
Gate(22298)	cx q[2], q[8]
Gate(22299)	cx q[7], q[2]
Gate(22300)	 h q[8]
Gate(22301)	 h q[9]
Gate(22302)	 t q[1]
Gate(22303)	 t q[8]
Gate(22304)	 t q[9]
Gate(22305)	cx q[8], q[1]
Gate(22306)	cx q[9], q[8]
Gate(22307)	cx q[1], q[9]
Gate(22308)	tdg q[8]
Gate(22309)	cx q[1], q[8]
Gate(22310)	tdg q[1]
Gate(22311)	tdg q[8]
Gate(22312)	 t q[9]
Gate(22313)	cx q[9], q[8]
Gate(22314)	cx q[1], q[9]
Gate(22315)	cx q[8], q[1]
Gate(22316)	 h q[9]
Gate(22317)	 h q[10]
Gate(22318)	 t q[6]
Gate(22319)	 t q[5]
Gate(22320)	 t q[10]
Gate(22321)	cx q[5], q[6]
Gate(22322)	cx q[10], q[5]
Gate(22323)	cx q[6], q[10]
Gate(22324)	tdg q[5]
Gate(22325)	cx q[6], q[5]
Gate(22326)	tdg q[6]
Gate(22327)	tdg q[5]
Gate(22328)	 t q[10]
Gate(22329)	cx q[10], q[5]
Gate(22330)	cx q[6], q[10]
Gate(22331)	cx q[5], q[6]
Gate(22332)	 h q[10]
Gate(22333)	 h q[5]
Gate(22334)	 t q[7]
Gate(22335)	 t q[4]
Gate(22336)	 t q[5]
Gate(22337)	cx q[4], q[7]
Gate(22338)	cx q[5], q[4]
Gate(22339)	cx q[7], q[5]
Gate(22340)	tdg q[4]
Gate(22341)	cx q[7], q[4]
Gate(22342)	tdg q[7]
Gate(22343)	tdg q[4]
Gate(22344)	 t q[5]
Gate(22345)	cx q[5], q[4]
Gate(22346)	cx q[7], q[5]
Gate(22347)	cx q[4], q[7]
Gate(22348)	 h q[5]
Gate(22349)	 h q[4]
Gate(22350)	 t q[9]
Gate(22351)	 t q[8]
Gate(22352)	 t q[4]
Gate(22353)	cx q[8], q[9]
Gate(22354)	cx q[4], q[8]
Gate(22355)	cx q[9], q[4]
Gate(22356)	tdg q[8]
Gate(22357)	cx q[9], q[8]
Gate(22358)	tdg q[9]
Gate(22359)	tdg q[8]
Gate(22360)	 t q[4]
Gate(22361)	cx q[4], q[8]
Gate(22362)	cx q[9], q[4]
Gate(22363)	cx q[8], q[9]
Gate(22364)	 h q[4]
Gate(22365)	 h q[5]
Gate(22366)	 t q[7]
Gate(22367)	 t q[4]
Gate(22368)	 t q[5]
Gate(22369)	cx q[4], q[7]
Gate(22370)	cx q[5], q[4]
Gate(22371)	cx q[7], q[5]
Gate(22372)	tdg q[4]
Gate(22373)	cx q[7], q[4]
Gate(22374)	tdg q[7]
Gate(22375)	tdg q[4]
Gate(22376)	 t q[5]
Gate(22377)	cx q[5], q[4]
Gate(22378)	cx q[7], q[5]
Gate(22379)	cx q[4], q[7]
Gate(22380)	 h q[5]
Gate(22381)	 h q[10]
Gate(22382)	 t q[6]
Gate(22383)	 t q[5]
Gate(22384)	 t q[10]
Gate(22385)	cx q[5], q[6]
Gate(22386)	cx q[10], q[5]
Gate(22387)	cx q[6], q[10]
Gate(22388)	tdg q[5]
Gate(22389)	cx q[6], q[5]
Gate(22390)	tdg q[6]
Gate(22391)	tdg q[5]
Gate(22392)	 t q[10]
Gate(22393)	cx q[10], q[5]
Gate(22394)	cx q[6], q[10]
Gate(22395)	cx q[5], q[6]
Gate(22396)	 h q[10]
Gate(22397)	 h q[5]
Gate(22398)	 t q[7]
Gate(22399)	 t q[4]
Gate(22400)	 t q[5]
Gate(22401)	cx q[4], q[7]
Gate(22402)	cx q[5], q[4]
Gate(22403)	cx q[7], q[5]
Gate(22404)	tdg q[4]
Gate(22405)	cx q[7], q[4]
Gate(22406)	tdg q[7]
Gate(22407)	tdg q[4]
Gate(22408)	 t q[5]
Gate(22409)	cx q[5], q[4]
Gate(22410)	cx q[7], q[5]
Gate(22411)	cx q[4], q[7]
Gate(22412)	 h q[5]
Gate(22413)	 h q[4]
Gate(22414)	 t q[9]
Gate(22415)	 t q[8]
Gate(22416)	 t q[4]
Gate(22417)	cx q[8], q[9]
Gate(22418)	cx q[4], q[8]
Gate(22419)	cx q[9], q[4]
Gate(22420)	tdg q[8]
Gate(22421)	cx q[9], q[8]
Gate(22422)	tdg q[9]
Gate(22423)	tdg q[8]
Gate(22424)	 t q[4]
Gate(22425)	cx q[4], q[8]
Gate(22426)	cx q[9], q[4]
Gate(22427)	cx q[8], q[9]
Gate(22428)	 h q[4]
Gate(22429)	 h q[5]
Gate(22430)	 t q[7]
Gate(22431)	 t q[4]
Gate(22432)	 t q[5]
Gate(22433)	cx q[4], q[7]
Gate(22434)	cx q[5], q[4]
Gate(22435)	cx q[7], q[5]
Gate(22436)	tdg q[4]
Gate(22437)	cx q[7], q[4]
Gate(22438)	tdg q[7]
Gate(22439)	tdg q[4]
Gate(22440)	 t q[5]
Gate(22441)	cx q[5], q[4]
Gate(22442)	cx q[7], q[5]
Gate(22443)	cx q[4], q[7]
Gate(22444)	 h q[5]
Gate(22445)	 h q[0]
Gate(22446)	 t q[10]
Gate(22447)	 t q[9]
Gate(22448)	 t q[0]
Gate(22449)	cx q[9], q[10]
Gate(22450)	cx q[0], q[9]
Gate(22451)	cx q[10], q[0]
Gate(22452)	tdg q[9]
Gate(22453)	cx q[10], q[9]
Gate(22454)	tdg q[10]
Gate(22455)	tdg q[9]
Gate(22456)	 t q[0]
Gate(22457)	cx q[0], q[9]
Gate(22458)	cx q[10], q[0]
Gate(22459)	cx q[9], q[10]
Gate(22460)	 h q[0]
Gate(22461)	 h q[9]
Gate(22462)	 t q[1]
Gate(22463)	 t q[8]
Gate(22464)	 t q[9]
Gate(22465)	cx q[8], q[1]
Gate(22466)	cx q[9], q[8]
Gate(22467)	cx q[1], q[9]
Gate(22468)	tdg q[8]
Gate(22469)	cx q[1], q[8]
Gate(22470)	tdg q[1]
Gate(22471)	tdg q[8]
Gate(22472)	 t q[9]
Gate(22473)	cx q[9], q[8]
Gate(22474)	cx q[1], q[9]
Gate(22475)	cx q[8], q[1]
Gate(22476)	 h q[9]
Gate(22477)	 h q[8]
Gate(22478)	 t q[2]
Gate(22479)	 t q[7]
Gate(22480)	 t q[8]
Gate(22481)	cx q[7], q[2]
Gate(22482)	cx q[8], q[7]
Gate(22483)	cx q[2], q[8]
Gate(22484)	tdg q[7]
Gate(22485)	cx q[2], q[7]
Gate(22486)	tdg q[2]
Gate(22487)	tdg q[7]
Gate(22488)	 t q[8]
Gate(22489)	cx q[8], q[7]
Gate(22490)	cx q[2], q[8]
Gate(22491)	cx q[7], q[2]
Gate(22492)	 h q[8]
Gate(22493)	 h q[7]
Gate(22494)	 t q[3]
Gate(22495)	 t q[6]
Gate(22496)	 t q[7]
Gate(22497)	cx q[6], q[3]
Gate(22498)	cx q[7], q[6]
Gate(22499)	cx q[3], q[7]
Gate(22500)	tdg q[6]
Gate(22501)	cx q[3], q[6]
Gate(22502)	tdg q[3]
Gate(22503)	tdg q[6]
Gate(22504)	 t q[7]
Gate(22505)	cx q[7], q[6]
Gate(22506)	cx q[3], q[7]
Gate(22507)	cx q[6], q[3]
Gate(22508)	 h q[7]
Gate(22509)	 h q[6]
Gate(22510)	 t q[5]
Gate(22511)	 t q[4]
Gate(22512)	 t q[6]
Gate(22513)	cx q[4], q[5]
Gate(22514)	cx q[6], q[4]
Gate(22515)	cx q[5], q[6]
Gate(22516)	tdg q[4]
Gate(22517)	cx q[5], q[4]
Gate(22518)	tdg q[5]
Gate(22519)	tdg q[4]
Gate(22520)	 t q[6]
Gate(22521)	cx q[6], q[4]
Gate(22522)	cx q[5], q[6]
Gate(22523)	cx q[4], q[5]
Gate(22524)	 h q[6]
Gate(22525)	 h q[7]
Gate(22526)	 t q[3]
Gate(22527)	 t q[6]
Gate(22528)	 t q[7]
Gate(22529)	cx q[6], q[3]
Gate(22530)	cx q[7], q[6]
Gate(22531)	cx q[3], q[7]
Gate(22532)	tdg q[6]
Gate(22533)	cx q[3], q[6]
Gate(22534)	tdg q[3]
Gate(22535)	tdg q[6]
Gate(22536)	 t q[7]
Gate(22537)	cx q[7], q[6]
Gate(22538)	cx q[3], q[7]
Gate(22539)	cx q[6], q[3]
Gate(22540)	 h q[7]
Gate(22541)	 h q[8]
Gate(22542)	 t q[2]
Gate(22543)	 t q[7]
Gate(22544)	 t q[8]
Gate(22545)	cx q[7], q[2]
Gate(22546)	cx q[8], q[7]
Gate(22547)	cx q[2], q[8]
Gate(22548)	tdg q[7]
Gate(22549)	cx q[2], q[7]
Gate(22550)	tdg q[2]
Gate(22551)	tdg q[7]
Gate(22552)	 t q[8]
Gate(22553)	cx q[8], q[7]
Gate(22554)	cx q[2], q[8]
Gate(22555)	cx q[7], q[2]
Gate(22556)	 h q[8]
Gate(22557)	 h q[9]
Gate(22558)	 t q[1]
Gate(22559)	 t q[8]
Gate(22560)	 t q[9]
Gate(22561)	cx q[8], q[1]
Gate(22562)	cx q[9], q[8]
Gate(22563)	cx q[1], q[9]
Gate(22564)	tdg q[8]
Gate(22565)	cx q[1], q[8]
Gate(22566)	tdg q[1]
Gate(22567)	tdg q[8]
Gate(22568)	 t q[9]
Gate(22569)	cx q[9], q[8]
Gate(22570)	cx q[1], q[9]
Gate(22571)	cx q[8], q[1]
Gate(22572)	 h q[9]
Gate(22573)	 h q[0]
Gate(22574)	 t q[10]
Gate(22575)	 t q[9]
Gate(22576)	 t q[0]
Gate(22577)	cx q[9], q[10]
Gate(22578)	cx q[0], q[9]
Gate(22579)	cx q[10], q[0]
Gate(22580)	tdg q[9]
Gate(22581)	cx q[10], q[9]
Gate(22582)	tdg q[10]
Gate(22583)	tdg q[9]
Gate(22584)	 t q[0]
Gate(22585)	cx q[0], q[9]
Gate(22586)	cx q[10], q[0]
Gate(22587)	cx q[9], q[10]
Gate(22588)	 h q[0]
Gate(22589)	 h q[9]
Gate(22590)	 t q[1]
Gate(22591)	 t q[8]
Gate(22592)	 t q[9]
Gate(22593)	cx q[8], q[1]
Gate(22594)	cx q[9], q[8]
Gate(22595)	cx q[1], q[9]
Gate(22596)	tdg q[8]
Gate(22597)	cx q[1], q[8]
Gate(22598)	tdg q[1]
Gate(22599)	tdg q[8]
Gate(22600)	 t q[9]
Gate(22601)	cx q[9], q[8]
Gate(22602)	cx q[1], q[9]
Gate(22603)	cx q[8], q[1]
Gate(22604)	 h q[9]
Gate(22605)	 h q[8]
Gate(22606)	 t q[2]
Gate(22607)	 t q[7]
Gate(22608)	 t q[8]
Gate(22609)	cx q[7], q[2]
Gate(22610)	cx q[8], q[7]
Gate(22611)	cx q[2], q[8]
Gate(22612)	tdg q[7]
Gate(22613)	cx q[2], q[7]
Gate(22614)	tdg q[2]
Gate(22615)	tdg q[7]
Gate(22616)	 t q[8]
Gate(22617)	cx q[8], q[7]
Gate(22618)	cx q[2], q[8]
Gate(22619)	cx q[7], q[2]
Gate(22620)	 h q[8]
Gate(22621)	 h q[7]
Gate(22622)	 t q[3]
Gate(22623)	 t q[6]
Gate(22624)	 t q[7]
Gate(22625)	cx q[6], q[3]
Gate(22626)	cx q[7], q[6]
Gate(22627)	cx q[3], q[7]
Gate(22628)	tdg q[6]
Gate(22629)	cx q[3], q[6]
Gate(22630)	tdg q[3]
Gate(22631)	tdg q[6]
Gate(22632)	 t q[7]
Gate(22633)	cx q[7], q[6]
Gate(22634)	cx q[3], q[7]
Gate(22635)	cx q[6], q[3]
Gate(22636)	 h q[7]
Gate(22637)	 h q[6]
Gate(22638)	 t q[5]
Gate(22639)	 t q[4]
Gate(22640)	 t q[6]
Gate(22641)	cx q[4], q[5]
Gate(22642)	cx q[6], q[4]
Gate(22643)	cx q[5], q[6]
Gate(22644)	tdg q[4]
Gate(22645)	cx q[5], q[4]
Gate(22646)	tdg q[5]
Gate(22647)	tdg q[4]
Gate(22648)	 t q[6]
Gate(22649)	cx q[6], q[4]
Gate(22650)	cx q[5], q[6]
Gate(22651)	cx q[4], q[5]
Gate(22652)	 h q[6]
Gate(22653)	 h q[7]
Gate(22654)	 t q[3]
Gate(22655)	 t q[6]
Gate(22656)	 t q[7]
Gate(22657)	cx q[6], q[3]
Gate(22658)	cx q[7], q[6]
Gate(22659)	cx q[3], q[7]
Gate(22660)	tdg q[6]
Gate(22661)	cx q[3], q[6]
Gate(22662)	tdg q[3]
Gate(22663)	tdg q[6]
Gate(22664)	 t q[7]
Gate(22665)	cx q[7], q[6]
Gate(22666)	cx q[3], q[7]
Gate(22667)	cx q[6], q[3]
Gate(22668)	 h q[7]
Gate(22669)	 h q[8]
Gate(22670)	 t q[2]
Gate(22671)	 t q[7]
Gate(22672)	 t q[8]
Gate(22673)	cx q[7], q[2]
Gate(22674)	cx q[8], q[7]
Gate(22675)	cx q[2], q[8]
Gate(22676)	tdg q[7]
Gate(22677)	cx q[2], q[7]
Gate(22678)	tdg q[2]
Gate(22679)	tdg q[7]
Gate(22680)	 t q[8]
Gate(22681)	cx q[8], q[7]
Gate(22682)	cx q[2], q[8]
Gate(22683)	cx q[7], q[2]
Gate(22684)	 h q[8]
Gate(22685)	 h q[9]
Gate(22686)	 t q[1]
Gate(22687)	 t q[8]
Gate(22688)	 t q[9]
Gate(22689)	cx q[8], q[1]
Gate(22690)	cx q[9], q[8]
Gate(22691)	cx q[1], q[9]
Gate(22692)	tdg q[8]
Gate(22693)	cx q[1], q[8]
Gate(22694)	tdg q[1]
Gate(22695)	tdg q[8]
Gate(22696)	 t q[9]
Gate(22697)	cx q[9], q[8]
Gate(22698)	cx q[1], q[9]
Gate(22699)	cx q[8], q[1]
Gate(22700)	 h q[9]
Gate(22701)	 h q[4]
Gate(22702)	 t q[6]
Gate(22703)	 t q[10]
Gate(22704)	 t q[4]
Gate(22705)	cx q[10], q[6]
Gate(22706)	cx q[4], q[10]
Gate(22707)	cx q[6], q[4]
Gate(22708)	tdg q[10]
Gate(22709)	cx q[6], q[10]
Gate(22710)	tdg q[6]
Gate(22711)	tdg q[10]
Gate(22712)	 t q[4]
Gate(22713)	cx q[4], q[10]
Gate(22714)	cx q[6], q[4]
Gate(22715)	cx q[10], q[6]
Gate(22716)	 h q[4]
Gate(22717)	 h q[10]
Gate(22718)	 t q[7]
Gate(22719)	 t q[5]
Gate(22720)	 t q[10]
Gate(22721)	cx q[5], q[7]
Gate(22722)	cx q[10], q[5]
Gate(22723)	cx q[7], q[10]
Gate(22724)	tdg q[5]
Gate(22725)	cx q[7], q[5]
Gate(22726)	tdg q[7]
Gate(22727)	tdg q[5]
Gate(22728)	 t q[10]
Gate(22729)	cx q[10], q[5]
Gate(22730)	cx q[7], q[10]
Gate(22731)	cx q[5], q[7]
Gate(22732)	 h q[10]
Gate(22733)	 h q[5]
Gate(22734)	 t q[9]
Gate(22735)	 t q[8]
Gate(22736)	 t q[5]
Gate(22737)	cx q[8], q[9]
Gate(22738)	cx q[5], q[8]
Gate(22739)	cx q[9], q[5]
Gate(22740)	tdg q[8]
Gate(22741)	cx q[9], q[8]
Gate(22742)	tdg q[9]
Gate(22743)	tdg q[8]
Gate(22744)	 t q[5]
Gate(22745)	cx q[5], q[8]
Gate(22746)	cx q[9], q[5]
Gate(22747)	cx q[8], q[9]
Gate(22748)	 h q[5]
Gate(22749)	 h q[10]
Gate(22750)	 t q[7]
Gate(22751)	 t q[5]
Gate(22752)	 t q[10]
Gate(22753)	cx q[5], q[7]
Gate(22754)	cx q[10], q[5]
Gate(22755)	cx q[7], q[10]
Gate(22756)	tdg q[5]
Gate(22757)	cx q[7], q[5]
Gate(22758)	tdg q[7]
Gate(22759)	tdg q[5]
Gate(22760)	 t q[10]
Gate(22761)	cx q[10], q[5]
Gate(22762)	cx q[7], q[10]
Gate(22763)	cx q[5], q[7]
Gate(22764)	 h q[10]
Gate(22765)	 h q[4]
Gate(22766)	 t q[6]
Gate(22767)	 t q[10]
Gate(22768)	 t q[4]
Gate(22769)	cx q[10], q[6]
Gate(22770)	cx q[4], q[10]
Gate(22771)	cx q[6], q[4]
Gate(22772)	tdg q[10]
Gate(22773)	cx q[6], q[10]
Gate(22774)	tdg q[6]
Gate(22775)	tdg q[10]
Gate(22776)	 t q[4]
Gate(22777)	cx q[4], q[10]
Gate(22778)	cx q[6], q[4]
Gate(22779)	cx q[10], q[6]
Gate(22780)	 h q[4]
Gate(22781)	 h q[10]
Gate(22782)	 t q[7]
Gate(22783)	 t q[5]
Gate(22784)	 t q[10]
Gate(22785)	cx q[5], q[7]
Gate(22786)	cx q[10], q[5]
Gate(22787)	cx q[7], q[10]
Gate(22788)	tdg q[5]
Gate(22789)	cx q[7], q[5]
Gate(22790)	tdg q[7]
Gate(22791)	tdg q[5]
Gate(22792)	 t q[10]
Gate(22793)	cx q[10], q[5]
Gate(22794)	cx q[7], q[10]
Gate(22795)	cx q[5], q[7]
Gate(22796)	 h q[10]
Gate(22797)	 h q[5]
Gate(22798)	 t q[9]
Gate(22799)	 t q[8]
Gate(22800)	 t q[5]
Gate(22801)	cx q[8], q[9]
Gate(22802)	cx q[5], q[8]
Gate(22803)	cx q[9], q[5]
Gate(22804)	tdg q[8]
Gate(22805)	cx q[9], q[8]
Gate(22806)	tdg q[9]
Gate(22807)	tdg q[8]
Gate(22808)	 t q[5]
Gate(22809)	cx q[5], q[8]
Gate(22810)	cx q[9], q[5]
Gate(22811)	cx q[8], q[9]
Gate(22812)	 h q[5]
Gate(22813)	 h q[10]
Gate(22814)	 t q[7]
Gate(22815)	 t q[5]
Gate(22816)	 t q[10]
Gate(22817)	cx q[5], q[7]
Gate(22818)	cx q[10], q[5]
Gate(22819)	cx q[7], q[10]
Gate(22820)	tdg q[5]
Gate(22821)	cx q[7], q[5]
Gate(22822)	tdg q[7]
Gate(22823)	tdg q[5]
Gate(22824)	 t q[10]
Gate(22825)	cx q[10], q[5]
Gate(22826)	cx q[7], q[10]
Gate(22827)	cx q[5], q[7]
Gate(22828)	 h q[10]
Gate(22829)	 h q[0]
Gate(22830)	 t q[4]
Gate(22831)	 t q[10]
Gate(22832)	 t q[0]
Gate(22833)	cx q[10], q[4]
Gate(22834)	cx q[0], q[10]
Gate(22835)	cx q[4], q[0]
Gate(22836)	tdg q[10]
Gate(22837)	cx q[4], q[10]
Gate(22838)	tdg q[4]
Gate(22839)	tdg q[10]
Gate(22840)	 t q[0]
Gate(22841)	cx q[0], q[10]
Gate(22842)	cx q[4], q[0]
Gate(22843)	cx q[10], q[4]
Gate(22844)	 h q[0]
Gate(22845)	 h q[10]
Gate(22846)	 t q[1]
Gate(22847)	 t q[9]
Gate(22848)	 t q[10]
Gate(22849)	cx q[9], q[1]
Gate(22850)	cx q[10], q[9]
Gate(22851)	cx q[1], q[10]
Gate(22852)	tdg q[9]
Gate(22853)	cx q[1], q[9]
Gate(22854)	tdg q[1]
Gate(22855)	tdg q[9]
Gate(22856)	 t q[10]
Gate(22857)	cx q[10], q[9]
Gate(22858)	cx q[1], q[10]
Gate(22859)	cx q[9], q[1]
Gate(22860)	 h q[10]
Gate(22861)	 h q[9]
Gate(22862)	 t q[2]
Gate(22863)	 t q[8]
Gate(22864)	 t q[9]
Gate(22865)	cx q[8], q[2]
Gate(22866)	cx q[9], q[8]
Gate(22867)	cx q[2], q[9]
Gate(22868)	tdg q[8]
Gate(22869)	cx q[2], q[8]
Gate(22870)	tdg q[2]
Gate(22871)	tdg q[8]
Gate(22872)	 t q[9]
Gate(22873)	cx q[9], q[8]
Gate(22874)	cx q[2], q[9]
Gate(22875)	cx q[8], q[2]
Gate(22876)	 h q[9]
Gate(22877)	 h q[8]
Gate(22878)	 t q[5]
Gate(22879)	 t q[3]
Gate(22880)	 t q[8]
Gate(22881)	cx q[3], q[5]
Gate(22882)	cx q[8], q[3]
Gate(22883)	cx q[5], q[8]
Gate(22884)	tdg q[3]
Gate(22885)	cx q[5], q[3]
Gate(22886)	tdg q[5]
Gate(22887)	tdg q[3]
Gate(22888)	 t q[8]
Gate(22889)	cx q[8], q[3]
Gate(22890)	cx q[5], q[8]
Gate(22891)	cx q[3], q[5]
Gate(22892)	 h q[8]
Gate(22893)	 h q[9]
Gate(22894)	 t q[2]
Gate(22895)	 t q[8]
Gate(22896)	 t q[9]
Gate(22897)	cx q[8], q[2]
Gate(22898)	cx q[9], q[8]
Gate(22899)	cx q[2], q[9]
Gate(22900)	tdg q[8]
Gate(22901)	cx q[2], q[8]
Gate(22902)	tdg q[2]
Gate(22903)	tdg q[8]
Gate(22904)	 t q[9]
Gate(22905)	cx q[9], q[8]
Gate(22906)	cx q[2], q[9]
Gate(22907)	cx q[8], q[2]
Gate(22908)	 h q[9]
Gate(22909)	 h q[10]
Gate(22910)	 t q[1]
Gate(22911)	 t q[9]
Gate(22912)	 t q[10]
Gate(22913)	cx q[9], q[1]
Gate(22914)	cx q[10], q[9]
Gate(22915)	cx q[1], q[10]
Gate(22916)	tdg q[9]
Gate(22917)	cx q[1], q[9]
Gate(22918)	tdg q[1]
Gate(22919)	tdg q[9]
Gate(22920)	 t q[10]
Gate(22921)	cx q[10], q[9]
Gate(22922)	cx q[1], q[10]
Gate(22923)	cx q[9], q[1]
Gate(22924)	 h q[10]
Gate(22925)	 h q[0]
Gate(22926)	 t q[4]
Gate(22927)	 t q[10]
Gate(22928)	 t q[0]
Gate(22929)	cx q[10], q[4]
Gate(22930)	cx q[0], q[10]
Gate(22931)	cx q[4], q[0]
Gate(22932)	tdg q[10]
Gate(22933)	cx q[4], q[10]
Gate(22934)	tdg q[4]
Gate(22935)	tdg q[10]
Gate(22936)	 t q[0]
Gate(22937)	cx q[0], q[10]
Gate(22938)	cx q[4], q[0]
Gate(22939)	cx q[10], q[4]
Gate(22940)	 h q[0]
Gate(22941)	 h q[10]
Gate(22942)	 t q[1]
Gate(22943)	 t q[9]
Gate(22944)	 t q[10]
Gate(22945)	cx q[9], q[1]
Gate(22946)	cx q[10], q[9]
Gate(22947)	cx q[1], q[10]
Gate(22948)	tdg q[9]
Gate(22949)	cx q[1], q[9]
Gate(22950)	tdg q[1]
Gate(22951)	tdg q[9]
Gate(22952)	 t q[10]
Gate(22953)	cx q[10], q[9]
Gate(22954)	cx q[1], q[10]
Gate(22955)	cx q[9], q[1]
Gate(22956)	 h q[10]
Gate(22957)	 h q[9]
Gate(22958)	 t q[2]
Gate(22959)	 t q[8]
Gate(22960)	 t q[9]
Gate(22961)	cx q[8], q[2]
Gate(22962)	cx q[9], q[8]
Gate(22963)	cx q[2], q[9]
Gate(22964)	tdg q[8]
Gate(22965)	cx q[2], q[8]
Gate(22966)	tdg q[2]
Gate(22967)	tdg q[8]
Gate(22968)	 t q[9]
Gate(22969)	cx q[9], q[8]
Gate(22970)	cx q[2], q[9]
Gate(22971)	cx q[8], q[2]
Gate(22972)	 h q[9]
Gate(22973)	 h q[8]
Gate(22974)	 t q[5]
Gate(22975)	 t q[3]
Gate(22976)	 t q[8]
Gate(22977)	cx q[3], q[5]
Gate(22978)	cx q[8], q[3]
Gate(22979)	cx q[5], q[8]
Gate(22980)	tdg q[3]
Gate(22981)	cx q[5], q[3]
Gate(22982)	tdg q[5]
Gate(22983)	tdg q[3]
Gate(22984)	 t q[8]
Gate(22985)	cx q[8], q[3]
Gate(22986)	cx q[5], q[8]
Gate(22987)	cx q[3], q[5]
Gate(22988)	 h q[8]
Gate(22989)	 h q[9]
Gate(22990)	 t q[2]
Gate(22991)	 t q[8]
Gate(22992)	 t q[9]
Gate(22993)	cx q[8], q[2]
Gate(22994)	cx q[9], q[8]
Gate(22995)	cx q[2], q[9]
Gate(22996)	tdg q[8]
Gate(22997)	cx q[2], q[8]
Gate(22998)	tdg q[2]
Gate(22999)	tdg q[8]
Gate(23000)	 t q[9]
Gate(23001)	cx q[9], q[8]
Gate(23002)	cx q[2], q[9]
Gate(23003)	cx q[8], q[2]
Gate(23004)	 h q[9]
Gate(23005)	 h q[10]
Gate(23006)	 t q[1]
Gate(23007)	 t q[9]
Gate(23008)	 t q[10]
Gate(23009)	cx q[9], q[1]
Gate(23010)	cx q[10], q[9]
Gate(23011)	cx q[1], q[10]
Gate(23012)	tdg q[9]
Gate(23013)	cx q[1], q[9]
Gate(23014)	tdg q[1]
Gate(23015)	tdg q[9]
Gate(23016)	 t q[10]
Gate(23017)	cx q[10], q[9]
Gate(23018)	cx q[1], q[10]
Gate(23019)	cx q[9], q[1]
Gate(23020)	 h q[10]
Gate(23021)	 h q[4]
Gate(23022)	 t q[6]
Gate(23023)	 t q[10]
Gate(23024)	 t q[4]
Gate(23025)	cx q[10], q[6]
Gate(23026)	cx q[4], q[10]
Gate(23027)	cx q[6], q[4]
Gate(23028)	tdg q[10]
Gate(23029)	cx q[6], q[10]
Gate(23030)	tdg q[6]
Gate(23031)	tdg q[10]
Gate(23032)	 t q[4]
Gate(23033)	cx q[4], q[10]
Gate(23034)	cx q[6], q[4]
Gate(23035)	cx q[10], q[6]
Gate(23036)	 h q[4]
Gate(23037)	 h q[10]
Gate(23038)	 t q[7]
Gate(23039)	 t q[5]
Gate(23040)	 t q[10]
Gate(23041)	cx q[5], q[7]
Gate(23042)	cx q[10], q[5]
Gate(23043)	cx q[7], q[10]
Gate(23044)	tdg q[5]
Gate(23045)	cx q[7], q[5]
Gate(23046)	tdg q[7]
Gate(23047)	tdg q[5]
Gate(23048)	 t q[10]
Gate(23049)	cx q[10], q[5]
Gate(23050)	cx q[7], q[10]
Gate(23051)	cx q[5], q[7]
Gate(23052)	 h q[10]
Gate(23053)	 h q[5]
Gate(23054)	 t q[9]
Gate(23055)	 t q[8]
Gate(23056)	 t q[5]
Gate(23057)	cx q[8], q[9]
Gate(23058)	cx q[5], q[8]
Gate(23059)	cx q[9], q[5]
Gate(23060)	tdg q[8]
Gate(23061)	cx q[9], q[8]
Gate(23062)	tdg q[9]
Gate(23063)	tdg q[8]
Gate(23064)	 t q[5]
Gate(23065)	cx q[5], q[8]
Gate(23066)	cx q[9], q[5]
Gate(23067)	cx q[8], q[9]
Gate(23068)	 h q[5]
Gate(23069)	 h q[10]
Gate(23070)	 t q[7]
Gate(23071)	 t q[5]
Gate(23072)	 t q[10]
Gate(23073)	cx q[5], q[7]
Gate(23074)	cx q[10], q[5]
Gate(23075)	cx q[7], q[10]
Gate(23076)	tdg q[5]
Gate(23077)	cx q[7], q[5]
Gate(23078)	tdg q[7]
Gate(23079)	tdg q[5]
Gate(23080)	 t q[10]
Gate(23081)	cx q[10], q[5]
Gate(23082)	cx q[7], q[10]
Gate(23083)	cx q[5], q[7]
Gate(23084)	 h q[10]
Gate(23085)	 h q[4]
Gate(23086)	 t q[6]
Gate(23087)	 t q[10]
Gate(23088)	 t q[4]
Gate(23089)	cx q[10], q[6]
Gate(23090)	cx q[4], q[10]
Gate(23091)	cx q[6], q[4]
Gate(23092)	tdg q[10]
Gate(23093)	cx q[6], q[10]
Gate(23094)	tdg q[6]
Gate(23095)	tdg q[10]
Gate(23096)	 t q[4]
Gate(23097)	cx q[4], q[10]
Gate(23098)	cx q[6], q[4]
Gate(23099)	cx q[10], q[6]
Gate(23100)	 h q[4]
Gate(23101)	 h q[10]
Gate(23102)	 t q[7]
Gate(23103)	 t q[5]
Gate(23104)	 t q[10]
Gate(23105)	cx q[5], q[7]
Gate(23106)	cx q[10], q[5]
Gate(23107)	cx q[7], q[10]
Gate(23108)	tdg q[5]
Gate(23109)	cx q[7], q[5]
Gate(23110)	tdg q[7]
Gate(23111)	tdg q[5]
Gate(23112)	 t q[10]
Gate(23113)	cx q[10], q[5]
Gate(23114)	cx q[7], q[10]
Gate(23115)	cx q[5], q[7]
Gate(23116)	 h q[10]
Gate(23117)	 h q[5]
Gate(23118)	 t q[9]
Gate(23119)	 t q[8]
Gate(23120)	 t q[5]
Gate(23121)	cx q[8], q[9]
Gate(23122)	cx q[5], q[8]
Gate(23123)	cx q[9], q[5]
Gate(23124)	tdg q[8]
Gate(23125)	cx q[9], q[8]
Gate(23126)	tdg q[9]
Gate(23127)	tdg q[8]
Gate(23128)	 t q[5]
Gate(23129)	cx q[5], q[8]
Gate(23130)	cx q[9], q[5]
Gate(23131)	cx q[8], q[9]
Gate(23132)	 h q[5]
Gate(23133)	 h q[10]
Gate(23134)	 t q[7]
Gate(23135)	 t q[5]
Gate(23136)	 t q[10]
Gate(23137)	cx q[5], q[7]
Gate(23138)	cx q[10], q[5]
Gate(23139)	cx q[7], q[10]
Gate(23140)	tdg q[5]
Gate(23141)	cx q[7], q[5]
Gate(23142)	tdg q[7]
Gate(23143)	tdg q[5]
Gate(23144)	 t q[10]
Gate(23145)	cx q[10], q[5]
Gate(23146)	cx q[7], q[10]
Gate(23147)	cx q[5], q[7]
Gate(23148)	 h q[10]
Gate(23149)	 h q[0]
Gate(23150)	 t q[4]
Gate(23151)	 t q[10]
Gate(23152)	 t q[0]
Gate(23153)	cx q[10], q[4]
Gate(23154)	cx q[0], q[10]
Gate(23155)	cx q[4], q[0]
Gate(23156)	tdg q[10]
Gate(23157)	cx q[4], q[10]
Gate(23158)	tdg q[4]
Gate(23159)	tdg q[10]
Gate(23160)	 t q[0]
Gate(23161)	cx q[0], q[10]
Gate(23162)	cx q[4], q[0]
Gate(23163)	cx q[10], q[4]
Gate(23164)	 h q[0]
Gate(23165)	 h q[10]
Gate(23166)	 t q[1]
Gate(23167)	 t q[9]
Gate(23168)	 t q[10]
Gate(23169)	cx q[9], q[1]
Gate(23170)	cx q[10], q[9]
Gate(23171)	cx q[1], q[10]
Gate(23172)	tdg q[9]
Gate(23173)	cx q[1], q[9]
Gate(23174)	tdg q[1]
Gate(23175)	tdg q[9]
Gate(23176)	 t q[10]
Gate(23177)	cx q[10], q[9]
Gate(23178)	cx q[1], q[10]
Gate(23179)	cx q[9], q[1]
Gate(23180)	 h q[10]
Gate(23181)	 h q[9]
Gate(23182)	 t q[2]
Gate(23183)	 t q[8]
Gate(23184)	 t q[9]
Gate(23185)	cx q[8], q[2]
Gate(23186)	cx q[9], q[8]
Gate(23187)	cx q[2], q[9]
Gate(23188)	tdg q[8]
Gate(23189)	cx q[2], q[8]
Gate(23190)	tdg q[2]
Gate(23191)	tdg q[8]
Gate(23192)	 t q[9]
Gate(23193)	cx q[9], q[8]
Gate(23194)	cx q[2], q[9]
Gate(23195)	cx q[8], q[2]
Gate(23196)	 h q[9]
Gate(23197)	 h q[8]
Gate(23198)	 t q[5]
Gate(23199)	 t q[3]
Gate(23200)	 t q[8]
Gate(23201)	cx q[3], q[5]
Gate(23202)	cx q[8], q[3]
Gate(23203)	cx q[5], q[8]
Gate(23204)	tdg q[3]
Gate(23205)	cx q[5], q[3]
Gate(23206)	tdg q[5]
Gate(23207)	tdg q[3]
Gate(23208)	 t q[8]
Gate(23209)	cx q[8], q[3]
Gate(23210)	cx q[5], q[8]
Gate(23211)	cx q[3], q[5]
Gate(23212)	 h q[8]
Gate(23213)	 h q[9]
Gate(23214)	 t q[2]
Gate(23215)	 t q[8]
Gate(23216)	 t q[9]
Gate(23217)	cx q[8], q[2]
Gate(23218)	cx q[9], q[8]
Gate(23219)	cx q[2], q[9]
Gate(23220)	tdg q[8]
Gate(23221)	cx q[2], q[8]
Gate(23222)	tdg q[2]
Gate(23223)	tdg q[8]
Gate(23224)	 t q[9]
Gate(23225)	cx q[9], q[8]
Gate(23226)	cx q[2], q[9]
Gate(23227)	cx q[8], q[2]
Gate(23228)	 h q[9]
Gate(23229)	 h q[10]
Gate(23230)	 t q[1]
Gate(23231)	 t q[9]
Gate(23232)	 t q[10]
Gate(23233)	cx q[9], q[1]
Gate(23234)	cx q[10], q[9]
Gate(23235)	cx q[1], q[10]
Gate(23236)	tdg q[9]
Gate(23237)	cx q[1], q[9]
Gate(23238)	tdg q[1]
Gate(23239)	tdg q[9]
Gate(23240)	 t q[10]
Gate(23241)	cx q[10], q[9]
Gate(23242)	cx q[1], q[10]
Gate(23243)	cx q[9], q[1]
Gate(23244)	 h q[10]
Gate(23245)	 h q[0]
Gate(23246)	 t q[4]
Gate(23247)	 t q[10]
Gate(23248)	 t q[0]
Gate(23249)	cx q[10], q[4]
Gate(23250)	cx q[0], q[10]
Gate(23251)	cx q[4], q[0]
Gate(23252)	tdg q[10]
Gate(23253)	cx q[4], q[10]
Gate(23254)	tdg q[4]
Gate(23255)	tdg q[10]
Gate(23256)	 t q[0]
Gate(23257)	cx q[0], q[10]
Gate(23258)	cx q[4], q[0]
Gate(23259)	cx q[10], q[4]
Gate(23260)	 h q[0]
Gate(23261)	 h q[10]
Gate(23262)	 t q[1]
Gate(23263)	 t q[9]
Gate(23264)	 t q[10]
Gate(23265)	cx q[9], q[1]
Gate(23266)	cx q[10], q[9]
Gate(23267)	cx q[1], q[10]
Gate(23268)	tdg q[9]
Gate(23269)	cx q[1], q[9]
Gate(23270)	tdg q[1]
Gate(23271)	tdg q[9]
Gate(23272)	 t q[10]
Gate(23273)	cx q[10], q[9]
Gate(23274)	cx q[1], q[10]
Gate(23275)	cx q[9], q[1]
Gate(23276)	 h q[10]
Gate(23277)	 h q[9]
Gate(23278)	 t q[2]
Gate(23279)	 t q[8]
Gate(23280)	 t q[9]
Gate(23281)	cx q[8], q[2]
Gate(23282)	cx q[9], q[8]
Gate(23283)	cx q[2], q[9]
Gate(23284)	tdg q[8]
Gate(23285)	cx q[2], q[8]
Gate(23286)	tdg q[2]
Gate(23287)	tdg q[8]
Gate(23288)	 t q[9]
Gate(23289)	cx q[9], q[8]
Gate(23290)	cx q[2], q[9]
Gate(23291)	cx q[8], q[2]
Gate(23292)	 h q[9]
Gate(23293)	 h q[8]
Gate(23294)	 t q[5]
Gate(23295)	 t q[3]
Gate(23296)	 t q[8]
Gate(23297)	cx q[3], q[5]
Gate(23298)	cx q[8], q[3]
Gate(23299)	cx q[5], q[8]
Gate(23300)	tdg q[3]
Gate(23301)	cx q[5], q[3]
Gate(23302)	tdg q[5]
Gate(23303)	tdg q[3]
Gate(23304)	 t q[8]
Gate(23305)	cx q[8], q[3]
Gate(23306)	cx q[5], q[8]
Gate(23307)	cx q[3], q[5]
Gate(23308)	 h q[8]
Gate(23309)	 h q[9]
Gate(23310)	 t q[2]
Gate(23311)	 t q[8]
Gate(23312)	 t q[9]
Gate(23313)	cx q[8], q[2]
Gate(23314)	cx q[9], q[8]
Gate(23315)	cx q[2], q[9]
Gate(23316)	tdg q[8]
Gate(23317)	cx q[2], q[8]
Gate(23318)	tdg q[2]
Gate(23319)	tdg q[8]
Gate(23320)	 t q[9]
Gate(23321)	cx q[9], q[8]
Gate(23322)	cx q[2], q[9]
Gate(23323)	cx q[8], q[2]
Gate(23324)	 h q[9]
Gate(23325)	 h q[10]
Gate(23326)	 t q[1]
Gate(23327)	 t q[9]
Gate(23328)	 t q[10]
Gate(23329)	cx q[9], q[1]
Gate(23330)	cx q[10], q[9]
Gate(23331)	cx q[1], q[10]
Gate(23332)	tdg q[9]
Gate(23333)	cx q[1], q[9]
Gate(23334)	tdg q[1]
Gate(23335)	tdg q[9]
Gate(23336)	 t q[10]
Gate(23337)	cx q[10], q[9]
Gate(23338)	cx q[1], q[10]
Gate(23339)	cx q[9], q[1]
Gate(23340)	 h q[10]
Gate(23341)	 x q[8]
Gate(23342)	 x q[9]
Gate(23343)	 x q[3]
Gate(23344)	 h q[10]
Gate(23345)	 t q[6]
Gate(23346)	 t q[5]
Gate(23347)	 t q[10]
Gate(23348)	cx q[5], q[6]
Gate(23349)	cx q[10], q[5]
Gate(23350)	cx q[6], q[10]
Gate(23351)	tdg q[5]
Gate(23352)	cx q[6], q[5]
Gate(23353)	tdg q[6]
Gate(23354)	tdg q[5]
Gate(23355)	 t q[10]
Gate(23356)	cx q[10], q[5]
Gate(23357)	cx q[6], q[10]
Gate(23358)	cx q[5], q[6]
Gate(23359)	 h q[10]
Gate(23360)	 h q[5]
Gate(23361)	 t q[7]
Gate(23362)	 t q[4]
Gate(23363)	 t q[5]
Gate(23364)	cx q[4], q[7]
Gate(23365)	cx q[5], q[4]
Gate(23366)	cx q[7], q[5]
Gate(23367)	tdg q[4]
Gate(23368)	cx q[7], q[4]
Gate(23369)	tdg q[7]
Gate(23370)	tdg q[4]
Gate(23371)	 t q[5]
Gate(23372)	cx q[5], q[4]
Gate(23373)	cx q[7], q[5]
Gate(23374)	cx q[4], q[7]
Gate(23375)	 h q[5]
Gate(23376)	 h q[4]
Gate(23377)	 t q[9]
Gate(23378)	 t q[8]
Gate(23379)	 t q[4]
Gate(23380)	cx q[8], q[9]
Gate(23381)	cx q[4], q[8]
Gate(23382)	cx q[9], q[4]
Gate(23383)	tdg q[8]
Gate(23384)	cx q[9], q[8]
Gate(23385)	tdg q[9]
Gate(23386)	tdg q[8]
Gate(23387)	 t q[4]
Gate(23388)	cx q[4], q[8]
Gate(23389)	cx q[9], q[4]
Gate(23390)	cx q[8], q[9]
Gate(23391)	 h q[4]
Gate(23392)	 h q[5]
Gate(23393)	 t q[7]
Gate(23394)	 t q[4]
Gate(23395)	 t q[5]
Gate(23396)	cx q[4], q[7]
Gate(23397)	cx q[5], q[4]
Gate(23398)	cx q[7], q[5]
Gate(23399)	tdg q[4]
Gate(23400)	cx q[7], q[4]
Gate(23401)	tdg q[7]
Gate(23402)	tdg q[4]
Gate(23403)	 t q[5]
Gate(23404)	cx q[5], q[4]
Gate(23405)	cx q[7], q[5]
Gate(23406)	cx q[4], q[7]
Gate(23407)	 h q[5]
Gate(23408)	 h q[10]
Gate(23409)	 t q[6]
Gate(23410)	 t q[5]
Gate(23411)	 t q[10]
Gate(23412)	cx q[5], q[6]
Gate(23413)	cx q[10], q[5]
Gate(23414)	cx q[6], q[10]
Gate(23415)	tdg q[5]
Gate(23416)	cx q[6], q[5]
Gate(23417)	tdg q[6]
Gate(23418)	tdg q[5]
Gate(23419)	 t q[10]
Gate(23420)	cx q[10], q[5]
Gate(23421)	cx q[6], q[10]
Gate(23422)	cx q[5], q[6]
Gate(23423)	 h q[10]
Gate(23424)	 h q[5]
Gate(23425)	 t q[7]
Gate(23426)	 t q[4]
Gate(23427)	 t q[5]
Gate(23428)	cx q[4], q[7]
Gate(23429)	cx q[5], q[4]
Gate(23430)	cx q[7], q[5]
Gate(23431)	tdg q[4]
Gate(23432)	cx q[7], q[4]
Gate(23433)	tdg q[7]
Gate(23434)	tdg q[4]
Gate(23435)	 t q[5]
Gate(23436)	cx q[5], q[4]
Gate(23437)	cx q[7], q[5]
Gate(23438)	cx q[4], q[7]
Gate(23439)	 h q[5]
Gate(23440)	 h q[4]
Gate(23441)	 t q[9]
Gate(23442)	 t q[8]
Gate(23443)	 t q[4]
Gate(23444)	cx q[8], q[9]
Gate(23445)	cx q[4], q[8]
Gate(23446)	cx q[9], q[4]
Gate(23447)	tdg q[8]
Gate(23448)	cx q[9], q[8]
Gate(23449)	tdg q[9]
Gate(23450)	tdg q[8]
Gate(23451)	 t q[4]
Gate(23452)	cx q[4], q[8]
Gate(23453)	cx q[9], q[4]
Gate(23454)	cx q[8], q[9]
Gate(23455)	 h q[4]
Gate(23456)	 h q[5]
Gate(23457)	 t q[7]
Gate(23458)	 t q[4]
Gate(23459)	 t q[5]
Gate(23460)	cx q[4], q[7]
Gate(23461)	cx q[5], q[4]
Gate(23462)	cx q[7], q[5]
Gate(23463)	tdg q[4]
Gate(23464)	cx q[7], q[4]
Gate(23465)	tdg q[7]
Gate(23466)	tdg q[4]
Gate(23467)	 t q[5]
Gate(23468)	cx q[5], q[4]
Gate(23469)	cx q[7], q[5]
Gate(23470)	cx q[4], q[7]
Gate(23471)	 h q[5]
Gate(23472)	 h q[0]
Gate(23473)	 t q[10]
Gate(23474)	 t q[9]
Gate(23475)	 t q[0]
Gate(23476)	cx q[9], q[10]
Gate(23477)	cx q[0], q[9]
Gate(23478)	cx q[10], q[0]
Gate(23479)	tdg q[9]
Gate(23480)	cx q[10], q[9]
Gate(23481)	tdg q[10]
Gate(23482)	tdg q[9]
Gate(23483)	 t q[0]
Gate(23484)	cx q[0], q[9]
Gate(23485)	cx q[10], q[0]
Gate(23486)	cx q[9], q[10]
Gate(23487)	 h q[0]
Gate(23488)	 h q[9]
Gate(23489)	 t q[1]
Gate(23490)	 t q[8]
Gate(23491)	 t q[9]
Gate(23492)	cx q[8], q[1]
Gate(23493)	cx q[9], q[8]
Gate(23494)	cx q[1], q[9]
Gate(23495)	tdg q[8]
Gate(23496)	cx q[1], q[8]
Gate(23497)	tdg q[1]
Gate(23498)	tdg q[8]
Gate(23499)	 t q[9]
Gate(23500)	cx q[9], q[8]
Gate(23501)	cx q[1], q[9]
Gate(23502)	cx q[8], q[1]
Gate(23503)	 h q[9]
Gate(23504)	 h q[8]
Gate(23505)	 t q[2]
Gate(23506)	 t q[7]
Gate(23507)	 t q[8]
Gate(23508)	cx q[7], q[2]
Gate(23509)	cx q[8], q[7]
Gate(23510)	cx q[2], q[8]
Gate(23511)	tdg q[7]
Gate(23512)	cx q[2], q[7]
Gate(23513)	tdg q[2]
Gate(23514)	tdg q[7]
Gate(23515)	 t q[8]
Gate(23516)	cx q[8], q[7]
Gate(23517)	cx q[2], q[8]
Gate(23518)	cx q[7], q[2]
Gate(23519)	 h q[8]
Gate(23520)	 h q[7]
Gate(23521)	 t q[3]
Gate(23522)	 t q[6]
Gate(23523)	 t q[7]
Gate(23524)	cx q[6], q[3]
Gate(23525)	cx q[7], q[6]
Gate(23526)	cx q[3], q[7]
Gate(23527)	tdg q[6]
Gate(23528)	cx q[3], q[6]
Gate(23529)	tdg q[3]
Gate(23530)	tdg q[6]
Gate(23531)	 t q[7]
Gate(23532)	cx q[7], q[6]
Gate(23533)	cx q[3], q[7]
Gate(23534)	cx q[6], q[3]
Gate(23535)	 h q[7]
Gate(23536)	 h q[6]
Gate(23537)	 t q[5]
Gate(23538)	 t q[4]
Gate(23539)	 t q[6]
Gate(23540)	cx q[4], q[5]
Gate(23541)	cx q[6], q[4]
Gate(23542)	cx q[5], q[6]
Gate(23543)	tdg q[4]
Gate(23544)	cx q[5], q[4]
Gate(23545)	tdg q[5]
Gate(23546)	tdg q[4]
Gate(23547)	 t q[6]
Gate(23548)	cx q[6], q[4]
Gate(23549)	cx q[5], q[6]
Gate(23550)	cx q[4], q[5]
Gate(23551)	 h q[6]
Gate(23552)	 h q[7]
Gate(23553)	 t q[3]
Gate(23554)	 t q[6]
Gate(23555)	 t q[7]
Gate(23556)	cx q[6], q[3]
Gate(23557)	cx q[7], q[6]
Gate(23558)	cx q[3], q[7]
Gate(23559)	tdg q[6]
Gate(23560)	cx q[3], q[6]
Gate(23561)	tdg q[3]
Gate(23562)	tdg q[6]
Gate(23563)	 t q[7]
Gate(23564)	cx q[7], q[6]
Gate(23565)	cx q[3], q[7]
Gate(23566)	cx q[6], q[3]
Gate(23567)	 h q[7]
Gate(23568)	 h q[8]
Gate(23569)	 t q[2]
Gate(23570)	 t q[7]
Gate(23571)	 t q[8]
Gate(23572)	cx q[7], q[2]
Gate(23573)	cx q[8], q[7]
Gate(23574)	cx q[2], q[8]
Gate(23575)	tdg q[7]
Gate(23576)	cx q[2], q[7]
Gate(23577)	tdg q[2]
Gate(23578)	tdg q[7]
Gate(23579)	 t q[8]
Gate(23580)	cx q[8], q[7]
Gate(23581)	cx q[2], q[8]
Gate(23582)	cx q[7], q[2]
Gate(23583)	 h q[8]
Gate(23584)	 h q[9]
Gate(23585)	 t q[1]
Gate(23586)	 t q[8]
Gate(23587)	 t q[9]
Gate(23588)	cx q[8], q[1]
Gate(23589)	cx q[9], q[8]
Gate(23590)	cx q[1], q[9]
Gate(23591)	tdg q[8]
Gate(23592)	cx q[1], q[8]
Gate(23593)	tdg q[1]
Gate(23594)	tdg q[8]
Gate(23595)	 t q[9]
Gate(23596)	cx q[9], q[8]
Gate(23597)	cx q[1], q[9]
Gate(23598)	cx q[8], q[1]
Gate(23599)	 h q[9]
Gate(23600)	 h q[0]
Gate(23601)	 t q[10]
Gate(23602)	 t q[9]
Gate(23603)	 t q[0]
Gate(23604)	cx q[9], q[10]
Gate(23605)	cx q[0], q[9]
Gate(23606)	cx q[10], q[0]
Gate(23607)	tdg q[9]
Gate(23608)	cx q[10], q[9]
Gate(23609)	tdg q[10]
Gate(23610)	tdg q[9]
Gate(23611)	 t q[0]
Gate(23612)	cx q[0], q[9]
Gate(23613)	cx q[10], q[0]
Gate(23614)	cx q[9], q[10]
Gate(23615)	 h q[0]
Gate(23616)	 h q[9]
Gate(23617)	 t q[1]
Gate(23618)	 t q[8]
Gate(23619)	 t q[9]
Gate(23620)	cx q[8], q[1]
Gate(23621)	cx q[9], q[8]
Gate(23622)	cx q[1], q[9]
Gate(23623)	tdg q[8]
Gate(23624)	cx q[1], q[8]
Gate(23625)	tdg q[1]
Gate(23626)	tdg q[8]
Gate(23627)	 t q[9]
Gate(23628)	cx q[9], q[8]
Gate(23629)	cx q[1], q[9]
Gate(23630)	cx q[8], q[1]
Gate(23631)	 h q[9]
Gate(23632)	 h q[8]
Gate(23633)	 t q[2]
Gate(23634)	 t q[7]
Gate(23635)	 t q[8]
Gate(23636)	cx q[7], q[2]
Gate(23637)	cx q[8], q[7]
Gate(23638)	cx q[2], q[8]
Gate(23639)	tdg q[7]
Gate(23640)	cx q[2], q[7]
Gate(23641)	tdg q[2]
Gate(23642)	tdg q[7]
Gate(23643)	 t q[8]
Gate(23644)	cx q[8], q[7]
Gate(23645)	cx q[2], q[8]
Gate(23646)	cx q[7], q[2]
Gate(23647)	 h q[8]
Gate(23648)	 h q[7]
Gate(23649)	 t q[3]
Gate(23650)	 t q[6]
Gate(23651)	 t q[7]
Gate(23652)	cx q[6], q[3]
Gate(23653)	cx q[7], q[6]
Gate(23654)	cx q[3], q[7]
Gate(23655)	tdg q[6]
Gate(23656)	cx q[3], q[6]
Gate(23657)	tdg q[3]
Gate(23658)	tdg q[6]
Gate(23659)	 t q[7]
Gate(23660)	cx q[7], q[6]
Gate(23661)	cx q[3], q[7]
Gate(23662)	cx q[6], q[3]
Gate(23663)	 h q[7]
Gate(23664)	 h q[6]
Gate(23665)	 t q[5]
Gate(23666)	 t q[4]
Gate(23667)	 t q[6]
Gate(23668)	cx q[4], q[5]
Gate(23669)	cx q[6], q[4]
Gate(23670)	cx q[5], q[6]
Gate(23671)	tdg q[4]
Gate(23672)	cx q[5], q[4]
Gate(23673)	tdg q[5]
Gate(23674)	tdg q[4]
Gate(23675)	 t q[6]
Gate(23676)	cx q[6], q[4]
Gate(23677)	cx q[5], q[6]
Gate(23678)	cx q[4], q[5]
Gate(23679)	 h q[6]
Gate(23680)	 h q[7]
Gate(23681)	 t q[3]
Gate(23682)	 t q[6]
Gate(23683)	 t q[7]
Gate(23684)	cx q[6], q[3]
Gate(23685)	cx q[7], q[6]
Gate(23686)	cx q[3], q[7]
Gate(23687)	tdg q[6]
Gate(23688)	cx q[3], q[6]
Gate(23689)	tdg q[3]
Gate(23690)	tdg q[6]
Gate(23691)	 t q[7]
Gate(23692)	cx q[7], q[6]
Gate(23693)	cx q[3], q[7]
Gate(23694)	cx q[6], q[3]
Gate(23695)	 h q[7]
Gate(23696)	 h q[8]
Gate(23697)	 t q[2]
Gate(23698)	 t q[7]
Gate(23699)	 t q[8]
Gate(23700)	cx q[7], q[2]
Gate(23701)	cx q[8], q[7]
Gate(23702)	cx q[2], q[8]
Gate(23703)	tdg q[7]
Gate(23704)	cx q[2], q[7]
Gate(23705)	tdg q[2]
Gate(23706)	tdg q[7]
Gate(23707)	 t q[8]
Gate(23708)	cx q[8], q[7]
Gate(23709)	cx q[2], q[8]
Gate(23710)	cx q[7], q[2]
Gate(23711)	 h q[8]
Gate(23712)	 h q[9]
Gate(23713)	 t q[1]
Gate(23714)	 t q[8]
Gate(23715)	 t q[9]
Gate(23716)	cx q[8], q[1]
Gate(23717)	cx q[9], q[8]
Gate(23718)	cx q[1], q[9]
Gate(23719)	tdg q[8]
Gate(23720)	cx q[1], q[8]
Gate(23721)	tdg q[1]
Gate(23722)	tdg q[8]
Gate(23723)	 t q[9]
Gate(23724)	cx q[9], q[8]
Gate(23725)	cx q[1], q[9]
Gate(23726)	cx q[8], q[1]
Gate(23727)	 h q[9]
Gate(23728)	 h q[10]
Gate(23729)	 t q[6]
Gate(23730)	 t q[5]
Gate(23731)	 t q[10]
Gate(23732)	cx q[5], q[6]
Gate(23733)	cx q[10], q[5]
Gate(23734)	cx q[6], q[10]
Gate(23735)	tdg q[5]
Gate(23736)	cx q[6], q[5]
Gate(23737)	tdg q[6]
Gate(23738)	tdg q[5]
Gate(23739)	 t q[10]
Gate(23740)	cx q[10], q[5]
Gate(23741)	cx q[6], q[10]
Gate(23742)	cx q[5], q[6]
Gate(23743)	 h q[10]
Gate(23744)	 h q[5]
Gate(23745)	 t q[7]
Gate(23746)	 t q[4]
Gate(23747)	 t q[5]
Gate(23748)	cx q[4], q[7]
Gate(23749)	cx q[5], q[4]
Gate(23750)	cx q[7], q[5]
Gate(23751)	tdg q[4]
Gate(23752)	cx q[7], q[4]
Gate(23753)	tdg q[7]
Gate(23754)	tdg q[4]
Gate(23755)	 t q[5]
Gate(23756)	cx q[5], q[4]
Gate(23757)	cx q[7], q[5]
Gate(23758)	cx q[4], q[7]
Gate(23759)	 h q[5]
Gate(23760)	 h q[4]
Gate(23761)	 t q[9]
Gate(23762)	 t q[8]
Gate(23763)	 t q[4]
Gate(23764)	cx q[8], q[9]
Gate(23765)	cx q[4], q[8]
Gate(23766)	cx q[9], q[4]
Gate(23767)	tdg q[8]
Gate(23768)	cx q[9], q[8]
Gate(23769)	tdg q[9]
Gate(23770)	tdg q[8]
Gate(23771)	 t q[4]
Gate(23772)	cx q[4], q[8]
Gate(23773)	cx q[9], q[4]
Gate(23774)	cx q[8], q[9]
Gate(23775)	 h q[4]
Gate(23776)	 h q[5]
Gate(23777)	 t q[7]
Gate(23778)	 t q[4]
Gate(23779)	 t q[5]
Gate(23780)	cx q[4], q[7]
Gate(23781)	cx q[5], q[4]
Gate(23782)	cx q[7], q[5]
Gate(23783)	tdg q[4]
Gate(23784)	cx q[7], q[4]
Gate(23785)	tdg q[7]
Gate(23786)	tdg q[4]
Gate(23787)	 t q[5]
Gate(23788)	cx q[5], q[4]
Gate(23789)	cx q[7], q[5]
Gate(23790)	cx q[4], q[7]
Gate(23791)	 h q[5]
Gate(23792)	 h q[10]
Gate(23793)	 t q[6]
Gate(23794)	 t q[5]
Gate(23795)	 t q[10]
Gate(23796)	cx q[5], q[6]
Gate(23797)	cx q[10], q[5]
Gate(23798)	cx q[6], q[10]
Gate(23799)	tdg q[5]
Gate(23800)	cx q[6], q[5]
Gate(23801)	tdg q[6]
Gate(23802)	tdg q[5]
Gate(23803)	 t q[10]
Gate(23804)	cx q[10], q[5]
Gate(23805)	cx q[6], q[10]
Gate(23806)	cx q[5], q[6]
Gate(23807)	 h q[10]
Gate(23808)	 h q[5]
Gate(23809)	 t q[7]
Gate(23810)	 t q[4]
Gate(23811)	 t q[5]
Gate(23812)	cx q[4], q[7]
Gate(23813)	cx q[5], q[4]
Gate(23814)	cx q[7], q[5]
Gate(23815)	tdg q[4]
Gate(23816)	cx q[7], q[4]
Gate(23817)	tdg q[7]
Gate(23818)	tdg q[4]
Gate(23819)	 t q[5]
Gate(23820)	cx q[5], q[4]
Gate(23821)	cx q[7], q[5]
Gate(23822)	cx q[4], q[7]
Gate(23823)	 h q[5]
Gate(23824)	 h q[4]
Gate(23825)	 t q[9]
Gate(23826)	 t q[8]
Gate(23827)	 t q[4]
Gate(23828)	cx q[8], q[9]
Gate(23829)	cx q[4], q[8]
Gate(23830)	cx q[9], q[4]
Gate(23831)	tdg q[8]
Gate(23832)	cx q[9], q[8]
Gate(23833)	tdg q[9]
Gate(23834)	tdg q[8]
Gate(23835)	 t q[4]
Gate(23836)	cx q[4], q[8]
Gate(23837)	cx q[9], q[4]
Gate(23838)	cx q[8], q[9]
Gate(23839)	 h q[4]
Gate(23840)	 h q[5]
Gate(23841)	 t q[7]
Gate(23842)	 t q[4]
Gate(23843)	 t q[5]
Gate(23844)	cx q[4], q[7]
Gate(23845)	cx q[5], q[4]
Gate(23846)	cx q[7], q[5]
Gate(23847)	tdg q[4]
Gate(23848)	cx q[7], q[4]
Gate(23849)	tdg q[7]
Gate(23850)	tdg q[4]
Gate(23851)	 t q[5]
Gate(23852)	cx q[5], q[4]
Gate(23853)	cx q[7], q[5]
Gate(23854)	cx q[4], q[7]
Gate(23855)	 h q[5]
Gate(23856)	 h q[0]
Gate(23857)	 t q[10]
Gate(23858)	 t q[9]
Gate(23859)	 t q[0]
Gate(23860)	cx q[9], q[10]
Gate(23861)	cx q[0], q[9]
Gate(23862)	cx q[10], q[0]
Gate(23863)	tdg q[9]
Gate(23864)	cx q[10], q[9]
Gate(23865)	tdg q[10]
Gate(23866)	tdg q[9]
Gate(23867)	 t q[0]
Gate(23868)	cx q[0], q[9]
Gate(23869)	cx q[10], q[0]
Gate(23870)	cx q[9], q[10]
Gate(23871)	 h q[0]
Gate(23872)	 h q[9]
Gate(23873)	 t q[1]
Gate(23874)	 t q[8]
Gate(23875)	 t q[9]
Gate(23876)	cx q[8], q[1]
Gate(23877)	cx q[9], q[8]
Gate(23878)	cx q[1], q[9]
Gate(23879)	tdg q[8]
Gate(23880)	cx q[1], q[8]
Gate(23881)	tdg q[1]
Gate(23882)	tdg q[8]
Gate(23883)	 t q[9]
Gate(23884)	cx q[9], q[8]
Gate(23885)	cx q[1], q[9]
Gate(23886)	cx q[8], q[1]
Gate(23887)	 h q[9]
Gate(23888)	 h q[8]
Gate(23889)	 t q[2]
Gate(23890)	 t q[7]
Gate(23891)	 t q[8]
Gate(23892)	cx q[7], q[2]
Gate(23893)	cx q[8], q[7]
Gate(23894)	cx q[2], q[8]
Gate(23895)	tdg q[7]
Gate(23896)	cx q[2], q[7]
Gate(23897)	tdg q[2]
Gate(23898)	tdg q[7]
Gate(23899)	 t q[8]
Gate(23900)	cx q[8], q[7]
Gate(23901)	cx q[2], q[8]
Gate(23902)	cx q[7], q[2]
Gate(23903)	 h q[8]
Gate(23904)	 h q[7]
Gate(23905)	 t q[3]
Gate(23906)	 t q[6]
Gate(23907)	 t q[7]
Gate(23908)	cx q[6], q[3]
Gate(23909)	cx q[7], q[6]
Gate(23910)	cx q[3], q[7]
Gate(23911)	tdg q[6]
Gate(23912)	cx q[3], q[6]
Gate(23913)	tdg q[3]
Gate(23914)	tdg q[6]
Gate(23915)	 t q[7]
Gate(23916)	cx q[7], q[6]
Gate(23917)	cx q[3], q[7]
Gate(23918)	cx q[6], q[3]
Gate(23919)	 h q[7]
Gate(23920)	 h q[6]
Gate(23921)	 t q[5]
Gate(23922)	 t q[4]
Gate(23923)	 t q[6]
Gate(23924)	cx q[4], q[5]
Gate(23925)	cx q[6], q[4]
Gate(23926)	cx q[5], q[6]
Gate(23927)	tdg q[4]
Gate(23928)	cx q[5], q[4]
Gate(23929)	tdg q[5]
Gate(23930)	tdg q[4]
Gate(23931)	 t q[6]
Gate(23932)	cx q[6], q[4]
Gate(23933)	cx q[5], q[6]
Gate(23934)	cx q[4], q[5]
Gate(23935)	 h q[6]
Gate(23936)	 h q[7]
Gate(23937)	 t q[3]
Gate(23938)	 t q[6]
Gate(23939)	 t q[7]
Gate(23940)	cx q[6], q[3]
Gate(23941)	cx q[7], q[6]
Gate(23942)	cx q[3], q[7]
Gate(23943)	tdg q[6]
Gate(23944)	cx q[3], q[6]
Gate(23945)	tdg q[3]
Gate(23946)	tdg q[6]
Gate(23947)	 t q[7]
Gate(23948)	cx q[7], q[6]
Gate(23949)	cx q[3], q[7]
Gate(23950)	cx q[6], q[3]
Gate(23951)	 h q[7]
Gate(23952)	 h q[8]
Gate(23953)	 t q[2]
Gate(23954)	 t q[7]
Gate(23955)	 t q[8]
Gate(23956)	cx q[7], q[2]
Gate(23957)	cx q[8], q[7]
Gate(23958)	cx q[2], q[8]
Gate(23959)	tdg q[7]
Gate(23960)	cx q[2], q[7]
Gate(23961)	tdg q[2]
Gate(23962)	tdg q[7]
Gate(23963)	 t q[8]
Gate(23964)	cx q[8], q[7]
Gate(23965)	cx q[2], q[8]
Gate(23966)	cx q[7], q[2]
Gate(23967)	 h q[8]
Gate(23968)	 h q[9]
Gate(23969)	 t q[1]
Gate(23970)	 t q[8]
Gate(23971)	 t q[9]
Gate(23972)	cx q[8], q[1]
Gate(23973)	cx q[9], q[8]
Gate(23974)	cx q[1], q[9]
Gate(23975)	tdg q[8]
Gate(23976)	cx q[1], q[8]
Gate(23977)	tdg q[1]
Gate(23978)	tdg q[8]
Gate(23979)	 t q[9]
Gate(23980)	cx q[9], q[8]
Gate(23981)	cx q[1], q[9]
Gate(23982)	cx q[8], q[1]
Gate(23983)	 h q[9]
Gate(23984)	 h q[0]
Gate(23985)	 t q[10]
Gate(23986)	 t q[9]
Gate(23987)	 t q[0]
Gate(23988)	cx q[9], q[10]
Gate(23989)	cx q[0], q[9]
Gate(23990)	cx q[10], q[0]
Gate(23991)	tdg q[9]
Gate(23992)	cx q[10], q[9]
Gate(23993)	tdg q[10]
Gate(23994)	tdg q[9]
Gate(23995)	 t q[0]
Gate(23996)	cx q[0], q[9]
Gate(23997)	cx q[10], q[0]
Gate(23998)	cx q[9], q[10]
Gate(23999)	 h q[0]
Gate(24000)	 h q[9]
Gate(24001)	 t q[1]
Gate(24002)	 t q[8]
Gate(24003)	 t q[9]
Gate(24004)	cx q[8], q[1]
Gate(24005)	cx q[9], q[8]
Gate(24006)	cx q[1], q[9]
Gate(24007)	tdg q[8]
Gate(24008)	cx q[1], q[8]
Gate(24009)	tdg q[1]
Gate(24010)	tdg q[8]
Gate(24011)	 t q[9]
Gate(24012)	cx q[9], q[8]
Gate(24013)	cx q[1], q[9]
Gate(24014)	cx q[8], q[1]
Gate(24015)	 h q[9]
Gate(24016)	 h q[8]
Gate(24017)	 t q[2]
Gate(24018)	 t q[7]
Gate(24019)	 t q[8]
Gate(24020)	cx q[7], q[2]
Gate(24021)	cx q[8], q[7]
Gate(24022)	cx q[2], q[8]
Gate(24023)	tdg q[7]
Gate(24024)	cx q[2], q[7]
Gate(24025)	tdg q[2]
Gate(24026)	tdg q[7]
Gate(24027)	 t q[8]
Gate(24028)	cx q[8], q[7]
Gate(24029)	cx q[2], q[8]
Gate(24030)	cx q[7], q[2]
Gate(24031)	 h q[8]
Gate(24032)	 h q[7]
Gate(24033)	 t q[3]
Gate(24034)	 t q[6]
Gate(24035)	 t q[7]
Gate(24036)	cx q[6], q[3]
Gate(24037)	cx q[7], q[6]
Gate(24038)	cx q[3], q[7]
Gate(24039)	tdg q[6]
Gate(24040)	cx q[3], q[6]
Gate(24041)	tdg q[3]
Gate(24042)	tdg q[6]
Gate(24043)	 t q[7]
Gate(24044)	cx q[7], q[6]
Gate(24045)	cx q[3], q[7]
Gate(24046)	cx q[6], q[3]
Gate(24047)	 h q[7]
Gate(24048)	 h q[6]
Gate(24049)	 t q[5]
Gate(24050)	 t q[4]
Gate(24051)	 t q[6]
Gate(24052)	cx q[4], q[5]
Gate(24053)	cx q[6], q[4]
Gate(24054)	cx q[5], q[6]
Gate(24055)	tdg q[4]
Gate(24056)	cx q[5], q[4]
Gate(24057)	tdg q[5]
Gate(24058)	tdg q[4]
Gate(24059)	 t q[6]
Gate(24060)	cx q[6], q[4]
Gate(24061)	cx q[5], q[6]
Gate(24062)	cx q[4], q[5]
Gate(24063)	 h q[6]
Gate(24064)	 h q[7]
Gate(24065)	 t q[3]
Gate(24066)	 t q[6]
Gate(24067)	 t q[7]
Gate(24068)	cx q[6], q[3]
Gate(24069)	cx q[7], q[6]
Gate(24070)	cx q[3], q[7]
Gate(24071)	tdg q[6]
Gate(24072)	cx q[3], q[6]
Gate(24073)	tdg q[3]
Gate(24074)	tdg q[6]
Gate(24075)	 t q[7]
Gate(24076)	cx q[7], q[6]
Gate(24077)	cx q[3], q[7]
Gate(24078)	cx q[6], q[3]
Gate(24079)	 h q[7]
Gate(24080)	 h q[8]
Gate(24081)	 t q[2]
Gate(24082)	 t q[7]
Gate(24083)	 t q[8]
Gate(24084)	cx q[7], q[2]
Gate(24085)	cx q[8], q[7]
Gate(24086)	cx q[2], q[8]
Gate(24087)	tdg q[7]
Gate(24088)	cx q[2], q[7]
Gate(24089)	tdg q[2]
Gate(24090)	tdg q[7]
Gate(24091)	 t q[8]
Gate(24092)	cx q[8], q[7]
Gate(24093)	cx q[2], q[8]
Gate(24094)	cx q[7], q[2]
Gate(24095)	 h q[8]
Gate(24096)	 h q[9]
Gate(24097)	 t q[1]
Gate(24098)	 t q[8]
Gate(24099)	 t q[9]
Gate(24100)	cx q[8], q[1]
Gate(24101)	cx q[9], q[8]
Gate(24102)	cx q[1], q[9]
Gate(24103)	tdg q[8]
Gate(24104)	cx q[1], q[8]
Gate(24105)	tdg q[1]
Gate(24106)	tdg q[8]
Gate(24107)	 t q[9]
Gate(24108)	cx q[9], q[8]
Gate(24109)	cx q[1], q[9]
Gate(24110)	cx q[8], q[1]
Gate(24111)	 h q[9]
Gate(24112)	 x q[6]
Gate(24113)	 x q[4]
Gate(24114)	 x q[2]
Gate(24115)	 h q[10]
Gate(24116)	 t q[6]
Gate(24117)	 t q[5]
Gate(24118)	 t q[10]
Gate(24119)	cx q[5], q[6]
Gate(24120)	cx q[10], q[5]
Gate(24121)	cx q[6], q[10]
Gate(24122)	tdg q[5]
Gate(24123)	cx q[6], q[5]
Gate(24124)	tdg q[6]
Gate(24125)	tdg q[5]
Gate(24126)	 t q[10]
Gate(24127)	cx q[10], q[5]
Gate(24128)	cx q[6], q[10]
Gate(24129)	cx q[5], q[6]
Gate(24130)	 h q[10]
Gate(24131)	 h q[5]
Gate(24132)	 t q[7]
Gate(24133)	 t q[4]
Gate(24134)	 t q[5]
Gate(24135)	cx q[4], q[7]
Gate(24136)	cx q[5], q[4]
Gate(24137)	cx q[7], q[5]
Gate(24138)	tdg q[4]
Gate(24139)	cx q[7], q[4]
Gate(24140)	tdg q[7]
Gate(24141)	tdg q[4]
Gate(24142)	 t q[5]
Gate(24143)	cx q[5], q[4]
Gate(24144)	cx q[7], q[5]
Gate(24145)	cx q[4], q[7]
Gate(24146)	 h q[5]
Gate(24147)	 h q[4]
Gate(24148)	 t q[9]
Gate(24149)	 t q[8]
Gate(24150)	 t q[4]
Gate(24151)	cx q[8], q[9]
Gate(24152)	cx q[4], q[8]
Gate(24153)	cx q[9], q[4]
Gate(24154)	tdg q[8]
Gate(24155)	cx q[9], q[8]
Gate(24156)	tdg q[9]
Gate(24157)	tdg q[8]
Gate(24158)	 t q[4]
Gate(24159)	cx q[4], q[8]
Gate(24160)	cx q[9], q[4]
Gate(24161)	cx q[8], q[9]
Gate(24162)	 h q[4]
Gate(24163)	 h q[5]
Gate(24164)	 t q[7]
Gate(24165)	 t q[4]
Gate(24166)	 t q[5]
Gate(24167)	cx q[4], q[7]
Gate(24168)	cx q[5], q[4]
Gate(24169)	cx q[7], q[5]
Gate(24170)	tdg q[4]
Gate(24171)	cx q[7], q[4]
Gate(24172)	tdg q[7]
Gate(24173)	tdg q[4]
Gate(24174)	 t q[5]
Gate(24175)	cx q[5], q[4]
Gate(24176)	cx q[7], q[5]
Gate(24177)	cx q[4], q[7]
Gate(24178)	 h q[5]
Gate(24179)	 h q[10]
Gate(24180)	 t q[6]
Gate(24181)	 t q[5]
Gate(24182)	 t q[10]
Gate(24183)	cx q[5], q[6]
Gate(24184)	cx q[10], q[5]
Gate(24185)	cx q[6], q[10]
Gate(24186)	tdg q[5]
Gate(24187)	cx q[6], q[5]
Gate(24188)	tdg q[6]
Gate(24189)	tdg q[5]
Gate(24190)	 t q[10]
Gate(24191)	cx q[10], q[5]
Gate(24192)	cx q[6], q[10]
Gate(24193)	cx q[5], q[6]
Gate(24194)	 h q[10]
Gate(24195)	 h q[5]
Gate(24196)	 t q[7]
Gate(24197)	 t q[4]
Gate(24198)	 t q[5]
Gate(24199)	cx q[4], q[7]
Gate(24200)	cx q[5], q[4]
Gate(24201)	cx q[7], q[5]
Gate(24202)	tdg q[4]
Gate(24203)	cx q[7], q[4]
Gate(24204)	tdg q[7]
Gate(24205)	tdg q[4]
Gate(24206)	 t q[5]
Gate(24207)	cx q[5], q[4]
Gate(24208)	cx q[7], q[5]
Gate(24209)	cx q[4], q[7]
Gate(24210)	 h q[5]
Gate(24211)	 h q[4]
Gate(24212)	 t q[9]
Gate(24213)	 t q[8]
Gate(24214)	 t q[4]
Gate(24215)	cx q[8], q[9]
Gate(24216)	cx q[4], q[8]
Gate(24217)	cx q[9], q[4]
Gate(24218)	tdg q[8]
Gate(24219)	cx q[9], q[8]
Gate(24220)	tdg q[9]
Gate(24221)	tdg q[8]
Gate(24222)	 t q[4]
Gate(24223)	cx q[4], q[8]
Gate(24224)	cx q[9], q[4]
Gate(24225)	cx q[8], q[9]
Gate(24226)	 h q[4]
Gate(24227)	 h q[5]
Gate(24228)	 t q[7]
Gate(24229)	 t q[4]
Gate(24230)	 t q[5]
Gate(24231)	cx q[4], q[7]
Gate(24232)	cx q[5], q[4]
Gate(24233)	cx q[7], q[5]
Gate(24234)	tdg q[4]
Gate(24235)	cx q[7], q[4]
Gate(24236)	tdg q[7]
Gate(24237)	tdg q[4]
Gate(24238)	 t q[5]
Gate(24239)	cx q[5], q[4]
Gate(24240)	cx q[7], q[5]
Gate(24241)	cx q[4], q[7]
Gate(24242)	 h q[5]
Gate(24243)	 h q[0]
Gate(24244)	 t q[10]
Gate(24245)	 t q[9]
Gate(24246)	 t q[0]
Gate(24247)	cx q[9], q[10]
Gate(24248)	cx q[0], q[9]
Gate(24249)	cx q[10], q[0]
Gate(24250)	tdg q[9]
Gate(24251)	cx q[10], q[9]
Gate(24252)	tdg q[10]
Gate(24253)	tdg q[9]
Gate(24254)	 t q[0]
Gate(24255)	cx q[0], q[9]
Gate(24256)	cx q[10], q[0]
Gate(24257)	cx q[9], q[10]
Gate(24258)	 h q[0]
Gate(24259)	 h q[9]
Gate(24260)	 t q[1]
Gate(24261)	 t q[8]
Gate(24262)	 t q[9]
Gate(24263)	cx q[8], q[1]
Gate(24264)	cx q[9], q[8]
Gate(24265)	cx q[1], q[9]
Gate(24266)	tdg q[8]
Gate(24267)	cx q[1], q[8]
Gate(24268)	tdg q[1]
Gate(24269)	tdg q[8]
Gate(24270)	 t q[9]
Gate(24271)	cx q[9], q[8]
Gate(24272)	cx q[1], q[9]
Gate(24273)	cx q[8], q[1]
Gate(24274)	 h q[9]
Gate(24275)	 h q[8]
Gate(24276)	 t q[2]
Gate(24277)	 t q[7]
Gate(24278)	 t q[8]
Gate(24279)	cx q[7], q[2]
Gate(24280)	cx q[8], q[7]
Gate(24281)	cx q[2], q[8]
Gate(24282)	tdg q[7]
Gate(24283)	cx q[2], q[7]
Gate(24284)	tdg q[2]
Gate(24285)	tdg q[7]
Gate(24286)	 t q[8]
Gate(24287)	cx q[8], q[7]
Gate(24288)	cx q[2], q[8]
Gate(24289)	cx q[7], q[2]
Gate(24290)	 h q[8]
Gate(24291)	 h q[7]
Gate(24292)	 t q[3]
Gate(24293)	 t q[6]
Gate(24294)	 t q[7]
Gate(24295)	cx q[6], q[3]
Gate(24296)	cx q[7], q[6]
Gate(24297)	cx q[3], q[7]
Gate(24298)	tdg q[6]
Gate(24299)	cx q[3], q[6]
Gate(24300)	tdg q[3]
Gate(24301)	tdg q[6]
Gate(24302)	 t q[7]
Gate(24303)	cx q[7], q[6]
Gate(24304)	cx q[3], q[7]
Gate(24305)	cx q[6], q[3]
Gate(24306)	 h q[7]
Gate(24307)	 h q[6]
Gate(24308)	 t q[5]
Gate(24309)	 t q[4]
Gate(24310)	 t q[6]
Gate(24311)	cx q[4], q[5]
Gate(24312)	cx q[6], q[4]
Gate(24313)	cx q[5], q[6]
Gate(24314)	tdg q[4]
Gate(24315)	cx q[5], q[4]
Gate(24316)	tdg q[5]
Gate(24317)	tdg q[4]
Gate(24318)	 t q[6]
Gate(24319)	cx q[6], q[4]
Gate(24320)	cx q[5], q[6]
Gate(24321)	cx q[4], q[5]
Gate(24322)	 h q[6]
Gate(24323)	 h q[7]
Gate(24324)	 t q[3]
Gate(24325)	 t q[6]
Gate(24326)	 t q[7]
Gate(24327)	cx q[6], q[3]
Gate(24328)	cx q[7], q[6]
Gate(24329)	cx q[3], q[7]
Gate(24330)	tdg q[6]
Gate(24331)	cx q[3], q[6]
Gate(24332)	tdg q[3]
Gate(24333)	tdg q[6]
Gate(24334)	 t q[7]
Gate(24335)	cx q[7], q[6]
Gate(24336)	cx q[3], q[7]
Gate(24337)	cx q[6], q[3]
Gate(24338)	 h q[7]
Gate(24339)	 h q[8]
Gate(24340)	 t q[2]
Gate(24341)	 t q[7]
Gate(24342)	 t q[8]
Gate(24343)	cx q[7], q[2]
Gate(24344)	cx q[8], q[7]
Gate(24345)	cx q[2], q[8]
Gate(24346)	tdg q[7]
Gate(24347)	cx q[2], q[7]
Gate(24348)	tdg q[2]
Gate(24349)	tdg q[7]
Gate(24350)	 t q[8]
Gate(24351)	cx q[8], q[7]
Gate(24352)	cx q[2], q[8]
Gate(24353)	cx q[7], q[2]
Gate(24354)	 h q[8]
Gate(24355)	 h q[9]
Gate(24356)	 t q[1]
Gate(24357)	 t q[8]
Gate(24358)	 t q[9]
Gate(24359)	cx q[8], q[1]
Gate(24360)	cx q[9], q[8]
Gate(24361)	cx q[1], q[9]
Gate(24362)	tdg q[8]
Gate(24363)	cx q[1], q[8]
Gate(24364)	tdg q[1]
Gate(24365)	tdg q[8]
Gate(24366)	 t q[9]
Gate(24367)	cx q[9], q[8]
Gate(24368)	cx q[1], q[9]
Gate(24369)	cx q[8], q[1]
Gate(24370)	 h q[9]
Gate(24371)	 h q[0]
Gate(24372)	 t q[10]
Gate(24373)	 t q[9]
Gate(24374)	 t q[0]
Gate(24375)	cx q[9], q[10]
Gate(24376)	cx q[0], q[9]
Gate(24377)	cx q[10], q[0]
Gate(24378)	tdg q[9]
Gate(24379)	cx q[10], q[9]
Gate(24380)	tdg q[10]
Gate(24381)	tdg q[9]
Gate(24382)	 t q[0]
Gate(24383)	cx q[0], q[9]
Gate(24384)	cx q[10], q[0]
Gate(24385)	cx q[9], q[10]
Gate(24386)	 h q[0]
Gate(24387)	 h q[9]
Gate(24388)	 t q[1]
Gate(24389)	 t q[8]
Gate(24390)	 t q[9]
Gate(24391)	cx q[8], q[1]
Gate(24392)	cx q[9], q[8]
Gate(24393)	cx q[1], q[9]
Gate(24394)	tdg q[8]
Gate(24395)	cx q[1], q[8]
Gate(24396)	tdg q[1]
Gate(24397)	tdg q[8]
Gate(24398)	 t q[9]
Gate(24399)	cx q[9], q[8]
Gate(24400)	cx q[1], q[9]
Gate(24401)	cx q[8], q[1]
Gate(24402)	 h q[9]
Gate(24403)	 h q[8]
Gate(24404)	 t q[2]
Gate(24405)	 t q[7]
Gate(24406)	 t q[8]
Gate(24407)	cx q[7], q[2]
Gate(24408)	cx q[8], q[7]
Gate(24409)	cx q[2], q[8]
Gate(24410)	tdg q[7]
Gate(24411)	cx q[2], q[7]
Gate(24412)	tdg q[2]
Gate(24413)	tdg q[7]
Gate(24414)	 t q[8]
Gate(24415)	cx q[8], q[7]
Gate(24416)	cx q[2], q[8]
Gate(24417)	cx q[7], q[2]
Gate(24418)	 h q[8]
Gate(24419)	 h q[7]
Gate(24420)	 t q[3]
Gate(24421)	 t q[6]
Gate(24422)	 t q[7]
Gate(24423)	cx q[6], q[3]
Gate(24424)	cx q[7], q[6]
Gate(24425)	cx q[3], q[7]
Gate(24426)	tdg q[6]
Gate(24427)	cx q[3], q[6]
Gate(24428)	tdg q[3]
Gate(24429)	tdg q[6]
Gate(24430)	 t q[7]
Gate(24431)	cx q[7], q[6]
Gate(24432)	cx q[3], q[7]
Gate(24433)	cx q[6], q[3]
Gate(24434)	 h q[7]
Gate(24435)	 h q[6]
Gate(24436)	 t q[5]
Gate(24437)	 t q[4]
Gate(24438)	 t q[6]
Gate(24439)	cx q[4], q[5]
Gate(24440)	cx q[6], q[4]
Gate(24441)	cx q[5], q[6]
Gate(24442)	tdg q[4]
Gate(24443)	cx q[5], q[4]
Gate(24444)	tdg q[5]
Gate(24445)	tdg q[4]
Gate(24446)	 t q[6]
Gate(24447)	cx q[6], q[4]
Gate(24448)	cx q[5], q[6]
Gate(24449)	cx q[4], q[5]
Gate(24450)	 h q[6]
Gate(24451)	 h q[7]
Gate(24452)	 t q[3]
Gate(24453)	 t q[6]
Gate(24454)	 t q[7]
Gate(24455)	cx q[6], q[3]
Gate(24456)	cx q[7], q[6]
Gate(24457)	cx q[3], q[7]
Gate(24458)	tdg q[6]
Gate(24459)	cx q[3], q[6]
Gate(24460)	tdg q[3]
Gate(24461)	tdg q[6]
Gate(24462)	 t q[7]
Gate(24463)	cx q[7], q[6]
Gate(24464)	cx q[3], q[7]
Gate(24465)	cx q[6], q[3]
Gate(24466)	 h q[7]
Gate(24467)	 h q[8]
Gate(24468)	 t q[2]
Gate(24469)	 t q[7]
Gate(24470)	 t q[8]
Gate(24471)	cx q[7], q[2]
Gate(24472)	cx q[8], q[7]
Gate(24473)	cx q[2], q[8]
Gate(24474)	tdg q[7]
Gate(24475)	cx q[2], q[7]
Gate(24476)	tdg q[2]
Gate(24477)	tdg q[7]
Gate(24478)	 t q[8]
Gate(24479)	cx q[8], q[7]
Gate(24480)	cx q[2], q[8]
Gate(24481)	cx q[7], q[2]
Gate(24482)	 h q[8]
Gate(24483)	 h q[9]
Gate(24484)	 t q[1]
Gate(24485)	 t q[8]
Gate(24486)	 t q[9]
Gate(24487)	cx q[8], q[1]
Gate(24488)	cx q[9], q[8]
Gate(24489)	cx q[1], q[9]
Gate(24490)	tdg q[8]
Gate(24491)	cx q[1], q[8]
Gate(24492)	tdg q[1]
Gate(24493)	tdg q[8]
Gate(24494)	 t q[9]
Gate(24495)	cx q[9], q[8]
Gate(24496)	cx q[1], q[9]
Gate(24497)	cx q[8], q[1]
Gate(24498)	 h q[9]
Gate(24499)	 h q[10]
Gate(24500)	 t q[6]
Gate(24501)	 t q[5]
Gate(24502)	 t q[10]
Gate(24503)	cx q[5], q[6]
Gate(24504)	cx q[10], q[5]
Gate(24505)	cx q[6], q[10]
Gate(24506)	tdg q[5]
Gate(24507)	cx q[6], q[5]
Gate(24508)	tdg q[6]
Gate(24509)	tdg q[5]
Gate(24510)	 t q[10]
Gate(24511)	cx q[10], q[5]
Gate(24512)	cx q[6], q[10]
Gate(24513)	cx q[5], q[6]
Gate(24514)	 h q[10]
Gate(24515)	 h q[5]
Gate(24516)	 t q[7]
Gate(24517)	 t q[4]
Gate(24518)	 t q[5]
Gate(24519)	cx q[4], q[7]
Gate(24520)	cx q[5], q[4]
Gate(24521)	cx q[7], q[5]
Gate(24522)	tdg q[4]
Gate(24523)	cx q[7], q[4]
Gate(24524)	tdg q[7]
Gate(24525)	tdg q[4]
Gate(24526)	 t q[5]
Gate(24527)	cx q[5], q[4]
Gate(24528)	cx q[7], q[5]
Gate(24529)	cx q[4], q[7]
Gate(24530)	 h q[5]
Gate(24531)	 h q[4]
Gate(24532)	 t q[9]
Gate(24533)	 t q[8]
Gate(24534)	 t q[4]
Gate(24535)	cx q[8], q[9]
Gate(24536)	cx q[4], q[8]
Gate(24537)	cx q[9], q[4]
Gate(24538)	tdg q[8]
Gate(24539)	cx q[9], q[8]
Gate(24540)	tdg q[9]
Gate(24541)	tdg q[8]
Gate(24542)	 t q[4]
Gate(24543)	cx q[4], q[8]
Gate(24544)	cx q[9], q[4]
Gate(24545)	cx q[8], q[9]
Gate(24546)	 h q[4]
Gate(24547)	 h q[5]
Gate(24548)	 t q[7]
Gate(24549)	 t q[4]
Gate(24550)	 t q[5]
Gate(24551)	cx q[4], q[7]
Gate(24552)	cx q[5], q[4]
Gate(24553)	cx q[7], q[5]
Gate(24554)	tdg q[4]
Gate(24555)	cx q[7], q[4]
Gate(24556)	tdg q[7]
Gate(24557)	tdg q[4]
Gate(24558)	 t q[5]
Gate(24559)	cx q[5], q[4]
Gate(24560)	cx q[7], q[5]
Gate(24561)	cx q[4], q[7]
Gate(24562)	 h q[5]
Gate(24563)	 h q[10]
Gate(24564)	 t q[6]
Gate(24565)	 t q[5]
Gate(24566)	 t q[10]
Gate(24567)	cx q[5], q[6]
Gate(24568)	cx q[10], q[5]
Gate(24569)	cx q[6], q[10]
Gate(24570)	tdg q[5]
Gate(24571)	cx q[6], q[5]
Gate(24572)	tdg q[6]
Gate(24573)	tdg q[5]
Gate(24574)	 t q[10]
Gate(24575)	cx q[10], q[5]
Gate(24576)	cx q[6], q[10]
Gate(24577)	cx q[5], q[6]
Gate(24578)	 h q[10]
Gate(24579)	 h q[5]
Gate(24580)	 t q[7]
Gate(24581)	 t q[4]
Gate(24582)	 t q[5]
Gate(24583)	cx q[4], q[7]
Gate(24584)	cx q[5], q[4]
Gate(24585)	cx q[7], q[5]
Gate(24586)	tdg q[4]
Gate(24587)	cx q[7], q[4]
Gate(24588)	tdg q[7]
Gate(24589)	tdg q[4]
Gate(24590)	 t q[5]
Gate(24591)	cx q[5], q[4]
Gate(24592)	cx q[7], q[5]
Gate(24593)	cx q[4], q[7]
Gate(24594)	 h q[5]
Gate(24595)	 h q[4]
Gate(24596)	 t q[9]
Gate(24597)	 t q[8]
Gate(24598)	 t q[4]
Gate(24599)	cx q[8], q[9]
Gate(24600)	cx q[4], q[8]
Gate(24601)	cx q[9], q[4]
Gate(24602)	tdg q[8]
Gate(24603)	cx q[9], q[8]
Gate(24604)	tdg q[9]
Gate(24605)	tdg q[8]
Gate(24606)	 t q[4]
Gate(24607)	cx q[4], q[8]
Gate(24608)	cx q[9], q[4]
Gate(24609)	cx q[8], q[9]
Gate(24610)	 h q[4]
Gate(24611)	 h q[5]
Gate(24612)	 t q[7]
Gate(24613)	 t q[4]
Gate(24614)	 t q[5]
Gate(24615)	cx q[4], q[7]
Gate(24616)	cx q[5], q[4]
Gate(24617)	cx q[7], q[5]
Gate(24618)	tdg q[4]
Gate(24619)	cx q[7], q[4]
Gate(24620)	tdg q[7]
Gate(24621)	tdg q[4]
Gate(24622)	 t q[5]
Gate(24623)	cx q[5], q[4]
Gate(24624)	cx q[7], q[5]
Gate(24625)	cx q[4], q[7]
Gate(24626)	 h q[5]
Gate(24627)	 h q[0]
Gate(24628)	 t q[10]
Gate(24629)	 t q[9]
Gate(24630)	 t q[0]
Gate(24631)	cx q[9], q[10]
Gate(24632)	cx q[0], q[9]
Gate(24633)	cx q[10], q[0]
Gate(24634)	tdg q[9]
Gate(24635)	cx q[10], q[9]
Gate(24636)	tdg q[10]
Gate(24637)	tdg q[9]
Gate(24638)	 t q[0]
Gate(24639)	cx q[0], q[9]
Gate(24640)	cx q[10], q[0]
Gate(24641)	cx q[9], q[10]
Gate(24642)	 h q[0]
Gate(24643)	 h q[9]
Gate(24644)	 t q[1]
Gate(24645)	 t q[8]
Gate(24646)	 t q[9]
Gate(24647)	cx q[8], q[1]
Gate(24648)	cx q[9], q[8]
Gate(24649)	cx q[1], q[9]
Gate(24650)	tdg q[8]
Gate(24651)	cx q[1], q[8]
Gate(24652)	tdg q[1]
Gate(24653)	tdg q[8]
Gate(24654)	 t q[9]
Gate(24655)	cx q[9], q[8]
Gate(24656)	cx q[1], q[9]
Gate(24657)	cx q[8], q[1]
Gate(24658)	 h q[9]
Gate(24659)	 h q[8]
Gate(24660)	 t q[2]
Gate(24661)	 t q[7]
Gate(24662)	 t q[8]
Gate(24663)	cx q[7], q[2]
Gate(24664)	cx q[8], q[7]
Gate(24665)	cx q[2], q[8]
Gate(24666)	tdg q[7]
Gate(24667)	cx q[2], q[7]
Gate(24668)	tdg q[2]
Gate(24669)	tdg q[7]
Gate(24670)	 t q[8]
Gate(24671)	cx q[8], q[7]
Gate(24672)	cx q[2], q[8]
Gate(24673)	cx q[7], q[2]
Gate(24674)	 h q[8]
Gate(24675)	 h q[7]
Gate(24676)	 t q[3]
Gate(24677)	 t q[6]
Gate(24678)	 t q[7]
Gate(24679)	cx q[6], q[3]
Gate(24680)	cx q[7], q[6]
Gate(24681)	cx q[3], q[7]
Gate(24682)	tdg q[6]
Gate(24683)	cx q[3], q[6]
Gate(24684)	tdg q[3]
Gate(24685)	tdg q[6]
Gate(24686)	 t q[7]
Gate(24687)	cx q[7], q[6]
Gate(24688)	cx q[3], q[7]
Gate(24689)	cx q[6], q[3]
Gate(24690)	 h q[7]
Gate(24691)	 h q[6]
Gate(24692)	 t q[5]
Gate(24693)	 t q[4]
Gate(24694)	 t q[6]
Gate(24695)	cx q[4], q[5]
Gate(24696)	cx q[6], q[4]
Gate(24697)	cx q[5], q[6]
Gate(24698)	tdg q[4]
Gate(24699)	cx q[5], q[4]
Gate(24700)	tdg q[5]
Gate(24701)	tdg q[4]
Gate(24702)	 t q[6]
Gate(24703)	cx q[6], q[4]
Gate(24704)	cx q[5], q[6]
Gate(24705)	cx q[4], q[5]
Gate(24706)	 h q[6]
Gate(24707)	 h q[7]
Gate(24708)	 t q[3]
Gate(24709)	 t q[6]
Gate(24710)	 t q[7]
Gate(24711)	cx q[6], q[3]
Gate(24712)	cx q[7], q[6]
Gate(24713)	cx q[3], q[7]
Gate(24714)	tdg q[6]
Gate(24715)	cx q[3], q[6]
Gate(24716)	tdg q[3]
Gate(24717)	tdg q[6]
Gate(24718)	 t q[7]
Gate(24719)	cx q[7], q[6]
Gate(24720)	cx q[3], q[7]
Gate(24721)	cx q[6], q[3]
Gate(24722)	 h q[7]
Gate(24723)	 h q[8]
Gate(24724)	 t q[2]
Gate(24725)	 t q[7]
Gate(24726)	 t q[8]
Gate(24727)	cx q[7], q[2]
Gate(24728)	cx q[8], q[7]
Gate(24729)	cx q[2], q[8]
Gate(24730)	tdg q[7]
Gate(24731)	cx q[2], q[7]
Gate(24732)	tdg q[2]
Gate(24733)	tdg q[7]
Gate(24734)	 t q[8]
Gate(24735)	cx q[8], q[7]
Gate(24736)	cx q[2], q[8]
Gate(24737)	cx q[7], q[2]
Gate(24738)	 h q[8]
Gate(24739)	 h q[9]
Gate(24740)	 t q[1]
Gate(24741)	 t q[8]
Gate(24742)	 t q[9]
Gate(24743)	cx q[8], q[1]
Gate(24744)	cx q[9], q[8]
Gate(24745)	cx q[1], q[9]
Gate(24746)	tdg q[8]
Gate(24747)	cx q[1], q[8]
Gate(24748)	tdg q[1]
Gate(24749)	tdg q[8]
Gate(24750)	 t q[9]
Gate(24751)	cx q[9], q[8]
Gate(24752)	cx q[1], q[9]
Gate(24753)	cx q[8], q[1]
Gate(24754)	 h q[9]
Gate(24755)	 h q[0]
Gate(24756)	 t q[10]
Gate(24757)	 t q[9]
Gate(24758)	 t q[0]
Gate(24759)	cx q[9], q[10]
Gate(24760)	cx q[0], q[9]
Gate(24761)	cx q[10], q[0]
Gate(24762)	tdg q[9]
Gate(24763)	cx q[10], q[9]
Gate(24764)	tdg q[10]
Gate(24765)	tdg q[9]
Gate(24766)	 t q[0]
Gate(24767)	cx q[0], q[9]
Gate(24768)	cx q[10], q[0]
Gate(24769)	cx q[9], q[10]
Gate(24770)	 h q[0]
Gate(24771)	 h q[9]
Gate(24772)	 t q[1]
Gate(24773)	 t q[8]
Gate(24774)	 t q[9]
Gate(24775)	cx q[8], q[1]
Gate(24776)	cx q[9], q[8]
Gate(24777)	cx q[1], q[9]
Gate(24778)	tdg q[8]
Gate(24779)	cx q[1], q[8]
Gate(24780)	tdg q[1]
Gate(24781)	tdg q[8]
Gate(24782)	 t q[9]
Gate(24783)	cx q[9], q[8]
Gate(24784)	cx q[1], q[9]
Gate(24785)	cx q[8], q[1]
Gate(24786)	 h q[9]
Gate(24787)	 h q[8]
Gate(24788)	 t q[2]
Gate(24789)	 t q[7]
Gate(24790)	 t q[8]
Gate(24791)	cx q[7], q[2]
Gate(24792)	cx q[8], q[7]
Gate(24793)	cx q[2], q[8]
Gate(24794)	tdg q[7]
Gate(24795)	cx q[2], q[7]
Gate(24796)	tdg q[2]
Gate(24797)	tdg q[7]
Gate(24798)	 t q[8]
Gate(24799)	cx q[8], q[7]
Gate(24800)	cx q[2], q[8]
Gate(24801)	cx q[7], q[2]
Gate(24802)	 h q[8]
Gate(24803)	 h q[7]
Gate(24804)	 t q[3]
Gate(24805)	 t q[6]
Gate(24806)	 t q[7]
Gate(24807)	cx q[6], q[3]
Gate(24808)	cx q[7], q[6]
Gate(24809)	cx q[3], q[7]
Gate(24810)	tdg q[6]
Gate(24811)	cx q[3], q[6]
Gate(24812)	tdg q[3]
Gate(24813)	tdg q[6]
Gate(24814)	 t q[7]
Gate(24815)	cx q[7], q[6]
Gate(24816)	cx q[3], q[7]
Gate(24817)	cx q[6], q[3]
Gate(24818)	 h q[7]
Gate(24819)	 h q[6]
Gate(24820)	 t q[5]
Gate(24821)	 t q[4]
Gate(24822)	 t q[6]
Gate(24823)	cx q[4], q[5]
Gate(24824)	cx q[6], q[4]
Gate(24825)	cx q[5], q[6]
Gate(24826)	tdg q[4]
Gate(24827)	cx q[5], q[4]
Gate(24828)	tdg q[5]
Gate(24829)	tdg q[4]
Gate(24830)	 t q[6]
Gate(24831)	cx q[6], q[4]
Gate(24832)	cx q[5], q[6]
Gate(24833)	cx q[4], q[5]
Gate(24834)	 h q[6]
Gate(24835)	 h q[7]
Gate(24836)	 t q[3]
Gate(24837)	 t q[6]
Gate(24838)	 t q[7]
Gate(24839)	cx q[6], q[3]
Gate(24840)	cx q[7], q[6]
Gate(24841)	cx q[3], q[7]
Gate(24842)	tdg q[6]
Gate(24843)	cx q[3], q[6]
Gate(24844)	tdg q[3]
Gate(24845)	tdg q[6]
Gate(24846)	 t q[7]
Gate(24847)	cx q[7], q[6]
Gate(24848)	cx q[3], q[7]
Gate(24849)	cx q[6], q[3]
Gate(24850)	 h q[7]
Gate(24851)	 h q[8]
Gate(24852)	 t q[2]
Gate(24853)	 t q[7]
Gate(24854)	 t q[8]
Gate(24855)	cx q[7], q[2]
Gate(24856)	cx q[8], q[7]
Gate(24857)	cx q[2], q[8]
Gate(24858)	tdg q[7]
Gate(24859)	cx q[2], q[7]
Gate(24860)	tdg q[2]
Gate(24861)	tdg q[7]
Gate(24862)	 t q[8]
Gate(24863)	cx q[8], q[7]
Gate(24864)	cx q[2], q[8]
Gate(24865)	cx q[7], q[2]
Gate(24866)	 h q[8]
Gate(24867)	 h q[9]
Gate(24868)	 t q[1]
Gate(24869)	 t q[8]
Gate(24870)	 t q[9]
Gate(24871)	cx q[8], q[1]
Gate(24872)	cx q[9], q[8]
Gate(24873)	cx q[1], q[9]
Gate(24874)	tdg q[8]
Gate(24875)	cx q[1], q[8]
Gate(24876)	tdg q[1]
Gate(24877)	tdg q[8]
Gate(24878)	 t q[9]
Gate(24879)	cx q[9], q[8]
Gate(24880)	cx q[1], q[9]
Gate(24881)	cx q[8], q[1]
Gate(24882)	 h q[9]
Gate(24883)	 h q[0]
Gate(24884)	 t q[2]
Gate(24885)	 t q[10]
Gate(24886)	 t q[0]
Gate(24887)	cx q[10], q[2]
Gate(24888)	cx q[0], q[10]
Gate(24889)	cx q[2], q[0]
Gate(24890)	tdg q[10]
Gate(24891)	cx q[2], q[10]
Gate(24892)	tdg q[2]
Gate(24893)	tdg q[10]
Gate(24894)	 t q[0]
Gate(24895)	cx q[0], q[10]
Gate(24896)	cx q[2], q[0]
Gate(24897)	cx q[10], q[2]
Gate(24898)	 h q[0]
Gate(24899)	 h q[10]
Gate(24900)	 t q[3]
Gate(24901)	 t q[8]
Gate(24902)	 t q[10]
Gate(24903)	cx q[8], q[3]
Gate(24904)	cx q[10], q[8]
Gate(24905)	cx q[3], q[10]
Gate(24906)	tdg q[8]
Gate(24907)	cx q[3], q[8]
Gate(24908)	tdg q[3]
Gate(24909)	tdg q[8]
Gate(24910)	 t q[10]
Gate(24911)	cx q[10], q[8]
Gate(24912)	cx q[3], q[10]
Gate(24913)	cx q[8], q[3]
Gate(24914)	 h q[10]
Gate(24915)	 h q[8]
Gate(24916)	 t q[4]
Gate(24917)	 t q[7]
Gate(24918)	 t q[8]
Gate(24919)	cx q[7], q[4]
Gate(24920)	cx q[8], q[7]
Gate(24921)	cx q[4], q[8]
Gate(24922)	tdg q[7]
Gate(24923)	cx q[4], q[7]
Gate(24924)	tdg q[4]
Gate(24925)	tdg q[7]
Gate(24926)	 t q[8]
Gate(24927)	cx q[8], q[7]
Gate(24928)	cx q[4], q[8]
Gate(24929)	cx q[7], q[4]
Gate(24930)	 h q[8]
Gate(24931)	 h q[7]
Gate(24932)	 t q[5]
Gate(24933)	 t q[1]
Gate(24934)	 t q[7]
Gate(24935)	cx q[1], q[5]
Gate(24936)	cx q[7], q[1]
Gate(24937)	cx q[5], q[7]
Gate(24938)	tdg q[1]
Gate(24939)	cx q[5], q[1]
Gate(24940)	tdg q[5]
Gate(24941)	tdg q[1]
Gate(24942)	 t q[7]
Gate(24943)	cx q[7], q[1]
Gate(24944)	cx q[5], q[7]
Gate(24945)	cx q[1], q[5]
Gate(24946)	 h q[7]
Gate(24947)	 h q[1]
Gate(24948)	 t q[9]
Gate(24949)	 t q[6]
Gate(24950)	 t q[1]
Gate(24951)	cx q[6], q[9]
Gate(24952)	cx q[1], q[6]
Gate(24953)	cx q[9], q[1]
Gate(24954)	tdg q[6]
Gate(24955)	cx q[9], q[6]
Gate(24956)	tdg q[9]
Gate(24957)	tdg q[6]
Gate(24958)	 t q[1]
Gate(24959)	cx q[1], q[6]
Gate(24960)	cx q[9], q[1]
Gate(24961)	cx q[6], q[9]
Gate(24962)	 h q[1]
Gate(24963)	 h q[7]
Gate(24964)	 t q[5]
Gate(24965)	 t q[1]
Gate(24966)	 t q[7]
Gate(24967)	cx q[1], q[5]
Gate(24968)	cx q[7], q[1]
Gate(24969)	cx q[5], q[7]
Gate(24970)	tdg q[1]
Gate(24971)	cx q[5], q[1]
Gate(24972)	tdg q[5]
Gate(24973)	tdg q[1]
Gate(24974)	 t q[7]
Gate(24975)	cx q[7], q[1]
Gate(24976)	cx q[5], q[7]
Gate(24977)	cx q[1], q[5]
Gate(24978)	 h q[7]
Gate(24979)	 h q[8]
Gate(24980)	 t q[4]
Gate(24981)	 t q[7]
Gate(24982)	 t q[8]
Gate(24983)	cx q[7], q[4]
Gate(24984)	cx q[8], q[7]
Gate(24985)	cx q[4], q[8]
Gate(24986)	tdg q[7]
Gate(24987)	cx q[4], q[7]
Gate(24988)	tdg q[4]
Gate(24989)	tdg q[7]
Gate(24990)	 t q[8]
Gate(24991)	cx q[8], q[7]
Gate(24992)	cx q[4], q[8]
Gate(24993)	cx q[7], q[4]
Gate(24994)	 h q[8]
Gate(24995)	 h q[10]
Gate(24996)	 t q[3]
Gate(24997)	 t q[8]
Gate(24998)	 t q[10]
Gate(24999)	cx q[8], q[3]
Gate(25000)	cx q[10], q[8]
Gate(25001)	cx q[3], q[10]
Gate(25002)	tdg q[8]
Gate(25003)	cx q[3], q[8]
Gate(25004)	tdg q[3]
Gate(25005)	tdg q[8]
Gate(25006)	 t q[10]
Gate(25007)	cx q[10], q[8]
Gate(25008)	cx q[3], q[10]
Gate(25009)	cx q[8], q[3]
Gate(25010)	 h q[10]
Gate(25011)	 h q[0]
Gate(25012)	 t q[2]
Gate(25013)	 t q[10]
Gate(25014)	 t q[0]
Gate(25015)	cx q[10], q[2]
Gate(25016)	cx q[0], q[10]
Gate(25017)	cx q[2], q[0]
Gate(25018)	tdg q[10]
Gate(25019)	cx q[2], q[10]
Gate(25020)	tdg q[2]
Gate(25021)	tdg q[10]
Gate(25022)	 t q[0]
Gate(25023)	cx q[0], q[10]
Gate(25024)	cx q[2], q[0]
Gate(25025)	cx q[10], q[2]
Gate(25026)	 h q[0]
Gate(25027)	 h q[10]
Gate(25028)	 t q[3]
Gate(25029)	 t q[8]
Gate(25030)	 t q[10]
Gate(25031)	cx q[8], q[3]
Gate(25032)	cx q[10], q[8]
Gate(25033)	cx q[3], q[10]
Gate(25034)	tdg q[8]
Gate(25035)	cx q[3], q[8]
Gate(25036)	tdg q[3]
Gate(25037)	tdg q[8]
Gate(25038)	 t q[10]
Gate(25039)	cx q[10], q[8]
Gate(25040)	cx q[3], q[10]
Gate(25041)	cx q[8], q[3]
Gate(25042)	 h q[10]
Gate(25043)	 h q[8]
Gate(25044)	 t q[4]
Gate(25045)	 t q[7]
Gate(25046)	 t q[8]
Gate(25047)	cx q[7], q[4]
Gate(25048)	cx q[8], q[7]
Gate(25049)	cx q[4], q[8]
Gate(25050)	tdg q[7]
Gate(25051)	cx q[4], q[7]
Gate(25052)	tdg q[4]
Gate(25053)	tdg q[7]
Gate(25054)	 t q[8]
Gate(25055)	cx q[8], q[7]
Gate(25056)	cx q[4], q[8]
Gate(25057)	cx q[7], q[4]
Gate(25058)	 h q[8]
Gate(25059)	 h q[7]
Gate(25060)	 t q[5]
Gate(25061)	 t q[1]
Gate(25062)	 t q[7]
Gate(25063)	cx q[1], q[5]
Gate(25064)	cx q[7], q[1]
Gate(25065)	cx q[5], q[7]
Gate(25066)	tdg q[1]
Gate(25067)	cx q[5], q[1]
Gate(25068)	tdg q[5]
Gate(25069)	tdg q[1]
Gate(25070)	 t q[7]
Gate(25071)	cx q[7], q[1]
Gate(25072)	cx q[5], q[7]
Gate(25073)	cx q[1], q[5]
Gate(25074)	 h q[7]
Gate(25075)	 h q[1]
Gate(25076)	 t q[9]
Gate(25077)	 t q[6]
Gate(25078)	 t q[1]
Gate(25079)	cx q[6], q[9]
Gate(25080)	cx q[1], q[6]
Gate(25081)	cx q[9], q[1]
Gate(25082)	tdg q[6]
Gate(25083)	cx q[9], q[6]
Gate(25084)	tdg q[9]
Gate(25085)	tdg q[6]
Gate(25086)	 t q[1]
Gate(25087)	cx q[1], q[6]
Gate(25088)	cx q[9], q[1]
Gate(25089)	cx q[6], q[9]
Gate(25090)	 h q[1]
Gate(25091)	 h q[7]
Gate(25092)	 t q[5]
Gate(25093)	 t q[1]
Gate(25094)	 t q[7]
Gate(25095)	cx q[1], q[5]
Gate(25096)	cx q[7], q[1]
Gate(25097)	cx q[5], q[7]
Gate(25098)	tdg q[1]
Gate(25099)	cx q[5], q[1]
Gate(25100)	tdg q[5]
Gate(25101)	tdg q[1]
Gate(25102)	 t q[7]
Gate(25103)	cx q[7], q[1]
Gate(25104)	cx q[5], q[7]
Gate(25105)	cx q[1], q[5]
Gate(25106)	 h q[7]
Gate(25107)	 h q[8]
Gate(25108)	 t q[4]
Gate(25109)	 t q[7]
Gate(25110)	 t q[8]
Gate(25111)	cx q[7], q[4]
Gate(25112)	cx q[8], q[7]
Gate(25113)	cx q[4], q[8]
Gate(25114)	tdg q[7]
Gate(25115)	cx q[4], q[7]
Gate(25116)	tdg q[4]
Gate(25117)	tdg q[7]
Gate(25118)	 t q[8]
Gate(25119)	cx q[8], q[7]
Gate(25120)	cx q[4], q[8]
Gate(25121)	cx q[7], q[4]
Gate(25122)	 h q[8]
Gate(25123)	 h q[10]
Gate(25124)	 t q[3]
Gate(25125)	 t q[8]
Gate(25126)	 t q[10]
Gate(25127)	cx q[8], q[3]
Gate(25128)	cx q[10], q[8]
Gate(25129)	cx q[3], q[10]
Gate(25130)	tdg q[8]
Gate(25131)	cx q[3], q[8]
Gate(25132)	tdg q[3]
Gate(25133)	tdg q[8]
Gate(25134)	 t q[10]
Gate(25135)	cx q[10], q[8]
Gate(25136)	cx q[3], q[10]
Gate(25137)	cx q[8], q[3]
Gate(25138)	 h q[10]
Gate(25139)	 x q[2]
Gate(25140)	 x q[8]
Gate(25141)	 x q[1]
Gate(25142)	 h q[2]
Gate(25143)	 t q[7]
Gate(25144)	 t q[10]
Gate(25145)	 t q[2]
Gate(25146)	cx q[10], q[7]
Gate(25147)	cx q[2], q[10]
Gate(25148)	cx q[7], q[2]
Gate(25149)	tdg q[10]
Gate(25150)	cx q[7], q[10]
Gate(25151)	tdg q[7]
Gate(25152)	tdg q[10]
Gate(25153)	 t q[2]
Gate(25154)	cx q[2], q[10]
Gate(25155)	cx q[7], q[2]
Gate(25156)	cx q[10], q[7]
Gate(25157)	 h q[2]
Gate(25158)	 h q[10]
Gate(25159)	 t q[9]
Gate(25160)	 t q[8]
Gate(25161)	 t q[10]
Gate(25162)	cx q[8], q[9]
Gate(25163)	cx q[10], q[8]
Gate(25164)	cx q[9], q[10]
Gate(25165)	tdg q[8]
Gate(25166)	cx q[9], q[8]
Gate(25167)	tdg q[9]
Gate(25168)	tdg q[8]
Gate(25169)	 t q[10]
Gate(25170)	cx q[10], q[8]
Gate(25171)	cx q[9], q[10]
Gate(25172)	cx q[8], q[9]
Gate(25173)	 h q[10]
Gate(25174)	 h q[2]
Gate(25175)	 t q[7]
Gate(25176)	 t q[10]
Gate(25177)	 t q[2]
Gate(25178)	cx q[10], q[7]
Gate(25179)	cx q[2], q[10]
Gate(25180)	cx q[7], q[2]
Gate(25181)	tdg q[10]
Gate(25182)	cx q[7], q[10]
Gate(25183)	tdg q[7]
Gate(25184)	tdg q[10]
Gate(25185)	 t q[2]
Gate(25186)	cx q[2], q[10]
Gate(25187)	cx q[7], q[2]
Gate(25188)	cx q[10], q[7]
Gate(25189)	 h q[2]
Gate(25190)	 h q[10]
Gate(25191)	 t q[9]
Gate(25192)	 t q[8]
Gate(25193)	 t q[10]
Gate(25194)	cx q[8], q[9]
Gate(25195)	cx q[10], q[8]
Gate(25196)	cx q[9], q[10]
Gate(25197)	tdg q[8]
Gate(25198)	cx q[9], q[8]
Gate(25199)	tdg q[9]
Gate(25200)	tdg q[8]
Gate(25201)	 t q[10]
Gate(25202)	cx q[10], q[8]
Gate(25203)	cx q[9], q[10]
Gate(25204)	cx q[8], q[9]
Gate(25205)	 h q[10]
Gate(25206)	 h q[0]
Gate(25207)	 t q[2]
Gate(25208)	 t q[10]
Gate(25209)	 t q[0]
Gate(25210)	cx q[10], q[2]
Gate(25211)	cx q[0], q[10]
Gate(25212)	cx q[2], q[0]
Gate(25213)	tdg q[10]
Gate(25214)	cx q[2], q[10]
Gate(25215)	tdg q[2]
Gate(25216)	tdg q[10]
Gate(25217)	 t q[0]
Gate(25218)	cx q[0], q[10]
Gate(25219)	cx q[2], q[0]
Gate(25220)	cx q[10], q[2]
Gate(25221)	 h q[0]
Gate(25222)	 h q[10]
Gate(25223)	 t q[1]
Gate(25224)	 t q[9]
Gate(25225)	 t q[10]
Gate(25226)	cx q[9], q[1]
Gate(25227)	cx q[10], q[9]
Gate(25228)	cx q[1], q[10]
Gate(25229)	tdg q[9]
Gate(25230)	cx q[1], q[9]
Gate(25231)	tdg q[1]
Gate(25232)	tdg q[9]
Gate(25233)	 t q[10]
Gate(25234)	cx q[10], q[9]
Gate(25235)	cx q[1], q[10]
Gate(25236)	cx q[9], q[1]
Gate(25237)	 h q[10]
Gate(25238)	 h q[9]
Gate(25239)	 t q[3]
Gate(25240)	 t q[8]
Gate(25241)	 t q[9]
Gate(25242)	cx q[8], q[3]
Gate(25243)	cx q[9], q[8]
Gate(25244)	cx q[3], q[9]
Gate(25245)	tdg q[8]
Gate(25246)	cx q[3], q[8]
Gate(25247)	tdg q[3]
Gate(25248)	tdg q[8]
Gate(25249)	 t q[9]
Gate(25250)	cx q[9], q[8]
Gate(25251)	cx q[3], q[9]
Gate(25252)	cx q[8], q[3]
Gate(25253)	 h q[9]
Gate(25254)	 h q[8]
Gate(25255)	 t q[5]
Gate(25256)	 t q[4]
Gate(25257)	 t q[8]
Gate(25258)	cx q[4], q[5]
Gate(25259)	cx q[8], q[4]
Gate(25260)	cx q[5], q[8]
Gate(25261)	tdg q[4]
Gate(25262)	cx q[5], q[4]
Gate(25263)	tdg q[5]
Gate(25264)	tdg q[4]
Gate(25265)	 t q[8]
Gate(25266)	cx q[8], q[4]
Gate(25267)	cx q[5], q[8]
Gate(25268)	cx q[4], q[5]
Gate(25269)	 h q[8]
Gate(25270)	 h q[9]
Gate(25271)	 t q[3]
Gate(25272)	 t q[8]
Gate(25273)	 t q[9]
Gate(25274)	cx q[8], q[3]
Gate(25275)	cx q[9], q[8]
Gate(25276)	cx q[3], q[9]
Gate(25277)	tdg q[8]
Gate(25278)	cx q[3], q[8]
Gate(25279)	tdg q[3]
Gate(25280)	tdg q[8]
Gate(25281)	 t q[9]
Gate(25282)	cx q[9], q[8]
Gate(25283)	cx q[3], q[9]
Gate(25284)	cx q[8], q[3]
Gate(25285)	 h q[9]
Gate(25286)	 h q[10]
Gate(25287)	 t q[1]
Gate(25288)	 t q[9]
Gate(25289)	 t q[10]
Gate(25290)	cx q[9], q[1]
Gate(25291)	cx q[10], q[9]
Gate(25292)	cx q[1], q[10]
Gate(25293)	tdg q[9]
Gate(25294)	cx q[1], q[9]
Gate(25295)	tdg q[1]
Gate(25296)	tdg q[9]
Gate(25297)	 t q[10]
Gate(25298)	cx q[10], q[9]
Gate(25299)	cx q[1], q[10]
Gate(25300)	cx q[9], q[1]
Gate(25301)	 h q[10]
Gate(25302)	 h q[0]
Gate(25303)	 t q[2]
Gate(25304)	 t q[10]
Gate(25305)	 t q[0]
Gate(25306)	cx q[10], q[2]
Gate(25307)	cx q[0], q[10]
Gate(25308)	cx q[2], q[0]
Gate(25309)	tdg q[10]
Gate(25310)	cx q[2], q[10]
Gate(25311)	tdg q[2]
Gate(25312)	tdg q[10]
Gate(25313)	 t q[0]
Gate(25314)	cx q[0], q[10]
Gate(25315)	cx q[2], q[0]
Gate(25316)	cx q[10], q[2]
Gate(25317)	 h q[0]
Gate(25318)	 h q[10]
Gate(25319)	 t q[1]
Gate(25320)	 t q[9]
Gate(25321)	 t q[10]
Gate(25322)	cx q[9], q[1]
Gate(25323)	cx q[10], q[9]
Gate(25324)	cx q[1], q[10]
Gate(25325)	tdg q[9]
Gate(25326)	cx q[1], q[9]
Gate(25327)	tdg q[1]
Gate(25328)	tdg q[9]
Gate(25329)	 t q[10]
Gate(25330)	cx q[10], q[9]
Gate(25331)	cx q[1], q[10]
Gate(25332)	cx q[9], q[1]
Gate(25333)	 h q[10]
Gate(25334)	 h q[9]
Gate(25335)	 t q[3]
Gate(25336)	 t q[8]
Gate(25337)	 t q[9]
Gate(25338)	cx q[8], q[3]
Gate(25339)	cx q[9], q[8]
Gate(25340)	cx q[3], q[9]
Gate(25341)	tdg q[8]
Gate(25342)	cx q[3], q[8]
Gate(25343)	tdg q[3]
Gate(25344)	tdg q[8]
Gate(25345)	 t q[9]
Gate(25346)	cx q[9], q[8]
Gate(25347)	cx q[3], q[9]
Gate(25348)	cx q[8], q[3]
Gate(25349)	 h q[9]
Gate(25350)	 h q[8]
Gate(25351)	 t q[5]
Gate(25352)	 t q[4]
Gate(25353)	 t q[8]
Gate(25354)	cx q[4], q[5]
Gate(25355)	cx q[8], q[4]
Gate(25356)	cx q[5], q[8]
Gate(25357)	tdg q[4]
Gate(25358)	cx q[5], q[4]
Gate(25359)	tdg q[5]
Gate(25360)	tdg q[4]
Gate(25361)	 t q[8]
Gate(25362)	cx q[8], q[4]
Gate(25363)	cx q[5], q[8]
Gate(25364)	cx q[4], q[5]
Gate(25365)	 h q[8]
Gate(25366)	 h q[9]
Gate(25367)	 t q[3]
Gate(25368)	 t q[8]
Gate(25369)	 t q[9]
Gate(25370)	cx q[8], q[3]
Gate(25371)	cx q[9], q[8]
Gate(25372)	cx q[3], q[9]
Gate(25373)	tdg q[8]
Gate(25374)	cx q[3], q[8]
Gate(25375)	tdg q[3]
Gate(25376)	tdg q[8]
Gate(25377)	 t q[9]
Gate(25378)	cx q[9], q[8]
Gate(25379)	cx q[3], q[9]
Gate(25380)	cx q[8], q[3]
Gate(25381)	 h q[9]
Gate(25382)	 h q[10]
Gate(25383)	 t q[1]
Gate(25384)	 t q[9]
Gate(25385)	 t q[10]
Gate(25386)	cx q[9], q[1]
Gate(25387)	cx q[10], q[9]
Gate(25388)	cx q[1], q[10]
Gate(25389)	tdg q[9]
Gate(25390)	cx q[1], q[9]
Gate(25391)	tdg q[1]
Gate(25392)	tdg q[9]
Gate(25393)	 t q[10]
Gate(25394)	cx q[10], q[9]
Gate(25395)	cx q[1], q[10]
Gate(25396)	cx q[9], q[1]
Gate(25397)	 h q[10]
Gate(25398)	 h q[2]
Gate(25399)	 t q[7]
Gate(25400)	 t q[10]
Gate(25401)	 t q[2]
Gate(25402)	cx q[10], q[7]
Gate(25403)	cx q[2], q[10]
Gate(25404)	cx q[7], q[2]
Gate(25405)	tdg q[10]
Gate(25406)	cx q[7], q[10]
Gate(25407)	tdg q[7]
Gate(25408)	tdg q[10]
Gate(25409)	 t q[2]
Gate(25410)	cx q[2], q[10]
Gate(25411)	cx q[7], q[2]
Gate(25412)	cx q[10], q[7]
Gate(25413)	 h q[2]
Gate(25414)	 h q[10]
Gate(25415)	 t q[9]
Gate(25416)	 t q[8]
Gate(25417)	 t q[10]
Gate(25418)	cx q[8], q[9]
Gate(25419)	cx q[10], q[8]
Gate(25420)	cx q[9], q[10]
Gate(25421)	tdg q[8]
Gate(25422)	cx q[9], q[8]
Gate(25423)	tdg q[9]
Gate(25424)	tdg q[8]
Gate(25425)	 t q[10]
Gate(25426)	cx q[10], q[8]
Gate(25427)	cx q[9], q[10]
Gate(25428)	cx q[8], q[9]
Gate(25429)	 h q[10]
Gate(25430)	 h q[2]
Gate(25431)	 t q[7]
Gate(25432)	 t q[10]
Gate(25433)	 t q[2]
Gate(25434)	cx q[10], q[7]
Gate(25435)	cx q[2], q[10]
Gate(25436)	cx q[7], q[2]
Gate(25437)	tdg q[10]
Gate(25438)	cx q[7], q[10]
Gate(25439)	tdg q[7]
Gate(25440)	tdg q[10]
Gate(25441)	 t q[2]
Gate(25442)	cx q[2], q[10]
Gate(25443)	cx q[7], q[2]
Gate(25444)	cx q[10], q[7]
Gate(25445)	 h q[2]
Gate(25446)	 h q[10]
Gate(25447)	 t q[9]
Gate(25448)	 t q[8]
Gate(25449)	 t q[10]
Gate(25450)	cx q[8], q[9]
Gate(25451)	cx q[10], q[8]
Gate(25452)	cx q[9], q[10]
Gate(25453)	tdg q[8]
Gate(25454)	cx q[9], q[8]
Gate(25455)	tdg q[9]
Gate(25456)	tdg q[8]
Gate(25457)	 t q[10]
Gate(25458)	cx q[10], q[8]
Gate(25459)	cx q[9], q[10]
Gate(25460)	cx q[8], q[9]
Gate(25461)	 h q[10]
Gate(25462)	 h q[0]
Gate(25463)	 t q[2]
Gate(25464)	 t q[10]
Gate(25465)	 t q[0]
Gate(25466)	cx q[10], q[2]
Gate(25467)	cx q[0], q[10]
Gate(25468)	cx q[2], q[0]
Gate(25469)	tdg q[10]
Gate(25470)	cx q[2], q[10]
Gate(25471)	tdg q[2]
Gate(25472)	tdg q[10]
Gate(25473)	 t q[0]
Gate(25474)	cx q[0], q[10]
Gate(25475)	cx q[2], q[0]
Gate(25476)	cx q[10], q[2]
Gate(25477)	 h q[0]
Gate(25478)	 h q[10]
Gate(25479)	 t q[1]
Gate(25480)	 t q[9]
Gate(25481)	 t q[10]
Gate(25482)	cx q[9], q[1]
Gate(25483)	cx q[10], q[9]
Gate(25484)	cx q[1], q[10]
Gate(25485)	tdg q[9]
Gate(25486)	cx q[1], q[9]
Gate(25487)	tdg q[1]
Gate(25488)	tdg q[9]
Gate(25489)	 t q[10]
Gate(25490)	cx q[10], q[9]
Gate(25491)	cx q[1], q[10]
Gate(25492)	cx q[9], q[1]
Gate(25493)	 h q[10]
Gate(25494)	 h q[9]
Gate(25495)	 t q[3]
Gate(25496)	 t q[8]
Gate(25497)	 t q[9]
Gate(25498)	cx q[8], q[3]
Gate(25499)	cx q[9], q[8]
Gate(25500)	cx q[3], q[9]
Gate(25501)	tdg q[8]
Gate(25502)	cx q[3], q[8]
Gate(25503)	tdg q[3]
Gate(25504)	tdg q[8]
Gate(25505)	 t q[9]
Gate(25506)	cx q[9], q[8]
Gate(25507)	cx q[3], q[9]
Gate(25508)	cx q[8], q[3]
Gate(25509)	 h q[9]
Gate(25510)	 h q[8]
Gate(25511)	 t q[5]
Gate(25512)	 t q[4]
Gate(25513)	 t q[8]
Gate(25514)	cx q[4], q[5]
Gate(25515)	cx q[8], q[4]
Gate(25516)	cx q[5], q[8]
Gate(25517)	tdg q[4]
Gate(25518)	cx q[5], q[4]
Gate(25519)	tdg q[5]
Gate(25520)	tdg q[4]
Gate(25521)	 t q[8]
Gate(25522)	cx q[8], q[4]
Gate(25523)	cx q[5], q[8]
Gate(25524)	cx q[4], q[5]
Gate(25525)	 h q[8]
Gate(25526)	 h q[9]
Gate(25527)	 t q[3]
Gate(25528)	 t q[8]
Gate(25529)	 t q[9]
Gate(25530)	cx q[8], q[3]
Gate(25531)	cx q[9], q[8]
Gate(25532)	cx q[3], q[9]
Gate(25533)	tdg q[8]
Gate(25534)	cx q[3], q[8]
Gate(25535)	tdg q[3]
Gate(25536)	tdg q[8]
Gate(25537)	 t q[9]
Gate(25538)	cx q[9], q[8]
Gate(25539)	cx q[3], q[9]
Gate(25540)	cx q[8], q[3]
Gate(25541)	 h q[9]
Gate(25542)	 h q[10]
Gate(25543)	 t q[1]
Gate(25544)	 t q[9]
Gate(25545)	 t q[10]
Gate(25546)	cx q[9], q[1]
Gate(25547)	cx q[10], q[9]
Gate(25548)	cx q[1], q[10]
Gate(25549)	tdg q[9]
Gate(25550)	cx q[1], q[9]
Gate(25551)	tdg q[1]
Gate(25552)	tdg q[9]
Gate(25553)	 t q[10]
Gate(25554)	cx q[10], q[9]
Gate(25555)	cx q[1], q[10]
Gate(25556)	cx q[9], q[1]
Gate(25557)	 h q[10]
Gate(25558)	 h q[0]
Gate(25559)	 t q[2]
Gate(25560)	 t q[10]
Gate(25561)	 t q[0]
Gate(25562)	cx q[10], q[2]
Gate(25563)	cx q[0], q[10]
Gate(25564)	cx q[2], q[0]
Gate(25565)	tdg q[10]
Gate(25566)	cx q[2], q[10]
Gate(25567)	tdg q[2]
Gate(25568)	tdg q[10]
Gate(25569)	 t q[0]
Gate(25570)	cx q[0], q[10]
Gate(25571)	cx q[2], q[0]
Gate(25572)	cx q[10], q[2]
Gate(25573)	 h q[0]
Gate(25574)	 h q[10]
Gate(25575)	 t q[1]
Gate(25576)	 t q[9]
Gate(25577)	 t q[10]
Gate(25578)	cx q[9], q[1]
Gate(25579)	cx q[10], q[9]
Gate(25580)	cx q[1], q[10]
Gate(25581)	tdg q[9]
Gate(25582)	cx q[1], q[9]
Gate(25583)	tdg q[1]
Gate(25584)	tdg q[9]
Gate(25585)	 t q[10]
Gate(25586)	cx q[10], q[9]
Gate(25587)	cx q[1], q[10]
Gate(25588)	cx q[9], q[1]
Gate(25589)	 h q[10]
Gate(25590)	 h q[9]
Gate(25591)	 t q[3]
Gate(25592)	 t q[8]
Gate(25593)	 t q[9]
Gate(25594)	cx q[8], q[3]
Gate(25595)	cx q[9], q[8]
Gate(25596)	cx q[3], q[9]
Gate(25597)	tdg q[8]
Gate(25598)	cx q[3], q[8]
Gate(25599)	tdg q[3]
Gate(25600)	tdg q[8]
Gate(25601)	 t q[9]
Gate(25602)	cx q[9], q[8]
Gate(25603)	cx q[3], q[9]
Gate(25604)	cx q[8], q[3]
Gate(25605)	 h q[9]
Gate(25606)	 h q[8]
Gate(25607)	 t q[5]
Gate(25608)	 t q[4]
Gate(25609)	 t q[8]
Gate(25610)	cx q[4], q[5]
Gate(25611)	cx q[8], q[4]
Gate(25612)	cx q[5], q[8]
Gate(25613)	tdg q[4]
Gate(25614)	cx q[5], q[4]
Gate(25615)	tdg q[5]
Gate(25616)	tdg q[4]
Gate(25617)	 t q[8]
Gate(25618)	cx q[8], q[4]
Gate(25619)	cx q[5], q[8]
Gate(25620)	cx q[4], q[5]
Gate(25621)	 h q[8]
Gate(25622)	 h q[9]
Gate(25623)	 t q[3]
Gate(25624)	 t q[8]
Gate(25625)	 t q[9]
Gate(25626)	cx q[8], q[3]
Gate(25627)	cx q[9], q[8]
Gate(25628)	cx q[3], q[9]
Gate(25629)	tdg q[8]
Gate(25630)	cx q[3], q[8]
Gate(25631)	tdg q[3]
Gate(25632)	tdg q[8]
Gate(25633)	 t q[9]
Gate(25634)	cx q[9], q[8]
Gate(25635)	cx q[3], q[9]
Gate(25636)	cx q[8], q[3]
Gate(25637)	 h q[9]
Gate(25638)	 h q[10]
Gate(25639)	 t q[1]
Gate(25640)	 t q[9]
Gate(25641)	 t q[10]
Gate(25642)	cx q[9], q[1]
Gate(25643)	cx q[10], q[9]
Gate(25644)	cx q[1], q[10]
Gate(25645)	tdg q[9]
Gate(25646)	cx q[1], q[9]
Gate(25647)	tdg q[1]
Gate(25648)	tdg q[9]
Gate(25649)	 t q[10]
Gate(25650)	cx q[10], q[9]
Gate(25651)	cx q[1], q[10]
Gate(25652)	cx q[9], q[1]
Gate(25653)	 h q[10]
Gate(25654)	 h q[7]
Gate(25655)	 t q[5]
Gate(25656)	 t q[10]
Gate(25657)	 t q[7]
Gate(25658)	cx q[10], q[5]
Gate(25659)	cx q[7], q[10]
Gate(25660)	cx q[5], q[7]
Gate(25661)	tdg q[10]
Gate(25662)	cx q[5], q[10]
Gate(25663)	tdg q[5]
Gate(25664)	tdg q[10]
Gate(25665)	 t q[7]
Gate(25666)	cx q[7], q[10]
Gate(25667)	cx q[5], q[7]
Gate(25668)	cx q[10], q[5]
Gate(25669)	 h q[7]
Gate(25670)	 h q[10]
Gate(25671)	 t q[6]
Gate(25672)	 t q[4]
Gate(25673)	 t q[10]
Gate(25674)	cx q[4], q[6]
Gate(25675)	cx q[10], q[4]
Gate(25676)	cx q[6], q[10]
Gate(25677)	tdg q[4]
Gate(25678)	cx q[6], q[4]
Gate(25679)	tdg q[6]
Gate(25680)	tdg q[4]
Gate(25681)	 t q[10]
Gate(25682)	cx q[10], q[4]
Gate(25683)	cx q[6], q[10]
Gate(25684)	cx q[4], q[6]
Gate(25685)	 h q[10]
Gate(25686)	 h q[4]
Gate(25687)	 t q[9]
Gate(25688)	 t q[8]
Gate(25689)	 t q[4]
Gate(25690)	cx q[8], q[9]
Gate(25691)	cx q[4], q[8]
Gate(25692)	cx q[9], q[4]
Gate(25693)	tdg q[8]
Gate(25694)	cx q[9], q[8]
Gate(25695)	tdg q[9]
Gate(25696)	tdg q[8]
Gate(25697)	 t q[4]
Gate(25698)	cx q[4], q[8]
Gate(25699)	cx q[9], q[4]
Gate(25700)	cx q[8], q[9]
Gate(25701)	 h q[4]
Gate(25702)	 h q[10]
Gate(25703)	 t q[6]
Gate(25704)	 t q[4]
Gate(25705)	 t q[10]
Gate(25706)	cx q[4], q[6]
Gate(25707)	cx q[10], q[4]
Gate(25708)	cx q[6], q[10]
Gate(25709)	tdg q[4]
Gate(25710)	cx q[6], q[4]
Gate(25711)	tdg q[6]
Gate(25712)	tdg q[4]
Gate(25713)	 t q[10]
Gate(25714)	cx q[10], q[4]
Gate(25715)	cx q[6], q[10]
Gate(25716)	cx q[4], q[6]
Gate(25717)	 h q[10]
Gate(25718)	 h q[7]
Gate(25719)	 t q[5]
Gate(25720)	 t q[10]
Gate(25721)	 t q[7]
Gate(25722)	cx q[10], q[5]
Gate(25723)	cx q[7], q[10]
Gate(25724)	cx q[5], q[7]
Gate(25725)	tdg q[10]
Gate(25726)	cx q[5], q[10]
Gate(25727)	tdg q[5]
Gate(25728)	tdg q[10]
Gate(25729)	 t q[7]
Gate(25730)	cx q[7], q[10]
Gate(25731)	cx q[5], q[7]
Gate(25732)	cx q[10], q[5]
Gate(25733)	 h q[7]
Gate(25734)	 h q[10]
Gate(25735)	 t q[6]
Gate(25736)	 t q[4]
Gate(25737)	 t q[10]
Gate(25738)	cx q[4], q[6]
Gate(25739)	cx q[10], q[4]
Gate(25740)	cx q[6], q[10]
Gate(25741)	tdg q[4]
Gate(25742)	cx q[6], q[4]
Gate(25743)	tdg q[6]
Gate(25744)	tdg q[4]
Gate(25745)	 t q[10]
Gate(25746)	cx q[10], q[4]
Gate(25747)	cx q[6], q[10]
Gate(25748)	cx q[4], q[6]
Gate(25749)	 h q[10]
Gate(25750)	 h q[4]
Gate(25751)	 t q[9]
Gate(25752)	 t q[8]
Gate(25753)	 t q[4]
Gate(25754)	cx q[8], q[9]
Gate(25755)	cx q[4], q[8]
Gate(25756)	cx q[9], q[4]
Gate(25757)	tdg q[8]
Gate(25758)	cx q[9], q[8]
Gate(25759)	tdg q[9]
Gate(25760)	tdg q[8]
Gate(25761)	 t q[4]
Gate(25762)	cx q[4], q[8]
Gate(25763)	cx q[9], q[4]
Gate(25764)	cx q[8], q[9]
Gate(25765)	 h q[4]
Gate(25766)	 h q[10]
Gate(25767)	 t q[6]
Gate(25768)	 t q[4]
Gate(25769)	 t q[10]
Gate(25770)	cx q[4], q[6]
Gate(25771)	cx q[10], q[4]
Gate(25772)	cx q[6], q[10]
Gate(25773)	tdg q[4]
Gate(25774)	cx q[6], q[4]
Gate(25775)	tdg q[6]
Gate(25776)	tdg q[4]
Gate(25777)	 t q[10]
Gate(25778)	cx q[10], q[4]
Gate(25779)	cx q[6], q[10]
Gate(25780)	cx q[4], q[6]
Gate(25781)	 h q[10]
Gate(25782)	 h q[0]
Gate(25783)	 t q[7]
Gate(25784)	 t q[10]
Gate(25785)	 t q[0]
Gate(25786)	cx q[10], q[7]
Gate(25787)	cx q[0], q[10]
Gate(25788)	cx q[7], q[0]
Gate(25789)	tdg q[10]
Gate(25790)	cx q[7], q[10]
Gate(25791)	tdg q[7]
Gate(25792)	tdg q[10]
Gate(25793)	 t q[0]
Gate(25794)	cx q[0], q[10]
Gate(25795)	cx q[7], q[0]
Gate(25796)	cx q[10], q[7]
Gate(25797)	 h q[0]
Gate(25798)	 h q[10]
Gate(25799)	 t q[1]
Gate(25800)	 t q[9]
Gate(25801)	 t q[10]
Gate(25802)	cx q[9], q[1]
Gate(25803)	cx q[10], q[9]
Gate(25804)	cx q[1], q[10]
Gate(25805)	tdg q[9]
Gate(25806)	cx q[1], q[9]
Gate(25807)	tdg q[1]
Gate(25808)	tdg q[9]
Gate(25809)	 t q[10]
Gate(25810)	cx q[10], q[9]
Gate(25811)	cx q[1], q[10]
Gate(25812)	cx q[9], q[1]
Gate(25813)	 h q[10]
Gate(25814)	 h q[9]
Gate(25815)	 t q[2]
Gate(25816)	 t q[8]
Gate(25817)	 t q[9]
Gate(25818)	cx q[8], q[2]
Gate(25819)	cx q[9], q[8]
Gate(25820)	cx q[2], q[9]
Gate(25821)	tdg q[8]
Gate(25822)	cx q[2], q[8]
Gate(25823)	tdg q[2]
Gate(25824)	tdg q[8]
Gate(25825)	 t q[9]
Gate(25826)	cx q[9], q[8]
Gate(25827)	cx q[2], q[9]
Gate(25828)	cx q[8], q[2]
Gate(25829)	 h q[9]
Gate(25830)	 h q[8]
Gate(25831)	 t q[4]
Gate(25832)	 t q[3]
Gate(25833)	 t q[8]
Gate(25834)	cx q[3], q[4]
Gate(25835)	cx q[8], q[3]
Gate(25836)	cx q[4], q[8]
Gate(25837)	tdg q[3]
Gate(25838)	cx q[4], q[3]
Gate(25839)	tdg q[4]
Gate(25840)	tdg q[3]
Gate(25841)	 t q[8]
Gate(25842)	cx q[8], q[3]
Gate(25843)	cx q[4], q[8]
Gate(25844)	cx q[3], q[4]
Gate(25845)	 h q[8]
Gate(25846)	 h q[9]
Gate(25847)	 t q[2]
Gate(25848)	 t q[8]
Gate(25849)	 t q[9]
Gate(25850)	cx q[8], q[2]
Gate(25851)	cx q[9], q[8]
Gate(25852)	cx q[2], q[9]
Gate(25853)	tdg q[8]
Gate(25854)	cx q[2], q[8]
Gate(25855)	tdg q[2]
Gate(25856)	tdg q[8]
Gate(25857)	 t q[9]
Gate(25858)	cx q[9], q[8]
Gate(25859)	cx q[2], q[9]
Gate(25860)	cx q[8], q[2]
Gate(25861)	 h q[9]
Gate(25862)	 h q[10]
Gate(25863)	 t q[1]
Gate(25864)	 t q[9]
Gate(25865)	 t q[10]
Gate(25866)	cx q[9], q[1]
Gate(25867)	cx q[10], q[9]
Gate(25868)	cx q[1], q[10]
Gate(25869)	tdg q[9]
Gate(25870)	cx q[1], q[9]
Gate(25871)	tdg q[1]
Gate(25872)	tdg q[9]
Gate(25873)	 t q[10]
Gate(25874)	cx q[10], q[9]
Gate(25875)	cx q[1], q[10]
Gate(25876)	cx q[9], q[1]
Gate(25877)	 h q[10]
Gate(25878)	 h q[0]
Gate(25879)	 t q[7]
Gate(25880)	 t q[10]
Gate(25881)	 t q[0]
Gate(25882)	cx q[10], q[7]
Gate(25883)	cx q[0], q[10]
Gate(25884)	cx q[7], q[0]
Gate(25885)	tdg q[10]
Gate(25886)	cx q[7], q[10]
Gate(25887)	tdg q[7]
Gate(25888)	tdg q[10]
Gate(25889)	 t q[0]
Gate(25890)	cx q[0], q[10]
Gate(25891)	cx q[7], q[0]
Gate(25892)	cx q[10], q[7]
Gate(25893)	 h q[0]
Gate(25894)	 h q[10]
Gate(25895)	 t q[1]
Gate(25896)	 t q[9]
Gate(25897)	 t q[10]
Gate(25898)	cx q[9], q[1]
Gate(25899)	cx q[10], q[9]
Gate(25900)	cx q[1], q[10]
Gate(25901)	tdg q[9]
Gate(25902)	cx q[1], q[9]
Gate(25903)	tdg q[1]
Gate(25904)	tdg q[9]
Gate(25905)	 t q[10]
Gate(25906)	cx q[10], q[9]
Gate(25907)	cx q[1], q[10]
Gate(25908)	cx q[9], q[1]
Gate(25909)	 h q[10]
Gate(25910)	 h q[9]
Gate(25911)	 t q[2]
Gate(25912)	 t q[8]
Gate(25913)	 t q[9]
Gate(25914)	cx q[8], q[2]
Gate(25915)	cx q[9], q[8]
Gate(25916)	cx q[2], q[9]
Gate(25917)	tdg q[8]
Gate(25918)	cx q[2], q[8]
Gate(25919)	tdg q[2]
Gate(25920)	tdg q[8]
Gate(25921)	 t q[9]
Gate(25922)	cx q[9], q[8]
Gate(25923)	cx q[2], q[9]
Gate(25924)	cx q[8], q[2]
Gate(25925)	 h q[9]
Gate(25926)	 h q[8]
Gate(25927)	 t q[4]
Gate(25928)	 t q[3]
Gate(25929)	 t q[8]
Gate(25930)	cx q[3], q[4]
Gate(25931)	cx q[8], q[3]
Gate(25932)	cx q[4], q[8]
Gate(25933)	tdg q[3]
Gate(25934)	cx q[4], q[3]
Gate(25935)	tdg q[4]
Gate(25936)	tdg q[3]
Gate(25937)	 t q[8]
Gate(25938)	cx q[8], q[3]
Gate(25939)	cx q[4], q[8]
Gate(25940)	cx q[3], q[4]
Gate(25941)	 h q[8]
Gate(25942)	 h q[9]
Gate(25943)	 t q[2]
Gate(25944)	 t q[8]
Gate(25945)	 t q[9]
Gate(25946)	cx q[8], q[2]
Gate(25947)	cx q[9], q[8]
Gate(25948)	cx q[2], q[9]
Gate(25949)	tdg q[8]
Gate(25950)	cx q[2], q[8]
Gate(25951)	tdg q[2]
Gate(25952)	tdg q[8]
Gate(25953)	 t q[9]
Gate(25954)	cx q[9], q[8]
Gate(25955)	cx q[2], q[9]
Gate(25956)	cx q[8], q[2]
Gate(25957)	 h q[9]
Gate(25958)	 h q[10]
Gate(25959)	 t q[1]
Gate(25960)	 t q[9]
Gate(25961)	 t q[10]
Gate(25962)	cx q[9], q[1]
Gate(25963)	cx q[10], q[9]
Gate(25964)	cx q[1], q[10]
Gate(25965)	tdg q[9]
Gate(25966)	cx q[1], q[9]
Gate(25967)	tdg q[1]
Gate(25968)	tdg q[9]
Gate(25969)	 t q[10]
Gate(25970)	cx q[10], q[9]
Gate(25971)	cx q[1], q[10]
Gate(25972)	cx q[9], q[1]
Gate(25973)	 h q[10]
Gate(25974)	 h q[7]
Gate(25975)	 t q[5]
Gate(25976)	 t q[10]
Gate(25977)	 t q[7]
Gate(25978)	cx q[10], q[5]
Gate(25979)	cx q[7], q[10]
Gate(25980)	cx q[5], q[7]
Gate(25981)	tdg q[10]
Gate(25982)	cx q[5], q[10]
Gate(25983)	tdg q[5]
Gate(25984)	tdg q[10]
Gate(25985)	 t q[7]
Gate(25986)	cx q[7], q[10]
Gate(25987)	cx q[5], q[7]
Gate(25988)	cx q[10], q[5]
Gate(25989)	 h q[7]
Gate(25990)	 h q[10]
Gate(25991)	 t q[6]
Gate(25992)	 t q[4]
Gate(25993)	 t q[10]
Gate(25994)	cx q[4], q[6]
Gate(25995)	cx q[10], q[4]
Gate(25996)	cx q[6], q[10]
Gate(25997)	tdg q[4]
Gate(25998)	cx q[6], q[4]
Gate(25999)	tdg q[6]
Gate(26000)	tdg q[4]
Gate(26001)	 t q[10]
Gate(26002)	cx q[10], q[4]
Gate(26003)	cx q[6], q[10]
Gate(26004)	cx q[4], q[6]
Gate(26005)	 h q[10]
Gate(26006)	 h q[4]
Gate(26007)	 t q[9]
Gate(26008)	 t q[8]
Gate(26009)	 t q[4]
Gate(26010)	cx q[8], q[9]
Gate(26011)	cx q[4], q[8]
Gate(26012)	cx q[9], q[4]
Gate(26013)	tdg q[8]
Gate(26014)	cx q[9], q[8]
Gate(26015)	tdg q[9]
Gate(26016)	tdg q[8]
Gate(26017)	 t q[4]
Gate(26018)	cx q[4], q[8]
Gate(26019)	cx q[9], q[4]
Gate(26020)	cx q[8], q[9]
Gate(26021)	 h q[4]
Gate(26022)	 h q[10]
Gate(26023)	 t q[6]
Gate(26024)	 t q[4]
Gate(26025)	 t q[10]
Gate(26026)	cx q[4], q[6]
Gate(26027)	cx q[10], q[4]
Gate(26028)	cx q[6], q[10]
Gate(26029)	tdg q[4]
Gate(26030)	cx q[6], q[4]
Gate(26031)	tdg q[6]
Gate(26032)	tdg q[4]
Gate(26033)	 t q[10]
Gate(26034)	cx q[10], q[4]
Gate(26035)	cx q[6], q[10]
Gate(26036)	cx q[4], q[6]
Gate(26037)	 h q[10]
Gate(26038)	 h q[7]
Gate(26039)	 t q[5]
Gate(26040)	 t q[10]
Gate(26041)	 t q[7]
Gate(26042)	cx q[10], q[5]
Gate(26043)	cx q[7], q[10]
Gate(26044)	cx q[5], q[7]
Gate(26045)	tdg q[10]
Gate(26046)	cx q[5], q[10]
Gate(26047)	tdg q[5]
Gate(26048)	tdg q[10]
Gate(26049)	 t q[7]
Gate(26050)	cx q[7], q[10]
Gate(26051)	cx q[5], q[7]
Gate(26052)	cx q[10], q[5]
Gate(26053)	 h q[7]
Gate(26054)	 h q[10]
Gate(26055)	 t q[6]
Gate(26056)	 t q[4]
Gate(26057)	 t q[10]
Gate(26058)	cx q[4], q[6]
Gate(26059)	cx q[10], q[4]
Gate(26060)	cx q[6], q[10]
Gate(26061)	tdg q[4]
Gate(26062)	cx q[6], q[4]
Gate(26063)	tdg q[6]
Gate(26064)	tdg q[4]
Gate(26065)	 t q[10]
Gate(26066)	cx q[10], q[4]
Gate(26067)	cx q[6], q[10]
Gate(26068)	cx q[4], q[6]
Gate(26069)	 h q[10]
Gate(26070)	 h q[4]
Gate(26071)	 t q[9]
Gate(26072)	 t q[8]
Gate(26073)	 t q[4]
Gate(26074)	cx q[8], q[9]
Gate(26075)	cx q[4], q[8]
Gate(26076)	cx q[9], q[4]
Gate(26077)	tdg q[8]
Gate(26078)	cx q[9], q[8]
Gate(26079)	tdg q[9]
Gate(26080)	tdg q[8]
Gate(26081)	 t q[4]
Gate(26082)	cx q[4], q[8]
Gate(26083)	cx q[9], q[4]
Gate(26084)	cx q[8], q[9]
Gate(26085)	 h q[4]
Gate(26086)	 h q[10]
Gate(26087)	 t q[6]
Gate(26088)	 t q[4]
Gate(26089)	 t q[10]
Gate(26090)	cx q[4], q[6]
Gate(26091)	cx q[10], q[4]
Gate(26092)	cx q[6], q[10]
Gate(26093)	tdg q[4]
Gate(26094)	cx q[6], q[4]
Gate(26095)	tdg q[6]
Gate(26096)	tdg q[4]
Gate(26097)	 t q[10]
Gate(26098)	cx q[10], q[4]
Gate(26099)	cx q[6], q[10]
Gate(26100)	cx q[4], q[6]
Gate(26101)	 h q[10]
Gate(26102)	 h q[0]
Gate(26103)	 t q[7]
Gate(26104)	 t q[10]
Gate(26105)	 t q[0]
Gate(26106)	cx q[10], q[7]
Gate(26107)	cx q[0], q[10]
Gate(26108)	cx q[7], q[0]
Gate(26109)	tdg q[10]
Gate(26110)	cx q[7], q[10]
Gate(26111)	tdg q[7]
Gate(26112)	tdg q[10]
Gate(26113)	 t q[0]
Gate(26114)	cx q[0], q[10]
Gate(26115)	cx q[7], q[0]
Gate(26116)	cx q[10], q[7]
Gate(26117)	 h q[0]
Gate(26118)	 h q[10]
Gate(26119)	 t q[1]
Gate(26120)	 t q[9]
Gate(26121)	 t q[10]
Gate(26122)	cx q[9], q[1]
Gate(26123)	cx q[10], q[9]
Gate(26124)	cx q[1], q[10]
Gate(26125)	tdg q[9]
Gate(26126)	cx q[1], q[9]
Gate(26127)	tdg q[1]
Gate(26128)	tdg q[9]
Gate(26129)	 t q[10]
Gate(26130)	cx q[10], q[9]
Gate(26131)	cx q[1], q[10]
Gate(26132)	cx q[9], q[1]
Gate(26133)	 h q[10]
Gate(26134)	 h q[9]
Gate(26135)	 t q[2]
Gate(26136)	 t q[8]
Gate(26137)	 t q[9]
Gate(26138)	cx q[8], q[2]
Gate(26139)	cx q[9], q[8]
Gate(26140)	cx q[2], q[9]
Gate(26141)	tdg q[8]
Gate(26142)	cx q[2], q[8]
Gate(26143)	tdg q[2]
Gate(26144)	tdg q[8]
Gate(26145)	 t q[9]
Gate(26146)	cx q[9], q[8]
Gate(26147)	cx q[2], q[9]
Gate(26148)	cx q[8], q[2]
Gate(26149)	 h q[9]
Gate(26150)	 h q[8]
Gate(26151)	 t q[4]
Gate(26152)	 t q[3]
Gate(26153)	 t q[8]
Gate(26154)	cx q[3], q[4]
Gate(26155)	cx q[8], q[3]
Gate(26156)	cx q[4], q[8]
Gate(26157)	tdg q[3]
Gate(26158)	cx q[4], q[3]
Gate(26159)	tdg q[4]
Gate(26160)	tdg q[3]
Gate(26161)	 t q[8]
Gate(26162)	cx q[8], q[3]
Gate(26163)	cx q[4], q[8]
Gate(26164)	cx q[3], q[4]
Gate(26165)	 h q[8]
Gate(26166)	 h q[9]
Gate(26167)	 t q[2]
Gate(26168)	 t q[8]
Gate(26169)	 t q[9]
Gate(26170)	cx q[8], q[2]
Gate(26171)	cx q[9], q[8]
Gate(26172)	cx q[2], q[9]
Gate(26173)	tdg q[8]
Gate(26174)	cx q[2], q[8]
Gate(26175)	tdg q[2]
Gate(26176)	tdg q[8]
Gate(26177)	 t q[9]
Gate(26178)	cx q[9], q[8]
Gate(26179)	cx q[2], q[9]
Gate(26180)	cx q[8], q[2]
Gate(26181)	 h q[9]
Gate(26182)	 h q[10]
Gate(26183)	 t q[1]
Gate(26184)	 t q[9]
Gate(26185)	 t q[10]
Gate(26186)	cx q[9], q[1]
Gate(26187)	cx q[10], q[9]
Gate(26188)	cx q[1], q[10]
Gate(26189)	tdg q[9]
Gate(26190)	cx q[1], q[9]
Gate(26191)	tdg q[1]
Gate(26192)	tdg q[9]
Gate(26193)	 t q[10]
Gate(26194)	cx q[10], q[9]
Gate(26195)	cx q[1], q[10]
Gate(26196)	cx q[9], q[1]
Gate(26197)	 h q[10]
Gate(26198)	 h q[0]
Gate(26199)	 t q[7]
Gate(26200)	 t q[10]
Gate(26201)	 t q[0]
Gate(26202)	cx q[10], q[7]
Gate(26203)	cx q[0], q[10]
Gate(26204)	cx q[7], q[0]
Gate(26205)	tdg q[10]
Gate(26206)	cx q[7], q[10]
Gate(26207)	tdg q[7]
Gate(26208)	tdg q[10]
Gate(26209)	 t q[0]
Gate(26210)	cx q[0], q[10]
Gate(26211)	cx q[7], q[0]
Gate(26212)	cx q[10], q[7]
Gate(26213)	 h q[0]
Gate(26214)	 h q[10]
Gate(26215)	 t q[1]
Gate(26216)	 t q[9]
Gate(26217)	 t q[10]
Gate(26218)	cx q[9], q[1]
Gate(26219)	cx q[10], q[9]
Gate(26220)	cx q[1], q[10]
Gate(26221)	tdg q[9]
Gate(26222)	cx q[1], q[9]
Gate(26223)	tdg q[1]
Gate(26224)	tdg q[9]
Gate(26225)	 t q[10]
Gate(26226)	cx q[10], q[9]
Gate(26227)	cx q[1], q[10]
Gate(26228)	cx q[9], q[1]
Gate(26229)	 h q[10]
Gate(26230)	 h q[9]
Gate(26231)	 t q[2]
Gate(26232)	 t q[8]
Gate(26233)	 t q[9]
Gate(26234)	cx q[8], q[2]
Gate(26235)	cx q[9], q[8]
Gate(26236)	cx q[2], q[9]
Gate(26237)	tdg q[8]
Gate(26238)	cx q[2], q[8]
Gate(26239)	tdg q[2]
Gate(26240)	tdg q[8]
Gate(26241)	 t q[9]
Gate(26242)	cx q[9], q[8]
Gate(26243)	cx q[2], q[9]
Gate(26244)	cx q[8], q[2]
Gate(26245)	 h q[9]
Gate(26246)	 h q[8]
Gate(26247)	 t q[4]
Gate(26248)	 t q[3]
Gate(26249)	 t q[8]
Gate(26250)	cx q[3], q[4]
Gate(26251)	cx q[8], q[3]
Gate(26252)	cx q[4], q[8]
Gate(26253)	tdg q[3]
Gate(26254)	cx q[4], q[3]
Gate(26255)	tdg q[4]
Gate(26256)	tdg q[3]
Gate(26257)	 t q[8]
Gate(26258)	cx q[8], q[3]
Gate(26259)	cx q[4], q[8]
Gate(26260)	cx q[3], q[4]
Gate(26261)	 h q[8]
Gate(26262)	 h q[9]
Gate(26263)	 t q[2]
Gate(26264)	 t q[8]
Gate(26265)	 t q[9]
Gate(26266)	cx q[8], q[2]
Gate(26267)	cx q[9], q[8]
Gate(26268)	cx q[2], q[9]
Gate(26269)	tdg q[8]
Gate(26270)	cx q[2], q[8]
Gate(26271)	tdg q[2]
Gate(26272)	tdg q[8]
Gate(26273)	 t q[9]
Gate(26274)	cx q[9], q[8]
Gate(26275)	cx q[2], q[9]
Gate(26276)	cx q[8], q[2]
Gate(26277)	 h q[9]
Gate(26278)	 h q[10]
Gate(26279)	 t q[1]
Gate(26280)	 t q[9]
Gate(26281)	 t q[10]
Gate(26282)	cx q[9], q[1]
Gate(26283)	cx q[10], q[9]
Gate(26284)	cx q[1], q[10]
Gate(26285)	tdg q[9]
Gate(26286)	cx q[1], q[9]
Gate(26287)	tdg q[1]
Gate(26288)	tdg q[9]
Gate(26289)	 t q[10]
Gate(26290)	cx q[10], q[9]
Gate(26291)	cx q[1], q[10]
Gate(26292)	cx q[9], q[1]
Gate(26293)	 h q[10]
Gate(26294)	 h q[6]
Gate(26295)	 t q[5]
Gate(26296)	 t q[10]
Gate(26297)	 t q[6]
Gate(26298)	cx q[10], q[5]
Gate(26299)	cx q[6], q[10]
Gate(26300)	cx q[5], q[6]
Gate(26301)	tdg q[10]
Gate(26302)	cx q[5], q[10]
Gate(26303)	tdg q[5]
Gate(26304)	tdg q[10]
Gate(26305)	 t q[6]
Gate(26306)	cx q[6], q[10]
Gate(26307)	cx q[5], q[6]
Gate(26308)	cx q[10], q[5]
Gate(26309)	 h q[6]
Gate(26310)	 h q[10]
Gate(26311)	 t q[9]
Gate(26312)	 t q[8]
Gate(26313)	 t q[10]
Gate(26314)	cx q[8], q[9]
Gate(26315)	cx q[10], q[8]
Gate(26316)	cx q[9], q[10]
Gate(26317)	tdg q[8]
Gate(26318)	cx q[9], q[8]
Gate(26319)	tdg q[9]
Gate(26320)	tdg q[8]
Gate(26321)	 t q[10]
Gate(26322)	cx q[10], q[8]
Gate(26323)	cx q[9], q[10]
Gate(26324)	cx q[8], q[9]
Gate(26325)	 h q[10]
Gate(26326)	 h q[6]
Gate(26327)	 t q[5]
Gate(26328)	 t q[10]
Gate(26329)	 t q[6]
Gate(26330)	cx q[10], q[5]
Gate(26331)	cx q[6], q[10]
Gate(26332)	cx q[5], q[6]
Gate(26333)	tdg q[10]
Gate(26334)	cx q[5], q[10]
Gate(26335)	tdg q[5]
Gate(26336)	tdg q[10]
Gate(26337)	 t q[6]
Gate(26338)	cx q[6], q[10]
Gate(26339)	cx q[5], q[6]
Gate(26340)	cx q[10], q[5]
Gate(26341)	 h q[6]
Gate(26342)	 h q[10]
Gate(26343)	 t q[9]
Gate(26344)	 t q[8]
Gate(26345)	 t q[10]
Gate(26346)	cx q[8], q[9]
Gate(26347)	cx q[10], q[8]
Gate(26348)	cx q[9], q[10]
Gate(26349)	tdg q[8]
Gate(26350)	cx q[9], q[8]
Gate(26351)	tdg q[9]
Gate(26352)	tdg q[8]
Gate(26353)	 t q[10]
Gate(26354)	cx q[10], q[8]
Gate(26355)	cx q[9], q[10]
Gate(26356)	cx q[8], q[9]
Gate(26357)	 h q[10]
Gate(26358)	 h q[0]
Gate(26359)	 t q[6]
Gate(26360)	 t q[10]
Gate(26361)	 t q[0]
Gate(26362)	cx q[10], q[6]
Gate(26363)	cx q[0], q[10]
Gate(26364)	cx q[6], q[0]
Gate(26365)	tdg q[10]
Gate(26366)	cx q[6], q[10]
Gate(26367)	tdg q[6]
Gate(26368)	tdg q[10]
Gate(26369)	 t q[0]
Gate(26370)	cx q[0], q[10]
Gate(26371)	cx q[6], q[0]
Gate(26372)	cx q[10], q[6]
Gate(26373)	 h q[0]
Gate(26374)	 h q[10]
Gate(26375)	 t q[1]
Gate(26376)	 t q[9]
Gate(26377)	 t q[10]
Gate(26378)	cx q[9], q[1]
Gate(26379)	cx q[10], q[9]
Gate(26380)	cx q[1], q[10]
Gate(26381)	tdg q[9]
Gate(26382)	cx q[1], q[9]
Gate(26383)	tdg q[1]
Gate(26384)	tdg q[9]
Gate(26385)	 t q[10]
Gate(26386)	cx q[10], q[9]
Gate(26387)	cx q[1], q[10]
Gate(26388)	cx q[9], q[1]
Gate(26389)	 h q[10]
Gate(26390)	 h q[9]
Gate(26391)	 t q[2]
Gate(26392)	 t q[8]
Gate(26393)	 t q[9]
Gate(26394)	cx q[8], q[2]
Gate(26395)	cx q[9], q[8]
Gate(26396)	cx q[2], q[9]
Gate(26397)	tdg q[8]
Gate(26398)	cx q[2], q[8]
Gate(26399)	tdg q[2]
Gate(26400)	tdg q[8]
Gate(26401)	 t q[9]
Gate(26402)	cx q[9], q[8]
Gate(26403)	cx q[2], q[9]
Gate(26404)	cx q[8], q[2]
Gate(26405)	 h q[9]
Gate(26406)	 h q[8]
Gate(26407)	 t q[4]
Gate(26408)	 t q[3]
Gate(26409)	 t q[8]
Gate(26410)	cx q[3], q[4]
Gate(26411)	cx q[8], q[3]
Gate(26412)	cx q[4], q[8]
Gate(26413)	tdg q[3]
Gate(26414)	cx q[4], q[3]
Gate(26415)	tdg q[4]
Gate(26416)	tdg q[3]
Gate(26417)	 t q[8]
Gate(26418)	cx q[8], q[3]
Gate(26419)	cx q[4], q[8]
Gate(26420)	cx q[3], q[4]
Gate(26421)	 h q[8]
Gate(26422)	 h q[9]
Gate(26423)	 t q[2]
Gate(26424)	 t q[8]
Gate(26425)	 t q[9]
Gate(26426)	cx q[8], q[2]
Gate(26427)	cx q[9], q[8]
Gate(26428)	cx q[2], q[9]
Gate(26429)	tdg q[8]
Gate(26430)	cx q[2], q[8]
Gate(26431)	tdg q[2]
Gate(26432)	tdg q[8]
Gate(26433)	 t q[9]
Gate(26434)	cx q[9], q[8]
Gate(26435)	cx q[2], q[9]
Gate(26436)	cx q[8], q[2]
Gate(26437)	 h q[9]
Gate(26438)	 h q[10]
Gate(26439)	 t q[1]
Gate(26440)	 t q[9]
Gate(26441)	 t q[10]
Gate(26442)	cx q[9], q[1]
Gate(26443)	cx q[10], q[9]
Gate(26444)	cx q[1], q[10]
Gate(26445)	tdg q[9]
Gate(26446)	cx q[1], q[9]
Gate(26447)	tdg q[1]
Gate(26448)	tdg q[9]
Gate(26449)	 t q[10]
Gate(26450)	cx q[10], q[9]
Gate(26451)	cx q[1], q[10]
Gate(26452)	cx q[9], q[1]
Gate(26453)	 h q[10]
Gate(26454)	 h q[0]
Gate(26455)	 t q[6]
Gate(26456)	 t q[10]
Gate(26457)	 t q[0]
Gate(26458)	cx q[10], q[6]
Gate(26459)	cx q[0], q[10]
Gate(26460)	cx q[6], q[0]
Gate(26461)	tdg q[10]
Gate(26462)	cx q[6], q[10]
Gate(26463)	tdg q[6]
Gate(26464)	tdg q[10]
Gate(26465)	 t q[0]
Gate(26466)	cx q[0], q[10]
Gate(26467)	cx q[6], q[0]
Gate(26468)	cx q[10], q[6]
Gate(26469)	 h q[0]
Gate(26470)	 h q[10]
Gate(26471)	 t q[1]
Gate(26472)	 t q[9]
Gate(26473)	 t q[10]
Gate(26474)	cx q[9], q[1]
Gate(26475)	cx q[10], q[9]
Gate(26476)	cx q[1], q[10]
Gate(26477)	tdg q[9]
Gate(26478)	cx q[1], q[9]
Gate(26479)	tdg q[1]
Gate(26480)	tdg q[9]
Gate(26481)	 t q[10]
Gate(26482)	cx q[10], q[9]
Gate(26483)	cx q[1], q[10]
Gate(26484)	cx q[9], q[1]
Gate(26485)	 h q[10]
Gate(26486)	 h q[9]
Gate(26487)	 t q[2]
Gate(26488)	 t q[8]
Gate(26489)	 t q[9]
Gate(26490)	cx q[8], q[2]
Gate(26491)	cx q[9], q[8]
Gate(26492)	cx q[2], q[9]
Gate(26493)	tdg q[8]
Gate(26494)	cx q[2], q[8]
Gate(26495)	tdg q[2]
Gate(26496)	tdg q[8]
Gate(26497)	 t q[9]
Gate(26498)	cx q[9], q[8]
Gate(26499)	cx q[2], q[9]
Gate(26500)	cx q[8], q[2]
Gate(26501)	 h q[9]
Gate(26502)	 h q[8]
Gate(26503)	 t q[4]
Gate(26504)	 t q[3]
Gate(26505)	 t q[8]
Gate(26506)	cx q[3], q[4]
Gate(26507)	cx q[8], q[3]
Gate(26508)	cx q[4], q[8]
Gate(26509)	tdg q[3]
Gate(26510)	cx q[4], q[3]
Gate(26511)	tdg q[4]
Gate(26512)	tdg q[3]
Gate(26513)	 t q[8]
Gate(26514)	cx q[8], q[3]
Gate(26515)	cx q[4], q[8]
Gate(26516)	cx q[3], q[4]
Gate(26517)	 h q[8]
Gate(26518)	 h q[9]
Gate(26519)	 t q[2]
Gate(26520)	 t q[8]
Gate(26521)	 t q[9]
Gate(26522)	cx q[8], q[2]
Gate(26523)	cx q[9], q[8]
Gate(26524)	cx q[2], q[9]
Gate(26525)	tdg q[8]
Gate(26526)	cx q[2], q[8]
Gate(26527)	tdg q[2]
Gate(26528)	tdg q[8]
Gate(26529)	 t q[9]
Gate(26530)	cx q[9], q[8]
Gate(26531)	cx q[2], q[9]
Gate(26532)	cx q[8], q[2]
Gate(26533)	 h q[9]
Gate(26534)	 h q[10]
Gate(26535)	 t q[1]
Gate(26536)	 t q[9]
Gate(26537)	 t q[10]
Gate(26538)	cx q[9], q[1]
Gate(26539)	cx q[10], q[9]
Gate(26540)	cx q[1], q[10]
Gate(26541)	tdg q[9]
Gate(26542)	cx q[1], q[9]
Gate(26543)	tdg q[1]
Gate(26544)	tdg q[9]
Gate(26545)	 t q[10]
Gate(26546)	cx q[10], q[9]
Gate(26547)	cx q[1], q[10]
Gate(26548)	cx q[9], q[1]
Gate(26549)	 h q[10]
Gate(26550)	 h q[6]
Gate(26551)	 t q[5]
Gate(26552)	 t q[10]
Gate(26553)	 t q[6]
Gate(26554)	cx q[10], q[5]
Gate(26555)	cx q[6], q[10]
Gate(26556)	cx q[5], q[6]
Gate(26557)	tdg q[10]
Gate(26558)	cx q[5], q[10]
Gate(26559)	tdg q[5]
Gate(26560)	tdg q[10]
Gate(26561)	 t q[6]
Gate(26562)	cx q[6], q[10]
Gate(26563)	cx q[5], q[6]
Gate(26564)	cx q[10], q[5]
Gate(26565)	 h q[6]
Gate(26566)	 h q[10]
Gate(26567)	 t q[9]
Gate(26568)	 t q[8]
Gate(26569)	 t q[10]
Gate(26570)	cx q[8], q[9]
Gate(26571)	cx q[10], q[8]
Gate(26572)	cx q[9], q[10]
Gate(26573)	tdg q[8]
Gate(26574)	cx q[9], q[8]
Gate(26575)	tdg q[9]
Gate(26576)	tdg q[8]
Gate(26577)	 t q[10]
Gate(26578)	cx q[10], q[8]
Gate(26579)	cx q[9], q[10]
Gate(26580)	cx q[8], q[9]
Gate(26581)	 h q[10]
Gate(26582)	 h q[6]
Gate(26583)	 t q[5]
Gate(26584)	 t q[10]
Gate(26585)	 t q[6]
Gate(26586)	cx q[10], q[5]
Gate(26587)	cx q[6], q[10]
Gate(26588)	cx q[5], q[6]
Gate(26589)	tdg q[10]
Gate(26590)	cx q[5], q[10]
Gate(26591)	tdg q[5]
Gate(26592)	tdg q[10]
Gate(26593)	 t q[6]
Gate(26594)	cx q[6], q[10]
Gate(26595)	cx q[5], q[6]
Gate(26596)	cx q[10], q[5]
Gate(26597)	 h q[6]
Gate(26598)	 h q[10]
Gate(26599)	 t q[9]
Gate(26600)	 t q[8]
Gate(26601)	 t q[10]
Gate(26602)	cx q[8], q[9]
Gate(26603)	cx q[10], q[8]
Gate(26604)	cx q[9], q[10]
Gate(26605)	tdg q[8]
Gate(26606)	cx q[9], q[8]
Gate(26607)	tdg q[9]
Gate(26608)	tdg q[8]
Gate(26609)	 t q[10]
Gate(26610)	cx q[10], q[8]
Gate(26611)	cx q[9], q[10]
Gate(26612)	cx q[8], q[9]
Gate(26613)	 h q[10]
Gate(26614)	 h q[0]
Gate(26615)	 t q[6]
Gate(26616)	 t q[10]
Gate(26617)	 t q[0]
Gate(26618)	cx q[10], q[6]
Gate(26619)	cx q[0], q[10]
Gate(26620)	cx q[6], q[0]
Gate(26621)	tdg q[10]
Gate(26622)	cx q[6], q[10]
Gate(26623)	tdg q[6]
Gate(26624)	tdg q[10]
Gate(26625)	 t q[0]
Gate(26626)	cx q[0], q[10]
Gate(26627)	cx q[6], q[0]
Gate(26628)	cx q[10], q[6]
Gate(26629)	 h q[0]
Gate(26630)	 h q[10]
Gate(26631)	 t q[1]
Gate(26632)	 t q[9]
Gate(26633)	 t q[10]
Gate(26634)	cx q[9], q[1]
Gate(26635)	cx q[10], q[9]
Gate(26636)	cx q[1], q[10]
Gate(26637)	tdg q[9]
Gate(26638)	cx q[1], q[9]
Gate(26639)	tdg q[1]
Gate(26640)	tdg q[9]
Gate(26641)	 t q[10]
Gate(26642)	cx q[10], q[9]
Gate(26643)	cx q[1], q[10]
Gate(26644)	cx q[9], q[1]
Gate(26645)	 h q[10]
Gate(26646)	 h q[9]
Gate(26647)	 t q[2]
Gate(26648)	 t q[8]
Gate(26649)	 t q[9]
Gate(26650)	cx q[8], q[2]
Gate(26651)	cx q[9], q[8]
Gate(26652)	cx q[2], q[9]
Gate(26653)	tdg q[8]
Gate(26654)	cx q[2], q[8]
Gate(26655)	tdg q[2]
Gate(26656)	tdg q[8]
Gate(26657)	 t q[9]
Gate(26658)	cx q[9], q[8]
Gate(26659)	cx q[2], q[9]
Gate(26660)	cx q[8], q[2]
Gate(26661)	 h q[9]
Gate(26662)	 h q[8]
Gate(26663)	 t q[4]
Gate(26664)	 t q[3]
Gate(26665)	 t q[8]
Gate(26666)	cx q[3], q[4]
Gate(26667)	cx q[8], q[3]
Gate(26668)	cx q[4], q[8]
Gate(26669)	tdg q[3]
Gate(26670)	cx q[4], q[3]
Gate(26671)	tdg q[4]
Gate(26672)	tdg q[3]
Gate(26673)	 t q[8]
Gate(26674)	cx q[8], q[3]
Gate(26675)	cx q[4], q[8]
Gate(26676)	cx q[3], q[4]
Gate(26677)	 h q[8]
Gate(26678)	 h q[9]
Gate(26679)	 t q[2]
Gate(26680)	 t q[8]
Gate(26681)	 t q[9]
Gate(26682)	cx q[8], q[2]
Gate(26683)	cx q[9], q[8]
Gate(26684)	cx q[2], q[9]
Gate(26685)	tdg q[8]
Gate(26686)	cx q[2], q[8]
Gate(26687)	tdg q[2]
Gate(26688)	tdg q[8]
Gate(26689)	 t q[9]
Gate(26690)	cx q[9], q[8]
Gate(26691)	cx q[2], q[9]
Gate(26692)	cx q[8], q[2]
Gate(26693)	 h q[9]
Gate(26694)	 h q[10]
Gate(26695)	 t q[1]
Gate(26696)	 t q[9]
Gate(26697)	 t q[10]
Gate(26698)	cx q[9], q[1]
Gate(26699)	cx q[10], q[9]
Gate(26700)	cx q[1], q[10]
Gate(26701)	tdg q[9]
Gate(26702)	cx q[1], q[9]
Gate(26703)	tdg q[1]
Gate(26704)	tdg q[9]
Gate(26705)	 t q[10]
Gate(26706)	cx q[10], q[9]
Gate(26707)	cx q[1], q[10]
Gate(26708)	cx q[9], q[1]
Gate(26709)	 h q[10]
Gate(26710)	 h q[0]
Gate(26711)	 t q[6]
Gate(26712)	 t q[10]
Gate(26713)	 t q[0]
Gate(26714)	cx q[10], q[6]
Gate(26715)	cx q[0], q[10]
Gate(26716)	cx q[6], q[0]
Gate(26717)	tdg q[10]
Gate(26718)	cx q[6], q[10]
Gate(26719)	tdg q[6]
Gate(26720)	tdg q[10]
Gate(26721)	 t q[0]
Gate(26722)	cx q[0], q[10]
Gate(26723)	cx q[6], q[0]
Gate(26724)	cx q[10], q[6]
Gate(26725)	 h q[0]
Gate(26726)	 h q[10]
Gate(26727)	 t q[1]
Gate(26728)	 t q[9]
Gate(26729)	 t q[10]
Gate(26730)	cx q[9], q[1]
Gate(26731)	cx q[10], q[9]
Gate(26732)	cx q[1], q[10]
Gate(26733)	tdg q[9]
Gate(26734)	cx q[1], q[9]
Gate(26735)	tdg q[1]
Gate(26736)	tdg q[9]
Gate(26737)	 t q[10]
Gate(26738)	cx q[10], q[9]
Gate(26739)	cx q[1], q[10]
Gate(26740)	cx q[9], q[1]
Gate(26741)	 h q[10]
Gate(26742)	 h q[9]
Gate(26743)	 t q[2]
Gate(26744)	 t q[8]
Gate(26745)	 t q[9]
Gate(26746)	cx q[8], q[2]
Gate(26747)	cx q[9], q[8]
Gate(26748)	cx q[2], q[9]
Gate(26749)	tdg q[8]
Gate(26750)	cx q[2], q[8]
Gate(26751)	tdg q[2]
Gate(26752)	tdg q[8]
Gate(26753)	 t q[9]
Gate(26754)	cx q[9], q[8]
Gate(26755)	cx q[2], q[9]
Gate(26756)	cx q[8], q[2]
Gate(26757)	 h q[9]
Gate(26758)	 h q[8]
Gate(26759)	 t q[4]
Gate(26760)	 t q[3]
Gate(26761)	 t q[8]
Gate(26762)	cx q[3], q[4]
Gate(26763)	cx q[8], q[3]
Gate(26764)	cx q[4], q[8]
Gate(26765)	tdg q[3]
Gate(26766)	cx q[4], q[3]
Gate(26767)	tdg q[4]
Gate(26768)	tdg q[3]
Gate(26769)	 t q[8]
Gate(26770)	cx q[8], q[3]
Gate(26771)	cx q[4], q[8]
Gate(26772)	cx q[3], q[4]
Gate(26773)	 h q[8]
Gate(26774)	 h q[9]
Gate(26775)	 t q[2]
Gate(26776)	 t q[8]
Gate(26777)	 t q[9]
Gate(26778)	cx q[8], q[2]
Gate(26779)	cx q[9], q[8]
Gate(26780)	cx q[2], q[9]
Gate(26781)	tdg q[8]
Gate(26782)	cx q[2], q[8]
Gate(26783)	tdg q[2]
Gate(26784)	tdg q[8]
Gate(26785)	 t q[9]
Gate(26786)	cx q[9], q[8]
Gate(26787)	cx q[2], q[9]
Gate(26788)	cx q[8], q[2]
Gate(26789)	 h q[9]
Gate(26790)	 h q[10]
Gate(26791)	 t q[1]
Gate(26792)	 t q[9]
Gate(26793)	 t q[10]
Gate(26794)	cx q[9], q[1]
Gate(26795)	cx q[10], q[9]
Gate(26796)	cx q[1], q[10]
Gate(26797)	tdg q[9]
Gate(26798)	cx q[1], q[9]
Gate(26799)	tdg q[1]
Gate(26800)	tdg q[9]
Gate(26801)	 t q[10]
Gate(26802)	cx q[10], q[9]
Gate(26803)	cx q[1], q[10]
Gate(26804)	cx q[9], q[1]
Gate(26805)	 h q[10]
Gate(26806)	 x q[7]
Gate(26807)	 x q[2]
Gate(26808)	 h q[1]
Gate(26809)	 t q[7]
Gate(26810)	 t q[10]
Gate(26811)	 t q[1]
Gate(26812)	cx q[10], q[7]
Gate(26813)	cx q[1], q[10]
Gate(26814)	cx q[7], q[1]
Gate(26815)	tdg q[10]
Gate(26816)	cx q[7], q[10]
Gate(26817)	tdg q[7]
Gate(26818)	tdg q[10]
Gate(26819)	 t q[1]
Gate(26820)	cx q[1], q[10]
Gate(26821)	cx q[7], q[1]
Gate(26822)	cx q[10], q[7]
Gate(26823)	 h q[1]
Gate(26824)	 h q[10]
Gate(26825)	 t q[9]
Gate(26826)	 t q[8]
Gate(26827)	 t q[10]
Gate(26828)	cx q[8], q[9]
Gate(26829)	cx q[10], q[8]
Gate(26830)	cx q[9], q[10]
Gate(26831)	tdg q[8]
Gate(26832)	cx q[9], q[8]
Gate(26833)	tdg q[9]
Gate(26834)	tdg q[8]
Gate(26835)	 t q[10]
Gate(26836)	cx q[10], q[8]
Gate(26837)	cx q[9], q[10]
Gate(26838)	cx q[8], q[9]
Gate(26839)	 h q[10]
Gate(26840)	 h q[1]
Gate(26841)	 t q[7]
Gate(26842)	 t q[10]
Gate(26843)	 t q[1]
Gate(26844)	cx q[10], q[7]
Gate(26845)	cx q[1], q[10]
Gate(26846)	cx q[7], q[1]
Gate(26847)	tdg q[10]
Gate(26848)	cx q[7], q[10]
Gate(26849)	tdg q[7]
Gate(26850)	tdg q[10]
Gate(26851)	 t q[1]
Gate(26852)	cx q[1], q[10]
Gate(26853)	cx q[7], q[1]
Gate(26854)	cx q[10], q[7]
Gate(26855)	 h q[1]
Gate(26856)	 h q[10]
Gate(26857)	 t q[9]
Gate(26858)	 t q[8]
Gate(26859)	 t q[10]
Gate(26860)	cx q[8], q[9]
Gate(26861)	cx q[10], q[8]
Gate(26862)	cx q[9], q[10]
Gate(26863)	tdg q[8]
Gate(26864)	cx q[9], q[8]
Gate(26865)	tdg q[9]
Gate(26866)	tdg q[8]
Gate(26867)	 t q[10]
Gate(26868)	cx q[10], q[8]
Gate(26869)	cx q[9], q[10]
Gate(26870)	cx q[8], q[9]
Gate(26871)	 h q[10]
Gate(26872)	 h q[0]
Gate(26873)	 t q[1]
Gate(26874)	 t q[10]
Gate(26875)	 t q[0]
Gate(26876)	cx q[10], q[1]
Gate(26877)	cx q[0], q[10]
Gate(26878)	cx q[1], q[0]
Gate(26879)	tdg q[10]
Gate(26880)	cx q[1], q[10]
Gate(26881)	tdg q[1]
Gate(26882)	tdg q[10]
Gate(26883)	 t q[0]
Gate(26884)	cx q[0], q[10]
Gate(26885)	cx q[1], q[0]
Gate(26886)	cx q[10], q[1]
Gate(26887)	 h q[0]
Gate(26888)	 h q[10]
Gate(26889)	 t q[2]
Gate(26890)	 t q[9]
Gate(26891)	 t q[10]
Gate(26892)	cx q[9], q[2]
Gate(26893)	cx q[10], q[9]
Gate(26894)	cx q[2], q[10]
Gate(26895)	tdg q[9]
Gate(26896)	cx q[2], q[9]
Gate(26897)	tdg q[2]
Gate(26898)	tdg q[9]
Gate(26899)	 t q[10]
Gate(26900)	cx q[10], q[9]
Gate(26901)	cx q[2], q[10]
Gate(26902)	cx q[9], q[2]
Gate(26903)	 h q[10]
Gate(26904)	 h q[9]
Gate(26905)	 t q[4]
Gate(26906)	 t q[8]
Gate(26907)	 t q[9]
Gate(26908)	cx q[8], q[4]
Gate(26909)	cx q[9], q[8]
Gate(26910)	cx q[4], q[9]
Gate(26911)	tdg q[8]
Gate(26912)	cx q[4], q[8]
Gate(26913)	tdg q[4]
Gate(26914)	tdg q[8]
Gate(26915)	 t q[9]
Gate(26916)	cx q[9], q[8]
Gate(26917)	cx q[4], q[9]
Gate(26918)	cx q[8], q[4]
Gate(26919)	 h q[9]
Gate(26920)	 h q[8]
Gate(26921)	 t q[6]
Gate(26922)	 t q[5]
Gate(26923)	 t q[8]
Gate(26924)	cx q[5], q[6]
Gate(26925)	cx q[8], q[5]
Gate(26926)	cx q[6], q[8]
Gate(26927)	tdg q[5]
Gate(26928)	cx q[6], q[5]
Gate(26929)	tdg q[6]
Gate(26930)	tdg q[5]
Gate(26931)	 t q[8]
Gate(26932)	cx q[8], q[5]
Gate(26933)	cx q[6], q[8]
Gate(26934)	cx q[5], q[6]
Gate(26935)	 h q[8]
Gate(26936)	 h q[9]
Gate(26937)	 t q[4]
Gate(26938)	 t q[8]
Gate(26939)	 t q[9]
Gate(26940)	cx q[8], q[4]
Gate(26941)	cx q[9], q[8]
Gate(26942)	cx q[4], q[9]
Gate(26943)	tdg q[8]
Gate(26944)	cx q[4], q[8]
Gate(26945)	tdg q[4]
Gate(26946)	tdg q[8]
Gate(26947)	 t q[9]
Gate(26948)	cx q[9], q[8]
Gate(26949)	cx q[4], q[9]
Gate(26950)	cx q[8], q[4]
Gate(26951)	 h q[9]
Gate(26952)	 h q[10]
Gate(26953)	 t q[2]
Gate(26954)	 t q[9]
Gate(26955)	 t q[10]
Gate(26956)	cx q[9], q[2]
Gate(26957)	cx q[10], q[9]
Gate(26958)	cx q[2], q[10]
Gate(26959)	tdg q[9]
Gate(26960)	cx q[2], q[9]
Gate(26961)	tdg q[2]
Gate(26962)	tdg q[9]
Gate(26963)	 t q[10]
Gate(26964)	cx q[10], q[9]
Gate(26965)	cx q[2], q[10]
Gate(26966)	cx q[9], q[2]
Gate(26967)	 h q[10]
Gate(26968)	 h q[0]
Gate(26969)	 t q[1]
Gate(26970)	 t q[10]
Gate(26971)	 t q[0]
Gate(26972)	cx q[10], q[1]
Gate(26973)	cx q[0], q[10]
Gate(26974)	cx q[1], q[0]
Gate(26975)	tdg q[10]
Gate(26976)	cx q[1], q[10]
Gate(26977)	tdg q[1]
Gate(26978)	tdg q[10]
Gate(26979)	 t q[0]
Gate(26980)	cx q[0], q[10]
Gate(26981)	cx q[1], q[0]
Gate(26982)	cx q[10], q[1]
Gate(26983)	 h q[0]
Gate(26984)	 h q[10]
Gate(26985)	 t q[2]
Gate(26986)	 t q[9]
Gate(26987)	 t q[10]
Gate(26988)	cx q[9], q[2]
Gate(26989)	cx q[10], q[9]
Gate(26990)	cx q[2], q[10]
Gate(26991)	tdg q[9]
Gate(26992)	cx q[2], q[9]
Gate(26993)	tdg q[2]
Gate(26994)	tdg q[9]
Gate(26995)	 t q[10]
Gate(26996)	cx q[10], q[9]
Gate(26997)	cx q[2], q[10]
Gate(26998)	cx q[9], q[2]
Gate(26999)	 h q[10]
Gate(27000)	 h q[9]
Gate(27001)	 t q[4]
Gate(27002)	 t q[8]
Gate(27003)	 t q[9]
Gate(27004)	cx q[8], q[4]
Gate(27005)	cx q[9], q[8]
Gate(27006)	cx q[4], q[9]
Gate(27007)	tdg q[8]
Gate(27008)	cx q[4], q[8]
Gate(27009)	tdg q[4]
Gate(27010)	tdg q[8]
Gate(27011)	 t q[9]
Gate(27012)	cx q[9], q[8]
Gate(27013)	cx q[4], q[9]
Gate(27014)	cx q[8], q[4]
Gate(27015)	 h q[9]
Gate(27016)	 h q[8]
Gate(27017)	 t q[6]
Gate(27018)	 t q[5]
Gate(27019)	 t q[8]
Gate(27020)	cx q[5], q[6]
Gate(27021)	cx q[8], q[5]
Gate(27022)	cx q[6], q[8]
Gate(27023)	tdg q[5]
Gate(27024)	cx q[6], q[5]
Gate(27025)	tdg q[6]
Gate(27026)	tdg q[5]
Gate(27027)	 t q[8]
Gate(27028)	cx q[8], q[5]
Gate(27029)	cx q[6], q[8]
Gate(27030)	cx q[5], q[6]
Gate(27031)	 h q[8]
Gate(27032)	 h q[9]
Gate(27033)	 t q[4]
Gate(27034)	 t q[8]
Gate(27035)	 t q[9]
Gate(27036)	cx q[8], q[4]
Gate(27037)	cx q[9], q[8]
Gate(27038)	cx q[4], q[9]
Gate(27039)	tdg q[8]
Gate(27040)	cx q[4], q[8]
Gate(27041)	tdg q[4]
Gate(27042)	tdg q[8]
Gate(27043)	 t q[9]
Gate(27044)	cx q[9], q[8]
Gate(27045)	cx q[4], q[9]
Gate(27046)	cx q[8], q[4]
Gate(27047)	 h q[9]
Gate(27048)	 h q[10]
Gate(27049)	 t q[2]
Gate(27050)	 t q[9]
Gate(27051)	 t q[10]
Gate(27052)	cx q[9], q[2]
Gate(27053)	cx q[10], q[9]
Gate(27054)	cx q[2], q[10]
Gate(27055)	tdg q[9]
Gate(27056)	cx q[2], q[9]
Gate(27057)	tdg q[2]
Gate(27058)	tdg q[9]
Gate(27059)	 t q[10]
Gate(27060)	cx q[10], q[9]
Gate(27061)	cx q[2], q[10]
Gate(27062)	cx q[9], q[2]
Gate(27063)	 h q[10]
Gate(27064)	 h q[1]
Gate(27065)	 t q[7]
Gate(27066)	 t q[10]
Gate(27067)	 t q[1]
Gate(27068)	cx q[10], q[7]
Gate(27069)	cx q[1], q[10]
Gate(27070)	cx q[7], q[1]
Gate(27071)	tdg q[10]
Gate(27072)	cx q[7], q[10]
Gate(27073)	tdg q[7]
Gate(27074)	tdg q[10]
Gate(27075)	 t q[1]
Gate(27076)	cx q[1], q[10]
Gate(27077)	cx q[7], q[1]
Gate(27078)	cx q[10], q[7]
Gate(27079)	 h q[1]
Gate(27080)	 h q[10]
Gate(27081)	 t q[9]
Gate(27082)	 t q[8]
Gate(27083)	 t q[10]
Gate(27084)	cx q[8], q[9]
Gate(27085)	cx q[10], q[8]
Gate(27086)	cx q[9], q[10]
Gate(27087)	tdg q[8]
Gate(27088)	cx q[9], q[8]
Gate(27089)	tdg q[9]
Gate(27090)	tdg q[8]
Gate(27091)	 t q[10]
Gate(27092)	cx q[10], q[8]
Gate(27093)	cx q[9], q[10]
Gate(27094)	cx q[8], q[9]
Gate(27095)	 h q[10]
Gate(27096)	 h q[1]
Gate(27097)	 t q[7]
Gate(27098)	 t q[10]
Gate(27099)	 t q[1]
Gate(27100)	cx q[10], q[7]
Gate(27101)	cx q[1], q[10]
Gate(27102)	cx q[7], q[1]
Gate(27103)	tdg q[10]
Gate(27104)	cx q[7], q[10]
Gate(27105)	tdg q[7]
Gate(27106)	tdg q[10]
Gate(27107)	 t q[1]
Gate(27108)	cx q[1], q[10]
Gate(27109)	cx q[7], q[1]
Gate(27110)	cx q[10], q[7]
Gate(27111)	 h q[1]
Gate(27112)	 h q[10]
Gate(27113)	 t q[9]
Gate(27114)	 t q[8]
Gate(27115)	 t q[10]
Gate(27116)	cx q[8], q[9]
Gate(27117)	cx q[10], q[8]
Gate(27118)	cx q[9], q[10]
Gate(27119)	tdg q[8]
Gate(27120)	cx q[9], q[8]
Gate(27121)	tdg q[9]
Gate(27122)	tdg q[8]
Gate(27123)	 t q[10]
Gate(27124)	cx q[10], q[8]
Gate(27125)	cx q[9], q[10]
Gate(27126)	cx q[8], q[9]
Gate(27127)	 h q[10]
Gate(27128)	 h q[0]
Gate(27129)	 t q[1]
Gate(27130)	 t q[10]
Gate(27131)	 t q[0]
Gate(27132)	cx q[10], q[1]
Gate(27133)	cx q[0], q[10]
Gate(27134)	cx q[1], q[0]
Gate(27135)	tdg q[10]
Gate(27136)	cx q[1], q[10]
Gate(27137)	tdg q[1]
Gate(27138)	tdg q[10]
Gate(27139)	 t q[0]
Gate(27140)	cx q[0], q[10]
Gate(27141)	cx q[1], q[0]
Gate(27142)	cx q[10], q[1]
Gate(27143)	 h q[0]
Gate(27144)	 h q[10]
Gate(27145)	 t q[2]
Gate(27146)	 t q[9]
Gate(27147)	 t q[10]
Gate(27148)	cx q[9], q[2]
Gate(27149)	cx q[10], q[9]
Gate(27150)	cx q[2], q[10]
Gate(27151)	tdg q[9]
Gate(27152)	cx q[2], q[9]
Gate(27153)	tdg q[2]
Gate(27154)	tdg q[9]
Gate(27155)	 t q[10]
Gate(27156)	cx q[10], q[9]
Gate(27157)	cx q[2], q[10]
Gate(27158)	cx q[9], q[2]
Gate(27159)	 h q[10]
Gate(27160)	 h q[9]
Gate(27161)	 t q[4]
Gate(27162)	 t q[8]
Gate(27163)	 t q[9]
Gate(27164)	cx q[8], q[4]
Gate(27165)	cx q[9], q[8]
Gate(27166)	cx q[4], q[9]
Gate(27167)	tdg q[8]
Gate(27168)	cx q[4], q[8]
Gate(27169)	tdg q[4]
Gate(27170)	tdg q[8]
Gate(27171)	 t q[9]
Gate(27172)	cx q[9], q[8]
Gate(27173)	cx q[4], q[9]
Gate(27174)	cx q[8], q[4]
Gate(27175)	 h q[9]
Gate(27176)	 h q[8]
Gate(27177)	 t q[6]
Gate(27178)	 t q[5]
Gate(27179)	 t q[8]
Gate(27180)	cx q[5], q[6]
Gate(27181)	cx q[8], q[5]
Gate(27182)	cx q[6], q[8]
Gate(27183)	tdg q[5]
Gate(27184)	cx q[6], q[5]
Gate(27185)	tdg q[6]
Gate(27186)	tdg q[5]
Gate(27187)	 t q[8]
Gate(27188)	cx q[8], q[5]
Gate(27189)	cx q[6], q[8]
Gate(27190)	cx q[5], q[6]
Gate(27191)	 h q[8]
Gate(27192)	 h q[9]
Gate(27193)	 t q[4]
Gate(27194)	 t q[8]
Gate(27195)	 t q[9]
Gate(27196)	cx q[8], q[4]
Gate(27197)	cx q[9], q[8]
Gate(27198)	cx q[4], q[9]
Gate(27199)	tdg q[8]
Gate(27200)	cx q[4], q[8]
Gate(27201)	tdg q[4]
Gate(27202)	tdg q[8]
Gate(27203)	 t q[9]
Gate(27204)	cx q[9], q[8]
Gate(27205)	cx q[4], q[9]
Gate(27206)	cx q[8], q[4]
Gate(27207)	 h q[9]
Gate(27208)	 h q[10]
Gate(27209)	 t q[2]
Gate(27210)	 t q[9]
Gate(27211)	 t q[10]
Gate(27212)	cx q[9], q[2]
Gate(27213)	cx q[10], q[9]
Gate(27214)	cx q[2], q[10]
Gate(27215)	tdg q[9]
Gate(27216)	cx q[2], q[9]
Gate(27217)	tdg q[2]
Gate(27218)	tdg q[9]
Gate(27219)	 t q[10]
Gate(27220)	cx q[10], q[9]
Gate(27221)	cx q[2], q[10]
Gate(27222)	cx q[9], q[2]
Gate(27223)	 h q[10]
Gate(27224)	 h q[0]
Gate(27225)	 t q[1]
Gate(27226)	 t q[10]
Gate(27227)	 t q[0]
Gate(27228)	cx q[10], q[1]
Gate(27229)	cx q[0], q[10]
Gate(27230)	cx q[1], q[0]
Gate(27231)	tdg q[10]
Gate(27232)	cx q[1], q[10]
Gate(27233)	tdg q[1]
Gate(27234)	tdg q[10]
Gate(27235)	 t q[0]
Gate(27236)	cx q[0], q[10]
Gate(27237)	cx q[1], q[0]
Gate(27238)	cx q[10], q[1]
Gate(27239)	 h q[0]
Gate(27240)	 h q[10]
Gate(27241)	 t q[2]
Gate(27242)	 t q[9]
Gate(27243)	 t q[10]
Gate(27244)	cx q[9], q[2]
Gate(27245)	cx q[10], q[9]
Gate(27246)	cx q[2], q[10]
Gate(27247)	tdg q[9]
Gate(27248)	cx q[2], q[9]
Gate(27249)	tdg q[2]
Gate(27250)	tdg q[9]
Gate(27251)	 t q[10]
Gate(27252)	cx q[10], q[9]
Gate(27253)	cx q[2], q[10]
Gate(27254)	cx q[9], q[2]
Gate(27255)	 h q[10]
Gate(27256)	 h q[9]
Gate(27257)	 t q[4]
Gate(27258)	 t q[8]
Gate(27259)	 t q[9]
Gate(27260)	cx q[8], q[4]
Gate(27261)	cx q[9], q[8]
Gate(27262)	cx q[4], q[9]
Gate(27263)	tdg q[8]
Gate(27264)	cx q[4], q[8]
Gate(27265)	tdg q[4]
Gate(27266)	tdg q[8]
Gate(27267)	 t q[9]
Gate(27268)	cx q[9], q[8]
Gate(27269)	cx q[4], q[9]
Gate(27270)	cx q[8], q[4]
Gate(27271)	 h q[9]
Gate(27272)	 h q[8]
Gate(27273)	 t q[6]
Gate(27274)	 t q[5]
Gate(27275)	 t q[8]
Gate(27276)	cx q[5], q[6]
Gate(27277)	cx q[8], q[5]
Gate(27278)	cx q[6], q[8]
Gate(27279)	tdg q[5]
Gate(27280)	cx q[6], q[5]
Gate(27281)	tdg q[6]
Gate(27282)	tdg q[5]
Gate(27283)	 t q[8]
Gate(27284)	cx q[8], q[5]
Gate(27285)	cx q[6], q[8]
Gate(27286)	cx q[5], q[6]
Gate(27287)	 h q[8]
Gate(27288)	 h q[9]
Gate(27289)	 t q[4]
Gate(27290)	 t q[8]
Gate(27291)	 t q[9]
Gate(27292)	cx q[8], q[4]
Gate(27293)	cx q[9], q[8]
Gate(27294)	cx q[4], q[9]
Gate(27295)	tdg q[8]
Gate(27296)	cx q[4], q[8]
Gate(27297)	tdg q[4]
Gate(27298)	tdg q[8]
Gate(27299)	 t q[9]
Gate(27300)	cx q[9], q[8]
Gate(27301)	cx q[4], q[9]
Gate(27302)	cx q[8], q[4]
Gate(27303)	 h q[9]
Gate(27304)	 h q[10]
Gate(27305)	 t q[2]
Gate(27306)	 t q[9]
Gate(27307)	 t q[10]
Gate(27308)	cx q[9], q[2]
Gate(27309)	cx q[10], q[9]
Gate(27310)	cx q[2], q[10]
Gate(27311)	tdg q[9]
Gate(27312)	cx q[2], q[9]
Gate(27313)	tdg q[2]
Gate(27314)	tdg q[9]
Gate(27315)	 t q[10]
Gate(27316)	cx q[10], q[9]
Gate(27317)	cx q[2], q[10]
Gate(27318)	cx q[9], q[2]
Gate(27319)	 h q[10]
Gate(27320)	 h q[1]
Gate(27321)	 t q[6]
Gate(27322)	 t q[10]
Gate(27323)	 t q[1]
Gate(27324)	cx q[10], q[6]
Gate(27325)	cx q[1], q[10]
Gate(27326)	cx q[6], q[1]
Gate(27327)	tdg q[10]
Gate(27328)	cx q[6], q[10]
Gate(27329)	tdg q[6]
Gate(27330)	tdg q[10]
Gate(27331)	 t q[1]
Gate(27332)	cx q[1], q[10]
Gate(27333)	cx q[6], q[1]
Gate(27334)	cx q[10], q[6]
Gate(27335)	 h q[1]
Gate(27336)	 h q[10]
Gate(27337)	 t q[8]
Gate(27338)	 t q[7]
Gate(27339)	 t q[10]
Gate(27340)	cx q[7], q[8]
Gate(27341)	cx q[10], q[7]
Gate(27342)	cx q[8], q[10]
Gate(27343)	tdg q[7]
Gate(27344)	cx q[8], q[7]
Gate(27345)	tdg q[8]
Gate(27346)	tdg q[7]
Gate(27347)	 t q[10]
Gate(27348)	cx q[10], q[7]
Gate(27349)	cx q[8], q[10]
Gate(27350)	cx q[7], q[8]
Gate(27351)	 h q[10]
Gate(27352)	 h q[1]
Gate(27353)	 t q[6]
Gate(27354)	 t q[10]
Gate(27355)	 t q[1]
Gate(27356)	cx q[10], q[6]
Gate(27357)	cx q[1], q[10]
Gate(27358)	cx q[6], q[1]
Gate(27359)	tdg q[10]
Gate(27360)	cx q[6], q[10]
Gate(27361)	tdg q[6]
Gate(27362)	tdg q[10]
Gate(27363)	 t q[1]
Gate(27364)	cx q[1], q[10]
Gate(27365)	cx q[6], q[1]
Gate(27366)	cx q[10], q[6]
Gate(27367)	 h q[1]
Gate(27368)	 h q[10]
Gate(27369)	 t q[8]
Gate(27370)	 t q[7]
Gate(27371)	 t q[10]
Gate(27372)	cx q[7], q[8]
Gate(27373)	cx q[10], q[7]
Gate(27374)	cx q[8], q[10]
Gate(27375)	tdg q[7]
Gate(27376)	cx q[8], q[7]
Gate(27377)	tdg q[8]
Gate(27378)	tdg q[7]
Gate(27379)	 t q[10]
Gate(27380)	cx q[10], q[7]
Gate(27381)	cx q[8], q[10]
Gate(27382)	cx q[7], q[8]
Gate(27383)	 h q[10]
Gate(27384)	 h q[0]
Gate(27385)	 t q[1]
Gate(27386)	 t q[10]
Gate(27387)	 t q[0]
Gate(27388)	cx q[10], q[1]
Gate(27389)	cx q[0], q[10]
Gate(27390)	cx q[1], q[0]
Gate(27391)	tdg q[10]
Gate(27392)	cx q[1], q[10]
Gate(27393)	tdg q[1]
Gate(27394)	tdg q[10]
Gate(27395)	 t q[0]
Gate(27396)	cx q[0], q[10]
Gate(27397)	cx q[1], q[0]
Gate(27398)	cx q[10], q[1]
Gate(27399)	 h q[0]
Gate(27400)	 h q[10]
Gate(27401)	 t q[2]
Gate(27402)	 t q[9]
Gate(27403)	 t q[10]
Gate(27404)	cx q[9], q[2]
Gate(27405)	cx q[10], q[9]
Gate(27406)	cx q[2], q[10]
Gate(27407)	tdg q[9]
Gate(27408)	cx q[2], q[9]
Gate(27409)	tdg q[2]
Gate(27410)	tdg q[9]
Gate(27411)	 t q[10]
Gate(27412)	cx q[10], q[9]
Gate(27413)	cx q[2], q[10]
Gate(27414)	cx q[9], q[2]
Gate(27415)	 h q[10]
Gate(27416)	 h q[9]
Gate(27417)	 t q[3]
Gate(27418)	 t q[8]
Gate(27419)	 t q[9]
Gate(27420)	cx q[8], q[3]
Gate(27421)	cx q[9], q[8]
Gate(27422)	cx q[3], q[9]
Gate(27423)	tdg q[8]
Gate(27424)	cx q[3], q[8]
Gate(27425)	tdg q[3]
Gate(27426)	tdg q[8]
Gate(27427)	 t q[9]
Gate(27428)	cx q[9], q[8]
Gate(27429)	cx q[3], q[9]
Gate(27430)	cx q[8], q[3]
Gate(27431)	 h q[9]
Gate(27432)	 h q[8]
Gate(27433)	 t q[5]
Gate(27434)	 t q[4]
Gate(27435)	 t q[8]
Gate(27436)	cx q[4], q[5]
Gate(27437)	cx q[8], q[4]
Gate(27438)	cx q[5], q[8]
Gate(27439)	tdg q[4]
Gate(27440)	cx q[5], q[4]
Gate(27441)	tdg q[5]
Gate(27442)	tdg q[4]
Gate(27443)	 t q[8]
Gate(27444)	cx q[8], q[4]
Gate(27445)	cx q[5], q[8]
Gate(27446)	cx q[4], q[5]
Gate(27447)	 h q[8]
Gate(27448)	 h q[9]
Gate(27449)	 t q[3]
Gate(27450)	 t q[8]
Gate(27451)	 t q[9]
Gate(27452)	cx q[8], q[3]
Gate(27453)	cx q[9], q[8]
Gate(27454)	cx q[3], q[9]
Gate(27455)	tdg q[8]
Gate(27456)	cx q[3], q[8]
Gate(27457)	tdg q[3]
Gate(27458)	tdg q[8]
Gate(27459)	 t q[9]
Gate(27460)	cx q[9], q[8]
Gate(27461)	cx q[3], q[9]
Gate(27462)	cx q[8], q[3]
Gate(27463)	 h q[9]
Gate(27464)	 h q[10]
Gate(27465)	 t q[2]
Gate(27466)	 t q[9]
Gate(27467)	 t q[10]
Gate(27468)	cx q[9], q[2]
Gate(27469)	cx q[10], q[9]
Gate(27470)	cx q[2], q[10]
Gate(27471)	tdg q[9]
Gate(27472)	cx q[2], q[9]
Gate(27473)	tdg q[2]
Gate(27474)	tdg q[9]
Gate(27475)	 t q[10]
Gate(27476)	cx q[10], q[9]
Gate(27477)	cx q[2], q[10]
Gate(27478)	cx q[9], q[2]
Gate(27479)	 h q[10]
Gate(27480)	 h q[0]
Gate(27481)	 t q[1]
Gate(27482)	 t q[10]
Gate(27483)	 t q[0]
Gate(27484)	cx q[10], q[1]
Gate(27485)	cx q[0], q[10]
Gate(27486)	cx q[1], q[0]
Gate(27487)	tdg q[10]
Gate(27488)	cx q[1], q[10]
Gate(27489)	tdg q[1]
Gate(27490)	tdg q[10]
Gate(27491)	 t q[0]
Gate(27492)	cx q[0], q[10]
Gate(27493)	cx q[1], q[0]
Gate(27494)	cx q[10], q[1]
Gate(27495)	 h q[0]
Gate(27496)	 h q[10]
Gate(27497)	 t q[2]
Gate(27498)	 t q[9]
Gate(27499)	 t q[10]
Gate(27500)	cx q[9], q[2]
Gate(27501)	cx q[10], q[9]
Gate(27502)	cx q[2], q[10]
Gate(27503)	tdg q[9]
Gate(27504)	cx q[2], q[9]
Gate(27505)	tdg q[2]
Gate(27506)	tdg q[9]
Gate(27507)	 t q[10]
Gate(27508)	cx q[10], q[9]
Gate(27509)	cx q[2], q[10]
Gate(27510)	cx q[9], q[2]
Gate(27511)	 h q[10]
Gate(27512)	 h q[9]
Gate(27513)	 t q[3]
Gate(27514)	 t q[8]
Gate(27515)	 t q[9]
Gate(27516)	cx q[8], q[3]
Gate(27517)	cx q[9], q[8]
Gate(27518)	cx q[3], q[9]
Gate(27519)	tdg q[8]
Gate(27520)	cx q[3], q[8]
Gate(27521)	tdg q[3]
Gate(27522)	tdg q[8]
Gate(27523)	 t q[9]
Gate(27524)	cx q[9], q[8]
Gate(27525)	cx q[3], q[9]
Gate(27526)	cx q[8], q[3]
Gate(27527)	 h q[9]
Gate(27528)	 h q[8]
Gate(27529)	 t q[5]
Gate(27530)	 t q[4]
Gate(27531)	 t q[8]
Gate(27532)	cx q[4], q[5]
Gate(27533)	cx q[8], q[4]
Gate(27534)	cx q[5], q[8]
Gate(27535)	tdg q[4]
Gate(27536)	cx q[5], q[4]
Gate(27537)	tdg q[5]
Gate(27538)	tdg q[4]
Gate(27539)	 t q[8]
Gate(27540)	cx q[8], q[4]
Gate(27541)	cx q[5], q[8]
Gate(27542)	cx q[4], q[5]
Gate(27543)	 h q[8]
Gate(27544)	 h q[9]
Gate(27545)	 t q[3]
Gate(27546)	 t q[8]
Gate(27547)	 t q[9]
Gate(27548)	cx q[8], q[3]
Gate(27549)	cx q[9], q[8]
Gate(27550)	cx q[3], q[9]
Gate(27551)	tdg q[8]
Gate(27552)	cx q[3], q[8]
Gate(27553)	tdg q[3]
Gate(27554)	tdg q[8]
Gate(27555)	 t q[9]
Gate(27556)	cx q[9], q[8]
Gate(27557)	cx q[3], q[9]
Gate(27558)	cx q[8], q[3]
Gate(27559)	 h q[9]
Gate(27560)	 h q[10]
Gate(27561)	 t q[2]
Gate(27562)	 t q[9]
Gate(27563)	 t q[10]
Gate(27564)	cx q[9], q[2]
Gate(27565)	cx q[10], q[9]
Gate(27566)	cx q[2], q[10]
Gate(27567)	tdg q[9]
Gate(27568)	cx q[2], q[9]
Gate(27569)	tdg q[2]
Gate(27570)	tdg q[9]
Gate(27571)	 t q[10]
Gate(27572)	cx q[10], q[9]
Gate(27573)	cx q[2], q[10]
Gate(27574)	cx q[9], q[2]
Gate(27575)	 h q[10]
Gate(27576)	 h q[1]
Gate(27577)	 t q[6]
Gate(27578)	 t q[10]
Gate(27579)	 t q[1]
Gate(27580)	cx q[10], q[6]
Gate(27581)	cx q[1], q[10]
Gate(27582)	cx q[6], q[1]
Gate(27583)	tdg q[10]
Gate(27584)	cx q[6], q[10]
Gate(27585)	tdg q[6]
Gate(27586)	tdg q[10]
Gate(27587)	 t q[1]
Gate(27588)	cx q[1], q[10]
Gate(27589)	cx q[6], q[1]
Gate(27590)	cx q[10], q[6]
Gate(27591)	 h q[1]
Gate(27592)	 h q[10]
Gate(27593)	 t q[8]
Gate(27594)	 t q[7]
Gate(27595)	 t q[10]
Gate(27596)	cx q[7], q[8]
Gate(27597)	cx q[10], q[7]
Gate(27598)	cx q[8], q[10]
Gate(27599)	tdg q[7]
Gate(27600)	cx q[8], q[7]
Gate(27601)	tdg q[8]
Gate(27602)	tdg q[7]
Gate(27603)	 t q[10]
Gate(27604)	cx q[10], q[7]
Gate(27605)	cx q[8], q[10]
Gate(27606)	cx q[7], q[8]
Gate(27607)	 h q[10]
Gate(27608)	 h q[1]
Gate(27609)	 t q[6]
Gate(27610)	 t q[10]
Gate(27611)	 t q[1]
Gate(27612)	cx q[10], q[6]
Gate(27613)	cx q[1], q[10]
Gate(27614)	cx q[6], q[1]
Gate(27615)	tdg q[10]
Gate(27616)	cx q[6], q[10]
Gate(27617)	tdg q[6]
Gate(27618)	tdg q[10]
Gate(27619)	 t q[1]
Gate(27620)	cx q[1], q[10]
Gate(27621)	cx q[6], q[1]
Gate(27622)	cx q[10], q[6]
Gate(27623)	 h q[1]
Gate(27624)	 h q[10]
Gate(27625)	 t q[8]
Gate(27626)	 t q[7]
Gate(27627)	 t q[10]
Gate(27628)	cx q[7], q[8]
Gate(27629)	cx q[10], q[7]
Gate(27630)	cx q[8], q[10]
Gate(27631)	tdg q[7]
Gate(27632)	cx q[8], q[7]
Gate(27633)	tdg q[8]
Gate(27634)	tdg q[7]
Gate(27635)	 t q[10]
Gate(27636)	cx q[10], q[7]
Gate(27637)	cx q[8], q[10]
Gate(27638)	cx q[7], q[8]
Gate(27639)	 h q[10]
Gate(27640)	 h q[0]
Gate(27641)	 t q[1]
Gate(27642)	 t q[10]
Gate(27643)	 t q[0]
Gate(27644)	cx q[10], q[1]
Gate(27645)	cx q[0], q[10]
Gate(27646)	cx q[1], q[0]
Gate(27647)	tdg q[10]
Gate(27648)	cx q[1], q[10]
Gate(27649)	tdg q[1]
Gate(27650)	tdg q[10]
Gate(27651)	 t q[0]
Gate(27652)	cx q[0], q[10]
Gate(27653)	cx q[1], q[0]
Gate(27654)	cx q[10], q[1]
Gate(27655)	 h q[0]
Gate(27656)	 h q[10]
Gate(27657)	 t q[2]
Gate(27658)	 t q[9]
Gate(27659)	 t q[10]
Gate(27660)	cx q[9], q[2]
Gate(27661)	cx q[10], q[9]
Gate(27662)	cx q[2], q[10]
Gate(27663)	tdg q[9]
Gate(27664)	cx q[2], q[9]
Gate(27665)	tdg q[2]
Gate(27666)	tdg q[9]
Gate(27667)	 t q[10]
Gate(27668)	cx q[10], q[9]
Gate(27669)	cx q[2], q[10]
Gate(27670)	cx q[9], q[2]
Gate(27671)	 h q[10]
Gate(27672)	 h q[9]
Gate(27673)	 t q[3]
Gate(27674)	 t q[8]
Gate(27675)	 t q[9]
Gate(27676)	cx q[8], q[3]
Gate(27677)	cx q[9], q[8]
Gate(27678)	cx q[3], q[9]
Gate(27679)	tdg q[8]
Gate(27680)	cx q[3], q[8]
Gate(27681)	tdg q[3]
Gate(27682)	tdg q[8]
Gate(27683)	 t q[9]
Gate(27684)	cx q[9], q[8]
Gate(27685)	cx q[3], q[9]
Gate(27686)	cx q[8], q[3]
Gate(27687)	 h q[9]
Gate(27688)	 h q[8]
Gate(27689)	 t q[5]
Gate(27690)	 t q[4]
Gate(27691)	 t q[8]
Gate(27692)	cx q[4], q[5]
Gate(27693)	cx q[8], q[4]
Gate(27694)	cx q[5], q[8]
Gate(27695)	tdg q[4]
Gate(27696)	cx q[5], q[4]
Gate(27697)	tdg q[5]
Gate(27698)	tdg q[4]
Gate(27699)	 t q[8]
Gate(27700)	cx q[8], q[4]
Gate(27701)	cx q[5], q[8]
Gate(27702)	cx q[4], q[5]
Gate(27703)	 h q[8]
Gate(27704)	 h q[9]
Gate(27705)	 t q[3]
Gate(27706)	 t q[8]
Gate(27707)	 t q[9]
Gate(27708)	cx q[8], q[3]
Gate(27709)	cx q[9], q[8]
Gate(27710)	cx q[3], q[9]
Gate(27711)	tdg q[8]
Gate(27712)	cx q[3], q[8]
Gate(27713)	tdg q[3]
Gate(27714)	tdg q[8]
Gate(27715)	 t q[9]
Gate(27716)	cx q[9], q[8]
Gate(27717)	cx q[3], q[9]
Gate(27718)	cx q[8], q[3]
Gate(27719)	 h q[9]
Gate(27720)	 h q[10]
Gate(27721)	 t q[2]
Gate(27722)	 t q[9]
Gate(27723)	 t q[10]
Gate(27724)	cx q[9], q[2]
Gate(27725)	cx q[10], q[9]
Gate(27726)	cx q[2], q[10]
Gate(27727)	tdg q[9]
Gate(27728)	cx q[2], q[9]
Gate(27729)	tdg q[2]
Gate(27730)	tdg q[9]
Gate(27731)	 t q[10]
Gate(27732)	cx q[10], q[9]
Gate(27733)	cx q[2], q[10]
Gate(27734)	cx q[9], q[2]
Gate(27735)	 h q[10]
Gate(27736)	 h q[0]
Gate(27737)	 t q[1]
Gate(27738)	 t q[10]
Gate(27739)	 t q[0]
Gate(27740)	cx q[10], q[1]
Gate(27741)	cx q[0], q[10]
Gate(27742)	cx q[1], q[0]
Gate(27743)	tdg q[10]
Gate(27744)	cx q[1], q[10]
Gate(27745)	tdg q[1]
Gate(27746)	tdg q[10]
Gate(27747)	 t q[0]
Gate(27748)	cx q[0], q[10]
Gate(27749)	cx q[1], q[0]
Gate(27750)	cx q[10], q[1]
Gate(27751)	 h q[0]
Gate(27752)	 h q[10]
Gate(27753)	 t q[2]
Gate(27754)	 t q[9]
Gate(27755)	 t q[10]
Gate(27756)	cx q[9], q[2]
Gate(27757)	cx q[10], q[9]
Gate(27758)	cx q[2], q[10]
Gate(27759)	tdg q[9]
Gate(27760)	cx q[2], q[9]
Gate(27761)	tdg q[2]
Gate(27762)	tdg q[9]
Gate(27763)	 t q[10]
Gate(27764)	cx q[10], q[9]
Gate(27765)	cx q[2], q[10]
Gate(27766)	cx q[9], q[2]
Gate(27767)	 h q[10]
Gate(27768)	 h q[9]
Gate(27769)	 t q[3]
Gate(27770)	 t q[8]
Gate(27771)	 t q[9]
Gate(27772)	cx q[8], q[3]
Gate(27773)	cx q[9], q[8]
Gate(27774)	cx q[3], q[9]
Gate(27775)	tdg q[8]
Gate(27776)	cx q[3], q[8]
Gate(27777)	tdg q[3]
Gate(27778)	tdg q[8]
Gate(27779)	 t q[9]
Gate(27780)	cx q[9], q[8]
Gate(27781)	cx q[3], q[9]
Gate(27782)	cx q[8], q[3]
Gate(27783)	 h q[9]
Gate(27784)	 h q[8]
Gate(27785)	 t q[5]
Gate(27786)	 t q[4]
Gate(27787)	 t q[8]
Gate(27788)	cx q[4], q[5]
Gate(27789)	cx q[8], q[4]
Gate(27790)	cx q[5], q[8]
Gate(27791)	tdg q[4]
Gate(27792)	cx q[5], q[4]
Gate(27793)	tdg q[5]
Gate(27794)	tdg q[4]
Gate(27795)	 t q[8]
Gate(27796)	cx q[8], q[4]
Gate(27797)	cx q[5], q[8]
Gate(27798)	cx q[4], q[5]
Gate(27799)	 h q[8]
Gate(27800)	 h q[9]
Gate(27801)	 t q[3]
Gate(27802)	 t q[8]
Gate(27803)	 t q[9]
Gate(27804)	cx q[8], q[3]
Gate(27805)	cx q[9], q[8]
Gate(27806)	cx q[3], q[9]
Gate(27807)	tdg q[8]
Gate(27808)	cx q[3], q[8]
Gate(27809)	tdg q[3]
Gate(27810)	tdg q[8]
Gate(27811)	 t q[9]
Gate(27812)	cx q[9], q[8]
Gate(27813)	cx q[3], q[9]
Gate(27814)	cx q[8], q[3]
Gate(27815)	 h q[9]
Gate(27816)	 h q[10]
Gate(27817)	 t q[2]
Gate(27818)	 t q[9]
Gate(27819)	 t q[10]
Gate(27820)	cx q[9], q[2]
Gate(27821)	cx q[10], q[9]
Gate(27822)	cx q[2], q[10]
Gate(27823)	tdg q[9]
Gate(27824)	cx q[2], q[9]
Gate(27825)	tdg q[2]
Gate(27826)	tdg q[9]
Gate(27827)	 t q[10]
Gate(27828)	cx q[10], q[9]
Gate(27829)	cx q[2], q[10]
Gate(27830)	cx q[9], q[2]
Gate(27831)	 h q[10]
Gate(27832)	 x q[3]
Gate(27833)	 h q[9]
Gate(27834)	 t q[5]
Gate(27835)	 t q[10]
Gate(27836)	 t q[9]
Gate(27837)	cx q[10], q[5]
Gate(27838)	cx q[9], q[10]
Gate(27839)	cx q[5], q[9]
Gate(27840)	tdg q[10]
Gate(27841)	cx q[5], q[10]
Gate(27842)	tdg q[5]
Gate(27843)	tdg q[10]
Gate(27844)	 t q[9]
Gate(27845)	cx q[9], q[10]
Gate(27846)	cx q[5], q[9]
Gate(27847)	cx q[10], q[5]
Gate(27848)	 h q[9]
Gate(27849)	 h q[10]
Gate(27850)	 t q[6]
Gate(27851)	 t q[4]
Gate(27852)	 t q[10]
Gate(27853)	cx q[4], q[6]
Gate(27854)	cx q[10], q[4]
Gate(27855)	cx q[6], q[10]
Gate(27856)	tdg q[4]
Gate(27857)	cx q[6], q[4]
Gate(27858)	tdg q[6]
Gate(27859)	tdg q[4]
Gate(27860)	 t q[10]
Gate(27861)	cx q[10], q[4]
Gate(27862)	cx q[6], q[10]
Gate(27863)	cx q[4], q[6]
Gate(27864)	 h q[10]
Gate(27865)	 h q[4]
Gate(27866)	 t q[8]
Gate(27867)	 t q[7]
Gate(27868)	 t q[4]
Gate(27869)	cx q[7], q[8]
Gate(27870)	cx q[4], q[7]
Gate(27871)	cx q[8], q[4]
Gate(27872)	tdg q[7]
Gate(27873)	cx q[8], q[7]
Gate(27874)	tdg q[8]
Gate(27875)	tdg q[7]
Gate(27876)	 t q[4]
Gate(27877)	cx q[4], q[7]
Gate(27878)	cx q[8], q[4]
Gate(27879)	cx q[7], q[8]
Gate(27880)	 h q[4]
Gate(27881)	 h q[10]
Gate(27882)	 t q[6]
Gate(27883)	 t q[4]
Gate(27884)	 t q[10]
Gate(27885)	cx q[4], q[6]
Gate(27886)	cx q[10], q[4]
Gate(27887)	cx q[6], q[10]
Gate(27888)	tdg q[4]
Gate(27889)	cx q[6], q[4]
Gate(27890)	tdg q[6]
Gate(27891)	tdg q[4]
Gate(27892)	 t q[10]
Gate(27893)	cx q[10], q[4]
Gate(27894)	cx q[6], q[10]
Gate(27895)	cx q[4], q[6]
Gate(27896)	 h q[10]
Gate(27897)	 h q[9]
Gate(27898)	 t q[5]
Gate(27899)	 t q[10]
Gate(27900)	 t q[9]
Gate(27901)	cx q[10], q[5]
Gate(27902)	cx q[9], q[10]
Gate(27903)	cx q[5], q[9]
Gate(27904)	tdg q[10]
Gate(27905)	cx q[5], q[10]
Gate(27906)	tdg q[5]
Gate(27907)	tdg q[10]
Gate(27908)	 t q[9]
Gate(27909)	cx q[9], q[10]
Gate(27910)	cx q[5], q[9]
Gate(27911)	cx q[10], q[5]
Gate(27912)	 h q[9]
Gate(27913)	 h q[10]
Gate(27914)	 t q[6]
Gate(27915)	 t q[4]
Gate(27916)	 t q[10]
Gate(27917)	cx q[4], q[6]
Gate(27918)	cx q[10], q[4]
Gate(27919)	cx q[6], q[10]
Gate(27920)	tdg q[4]
Gate(27921)	cx q[6], q[4]
Gate(27922)	tdg q[6]
Gate(27923)	tdg q[4]
Gate(27924)	 t q[10]
Gate(27925)	cx q[10], q[4]
Gate(27926)	cx q[6], q[10]
Gate(27927)	cx q[4], q[6]
Gate(27928)	 h q[10]
Gate(27929)	 h q[4]
Gate(27930)	 t q[8]
Gate(27931)	 t q[7]
Gate(27932)	 t q[4]
Gate(27933)	cx q[7], q[8]
Gate(27934)	cx q[4], q[7]
Gate(27935)	cx q[8], q[4]
Gate(27936)	tdg q[7]
Gate(27937)	cx q[8], q[7]
Gate(27938)	tdg q[8]
Gate(27939)	tdg q[7]
Gate(27940)	 t q[4]
Gate(27941)	cx q[4], q[7]
Gate(27942)	cx q[8], q[4]
Gate(27943)	cx q[7], q[8]
Gate(27944)	 h q[4]
Gate(27945)	 h q[10]
Gate(27946)	 t q[6]
Gate(27947)	 t q[4]
Gate(27948)	 t q[10]
Gate(27949)	cx q[4], q[6]
Gate(27950)	cx q[10], q[4]
Gate(27951)	cx q[6], q[10]
Gate(27952)	tdg q[4]
Gate(27953)	cx q[6], q[4]
Gate(27954)	tdg q[6]
Gate(27955)	tdg q[4]
Gate(27956)	 t q[10]
Gate(27957)	cx q[10], q[4]
Gate(27958)	cx q[6], q[10]
Gate(27959)	cx q[4], q[6]
Gate(27960)	 h q[10]
Gate(27961)	 h q[0]
Gate(27962)	 t q[9]
Gate(27963)	 t q[10]
Gate(27964)	 t q[0]
Gate(27965)	cx q[10], q[9]
Gate(27966)	cx q[0], q[10]
Gate(27967)	cx q[9], q[0]
Gate(27968)	tdg q[10]
Gate(27969)	cx q[9], q[10]
Gate(27970)	tdg q[9]
Gate(27971)	tdg q[10]
Gate(27972)	 t q[0]
Gate(27973)	cx q[0], q[10]
Gate(27974)	cx q[9], q[0]
Gate(27975)	cx q[10], q[9]
Gate(27976)	 h q[0]
Gate(27977)	 h q[10]
Gate(27978)	 t q[1]
Gate(27979)	 t q[8]
Gate(27980)	 t q[10]
Gate(27981)	cx q[8], q[1]
Gate(27982)	cx q[10], q[8]
Gate(27983)	cx q[1], q[10]
Gate(27984)	tdg q[8]
Gate(27985)	cx q[1], q[8]
Gate(27986)	tdg q[1]
Gate(27987)	tdg q[8]
Gate(27988)	 t q[10]
Gate(27989)	cx q[10], q[8]
Gate(27990)	cx q[1], q[10]
Gate(27991)	cx q[8], q[1]
Gate(27992)	 h q[10]
Gate(27993)	 h q[8]
Gate(27994)	 t q[2]
Gate(27995)	 t q[7]
Gate(27996)	 t q[8]
Gate(27997)	cx q[7], q[2]
Gate(27998)	cx q[8], q[7]
Gate(27999)	cx q[2], q[8]
Gate(28000)	tdg q[7]
Gate(28001)	cx q[2], q[7]
Gate(28002)	tdg q[2]
Gate(28003)	tdg q[7]
Gate(28004)	 t q[8]
Gate(28005)	cx q[8], q[7]
Gate(28006)	cx q[2], q[8]
Gate(28007)	cx q[7], q[2]
Gate(28008)	 h q[8]
Gate(28009)	 h q[7]
Gate(28010)	 t q[4]
Gate(28011)	 t q[3]
Gate(28012)	 t q[7]
Gate(28013)	cx q[3], q[4]
Gate(28014)	cx q[7], q[3]
Gate(28015)	cx q[4], q[7]
Gate(28016)	tdg q[3]
Gate(28017)	cx q[4], q[3]
Gate(28018)	tdg q[4]
Gate(28019)	tdg q[3]
Gate(28020)	 t q[7]
Gate(28021)	cx q[7], q[3]
Gate(28022)	cx q[4], q[7]
Gate(28023)	cx q[3], q[4]
Gate(28024)	 h q[7]
Gate(28025)	 h q[8]
Gate(28026)	 t q[2]
Gate(28027)	 t q[7]
Gate(28028)	 t q[8]
Gate(28029)	cx q[7], q[2]
Gate(28030)	cx q[8], q[7]
Gate(28031)	cx q[2], q[8]
Gate(28032)	tdg q[7]
Gate(28033)	cx q[2], q[7]
Gate(28034)	tdg q[2]
Gate(28035)	tdg q[7]
Gate(28036)	 t q[8]
Gate(28037)	cx q[8], q[7]
Gate(28038)	cx q[2], q[8]
Gate(28039)	cx q[7], q[2]
Gate(28040)	 h q[8]
Gate(28041)	 h q[10]
Gate(28042)	 t q[1]
Gate(28043)	 t q[8]
Gate(28044)	 t q[10]
Gate(28045)	cx q[8], q[1]
Gate(28046)	cx q[10], q[8]
Gate(28047)	cx q[1], q[10]
Gate(28048)	tdg q[8]
Gate(28049)	cx q[1], q[8]
Gate(28050)	tdg q[1]
Gate(28051)	tdg q[8]
Gate(28052)	 t q[10]
Gate(28053)	cx q[10], q[8]
Gate(28054)	cx q[1], q[10]
Gate(28055)	cx q[8], q[1]
Gate(28056)	 h q[10]
Gate(28057)	 h q[0]
Gate(28058)	 t q[9]
Gate(28059)	 t q[10]
Gate(28060)	 t q[0]
Gate(28061)	cx q[10], q[9]
Gate(28062)	cx q[0], q[10]
Gate(28063)	cx q[9], q[0]
Gate(28064)	tdg q[10]
Gate(28065)	cx q[9], q[10]
Gate(28066)	tdg q[9]
Gate(28067)	tdg q[10]
Gate(28068)	 t q[0]
Gate(28069)	cx q[0], q[10]
Gate(28070)	cx q[9], q[0]
Gate(28071)	cx q[10], q[9]
Gate(28072)	 h q[0]
Gate(28073)	 h q[10]
Gate(28074)	 t q[1]
Gate(28075)	 t q[8]
Gate(28076)	 t q[10]
Gate(28077)	cx q[8], q[1]
Gate(28078)	cx q[10], q[8]
Gate(28079)	cx q[1], q[10]
Gate(28080)	tdg q[8]
Gate(28081)	cx q[1], q[8]
Gate(28082)	tdg q[1]
Gate(28083)	tdg q[8]
Gate(28084)	 t q[10]
Gate(28085)	cx q[10], q[8]
Gate(28086)	cx q[1], q[10]
Gate(28087)	cx q[8], q[1]
Gate(28088)	 h q[10]
Gate(28089)	 h q[8]
Gate(28090)	 t q[2]
Gate(28091)	 t q[7]
Gate(28092)	 t q[8]
Gate(28093)	cx q[7], q[2]
Gate(28094)	cx q[8], q[7]
Gate(28095)	cx q[2], q[8]
Gate(28096)	tdg q[7]
Gate(28097)	cx q[2], q[7]
Gate(28098)	tdg q[2]
Gate(28099)	tdg q[7]
Gate(28100)	 t q[8]
Gate(28101)	cx q[8], q[7]
Gate(28102)	cx q[2], q[8]
Gate(28103)	cx q[7], q[2]
Gate(28104)	 h q[8]
Gate(28105)	 h q[7]
Gate(28106)	 t q[4]
Gate(28107)	 t q[3]
Gate(28108)	 t q[7]
Gate(28109)	cx q[3], q[4]
Gate(28110)	cx q[7], q[3]
Gate(28111)	cx q[4], q[7]
Gate(28112)	tdg q[3]
Gate(28113)	cx q[4], q[3]
Gate(28114)	tdg q[4]
Gate(28115)	tdg q[3]
Gate(28116)	 t q[7]
Gate(28117)	cx q[7], q[3]
Gate(28118)	cx q[4], q[7]
Gate(28119)	cx q[3], q[4]
Gate(28120)	 h q[7]
Gate(28121)	 h q[8]
Gate(28122)	 t q[2]
Gate(28123)	 t q[7]
Gate(28124)	 t q[8]
Gate(28125)	cx q[7], q[2]
Gate(28126)	cx q[8], q[7]
Gate(28127)	cx q[2], q[8]
Gate(28128)	tdg q[7]
Gate(28129)	cx q[2], q[7]
Gate(28130)	tdg q[2]
Gate(28131)	tdg q[7]
Gate(28132)	 t q[8]
Gate(28133)	cx q[8], q[7]
Gate(28134)	cx q[2], q[8]
Gate(28135)	cx q[7], q[2]
Gate(28136)	 h q[8]
Gate(28137)	 h q[10]
Gate(28138)	 t q[1]
Gate(28139)	 t q[8]
Gate(28140)	 t q[10]
Gate(28141)	cx q[8], q[1]
Gate(28142)	cx q[10], q[8]
Gate(28143)	cx q[1], q[10]
Gate(28144)	tdg q[8]
Gate(28145)	cx q[1], q[8]
Gate(28146)	tdg q[1]
Gate(28147)	tdg q[8]
Gate(28148)	 t q[10]
Gate(28149)	cx q[10], q[8]
Gate(28150)	cx q[1], q[10]
Gate(28151)	cx q[8], q[1]
Gate(28152)	 h q[10]
Gate(28153)	 h q[9]
Gate(28154)	 t q[5]
Gate(28155)	 t q[10]
Gate(28156)	 t q[9]
Gate(28157)	cx q[10], q[5]
Gate(28158)	cx q[9], q[10]
Gate(28159)	cx q[5], q[9]
Gate(28160)	tdg q[10]
Gate(28161)	cx q[5], q[10]
Gate(28162)	tdg q[5]
Gate(28163)	tdg q[10]
Gate(28164)	 t q[9]
Gate(28165)	cx q[9], q[10]
Gate(28166)	cx q[5], q[9]
Gate(28167)	cx q[10], q[5]
Gate(28168)	 h q[9]
Gate(28169)	 h q[10]
Gate(28170)	 t q[6]
Gate(28171)	 t q[4]
Gate(28172)	 t q[10]
Gate(28173)	cx q[4], q[6]
Gate(28174)	cx q[10], q[4]
Gate(28175)	cx q[6], q[10]
Gate(28176)	tdg q[4]
Gate(28177)	cx q[6], q[4]
Gate(28178)	tdg q[6]
Gate(28179)	tdg q[4]
Gate(28180)	 t q[10]
Gate(28181)	cx q[10], q[4]
Gate(28182)	cx q[6], q[10]
Gate(28183)	cx q[4], q[6]
Gate(28184)	 h q[10]
Gate(28185)	 h q[4]
Gate(28186)	 t q[8]
Gate(28187)	 t q[7]
Gate(28188)	 t q[4]
Gate(28189)	cx q[7], q[8]
Gate(28190)	cx q[4], q[7]
Gate(28191)	cx q[8], q[4]
Gate(28192)	tdg q[7]
Gate(28193)	cx q[8], q[7]
Gate(28194)	tdg q[8]
Gate(28195)	tdg q[7]
Gate(28196)	 t q[4]
Gate(28197)	cx q[4], q[7]
Gate(28198)	cx q[8], q[4]
Gate(28199)	cx q[7], q[8]
Gate(28200)	 h q[4]
Gate(28201)	 h q[10]
Gate(28202)	 t q[6]
Gate(28203)	 t q[4]
Gate(28204)	 t q[10]
Gate(28205)	cx q[4], q[6]
Gate(28206)	cx q[10], q[4]
Gate(28207)	cx q[6], q[10]
Gate(28208)	tdg q[4]
Gate(28209)	cx q[6], q[4]
Gate(28210)	tdg q[6]
Gate(28211)	tdg q[4]
Gate(28212)	 t q[10]
Gate(28213)	cx q[10], q[4]
Gate(28214)	cx q[6], q[10]
Gate(28215)	cx q[4], q[6]
Gate(28216)	 h q[10]
Gate(28217)	 h q[9]
Gate(28218)	 t q[5]
Gate(28219)	 t q[10]
Gate(28220)	 t q[9]
Gate(28221)	cx q[10], q[5]
Gate(28222)	cx q[9], q[10]
Gate(28223)	cx q[5], q[9]
Gate(28224)	tdg q[10]
Gate(28225)	cx q[5], q[10]
Gate(28226)	tdg q[5]
Gate(28227)	tdg q[10]
Gate(28228)	 t q[9]
Gate(28229)	cx q[9], q[10]
Gate(28230)	cx q[5], q[9]
Gate(28231)	cx q[10], q[5]
Gate(28232)	 h q[9]
Gate(28233)	 h q[10]
Gate(28234)	 t q[6]
Gate(28235)	 t q[4]
Gate(28236)	 t q[10]
Gate(28237)	cx q[4], q[6]
Gate(28238)	cx q[10], q[4]
Gate(28239)	cx q[6], q[10]
Gate(28240)	tdg q[4]
Gate(28241)	cx q[6], q[4]
Gate(28242)	tdg q[6]
Gate(28243)	tdg q[4]
Gate(28244)	 t q[10]
Gate(28245)	cx q[10], q[4]
Gate(28246)	cx q[6], q[10]
Gate(28247)	cx q[4], q[6]
Gate(28248)	 h q[10]
Gate(28249)	 h q[4]
Gate(28250)	 t q[8]
Gate(28251)	 t q[7]
Gate(28252)	 t q[4]
Gate(28253)	cx q[7], q[8]
Gate(28254)	cx q[4], q[7]
Gate(28255)	cx q[8], q[4]
Gate(28256)	tdg q[7]
Gate(28257)	cx q[8], q[7]
Gate(28258)	tdg q[8]
Gate(28259)	tdg q[7]
Gate(28260)	 t q[4]
Gate(28261)	cx q[4], q[7]
Gate(28262)	cx q[8], q[4]
Gate(28263)	cx q[7], q[8]
Gate(28264)	 h q[4]
Gate(28265)	 h q[10]
Gate(28266)	 t q[6]
Gate(28267)	 t q[4]
Gate(28268)	 t q[10]
Gate(28269)	cx q[4], q[6]
Gate(28270)	cx q[10], q[4]
Gate(28271)	cx q[6], q[10]
Gate(28272)	tdg q[4]
Gate(28273)	cx q[6], q[4]
Gate(28274)	tdg q[6]
Gate(28275)	tdg q[4]
Gate(28276)	 t q[10]
Gate(28277)	cx q[10], q[4]
Gate(28278)	cx q[6], q[10]
Gate(28279)	cx q[4], q[6]
Gate(28280)	 h q[10]
Gate(28281)	 h q[0]
Gate(28282)	 t q[9]
Gate(28283)	 t q[10]
Gate(28284)	 t q[0]
Gate(28285)	cx q[10], q[9]
Gate(28286)	cx q[0], q[10]
Gate(28287)	cx q[9], q[0]
Gate(28288)	tdg q[10]
Gate(28289)	cx q[9], q[10]
Gate(28290)	tdg q[9]
Gate(28291)	tdg q[10]
Gate(28292)	 t q[0]
Gate(28293)	cx q[0], q[10]
Gate(28294)	cx q[9], q[0]
Gate(28295)	cx q[10], q[9]
Gate(28296)	 h q[0]
Gate(28297)	 h q[10]
Gate(28298)	 t q[1]
Gate(28299)	 t q[8]
Gate(28300)	 t q[10]
Gate(28301)	cx q[8], q[1]
Gate(28302)	cx q[10], q[8]
Gate(28303)	cx q[1], q[10]
Gate(28304)	tdg q[8]
Gate(28305)	cx q[1], q[8]
Gate(28306)	tdg q[1]
Gate(28307)	tdg q[8]
Gate(28308)	 t q[10]
Gate(28309)	cx q[10], q[8]
Gate(28310)	cx q[1], q[10]
Gate(28311)	cx q[8], q[1]
Gate(28312)	 h q[10]
Gate(28313)	 h q[8]
Gate(28314)	 t q[2]
Gate(28315)	 t q[7]
Gate(28316)	 t q[8]
Gate(28317)	cx q[7], q[2]
Gate(28318)	cx q[8], q[7]
Gate(28319)	cx q[2], q[8]
Gate(28320)	tdg q[7]
Gate(28321)	cx q[2], q[7]
Gate(28322)	tdg q[2]
Gate(28323)	tdg q[7]
Gate(28324)	 t q[8]
Gate(28325)	cx q[8], q[7]
Gate(28326)	cx q[2], q[8]
Gate(28327)	cx q[7], q[2]
Gate(28328)	 h q[8]
Gate(28329)	 h q[7]
Gate(28330)	 t q[4]
Gate(28331)	 t q[3]
Gate(28332)	 t q[7]
Gate(28333)	cx q[3], q[4]
Gate(28334)	cx q[7], q[3]
Gate(28335)	cx q[4], q[7]
Gate(28336)	tdg q[3]
Gate(28337)	cx q[4], q[3]
Gate(28338)	tdg q[4]
Gate(28339)	tdg q[3]
Gate(28340)	 t q[7]
Gate(28341)	cx q[7], q[3]
Gate(28342)	cx q[4], q[7]
Gate(28343)	cx q[3], q[4]
Gate(28344)	 h q[7]
Gate(28345)	 h q[8]
Gate(28346)	 t q[2]
Gate(28347)	 t q[7]
Gate(28348)	 t q[8]
Gate(28349)	cx q[7], q[2]
Gate(28350)	cx q[8], q[7]
Gate(28351)	cx q[2], q[8]
Gate(28352)	tdg q[7]
Gate(28353)	cx q[2], q[7]
Gate(28354)	tdg q[2]
Gate(28355)	tdg q[7]
Gate(28356)	 t q[8]
Gate(28357)	cx q[8], q[7]
Gate(28358)	cx q[2], q[8]
Gate(28359)	cx q[7], q[2]
Gate(28360)	 h q[8]
Gate(28361)	 h q[10]
Gate(28362)	 t q[1]
Gate(28363)	 t q[8]
Gate(28364)	 t q[10]
Gate(28365)	cx q[8], q[1]
Gate(28366)	cx q[10], q[8]
Gate(28367)	cx q[1], q[10]
Gate(28368)	tdg q[8]
Gate(28369)	cx q[1], q[8]
Gate(28370)	tdg q[1]
Gate(28371)	tdg q[8]
Gate(28372)	 t q[10]
Gate(28373)	cx q[10], q[8]
Gate(28374)	cx q[1], q[10]
Gate(28375)	cx q[8], q[1]
Gate(28376)	 h q[10]
Gate(28377)	 h q[0]
Gate(28378)	 t q[9]
Gate(28379)	 t q[10]
Gate(28380)	 t q[0]
Gate(28381)	cx q[10], q[9]
Gate(28382)	cx q[0], q[10]
Gate(28383)	cx q[9], q[0]
Gate(28384)	tdg q[10]
Gate(28385)	cx q[9], q[10]
Gate(28386)	tdg q[9]
Gate(28387)	tdg q[10]
Gate(28388)	 t q[0]
Gate(28389)	cx q[0], q[10]
Gate(28390)	cx q[9], q[0]
Gate(28391)	cx q[10], q[9]
Gate(28392)	 h q[0]
Gate(28393)	 h q[10]
Gate(28394)	 t q[1]
Gate(28395)	 t q[8]
Gate(28396)	 t q[10]
Gate(28397)	cx q[8], q[1]
Gate(28398)	cx q[10], q[8]
Gate(28399)	cx q[1], q[10]
Gate(28400)	tdg q[8]
Gate(28401)	cx q[1], q[8]
Gate(28402)	tdg q[1]
Gate(28403)	tdg q[8]
Gate(28404)	 t q[10]
Gate(28405)	cx q[10], q[8]
Gate(28406)	cx q[1], q[10]
Gate(28407)	cx q[8], q[1]
Gate(28408)	 h q[10]
Gate(28409)	 h q[8]
Gate(28410)	 t q[2]
Gate(28411)	 t q[7]
Gate(28412)	 t q[8]
Gate(28413)	cx q[7], q[2]
Gate(28414)	cx q[8], q[7]
Gate(28415)	cx q[2], q[8]
Gate(28416)	tdg q[7]
Gate(28417)	cx q[2], q[7]
Gate(28418)	tdg q[2]
Gate(28419)	tdg q[7]
Gate(28420)	 t q[8]
Gate(28421)	cx q[8], q[7]
Gate(28422)	cx q[2], q[8]
Gate(28423)	cx q[7], q[2]
Gate(28424)	 h q[8]
Gate(28425)	 h q[7]
Gate(28426)	 t q[4]
Gate(28427)	 t q[3]
Gate(28428)	 t q[7]
Gate(28429)	cx q[3], q[4]
Gate(28430)	cx q[7], q[3]
Gate(28431)	cx q[4], q[7]
Gate(28432)	tdg q[3]
Gate(28433)	cx q[4], q[3]
Gate(28434)	tdg q[4]
Gate(28435)	tdg q[3]
Gate(28436)	 t q[7]
Gate(28437)	cx q[7], q[3]
Gate(28438)	cx q[4], q[7]
Gate(28439)	cx q[3], q[4]
Gate(28440)	 h q[7]
Gate(28441)	 h q[8]
Gate(28442)	 t q[2]
Gate(28443)	 t q[7]
Gate(28444)	 t q[8]
Gate(28445)	cx q[7], q[2]
Gate(28446)	cx q[8], q[7]
Gate(28447)	cx q[2], q[8]
Gate(28448)	tdg q[7]
Gate(28449)	cx q[2], q[7]
Gate(28450)	tdg q[2]
Gate(28451)	tdg q[7]
Gate(28452)	 t q[8]
Gate(28453)	cx q[8], q[7]
Gate(28454)	cx q[2], q[8]
Gate(28455)	cx q[7], q[2]
Gate(28456)	 h q[8]
Gate(28457)	 h q[10]
Gate(28458)	 t q[1]
Gate(28459)	 t q[8]
Gate(28460)	 t q[10]
Gate(28461)	cx q[8], q[1]
Gate(28462)	cx q[10], q[8]
Gate(28463)	cx q[1], q[10]
Gate(28464)	tdg q[8]
Gate(28465)	cx q[1], q[8]
Gate(28466)	tdg q[1]
Gate(28467)	tdg q[8]
Gate(28468)	 t q[10]
Gate(28469)	cx q[10], q[8]
Gate(28470)	cx q[1], q[10]
Gate(28471)	cx q[8], q[1]
Gate(28472)	 h q[10]
Gate(28473)	 x q[2]
Gate(28474)	 h q[3]
Gate(28475)	 t q[6]
Gate(28476)	 t q[10]
Gate(28477)	 t q[3]
Gate(28478)	cx q[10], q[6]
Gate(28479)	cx q[3], q[10]
Gate(28480)	cx q[6], q[3]
Gate(28481)	tdg q[10]
Gate(28482)	cx q[6], q[10]
Gate(28483)	tdg q[6]
Gate(28484)	tdg q[10]
Gate(28485)	 t q[3]
Gate(28486)	cx q[3], q[10]
Gate(28487)	cx q[6], q[3]
Gate(28488)	cx q[10], q[6]
Gate(28489)	 h q[3]
Gate(28490)	 h q[10]
Gate(28491)	 t q[7]
Gate(28492)	 t q[5]
Gate(28493)	 t q[10]
Gate(28494)	cx q[5], q[7]
Gate(28495)	cx q[10], q[5]
Gate(28496)	cx q[7], q[10]
Gate(28497)	tdg q[5]
Gate(28498)	cx q[7], q[5]
Gate(28499)	tdg q[7]
Gate(28500)	tdg q[5]
Gate(28501)	 t q[10]
Gate(28502)	cx q[10], q[5]
Gate(28503)	cx q[7], q[10]
Gate(28504)	cx q[5], q[7]
Gate(28505)	 h q[10]
Gate(28506)	 h q[5]
Gate(28507)	 t q[9]
Gate(28508)	 t q[8]
Gate(28509)	 t q[5]
Gate(28510)	cx q[8], q[9]
Gate(28511)	cx q[5], q[8]
Gate(28512)	cx q[9], q[5]
Gate(28513)	tdg q[8]
Gate(28514)	cx q[9], q[8]
Gate(28515)	tdg q[9]
Gate(28516)	tdg q[8]
Gate(28517)	 t q[5]
Gate(28518)	cx q[5], q[8]
Gate(28519)	cx q[9], q[5]
Gate(28520)	cx q[8], q[9]
Gate(28521)	 h q[5]
Gate(28522)	 h q[10]
Gate(28523)	 t q[7]
Gate(28524)	 t q[5]
Gate(28525)	 t q[10]
Gate(28526)	cx q[5], q[7]
Gate(28527)	cx q[10], q[5]
Gate(28528)	cx q[7], q[10]
Gate(28529)	tdg q[5]
Gate(28530)	cx q[7], q[5]
Gate(28531)	tdg q[7]
Gate(28532)	tdg q[5]
Gate(28533)	 t q[10]
Gate(28534)	cx q[10], q[5]
Gate(28535)	cx q[7], q[10]
Gate(28536)	cx q[5], q[7]
Gate(28537)	 h q[10]
Gate(28538)	 h q[3]
Gate(28539)	 t q[6]
Gate(28540)	 t q[10]
Gate(28541)	 t q[3]
Gate(28542)	cx q[10], q[6]
Gate(28543)	cx q[3], q[10]
Gate(28544)	cx q[6], q[3]
Gate(28545)	tdg q[10]
Gate(28546)	cx q[6], q[10]
Gate(28547)	tdg q[6]
Gate(28548)	tdg q[10]
Gate(28549)	 t q[3]
Gate(28550)	cx q[3], q[10]
Gate(28551)	cx q[6], q[3]
Gate(28552)	cx q[10], q[6]
Gate(28553)	 h q[3]
Gate(28554)	 h q[10]
Gate(28555)	 t q[7]
Gate(28556)	 t q[5]
Gate(28557)	 t q[10]
Gate(28558)	cx q[5], q[7]
Gate(28559)	cx q[10], q[5]
Gate(28560)	cx q[7], q[10]
Gate(28561)	tdg q[5]
Gate(28562)	cx q[7], q[5]
Gate(28563)	tdg q[7]
Gate(28564)	tdg q[5]
Gate(28565)	 t q[10]
Gate(28566)	cx q[10], q[5]
Gate(28567)	cx q[7], q[10]
Gate(28568)	cx q[5], q[7]
Gate(28569)	 h q[10]
Gate(28570)	 h q[5]
Gate(28571)	 t q[9]
Gate(28572)	 t q[8]
Gate(28573)	 t q[5]
Gate(28574)	cx q[8], q[9]
Gate(28575)	cx q[5], q[8]
Gate(28576)	cx q[9], q[5]
Gate(28577)	tdg q[8]
Gate(28578)	cx q[9], q[8]
Gate(28579)	tdg q[9]
Gate(28580)	tdg q[8]
Gate(28581)	 t q[5]
Gate(28582)	cx q[5], q[8]
Gate(28583)	cx q[9], q[5]
Gate(28584)	cx q[8], q[9]
Gate(28585)	 h q[5]
Gate(28586)	 h q[10]
Gate(28587)	 t q[7]
Gate(28588)	 t q[5]
Gate(28589)	 t q[10]
Gate(28590)	cx q[5], q[7]
Gate(28591)	cx q[10], q[5]
Gate(28592)	cx q[7], q[10]
Gate(28593)	tdg q[5]
Gate(28594)	cx q[7], q[5]
Gate(28595)	tdg q[7]
Gate(28596)	tdg q[5]
Gate(28597)	 t q[10]
Gate(28598)	cx q[10], q[5]
Gate(28599)	cx q[7], q[10]
Gate(28600)	cx q[5], q[7]
Gate(28601)	 h q[10]
Gate(28602)	 h q[0]
Gate(28603)	 t q[3]
Gate(28604)	 t q[10]
Gate(28605)	 t q[0]
Gate(28606)	cx q[10], q[3]
Gate(28607)	cx q[0], q[10]
Gate(28608)	cx q[3], q[0]
Gate(28609)	tdg q[10]
Gate(28610)	cx q[3], q[10]
Gate(28611)	tdg q[3]
Gate(28612)	tdg q[10]
Gate(28613)	 t q[0]
Gate(28614)	cx q[0], q[10]
Gate(28615)	cx q[3], q[0]
Gate(28616)	cx q[10], q[3]
Gate(28617)	 h q[0]
Gate(28618)	 h q[10]
Gate(28619)	 t q[1]
Gate(28620)	 t q[9]
Gate(28621)	 t q[10]
Gate(28622)	cx q[9], q[1]
Gate(28623)	cx q[10], q[9]
Gate(28624)	cx q[1], q[10]
Gate(28625)	tdg q[9]
Gate(28626)	cx q[1], q[9]
Gate(28627)	tdg q[1]
Gate(28628)	tdg q[9]
Gate(28629)	 t q[10]
Gate(28630)	cx q[10], q[9]
Gate(28631)	cx q[1], q[10]
Gate(28632)	cx q[9], q[1]
Gate(28633)	 h q[10]
Gate(28634)	 h q[9]
Gate(28635)	 t q[2]
Gate(28636)	 t q[8]
Gate(28637)	 t q[9]
Gate(28638)	cx q[8], q[2]
Gate(28639)	cx q[9], q[8]
Gate(28640)	cx q[2], q[9]
Gate(28641)	tdg q[8]
Gate(28642)	cx q[2], q[8]
Gate(28643)	tdg q[2]
Gate(28644)	tdg q[8]
Gate(28645)	 t q[9]
Gate(28646)	cx q[9], q[8]
Gate(28647)	cx q[2], q[9]
Gate(28648)	cx q[8], q[2]
Gate(28649)	 h q[9]
Gate(28650)	 h q[8]
Gate(28651)	 t q[5]
Gate(28652)	 t q[4]
Gate(28653)	 t q[8]
Gate(28654)	cx q[4], q[5]
Gate(28655)	cx q[8], q[4]
Gate(28656)	cx q[5], q[8]
Gate(28657)	tdg q[4]
Gate(28658)	cx q[5], q[4]
Gate(28659)	tdg q[5]
Gate(28660)	tdg q[4]
Gate(28661)	 t q[8]
Gate(28662)	cx q[8], q[4]
Gate(28663)	cx q[5], q[8]
Gate(28664)	cx q[4], q[5]
Gate(28665)	 h q[8]
Gate(28666)	 h q[9]
Gate(28667)	 t q[2]
Gate(28668)	 t q[8]
Gate(28669)	 t q[9]
Gate(28670)	cx q[8], q[2]
Gate(28671)	cx q[9], q[8]
Gate(28672)	cx q[2], q[9]
Gate(28673)	tdg q[8]
Gate(28674)	cx q[2], q[8]
Gate(28675)	tdg q[2]
Gate(28676)	tdg q[8]
Gate(28677)	 t q[9]
Gate(28678)	cx q[9], q[8]
Gate(28679)	cx q[2], q[9]
Gate(28680)	cx q[8], q[2]
Gate(28681)	 h q[9]
Gate(28682)	 h q[10]
Gate(28683)	 t q[1]
Gate(28684)	 t q[9]
Gate(28685)	 t q[10]
Gate(28686)	cx q[9], q[1]
Gate(28687)	cx q[10], q[9]
Gate(28688)	cx q[1], q[10]
Gate(28689)	tdg q[9]
Gate(28690)	cx q[1], q[9]
Gate(28691)	tdg q[1]
Gate(28692)	tdg q[9]
Gate(28693)	 t q[10]
Gate(28694)	cx q[10], q[9]
Gate(28695)	cx q[1], q[10]
Gate(28696)	cx q[9], q[1]
Gate(28697)	 h q[10]
Gate(28698)	 h q[0]
Gate(28699)	 t q[3]
Gate(28700)	 t q[10]
Gate(28701)	 t q[0]
Gate(28702)	cx q[10], q[3]
Gate(28703)	cx q[0], q[10]
Gate(28704)	cx q[3], q[0]
Gate(28705)	tdg q[10]
Gate(28706)	cx q[3], q[10]
Gate(28707)	tdg q[3]
Gate(28708)	tdg q[10]
Gate(28709)	 t q[0]
Gate(28710)	cx q[0], q[10]
Gate(28711)	cx q[3], q[0]
Gate(28712)	cx q[10], q[3]
Gate(28713)	 h q[0]
Gate(28714)	 h q[10]
Gate(28715)	 t q[1]
Gate(28716)	 t q[9]
Gate(28717)	 t q[10]
Gate(28718)	cx q[9], q[1]
Gate(28719)	cx q[10], q[9]
Gate(28720)	cx q[1], q[10]
Gate(28721)	tdg q[9]
Gate(28722)	cx q[1], q[9]
Gate(28723)	tdg q[1]
Gate(28724)	tdg q[9]
Gate(28725)	 t q[10]
Gate(28726)	cx q[10], q[9]
Gate(28727)	cx q[1], q[10]
Gate(28728)	cx q[9], q[1]
Gate(28729)	 h q[10]
Gate(28730)	 h q[9]
Gate(28731)	 t q[2]
Gate(28732)	 t q[8]
Gate(28733)	 t q[9]
Gate(28734)	cx q[8], q[2]
Gate(28735)	cx q[9], q[8]
Gate(28736)	cx q[2], q[9]
Gate(28737)	tdg q[8]
Gate(28738)	cx q[2], q[8]
Gate(28739)	tdg q[2]
Gate(28740)	tdg q[8]
Gate(28741)	 t q[9]
Gate(28742)	cx q[9], q[8]
Gate(28743)	cx q[2], q[9]
Gate(28744)	cx q[8], q[2]
Gate(28745)	 h q[9]
Gate(28746)	 h q[8]
Gate(28747)	 t q[5]
Gate(28748)	 t q[4]
Gate(28749)	 t q[8]
Gate(28750)	cx q[4], q[5]
Gate(28751)	cx q[8], q[4]
Gate(28752)	cx q[5], q[8]
Gate(28753)	tdg q[4]
Gate(28754)	cx q[5], q[4]
Gate(28755)	tdg q[5]
Gate(28756)	tdg q[4]
Gate(28757)	 t q[8]
Gate(28758)	cx q[8], q[4]
Gate(28759)	cx q[5], q[8]
Gate(28760)	cx q[4], q[5]
Gate(28761)	 h q[8]
Gate(28762)	 h q[9]
Gate(28763)	 t q[2]
Gate(28764)	 t q[8]
Gate(28765)	 t q[9]
Gate(28766)	cx q[8], q[2]
Gate(28767)	cx q[9], q[8]
Gate(28768)	cx q[2], q[9]
Gate(28769)	tdg q[8]
Gate(28770)	cx q[2], q[8]
Gate(28771)	tdg q[2]
Gate(28772)	tdg q[8]
Gate(28773)	 t q[9]
Gate(28774)	cx q[9], q[8]
Gate(28775)	cx q[2], q[9]
Gate(28776)	cx q[8], q[2]
Gate(28777)	 h q[9]
Gate(28778)	 h q[10]
Gate(28779)	 t q[1]
Gate(28780)	 t q[9]
Gate(28781)	 t q[10]
Gate(28782)	cx q[9], q[1]
Gate(28783)	cx q[10], q[9]
Gate(28784)	cx q[1], q[10]
Gate(28785)	tdg q[9]
Gate(28786)	cx q[1], q[9]
Gate(28787)	tdg q[1]
Gate(28788)	tdg q[9]
Gate(28789)	 t q[10]
Gate(28790)	cx q[10], q[9]
Gate(28791)	cx q[1], q[10]
Gate(28792)	cx q[9], q[1]
Gate(28793)	 h q[10]
Gate(28794)	 h q[3]
Gate(28795)	 t q[6]
Gate(28796)	 t q[10]
Gate(28797)	 t q[3]
Gate(28798)	cx q[10], q[6]
Gate(28799)	cx q[3], q[10]
Gate(28800)	cx q[6], q[3]
Gate(28801)	tdg q[10]
Gate(28802)	cx q[6], q[10]
Gate(28803)	tdg q[6]
Gate(28804)	tdg q[10]
Gate(28805)	 t q[3]
Gate(28806)	cx q[3], q[10]
Gate(28807)	cx q[6], q[3]
Gate(28808)	cx q[10], q[6]
Gate(28809)	 h q[3]
Gate(28810)	 h q[10]
Gate(28811)	 t q[7]
Gate(28812)	 t q[5]
Gate(28813)	 t q[10]
Gate(28814)	cx q[5], q[7]
Gate(28815)	cx q[10], q[5]
Gate(28816)	cx q[7], q[10]
Gate(28817)	tdg q[5]
Gate(28818)	cx q[7], q[5]
Gate(28819)	tdg q[7]
Gate(28820)	tdg q[5]
Gate(28821)	 t q[10]
Gate(28822)	cx q[10], q[5]
Gate(28823)	cx q[7], q[10]
Gate(28824)	cx q[5], q[7]
Gate(28825)	 h q[10]
Gate(28826)	 h q[5]
Gate(28827)	 t q[9]
Gate(28828)	 t q[8]
Gate(28829)	 t q[5]
Gate(28830)	cx q[8], q[9]
Gate(28831)	cx q[5], q[8]
Gate(28832)	cx q[9], q[5]
Gate(28833)	tdg q[8]
Gate(28834)	cx q[9], q[8]
Gate(28835)	tdg q[9]
Gate(28836)	tdg q[8]
Gate(28837)	 t q[5]
Gate(28838)	cx q[5], q[8]
Gate(28839)	cx q[9], q[5]
Gate(28840)	cx q[8], q[9]
Gate(28841)	 h q[5]
Gate(28842)	 h q[10]
Gate(28843)	 t q[7]
Gate(28844)	 t q[5]
Gate(28845)	 t q[10]
Gate(28846)	cx q[5], q[7]
Gate(28847)	cx q[10], q[5]
Gate(28848)	cx q[7], q[10]
Gate(28849)	tdg q[5]
Gate(28850)	cx q[7], q[5]
Gate(28851)	tdg q[7]
Gate(28852)	tdg q[5]
Gate(28853)	 t q[10]
Gate(28854)	cx q[10], q[5]
Gate(28855)	cx q[7], q[10]
Gate(28856)	cx q[5], q[7]
Gate(28857)	 h q[10]
Gate(28858)	 h q[3]
Gate(28859)	 t q[6]
Gate(28860)	 t q[10]
Gate(28861)	 t q[3]
Gate(28862)	cx q[10], q[6]
Gate(28863)	cx q[3], q[10]
Gate(28864)	cx q[6], q[3]
Gate(28865)	tdg q[10]
Gate(28866)	cx q[6], q[10]
Gate(28867)	tdg q[6]
Gate(28868)	tdg q[10]
Gate(28869)	 t q[3]
Gate(28870)	cx q[3], q[10]
Gate(28871)	cx q[6], q[3]
Gate(28872)	cx q[10], q[6]
Gate(28873)	 h q[3]
Gate(28874)	 h q[10]
Gate(28875)	 t q[7]
Gate(28876)	 t q[5]
Gate(28877)	 t q[10]
Gate(28878)	cx q[5], q[7]
Gate(28879)	cx q[10], q[5]
Gate(28880)	cx q[7], q[10]
Gate(28881)	tdg q[5]
Gate(28882)	cx q[7], q[5]
Gate(28883)	tdg q[7]
Gate(28884)	tdg q[5]
Gate(28885)	 t q[10]
Gate(28886)	cx q[10], q[5]
Gate(28887)	cx q[7], q[10]
Gate(28888)	cx q[5], q[7]
Gate(28889)	 h q[10]
Gate(28890)	 h q[5]
Gate(28891)	 t q[9]
Gate(28892)	 t q[8]
Gate(28893)	 t q[5]
Gate(28894)	cx q[8], q[9]
Gate(28895)	cx q[5], q[8]
Gate(28896)	cx q[9], q[5]
Gate(28897)	tdg q[8]
Gate(28898)	cx q[9], q[8]
Gate(28899)	tdg q[9]
Gate(28900)	tdg q[8]
Gate(28901)	 t q[5]
Gate(28902)	cx q[5], q[8]
Gate(28903)	cx q[9], q[5]
Gate(28904)	cx q[8], q[9]
Gate(28905)	 h q[5]
Gate(28906)	 h q[10]
Gate(28907)	 t q[7]
Gate(28908)	 t q[5]
Gate(28909)	 t q[10]
Gate(28910)	cx q[5], q[7]
Gate(28911)	cx q[10], q[5]
Gate(28912)	cx q[7], q[10]
Gate(28913)	tdg q[5]
Gate(28914)	cx q[7], q[5]
Gate(28915)	tdg q[7]
Gate(28916)	tdg q[5]
Gate(28917)	 t q[10]
Gate(28918)	cx q[10], q[5]
Gate(28919)	cx q[7], q[10]
Gate(28920)	cx q[5], q[7]
Gate(28921)	 h q[10]
Gate(28922)	 h q[0]
Gate(28923)	 t q[3]
Gate(28924)	 t q[10]
Gate(28925)	 t q[0]
Gate(28926)	cx q[10], q[3]
Gate(28927)	cx q[0], q[10]
Gate(28928)	cx q[3], q[0]
Gate(28929)	tdg q[10]
Gate(28930)	cx q[3], q[10]
Gate(28931)	tdg q[3]
Gate(28932)	tdg q[10]
Gate(28933)	 t q[0]
Gate(28934)	cx q[0], q[10]
Gate(28935)	cx q[3], q[0]
Gate(28936)	cx q[10], q[3]
Gate(28937)	 h q[0]
Gate(28938)	 h q[10]
Gate(28939)	 t q[1]
Gate(28940)	 t q[9]
Gate(28941)	 t q[10]
Gate(28942)	cx q[9], q[1]
Gate(28943)	cx q[10], q[9]
Gate(28944)	cx q[1], q[10]
Gate(28945)	tdg q[9]
Gate(28946)	cx q[1], q[9]
Gate(28947)	tdg q[1]
Gate(28948)	tdg q[9]
Gate(28949)	 t q[10]
Gate(28950)	cx q[10], q[9]
Gate(28951)	cx q[1], q[10]
Gate(28952)	cx q[9], q[1]
Gate(28953)	 h q[10]
Gate(28954)	 h q[9]
Gate(28955)	 t q[2]
Gate(28956)	 t q[8]
Gate(28957)	 t q[9]
Gate(28958)	cx q[8], q[2]
Gate(28959)	cx q[9], q[8]
Gate(28960)	cx q[2], q[9]
Gate(28961)	tdg q[8]
Gate(28962)	cx q[2], q[8]
Gate(28963)	tdg q[2]
Gate(28964)	tdg q[8]
Gate(28965)	 t q[9]
Gate(28966)	cx q[9], q[8]
Gate(28967)	cx q[2], q[9]
Gate(28968)	cx q[8], q[2]
Gate(28969)	 h q[9]
Gate(28970)	 h q[8]
Gate(28971)	 t q[5]
Gate(28972)	 t q[4]
Gate(28973)	 t q[8]
Gate(28974)	cx q[4], q[5]
Gate(28975)	cx q[8], q[4]
Gate(28976)	cx q[5], q[8]
Gate(28977)	tdg q[4]
Gate(28978)	cx q[5], q[4]
Gate(28979)	tdg q[5]
Gate(28980)	tdg q[4]
Gate(28981)	 t q[8]
Gate(28982)	cx q[8], q[4]
Gate(28983)	cx q[5], q[8]
Gate(28984)	cx q[4], q[5]
Gate(28985)	 h q[8]
Gate(28986)	 h q[9]
Gate(28987)	 t q[2]
Gate(28988)	 t q[8]
Gate(28989)	 t q[9]
Gate(28990)	cx q[8], q[2]
Gate(28991)	cx q[9], q[8]
Gate(28992)	cx q[2], q[9]
Gate(28993)	tdg q[8]
Gate(28994)	cx q[2], q[8]
Gate(28995)	tdg q[2]
Gate(28996)	tdg q[8]
Gate(28997)	 t q[9]
Gate(28998)	cx q[9], q[8]
Gate(28999)	cx q[2], q[9]
Gate(29000)	cx q[8], q[2]
Gate(29001)	 h q[9]
Gate(29002)	 h q[10]
Gate(29003)	 t q[1]
Gate(29004)	 t q[9]
Gate(29005)	 t q[10]
Gate(29006)	cx q[9], q[1]
Gate(29007)	cx q[10], q[9]
Gate(29008)	cx q[1], q[10]
Gate(29009)	tdg q[9]
Gate(29010)	cx q[1], q[9]
Gate(29011)	tdg q[1]
Gate(29012)	tdg q[9]
Gate(29013)	 t q[10]
Gate(29014)	cx q[10], q[9]
Gate(29015)	cx q[1], q[10]
Gate(29016)	cx q[9], q[1]
Gate(29017)	 h q[10]
Gate(29018)	 h q[0]
Gate(29019)	 t q[3]
Gate(29020)	 t q[10]
Gate(29021)	 t q[0]
Gate(29022)	cx q[10], q[3]
Gate(29023)	cx q[0], q[10]
Gate(29024)	cx q[3], q[0]
Gate(29025)	tdg q[10]
Gate(29026)	cx q[3], q[10]
Gate(29027)	tdg q[3]
Gate(29028)	tdg q[10]
Gate(29029)	 t q[0]
Gate(29030)	cx q[0], q[10]
Gate(29031)	cx q[3], q[0]
Gate(29032)	cx q[10], q[3]
Gate(29033)	 h q[0]
Gate(29034)	 h q[10]
Gate(29035)	 t q[1]
Gate(29036)	 t q[9]
Gate(29037)	 t q[10]
Gate(29038)	cx q[9], q[1]
Gate(29039)	cx q[10], q[9]
Gate(29040)	cx q[1], q[10]
Gate(29041)	tdg q[9]
Gate(29042)	cx q[1], q[9]
Gate(29043)	tdg q[1]
Gate(29044)	tdg q[9]
Gate(29045)	 t q[10]
Gate(29046)	cx q[10], q[9]
Gate(29047)	cx q[1], q[10]
Gate(29048)	cx q[9], q[1]
Gate(29049)	 h q[10]
Gate(29050)	 h q[9]
Gate(29051)	 t q[2]
Gate(29052)	 t q[8]
Gate(29053)	 t q[9]
Gate(29054)	cx q[8], q[2]
Gate(29055)	cx q[9], q[8]
Gate(29056)	cx q[2], q[9]
Gate(29057)	tdg q[8]
Gate(29058)	cx q[2], q[8]
Gate(29059)	tdg q[2]
Gate(29060)	tdg q[8]
Gate(29061)	 t q[9]
Gate(29062)	cx q[9], q[8]
Gate(29063)	cx q[2], q[9]
Gate(29064)	cx q[8], q[2]
Gate(29065)	 h q[9]
Gate(29066)	 h q[8]
Gate(29067)	 t q[5]
Gate(29068)	 t q[4]
Gate(29069)	 t q[8]
Gate(29070)	cx q[4], q[5]
Gate(29071)	cx q[8], q[4]
Gate(29072)	cx q[5], q[8]
Gate(29073)	tdg q[4]
Gate(29074)	cx q[5], q[4]
Gate(29075)	tdg q[5]
Gate(29076)	tdg q[4]
Gate(29077)	 t q[8]
Gate(29078)	cx q[8], q[4]
Gate(29079)	cx q[5], q[8]
Gate(29080)	cx q[4], q[5]
Gate(29081)	 h q[8]
Gate(29082)	 h q[9]
Gate(29083)	 t q[2]
Gate(29084)	 t q[8]
Gate(29085)	 t q[9]
Gate(29086)	cx q[8], q[2]
Gate(29087)	cx q[9], q[8]
Gate(29088)	cx q[2], q[9]
Gate(29089)	tdg q[8]
Gate(29090)	cx q[2], q[8]
Gate(29091)	tdg q[2]
Gate(29092)	tdg q[8]
Gate(29093)	 t q[9]
Gate(29094)	cx q[9], q[8]
Gate(29095)	cx q[2], q[9]
Gate(29096)	cx q[8], q[2]
Gate(29097)	 h q[9]
Gate(29098)	 h q[10]
Gate(29099)	 t q[1]
Gate(29100)	 t q[9]
Gate(29101)	 t q[10]
Gate(29102)	cx q[9], q[1]
Gate(29103)	cx q[10], q[9]
Gate(29104)	cx q[1], q[10]
Gate(29105)	tdg q[9]
Gate(29106)	cx q[1], q[9]
Gate(29107)	tdg q[1]
Gate(29108)	tdg q[9]
Gate(29109)	 t q[10]
Gate(29110)	cx q[10], q[9]
Gate(29111)	cx q[1], q[10]
Gate(29112)	cx q[9], q[1]
Gate(29113)	 h q[10]
Gate(29114)	 h q[3]
Gate(29115)	 t q[6]
Gate(29116)	 t q[10]
Gate(29117)	 t q[3]
Gate(29118)	cx q[10], q[6]
Gate(29119)	cx q[3], q[10]
Gate(29120)	cx q[6], q[3]
Gate(29121)	tdg q[10]
Gate(29122)	cx q[6], q[10]
Gate(29123)	tdg q[6]
Gate(29124)	tdg q[10]
Gate(29125)	 t q[3]
Gate(29126)	cx q[3], q[10]
Gate(29127)	cx q[6], q[3]
Gate(29128)	cx q[10], q[6]
Gate(29129)	 h q[3]
Gate(29130)	 h q[10]
Gate(29131)	 t q[9]
Gate(29132)	 t q[7]
Gate(29133)	 t q[10]
Gate(29134)	cx q[7], q[9]
Gate(29135)	cx q[10], q[7]
Gate(29136)	cx q[9], q[10]
Gate(29137)	tdg q[7]
Gate(29138)	cx q[9], q[7]
Gate(29139)	tdg q[9]
Gate(29140)	tdg q[7]
Gate(29141)	 t q[10]
Gate(29142)	cx q[10], q[7]
Gate(29143)	cx q[9], q[10]
Gate(29144)	cx q[7], q[9]
Gate(29145)	 h q[10]
Gate(29146)	 h q[3]
Gate(29147)	 t q[6]
Gate(29148)	 t q[10]
Gate(29149)	 t q[3]
Gate(29150)	cx q[10], q[6]
Gate(29151)	cx q[3], q[10]
Gate(29152)	cx q[6], q[3]
Gate(29153)	tdg q[10]
Gate(29154)	cx q[6], q[10]
Gate(29155)	tdg q[6]
Gate(29156)	tdg q[10]
Gate(29157)	 t q[3]
Gate(29158)	cx q[3], q[10]
Gate(29159)	cx q[6], q[3]
Gate(29160)	cx q[10], q[6]
Gate(29161)	 h q[3]
Gate(29162)	 h q[10]
Gate(29163)	 t q[9]
Gate(29164)	 t q[7]
Gate(29165)	 t q[10]
Gate(29166)	cx q[7], q[9]
Gate(29167)	cx q[10], q[7]
Gate(29168)	cx q[9], q[10]
Gate(29169)	tdg q[7]
Gate(29170)	cx q[9], q[7]
Gate(29171)	tdg q[9]
Gate(29172)	tdg q[7]
Gate(29173)	 t q[10]
Gate(29174)	cx q[10], q[7]
Gate(29175)	cx q[9], q[10]
Gate(29176)	cx q[7], q[9]
Gate(29177)	 h q[10]
Gate(29178)	 h q[0]
Gate(29179)	 t q[3]
Gate(29180)	 t q[10]
Gate(29181)	 t q[0]
Gate(29182)	cx q[10], q[3]
Gate(29183)	cx q[0], q[10]
Gate(29184)	cx q[3], q[0]
Gate(29185)	tdg q[10]
Gate(29186)	cx q[3], q[10]
Gate(29187)	tdg q[3]
Gate(29188)	tdg q[10]
Gate(29189)	 t q[0]
Gate(29190)	cx q[0], q[10]
Gate(29191)	cx q[3], q[0]
Gate(29192)	cx q[10], q[3]
Gate(29193)	 h q[0]
Gate(29194)	 h q[10]
Gate(29195)	 t q[1]
Gate(29196)	 t q[9]
Gate(29197)	 t q[10]
Gate(29198)	cx q[9], q[1]
Gate(29199)	cx q[10], q[9]
Gate(29200)	cx q[1], q[10]
Gate(29201)	tdg q[9]
Gate(29202)	cx q[1], q[9]
Gate(29203)	tdg q[1]
Gate(29204)	tdg q[9]
Gate(29205)	 t q[10]
Gate(29206)	cx q[10], q[9]
Gate(29207)	cx q[1], q[10]
Gate(29208)	cx q[9], q[1]
Gate(29209)	 h q[10]
Gate(29210)	 h q[9]
Gate(29211)	 t q[2]
Gate(29212)	 t q[8]
Gate(29213)	 t q[9]
Gate(29214)	cx q[8], q[2]
Gate(29215)	cx q[9], q[8]
Gate(29216)	cx q[2], q[9]
Gate(29217)	tdg q[8]
Gate(29218)	cx q[2], q[8]
Gate(29219)	tdg q[2]
Gate(29220)	tdg q[8]
Gate(29221)	 t q[9]
Gate(29222)	cx q[9], q[8]
Gate(29223)	cx q[2], q[9]
Gate(29224)	cx q[8], q[2]
Gate(29225)	 h q[9]
Gate(29226)	 h q[8]
Gate(29227)	 t q[5]
Gate(29228)	 t q[4]
Gate(29229)	 t q[8]
Gate(29230)	cx q[4], q[5]
Gate(29231)	cx q[8], q[4]
Gate(29232)	cx q[5], q[8]
Gate(29233)	tdg q[4]
Gate(29234)	cx q[5], q[4]
Gate(29235)	tdg q[5]
Gate(29236)	tdg q[4]
Gate(29237)	 t q[8]
Gate(29238)	cx q[8], q[4]
Gate(29239)	cx q[5], q[8]
Gate(29240)	cx q[4], q[5]
Gate(29241)	 h q[8]
Gate(29242)	 h q[9]
Gate(29243)	 t q[2]
Gate(29244)	 t q[8]
Gate(29245)	 t q[9]
Gate(29246)	cx q[8], q[2]
Gate(29247)	cx q[9], q[8]
Gate(29248)	cx q[2], q[9]
Gate(29249)	tdg q[8]
Gate(29250)	cx q[2], q[8]
Gate(29251)	tdg q[2]
Gate(29252)	tdg q[8]
Gate(29253)	 t q[9]
Gate(29254)	cx q[9], q[8]
Gate(29255)	cx q[2], q[9]
Gate(29256)	cx q[8], q[2]
Gate(29257)	 h q[9]
Gate(29258)	 h q[10]
Gate(29259)	 t q[1]
Gate(29260)	 t q[9]
Gate(29261)	 t q[10]
Gate(29262)	cx q[9], q[1]
Gate(29263)	cx q[10], q[9]
Gate(29264)	cx q[1], q[10]
Gate(29265)	tdg q[9]
Gate(29266)	cx q[1], q[9]
Gate(29267)	tdg q[1]
Gate(29268)	tdg q[9]
Gate(29269)	 t q[10]
Gate(29270)	cx q[10], q[9]
Gate(29271)	cx q[1], q[10]
Gate(29272)	cx q[9], q[1]
Gate(29273)	 h q[10]
Gate(29274)	 h q[0]
Gate(29275)	 t q[3]
Gate(29276)	 t q[10]
Gate(29277)	 t q[0]
Gate(29278)	cx q[10], q[3]
Gate(29279)	cx q[0], q[10]
Gate(29280)	cx q[3], q[0]
Gate(29281)	tdg q[10]
Gate(29282)	cx q[3], q[10]
Gate(29283)	tdg q[3]
Gate(29284)	tdg q[10]
Gate(29285)	 t q[0]
Gate(29286)	cx q[0], q[10]
Gate(29287)	cx q[3], q[0]
Gate(29288)	cx q[10], q[3]
Gate(29289)	 h q[0]
Gate(29290)	 h q[10]
Gate(29291)	 t q[1]
Gate(29292)	 t q[9]
Gate(29293)	 t q[10]
Gate(29294)	cx q[9], q[1]
Gate(29295)	cx q[10], q[9]
Gate(29296)	cx q[1], q[10]
Gate(29297)	tdg q[9]
Gate(29298)	cx q[1], q[9]
Gate(29299)	tdg q[1]
Gate(29300)	tdg q[9]
Gate(29301)	 t q[10]
Gate(29302)	cx q[10], q[9]
Gate(29303)	cx q[1], q[10]
Gate(29304)	cx q[9], q[1]
Gate(29305)	 h q[10]
Gate(29306)	 h q[9]
Gate(29307)	 t q[2]
Gate(29308)	 t q[8]
Gate(29309)	 t q[9]
Gate(29310)	cx q[8], q[2]
Gate(29311)	cx q[9], q[8]
Gate(29312)	cx q[2], q[9]
Gate(29313)	tdg q[8]
Gate(29314)	cx q[2], q[8]
Gate(29315)	tdg q[2]
Gate(29316)	tdg q[8]
Gate(29317)	 t q[9]
Gate(29318)	cx q[9], q[8]
Gate(29319)	cx q[2], q[9]
Gate(29320)	cx q[8], q[2]
Gate(29321)	 h q[9]
Gate(29322)	 h q[8]
Gate(29323)	 t q[5]
Gate(29324)	 t q[4]
Gate(29325)	 t q[8]
Gate(29326)	cx q[4], q[5]
Gate(29327)	cx q[8], q[4]
Gate(29328)	cx q[5], q[8]
Gate(29329)	tdg q[4]
Gate(29330)	cx q[5], q[4]
Gate(29331)	tdg q[5]
Gate(29332)	tdg q[4]
Gate(29333)	 t q[8]
Gate(29334)	cx q[8], q[4]
Gate(29335)	cx q[5], q[8]
Gate(29336)	cx q[4], q[5]
Gate(29337)	 h q[8]
Gate(29338)	 h q[9]
Gate(29339)	 t q[2]
Gate(29340)	 t q[8]
Gate(29341)	 t q[9]
Gate(29342)	cx q[8], q[2]
Gate(29343)	cx q[9], q[8]
Gate(29344)	cx q[2], q[9]
Gate(29345)	tdg q[8]
Gate(29346)	cx q[2], q[8]
Gate(29347)	tdg q[2]
Gate(29348)	tdg q[8]
Gate(29349)	 t q[9]
Gate(29350)	cx q[9], q[8]
Gate(29351)	cx q[2], q[9]
Gate(29352)	cx q[8], q[2]
Gate(29353)	 h q[9]
Gate(29354)	 h q[10]
Gate(29355)	 t q[1]
Gate(29356)	 t q[9]
Gate(29357)	 t q[10]
Gate(29358)	cx q[9], q[1]
Gate(29359)	cx q[10], q[9]
Gate(29360)	cx q[1], q[10]
Gate(29361)	tdg q[9]
Gate(29362)	cx q[1], q[9]
Gate(29363)	tdg q[1]
Gate(29364)	tdg q[9]
Gate(29365)	 t q[10]
Gate(29366)	cx q[10], q[9]
Gate(29367)	cx q[1], q[10]
Gate(29368)	cx q[9], q[1]
Gate(29369)	 h q[10]
Gate(29370)	 h q[3]
Gate(29371)	 t q[6]
Gate(29372)	 t q[10]
Gate(29373)	 t q[3]
Gate(29374)	cx q[10], q[6]
Gate(29375)	cx q[3], q[10]
Gate(29376)	cx q[6], q[3]
Gate(29377)	tdg q[10]
Gate(29378)	cx q[6], q[10]
Gate(29379)	tdg q[6]
Gate(29380)	tdg q[10]
Gate(29381)	 t q[3]
Gate(29382)	cx q[3], q[10]
Gate(29383)	cx q[6], q[3]
Gate(29384)	cx q[10], q[6]
Gate(29385)	 h q[3]
Gate(29386)	 h q[10]
Gate(29387)	 t q[9]
Gate(29388)	 t q[7]
Gate(29389)	 t q[10]
Gate(29390)	cx q[7], q[9]
Gate(29391)	cx q[10], q[7]
Gate(29392)	cx q[9], q[10]
Gate(29393)	tdg q[7]
Gate(29394)	cx q[9], q[7]
Gate(29395)	tdg q[9]
Gate(29396)	tdg q[7]
Gate(29397)	 t q[10]
Gate(29398)	cx q[10], q[7]
Gate(29399)	cx q[9], q[10]
Gate(29400)	cx q[7], q[9]
Gate(29401)	 h q[10]
Gate(29402)	 h q[3]
Gate(29403)	 t q[6]
Gate(29404)	 t q[10]
Gate(29405)	 t q[3]
Gate(29406)	cx q[10], q[6]
Gate(29407)	cx q[3], q[10]
Gate(29408)	cx q[6], q[3]
Gate(29409)	tdg q[10]
Gate(29410)	cx q[6], q[10]
Gate(29411)	tdg q[6]
Gate(29412)	tdg q[10]
Gate(29413)	 t q[3]
Gate(29414)	cx q[3], q[10]
Gate(29415)	cx q[6], q[3]
Gate(29416)	cx q[10], q[6]
Gate(29417)	 h q[3]
Gate(29418)	 h q[10]
Gate(29419)	 t q[9]
Gate(29420)	 t q[7]
Gate(29421)	 t q[10]
Gate(29422)	cx q[7], q[9]
Gate(29423)	cx q[10], q[7]
Gate(29424)	cx q[9], q[10]
Gate(29425)	tdg q[7]
Gate(29426)	cx q[9], q[7]
Gate(29427)	tdg q[9]
Gate(29428)	tdg q[7]
Gate(29429)	 t q[10]
Gate(29430)	cx q[10], q[7]
Gate(29431)	cx q[9], q[10]
Gate(29432)	cx q[7], q[9]
Gate(29433)	 h q[10]
Gate(29434)	 h q[0]
Gate(29435)	 t q[3]
Gate(29436)	 t q[10]
Gate(29437)	 t q[0]
Gate(29438)	cx q[10], q[3]
Gate(29439)	cx q[0], q[10]
Gate(29440)	cx q[3], q[0]
Gate(29441)	tdg q[10]
Gate(29442)	cx q[3], q[10]
Gate(29443)	tdg q[3]
Gate(29444)	tdg q[10]
Gate(29445)	 t q[0]
Gate(29446)	cx q[0], q[10]
Gate(29447)	cx q[3], q[0]
Gate(29448)	cx q[10], q[3]
Gate(29449)	 h q[0]
Gate(29450)	 h q[10]
Gate(29451)	 t q[1]
Gate(29452)	 t q[9]
Gate(29453)	 t q[10]
Gate(29454)	cx q[9], q[1]
Gate(29455)	cx q[10], q[9]
Gate(29456)	cx q[1], q[10]
Gate(29457)	tdg q[9]
Gate(29458)	cx q[1], q[9]
Gate(29459)	tdg q[1]
Gate(29460)	tdg q[9]
Gate(29461)	 t q[10]
Gate(29462)	cx q[10], q[9]
Gate(29463)	cx q[1], q[10]
Gate(29464)	cx q[9], q[1]
Gate(29465)	 h q[10]
Gate(29466)	 h q[9]
Gate(29467)	 t q[2]
Gate(29468)	 t q[8]
Gate(29469)	 t q[9]
Gate(29470)	cx q[8], q[2]
Gate(29471)	cx q[9], q[8]
Gate(29472)	cx q[2], q[9]
Gate(29473)	tdg q[8]
Gate(29474)	cx q[2], q[8]
Gate(29475)	tdg q[2]
Gate(29476)	tdg q[8]
Gate(29477)	 t q[9]
Gate(29478)	cx q[9], q[8]
Gate(29479)	cx q[2], q[9]
Gate(29480)	cx q[8], q[2]
Gate(29481)	 h q[9]
Gate(29482)	 h q[8]
Gate(29483)	 t q[5]
Gate(29484)	 t q[4]
Gate(29485)	 t q[8]
Gate(29486)	cx q[4], q[5]
Gate(29487)	cx q[8], q[4]
Gate(29488)	cx q[5], q[8]
Gate(29489)	tdg q[4]
Gate(29490)	cx q[5], q[4]
Gate(29491)	tdg q[5]
Gate(29492)	tdg q[4]
Gate(29493)	 t q[8]
Gate(29494)	cx q[8], q[4]
Gate(29495)	cx q[5], q[8]
Gate(29496)	cx q[4], q[5]
Gate(29497)	 h q[8]
Gate(29498)	 h q[9]
Gate(29499)	 t q[2]
Gate(29500)	 t q[8]
Gate(29501)	 t q[9]
Gate(29502)	cx q[8], q[2]
Gate(29503)	cx q[9], q[8]
Gate(29504)	cx q[2], q[9]
Gate(29505)	tdg q[8]
Gate(29506)	cx q[2], q[8]
Gate(29507)	tdg q[2]
Gate(29508)	tdg q[8]
Gate(29509)	 t q[9]
Gate(29510)	cx q[9], q[8]
Gate(29511)	cx q[2], q[9]
Gate(29512)	cx q[8], q[2]
Gate(29513)	 h q[9]
Gate(29514)	 h q[10]
Gate(29515)	 t q[1]
Gate(29516)	 t q[9]
Gate(29517)	 t q[10]
Gate(29518)	cx q[9], q[1]
Gate(29519)	cx q[10], q[9]
Gate(29520)	cx q[1], q[10]
Gate(29521)	tdg q[9]
Gate(29522)	cx q[1], q[9]
Gate(29523)	tdg q[1]
Gate(29524)	tdg q[9]
Gate(29525)	 t q[10]
Gate(29526)	cx q[10], q[9]
Gate(29527)	cx q[1], q[10]
Gate(29528)	cx q[9], q[1]
Gate(29529)	 h q[10]
Gate(29530)	 h q[0]
Gate(29531)	 t q[3]
Gate(29532)	 t q[10]
Gate(29533)	 t q[0]
Gate(29534)	cx q[10], q[3]
Gate(29535)	cx q[0], q[10]
Gate(29536)	cx q[3], q[0]
Gate(29537)	tdg q[10]
Gate(29538)	cx q[3], q[10]
Gate(29539)	tdg q[3]
Gate(29540)	tdg q[10]
Gate(29541)	 t q[0]
Gate(29542)	cx q[0], q[10]
Gate(29543)	cx q[3], q[0]
Gate(29544)	cx q[10], q[3]
Gate(29545)	 h q[0]
Gate(29546)	 h q[10]
Gate(29547)	 t q[1]
Gate(29548)	 t q[9]
Gate(29549)	 t q[10]
Gate(29550)	cx q[9], q[1]
Gate(29551)	cx q[10], q[9]
Gate(29552)	cx q[1], q[10]
Gate(29553)	tdg q[9]
Gate(29554)	cx q[1], q[9]
Gate(29555)	tdg q[1]
Gate(29556)	tdg q[9]
Gate(29557)	 t q[10]
Gate(29558)	cx q[10], q[9]
Gate(29559)	cx q[1], q[10]
Gate(29560)	cx q[9], q[1]
Gate(29561)	 h q[10]
Gate(29562)	 h q[9]
Gate(29563)	 t q[2]
Gate(29564)	 t q[8]
Gate(29565)	 t q[9]
Gate(29566)	cx q[8], q[2]
Gate(29567)	cx q[9], q[8]
Gate(29568)	cx q[2], q[9]
Gate(29569)	tdg q[8]
Gate(29570)	cx q[2], q[8]
Gate(29571)	tdg q[2]
Gate(29572)	tdg q[8]
Gate(29573)	 t q[9]
Gate(29574)	cx q[9], q[8]
Gate(29575)	cx q[2], q[9]
Gate(29576)	cx q[8], q[2]
Gate(29577)	 h q[9]
Gate(29578)	 h q[8]
Gate(29579)	 t q[5]
Gate(29580)	 t q[4]
Gate(29581)	 t q[8]
Gate(29582)	cx q[4], q[5]
Gate(29583)	cx q[8], q[4]
Gate(29584)	cx q[5], q[8]
Gate(29585)	tdg q[4]
Gate(29586)	cx q[5], q[4]
Gate(29587)	tdg q[5]
Gate(29588)	tdg q[4]
Gate(29589)	 t q[8]
Gate(29590)	cx q[8], q[4]
Gate(29591)	cx q[5], q[8]
Gate(29592)	cx q[4], q[5]
Gate(29593)	 h q[8]
Gate(29594)	 h q[9]
Gate(29595)	 t q[2]
Gate(29596)	 t q[8]
Gate(29597)	 t q[9]
Gate(29598)	cx q[8], q[2]
Gate(29599)	cx q[9], q[8]
Gate(29600)	cx q[2], q[9]
Gate(29601)	tdg q[8]
Gate(29602)	cx q[2], q[8]
Gate(29603)	tdg q[2]
Gate(29604)	tdg q[8]
Gate(29605)	 t q[9]
Gate(29606)	cx q[9], q[8]
Gate(29607)	cx q[2], q[9]
Gate(29608)	cx q[8], q[2]
Gate(29609)	 h q[9]
Gate(29610)	 h q[10]
Gate(29611)	 t q[1]
Gate(29612)	 t q[9]
Gate(29613)	 t q[10]
Gate(29614)	cx q[9], q[1]
Gate(29615)	cx q[10], q[9]
Gate(29616)	cx q[1], q[10]
Gate(29617)	tdg q[9]
Gate(29618)	cx q[1], q[9]
Gate(29619)	tdg q[1]
Gate(29620)	tdg q[9]
Gate(29621)	 t q[10]
Gate(29622)	cx q[10], q[9]
Gate(29623)	cx q[1], q[10]
Gate(29624)	cx q[9], q[1]
Gate(29625)	 h q[10]
Gate(29626)	 h q[2]
Gate(29627)	 t q[6]
Gate(29628)	 t q[10]
Gate(29629)	 t q[2]
Gate(29630)	cx q[10], q[6]
Gate(29631)	cx q[2], q[10]
Gate(29632)	cx q[6], q[2]
Gate(29633)	tdg q[10]
Gate(29634)	cx q[6], q[10]
Gate(29635)	tdg q[6]
Gate(29636)	tdg q[10]
Gate(29637)	 t q[2]
Gate(29638)	cx q[2], q[10]
Gate(29639)	cx q[6], q[2]
Gate(29640)	cx q[10], q[6]
Gate(29641)	 h q[2]
Gate(29642)	 h q[10]
Gate(29643)	 t q[9]
Gate(29644)	 t q[7]
Gate(29645)	 t q[10]
Gate(29646)	cx q[7], q[9]
Gate(29647)	cx q[10], q[7]
Gate(29648)	cx q[9], q[10]
Gate(29649)	tdg q[7]
Gate(29650)	cx q[9], q[7]
Gate(29651)	tdg q[9]
Gate(29652)	tdg q[7]
Gate(29653)	 t q[10]
Gate(29654)	cx q[10], q[7]
Gate(29655)	cx q[9], q[10]
Gate(29656)	cx q[7], q[9]
Gate(29657)	 h q[10]
Gate(29658)	 h q[2]
Gate(29659)	 t q[6]
Gate(29660)	 t q[10]
Gate(29661)	 t q[2]
Gate(29662)	cx q[10], q[6]
Gate(29663)	cx q[2], q[10]
Gate(29664)	cx q[6], q[2]
Gate(29665)	tdg q[10]
Gate(29666)	cx q[6], q[10]
Gate(29667)	tdg q[6]
Gate(29668)	tdg q[10]
Gate(29669)	 t q[2]
Gate(29670)	cx q[2], q[10]
Gate(29671)	cx q[6], q[2]
Gate(29672)	cx q[10], q[6]
Gate(29673)	 h q[2]
Gate(29674)	 h q[10]
Gate(29675)	 t q[9]
Gate(29676)	 t q[7]
Gate(29677)	 t q[10]
Gate(29678)	cx q[7], q[9]
Gate(29679)	cx q[10], q[7]
Gate(29680)	cx q[9], q[10]
Gate(29681)	tdg q[7]
Gate(29682)	cx q[9], q[7]
Gate(29683)	tdg q[9]
Gate(29684)	tdg q[7]
Gate(29685)	 t q[10]
Gate(29686)	cx q[10], q[7]
Gate(29687)	cx q[9], q[10]
Gate(29688)	cx q[7], q[9]
Gate(29689)	 h q[10]
Gate(29690)	 h q[0]
Gate(29691)	 t q[2]
Gate(29692)	 t q[10]
Gate(29693)	 t q[0]
Gate(29694)	cx q[10], q[2]
Gate(29695)	cx q[0], q[10]
Gate(29696)	cx q[2], q[0]
Gate(29697)	tdg q[10]
Gate(29698)	cx q[2], q[10]
Gate(29699)	tdg q[2]
Gate(29700)	tdg q[10]
Gate(29701)	 t q[0]
Gate(29702)	cx q[0], q[10]
Gate(29703)	cx q[2], q[0]
Gate(29704)	cx q[10], q[2]
Gate(29705)	 h q[0]
Gate(29706)	 h q[10]
Gate(29707)	 t q[1]
Gate(29708)	 t q[9]
Gate(29709)	 t q[10]
Gate(29710)	cx q[9], q[1]
Gate(29711)	cx q[10], q[9]
Gate(29712)	cx q[1], q[10]
Gate(29713)	tdg q[9]
Gate(29714)	cx q[1], q[9]
Gate(29715)	tdg q[1]
Gate(29716)	tdg q[9]
Gate(29717)	 t q[10]
Gate(29718)	cx q[10], q[9]
Gate(29719)	cx q[1], q[10]
Gate(29720)	cx q[9], q[1]
Gate(29721)	 h q[10]
Gate(29722)	 h q[9]
Gate(29723)	 t q[3]
Gate(29724)	 t q[8]
Gate(29725)	 t q[9]
Gate(29726)	cx q[8], q[3]
Gate(29727)	cx q[9], q[8]
Gate(29728)	cx q[3], q[9]
Gate(29729)	tdg q[8]
Gate(29730)	cx q[3], q[8]
Gate(29731)	tdg q[3]
Gate(29732)	tdg q[8]
Gate(29733)	 t q[9]
Gate(29734)	cx q[9], q[8]
Gate(29735)	cx q[3], q[9]
Gate(29736)	cx q[8], q[3]
Gate(29737)	 h q[9]
Gate(29738)	 h q[8]
Gate(29739)	 t q[5]
Gate(29740)	 t q[4]
Gate(29741)	 t q[8]
Gate(29742)	cx q[4], q[5]
Gate(29743)	cx q[8], q[4]
Gate(29744)	cx q[5], q[8]
Gate(29745)	tdg q[4]
Gate(29746)	cx q[5], q[4]
Gate(29747)	tdg q[5]
Gate(29748)	tdg q[4]
Gate(29749)	 t q[8]
Gate(29750)	cx q[8], q[4]
Gate(29751)	cx q[5], q[8]
Gate(29752)	cx q[4], q[5]
Gate(29753)	 h q[8]
Gate(29754)	 h q[9]
Gate(29755)	 t q[3]
Gate(29756)	 t q[8]
Gate(29757)	 t q[9]
Gate(29758)	cx q[8], q[3]
Gate(29759)	cx q[9], q[8]
Gate(29760)	cx q[3], q[9]
Gate(29761)	tdg q[8]
Gate(29762)	cx q[3], q[8]
Gate(29763)	tdg q[3]
Gate(29764)	tdg q[8]
Gate(29765)	 t q[9]
Gate(29766)	cx q[9], q[8]
Gate(29767)	cx q[3], q[9]
Gate(29768)	cx q[8], q[3]
Gate(29769)	 h q[9]
Gate(29770)	 h q[10]
Gate(29771)	 t q[1]
Gate(29772)	 t q[9]
Gate(29773)	 t q[10]
Gate(29774)	cx q[9], q[1]
Gate(29775)	cx q[10], q[9]
Gate(29776)	cx q[1], q[10]
Gate(29777)	tdg q[9]
Gate(29778)	cx q[1], q[9]
Gate(29779)	tdg q[1]
Gate(29780)	tdg q[9]
Gate(29781)	 t q[10]
Gate(29782)	cx q[10], q[9]
Gate(29783)	cx q[1], q[10]
Gate(29784)	cx q[9], q[1]
Gate(29785)	 h q[10]
Gate(29786)	 h q[0]
Gate(29787)	 t q[2]
Gate(29788)	 t q[10]
Gate(29789)	 t q[0]
Gate(29790)	cx q[10], q[2]
Gate(29791)	cx q[0], q[10]
Gate(29792)	cx q[2], q[0]
Gate(29793)	tdg q[10]
Gate(29794)	cx q[2], q[10]
Gate(29795)	tdg q[2]
Gate(29796)	tdg q[10]
Gate(29797)	 t q[0]
Gate(29798)	cx q[0], q[10]
Gate(29799)	cx q[2], q[0]
Gate(29800)	cx q[10], q[2]
Gate(29801)	 h q[0]
Gate(29802)	 h q[10]
Gate(29803)	 t q[1]
Gate(29804)	 t q[9]
Gate(29805)	 t q[10]
Gate(29806)	cx q[9], q[1]
Gate(29807)	cx q[10], q[9]
Gate(29808)	cx q[1], q[10]
Gate(29809)	tdg q[9]
Gate(29810)	cx q[1], q[9]
Gate(29811)	tdg q[1]
Gate(29812)	tdg q[9]
Gate(29813)	 t q[10]
Gate(29814)	cx q[10], q[9]
Gate(29815)	cx q[1], q[10]
Gate(29816)	cx q[9], q[1]
Gate(29817)	 h q[10]
Gate(29818)	 h q[9]
Gate(29819)	 t q[3]
Gate(29820)	 t q[8]
Gate(29821)	 t q[9]
Gate(29822)	cx q[8], q[3]
Gate(29823)	cx q[9], q[8]
Gate(29824)	cx q[3], q[9]
Gate(29825)	tdg q[8]
Gate(29826)	cx q[3], q[8]
Gate(29827)	tdg q[3]
Gate(29828)	tdg q[8]
Gate(29829)	 t q[9]
Gate(29830)	cx q[9], q[8]
Gate(29831)	cx q[3], q[9]
Gate(29832)	cx q[8], q[3]
Gate(29833)	 h q[9]
Gate(29834)	 h q[8]
Gate(29835)	 t q[5]
Gate(29836)	 t q[4]
Gate(29837)	 t q[8]
Gate(29838)	cx q[4], q[5]
Gate(29839)	cx q[8], q[4]
Gate(29840)	cx q[5], q[8]
Gate(29841)	tdg q[4]
Gate(29842)	cx q[5], q[4]
Gate(29843)	tdg q[5]
Gate(29844)	tdg q[4]
Gate(29845)	 t q[8]
Gate(29846)	cx q[8], q[4]
Gate(29847)	cx q[5], q[8]
Gate(29848)	cx q[4], q[5]
Gate(29849)	 h q[8]
Gate(29850)	 h q[9]
Gate(29851)	 t q[3]
Gate(29852)	 t q[8]
Gate(29853)	 t q[9]
Gate(29854)	cx q[8], q[3]
Gate(29855)	cx q[9], q[8]
Gate(29856)	cx q[3], q[9]
Gate(29857)	tdg q[8]
Gate(29858)	cx q[3], q[8]
Gate(29859)	tdg q[3]
Gate(29860)	tdg q[8]
Gate(29861)	 t q[9]
Gate(29862)	cx q[9], q[8]
Gate(29863)	cx q[3], q[9]
Gate(29864)	cx q[8], q[3]
Gate(29865)	 h q[9]
Gate(29866)	 h q[10]
Gate(29867)	 t q[1]
Gate(29868)	 t q[9]
Gate(29869)	 t q[10]
Gate(29870)	cx q[9], q[1]
Gate(29871)	cx q[10], q[9]
Gate(29872)	cx q[1], q[10]
Gate(29873)	tdg q[9]
Gate(29874)	cx q[1], q[9]
Gate(29875)	tdg q[1]
Gate(29876)	tdg q[9]
Gate(29877)	 t q[10]
Gate(29878)	cx q[10], q[9]
Gate(29879)	cx q[1], q[10]
Gate(29880)	cx q[9], q[1]
Gate(29881)	 h q[10]
Gate(29882)	 h q[2]
Gate(29883)	 t q[6]
Gate(29884)	 t q[10]
Gate(29885)	 t q[2]
Gate(29886)	cx q[10], q[6]
Gate(29887)	cx q[2], q[10]
Gate(29888)	cx q[6], q[2]
Gate(29889)	tdg q[10]
Gate(29890)	cx q[6], q[10]
Gate(29891)	tdg q[6]
Gate(29892)	tdg q[10]
Gate(29893)	 t q[2]
Gate(29894)	cx q[2], q[10]
Gate(29895)	cx q[6], q[2]
Gate(29896)	cx q[10], q[6]
Gate(29897)	 h q[2]
Gate(29898)	 h q[10]
Gate(29899)	 t q[9]
Gate(29900)	 t q[7]
Gate(29901)	 t q[10]
Gate(29902)	cx q[7], q[9]
Gate(29903)	cx q[10], q[7]
Gate(29904)	cx q[9], q[10]
Gate(29905)	tdg q[7]
Gate(29906)	cx q[9], q[7]
Gate(29907)	tdg q[9]
Gate(29908)	tdg q[7]
Gate(29909)	 t q[10]
Gate(29910)	cx q[10], q[7]
Gate(29911)	cx q[9], q[10]
Gate(29912)	cx q[7], q[9]
Gate(29913)	 h q[10]
Gate(29914)	 h q[2]
Gate(29915)	 t q[6]
Gate(29916)	 t q[10]
Gate(29917)	 t q[2]
Gate(29918)	cx q[10], q[6]
Gate(29919)	cx q[2], q[10]
Gate(29920)	cx q[6], q[2]
Gate(29921)	tdg q[10]
Gate(29922)	cx q[6], q[10]
Gate(29923)	tdg q[6]
Gate(29924)	tdg q[10]
Gate(29925)	 t q[2]
Gate(29926)	cx q[2], q[10]
Gate(29927)	cx q[6], q[2]
Gate(29928)	cx q[10], q[6]
Gate(29929)	 h q[2]
Gate(29930)	 h q[10]
Gate(29931)	 t q[9]
Gate(29932)	 t q[7]
Gate(29933)	 t q[10]
Gate(29934)	cx q[7], q[9]
Gate(29935)	cx q[10], q[7]
Gate(29936)	cx q[9], q[10]
Gate(29937)	tdg q[7]
Gate(29938)	cx q[9], q[7]
Gate(29939)	tdg q[9]
Gate(29940)	tdg q[7]
Gate(29941)	 t q[10]
Gate(29942)	cx q[10], q[7]
Gate(29943)	cx q[9], q[10]
Gate(29944)	cx q[7], q[9]
Gate(29945)	 h q[10]
Gate(29946)	 h q[0]
Gate(29947)	 t q[2]
Gate(29948)	 t q[10]
Gate(29949)	 t q[0]
Gate(29950)	cx q[10], q[2]
Gate(29951)	cx q[0], q[10]
Gate(29952)	cx q[2], q[0]
Gate(29953)	tdg q[10]
Gate(29954)	cx q[2], q[10]
Gate(29955)	tdg q[2]
Gate(29956)	tdg q[10]
Gate(29957)	 t q[0]
Gate(29958)	cx q[0], q[10]
Gate(29959)	cx q[2], q[0]
Gate(29960)	cx q[10], q[2]
Gate(29961)	 h q[0]
Gate(29962)	 h q[10]
Gate(29963)	 t q[1]
Gate(29964)	 t q[9]
Gate(29965)	 t q[10]
Gate(29966)	cx q[9], q[1]
Gate(29967)	cx q[10], q[9]
Gate(29968)	cx q[1], q[10]
Gate(29969)	tdg q[9]
Gate(29970)	cx q[1], q[9]
Gate(29971)	tdg q[1]
Gate(29972)	tdg q[9]
Gate(29973)	 t q[10]
Gate(29974)	cx q[10], q[9]
Gate(29975)	cx q[1], q[10]
Gate(29976)	cx q[9], q[1]
Gate(29977)	 h q[10]
Gate(29978)	 h q[9]
Gate(29979)	 t q[3]
Gate(29980)	 t q[8]
Gate(29981)	 t q[9]
Gate(29982)	cx q[8], q[3]
Gate(29983)	cx q[9], q[8]
Gate(29984)	cx q[3], q[9]
Gate(29985)	tdg q[8]
Gate(29986)	cx q[3], q[8]
Gate(29987)	tdg q[3]
Gate(29988)	tdg q[8]
Gate(29989)	 t q[9]
Gate(29990)	cx q[9], q[8]
Gate(29991)	cx q[3], q[9]
Gate(29992)	cx q[8], q[3]
Gate(29993)	 h q[9]
Gate(29994)	 h q[8]
Gate(29995)	 t q[5]
Gate(29996)	 t q[4]
Gate(29997)	 t q[8]
Gate(29998)	cx q[4], q[5]
Gate(29999)	cx q[8], q[4]
Gate(30000)	cx q[5], q[8]
Gate(30001)	tdg q[4]
Gate(30002)	cx q[5], q[4]
Gate(30003)	tdg q[5]
Gate(30004)	tdg q[4]
Gate(30005)	 t q[8]
Gate(30006)	cx q[8], q[4]
Gate(30007)	cx q[5], q[8]
Gate(30008)	cx q[4], q[5]
Gate(30009)	 h q[8]
Gate(30010)	 h q[9]
Gate(30011)	 t q[3]
Gate(30012)	 t q[8]
Gate(30013)	 t q[9]
Gate(30014)	cx q[8], q[3]
Gate(30015)	cx q[9], q[8]
Gate(30016)	cx q[3], q[9]
Gate(30017)	tdg q[8]
Gate(30018)	cx q[3], q[8]
Gate(30019)	tdg q[3]
Gate(30020)	tdg q[8]
Gate(30021)	 t q[9]
Gate(30022)	cx q[9], q[8]
Gate(30023)	cx q[3], q[9]
Gate(30024)	cx q[8], q[3]
Gate(30025)	 h q[9]
Gate(30026)	 h q[10]
Gate(30027)	 t q[1]
Gate(30028)	 t q[9]
Gate(30029)	 t q[10]
Gate(30030)	cx q[9], q[1]
Gate(30031)	cx q[10], q[9]
Gate(30032)	cx q[1], q[10]
Gate(30033)	tdg q[9]
Gate(30034)	cx q[1], q[9]
Gate(30035)	tdg q[1]
Gate(30036)	tdg q[9]
Gate(30037)	 t q[10]
Gate(30038)	cx q[10], q[9]
Gate(30039)	cx q[1], q[10]
Gate(30040)	cx q[9], q[1]
Gate(30041)	 h q[10]
Gate(30042)	 h q[0]
Gate(30043)	 t q[2]
Gate(30044)	 t q[10]
Gate(30045)	 t q[0]
Gate(30046)	cx q[10], q[2]
Gate(30047)	cx q[0], q[10]
Gate(30048)	cx q[2], q[0]
Gate(30049)	tdg q[10]
Gate(30050)	cx q[2], q[10]
Gate(30051)	tdg q[2]
Gate(30052)	tdg q[10]
Gate(30053)	 t q[0]
Gate(30054)	cx q[0], q[10]
Gate(30055)	cx q[2], q[0]
Gate(30056)	cx q[10], q[2]
Gate(30057)	 h q[0]
Gate(30058)	 h q[10]
Gate(30059)	 t q[1]
Gate(30060)	 t q[9]
Gate(30061)	 t q[10]
Gate(30062)	cx q[9], q[1]
Gate(30063)	cx q[10], q[9]
Gate(30064)	cx q[1], q[10]
Gate(30065)	tdg q[9]
Gate(30066)	cx q[1], q[9]
Gate(30067)	tdg q[1]
Gate(30068)	tdg q[9]
Gate(30069)	 t q[10]
Gate(30070)	cx q[10], q[9]
Gate(30071)	cx q[1], q[10]
Gate(30072)	cx q[9], q[1]
Gate(30073)	 h q[10]
Gate(30074)	 h q[9]
Gate(30075)	 t q[3]
Gate(30076)	 t q[8]
Gate(30077)	 t q[9]
Gate(30078)	cx q[8], q[3]
Gate(30079)	cx q[9], q[8]
Gate(30080)	cx q[3], q[9]
Gate(30081)	tdg q[8]
Gate(30082)	cx q[3], q[8]
Gate(30083)	tdg q[3]
Gate(30084)	tdg q[8]
Gate(30085)	 t q[9]
Gate(30086)	cx q[9], q[8]
Gate(30087)	cx q[3], q[9]
Gate(30088)	cx q[8], q[3]
Gate(30089)	 h q[9]
Gate(30090)	 h q[8]
Gate(30091)	 t q[5]
Gate(30092)	 t q[4]
Gate(30093)	 t q[8]
Gate(30094)	cx q[4], q[5]
Gate(30095)	cx q[8], q[4]
Gate(30096)	cx q[5], q[8]
Gate(30097)	tdg q[4]
Gate(30098)	cx q[5], q[4]
Gate(30099)	tdg q[5]
Gate(30100)	tdg q[4]
Gate(30101)	 t q[8]
Gate(30102)	cx q[8], q[4]
Gate(30103)	cx q[5], q[8]
Gate(30104)	cx q[4], q[5]
Gate(30105)	 h q[8]
Gate(30106)	 h q[9]
Gate(30107)	 t q[3]
Gate(30108)	 t q[8]
Gate(30109)	 t q[9]
Gate(30110)	cx q[8], q[3]
Gate(30111)	cx q[9], q[8]
Gate(30112)	cx q[3], q[9]
Gate(30113)	tdg q[8]
Gate(30114)	cx q[3], q[8]
Gate(30115)	tdg q[3]
Gate(30116)	tdg q[8]
Gate(30117)	 t q[9]
Gate(30118)	cx q[9], q[8]
Gate(30119)	cx q[3], q[9]
Gate(30120)	cx q[8], q[3]
Gate(30121)	 h q[9]
Gate(30122)	 h q[10]
Gate(30123)	 t q[1]
Gate(30124)	 t q[9]
Gate(30125)	 t q[10]
Gate(30126)	cx q[9], q[1]
Gate(30127)	cx q[10], q[9]
Gate(30128)	cx q[1], q[10]
Gate(30129)	tdg q[9]
Gate(30130)	cx q[1], q[9]
Gate(30131)	tdg q[1]
Gate(30132)	tdg q[9]
Gate(30133)	 t q[10]
Gate(30134)	cx q[10], q[9]
Gate(30135)	cx q[1], q[10]
Gate(30136)	cx q[9], q[1]
Gate(30137)	 h q[10]
Gate(30138)	 x q[6]
Gate(30139)	 x q[2]
Gate(30140)	 h q[3]
Gate(30141)	 t q[6]
Gate(30142)	 t q[10]
Gate(30143)	 t q[3]
Gate(30144)	cx q[10], q[6]
Gate(30145)	cx q[3], q[10]
Gate(30146)	cx q[6], q[3]
Gate(30147)	tdg q[10]
Gate(30148)	cx q[6], q[10]
Gate(30149)	tdg q[6]
Gate(30150)	tdg q[10]
Gate(30151)	 t q[3]
Gate(30152)	cx q[3], q[10]
Gate(30153)	cx q[6], q[3]
Gate(30154)	cx q[10], q[6]
Gate(30155)	 h q[3]
Gate(30156)	 h q[10]
Gate(30157)	 t q[7]
Gate(30158)	 t q[5]
Gate(30159)	 t q[10]
Gate(30160)	cx q[5], q[7]
Gate(30161)	cx q[10], q[5]
Gate(30162)	cx q[7], q[10]
Gate(30163)	tdg q[5]
Gate(30164)	cx q[7], q[5]
Gate(30165)	tdg q[7]
Gate(30166)	tdg q[5]
Gate(30167)	 t q[10]
Gate(30168)	cx q[10], q[5]
Gate(30169)	cx q[7], q[10]
Gate(30170)	cx q[5], q[7]
Gate(30171)	 h q[10]
Gate(30172)	 h q[5]
Gate(30173)	 t q[9]
Gate(30174)	 t q[8]
Gate(30175)	 t q[5]
Gate(30176)	cx q[8], q[9]
Gate(30177)	cx q[5], q[8]
Gate(30178)	cx q[9], q[5]
Gate(30179)	tdg q[8]
Gate(30180)	cx q[9], q[8]
Gate(30181)	tdg q[9]
Gate(30182)	tdg q[8]
Gate(30183)	 t q[5]
Gate(30184)	cx q[5], q[8]
Gate(30185)	cx q[9], q[5]
Gate(30186)	cx q[8], q[9]
Gate(30187)	 h q[5]
Gate(30188)	 h q[10]
Gate(30189)	 t q[7]
Gate(30190)	 t q[5]
Gate(30191)	 t q[10]
Gate(30192)	cx q[5], q[7]
Gate(30193)	cx q[10], q[5]
Gate(30194)	cx q[7], q[10]
Gate(30195)	tdg q[5]
Gate(30196)	cx q[7], q[5]
Gate(30197)	tdg q[7]
Gate(30198)	tdg q[5]
Gate(30199)	 t q[10]
Gate(30200)	cx q[10], q[5]
Gate(30201)	cx q[7], q[10]
Gate(30202)	cx q[5], q[7]
Gate(30203)	 h q[10]
Gate(30204)	 h q[3]
Gate(30205)	 t q[6]
Gate(30206)	 t q[10]
Gate(30207)	 t q[3]
Gate(30208)	cx q[10], q[6]
Gate(30209)	cx q[3], q[10]
Gate(30210)	cx q[6], q[3]
Gate(30211)	tdg q[10]
Gate(30212)	cx q[6], q[10]
Gate(30213)	tdg q[6]
Gate(30214)	tdg q[10]
Gate(30215)	 t q[3]
Gate(30216)	cx q[3], q[10]
Gate(30217)	cx q[6], q[3]
Gate(30218)	cx q[10], q[6]
Gate(30219)	 h q[3]
Gate(30220)	 h q[10]
Gate(30221)	 t q[7]
Gate(30222)	 t q[5]
Gate(30223)	 t q[10]
Gate(30224)	cx q[5], q[7]
Gate(30225)	cx q[10], q[5]
Gate(30226)	cx q[7], q[10]
Gate(30227)	tdg q[5]
Gate(30228)	cx q[7], q[5]
Gate(30229)	tdg q[7]
Gate(30230)	tdg q[5]
Gate(30231)	 t q[10]
Gate(30232)	cx q[10], q[5]
Gate(30233)	cx q[7], q[10]
Gate(30234)	cx q[5], q[7]
Gate(30235)	 h q[10]
Gate(30236)	 h q[5]
Gate(30237)	 t q[9]
Gate(30238)	 t q[8]
Gate(30239)	 t q[5]
Gate(30240)	cx q[8], q[9]
Gate(30241)	cx q[5], q[8]
Gate(30242)	cx q[9], q[5]
Gate(30243)	tdg q[8]
Gate(30244)	cx q[9], q[8]
Gate(30245)	tdg q[9]
Gate(30246)	tdg q[8]
Gate(30247)	 t q[5]
Gate(30248)	cx q[5], q[8]
Gate(30249)	cx q[9], q[5]
Gate(30250)	cx q[8], q[9]
Gate(30251)	 h q[5]
Gate(30252)	 h q[10]
Gate(30253)	 t q[7]
Gate(30254)	 t q[5]
Gate(30255)	 t q[10]
Gate(30256)	cx q[5], q[7]
Gate(30257)	cx q[10], q[5]
Gate(30258)	cx q[7], q[10]
Gate(30259)	tdg q[5]
Gate(30260)	cx q[7], q[5]
Gate(30261)	tdg q[7]
Gate(30262)	tdg q[5]
Gate(30263)	 t q[10]
Gate(30264)	cx q[10], q[5]
Gate(30265)	cx q[7], q[10]
Gate(30266)	cx q[5], q[7]
Gate(30267)	 h q[10]
Gate(30268)	 h q[0]
Gate(30269)	 t q[3]
Gate(30270)	 t q[10]
Gate(30271)	 t q[0]
Gate(30272)	cx q[10], q[3]
Gate(30273)	cx q[0], q[10]
Gate(30274)	cx q[3], q[0]
Gate(30275)	tdg q[10]
Gate(30276)	cx q[3], q[10]
Gate(30277)	tdg q[3]
Gate(30278)	tdg q[10]
Gate(30279)	 t q[0]
Gate(30280)	cx q[0], q[10]
Gate(30281)	cx q[3], q[0]
Gate(30282)	cx q[10], q[3]
Gate(30283)	 h q[0]
Gate(30284)	 h q[10]
Gate(30285)	 t q[1]
Gate(30286)	 t q[9]
Gate(30287)	 t q[10]
Gate(30288)	cx q[9], q[1]
Gate(30289)	cx q[10], q[9]
Gate(30290)	cx q[1], q[10]
Gate(30291)	tdg q[9]
Gate(30292)	cx q[1], q[9]
Gate(30293)	tdg q[1]
Gate(30294)	tdg q[9]
Gate(30295)	 t q[10]
Gate(30296)	cx q[10], q[9]
Gate(30297)	cx q[1], q[10]
Gate(30298)	cx q[9], q[1]
Gate(30299)	 h q[10]
Gate(30300)	 h q[9]
Gate(30301)	 t q[2]
Gate(30302)	 t q[8]
Gate(30303)	 t q[9]
Gate(30304)	cx q[8], q[2]
Gate(30305)	cx q[9], q[8]
Gate(30306)	cx q[2], q[9]
Gate(30307)	tdg q[8]
Gate(30308)	cx q[2], q[8]
Gate(30309)	tdg q[2]
Gate(30310)	tdg q[8]
Gate(30311)	 t q[9]
Gate(30312)	cx q[9], q[8]
Gate(30313)	cx q[2], q[9]
Gate(30314)	cx q[8], q[2]
Gate(30315)	 h q[9]
Gate(30316)	 h q[8]
Gate(30317)	 t q[5]
Gate(30318)	 t q[4]
Gate(30319)	 t q[8]
Gate(30320)	cx q[4], q[5]
Gate(30321)	cx q[8], q[4]
Gate(30322)	cx q[5], q[8]
Gate(30323)	tdg q[4]
Gate(30324)	cx q[5], q[4]
Gate(30325)	tdg q[5]
Gate(30326)	tdg q[4]
Gate(30327)	 t q[8]
Gate(30328)	cx q[8], q[4]
Gate(30329)	cx q[5], q[8]
Gate(30330)	cx q[4], q[5]
Gate(30331)	 h q[8]
Gate(30332)	 h q[9]
Gate(30333)	 t q[2]
Gate(30334)	 t q[8]
Gate(30335)	 t q[9]
Gate(30336)	cx q[8], q[2]
Gate(30337)	cx q[9], q[8]
Gate(30338)	cx q[2], q[9]
Gate(30339)	tdg q[8]
Gate(30340)	cx q[2], q[8]
Gate(30341)	tdg q[2]
Gate(30342)	tdg q[8]
Gate(30343)	 t q[9]
Gate(30344)	cx q[9], q[8]
Gate(30345)	cx q[2], q[9]
Gate(30346)	cx q[8], q[2]
Gate(30347)	 h q[9]
Gate(30348)	 h q[10]
Gate(30349)	 t q[1]
Gate(30350)	 t q[9]
Gate(30351)	 t q[10]
Gate(30352)	cx q[9], q[1]
Gate(30353)	cx q[10], q[9]
Gate(30354)	cx q[1], q[10]
Gate(30355)	tdg q[9]
Gate(30356)	cx q[1], q[9]
Gate(30357)	tdg q[1]
Gate(30358)	tdg q[9]
Gate(30359)	 t q[10]
Gate(30360)	cx q[10], q[9]
Gate(30361)	cx q[1], q[10]
Gate(30362)	cx q[9], q[1]
Gate(30363)	 h q[10]
Gate(30364)	 h q[0]
Gate(30365)	 t q[3]
Gate(30366)	 t q[10]
Gate(30367)	 t q[0]
Gate(30368)	cx q[10], q[3]
Gate(30369)	cx q[0], q[10]
Gate(30370)	cx q[3], q[0]
Gate(30371)	tdg q[10]
Gate(30372)	cx q[3], q[10]
Gate(30373)	tdg q[3]
Gate(30374)	tdg q[10]
Gate(30375)	 t q[0]
Gate(30376)	cx q[0], q[10]
Gate(30377)	cx q[3], q[0]
Gate(30378)	cx q[10], q[3]
Gate(30379)	 h q[0]
Gate(30380)	 h q[10]
Gate(30381)	 t q[1]
Gate(30382)	 t q[9]
Gate(30383)	 t q[10]
Gate(30384)	cx q[9], q[1]
Gate(30385)	cx q[10], q[9]
Gate(30386)	cx q[1], q[10]
Gate(30387)	tdg q[9]
Gate(30388)	cx q[1], q[9]
Gate(30389)	tdg q[1]
Gate(30390)	tdg q[9]
Gate(30391)	 t q[10]
Gate(30392)	cx q[10], q[9]
Gate(30393)	cx q[1], q[10]
Gate(30394)	cx q[9], q[1]
Gate(30395)	 h q[10]
Gate(30396)	 h q[9]
Gate(30397)	 t q[2]
Gate(30398)	 t q[8]
Gate(30399)	 t q[9]
Gate(30400)	cx q[8], q[2]
Gate(30401)	cx q[9], q[8]
Gate(30402)	cx q[2], q[9]
Gate(30403)	tdg q[8]
Gate(30404)	cx q[2], q[8]
Gate(30405)	tdg q[2]
Gate(30406)	tdg q[8]
Gate(30407)	 t q[9]
Gate(30408)	cx q[9], q[8]
Gate(30409)	cx q[2], q[9]
Gate(30410)	cx q[8], q[2]
Gate(30411)	 h q[9]
Gate(30412)	 h q[8]
Gate(30413)	 t q[5]
Gate(30414)	 t q[4]
Gate(30415)	 t q[8]
Gate(30416)	cx q[4], q[5]
Gate(30417)	cx q[8], q[4]
Gate(30418)	cx q[5], q[8]
Gate(30419)	tdg q[4]
Gate(30420)	cx q[5], q[4]
Gate(30421)	tdg q[5]
Gate(30422)	tdg q[4]
Gate(30423)	 t q[8]
Gate(30424)	cx q[8], q[4]
Gate(30425)	cx q[5], q[8]
Gate(30426)	cx q[4], q[5]
Gate(30427)	 h q[8]
Gate(30428)	 h q[9]
Gate(30429)	 t q[2]
Gate(30430)	 t q[8]
Gate(30431)	 t q[9]
Gate(30432)	cx q[8], q[2]
Gate(30433)	cx q[9], q[8]
Gate(30434)	cx q[2], q[9]
Gate(30435)	tdg q[8]
Gate(30436)	cx q[2], q[8]
Gate(30437)	tdg q[2]
Gate(30438)	tdg q[8]
Gate(30439)	 t q[9]
Gate(30440)	cx q[9], q[8]
Gate(30441)	cx q[2], q[9]
Gate(30442)	cx q[8], q[2]
Gate(30443)	 h q[9]
Gate(30444)	 h q[10]
Gate(30445)	 t q[1]
Gate(30446)	 t q[9]
Gate(30447)	 t q[10]
Gate(30448)	cx q[9], q[1]
Gate(30449)	cx q[10], q[9]
Gate(30450)	cx q[1], q[10]
Gate(30451)	tdg q[9]
Gate(30452)	cx q[1], q[9]
Gate(30453)	tdg q[1]
Gate(30454)	tdg q[9]
Gate(30455)	 t q[10]
Gate(30456)	cx q[10], q[9]
Gate(30457)	cx q[1], q[10]
Gate(30458)	cx q[9], q[1]
Gate(30459)	 h q[10]
Gate(30460)	 h q[3]
Gate(30461)	 t q[6]
Gate(30462)	 t q[10]
Gate(30463)	 t q[3]
Gate(30464)	cx q[10], q[6]
Gate(30465)	cx q[3], q[10]
Gate(30466)	cx q[6], q[3]
Gate(30467)	tdg q[10]
Gate(30468)	cx q[6], q[10]
Gate(30469)	tdg q[6]
Gate(30470)	tdg q[10]
Gate(30471)	 t q[3]
Gate(30472)	cx q[3], q[10]
Gate(30473)	cx q[6], q[3]
Gate(30474)	cx q[10], q[6]
Gate(30475)	 h q[3]
Gate(30476)	 h q[10]
Gate(30477)	 t q[7]
Gate(30478)	 t q[5]
Gate(30479)	 t q[10]
Gate(30480)	cx q[5], q[7]
Gate(30481)	cx q[10], q[5]
Gate(30482)	cx q[7], q[10]
Gate(30483)	tdg q[5]
Gate(30484)	cx q[7], q[5]
Gate(30485)	tdg q[7]
Gate(30486)	tdg q[5]
Gate(30487)	 t q[10]
Gate(30488)	cx q[10], q[5]
Gate(30489)	cx q[7], q[10]
Gate(30490)	cx q[5], q[7]
Gate(30491)	 h q[10]
Gate(30492)	 h q[5]
Gate(30493)	 t q[9]
Gate(30494)	 t q[8]
Gate(30495)	 t q[5]
Gate(30496)	cx q[8], q[9]
Gate(30497)	cx q[5], q[8]
Gate(30498)	cx q[9], q[5]
Gate(30499)	tdg q[8]
Gate(30500)	cx q[9], q[8]
Gate(30501)	tdg q[9]
Gate(30502)	tdg q[8]
Gate(30503)	 t q[5]
Gate(30504)	cx q[5], q[8]
Gate(30505)	cx q[9], q[5]
Gate(30506)	cx q[8], q[9]
Gate(30507)	 h q[5]
Gate(30508)	 h q[10]
Gate(30509)	 t q[7]
Gate(30510)	 t q[5]
Gate(30511)	 t q[10]
Gate(30512)	cx q[5], q[7]
Gate(30513)	cx q[10], q[5]
Gate(30514)	cx q[7], q[10]
Gate(30515)	tdg q[5]
Gate(30516)	cx q[7], q[5]
Gate(30517)	tdg q[7]
Gate(30518)	tdg q[5]
Gate(30519)	 t q[10]
Gate(30520)	cx q[10], q[5]
Gate(30521)	cx q[7], q[10]
Gate(30522)	cx q[5], q[7]
Gate(30523)	 h q[10]
Gate(30524)	 h q[3]
Gate(30525)	 t q[6]
Gate(30526)	 t q[10]
Gate(30527)	 t q[3]
Gate(30528)	cx q[10], q[6]
Gate(30529)	cx q[3], q[10]
Gate(30530)	cx q[6], q[3]
Gate(30531)	tdg q[10]
Gate(30532)	cx q[6], q[10]
Gate(30533)	tdg q[6]
Gate(30534)	tdg q[10]
Gate(30535)	 t q[3]
Gate(30536)	cx q[3], q[10]
Gate(30537)	cx q[6], q[3]
Gate(30538)	cx q[10], q[6]
Gate(30539)	 h q[3]
Gate(30540)	 h q[10]
Gate(30541)	 t q[7]
Gate(30542)	 t q[5]
Gate(30543)	 t q[10]
Gate(30544)	cx q[5], q[7]
Gate(30545)	cx q[10], q[5]
Gate(30546)	cx q[7], q[10]
Gate(30547)	tdg q[5]
Gate(30548)	cx q[7], q[5]
Gate(30549)	tdg q[7]
Gate(30550)	tdg q[5]
Gate(30551)	 t q[10]
Gate(30552)	cx q[10], q[5]
Gate(30553)	cx q[7], q[10]
Gate(30554)	cx q[5], q[7]
Gate(30555)	 h q[10]
Gate(30556)	 h q[5]
Gate(30557)	 t q[9]
Gate(30558)	 t q[8]
Gate(30559)	 t q[5]
Gate(30560)	cx q[8], q[9]
Gate(30561)	cx q[5], q[8]
Gate(30562)	cx q[9], q[5]
Gate(30563)	tdg q[8]
Gate(30564)	cx q[9], q[8]
Gate(30565)	tdg q[9]
Gate(30566)	tdg q[8]
Gate(30567)	 t q[5]
Gate(30568)	cx q[5], q[8]
Gate(30569)	cx q[9], q[5]
Gate(30570)	cx q[8], q[9]
Gate(30571)	 h q[5]
Gate(30572)	 h q[10]
Gate(30573)	 t q[7]
Gate(30574)	 t q[5]
Gate(30575)	 t q[10]
Gate(30576)	cx q[5], q[7]
Gate(30577)	cx q[10], q[5]
Gate(30578)	cx q[7], q[10]
Gate(30579)	tdg q[5]
Gate(30580)	cx q[7], q[5]
Gate(30581)	tdg q[7]
Gate(30582)	tdg q[5]
Gate(30583)	 t q[10]
Gate(30584)	cx q[10], q[5]
Gate(30585)	cx q[7], q[10]
Gate(30586)	cx q[5], q[7]
Gate(30587)	 h q[10]
Gate(30588)	 h q[0]
Gate(30589)	 t q[3]
Gate(30590)	 t q[10]
Gate(30591)	 t q[0]
Gate(30592)	cx q[10], q[3]
Gate(30593)	cx q[0], q[10]
Gate(30594)	cx q[3], q[0]
Gate(30595)	tdg q[10]
Gate(30596)	cx q[3], q[10]
Gate(30597)	tdg q[3]
Gate(30598)	tdg q[10]
Gate(30599)	 t q[0]
Gate(30600)	cx q[0], q[10]
Gate(30601)	cx q[3], q[0]
Gate(30602)	cx q[10], q[3]
Gate(30603)	 h q[0]
Gate(30604)	 h q[10]
Gate(30605)	 t q[1]
Gate(30606)	 t q[9]
Gate(30607)	 t q[10]
Gate(30608)	cx q[9], q[1]
Gate(30609)	cx q[10], q[9]
Gate(30610)	cx q[1], q[10]
Gate(30611)	tdg q[9]
Gate(30612)	cx q[1], q[9]
Gate(30613)	tdg q[1]
Gate(30614)	tdg q[9]
Gate(30615)	 t q[10]
Gate(30616)	cx q[10], q[9]
Gate(30617)	cx q[1], q[10]
Gate(30618)	cx q[9], q[1]
Gate(30619)	 h q[10]
Gate(30620)	 h q[9]
Gate(30621)	 t q[2]
Gate(30622)	 t q[8]
Gate(30623)	 t q[9]
Gate(30624)	cx q[8], q[2]
Gate(30625)	cx q[9], q[8]
Gate(30626)	cx q[2], q[9]
Gate(30627)	tdg q[8]
Gate(30628)	cx q[2], q[8]
Gate(30629)	tdg q[2]
Gate(30630)	tdg q[8]
Gate(30631)	 t q[9]
Gate(30632)	cx q[9], q[8]
Gate(30633)	cx q[2], q[9]
Gate(30634)	cx q[8], q[2]
Gate(30635)	 h q[9]
Gate(30636)	 h q[8]
Gate(30637)	 t q[5]
Gate(30638)	 t q[4]
Gate(30639)	 t q[8]
Gate(30640)	cx q[4], q[5]
Gate(30641)	cx q[8], q[4]
Gate(30642)	cx q[5], q[8]
Gate(30643)	tdg q[4]
Gate(30644)	cx q[5], q[4]
Gate(30645)	tdg q[5]
Gate(30646)	tdg q[4]
Gate(30647)	 t q[8]
Gate(30648)	cx q[8], q[4]
Gate(30649)	cx q[5], q[8]
Gate(30650)	cx q[4], q[5]
Gate(30651)	 h q[8]
Gate(30652)	 h q[9]
Gate(30653)	 t q[2]
Gate(30654)	 t q[8]
Gate(30655)	 t q[9]
Gate(30656)	cx q[8], q[2]
Gate(30657)	cx q[9], q[8]
Gate(30658)	cx q[2], q[9]
Gate(30659)	tdg q[8]
Gate(30660)	cx q[2], q[8]
Gate(30661)	tdg q[2]
Gate(30662)	tdg q[8]
Gate(30663)	 t q[9]
Gate(30664)	cx q[9], q[8]
Gate(30665)	cx q[2], q[9]
Gate(30666)	cx q[8], q[2]
Gate(30667)	 h q[9]
Gate(30668)	 h q[10]
Gate(30669)	 t q[1]
Gate(30670)	 t q[9]
Gate(30671)	 t q[10]
Gate(30672)	cx q[9], q[1]
Gate(30673)	cx q[10], q[9]
Gate(30674)	cx q[1], q[10]
Gate(30675)	tdg q[9]
Gate(30676)	cx q[1], q[9]
Gate(30677)	tdg q[1]
Gate(30678)	tdg q[9]
Gate(30679)	 t q[10]
Gate(30680)	cx q[10], q[9]
Gate(30681)	cx q[1], q[10]
Gate(30682)	cx q[9], q[1]
Gate(30683)	 h q[10]
Gate(30684)	 h q[0]
Gate(30685)	 t q[3]
Gate(30686)	 t q[10]
Gate(30687)	 t q[0]
Gate(30688)	cx q[10], q[3]
Gate(30689)	cx q[0], q[10]
Gate(30690)	cx q[3], q[0]
Gate(30691)	tdg q[10]
Gate(30692)	cx q[3], q[10]
Gate(30693)	tdg q[3]
Gate(30694)	tdg q[10]
Gate(30695)	 t q[0]
Gate(30696)	cx q[0], q[10]
Gate(30697)	cx q[3], q[0]
Gate(30698)	cx q[10], q[3]
Gate(30699)	 h q[0]
Gate(30700)	 h q[10]
Gate(30701)	 t q[1]
Gate(30702)	 t q[9]
Gate(30703)	 t q[10]
Gate(30704)	cx q[9], q[1]
Gate(30705)	cx q[10], q[9]
Gate(30706)	cx q[1], q[10]
Gate(30707)	tdg q[9]
Gate(30708)	cx q[1], q[9]
Gate(30709)	tdg q[1]
Gate(30710)	tdg q[9]
Gate(30711)	 t q[10]
Gate(30712)	cx q[10], q[9]
Gate(30713)	cx q[1], q[10]
Gate(30714)	cx q[9], q[1]
Gate(30715)	 h q[10]
Gate(30716)	 h q[9]
Gate(30717)	 t q[2]
Gate(30718)	 t q[8]
Gate(30719)	 t q[9]
Gate(30720)	cx q[8], q[2]
Gate(30721)	cx q[9], q[8]
Gate(30722)	cx q[2], q[9]
Gate(30723)	tdg q[8]
Gate(30724)	cx q[2], q[8]
Gate(30725)	tdg q[2]
Gate(30726)	tdg q[8]
Gate(30727)	 t q[9]
Gate(30728)	cx q[9], q[8]
Gate(30729)	cx q[2], q[9]
Gate(30730)	cx q[8], q[2]
Gate(30731)	 h q[9]
Gate(30732)	 h q[8]
Gate(30733)	 t q[5]
Gate(30734)	 t q[4]
Gate(30735)	 t q[8]
Gate(30736)	cx q[4], q[5]
Gate(30737)	cx q[8], q[4]
Gate(30738)	cx q[5], q[8]
Gate(30739)	tdg q[4]
Gate(30740)	cx q[5], q[4]
Gate(30741)	tdg q[5]
Gate(30742)	tdg q[4]
Gate(30743)	 t q[8]
Gate(30744)	cx q[8], q[4]
Gate(30745)	cx q[5], q[8]
Gate(30746)	cx q[4], q[5]
Gate(30747)	 h q[8]
Gate(30748)	 h q[9]
Gate(30749)	 t q[2]
Gate(30750)	 t q[8]
Gate(30751)	 t q[9]
Gate(30752)	cx q[8], q[2]
Gate(30753)	cx q[9], q[8]
Gate(30754)	cx q[2], q[9]
Gate(30755)	tdg q[8]
Gate(30756)	cx q[2], q[8]
Gate(30757)	tdg q[2]
Gate(30758)	tdg q[8]
Gate(30759)	 t q[9]
Gate(30760)	cx q[9], q[8]
Gate(30761)	cx q[2], q[9]
Gate(30762)	cx q[8], q[2]
Gate(30763)	 h q[9]
Gate(30764)	 h q[10]
Gate(30765)	 t q[1]
Gate(30766)	 t q[9]
Gate(30767)	 t q[10]
Gate(30768)	cx q[9], q[1]
Gate(30769)	cx q[10], q[9]
Gate(30770)	cx q[1], q[10]
Gate(30771)	tdg q[9]
Gate(30772)	cx q[1], q[9]
Gate(30773)	tdg q[1]
Gate(30774)	tdg q[9]
Gate(30775)	 t q[10]
Gate(30776)	cx q[10], q[9]
Gate(30777)	cx q[1], q[10]
Gate(30778)	cx q[9], q[1]
Gate(30779)	 h q[10]
Gate(30780)	 h q[3]
Gate(30781)	 t q[7]
Gate(30782)	 t q[10]
Gate(30783)	 t q[3]
Gate(30784)	cx q[10], q[7]
Gate(30785)	cx q[3], q[10]
Gate(30786)	cx q[7], q[3]
Gate(30787)	tdg q[10]
Gate(30788)	cx q[7], q[10]
Gate(30789)	tdg q[7]
Gate(30790)	tdg q[10]
Gate(30791)	 t q[3]
Gate(30792)	cx q[3], q[10]
Gate(30793)	cx q[7], q[3]
Gate(30794)	cx q[10], q[7]
Gate(30795)	 h q[3]
Gate(30796)	 h q[10]
Gate(30797)	 t q[9]
Gate(30798)	 t q[8]
Gate(30799)	 t q[10]
Gate(30800)	cx q[8], q[9]
Gate(30801)	cx q[10], q[8]
Gate(30802)	cx q[9], q[10]
Gate(30803)	tdg q[8]
Gate(30804)	cx q[9], q[8]
Gate(30805)	tdg q[9]
Gate(30806)	tdg q[8]
Gate(30807)	 t q[10]
Gate(30808)	cx q[10], q[8]
Gate(30809)	cx q[9], q[10]
Gate(30810)	cx q[8], q[9]
Gate(30811)	 h q[10]
Gate(30812)	 h q[3]
Gate(30813)	 t q[7]
Gate(30814)	 t q[10]
Gate(30815)	 t q[3]
Gate(30816)	cx q[10], q[7]
Gate(30817)	cx q[3], q[10]
Gate(30818)	cx q[7], q[3]
Gate(30819)	tdg q[10]
Gate(30820)	cx q[7], q[10]
Gate(30821)	tdg q[7]
Gate(30822)	tdg q[10]
Gate(30823)	 t q[3]
Gate(30824)	cx q[3], q[10]
Gate(30825)	cx q[7], q[3]
Gate(30826)	cx q[10], q[7]
Gate(30827)	 h q[3]
Gate(30828)	 h q[10]
Gate(30829)	 t q[9]
Gate(30830)	 t q[8]
Gate(30831)	 t q[10]
Gate(30832)	cx q[8], q[9]
Gate(30833)	cx q[10], q[8]
Gate(30834)	cx q[9], q[10]
Gate(30835)	tdg q[8]
Gate(30836)	cx q[9], q[8]
Gate(30837)	tdg q[9]
Gate(30838)	tdg q[8]
Gate(30839)	 t q[10]
Gate(30840)	cx q[10], q[8]
Gate(30841)	cx q[9], q[10]
Gate(30842)	cx q[8], q[9]
Gate(30843)	 h q[10]
Gate(30844)	 h q[0]
Gate(30845)	 t q[3]
Gate(30846)	 t q[10]
Gate(30847)	 t q[0]
Gate(30848)	cx q[10], q[3]
Gate(30849)	cx q[0], q[10]
Gate(30850)	cx q[3], q[0]
Gate(30851)	tdg q[10]
Gate(30852)	cx q[3], q[10]
Gate(30853)	tdg q[3]
Gate(30854)	tdg q[10]
Gate(30855)	 t q[0]
Gate(30856)	cx q[0], q[10]
Gate(30857)	cx q[3], q[0]
Gate(30858)	cx q[10], q[3]
Gate(30859)	 h q[0]
Gate(30860)	 h q[10]
Gate(30861)	 t q[1]
Gate(30862)	 t q[9]
Gate(30863)	 t q[10]
Gate(30864)	cx q[9], q[1]
Gate(30865)	cx q[10], q[9]
Gate(30866)	cx q[1], q[10]
Gate(30867)	tdg q[9]
Gate(30868)	cx q[1], q[9]
Gate(30869)	tdg q[1]
Gate(30870)	tdg q[9]
Gate(30871)	 t q[10]
Gate(30872)	cx q[10], q[9]
Gate(30873)	cx q[1], q[10]
Gate(30874)	cx q[9], q[1]
Gate(30875)	 h q[10]
Gate(30876)	 h q[9]
Gate(30877)	 t q[2]
Gate(30878)	 t q[8]
Gate(30879)	 t q[9]
Gate(30880)	cx q[8], q[2]
Gate(30881)	cx q[9], q[8]
Gate(30882)	cx q[2], q[9]
Gate(30883)	tdg q[8]
Gate(30884)	cx q[2], q[8]
Gate(30885)	tdg q[2]
Gate(30886)	tdg q[8]
Gate(30887)	 t q[9]
Gate(30888)	cx q[9], q[8]
Gate(30889)	cx q[2], q[9]
Gate(30890)	cx q[8], q[2]
Gate(30891)	 h q[9]
Gate(30892)	 h q[8]
Gate(30893)	 t q[6]
Gate(30894)	 t q[5]
Gate(30895)	 t q[8]
Gate(30896)	cx q[5], q[6]
Gate(30897)	cx q[8], q[5]
Gate(30898)	cx q[6], q[8]
Gate(30899)	tdg q[5]
Gate(30900)	cx q[6], q[5]
Gate(30901)	tdg q[6]
Gate(30902)	tdg q[5]
Gate(30903)	 t q[8]
Gate(30904)	cx q[8], q[5]
Gate(30905)	cx q[6], q[8]
Gate(30906)	cx q[5], q[6]
Gate(30907)	 h q[8]
Gate(30908)	 h q[9]
Gate(30909)	 t q[2]
Gate(30910)	 t q[8]
Gate(30911)	 t q[9]
Gate(30912)	cx q[8], q[2]
Gate(30913)	cx q[9], q[8]
Gate(30914)	cx q[2], q[9]
Gate(30915)	tdg q[8]
Gate(30916)	cx q[2], q[8]
Gate(30917)	tdg q[2]
Gate(30918)	tdg q[8]
Gate(30919)	 t q[9]
Gate(30920)	cx q[9], q[8]
Gate(30921)	cx q[2], q[9]
Gate(30922)	cx q[8], q[2]
Gate(30923)	 h q[9]
Gate(30924)	 h q[10]
Gate(30925)	 t q[1]
Gate(30926)	 t q[9]
Gate(30927)	 t q[10]
Gate(30928)	cx q[9], q[1]
Gate(30929)	cx q[10], q[9]
Gate(30930)	cx q[1], q[10]
Gate(30931)	tdg q[9]
Gate(30932)	cx q[1], q[9]
Gate(30933)	tdg q[1]
Gate(30934)	tdg q[9]
Gate(30935)	 t q[10]
Gate(30936)	cx q[10], q[9]
Gate(30937)	cx q[1], q[10]
Gate(30938)	cx q[9], q[1]
Gate(30939)	 h q[10]
Gate(30940)	 h q[0]
Gate(30941)	 t q[3]
Gate(30942)	 t q[10]
Gate(30943)	 t q[0]
Gate(30944)	cx q[10], q[3]
Gate(30945)	cx q[0], q[10]
Gate(30946)	cx q[3], q[0]
Gate(30947)	tdg q[10]
Gate(30948)	cx q[3], q[10]
Gate(30949)	tdg q[3]
Gate(30950)	tdg q[10]
Gate(30951)	 t q[0]
Gate(30952)	cx q[0], q[10]
Gate(30953)	cx q[3], q[0]
Gate(30954)	cx q[10], q[3]
Gate(30955)	 h q[0]
Gate(30956)	 h q[10]
Gate(30957)	 t q[1]
Gate(30958)	 t q[9]
Gate(30959)	 t q[10]
Gate(30960)	cx q[9], q[1]
Gate(30961)	cx q[10], q[9]
Gate(30962)	cx q[1], q[10]
Gate(30963)	tdg q[9]
Gate(30964)	cx q[1], q[9]
Gate(30965)	tdg q[1]
Gate(30966)	tdg q[9]
Gate(30967)	 t q[10]
Gate(30968)	cx q[10], q[9]
Gate(30969)	cx q[1], q[10]
Gate(30970)	cx q[9], q[1]
Gate(30971)	 h q[10]
Gate(30972)	 h q[9]
Gate(30973)	 t q[2]
Gate(30974)	 t q[8]
Gate(30975)	 t q[9]
Gate(30976)	cx q[8], q[2]
Gate(30977)	cx q[9], q[8]
Gate(30978)	cx q[2], q[9]
Gate(30979)	tdg q[8]
Gate(30980)	cx q[2], q[8]
Gate(30981)	tdg q[2]
Gate(30982)	tdg q[8]
Gate(30983)	 t q[9]
Gate(30984)	cx q[9], q[8]
Gate(30985)	cx q[2], q[9]
Gate(30986)	cx q[8], q[2]
Gate(30987)	 h q[9]
Gate(30988)	 h q[8]
Gate(30989)	 t q[6]
Gate(30990)	 t q[5]
Gate(30991)	 t q[8]
Gate(30992)	cx q[5], q[6]
Gate(30993)	cx q[8], q[5]
Gate(30994)	cx q[6], q[8]
Gate(30995)	tdg q[5]
Gate(30996)	cx q[6], q[5]
Gate(30997)	tdg q[6]
Gate(30998)	tdg q[5]
Gate(30999)	 t q[8]
Gate(31000)	cx q[8], q[5]
Gate(31001)	cx q[6], q[8]
Gate(31002)	cx q[5], q[6]
Gate(31003)	 h q[8]
Gate(31004)	 h q[9]
Gate(31005)	 t q[2]
Gate(31006)	 t q[8]
Gate(31007)	 t q[9]
Gate(31008)	cx q[8], q[2]
Gate(31009)	cx q[9], q[8]
Gate(31010)	cx q[2], q[9]
Gate(31011)	tdg q[8]
Gate(31012)	cx q[2], q[8]
Gate(31013)	tdg q[2]
Gate(31014)	tdg q[8]
Gate(31015)	 t q[9]
Gate(31016)	cx q[9], q[8]
Gate(31017)	cx q[2], q[9]
Gate(31018)	cx q[8], q[2]
Gate(31019)	 h q[9]
Gate(31020)	 h q[10]
Gate(31021)	 t q[1]
Gate(31022)	 t q[9]
Gate(31023)	 t q[10]
Gate(31024)	cx q[9], q[1]
Gate(31025)	cx q[10], q[9]
Gate(31026)	cx q[1], q[10]
Gate(31027)	tdg q[9]
Gate(31028)	cx q[1], q[9]
Gate(31029)	tdg q[1]
Gate(31030)	tdg q[9]
Gate(31031)	 t q[10]
Gate(31032)	cx q[10], q[9]
Gate(31033)	cx q[1], q[10]
Gate(31034)	cx q[9], q[1]
Gate(31035)	 h q[10]
Gate(31036)	 h q[3]
Gate(31037)	 t q[7]
Gate(31038)	 t q[10]
Gate(31039)	 t q[3]
Gate(31040)	cx q[10], q[7]
Gate(31041)	cx q[3], q[10]
Gate(31042)	cx q[7], q[3]
Gate(31043)	tdg q[10]
Gate(31044)	cx q[7], q[10]
Gate(31045)	tdg q[7]
Gate(31046)	tdg q[10]
Gate(31047)	 t q[3]
Gate(31048)	cx q[3], q[10]
Gate(31049)	cx q[7], q[3]
Gate(31050)	cx q[10], q[7]
Gate(31051)	 h q[3]
Gate(31052)	 h q[10]
Gate(31053)	 t q[9]
Gate(31054)	 t q[8]
Gate(31055)	 t q[10]
Gate(31056)	cx q[8], q[9]
Gate(31057)	cx q[10], q[8]
Gate(31058)	cx q[9], q[10]
Gate(31059)	tdg q[8]
Gate(31060)	cx q[9], q[8]
Gate(31061)	tdg q[9]
Gate(31062)	tdg q[8]
Gate(31063)	 t q[10]
Gate(31064)	cx q[10], q[8]
Gate(31065)	cx q[9], q[10]
Gate(31066)	cx q[8], q[9]
Gate(31067)	 h q[10]
Gate(31068)	 h q[3]
Gate(31069)	 t q[7]
Gate(31070)	 t q[10]
Gate(31071)	 t q[3]
Gate(31072)	cx q[10], q[7]
Gate(31073)	cx q[3], q[10]
Gate(31074)	cx q[7], q[3]
Gate(31075)	tdg q[10]
Gate(31076)	cx q[7], q[10]
Gate(31077)	tdg q[7]
Gate(31078)	tdg q[10]
Gate(31079)	 t q[3]
Gate(31080)	cx q[3], q[10]
Gate(31081)	cx q[7], q[3]
Gate(31082)	cx q[10], q[7]
Gate(31083)	 h q[3]
Gate(31084)	 h q[10]
Gate(31085)	 t q[9]
Gate(31086)	 t q[8]
Gate(31087)	 t q[10]
Gate(31088)	cx q[8], q[9]
Gate(31089)	cx q[10], q[8]
Gate(31090)	cx q[9], q[10]
Gate(31091)	tdg q[8]
Gate(31092)	cx q[9], q[8]
Gate(31093)	tdg q[9]
Gate(31094)	tdg q[8]
Gate(31095)	 t q[10]
Gate(31096)	cx q[10], q[8]
Gate(31097)	cx q[9], q[10]
Gate(31098)	cx q[8], q[9]
Gate(31099)	 h q[10]
Gate(31100)	 h q[0]
Gate(31101)	 t q[3]
Gate(31102)	 t q[10]
Gate(31103)	 t q[0]
Gate(31104)	cx q[10], q[3]
Gate(31105)	cx q[0], q[10]
Gate(31106)	cx q[3], q[0]
Gate(31107)	tdg q[10]
Gate(31108)	cx q[3], q[10]
Gate(31109)	tdg q[3]
Gate(31110)	tdg q[10]
Gate(31111)	 t q[0]
Gate(31112)	cx q[0], q[10]
Gate(31113)	cx q[3], q[0]
Gate(31114)	cx q[10], q[3]
Gate(31115)	 h q[0]
Gate(31116)	 h q[10]
Gate(31117)	 t q[1]
Gate(31118)	 t q[9]
Gate(31119)	 t q[10]
Gate(31120)	cx q[9], q[1]
Gate(31121)	cx q[10], q[9]
Gate(31122)	cx q[1], q[10]
Gate(31123)	tdg q[9]
Gate(31124)	cx q[1], q[9]
Gate(31125)	tdg q[1]
Gate(31126)	tdg q[9]
Gate(31127)	 t q[10]
Gate(31128)	cx q[10], q[9]
Gate(31129)	cx q[1], q[10]
Gate(31130)	cx q[9], q[1]
Gate(31131)	 h q[10]
Gate(31132)	 h q[9]
Gate(31133)	 t q[2]
Gate(31134)	 t q[8]
Gate(31135)	 t q[9]
Gate(31136)	cx q[8], q[2]
Gate(31137)	cx q[9], q[8]
Gate(31138)	cx q[2], q[9]
Gate(31139)	tdg q[8]
Gate(31140)	cx q[2], q[8]
Gate(31141)	tdg q[2]
Gate(31142)	tdg q[8]
Gate(31143)	 t q[9]
Gate(31144)	cx q[9], q[8]
Gate(31145)	cx q[2], q[9]
Gate(31146)	cx q[8], q[2]
Gate(31147)	 h q[9]
Gate(31148)	 h q[8]
Gate(31149)	 t q[6]
Gate(31150)	 t q[5]
Gate(31151)	 t q[8]
Gate(31152)	cx q[5], q[6]
Gate(31153)	cx q[8], q[5]
Gate(31154)	cx q[6], q[8]
Gate(31155)	tdg q[5]
Gate(31156)	cx q[6], q[5]
Gate(31157)	tdg q[6]
Gate(31158)	tdg q[5]
Gate(31159)	 t q[8]
Gate(31160)	cx q[8], q[5]
Gate(31161)	cx q[6], q[8]
Gate(31162)	cx q[5], q[6]
Gate(31163)	 h q[8]
Gate(31164)	 h q[9]
Gate(31165)	 t q[2]
Gate(31166)	 t q[8]
Gate(31167)	 t q[9]
Gate(31168)	cx q[8], q[2]
Gate(31169)	cx q[9], q[8]
Gate(31170)	cx q[2], q[9]
Gate(31171)	tdg q[8]
Gate(31172)	cx q[2], q[8]
Gate(31173)	tdg q[2]
Gate(31174)	tdg q[8]
Gate(31175)	 t q[9]
Gate(31176)	cx q[9], q[8]
Gate(31177)	cx q[2], q[9]
Gate(31178)	cx q[8], q[2]
Gate(31179)	 h q[9]
Gate(31180)	 h q[10]
Gate(31181)	 t q[1]
Gate(31182)	 t q[9]
Gate(31183)	 t q[10]
Gate(31184)	cx q[9], q[1]
Gate(31185)	cx q[10], q[9]
Gate(31186)	cx q[1], q[10]
Gate(31187)	tdg q[9]
Gate(31188)	cx q[1], q[9]
Gate(31189)	tdg q[1]
Gate(31190)	tdg q[9]
Gate(31191)	 t q[10]
Gate(31192)	cx q[10], q[9]
Gate(31193)	cx q[1], q[10]
Gate(31194)	cx q[9], q[1]
Gate(31195)	 h q[10]
Gate(31196)	 h q[0]
Gate(31197)	 t q[3]
Gate(31198)	 t q[10]
Gate(31199)	 t q[0]
Gate(31200)	cx q[10], q[3]
Gate(31201)	cx q[0], q[10]
Gate(31202)	cx q[3], q[0]
Gate(31203)	tdg q[10]
Gate(31204)	cx q[3], q[10]
Gate(31205)	tdg q[3]
Gate(31206)	tdg q[10]
Gate(31207)	 t q[0]
Gate(31208)	cx q[0], q[10]
Gate(31209)	cx q[3], q[0]
Gate(31210)	cx q[10], q[3]
Gate(31211)	 h q[0]
Gate(31212)	 h q[10]
Gate(31213)	 t q[1]
Gate(31214)	 t q[9]
Gate(31215)	 t q[10]
Gate(31216)	cx q[9], q[1]
Gate(31217)	cx q[10], q[9]
Gate(31218)	cx q[1], q[10]
Gate(31219)	tdg q[9]
Gate(31220)	cx q[1], q[9]
Gate(31221)	tdg q[1]
Gate(31222)	tdg q[9]
Gate(31223)	 t q[10]
Gate(31224)	cx q[10], q[9]
Gate(31225)	cx q[1], q[10]
Gate(31226)	cx q[9], q[1]
Gate(31227)	 h q[10]
Gate(31228)	 h q[9]
Gate(31229)	 t q[2]
Gate(31230)	 t q[8]
Gate(31231)	 t q[9]
Gate(31232)	cx q[8], q[2]
Gate(31233)	cx q[9], q[8]
Gate(31234)	cx q[2], q[9]
Gate(31235)	tdg q[8]
Gate(31236)	cx q[2], q[8]
Gate(31237)	tdg q[2]
Gate(31238)	tdg q[8]
Gate(31239)	 t q[9]
Gate(31240)	cx q[9], q[8]
Gate(31241)	cx q[2], q[9]
Gate(31242)	cx q[8], q[2]
Gate(31243)	 h q[9]
Gate(31244)	 h q[8]
Gate(31245)	 t q[6]
Gate(31246)	 t q[5]
Gate(31247)	 t q[8]
Gate(31248)	cx q[5], q[6]
Gate(31249)	cx q[8], q[5]
Gate(31250)	cx q[6], q[8]
Gate(31251)	tdg q[5]
Gate(31252)	cx q[6], q[5]
Gate(31253)	tdg q[6]
Gate(31254)	tdg q[5]
Gate(31255)	 t q[8]
Gate(31256)	cx q[8], q[5]
Gate(31257)	cx q[6], q[8]
Gate(31258)	cx q[5], q[6]
Gate(31259)	 h q[8]
Gate(31260)	 h q[9]
Gate(31261)	 t q[2]
Gate(31262)	 t q[8]
Gate(31263)	 t q[9]
Gate(31264)	cx q[8], q[2]
Gate(31265)	cx q[9], q[8]
Gate(31266)	cx q[2], q[9]
Gate(31267)	tdg q[8]
Gate(31268)	cx q[2], q[8]
Gate(31269)	tdg q[2]
Gate(31270)	tdg q[8]
Gate(31271)	 t q[9]
Gate(31272)	cx q[9], q[8]
Gate(31273)	cx q[2], q[9]
Gate(31274)	cx q[8], q[2]
Gate(31275)	 h q[9]
Gate(31276)	 h q[10]
Gate(31277)	 t q[1]
Gate(31278)	 t q[9]
Gate(31279)	 t q[10]
Gate(31280)	cx q[9], q[1]
Gate(31281)	cx q[10], q[9]
Gate(31282)	cx q[1], q[10]
Gate(31283)	tdg q[9]
Gate(31284)	cx q[1], q[9]
Gate(31285)	tdg q[1]
Gate(31286)	tdg q[9]
Gate(31287)	 t q[10]
Gate(31288)	cx q[10], q[9]
Gate(31289)	cx q[1], q[10]
Gate(31290)	cx q[9], q[1]
Gate(31291)	 h q[10]
Gate(31292)	 h q[4]
Gate(31293)	 t q[7]
Gate(31294)	 t q[10]
Gate(31295)	 t q[4]
Gate(31296)	cx q[10], q[7]
Gate(31297)	cx q[4], q[10]
Gate(31298)	cx q[7], q[4]
Gate(31299)	tdg q[10]
Gate(31300)	cx q[7], q[10]
Gate(31301)	tdg q[7]
Gate(31302)	tdg q[10]
Gate(31303)	 t q[4]
Gate(31304)	cx q[4], q[10]
Gate(31305)	cx q[7], q[4]
Gate(31306)	cx q[10], q[7]
Gate(31307)	 h q[4]
Gate(31308)	 h q[10]
Gate(31309)	 t q[9]
Gate(31310)	 t q[8]
Gate(31311)	 t q[10]
Gate(31312)	cx q[8], q[9]
Gate(31313)	cx q[10], q[8]
Gate(31314)	cx q[9], q[10]
Gate(31315)	tdg q[8]
Gate(31316)	cx q[9], q[8]
Gate(31317)	tdg q[9]
Gate(31318)	tdg q[8]
Gate(31319)	 t q[10]
Gate(31320)	cx q[10], q[8]
Gate(31321)	cx q[9], q[10]
Gate(31322)	cx q[8], q[9]
Gate(31323)	 h q[10]
Gate(31324)	 h q[4]
Gate(31325)	 t q[7]
Gate(31326)	 t q[10]
Gate(31327)	 t q[4]
Gate(31328)	cx q[10], q[7]
Gate(31329)	cx q[4], q[10]
Gate(31330)	cx q[7], q[4]
Gate(31331)	tdg q[10]
Gate(31332)	cx q[7], q[10]
Gate(31333)	tdg q[7]
Gate(31334)	tdg q[10]
Gate(31335)	 t q[4]
Gate(31336)	cx q[4], q[10]
Gate(31337)	cx q[7], q[4]
Gate(31338)	cx q[10], q[7]
Gate(31339)	 h q[4]
Gate(31340)	 h q[10]
Gate(31341)	 t q[9]
Gate(31342)	 t q[8]
Gate(31343)	 t q[10]
Gate(31344)	cx q[8], q[9]
Gate(31345)	cx q[10], q[8]
Gate(31346)	cx q[9], q[10]
Gate(31347)	tdg q[8]
Gate(31348)	cx q[9], q[8]
Gate(31349)	tdg q[9]
Gate(31350)	tdg q[8]
Gate(31351)	 t q[10]
Gate(31352)	cx q[10], q[8]
Gate(31353)	cx q[9], q[10]
Gate(31354)	cx q[8], q[9]
Gate(31355)	 h q[10]
Gate(31356)	 h q[0]
Gate(31357)	 t q[4]
Gate(31358)	 t q[10]
Gate(31359)	 t q[0]
Gate(31360)	cx q[10], q[4]
Gate(31361)	cx q[0], q[10]
Gate(31362)	cx q[4], q[0]
Gate(31363)	tdg q[10]
Gate(31364)	cx q[4], q[10]
Gate(31365)	tdg q[4]
Gate(31366)	tdg q[10]
Gate(31367)	 t q[0]
Gate(31368)	cx q[0], q[10]
Gate(31369)	cx q[4], q[0]
Gate(31370)	cx q[10], q[4]
Gate(31371)	 h q[0]
Gate(31372)	 h q[10]
Gate(31373)	 t q[1]
Gate(31374)	 t q[9]
Gate(31375)	 t q[10]
Gate(31376)	cx q[9], q[1]
Gate(31377)	cx q[10], q[9]
Gate(31378)	cx q[1], q[10]
Gate(31379)	tdg q[9]
Gate(31380)	cx q[1], q[9]
Gate(31381)	tdg q[1]
Gate(31382)	tdg q[9]
Gate(31383)	 t q[10]
Gate(31384)	cx q[10], q[9]
Gate(31385)	cx q[1], q[10]
Gate(31386)	cx q[9], q[1]
Gate(31387)	 h q[10]
Gate(31388)	 h q[9]
Gate(31389)	 t q[2]
Gate(31390)	 t q[8]
Gate(31391)	 t q[9]
Gate(31392)	cx q[8], q[2]
Gate(31393)	cx q[9], q[8]
Gate(31394)	cx q[2], q[9]
Gate(31395)	tdg q[8]
Gate(31396)	cx q[2], q[8]
Gate(31397)	tdg q[2]
Gate(31398)	tdg q[8]
Gate(31399)	 t q[9]
Gate(31400)	cx q[9], q[8]
Gate(31401)	cx q[2], q[9]
Gate(31402)	cx q[8], q[2]
Gate(31403)	 h q[9]
Gate(31404)	 h q[8]
Gate(31405)	 t q[5]
Gate(31406)	 t q[3]
Gate(31407)	 t q[8]
Gate(31408)	cx q[3], q[5]
Gate(31409)	cx q[8], q[3]
Gate(31410)	cx q[5], q[8]
Gate(31411)	tdg q[3]
Gate(31412)	cx q[5], q[3]
Gate(31413)	tdg q[5]
Gate(31414)	tdg q[3]
Gate(31415)	 t q[8]
Gate(31416)	cx q[8], q[3]
Gate(31417)	cx q[5], q[8]
Gate(31418)	cx q[3], q[5]
Gate(31419)	 h q[8]
Gate(31420)	 h q[9]
Gate(31421)	 t q[2]
Gate(31422)	 t q[8]
Gate(31423)	 t q[9]
Gate(31424)	cx q[8], q[2]
Gate(31425)	cx q[9], q[8]
Gate(31426)	cx q[2], q[9]
Gate(31427)	tdg q[8]
Gate(31428)	cx q[2], q[8]
Gate(31429)	tdg q[2]
Gate(31430)	tdg q[8]
Gate(31431)	 t q[9]
Gate(31432)	cx q[9], q[8]
Gate(31433)	cx q[2], q[9]
Gate(31434)	cx q[8], q[2]
Gate(31435)	 h q[9]
Gate(31436)	 h q[10]
Gate(31437)	 t q[1]
Gate(31438)	 t q[9]
Gate(31439)	 t q[10]
Gate(31440)	cx q[9], q[1]
Gate(31441)	cx q[10], q[9]
Gate(31442)	cx q[1], q[10]
Gate(31443)	tdg q[9]
Gate(31444)	cx q[1], q[9]
Gate(31445)	tdg q[1]
Gate(31446)	tdg q[9]
Gate(31447)	 t q[10]
Gate(31448)	cx q[10], q[9]
Gate(31449)	cx q[1], q[10]
Gate(31450)	cx q[9], q[1]
Gate(31451)	 h q[10]
Gate(31452)	 h q[0]
Gate(31453)	 t q[4]
Gate(31454)	 t q[10]
Gate(31455)	 t q[0]
Gate(31456)	cx q[10], q[4]
Gate(31457)	cx q[0], q[10]
Gate(31458)	cx q[4], q[0]
Gate(31459)	tdg q[10]
Gate(31460)	cx q[4], q[10]
Gate(31461)	tdg q[4]
Gate(31462)	tdg q[10]
Gate(31463)	 t q[0]
Gate(31464)	cx q[0], q[10]
Gate(31465)	cx q[4], q[0]
Gate(31466)	cx q[10], q[4]
Gate(31467)	 h q[0]
Gate(31468)	 h q[10]
Gate(31469)	 t q[1]
Gate(31470)	 t q[9]
Gate(31471)	 t q[10]
Gate(31472)	cx q[9], q[1]
Gate(31473)	cx q[10], q[9]
Gate(31474)	cx q[1], q[10]
Gate(31475)	tdg q[9]
Gate(31476)	cx q[1], q[9]
Gate(31477)	tdg q[1]
Gate(31478)	tdg q[9]
Gate(31479)	 t q[10]
Gate(31480)	cx q[10], q[9]
Gate(31481)	cx q[1], q[10]
Gate(31482)	cx q[9], q[1]
Gate(31483)	 h q[10]
Gate(31484)	 h q[9]
Gate(31485)	 t q[2]
Gate(31486)	 t q[8]
Gate(31487)	 t q[9]
Gate(31488)	cx q[8], q[2]
Gate(31489)	cx q[9], q[8]
Gate(31490)	cx q[2], q[9]
Gate(31491)	tdg q[8]
Gate(31492)	cx q[2], q[8]
Gate(31493)	tdg q[2]
Gate(31494)	tdg q[8]
Gate(31495)	 t q[9]
Gate(31496)	cx q[9], q[8]
Gate(31497)	cx q[2], q[9]
Gate(31498)	cx q[8], q[2]
Gate(31499)	 h q[9]
Gate(31500)	 h q[8]
Gate(31501)	 t q[5]
Gate(31502)	 t q[3]
Gate(31503)	 t q[8]
Gate(31504)	cx q[3], q[5]
Gate(31505)	cx q[8], q[3]
Gate(31506)	cx q[5], q[8]
Gate(31507)	tdg q[3]
Gate(31508)	cx q[5], q[3]
Gate(31509)	tdg q[5]
Gate(31510)	tdg q[3]
Gate(31511)	 t q[8]
Gate(31512)	cx q[8], q[3]
Gate(31513)	cx q[5], q[8]
Gate(31514)	cx q[3], q[5]
Gate(31515)	 h q[8]
Gate(31516)	 h q[9]
Gate(31517)	 t q[2]
Gate(31518)	 t q[8]
Gate(31519)	 t q[9]
Gate(31520)	cx q[8], q[2]
Gate(31521)	cx q[9], q[8]
Gate(31522)	cx q[2], q[9]
Gate(31523)	tdg q[8]
Gate(31524)	cx q[2], q[8]
Gate(31525)	tdg q[2]
Gate(31526)	tdg q[8]
Gate(31527)	 t q[9]
Gate(31528)	cx q[9], q[8]
Gate(31529)	cx q[2], q[9]
Gate(31530)	cx q[8], q[2]
Gate(31531)	 h q[9]
Gate(31532)	 h q[10]
Gate(31533)	 t q[1]
Gate(31534)	 t q[9]
Gate(31535)	 t q[10]
Gate(31536)	cx q[9], q[1]
Gate(31537)	cx q[10], q[9]
Gate(31538)	cx q[1], q[10]
Gate(31539)	tdg q[9]
Gate(31540)	cx q[1], q[9]
Gate(31541)	tdg q[1]
Gate(31542)	tdg q[9]
Gate(31543)	 t q[10]
Gate(31544)	cx q[10], q[9]
Gate(31545)	cx q[1], q[10]
Gate(31546)	cx q[9], q[1]
Gate(31547)	 h q[10]
Gate(31548)	 h q[4]
Gate(31549)	 t q[7]
Gate(31550)	 t q[10]
Gate(31551)	 t q[4]
Gate(31552)	cx q[10], q[7]
Gate(31553)	cx q[4], q[10]
Gate(31554)	cx q[7], q[4]
Gate(31555)	tdg q[10]
Gate(31556)	cx q[7], q[10]
Gate(31557)	tdg q[7]
Gate(31558)	tdg q[10]
Gate(31559)	 t q[4]
Gate(31560)	cx q[4], q[10]
Gate(31561)	cx q[7], q[4]
Gate(31562)	cx q[10], q[7]
Gate(31563)	 h q[4]
Gate(31564)	 h q[10]
Gate(31565)	 t q[9]
Gate(31566)	 t q[8]
Gate(31567)	 t q[10]
Gate(31568)	cx q[8], q[9]
Gate(31569)	cx q[10], q[8]
Gate(31570)	cx q[9], q[10]
Gate(31571)	tdg q[8]
Gate(31572)	cx q[9], q[8]
Gate(31573)	tdg q[9]
Gate(31574)	tdg q[8]
Gate(31575)	 t q[10]
Gate(31576)	cx q[10], q[8]
Gate(31577)	cx q[9], q[10]
Gate(31578)	cx q[8], q[9]
Gate(31579)	 h q[10]
Gate(31580)	 h q[4]
Gate(31581)	 t q[7]
Gate(31582)	 t q[10]
Gate(31583)	 t q[4]
Gate(31584)	cx q[10], q[7]
Gate(31585)	cx q[4], q[10]
Gate(31586)	cx q[7], q[4]
Gate(31587)	tdg q[10]
Gate(31588)	cx q[7], q[10]
Gate(31589)	tdg q[7]
Gate(31590)	tdg q[10]
Gate(31591)	 t q[4]
Gate(31592)	cx q[4], q[10]
Gate(31593)	cx q[7], q[4]
Gate(31594)	cx q[10], q[7]
Gate(31595)	 h q[4]
Gate(31596)	 h q[10]
Gate(31597)	 t q[9]
Gate(31598)	 t q[8]
Gate(31599)	 t q[10]
Gate(31600)	cx q[8], q[9]
Gate(31601)	cx q[10], q[8]
Gate(31602)	cx q[9], q[10]
Gate(31603)	tdg q[8]
Gate(31604)	cx q[9], q[8]
Gate(31605)	tdg q[9]
Gate(31606)	tdg q[8]
Gate(31607)	 t q[10]
Gate(31608)	cx q[10], q[8]
Gate(31609)	cx q[9], q[10]
Gate(31610)	cx q[8], q[9]
Gate(31611)	 h q[10]
Gate(31612)	 h q[0]
Gate(31613)	 t q[4]
Gate(31614)	 t q[10]
Gate(31615)	 t q[0]
Gate(31616)	cx q[10], q[4]
Gate(31617)	cx q[0], q[10]
Gate(31618)	cx q[4], q[0]
Gate(31619)	tdg q[10]
Gate(31620)	cx q[4], q[10]
Gate(31621)	tdg q[4]
Gate(31622)	tdg q[10]
Gate(31623)	 t q[0]
Gate(31624)	cx q[0], q[10]
Gate(31625)	cx q[4], q[0]
Gate(31626)	cx q[10], q[4]
Gate(31627)	 h q[0]
Gate(31628)	 h q[10]
Gate(31629)	 t q[1]
Gate(31630)	 t q[9]
Gate(31631)	 t q[10]
Gate(31632)	cx q[9], q[1]
Gate(31633)	cx q[10], q[9]
Gate(31634)	cx q[1], q[10]
Gate(31635)	tdg q[9]
Gate(31636)	cx q[1], q[9]
Gate(31637)	tdg q[1]
Gate(31638)	tdg q[9]
Gate(31639)	 t q[10]
Gate(31640)	cx q[10], q[9]
Gate(31641)	cx q[1], q[10]
Gate(31642)	cx q[9], q[1]
Gate(31643)	 h q[10]
Gate(31644)	 h q[9]
Gate(31645)	 t q[2]
Gate(31646)	 t q[8]
Gate(31647)	 t q[9]
Gate(31648)	cx q[8], q[2]
Gate(31649)	cx q[9], q[8]
Gate(31650)	cx q[2], q[9]
Gate(31651)	tdg q[8]
Gate(31652)	cx q[2], q[8]
Gate(31653)	tdg q[2]
Gate(31654)	tdg q[8]
Gate(31655)	 t q[9]
Gate(31656)	cx q[9], q[8]
Gate(31657)	cx q[2], q[9]
Gate(31658)	cx q[8], q[2]
Gate(31659)	 h q[9]
Gate(31660)	 h q[8]
Gate(31661)	 t q[5]
Gate(31662)	 t q[3]
Gate(31663)	 t q[8]
Gate(31664)	cx q[3], q[5]
Gate(31665)	cx q[8], q[3]
Gate(31666)	cx q[5], q[8]
Gate(31667)	tdg q[3]
Gate(31668)	cx q[5], q[3]
Gate(31669)	tdg q[5]
Gate(31670)	tdg q[3]
Gate(31671)	 t q[8]
Gate(31672)	cx q[8], q[3]
Gate(31673)	cx q[5], q[8]
Gate(31674)	cx q[3], q[5]
Gate(31675)	 h q[8]
Gate(31676)	 h q[9]
Gate(31677)	 t q[2]
Gate(31678)	 t q[8]
Gate(31679)	 t q[9]
Gate(31680)	cx q[8], q[2]
Gate(31681)	cx q[9], q[8]
Gate(31682)	cx q[2], q[9]
Gate(31683)	tdg q[8]
Gate(31684)	cx q[2], q[8]
Gate(31685)	tdg q[2]
Gate(31686)	tdg q[8]
Gate(31687)	 t q[9]
Gate(31688)	cx q[9], q[8]
Gate(31689)	cx q[2], q[9]
Gate(31690)	cx q[8], q[2]
Gate(31691)	 h q[9]
Gate(31692)	 h q[10]
Gate(31693)	 t q[1]
Gate(31694)	 t q[9]
Gate(31695)	 t q[10]
Gate(31696)	cx q[9], q[1]
Gate(31697)	cx q[10], q[9]
Gate(31698)	cx q[1], q[10]
Gate(31699)	tdg q[9]
Gate(31700)	cx q[1], q[9]
Gate(31701)	tdg q[1]
Gate(31702)	tdg q[9]
Gate(31703)	 t q[10]
Gate(31704)	cx q[10], q[9]
Gate(31705)	cx q[1], q[10]
Gate(31706)	cx q[9], q[1]
Gate(31707)	 h q[10]
Gate(31708)	 h q[0]
Gate(31709)	 t q[4]
Gate(31710)	 t q[10]
Gate(31711)	 t q[0]
Gate(31712)	cx q[10], q[4]
Gate(31713)	cx q[0], q[10]
Gate(31714)	cx q[4], q[0]
Gate(31715)	tdg q[10]
Gate(31716)	cx q[4], q[10]
Gate(31717)	tdg q[4]
Gate(31718)	tdg q[10]
Gate(31719)	 t q[0]
Gate(31720)	cx q[0], q[10]
Gate(31721)	cx q[4], q[0]
Gate(31722)	cx q[10], q[4]
Gate(31723)	 h q[0]
Gate(31724)	 h q[10]
Gate(31725)	 t q[1]
Gate(31726)	 t q[9]
Gate(31727)	 t q[10]
Gate(31728)	cx q[9], q[1]
Gate(31729)	cx q[10], q[9]
Gate(31730)	cx q[1], q[10]
Gate(31731)	tdg q[9]
Gate(31732)	cx q[1], q[9]
Gate(31733)	tdg q[1]
Gate(31734)	tdg q[9]
Gate(31735)	 t q[10]
Gate(31736)	cx q[10], q[9]
Gate(31737)	cx q[1], q[10]
Gate(31738)	cx q[9], q[1]
Gate(31739)	 h q[10]
Gate(31740)	 h q[9]
Gate(31741)	 t q[2]
Gate(31742)	 t q[8]
Gate(31743)	 t q[9]
Gate(31744)	cx q[8], q[2]
Gate(31745)	cx q[9], q[8]
Gate(31746)	cx q[2], q[9]
Gate(31747)	tdg q[8]
Gate(31748)	cx q[2], q[8]
Gate(31749)	tdg q[2]
Gate(31750)	tdg q[8]
Gate(31751)	 t q[9]
Gate(31752)	cx q[9], q[8]
Gate(31753)	cx q[2], q[9]
Gate(31754)	cx q[8], q[2]
Gate(31755)	 h q[9]
Gate(31756)	 h q[8]
Gate(31757)	 t q[5]
Gate(31758)	 t q[3]
Gate(31759)	 t q[8]
Gate(31760)	cx q[3], q[5]
Gate(31761)	cx q[8], q[3]
Gate(31762)	cx q[5], q[8]
Gate(31763)	tdg q[3]
Gate(31764)	cx q[5], q[3]
Gate(31765)	tdg q[5]
Gate(31766)	tdg q[3]
Gate(31767)	 t q[8]
Gate(31768)	cx q[8], q[3]
Gate(31769)	cx q[5], q[8]
Gate(31770)	cx q[3], q[5]
Gate(31771)	 h q[8]
Gate(31772)	 h q[9]
Gate(31773)	 t q[2]
Gate(31774)	 t q[8]
Gate(31775)	 t q[9]
Gate(31776)	cx q[8], q[2]
Gate(31777)	cx q[9], q[8]
Gate(31778)	cx q[2], q[9]
Gate(31779)	tdg q[8]
Gate(31780)	cx q[2], q[8]
Gate(31781)	tdg q[2]
Gate(31782)	tdg q[8]
Gate(31783)	 t q[9]
Gate(31784)	cx q[9], q[8]
Gate(31785)	cx q[2], q[9]
Gate(31786)	cx q[8], q[2]
Gate(31787)	 h q[9]
Gate(31788)	 h q[10]
Gate(31789)	 t q[1]
Gate(31790)	 t q[9]
Gate(31791)	 t q[10]
Gate(31792)	cx q[9], q[1]
Gate(31793)	cx q[10], q[9]
Gate(31794)	cx q[1], q[10]
Gate(31795)	tdg q[9]
Gate(31796)	cx q[1], q[9]
Gate(31797)	tdg q[1]
Gate(31798)	tdg q[9]
Gate(31799)	 t q[10]
Gate(31800)	cx q[10], q[9]
Gate(31801)	cx q[1], q[10]
Gate(31802)	cx q[9], q[1]
Gate(31803)	 h q[10]
Gate(31804)	 x q[3]
Gate(31805)	 h q[8]
Gate(31806)	 t q[5]
Gate(31807)	 t q[10]
Gate(31808)	 t q[8]
Gate(31809)	cx q[10], q[5]
Gate(31810)	cx q[8], q[10]
Gate(31811)	cx q[5], q[8]
Gate(31812)	tdg q[10]
Gate(31813)	cx q[5], q[10]
Gate(31814)	tdg q[5]
Gate(31815)	tdg q[10]
Gate(31816)	 t q[8]
Gate(31817)	cx q[8], q[10]
Gate(31818)	cx q[5], q[8]
Gate(31819)	cx q[10], q[5]
Gate(31820)	 h q[8]
Gate(31821)	 h q[10]
Gate(31822)	 t q[6]
Gate(31823)	 t q[4]
Gate(31824)	 t q[10]
Gate(31825)	cx q[4], q[6]
Gate(31826)	cx q[10], q[4]
Gate(31827)	cx q[6], q[10]
Gate(31828)	tdg q[4]
Gate(31829)	cx q[6], q[4]
Gate(31830)	tdg q[6]
Gate(31831)	tdg q[4]
Gate(31832)	 t q[10]
Gate(31833)	cx q[10], q[4]
Gate(31834)	cx q[6], q[10]
Gate(31835)	cx q[4], q[6]
Gate(31836)	 h q[10]
Gate(31837)	 h q[4]
Gate(31838)	 t q[9]
Gate(31839)	 t q[7]
Gate(31840)	 t q[4]
Gate(31841)	cx q[7], q[9]
Gate(31842)	cx q[4], q[7]
Gate(31843)	cx q[9], q[4]
Gate(31844)	tdg q[7]
Gate(31845)	cx q[9], q[7]
Gate(31846)	tdg q[9]
Gate(31847)	tdg q[7]
Gate(31848)	 t q[4]
Gate(31849)	cx q[4], q[7]
Gate(31850)	cx q[9], q[4]
Gate(31851)	cx q[7], q[9]
Gate(31852)	 h q[4]
Gate(31853)	 h q[10]
Gate(31854)	 t q[6]
Gate(31855)	 t q[4]
Gate(31856)	 t q[10]
Gate(31857)	cx q[4], q[6]
Gate(31858)	cx q[10], q[4]
Gate(31859)	cx q[6], q[10]
Gate(31860)	tdg q[4]
Gate(31861)	cx q[6], q[4]
Gate(31862)	tdg q[6]
Gate(31863)	tdg q[4]
Gate(31864)	 t q[10]
Gate(31865)	cx q[10], q[4]
Gate(31866)	cx q[6], q[10]
Gate(31867)	cx q[4], q[6]
Gate(31868)	 h q[10]
Gate(31869)	 h q[8]
Gate(31870)	 t q[5]
Gate(31871)	 t q[10]
Gate(31872)	 t q[8]
Gate(31873)	cx q[10], q[5]
Gate(31874)	cx q[8], q[10]
Gate(31875)	cx q[5], q[8]
Gate(31876)	tdg q[10]
Gate(31877)	cx q[5], q[10]
Gate(31878)	tdg q[5]
Gate(31879)	tdg q[10]
Gate(31880)	 t q[8]
Gate(31881)	cx q[8], q[10]
Gate(31882)	cx q[5], q[8]
Gate(31883)	cx q[10], q[5]
Gate(31884)	 h q[8]
Gate(31885)	 h q[10]
Gate(31886)	 t q[6]
Gate(31887)	 t q[4]
Gate(31888)	 t q[10]
Gate(31889)	cx q[4], q[6]
Gate(31890)	cx q[10], q[4]
Gate(31891)	cx q[6], q[10]
Gate(31892)	tdg q[4]
Gate(31893)	cx q[6], q[4]
Gate(31894)	tdg q[6]
Gate(31895)	tdg q[4]
Gate(31896)	 t q[10]
Gate(31897)	cx q[10], q[4]
Gate(31898)	cx q[6], q[10]
Gate(31899)	cx q[4], q[6]
Gate(31900)	 h q[10]
Gate(31901)	 h q[4]
Gate(31902)	 t q[9]
Gate(31903)	 t q[7]
Gate(31904)	 t q[4]
Gate(31905)	cx q[7], q[9]
Gate(31906)	cx q[4], q[7]
Gate(31907)	cx q[9], q[4]
Gate(31908)	tdg q[7]
Gate(31909)	cx q[9], q[7]
Gate(31910)	tdg q[9]
Gate(31911)	tdg q[7]
Gate(31912)	 t q[4]
Gate(31913)	cx q[4], q[7]
Gate(31914)	cx q[9], q[4]
Gate(31915)	cx q[7], q[9]
Gate(31916)	 h q[4]
Gate(31917)	 h q[10]
Gate(31918)	 t q[6]
Gate(31919)	 t q[4]
Gate(31920)	 t q[10]
Gate(31921)	cx q[4], q[6]
Gate(31922)	cx q[10], q[4]
Gate(31923)	cx q[6], q[10]
Gate(31924)	tdg q[4]
Gate(31925)	cx q[6], q[4]
Gate(31926)	tdg q[6]
Gate(31927)	tdg q[4]
Gate(31928)	 t q[10]
Gate(31929)	cx q[10], q[4]
Gate(31930)	cx q[6], q[10]
Gate(31931)	cx q[4], q[6]
Gate(31932)	 h q[10]
Gate(31933)	 h q[0]
Gate(31934)	 t q[8]
Gate(31935)	 t q[10]
Gate(31936)	 t q[0]
Gate(31937)	cx q[10], q[8]
Gate(31938)	cx q[0], q[10]
Gate(31939)	cx q[8], q[0]
Gate(31940)	tdg q[10]
Gate(31941)	cx q[8], q[10]
Gate(31942)	tdg q[8]
Gate(31943)	tdg q[10]
Gate(31944)	 t q[0]
Gate(31945)	cx q[0], q[10]
Gate(31946)	cx q[8], q[0]
Gate(31947)	cx q[10], q[8]
Gate(31948)	 h q[0]
Gate(31949)	 h q[10]
Gate(31950)	 t q[1]
Gate(31951)	 t q[9]
Gate(31952)	 t q[10]
Gate(31953)	cx q[9], q[1]
Gate(31954)	cx q[10], q[9]
Gate(31955)	cx q[1], q[10]
Gate(31956)	tdg q[9]
Gate(31957)	cx q[1], q[9]
Gate(31958)	tdg q[1]
Gate(31959)	tdg q[9]
Gate(31960)	 t q[10]
Gate(31961)	cx q[10], q[9]
Gate(31962)	cx q[1], q[10]
Gate(31963)	cx q[9], q[1]
Gate(31964)	 h q[10]
Gate(31965)	 h q[9]
Gate(31966)	 t q[2]
Gate(31967)	 t q[7]
Gate(31968)	 t q[9]
Gate(31969)	cx q[7], q[2]
Gate(31970)	cx q[9], q[7]
Gate(31971)	cx q[2], q[9]
Gate(31972)	tdg q[7]
Gate(31973)	cx q[2], q[7]
Gate(31974)	tdg q[2]
Gate(31975)	tdg q[7]
Gate(31976)	 t q[9]
Gate(31977)	cx q[9], q[7]
Gate(31978)	cx q[2], q[9]
Gate(31979)	cx q[7], q[2]
Gate(31980)	 h q[9]
Gate(31981)	 h q[7]
Gate(31982)	 t q[4]
Gate(31983)	 t q[3]
Gate(31984)	 t q[7]
Gate(31985)	cx q[3], q[4]
Gate(31986)	cx q[7], q[3]
Gate(31987)	cx q[4], q[7]
Gate(31988)	tdg q[3]
Gate(31989)	cx q[4], q[3]
Gate(31990)	tdg q[4]
Gate(31991)	tdg q[3]
Gate(31992)	 t q[7]
Gate(31993)	cx q[7], q[3]
Gate(31994)	cx q[4], q[7]
Gate(31995)	cx q[3], q[4]
Gate(31996)	 h q[7]
Gate(31997)	 h q[9]
Gate(31998)	 t q[2]
Gate(31999)	 t q[7]
Gate(32000)	 t q[9]
Gate(32001)	cx q[7], q[2]
Gate(32002)	cx q[9], q[7]
Gate(32003)	cx q[2], q[9]
Gate(32004)	tdg q[7]
Gate(32005)	cx q[2], q[7]
Gate(32006)	tdg q[2]
Gate(32007)	tdg q[7]
Gate(32008)	 t q[9]
Gate(32009)	cx q[9], q[7]
Gate(32010)	cx q[2], q[9]
Gate(32011)	cx q[7], q[2]
Gate(32012)	 h q[9]
Gate(32013)	 h q[10]
Gate(32014)	 t q[1]
Gate(32015)	 t q[9]
Gate(32016)	 t q[10]
Gate(32017)	cx q[9], q[1]
Gate(32018)	cx q[10], q[9]
Gate(32019)	cx q[1], q[10]
Gate(32020)	tdg q[9]
Gate(32021)	cx q[1], q[9]
Gate(32022)	tdg q[1]
Gate(32023)	tdg q[9]
Gate(32024)	 t q[10]
Gate(32025)	cx q[10], q[9]
Gate(32026)	cx q[1], q[10]
Gate(32027)	cx q[9], q[1]
Gate(32028)	 h q[10]
Gate(32029)	 h q[0]
Gate(32030)	 t q[8]
Gate(32031)	 t q[10]
Gate(32032)	 t q[0]
Gate(32033)	cx q[10], q[8]
Gate(32034)	cx q[0], q[10]
Gate(32035)	cx q[8], q[0]
Gate(32036)	tdg q[10]
Gate(32037)	cx q[8], q[10]
Gate(32038)	tdg q[8]
Gate(32039)	tdg q[10]
Gate(32040)	 t q[0]
Gate(32041)	cx q[0], q[10]
Gate(32042)	cx q[8], q[0]
Gate(32043)	cx q[10], q[8]
Gate(32044)	 h q[0]
Gate(32045)	 h q[10]
Gate(32046)	 t q[1]
Gate(32047)	 t q[9]
Gate(32048)	 t q[10]
Gate(32049)	cx q[9], q[1]
Gate(32050)	cx q[10], q[9]
Gate(32051)	cx q[1], q[10]
Gate(32052)	tdg q[9]
Gate(32053)	cx q[1], q[9]
Gate(32054)	tdg q[1]
Gate(32055)	tdg q[9]
Gate(32056)	 t q[10]
Gate(32057)	cx q[10], q[9]
Gate(32058)	cx q[1], q[10]
Gate(32059)	cx q[9], q[1]
Gate(32060)	 h q[10]
Gate(32061)	 h q[9]
Gate(32062)	 t q[2]
Gate(32063)	 t q[7]
Gate(32064)	 t q[9]
Gate(32065)	cx q[7], q[2]
Gate(32066)	cx q[9], q[7]
Gate(32067)	cx q[2], q[9]
Gate(32068)	tdg q[7]
Gate(32069)	cx q[2], q[7]
Gate(32070)	tdg q[2]
Gate(32071)	tdg q[7]
Gate(32072)	 t q[9]
Gate(32073)	cx q[9], q[7]
Gate(32074)	cx q[2], q[9]
Gate(32075)	cx q[7], q[2]
Gate(32076)	 h q[9]
Gate(32077)	 h q[7]
Gate(32078)	 t q[4]
Gate(32079)	 t q[3]
Gate(32080)	 t q[7]
Gate(32081)	cx q[3], q[4]
Gate(32082)	cx q[7], q[3]
Gate(32083)	cx q[4], q[7]
Gate(32084)	tdg q[3]
Gate(32085)	cx q[4], q[3]
Gate(32086)	tdg q[4]
Gate(32087)	tdg q[3]
Gate(32088)	 t q[7]
Gate(32089)	cx q[7], q[3]
Gate(32090)	cx q[4], q[7]
Gate(32091)	cx q[3], q[4]
Gate(32092)	 h q[7]
Gate(32093)	 h q[9]
Gate(32094)	 t q[2]
Gate(32095)	 t q[7]
Gate(32096)	 t q[9]
Gate(32097)	cx q[7], q[2]
Gate(32098)	cx q[9], q[7]
Gate(32099)	cx q[2], q[9]
Gate(32100)	tdg q[7]
Gate(32101)	cx q[2], q[7]
Gate(32102)	tdg q[2]
Gate(32103)	tdg q[7]
Gate(32104)	 t q[9]
Gate(32105)	cx q[9], q[7]
Gate(32106)	cx q[2], q[9]
Gate(32107)	cx q[7], q[2]
Gate(32108)	 h q[9]
Gate(32109)	 h q[10]
Gate(32110)	 t q[1]
Gate(32111)	 t q[9]
Gate(32112)	 t q[10]
Gate(32113)	cx q[9], q[1]
Gate(32114)	cx q[10], q[9]
Gate(32115)	cx q[1], q[10]
Gate(32116)	tdg q[9]
Gate(32117)	cx q[1], q[9]
Gate(32118)	tdg q[1]
Gate(32119)	tdg q[9]
Gate(32120)	 t q[10]
Gate(32121)	cx q[10], q[9]
Gate(32122)	cx q[1], q[10]
Gate(32123)	cx q[9], q[1]
Gate(32124)	 h q[10]
Gate(32125)	 h q[8]
Gate(32126)	 t q[5]
Gate(32127)	 t q[10]
Gate(32128)	 t q[8]
Gate(32129)	cx q[10], q[5]
Gate(32130)	cx q[8], q[10]
Gate(32131)	cx q[5], q[8]
Gate(32132)	tdg q[10]
Gate(32133)	cx q[5], q[10]
Gate(32134)	tdg q[5]
Gate(32135)	tdg q[10]
Gate(32136)	 t q[8]
Gate(32137)	cx q[8], q[10]
Gate(32138)	cx q[5], q[8]
Gate(32139)	cx q[10], q[5]
Gate(32140)	 h q[8]
Gate(32141)	 h q[10]
Gate(32142)	 t q[6]
Gate(32143)	 t q[4]
Gate(32144)	 t q[10]
Gate(32145)	cx q[4], q[6]
Gate(32146)	cx q[10], q[4]
Gate(32147)	cx q[6], q[10]
Gate(32148)	tdg q[4]
Gate(32149)	cx q[6], q[4]
Gate(32150)	tdg q[6]
Gate(32151)	tdg q[4]
Gate(32152)	 t q[10]
Gate(32153)	cx q[10], q[4]
Gate(32154)	cx q[6], q[10]
Gate(32155)	cx q[4], q[6]
Gate(32156)	 h q[10]
Gate(32157)	 h q[4]
Gate(32158)	 t q[9]
Gate(32159)	 t q[7]
Gate(32160)	 t q[4]
Gate(32161)	cx q[7], q[9]
Gate(32162)	cx q[4], q[7]
Gate(32163)	cx q[9], q[4]
Gate(32164)	tdg q[7]
Gate(32165)	cx q[9], q[7]
Gate(32166)	tdg q[9]
Gate(32167)	tdg q[7]
Gate(32168)	 t q[4]
Gate(32169)	cx q[4], q[7]
Gate(32170)	cx q[9], q[4]
Gate(32171)	cx q[7], q[9]
Gate(32172)	 h q[4]
Gate(32173)	 h q[10]
Gate(32174)	 t q[6]
Gate(32175)	 t q[4]
Gate(32176)	 t q[10]
Gate(32177)	cx q[4], q[6]
Gate(32178)	cx q[10], q[4]
Gate(32179)	cx q[6], q[10]
Gate(32180)	tdg q[4]
Gate(32181)	cx q[6], q[4]
Gate(32182)	tdg q[6]
Gate(32183)	tdg q[4]
Gate(32184)	 t q[10]
Gate(32185)	cx q[10], q[4]
Gate(32186)	cx q[6], q[10]
Gate(32187)	cx q[4], q[6]
Gate(32188)	 h q[10]
Gate(32189)	 h q[8]
Gate(32190)	 t q[5]
Gate(32191)	 t q[10]
Gate(32192)	 t q[8]
Gate(32193)	cx q[10], q[5]
Gate(32194)	cx q[8], q[10]
Gate(32195)	cx q[5], q[8]
Gate(32196)	tdg q[10]
Gate(32197)	cx q[5], q[10]
Gate(32198)	tdg q[5]
Gate(32199)	tdg q[10]
Gate(32200)	 t q[8]
Gate(32201)	cx q[8], q[10]
Gate(32202)	cx q[5], q[8]
Gate(32203)	cx q[10], q[5]
Gate(32204)	 h q[8]
Gate(32205)	 h q[10]
Gate(32206)	 t q[6]
Gate(32207)	 t q[4]
Gate(32208)	 t q[10]
Gate(32209)	cx q[4], q[6]
Gate(32210)	cx q[10], q[4]
Gate(32211)	cx q[6], q[10]
Gate(32212)	tdg q[4]
Gate(32213)	cx q[6], q[4]
Gate(32214)	tdg q[6]
Gate(32215)	tdg q[4]
Gate(32216)	 t q[10]
Gate(32217)	cx q[10], q[4]
Gate(32218)	cx q[6], q[10]
Gate(32219)	cx q[4], q[6]
Gate(32220)	 h q[10]
Gate(32221)	 h q[4]
Gate(32222)	 t q[9]
Gate(32223)	 t q[7]
Gate(32224)	 t q[4]
Gate(32225)	cx q[7], q[9]
Gate(32226)	cx q[4], q[7]
Gate(32227)	cx q[9], q[4]
Gate(32228)	tdg q[7]
Gate(32229)	cx q[9], q[7]
Gate(32230)	tdg q[9]
Gate(32231)	tdg q[7]
Gate(32232)	 t q[4]
Gate(32233)	cx q[4], q[7]
Gate(32234)	cx q[9], q[4]
Gate(32235)	cx q[7], q[9]
Gate(32236)	 h q[4]
Gate(32237)	 h q[10]
Gate(32238)	 t q[6]
Gate(32239)	 t q[4]
Gate(32240)	 t q[10]
Gate(32241)	cx q[4], q[6]
Gate(32242)	cx q[10], q[4]
Gate(32243)	cx q[6], q[10]
Gate(32244)	tdg q[4]
Gate(32245)	cx q[6], q[4]
Gate(32246)	tdg q[6]
Gate(32247)	tdg q[4]
Gate(32248)	 t q[10]
Gate(32249)	cx q[10], q[4]
Gate(32250)	cx q[6], q[10]
Gate(32251)	cx q[4], q[6]
Gate(32252)	 h q[10]
Gate(32253)	 h q[0]
Gate(32254)	 t q[8]
Gate(32255)	 t q[10]
Gate(32256)	 t q[0]
Gate(32257)	cx q[10], q[8]
Gate(32258)	cx q[0], q[10]
Gate(32259)	cx q[8], q[0]
Gate(32260)	tdg q[10]
Gate(32261)	cx q[8], q[10]
Gate(32262)	tdg q[8]
Gate(32263)	tdg q[10]
Gate(32264)	 t q[0]
Gate(32265)	cx q[0], q[10]
Gate(32266)	cx q[8], q[0]
Gate(32267)	cx q[10], q[8]
Gate(32268)	 h q[0]
Gate(32269)	 h q[10]
Gate(32270)	 t q[1]
Gate(32271)	 t q[9]
Gate(32272)	 t q[10]
Gate(32273)	cx q[9], q[1]
Gate(32274)	cx q[10], q[9]
Gate(32275)	cx q[1], q[10]
Gate(32276)	tdg q[9]
Gate(32277)	cx q[1], q[9]
Gate(32278)	tdg q[1]
Gate(32279)	tdg q[9]
Gate(32280)	 t q[10]
Gate(32281)	cx q[10], q[9]
Gate(32282)	cx q[1], q[10]
Gate(32283)	cx q[9], q[1]
Gate(32284)	 h q[10]
Gate(32285)	 h q[9]
Gate(32286)	 t q[2]
Gate(32287)	 t q[7]
Gate(32288)	 t q[9]
Gate(32289)	cx q[7], q[2]
Gate(32290)	cx q[9], q[7]
Gate(32291)	cx q[2], q[9]
Gate(32292)	tdg q[7]
Gate(32293)	cx q[2], q[7]
Gate(32294)	tdg q[2]
Gate(32295)	tdg q[7]
Gate(32296)	 t q[9]
Gate(32297)	cx q[9], q[7]
Gate(32298)	cx q[2], q[9]
Gate(32299)	cx q[7], q[2]
Gate(32300)	 h q[9]
Gate(32301)	 h q[7]
Gate(32302)	 t q[4]
Gate(32303)	 t q[3]
Gate(32304)	 t q[7]
Gate(32305)	cx q[3], q[4]
Gate(32306)	cx q[7], q[3]
Gate(32307)	cx q[4], q[7]
Gate(32308)	tdg q[3]
Gate(32309)	cx q[4], q[3]
Gate(32310)	tdg q[4]
Gate(32311)	tdg q[3]
Gate(32312)	 t q[7]
Gate(32313)	cx q[7], q[3]
Gate(32314)	cx q[4], q[7]
Gate(32315)	cx q[3], q[4]
Gate(32316)	 h q[7]
Gate(32317)	 h q[9]
Gate(32318)	 t q[2]
Gate(32319)	 t q[7]
Gate(32320)	 t q[9]
Gate(32321)	cx q[7], q[2]
Gate(32322)	cx q[9], q[7]
Gate(32323)	cx q[2], q[9]
Gate(32324)	tdg q[7]
Gate(32325)	cx q[2], q[7]
Gate(32326)	tdg q[2]
Gate(32327)	tdg q[7]
Gate(32328)	 t q[9]
Gate(32329)	cx q[9], q[7]
Gate(32330)	cx q[2], q[9]
Gate(32331)	cx q[7], q[2]
Gate(32332)	 h q[9]
Gate(32333)	 h q[10]
Gate(32334)	 t q[1]
Gate(32335)	 t q[9]
Gate(32336)	 t q[10]
Gate(32337)	cx q[9], q[1]
Gate(32338)	cx q[10], q[9]
Gate(32339)	cx q[1], q[10]
Gate(32340)	tdg q[9]
Gate(32341)	cx q[1], q[9]
Gate(32342)	tdg q[1]
Gate(32343)	tdg q[9]
Gate(32344)	 t q[10]
Gate(32345)	cx q[10], q[9]
Gate(32346)	cx q[1], q[10]
Gate(32347)	cx q[9], q[1]
Gate(32348)	 h q[10]
Gate(32349)	 h q[0]
Gate(32350)	 t q[8]
Gate(32351)	 t q[10]
Gate(32352)	 t q[0]
Gate(32353)	cx q[10], q[8]
Gate(32354)	cx q[0], q[10]
Gate(32355)	cx q[8], q[0]
Gate(32356)	tdg q[10]
Gate(32357)	cx q[8], q[10]
Gate(32358)	tdg q[8]
Gate(32359)	tdg q[10]
Gate(32360)	 t q[0]
Gate(32361)	cx q[0], q[10]
Gate(32362)	cx q[8], q[0]
Gate(32363)	cx q[10], q[8]
Gate(32364)	 h q[0]
Gate(32365)	 h q[10]
Gate(32366)	 t q[1]
Gate(32367)	 t q[9]
Gate(32368)	 t q[10]
Gate(32369)	cx q[9], q[1]
Gate(32370)	cx q[10], q[9]
Gate(32371)	cx q[1], q[10]
Gate(32372)	tdg q[9]
Gate(32373)	cx q[1], q[9]
Gate(32374)	tdg q[1]
Gate(32375)	tdg q[9]
Gate(32376)	 t q[10]
Gate(32377)	cx q[10], q[9]
Gate(32378)	cx q[1], q[10]
Gate(32379)	cx q[9], q[1]
Gate(32380)	 h q[10]
Gate(32381)	 h q[9]
Gate(32382)	 t q[2]
Gate(32383)	 t q[7]
Gate(32384)	 t q[9]
Gate(32385)	cx q[7], q[2]
Gate(32386)	cx q[9], q[7]
Gate(32387)	cx q[2], q[9]
Gate(32388)	tdg q[7]
Gate(32389)	cx q[2], q[7]
Gate(32390)	tdg q[2]
Gate(32391)	tdg q[7]
Gate(32392)	 t q[9]
Gate(32393)	cx q[9], q[7]
Gate(32394)	cx q[2], q[9]
Gate(32395)	cx q[7], q[2]
Gate(32396)	 h q[9]
Gate(32397)	 h q[7]
Gate(32398)	 t q[4]
Gate(32399)	 t q[3]
Gate(32400)	 t q[7]
Gate(32401)	cx q[3], q[4]
Gate(32402)	cx q[7], q[3]
Gate(32403)	cx q[4], q[7]
Gate(32404)	tdg q[3]
Gate(32405)	cx q[4], q[3]
Gate(32406)	tdg q[4]
Gate(32407)	tdg q[3]
Gate(32408)	 t q[7]
Gate(32409)	cx q[7], q[3]
Gate(32410)	cx q[4], q[7]
Gate(32411)	cx q[3], q[4]
Gate(32412)	 h q[7]
Gate(32413)	 h q[9]
Gate(32414)	 t q[2]
Gate(32415)	 t q[7]
Gate(32416)	 t q[9]
Gate(32417)	cx q[7], q[2]
Gate(32418)	cx q[9], q[7]
Gate(32419)	cx q[2], q[9]
Gate(32420)	tdg q[7]
Gate(32421)	cx q[2], q[7]
Gate(32422)	tdg q[2]
Gate(32423)	tdg q[7]
Gate(32424)	 t q[9]
Gate(32425)	cx q[9], q[7]
Gate(32426)	cx q[2], q[9]
Gate(32427)	cx q[7], q[2]
Gate(32428)	 h q[9]
Gate(32429)	 h q[10]
Gate(32430)	 t q[1]
Gate(32431)	 t q[9]
Gate(32432)	 t q[10]
Gate(32433)	cx q[9], q[1]
Gate(32434)	cx q[10], q[9]
Gate(32435)	cx q[1], q[10]
Gate(32436)	tdg q[9]
Gate(32437)	cx q[1], q[9]
Gate(32438)	tdg q[1]
Gate(32439)	tdg q[9]
Gate(32440)	 t q[10]
Gate(32441)	cx q[10], q[9]
Gate(32442)	cx q[1], q[10]
Gate(32443)	cx q[9], q[1]
Gate(32444)	 h q[10]
Gate(32445)	 h q[8]
Gate(32446)	 t q[5]
Gate(32447)	 t q[10]
Gate(32448)	 t q[8]
Gate(32449)	cx q[10], q[5]
Gate(32450)	cx q[8], q[10]
Gate(32451)	cx q[5], q[8]
Gate(32452)	tdg q[10]
Gate(32453)	cx q[5], q[10]
Gate(32454)	tdg q[5]
Gate(32455)	tdg q[10]
Gate(32456)	 t q[8]
Gate(32457)	cx q[8], q[10]
Gate(32458)	cx q[5], q[8]
Gate(32459)	cx q[10], q[5]
Gate(32460)	 h q[8]
Gate(32461)	 h q[10]
Gate(32462)	 t q[7]
Gate(32463)	 t q[6]
Gate(32464)	 t q[10]
Gate(32465)	cx q[6], q[7]
Gate(32466)	cx q[10], q[6]
Gate(32467)	cx q[7], q[10]
Gate(32468)	tdg q[6]
Gate(32469)	cx q[7], q[6]
Gate(32470)	tdg q[7]
Gate(32471)	tdg q[6]
Gate(32472)	 t q[10]
Gate(32473)	cx q[10], q[6]
Gate(32474)	cx q[7], q[10]
Gate(32475)	cx q[6], q[7]
Gate(32476)	 h q[10]
Gate(32477)	 h q[8]
Gate(32478)	 t q[5]
Gate(32479)	 t q[10]
Gate(32480)	 t q[8]
Gate(32481)	cx q[10], q[5]
Gate(32482)	cx q[8], q[10]
Gate(32483)	cx q[5], q[8]
Gate(32484)	tdg q[10]
Gate(32485)	cx q[5], q[10]
Gate(32486)	tdg q[5]
Gate(32487)	tdg q[10]
Gate(32488)	 t q[8]
Gate(32489)	cx q[8], q[10]
Gate(32490)	cx q[5], q[8]
Gate(32491)	cx q[10], q[5]
Gate(32492)	 h q[8]
Gate(32493)	 h q[10]
Gate(32494)	 t q[7]
Gate(32495)	 t q[6]
Gate(32496)	 t q[10]
Gate(32497)	cx q[6], q[7]
Gate(32498)	cx q[10], q[6]
Gate(32499)	cx q[7], q[10]
Gate(32500)	tdg q[6]
Gate(32501)	cx q[7], q[6]
Gate(32502)	tdg q[7]
Gate(32503)	tdg q[6]
Gate(32504)	 t q[10]
Gate(32505)	cx q[10], q[6]
Gate(32506)	cx q[7], q[10]
Gate(32507)	cx q[6], q[7]
Gate(32508)	 h q[10]
Gate(32509)	 h q[0]
Gate(32510)	 t q[8]
Gate(32511)	 t q[10]
Gate(32512)	 t q[0]
Gate(32513)	cx q[10], q[8]
Gate(32514)	cx q[0], q[10]
Gate(32515)	cx q[8], q[0]
Gate(32516)	tdg q[10]
Gate(32517)	cx q[8], q[10]
Gate(32518)	tdg q[8]
Gate(32519)	tdg q[10]
Gate(32520)	 t q[0]
Gate(32521)	cx q[0], q[10]
Gate(32522)	cx q[8], q[0]
Gate(32523)	cx q[10], q[8]
Gate(32524)	 h q[0]
Gate(32525)	 h q[10]
Gate(32526)	 t q[1]
Gate(32527)	 t q[9]
Gate(32528)	 t q[10]
Gate(32529)	cx q[9], q[1]
Gate(32530)	cx q[10], q[9]
Gate(32531)	cx q[1], q[10]
Gate(32532)	tdg q[9]
Gate(32533)	cx q[1], q[9]
Gate(32534)	tdg q[1]
Gate(32535)	tdg q[9]
Gate(32536)	 t q[10]
Gate(32537)	cx q[10], q[9]
Gate(32538)	cx q[1], q[10]
Gate(32539)	cx q[9], q[1]
Gate(32540)	 h q[10]
Gate(32541)	 h q[9]
Gate(32542)	 t q[2]
Gate(32543)	 t q[7]
Gate(32544)	 t q[9]
Gate(32545)	cx q[7], q[2]
Gate(32546)	cx q[9], q[7]
Gate(32547)	cx q[2], q[9]
Gate(32548)	tdg q[7]
Gate(32549)	cx q[2], q[7]
Gate(32550)	tdg q[2]
Gate(32551)	tdg q[7]
Gate(32552)	 t q[9]
Gate(32553)	cx q[9], q[7]
Gate(32554)	cx q[2], q[9]
Gate(32555)	cx q[7], q[2]
Gate(32556)	 h q[9]
Gate(32557)	 h q[7]
Gate(32558)	 t q[4]
Gate(32559)	 t q[3]
Gate(32560)	 t q[7]
Gate(32561)	cx q[3], q[4]
Gate(32562)	cx q[7], q[3]
Gate(32563)	cx q[4], q[7]
Gate(32564)	tdg q[3]
Gate(32565)	cx q[4], q[3]
Gate(32566)	tdg q[4]
Gate(32567)	tdg q[3]
Gate(32568)	 t q[7]
Gate(32569)	cx q[7], q[3]
Gate(32570)	cx q[4], q[7]
Gate(32571)	cx q[3], q[4]
Gate(32572)	 h q[7]
Gate(32573)	 h q[9]
Gate(32574)	 t q[2]
Gate(32575)	 t q[7]
Gate(32576)	 t q[9]
Gate(32577)	cx q[7], q[2]
Gate(32578)	cx q[9], q[7]
Gate(32579)	cx q[2], q[9]
Gate(32580)	tdg q[7]
Gate(32581)	cx q[2], q[7]
Gate(32582)	tdg q[2]
Gate(32583)	tdg q[7]
Gate(32584)	 t q[9]
Gate(32585)	cx q[9], q[7]
Gate(32586)	cx q[2], q[9]
Gate(32587)	cx q[7], q[2]
Gate(32588)	 h q[9]
Gate(32589)	 h q[10]
Gate(32590)	 t q[1]
Gate(32591)	 t q[9]
Gate(32592)	 t q[10]
Gate(32593)	cx q[9], q[1]
Gate(32594)	cx q[10], q[9]
Gate(32595)	cx q[1], q[10]
Gate(32596)	tdg q[9]
Gate(32597)	cx q[1], q[9]
Gate(32598)	tdg q[1]
Gate(32599)	tdg q[9]
Gate(32600)	 t q[10]
Gate(32601)	cx q[10], q[9]
Gate(32602)	cx q[1], q[10]
Gate(32603)	cx q[9], q[1]
Gate(32604)	 h q[10]
Gate(32605)	 h q[0]
Gate(32606)	 t q[8]
Gate(32607)	 t q[10]
Gate(32608)	 t q[0]
Gate(32609)	cx q[10], q[8]
Gate(32610)	cx q[0], q[10]
Gate(32611)	cx q[8], q[0]
Gate(32612)	tdg q[10]
Gate(32613)	cx q[8], q[10]
Gate(32614)	tdg q[8]
Gate(32615)	tdg q[10]
Gate(32616)	 t q[0]
Gate(32617)	cx q[0], q[10]
Gate(32618)	cx q[8], q[0]
Gate(32619)	cx q[10], q[8]
Gate(32620)	 h q[0]
Gate(32621)	 h q[10]
Gate(32622)	 t q[1]
Gate(32623)	 t q[9]
Gate(32624)	 t q[10]
Gate(32625)	cx q[9], q[1]
Gate(32626)	cx q[10], q[9]
Gate(32627)	cx q[1], q[10]
Gate(32628)	tdg q[9]
Gate(32629)	cx q[1], q[9]
Gate(32630)	tdg q[1]
Gate(32631)	tdg q[9]
Gate(32632)	 t q[10]
Gate(32633)	cx q[10], q[9]
Gate(32634)	cx q[1], q[10]
Gate(32635)	cx q[9], q[1]
Gate(32636)	 h q[10]
Gate(32637)	 h q[9]
Gate(32638)	 t q[2]
Gate(32639)	 t q[7]
Gate(32640)	 t q[9]
Gate(32641)	cx q[7], q[2]
Gate(32642)	cx q[9], q[7]
Gate(32643)	cx q[2], q[9]
Gate(32644)	tdg q[7]
Gate(32645)	cx q[2], q[7]
Gate(32646)	tdg q[2]
Gate(32647)	tdg q[7]
Gate(32648)	 t q[9]
Gate(32649)	cx q[9], q[7]
Gate(32650)	cx q[2], q[9]
Gate(32651)	cx q[7], q[2]
Gate(32652)	 h q[9]
Gate(32653)	 h q[7]
Gate(32654)	 t q[4]
Gate(32655)	 t q[3]
Gate(32656)	 t q[7]
Gate(32657)	cx q[3], q[4]
Gate(32658)	cx q[7], q[3]
Gate(32659)	cx q[4], q[7]
Gate(32660)	tdg q[3]
Gate(32661)	cx q[4], q[3]
Gate(32662)	tdg q[4]
Gate(32663)	tdg q[3]
Gate(32664)	 t q[7]
Gate(32665)	cx q[7], q[3]
Gate(32666)	cx q[4], q[7]
Gate(32667)	cx q[3], q[4]
Gate(32668)	 h q[7]
Gate(32669)	 h q[9]
Gate(32670)	 t q[2]
Gate(32671)	 t q[7]
Gate(32672)	 t q[9]
Gate(32673)	cx q[7], q[2]
Gate(32674)	cx q[9], q[7]
Gate(32675)	cx q[2], q[9]
Gate(32676)	tdg q[7]
Gate(32677)	cx q[2], q[7]
Gate(32678)	tdg q[2]
Gate(32679)	tdg q[7]
Gate(32680)	 t q[9]
Gate(32681)	cx q[9], q[7]
Gate(32682)	cx q[2], q[9]
Gate(32683)	cx q[7], q[2]
Gate(32684)	 h q[9]
Gate(32685)	 h q[10]
Gate(32686)	 t q[1]
Gate(32687)	 t q[9]
Gate(32688)	 t q[10]
Gate(32689)	cx q[9], q[1]
Gate(32690)	cx q[10], q[9]
Gate(32691)	cx q[1], q[10]
Gate(32692)	tdg q[9]
Gate(32693)	cx q[1], q[9]
Gate(32694)	tdg q[1]
Gate(32695)	tdg q[9]
Gate(32696)	 t q[10]
Gate(32697)	cx q[10], q[9]
Gate(32698)	cx q[1], q[10]
Gate(32699)	cx q[9], q[1]
Gate(32700)	 h q[10]
Gate(32701)	 h q[8]
Gate(32702)	 t q[5]
Gate(32703)	 t q[10]
Gate(32704)	 t q[8]
Gate(32705)	cx q[10], q[5]
Gate(32706)	cx q[8], q[10]
Gate(32707)	cx q[5], q[8]
Gate(32708)	tdg q[10]
Gate(32709)	cx q[5], q[10]
Gate(32710)	tdg q[5]
Gate(32711)	tdg q[10]
Gate(32712)	 t q[8]
Gate(32713)	cx q[8], q[10]
Gate(32714)	cx q[5], q[8]
Gate(32715)	cx q[10], q[5]
Gate(32716)	 h q[8]
Gate(32717)	 h q[10]
Gate(32718)	 t q[7]
Gate(32719)	 t q[6]
Gate(32720)	 t q[10]
Gate(32721)	cx q[6], q[7]
Gate(32722)	cx q[10], q[6]
Gate(32723)	cx q[7], q[10]
Gate(32724)	tdg q[6]
Gate(32725)	cx q[7], q[6]
Gate(32726)	tdg q[7]
Gate(32727)	tdg q[6]
Gate(32728)	 t q[10]
Gate(32729)	cx q[10], q[6]
Gate(32730)	cx q[7], q[10]
Gate(32731)	cx q[6], q[7]
Gate(32732)	 h q[10]
Gate(32733)	 h q[8]
Gate(32734)	 t q[5]
Gate(32735)	 t q[10]
Gate(32736)	 t q[8]
Gate(32737)	cx q[10], q[5]
Gate(32738)	cx q[8], q[10]
Gate(32739)	cx q[5], q[8]
Gate(32740)	tdg q[10]
Gate(32741)	cx q[5], q[10]
Gate(32742)	tdg q[5]
Gate(32743)	tdg q[10]
Gate(32744)	 t q[8]
Gate(32745)	cx q[8], q[10]
Gate(32746)	cx q[5], q[8]
Gate(32747)	cx q[10], q[5]
Gate(32748)	 h q[8]
Gate(32749)	 h q[10]
Gate(32750)	 t q[7]
Gate(32751)	 t q[6]
Gate(32752)	 t q[10]
Gate(32753)	cx q[6], q[7]
Gate(32754)	cx q[10], q[6]
Gate(32755)	cx q[7], q[10]
Gate(32756)	tdg q[6]
Gate(32757)	cx q[7], q[6]
Gate(32758)	tdg q[7]
Gate(32759)	tdg q[6]
Gate(32760)	 t q[10]
Gate(32761)	cx q[10], q[6]
Gate(32762)	cx q[7], q[10]
Gate(32763)	cx q[6], q[7]
Gate(32764)	 h q[10]
Gate(32765)	 h q[0]
Gate(32766)	 t q[8]
Gate(32767)	 t q[10]
Gate(32768)	 t q[0]
Gate(32769)	cx q[10], q[8]
Gate(32770)	cx q[0], q[10]
Gate(32771)	cx q[8], q[0]
Gate(32772)	tdg q[10]
Gate(32773)	cx q[8], q[10]
Gate(32774)	tdg q[8]
Gate(32775)	tdg q[10]
Gate(32776)	 t q[0]
Gate(32777)	cx q[0], q[10]
Gate(32778)	cx q[8], q[0]
Gate(32779)	cx q[10], q[8]
Gate(32780)	 h q[0]
Gate(32781)	 h q[10]
Gate(32782)	 t q[1]
Gate(32783)	 t q[9]
Gate(32784)	 t q[10]
Gate(32785)	cx q[9], q[1]
Gate(32786)	cx q[10], q[9]
Gate(32787)	cx q[1], q[10]
Gate(32788)	tdg q[9]
Gate(32789)	cx q[1], q[9]
Gate(32790)	tdg q[1]
Gate(32791)	tdg q[9]
Gate(32792)	 t q[10]
Gate(32793)	cx q[10], q[9]
Gate(32794)	cx q[1], q[10]
Gate(32795)	cx q[9], q[1]
Gate(32796)	 h q[10]
Gate(32797)	 h q[9]
Gate(32798)	 t q[2]
Gate(32799)	 t q[7]
Gate(32800)	 t q[9]
Gate(32801)	cx q[7], q[2]
Gate(32802)	cx q[9], q[7]
Gate(32803)	cx q[2], q[9]
Gate(32804)	tdg q[7]
Gate(32805)	cx q[2], q[7]
Gate(32806)	tdg q[2]
Gate(32807)	tdg q[7]
Gate(32808)	 t q[9]
Gate(32809)	cx q[9], q[7]
Gate(32810)	cx q[2], q[9]
Gate(32811)	cx q[7], q[2]
Gate(32812)	 h q[9]
Gate(32813)	 h q[7]
Gate(32814)	 t q[4]
Gate(32815)	 t q[3]
Gate(32816)	 t q[7]
Gate(32817)	cx q[3], q[4]
Gate(32818)	cx q[7], q[3]
Gate(32819)	cx q[4], q[7]
Gate(32820)	tdg q[3]
Gate(32821)	cx q[4], q[3]
Gate(32822)	tdg q[4]
Gate(32823)	tdg q[3]
Gate(32824)	 t q[7]
Gate(32825)	cx q[7], q[3]
Gate(32826)	cx q[4], q[7]
Gate(32827)	cx q[3], q[4]
Gate(32828)	 h q[7]
Gate(32829)	 h q[9]
Gate(32830)	 t q[2]
Gate(32831)	 t q[7]
Gate(32832)	 t q[9]
Gate(32833)	cx q[7], q[2]
Gate(32834)	cx q[9], q[7]
Gate(32835)	cx q[2], q[9]
Gate(32836)	tdg q[7]
Gate(32837)	cx q[2], q[7]
Gate(32838)	tdg q[2]
Gate(32839)	tdg q[7]
Gate(32840)	 t q[9]
Gate(32841)	cx q[9], q[7]
Gate(32842)	cx q[2], q[9]
Gate(32843)	cx q[7], q[2]
Gate(32844)	 h q[9]
Gate(32845)	 h q[10]
Gate(32846)	 t q[1]
Gate(32847)	 t q[9]
Gate(32848)	 t q[10]
Gate(32849)	cx q[9], q[1]
Gate(32850)	cx q[10], q[9]
Gate(32851)	cx q[1], q[10]
Gate(32852)	tdg q[9]
Gate(32853)	cx q[1], q[9]
Gate(32854)	tdg q[1]
Gate(32855)	tdg q[9]
Gate(32856)	 t q[10]
Gate(32857)	cx q[10], q[9]
Gate(32858)	cx q[1], q[10]
Gate(32859)	cx q[9], q[1]
Gate(32860)	 h q[10]
Gate(32861)	 h q[0]
Gate(32862)	 t q[8]
Gate(32863)	 t q[10]
Gate(32864)	 t q[0]
Gate(32865)	cx q[10], q[8]
Gate(32866)	cx q[0], q[10]
Gate(32867)	cx q[8], q[0]
Gate(32868)	tdg q[10]
Gate(32869)	cx q[8], q[10]
Gate(32870)	tdg q[8]
Gate(32871)	tdg q[10]
Gate(32872)	 t q[0]
Gate(32873)	cx q[0], q[10]
Gate(32874)	cx q[8], q[0]
Gate(32875)	cx q[10], q[8]
Gate(32876)	 h q[0]
Gate(32877)	 h q[10]
Gate(32878)	 t q[1]
Gate(32879)	 t q[9]
Gate(32880)	 t q[10]
Gate(32881)	cx q[9], q[1]
Gate(32882)	cx q[10], q[9]
Gate(32883)	cx q[1], q[10]
Gate(32884)	tdg q[9]
Gate(32885)	cx q[1], q[9]
Gate(32886)	tdg q[1]
Gate(32887)	tdg q[9]
Gate(32888)	 t q[10]
Gate(32889)	cx q[10], q[9]
Gate(32890)	cx q[1], q[10]
Gate(32891)	cx q[9], q[1]
Gate(32892)	 h q[10]
Gate(32893)	 h q[9]
Gate(32894)	 t q[2]
Gate(32895)	 t q[7]
Gate(32896)	 t q[9]
Gate(32897)	cx q[7], q[2]
Gate(32898)	cx q[9], q[7]
Gate(32899)	cx q[2], q[9]
Gate(32900)	tdg q[7]
Gate(32901)	cx q[2], q[7]
Gate(32902)	tdg q[2]
Gate(32903)	tdg q[7]
Gate(32904)	 t q[9]
Gate(32905)	cx q[9], q[7]
Gate(32906)	cx q[2], q[9]
Gate(32907)	cx q[7], q[2]
Gate(32908)	 h q[9]
Gate(32909)	 h q[7]
Gate(32910)	 t q[4]
Gate(32911)	 t q[3]
Gate(32912)	 t q[7]
Gate(32913)	cx q[3], q[4]
Gate(32914)	cx q[7], q[3]
Gate(32915)	cx q[4], q[7]
Gate(32916)	tdg q[3]
Gate(32917)	cx q[4], q[3]
Gate(32918)	tdg q[4]
Gate(32919)	tdg q[3]
Gate(32920)	 t q[7]
Gate(32921)	cx q[7], q[3]
Gate(32922)	cx q[4], q[7]
Gate(32923)	cx q[3], q[4]
Gate(32924)	 h q[7]
Gate(32925)	 h q[9]
Gate(32926)	 t q[2]
Gate(32927)	 t q[7]
Gate(32928)	 t q[9]
Gate(32929)	cx q[7], q[2]
Gate(32930)	cx q[9], q[7]
Gate(32931)	cx q[2], q[9]
Gate(32932)	tdg q[7]
Gate(32933)	cx q[2], q[7]
Gate(32934)	tdg q[2]
Gate(32935)	tdg q[7]
Gate(32936)	 t q[9]
Gate(32937)	cx q[9], q[7]
Gate(32938)	cx q[2], q[9]
Gate(32939)	cx q[7], q[2]
Gate(32940)	 h q[9]
Gate(32941)	 h q[10]
Gate(32942)	 t q[1]
Gate(32943)	 t q[9]
Gate(32944)	 t q[10]
Gate(32945)	cx q[9], q[1]
Gate(32946)	cx q[10], q[9]
Gate(32947)	cx q[1], q[10]
Gate(32948)	tdg q[9]
Gate(32949)	cx q[1], q[9]
Gate(32950)	tdg q[1]
Gate(32951)	tdg q[9]
Gate(32952)	 t q[10]
Gate(32953)	cx q[10], q[9]
Gate(32954)	cx q[1], q[10]
Gate(32955)	cx q[9], q[1]
Gate(32956)	 h q[10]
Gate(32957)	 h q[6]
Gate(32958)	 t q[5]
Gate(32959)	 t q[10]
Gate(32960)	 t q[6]
Gate(32961)	cx q[10], q[5]
Gate(32962)	cx q[6], q[10]
Gate(32963)	cx q[5], q[6]
Gate(32964)	tdg q[10]
Gate(32965)	cx q[5], q[10]
Gate(32966)	tdg q[5]
Gate(32967)	tdg q[10]
Gate(32968)	 t q[6]
Gate(32969)	cx q[6], q[10]
Gate(32970)	cx q[5], q[6]
Gate(32971)	cx q[10], q[5]
Gate(32972)	 h q[6]
Gate(32973)	 h q[10]
Gate(32974)	 t q[8]
Gate(32975)	 t q[7]
Gate(32976)	 t q[10]
Gate(32977)	cx q[7], q[8]
Gate(32978)	cx q[10], q[7]
Gate(32979)	cx q[8], q[10]
Gate(32980)	tdg q[7]
Gate(32981)	cx q[8], q[7]
Gate(32982)	tdg q[8]
Gate(32983)	tdg q[7]
Gate(32984)	 t q[10]
Gate(32985)	cx q[10], q[7]
Gate(32986)	cx q[8], q[10]
Gate(32987)	cx q[7], q[8]
Gate(32988)	 h q[10]
Gate(32989)	 h q[6]
Gate(32990)	 t q[5]
Gate(32991)	 t q[10]
Gate(32992)	 t q[6]
Gate(32993)	cx q[10], q[5]
Gate(32994)	cx q[6], q[10]
Gate(32995)	cx q[5], q[6]
Gate(32996)	tdg q[10]
Gate(32997)	cx q[5], q[10]
Gate(32998)	tdg q[5]
Gate(32999)	tdg q[10]
Gate(33000)	 t q[6]
Gate(33001)	cx q[6], q[10]
Gate(33002)	cx q[5], q[6]
Gate(33003)	cx q[10], q[5]
Gate(33004)	 h q[6]
Gate(33005)	 h q[10]
Gate(33006)	 t q[8]
Gate(33007)	 t q[7]
Gate(33008)	 t q[10]
Gate(33009)	cx q[7], q[8]
Gate(33010)	cx q[10], q[7]
Gate(33011)	cx q[8], q[10]
Gate(33012)	tdg q[7]
Gate(33013)	cx q[8], q[7]
Gate(33014)	tdg q[8]
Gate(33015)	tdg q[7]
Gate(33016)	 t q[10]
Gate(33017)	cx q[10], q[7]
Gate(33018)	cx q[8], q[10]
Gate(33019)	cx q[7], q[8]
Gate(33020)	 h q[10]
Gate(33021)	 h q[0]
Gate(33022)	 t q[6]
Gate(33023)	 t q[10]
Gate(33024)	 t q[0]
Gate(33025)	cx q[10], q[6]
Gate(33026)	cx q[0], q[10]
Gate(33027)	cx q[6], q[0]
Gate(33028)	tdg q[10]
Gate(33029)	cx q[6], q[10]
Gate(33030)	tdg q[6]
Gate(33031)	tdg q[10]
Gate(33032)	 t q[0]
Gate(33033)	cx q[0], q[10]
Gate(33034)	cx q[6], q[0]
Gate(33035)	cx q[10], q[6]
Gate(33036)	 h q[0]
Gate(33037)	 h q[10]
Gate(33038)	 t q[1]
Gate(33039)	 t q[9]
Gate(33040)	 t q[10]
Gate(33041)	cx q[9], q[1]
Gate(33042)	cx q[10], q[9]
Gate(33043)	cx q[1], q[10]
Gate(33044)	tdg q[9]
Gate(33045)	cx q[1], q[9]
Gate(33046)	tdg q[1]
Gate(33047)	tdg q[9]
Gate(33048)	 t q[10]
Gate(33049)	cx q[10], q[9]
Gate(33050)	cx q[1], q[10]
Gate(33051)	cx q[9], q[1]
Gate(33052)	 h q[10]
Gate(33053)	 h q[9]
Gate(33054)	 t q[2]
Gate(33055)	 t q[8]
Gate(33056)	 t q[9]
Gate(33057)	cx q[8], q[2]
Gate(33058)	cx q[9], q[8]
Gate(33059)	cx q[2], q[9]
Gate(33060)	tdg q[8]
Gate(33061)	cx q[2], q[8]
Gate(33062)	tdg q[2]
Gate(33063)	tdg q[8]
Gate(33064)	 t q[9]
Gate(33065)	cx q[9], q[8]
Gate(33066)	cx q[2], q[9]
Gate(33067)	cx q[8], q[2]
Gate(33068)	 h q[9]
Gate(33069)	 h q[8]
Gate(33070)	 t q[4]
Gate(33071)	 t q[3]
Gate(33072)	 t q[8]
Gate(33073)	cx q[3], q[4]
Gate(33074)	cx q[8], q[3]
Gate(33075)	cx q[4], q[8]
Gate(33076)	tdg q[3]
Gate(33077)	cx q[4], q[3]
Gate(33078)	tdg q[4]
Gate(33079)	tdg q[3]
Gate(33080)	 t q[8]
Gate(33081)	cx q[8], q[3]
Gate(33082)	cx q[4], q[8]
Gate(33083)	cx q[3], q[4]
Gate(33084)	 h q[8]
Gate(33085)	 h q[9]
Gate(33086)	 t q[2]
Gate(33087)	 t q[8]
Gate(33088)	 t q[9]
Gate(33089)	cx q[8], q[2]
Gate(33090)	cx q[9], q[8]
Gate(33091)	cx q[2], q[9]
Gate(33092)	tdg q[8]
Gate(33093)	cx q[2], q[8]
Gate(33094)	tdg q[2]
Gate(33095)	tdg q[8]
Gate(33096)	 t q[9]
Gate(33097)	cx q[9], q[8]
Gate(33098)	cx q[2], q[9]
Gate(33099)	cx q[8], q[2]
Gate(33100)	 h q[9]
Gate(33101)	 h q[10]
Gate(33102)	 t q[1]
Gate(33103)	 t q[9]
Gate(33104)	 t q[10]
Gate(33105)	cx q[9], q[1]
Gate(33106)	cx q[10], q[9]
Gate(33107)	cx q[1], q[10]
Gate(33108)	tdg q[9]
Gate(33109)	cx q[1], q[9]
Gate(33110)	tdg q[1]
Gate(33111)	tdg q[9]
Gate(33112)	 t q[10]
Gate(33113)	cx q[10], q[9]
Gate(33114)	cx q[1], q[10]
Gate(33115)	cx q[9], q[1]
Gate(33116)	 h q[10]
Gate(33117)	 h q[0]
Gate(33118)	 t q[6]
Gate(33119)	 t q[10]
Gate(33120)	 t q[0]
Gate(33121)	cx q[10], q[6]
Gate(33122)	cx q[0], q[10]
Gate(33123)	cx q[6], q[0]
Gate(33124)	tdg q[10]
Gate(33125)	cx q[6], q[10]
Gate(33126)	tdg q[6]
Gate(33127)	tdg q[10]
Gate(33128)	 t q[0]
Gate(33129)	cx q[0], q[10]
Gate(33130)	cx q[6], q[0]
Gate(33131)	cx q[10], q[6]
Gate(33132)	 h q[0]
Gate(33133)	 h q[10]
Gate(33134)	 t q[1]
Gate(33135)	 t q[9]
Gate(33136)	 t q[10]
Gate(33137)	cx q[9], q[1]
Gate(33138)	cx q[10], q[9]
Gate(33139)	cx q[1], q[10]
Gate(33140)	tdg q[9]
Gate(33141)	cx q[1], q[9]
Gate(33142)	tdg q[1]
Gate(33143)	tdg q[9]
Gate(33144)	 t q[10]
Gate(33145)	cx q[10], q[9]
Gate(33146)	cx q[1], q[10]
Gate(33147)	cx q[9], q[1]
Gate(33148)	 h q[10]
Gate(33149)	 h q[9]
Gate(33150)	 t q[2]
Gate(33151)	 t q[8]
Gate(33152)	 t q[9]
Gate(33153)	cx q[8], q[2]
Gate(33154)	cx q[9], q[8]
Gate(33155)	cx q[2], q[9]
Gate(33156)	tdg q[8]
Gate(33157)	cx q[2], q[8]
Gate(33158)	tdg q[2]
Gate(33159)	tdg q[8]
Gate(33160)	 t q[9]
Gate(33161)	cx q[9], q[8]
Gate(33162)	cx q[2], q[9]
Gate(33163)	cx q[8], q[2]
Gate(33164)	 h q[9]
Gate(33165)	 h q[8]
Gate(33166)	 t q[4]
Gate(33167)	 t q[3]
Gate(33168)	 t q[8]
Gate(33169)	cx q[3], q[4]
Gate(33170)	cx q[8], q[3]
Gate(33171)	cx q[4], q[8]
Gate(33172)	tdg q[3]
Gate(33173)	cx q[4], q[3]
Gate(33174)	tdg q[4]
Gate(33175)	tdg q[3]
Gate(33176)	 t q[8]
Gate(33177)	cx q[8], q[3]
Gate(33178)	cx q[4], q[8]
Gate(33179)	cx q[3], q[4]
Gate(33180)	 h q[8]
Gate(33181)	 h q[9]
Gate(33182)	 t q[2]
Gate(33183)	 t q[8]
Gate(33184)	 t q[9]
Gate(33185)	cx q[8], q[2]
Gate(33186)	cx q[9], q[8]
Gate(33187)	cx q[2], q[9]
Gate(33188)	tdg q[8]
Gate(33189)	cx q[2], q[8]
Gate(33190)	tdg q[2]
Gate(33191)	tdg q[8]
Gate(33192)	 t q[9]
Gate(33193)	cx q[9], q[8]
Gate(33194)	cx q[2], q[9]
Gate(33195)	cx q[8], q[2]
Gate(33196)	 h q[9]
Gate(33197)	 h q[10]
Gate(33198)	 t q[1]
Gate(33199)	 t q[9]
Gate(33200)	 t q[10]
Gate(33201)	cx q[9], q[1]
Gate(33202)	cx q[10], q[9]
Gate(33203)	cx q[1], q[10]
Gate(33204)	tdg q[9]
Gate(33205)	cx q[1], q[9]
Gate(33206)	tdg q[1]
Gate(33207)	tdg q[9]
Gate(33208)	 t q[10]
Gate(33209)	cx q[10], q[9]
Gate(33210)	cx q[1], q[10]
Gate(33211)	cx q[9], q[1]
Gate(33212)	 h q[10]
Gate(33213)	 h q[6]
Gate(33214)	 t q[5]
Gate(33215)	 t q[10]
Gate(33216)	 t q[6]
Gate(33217)	cx q[10], q[5]
Gate(33218)	cx q[6], q[10]
Gate(33219)	cx q[5], q[6]
Gate(33220)	tdg q[10]
Gate(33221)	cx q[5], q[10]
Gate(33222)	tdg q[5]
Gate(33223)	tdg q[10]
Gate(33224)	 t q[6]
Gate(33225)	cx q[6], q[10]
Gate(33226)	cx q[5], q[6]
Gate(33227)	cx q[10], q[5]
Gate(33228)	 h q[6]
Gate(33229)	 h q[10]
Gate(33230)	 t q[8]
Gate(33231)	 t q[7]
Gate(33232)	 t q[10]
Gate(33233)	cx q[7], q[8]
Gate(33234)	cx q[10], q[7]
Gate(33235)	cx q[8], q[10]
Gate(33236)	tdg q[7]
Gate(33237)	cx q[8], q[7]
Gate(33238)	tdg q[8]
Gate(33239)	tdg q[7]
Gate(33240)	 t q[10]
Gate(33241)	cx q[10], q[7]
Gate(33242)	cx q[8], q[10]
Gate(33243)	cx q[7], q[8]
Gate(33244)	 h q[10]
Gate(33245)	 h q[6]
Gate(33246)	 t q[5]
Gate(33247)	 t q[10]
Gate(33248)	 t q[6]
Gate(33249)	cx q[10], q[5]
Gate(33250)	cx q[6], q[10]
Gate(33251)	cx q[5], q[6]
Gate(33252)	tdg q[10]
Gate(33253)	cx q[5], q[10]
Gate(33254)	tdg q[5]
Gate(33255)	tdg q[10]
Gate(33256)	 t q[6]
Gate(33257)	cx q[6], q[10]
Gate(33258)	cx q[5], q[6]
Gate(33259)	cx q[10], q[5]
Gate(33260)	 h q[6]
Gate(33261)	 h q[10]
Gate(33262)	 t q[8]
Gate(33263)	 t q[7]
Gate(33264)	 t q[10]
Gate(33265)	cx q[7], q[8]
Gate(33266)	cx q[10], q[7]
Gate(33267)	cx q[8], q[10]
Gate(33268)	tdg q[7]
Gate(33269)	cx q[8], q[7]
Gate(33270)	tdg q[8]
Gate(33271)	tdg q[7]
Gate(33272)	 t q[10]
Gate(33273)	cx q[10], q[7]
Gate(33274)	cx q[8], q[10]
Gate(33275)	cx q[7], q[8]
Gate(33276)	 h q[10]
Gate(33277)	 h q[0]
Gate(33278)	 t q[6]
Gate(33279)	 t q[10]
Gate(33280)	 t q[0]
Gate(33281)	cx q[10], q[6]
Gate(33282)	cx q[0], q[10]
Gate(33283)	cx q[6], q[0]
Gate(33284)	tdg q[10]
Gate(33285)	cx q[6], q[10]
Gate(33286)	tdg q[6]
Gate(33287)	tdg q[10]
Gate(33288)	 t q[0]
Gate(33289)	cx q[0], q[10]
Gate(33290)	cx q[6], q[0]
Gate(33291)	cx q[10], q[6]
Gate(33292)	 h q[0]
Gate(33293)	 h q[10]
Gate(33294)	 t q[1]
Gate(33295)	 t q[9]
Gate(33296)	 t q[10]
Gate(33297)	cx q[9], q[1]
Gate(33298)	cx q[10], q[9]
Gate(33299)	cx q[1], q[10]
Gate(33300)	tdg q[9]
Gate(33301)	cx q[1], q[9]
Gate(33302)	tdg q[1]
Gate(33303)	tdg q[9]
Gate(33304)	 t q[10]
Gate(33305)	cx q[10], q[9]
Gate(33306)	cx q[1], q[10]
Gate(33307)	cx q[9], q[1]
Gate(33308)	 h q[10]
Gate(33309)	 h q[9]
Gate(33310)	 t q[2]
Gate(33311)	 t q[8]
Gate(33312)	 t q[9]
Gate(33313)	cx q[8], q[2]
Gate(33314)	cx q[9], q[8]
Gate(33315)	cx q[2], q[9]
Gate(33316)	tdg q[8]
Gate(33317)	cx q[2], q[8]
Gate(33318)	tdg q[2]
Gate(33319)	tdg q[8]
Gate(33320)	 t q[9]
Gate(33321)	cx q[9], q[8]
Gate(33322)	cx q[2], q[9]
Gate(33323)	cx q[8], q[2]
Gate(33324)	 h q[9]
Gate(33325)	 h q[8]
Gate(33326)	 t q[4]
Gate(33327)	 t q[3]
Gate(33328)	 t q[8]
Gate(33329)	cx q[3], q[4]
Gate(33330)	cx q[8], q[3]
Gate(33331)	cx q[4], q[8]
Gate(33332)	tdg q[3]
Gate(33333)	cx q[4], q[3]
Gate(33334)	tdg q[4]
Gate(33335)	tdg q[3]
Gate(33336)	 t q[8]
Gate(33337)	cx q[8], q[3]
Gate(33338)	cx q[4], q[8]
Gate(33339)	cx q[3], q[4]
Gate(33340)	 h q[8]
Gate(33341)	 h q[9]
Gate(33342)	 t q[2]
Gate(33343)	 t q[8]
Gate(33344)	 t q[9]
Gate(33345)	cx q[8], q[2]
Gate(33346)	cx q[9], q[8]
Gate(33347)	cx q[2], q[9]
Gate(33348)	tdg q[8]
Gate(33349)	cx q[2], q[8]
Gate(33350)	tdg q[2]
Gate(33351)	tdg q[8]
Gate(33352)	 t q[9]
Gate(33353)	cx q[9], q[8]
Gate(33354)	cx q[2], q[9]
Gate(33355)	cx q[8], q[2]
Gate(33356)	 h q[9]
Gate(33357)	 h q[10]
Gate(33358)	 t q[1]
Gate(33359)	 t q[9]
Gate(33360)	 t q[10]
Gate(33361)	cx q[9], q[1]
Gate(33362)	cx q[10], q[9]
Gate(33363)	cx q[1], q[10]
Gate(33364)	tdg q[9]
Gate(33365)	cx q[1], q[9]
Gate(33366)	tdg q[1]
Gate(33367)	tdg q[9]
Gate(33368)	 t q[10]
Gate(33369)	cx q[10], q[9]
Gate(33370)	cx q[1], q[10]
Gate(33371)	cx q[9], q[1]
Gate(33372)	 h q[10]
Gate(33373)	 h q[0]
Gate(33374)	 t q[6]
Gate(33375)	 t q[10]
Gate(33376)	 t q[0]
Gate(33377)	cx q[10], q[6]
Gate(33378)	cx q[0], q[10]
Gate(33379)	cx q[6], q[0]
Gate(33380)	tdg q[10]
Gate(33381)	cx q[6], q[10]
Gate(33382)	tdg q[6]
Gate(33383)	tdg q[10]
Gate(33384)	 t q[0]
Gate(33385)	cx q[0], q[10]
Gate(33386)	cx q[6], q[0]
Gate(33387)	cx q[10], q[6]
Gate(33388)	 h q[0]
Gate(33389)	 h q[10]
Gate(33390)	 t q[1]
Gate(33391)	 t q[9]
Gate(33392)	 t q[10]
Gate(33393)	cx q[9], q[1]
Gate(33394)	cx q[10], q[9]
Gate(33395)	cx q[1], q[10]
Gate(33396)	tdg q[9]
Gate(33397)	cx q[1], q[9]
Gate(33398)	tdg q[1]
Gate(33399)	tdg q[9]
Gate(33400)	 t q[10]
Gate(33401)	cx q[10], q[9]
Gate(33402)	cx q[1], q[10]
Gate(33403)	cx q[9], q[1]
Gate(33404)	 h q[10]
Gate(33405)	 h q[9]
Gate(33406)	 t q[2]
Gate(33407)	 t q[8]
Gate(33408)	 t q[9]
Gate(33409)	cx q[8], q[2]
Gate(33410)	cx q[9], q[8]
Gate(33411)	cx q[2], q[9]
Gate(33412)	tdg q[8]
Gate(33413)	cx q[2], q[8]
Gate(33414)	tdg q[2]
Gate(33415)	tdg q[8]
Gate(33416)	 t q[9]
Gate(33417)	cx q[9], q[8]
Gate(33418)	cx q[2], q[9]
Gate(33419)	cx q[8], q[2]
Gate(33420)	 h q[9]
Gate(33421)	 h q[8]
Gate(33422)	 t q[4]
Gate(33423)	 t q[3]
Gate(33424)	 t q[8]
Gate(33425)	cx q[3], q[4]
Gate(33426)	cx q[8], q[3]
Gate(33427)	cx q[4], q[8]
Gate(33428)	tdg q[3]
Gate(33429)	cx q[4], q[3]
Gate(33430)	tdg q[4]
Gate(33431)	tdg q[3]
Gate(33432)	 t q[8]
Gate(33433)	cx q[8], q[3]
Gate(33434)	cx q[4], q[8]
Gate(33435)	cx q[3], q[4]
Gate(33436)	 h q[8]
Gate(33437)	 h q[9]
Gate(33438)	 t q[2]
Gate(33439)	 t q[8]
Gate(33440)	 t q[9]
Gate(33441)	cx q[8], q[2]
Gate(33442)	cx q[9], q[8]
Gate(33443)	cx q[2], q[9]
Gate(33444)	tdg q[8]
Gate(33445)	cx q[2], q[8]
Gate(33446)	tdg q[2]
Gate(33447)	tdg q[8]
Gate(33448)	 t q[9]
Gate(33449)	cx q[9], q[8]
Gate(33450)	cx q[2], q[9]
Gate(33451)	cx q[8], q[2]
Gate(33452)	 h q[9]
Gate(33453)	 h q[10]
Gate(33454)	 t q[1]
Gate(33455)	 t q[9]
Gate(33456)	 t q[10]
Gate(33457)	cx q[9], q[1]
Gate(33458)	cx q[10], q[9]
Gate(33459)	cx q[1], q[10]
Gate(33460)	tdg q[9]
Gate(33461)	cx q[1], q[9]
Gate(33462)	tdg q[1]
Gate(33463)	tdg q[9]
Gate(33464)	 t q[10]
Gate(33465)	cx q[10], q[9]
Gate(33466)	cx q[1], q[10]
Gate(33467)	cx q[9], q[1]
Gate(33468)	 h q[10]
Gate(33469)	 h q[0]
Gate(33470)	 t q[1]
Gate(33471)	 t q[10]
Gate(33472)	 t q[0]
Gate(33473)	cx q[10], q[1]
Gate(33474)	cx q[0], q[10]
Gate(33475)	cx q[1], q[0]
Gate(33476)	tdg q[10]
Gate(33477)	cx q[1], q[10]
Gate(33478)	tdg q[1]
Gate(33479)	tdg q[10]
Gate(33480)	 t q[0]
Gate(33481)	cx q[0], q[10]
Gate(33482)	cx q[1], q[0]
Gate(33483)	cx q[10], q[1]
Gate(33484)	 h q[0]
Gate(33485)	 h q[10]
Gate(33486)	 t q[2]
Gate(33487)	 t q[9]
Gate(33488)	 t q[10]
Gate(33489)	cx q[9], q[2]
Gate(33490)	cx q[10], q[9]
Gate(33491)	cx q[2], q[10]
Gate(33492)	tdg q[9]
Gate(33493)	cx q[2], q[9]
Gate(33494)	tdg q[2]
Gate(33495)	tdg q[9]
Gate(33496)	 t q[10]
Gate(33497)	cx q[10], q[9]
Gate(33498)	cx q[2], q[10]
Gate(33499)	cx q[9], q[2]
Gate(33500)	 h q[10]
Gate(33501)	 h q[9]
Gate(33502)	 t q[3]
Gate(33503)	 t q[8]
Gate(33504)	 t q[9]
Gate(33505)	cx q[8], q[3]
Gate(33506)	cx q[9], q[8]
Gate(33507)	cx q[3], q[9]
Gate(33508)	tdg q[8]
Gate(33509)	cx q[3], q[8]
Gate(33510)	tdg q[3]
Gate(33511)	tdg q[8]
Gate(33512)	 t q[9]
Gate(33513)	cx q[9], q[8]
Gate(33514)	cx q[3], q[9]
Gate(33515)	cx q[8], q[3]
Gate(33516)	 h q[9]
Gate(33517)	 h q[8]
Gate(33518)	 t q[4]
Gate(33519)	 t q[6]
Gate(33520)	 t q[8]
Gate(33521)	cx q[6], q[4]
Gate(33522)	cx q[8], q[6]
Gate(33523)	cx q[4], q[8]
Gate(33524)	tdg q[6]
Gate(33525)	cx q[4], q[6]
Gate(33526)	tdg q[4]
Gate(33527)	tdg q[6]
Gate(33528)	 t q[8]
Gate(33529)	cx q[8], q[6]
Gate(33530)	cx q[4], q[8]
Gate(33531)	cx q[6], q[4]
Gate(33532)	 h q[8]
Gate(33533)	 h q[6]
Gate(33534)	 t q[7]
Gate(33535)	 t q[5]
Gate(33536)	 t q[6]
Gate(33537)	cx q[5], q[7]
Gate(33538)	cx q[6], q[5]
Gate(33539)	cx q[7], q[6]
Gate(33540)	tdg q[5]
Gate(33541)	cx q[7], q[5]
Gate(33542)	tdg q[7]
Gate(33543)	tdg q[5]
Gate(33544)	 t q[6]
Gate(33545)	cx q[6], q[5]
Gate(33546)	cx q[7], q[6]
Gate(33547)	cx q[5], q[7]
Gate(33548)	 h q[6]
Gate(33549)	 h q[8]
Gate(33550)	 t q[4]
Gate(33551)	 t q[6]
Gate(33552)	 t q[8]
Gate(33553)	cx q[6], q[4]
Gate(33554)	cx q[8], q[6]
Gate(33555)	cx q[4], q[8]
Gate(33556)	tdg q[6]
Gate(33557)	cx q[4], q[6]
Gate(33558)	tdg q[4]
Gate(33559)	tdg q[6]
Gate(33560)	 t q[8]
Gate(33561)	cx q[8], q[6]
Gate(33562)	cx q[4], q[8]
Gate(33563)	cx q[6], q[4]
Gate(33564)	 h q[8]
Gate(33565)	 h q[9]
Gate(33566)	 t q[3]
Gate(33567)	 t q[8]
Gate(33568)	 t q[9]
Gate(33569)	cx q[8], q[3]
Gate(33570)	cx q[9], q[8]
Gate(33571)	cx q[3], q[9]
Gate(33572)	tdg q[8]
Gate(33573)	cx q[3], q[8]
Gate(33574)	tdg q[3]
Gate(33575)	tdg q[8]
Gate(33576)	 t q[9]
Gate(33577)	cx q[9], q[8]
Gate(33578)	cx q[3], q[9]
Gate(33579)	cx q[8], q[3]
Gate(33580)	 h q[9]
Gate(33581)	 h q[10]
Gate(33582)	 t q[2]
Gate(33583)	 t q[9]
Gate(33584)	 t q[10]
Gate(33585)	cx q[9], q[2]
Gate(33586)	cx q[10], q[9]
Gate(33587)	cx q[2], q[10]
Gate(33588)	tdg q[9]
Gate(33589)	cx q[2], q[9]
Gate(33590)	tdg q[2]
Gate(33591)	tdg q[9]
Gate(33592)	 t q[10]
Gate(33593)	cx q[10], q[9]
Gate(33594)	cx q[2], q[10]
Gate(33595)	cx q[9], q[2]
Gate(33596)	 h q[10]
Gate(33597)	 h q[0]
Gate(33598)	 t q[1]
Gate(33599)	 t q[10]
Gate(33600)	 t q[0]
Gate(33601)	cx q[10], q[1]
Gate(33602)	cx q[0], q[10]
Gate(33603)	cx q[1], q[0]
Gate(33604)	tdg q[10]
Gate(33605)	cx q[1], q[10]
Gate(33606)	tdg q[1]
Gate(33607)	tdg q[10]
Gate(33608)	 t q[0]
Gate(33609)	cx q[0], q[10]
Gate(33610)	cx q[1], q[0]
Gate(33611)	cx q[10], q[1]
Gate(33612)	 h q[0]
Gate(33613)	 h q[10]
Gate(33614)	 t q[2]
Gate(33615)	 t q[9]
Gate(33616)	 t q[10]
Gate(33617)	cx q[9], q[2]
Gate(33618)	cx q[10], q[9]
Gate(33619)	cx q[2], q[10]
Gate(33620)	tdg q[9]
Gate(33621)	cx q[2], q[9]
Gate(33622)	tdg q[2]
Gate(33623)	tdg q[9]
Gate(33624)	 t q[10]
Gate(33625)	cx q[10], q[9]
Gate(33626)	cx q[2], q[10]
Gate(33627)	cx q[9], q[2]
Gate(33628)	 h q[10]
Gate(33629)	 h q[9]
Gate(33630)	 t q[3]
Gate(33631)	 t q[8]
Gate(33632)	 t q[9]
Gate(33633)	cx q[8], q[3]
Gate(33634)	cx q[9], q[8]
Gate(33635)	cx q[3], q[9]
Gate(33636)	tdg q[8]
Gate(33637)	cx q[3], q[8]
Gate(33638)	tdg q[3]
Gate(33639)	tdg q[8]
Gate(33640)	 t q[9]
Gate(33641)	cx q[9], q[8]
Gate(33642)	cx q[3], q[9]
Gate(33643)	cx q[8], q[3]
Gate(33644)	 h q[9]
Gate(33645)	 h q[8]
Gate(33646)	 t q[4]
Gate(33647)	 t q[6]
Gate(33648)	 t q[8]
Gate(33649)	cx q[6], q[4]
Gate(33650)	cx q[8], q[6]
Gate(33651)	cx q[4], q[8]
Gate(33652)	tdg q[6]
Gate(33653)	cx q[4], q[6]
Gate(33654)	tdg q[4]
Gate(33655)	tdg q[6]
Gate(33656)	 t q[8]
Gate(33657)	cx q[8], q[6]
Gate(33658)	cx q[4], q[8]
Gate(33659)	cx q[6], q[4]
Gate(33660)	 h q[8]
Gate(33661)	 h q[6]
Gate(33662)	 t q[7]
Gate(33663)	 t q[5]
Gate(33664)	 t q[6]
Gate(33665)	cx q[5], q[7]
Gate(33666)	cx q[6], q[5]
Gate(33667)	cx q[7], q[6]
Gate(33668)	tdg q[5]
Gate(33669)	cx q[7], q[5]
Gate(33670)	tdg q[7]
Gate(33671)	tdg q[5]
Gate(33672)	 t q[6]
Gate(33673)	cx q[6], q[5]
Gate(33674)	cx q[7], q[6]
Gate(33675)	cx q[5], q[7]
Gate(33676)	 h q[6]
Gate(33677)	 h q[8]
Gate(33678)	 t q[4]
Gate(33679)	 t q[6]
Gate(33680)	 t q[8]
Gate(33681)	cx q[6], q[4]
Gate(33682)	cx q[8], q[6]
Gate(33683)	cx q[4], q[8]
Gate(33684)	tdg q[6]
Gate(33685)	cx q[4], q[6]
Gate(33686)	tdg q[4]
Gate(33687)	tdg q[6]
Gate(33688)	 t q[8]
Gate(33689)	cx q[8], q[6]
Gate(33690)	cx q[4], q[8]
Gate(33691)	cx q[6], q[4]
Gate(33692)	 h q[8]
Gate(33693)	 h q[9]
Gate(33694)	 t q[3]
Gate(33695)	 t q[8]
Gate(33696)	 t q[9]
Gate(33697)	cx q[8], q[3]
Gate(33698)	cx q[9], q[8]
Gate(33699)	cx q[3], q[9]
Gate(33700)	tdg q[8]
Gate(33701)	cx q[3], q[8]
Gate(33702)	tdg q[3]
Gate(33703)	tdg q[8]
Gate(33704)	 t q[9]
Gate(33705)	cx q[9], q[8]
Gate(33706)	cx q[3], q[9]
Gate(33707)	cx q[8], q[3]
Gate(33708)	 h q[9]
Gate(33709)	 h q[10]
Gate(33710)	 t q[2]
Gate(33711)	 t q[9]
Gate(33712)	 t q[10]
Gate(33713)	cx q[9], q[2]
Gate(33714)	cx q[10], q[9]
Gate(33715)	cx q[2], q[10]
Gate(33716)	tdg q[9]
Gate(33717)	cx q[2], q[9]
Gate(33718)	tdg q[2]
Gate(33719)	tdg q[9]
Gate(33720)	 t q[10]
Gate(33721)	cx q[10], q[9]
Gate(33722)	cx q[2], q[10]
Gate(33723)	cx q[9], q[2]
Gate(33724)	 h q[10]
Gate(33725)	 x q[1]
Gate(33726)	 x q[2]
Gate(33727)	 x q[4]
Gate(33728)	 x q[6]
Gate(33729)	 h q[1]
Gate(33730)	 t q[6]
Gate(33731)	 t q[10]
Gate(33732)	 t q[1]
Gate(33733)	cx q[10], q[6]
Gate(33734)	cx q[1], q[10]
Gate(33735)	cx q[6], q[1]
Gate(33736)	tdg q[10]
Gate(33737)	cx q[6], q[10]
Gate(33738)	tdg q[6]
Gate(33739)	tdg q[10]
Gate(33740)	 t q[1]
Gate(33741)	cx q[1], q[10]
Gate(33742)	cx q[6], q[1]
Gate(33743)	cx q[10], q[6]
Gate(33744)	 h q[1]
Gate(33745)	 h q[10]
Gate(33746)	 t q[7]
Gate(33747)	 t q[5]
Gate(33748)	 t q[10]
Gate(33749)	cx q[5], q[7]
Gate(33750)	cx q[10], q[5]
Gate(33751)	cx q[7], q[10]
Gate(33752)	tdg q[5]
Gate(33753)	cx q[7], q[5]
Gate(33754)	tdg q[7]
Gate(33755)	tdg q[5]
Gate(33756)	 t q[10]
Gate(33757)	cx q[10], q[5]
Gate(33758)	cx q[7], q[10]
Gate(33759)	cx q[5], q[7]
Gate(33760)	 h q[10]
Gate(33761)	 h q[5]
Gate(33762)	 t q[9]
Gate(33763)	 t q[8]
Gate(33764)	 t q[5]
Gate(33765)	cx q[8], q[9]
Gate(33766)	cx q[5], q[8]
Gate(33767)	cx q[9], q[5]
Gate(33768)	tdg q[8]
Gate(33769)	cx q[9], q[8]
Gate(33770)	tdg q[9]
Gate(33771)	tdg q[8]
Gate(33772)	 t q[5]
Gate(33773)	cx q[5], q[8]
Gate(33774)	cx q[9], q[5]
Gate(33775)	cx q[8], q[9]
Gate(33776)	 h q[5]
Gate(33777)	 h q[10]
Gate(33778)	 t q[7]
Gate(33779)	 t q[5]
Gate(33780)	 t q[10]
Gate(33781)	cx q[5], q[7]
Gate(33782)	cx q[10], q[5]
Gate(33783)	cx q[7], q[10]
Gate(33784)	tdg q[5]
Gate(33785)	cx q[7], q[5]
Gate(33786)	tdg q[7]
Gate(33787)	tdg q[5]
Gate(33788)	 t q[10]
Gate(33789)	cx q[10], q[5]
Gate(33790)	cx q[7], q[10]
Gate(33791)	cx q[5], q[7]
Gate(33792)	 h q[10]
Gate(33793)	 h q[1]
Gate(33794)	 t q[6]
Gate(33795)	 t q[10]
Gate(33796)	 t q[1]
Gate(33797)	cx q[10], q[6]
Gate(33798)	cx q[1], q[10]
Gate(33799)	cx q[6], q[1]
Gate(33800)	tdg q[10]
Gate(33801)	cx q[6], q[10]
Gate(33802)	tdg q[6]
Gate(33803)	tdg q[10]
Gate(33804)	 t q[1]
Gate(33805)	cx q[1], q[10]
Gate(33806)	cx q[6], q[1]
Gate(33807)	cx q[10], q[6]
Gate(33808)	 h q[1]
Gate(33809)	 h q[10]
Gate(33810)	 t q[7]
Gate(33811)	 t q[5]
Gate(33812)	 t q[10]
Gate(33813)	cx q[5], q[7]
Gate(33814)	cx q[10], q[5]
Gate(33815)	cx q[7], q[10]
Gate(33816)	tdg q[5]
Gate(33817)	cx q[7], q[5]
Gate(33818)	tdg q[7]
Gate(33819)	tdg q[5]
Gate(33820)	 t q[10]
Gate(33821)	cx q[10], q[5]
Gate(33822)	cx q[7], q[10]
Gate(33823)	cx q[5], q[7]
Gate(33824)	 h q[10]
Gate(33825)	 h q[5]
Gate(33826)	 t q[9]
Gate(33827)	 t q[8]
Gate(33828)	 t q[5]
Gate(33829)	cx q[8], q[9]
Gate(33830)	cx q[5], q[8]
Gate(33831)	cx q[9], q[5]
Gate(33832)	tdg q[8]
Gate(33833)	cx q[9], q[8]
Gate(33834)	tdg q[9]
Gate(33835)	tdg q[8]
Gate(33836)	 t q[5]
Gate(33837)	cx q[5], q[8]
Gate(33838)	cx q[9], q[5]
Gate(33839)	cx q[8], q[9]
Gate(33840)	 h q[5]
Gate(33841)	 h q[10]
Gate(33842)	 t q[7]
Gate(33843)	 t q[5]
Gate(33844)	 t q[10]
Gate(33845)	cx q[5], q[7]
Gate(33846)	cx q[10], q[5]
Gate(33847)	cx q[7], q[10]
Gate(33848)	tdg q[5]
Gate(33849)	cx q[7], q[5]
Gate(33850)	tdg q[7]
Gate(33851)	tdg q[5]
Gate(33852)	 t q[10]
Gate(33853)	cx q[10], q[5]
Gate(33854)	cx q[7], q[10]
Gate(33855)	cx q[5], q[7]
Gate(33856)	 h q[10]
Gate(33857)	 h q[0]
Gate(33858)	 t q[1]
Gate(33859)	 t q[10]
Gate(33860)	 t q[0]
Gate(33861)	cx q[10], q[1]
Gate(33862)	cx q[0], q[10]
Gate(33863)	cx q[1], q[0]
Gate(33864)	tdg q[10]
Gate(33865)	cx q[1], q[10]
Gate(33866)	tdg q[1]
Gate(33867)	tdg q[10]
Gate(33868)	 t q[0]
Gate(33869)	cx q[0], q[10]
Gate(33870)	cx q[1], q[0]
Gate(33871)	cx q[10], q[1]
Gate(33872)	 h q[0]
Gate(33873)	 h q[10]
Gate(33874)	 t q[2]
Gate(33875)	 t q[9]
Gate(33876)	 t q[10]
Gate(33877)	cx q[9], q[2]
Gate(33878)	cx q[10], q[9]
Gate(33879)	cx q[2], q[10]
Gate(33880)	tdg q[9]
Gate(33881)	cx q[2], q[9]
Gate(33882)	tdg q[2]
Gate(33883)	tdg q[9]
Gate(33884)	 t q[10]
Gate(33885)	cx q[10], q[9]
Gate(33886)	cx q[2], q[10]
Gate(33887)	cx q[9], q[2]
Gate(33888)	 h q[10]
Gate(33889)	 h q[9]
Gate(33890)	 t q[3]
Gate(33891)	 t q[8]
Gate(33892)	 t q[9]
Gate(33893)	cx q[8], q[3]
Gate(33894)	cx q[9], q[8]
Gate(33895)	cx q[3], q[9]
Gate(33896)	tdg q[8]
Gate(33897)	cx q[3], q[8]
Gate(33898)	tdg q[3]
Gate(33899)	tdg q[8]
Gate(33900)	 t q[9]
Gate(33901)	cx q[9], q[8]
Gate(33902)	cx q[3], q[9]
Gate(33903)	cx q[8], q[3]
Gate(33904)	 h q[9]
Gate(33905)	 h q[8]
Gate(33906)	 t q[5]
Gate(33907)	 t q[4]
Gate(33908)	 t q[8]
Gate(33909)	cx q[4], q[5]
Gate(33910)	cx q[8], q[4]
Gate(33911)	cx q[5], q[8]
Gate(33912)	tdg q[4]
Gate(33913)	cx q[5], q[4]
Gate(33914)	tdg q[5]
Gate(33915)	tdg q[4]
Gate(33916)	 t q[8]
Gate(33917)	cx q[8], q[4]
Gate(33918)	cx q[5], q[8]
Gate(33919)	cx q[4], q[5]
Gate(33920)	 h q[8]
Gate(33921)	 h q[9]
Gate(33922)	 t q[3]
Gate(33923)	 t q[8]
Gate(33924)	 t q[9]
Gate(33925)	cx q[8], q[3]
Gate(33926)	cx q[9], q[8]
Gate(33927)	cx q[3], q[9]
Gate(33928)	tdg q[8]
Gate(33929)	cx q[3], q[8]
Gate(33930)	tdg q[3]
Gate(33931)	tdg q[8]
Gate(33932)	 t q[9]
Gate(33933)	cx q[9], q[8]
Gate(33934)	cx q[3], q[9]
Gate(33935)	cx q[8], q[3]
Gate(33936)	 h q[9]
Gate(33937)	 h q[10]
Gate(33938)	 t q[2]
Gate(33939)	 t q[9]
Gate(33940)	 t q[10]
Gate(33941)	cx q[9], q[2]
Gate(33942)	cx q[10], q[9]
Gate(33943)	cx q[2], q[10]
Gate(33944)	tdg q[9]
Gate(33945)	cx q[2], q[9]
Gate(33946)	tdg q[2]
Gate(33947)	tdg q[9]
Gate(33948)	 t q[10]
Gate(33949)	cx q[10], q[9]
Gate(33950)	cx q[2], q[10]
Gate(33951)	cx q[9], q[2]
Gate(33952)	 h q[10]
Gate(33953)	 h q[0]
Gate(33954)	 t q[1]
Gate(33955)	 t q[10]
Gate(33956)	 t q[0]
Gate(33957)	cx q[10], q[1]
Gate(33958)	cx q[0], q[10]
Gate(33959)	cx q[1], q[0]
Gate(33960)	tdg q[10]
Gate(33961)	cx q[1], q[10]
Gate(33962)	tdg q[1]
Gate(33963)	tdg q[10]
Gate(33964)	 t q[0]
Gate(33965)	cx q[0], q[10]
Gate(33966)	cx q[1], q[0]
Gate(33967)	cx q[10], q[1]
Gate(33968)	 h q[0]
Gate(33969)	 h q[10]
Gate(33970)	 t q[2]
Gate(33971)	 t q[9]
Gate(33972)	 t q[10]
Gate(33973)	cx q[9], q[2]
Gate(33974)	cx q[10], q[9]
Gate(33975)	cx q[2], q[10]
Gate(33976)	tdg q[9]
Gate(33977)	cx q[2], q[9]
Gate(33978)	tdg q[2]
Gate(33979)	tdg q[9]
Gate(33980)	 t q[10]
Gate(33981)	cx q[10], q[9]
Gate(33982)	cx q[2], q[10]
Gate(33983)	cx q[9], q[2]
Gate(33984)	 h q[10]
Gate(33985)	 h q[9]
Gate(33986)	 t q[3]
Gate(33987)	 t q[8]
Gate(33988)	 t q[9]
Gate(33989)	cx q[8], q[3]
Gate(33990)	cx q[9], q[8]
Gate(33991)	cx q[3], q[9]
Gate(33992)	tdg q[8]
Gate(33993)	cx q[3], q[8]
Gate(33994)	tdg q[3]
Gate(33995)	tdg q[8]
Gate(33996)	 t q[9]
Gate(33997)	cx q[9], q[8]
Gate(33998)	cx q[3], q[9]
Gate(33999)	cx q[8], q[3]
Gate(34000)	 h q[9]
Gate(34001)	 h q[8]
Gate(34002)	 t q[5]
Gate(34003)	 t q[4]
Gate(34004)	 t q[8]
Gate(34005)	cx q[4], q[5]
Gate(34006)	cx q[8], q[4]
Gate(34007)	cx q[5], q[8]
Gate(34008)	tdg q[4]
Gate(34009)	cx q[5], q[4]
Gate(34010)	tdg q[5]
Gate(34011)	tdg q[4]
Gate(34012)	 t q[8]
Gate(34013)	cx q[8], q[4]
Gate(34014)	cx q[5], q[8]
Gate(34015)	cx q[4], q[5]
Gate(34016)	 h q[8]
Gate(34017)	 h q[9]
Gate(34018)	 t q[3]
Gate(34019)	 t q[8]
Gate(34020)	 t q[9]
Gate(34021)	cx q[8], q[3]
Gate(34022)	cx q[9], q[8]
Gate(34023)	cx q[3], q[9]
Gate(34024)	tdg q[8]
Gate(34025)	cx q[3], q[8]
Gate(34026)	tdg q[3]
Gate(34027)	tdg q[8]
Gate(34028)	 t q[9]
Gate(34029)	cx q[9], q[8]
Gate(34030)	cx q[3], q[9]
Gate(34031)	cx q[8], q[3]
Gate(34032)	 h q[9]
Gate(34033)	 h q[10]
Gate(34034)	 t q[2]
Gate(34035)	 t q[9]
Gate(34036)	 t q[10]
Gate(34037)	cx q[9], q[2]
Gate(34038)	cx q[10], q[9]
Gate(34039)	cx q[2], q[10]
Gate(34040)	tdg q[9]
Gate(34041)	cx q[2], q[9]
Gate(34042)	tdg q[2]
Gate(34043)	tdg q[9]
Gate(34044)	 t q[10]
Gate(34045)	cx q[10], q[9]
Gate(34046)	cx q[2], q[10]
Gate(34047)	cx q[9], q[2]
Gate(34048)	 h q[10]
Gate(34049)	 h q[1]
Gate(34050)	 t q[6]
Gate(34051)	 t q[10]
Gate(34052)	 t q[1]
Gate(34053)	cx q[10], q[6]
Gate(34054)	cx q[1], q[10]
Gate(34055)	cx q[6], q[1]
Gate(34056)	tdg q[10]
Gate(34057)	cx q[6], q[10]
Gate(34058)	tdg q[6]
Gate(34059)	tdg q[10]
Gate(34060)	 t q[1]
Gate(34061)	cx q[1], q[10]
Gate(34062)	cx q[6], q[1]
Gate(34063)	cx q[10], q[6]
Gate(34064)	 h q[1]
Gate(34065)	 h q[10]
Gate(34066)	 t q[7]
Gate(34067)	 t q[5]
Gate(34068)	 t q[10]
Gate(34069)	cx q[5], q[7]
Gate(34070)	cx q[10], q[5]
Gate(34071)	cx q[7], q[10]
Gate(34072)	tdg q[5]
Gate(34073)	cx q[7], q[5]
Gate(34074)	tdg q[7]
Gate(34075)	tdg q[5]
Gate(34076)	 t q[10]
Gate(34077)	cx q[10], q[5]
Gate(34078)	cx q[7], q[10]
Gate(34079)	cx q[5], q[7]
Gate(34080)	 h q[10]
Gate(34081)	 h q[5]
Gate(34082)	 t q[9]
Gate(34083)	 t q[8]
Gate(34084)	 t q[5]
Gate(34085)	cx q[8], q[9]
Gate(34086)	cx q[5], q[8]
Gate(34087)	cx q[9], q[5]
Gate(34088)	tdg q[8]
Gate(34089)	cx q[9], q[8]
Gate(34090)	tdg q[9]
Gate(34091)	tdg q[8]
Gate(34092)	 t q[5]
Gate(34093)	cx q[5], q[8]
Gate(34094)	cx q[9], q[5]
Gate(34095)	cx q[8], q[9]
Gate(34096)	 h q[5]
Gate(34097)	 h q[10]
Gate(34098)	 t q[7]
Gate(34099)	 t q[5]
Gate(34100)	 t q[10]
Gate(34101)	cx q[5], q[7]
Gate(34102)	cx q[10], q[5]
Gate(34103)	cx q[7], q[10]
Gate(34104)	tdg q[5]
Gate(34105)	cx q[7], q[5]
Gate(34106)	tdg q[7]
Gate(34107)	tdg q[5]
Gate(34108)	 t q[10]
Gate(34109)	cx q[10], q[5]
Gate(34110)	cx q[7], q[10]
Gate(34111)	cx q[5], q[7]
Gate(34112)	 h q[10]
Gate(34113)	 h q[1]
Gate(34114)	 t q[6]
Gate(34115)	 t q[10]
Gate(34116)	 t q[1]
Gate(34117)	cx q[10], q[6]
Gate(34118)	cx q[1], q[10]
Gate(34119)	cx q[6], q[1]
Gate(34120)	tdg q[10]
Gate(34121)	cx q[6], q[10]
Gate(34122)	tdg q[6]
Gate(34123)	tdg q[10]
Gate(34124)	 t q[1]
Gate(34125)	cx q[1], q[10]
Gate(34126)	cx q[6], q[1]
Gate(34127)	cx q[10], q[6]
Gate(34128)	 h q[1]
Gate(34129)	 h q[10]
Gate(34130)	 t q[7]
Gate(34131)	 t q[5]
Gate(34132)	 t q[10]
Gate(34133)	cx q[5], q[7]
Gate(34134)	cx q[10], q[5]
Gate(34135)	cx q[7], q[10]
Gate(34136)	tdg q[5]
Gate(34137)	cx q[7], q[5]
Gate(34138)	tdg q[7]
Gate(34139)	tdg q[5]
Gate(34140)	 t q[10]
Gate(34141)	cx q[10], q[5]
Gate(34142)	cx q[7], q[10]
Gate(34143)	cx q[5], q[7]
Gate(34144)	 h q[10]
Gate(34145)	 h q[5]
Gate(34146)	 t q[9]
Gate(34147)	 t q[8]
Gate(34148)	 t q[5]
Gate(34149)	cx q[8], q[9]
Gate(34150)	cx q[5], q[8]
Gate(34151)	cx q[9], q[5]
Gate(34152)	tdg q[8]
Gate(34153)	cx q[9], q[8]
Gate(34154)	tdg q[9]
Gate(34155)	tdg q[8]
Gate(34156)	 t q[5]
Gate(34157)	cx q[5], q[8]
Gate(34158)	cx q[9], q[5]
Gate(34159)	cx q[8], q[9]
Gate(34160)	 h q[5]
Gate(34161)	 h q[10]
Gate(34162)	 t q[7]
Gate(34163)	 t q[5]
Gate(34164)	 t q[10]
Gate(34165)	cx q[5], q[7]
Gate(34166)	cx q[10], q[5]
Gate(34167)	cx q[7], q[10]
Gate(34168)	tdg q[5]
Gate(34169)	cx q[7], q[5]
Gate(34170)	tdg q[7]
Gate(34171)	tdg q[5]
Gate(34172)	 t q[10]
Gate(34173)	cx q[10], q[5]
Gate(34174)	cx q[7], q[10]
Gate(34175)	cx q[5], q[7]
Gate(34176)	 h q[10]
Gate(34177)	 h q[0]
Gate(34178)	 t q[1]
Gate(34179)	 t q[10]
Gate(34180)	 t q[0]
Gate(34181)	cx q[10], q[1]
Gate(34182)	cx q[0], q[10]
Gate(34183)	cx q[1], q[0]
Gate(34184)	tdg q[10]
Gate(34185)	cx q[1], q[10]
Gate(34186)	tdg q[1]
Gate(34187)	tdg q[10]
Gate(34188)	 t q[0]
Gate(34189)	cx q[0], q[10]
Gate(34190)	cx q[1], q[0]
Gate(34191)	cx q[10], q[1]
Gate(34192)	 h q[0]
Gate(34193)	 h q[10]
Gate(34194)	 t q[2]
Gate(34195)	 t q[9]
Gate(34196)	 t q[10]
Gate(34197)	cx q[9], q[2]
Gate(34198)	cx q[10], q[9]
Gate(34199)	cx q[2], q[10]
Gate(34200)	tdg q[9]
Gate(34201)	cx q[2], q[9]
Gate(34202)	tdg q[2]
Gate(34203)	tdg q[9]
Gate(34204)	 t q[10]
Gate(34205)	cx q[10], q[9]
Gate(34206)	cx q[2], q[10]
Gate(34207)	cx q[9], q[2]
Gate(34208)	 h q[10]
Gate(34209)	 h q[9]
Gate(34210)	 t q[3]
Gate(34211)	 t q[8]
Gate(34212)	 t q[9]
Gate(34213)	cx q[8], q[3]
Gate(34214)	cx q[9], q[8]
Gate(34215)	cx q[3], q[9]
Gate(34216)	tdg q[8]
Gate(34217)	cx q[3], q[8]
Gate(34218)	tdg q[3]
Gate(34219)	tdg q[8]
Gate(34220)	 t q[9]
Gate(34221)	cx q[9], q[8]
Gate(34222)	cx q[3], q[9]
Gate(34223)	cx q[8], q[3]
Gate(34224)	 h q[9]
Gate(34225)	 h q[8]
Gate(34226)	 t q[5]
Gate(34227)	 t q[4]
Gate(34228)	 t q[8]
Gate(34229)	cx q[4], q[5]
Gate(34230)	cx q[8], q[4]
Gate(34231)	cx q[5], q[8]
Gate(34232)	tdg q[4]
Gate(34233)	cx q[5], q[4]
Gate(34234)	tdg q[5]
Gate(34235)	tdg q[4]
Gate(34236)	 t q[8]
Gate(34237)	cx q[8], q[4]
Gate(34238)	cx q[5], q[8]
Gate(34239)	cx q[4], q[5]
Gate(34240)	 h q[8]
Gate(34241)	 h q[9]
Gate(34242)	 t q[3]
Gate(34243)	 t q[8]
Gate(34244)	 t q[9]
Gate(34245)	cx q[8], q[3]
Gate(34246)	cx q[9], q[8]
Gate(34247)	cx q[3], q[9]
Gate(34248)	tdg q[8]
Gate(34249)	cx q[3], q[8]
Gate(34250)	tdg q[3]
Gate(34251)	tdg q[8]
Gate(34252)	 t q[9]
Gate(34253)	cx q[9], q[8]
Gate(34254)	cx q[3], q[9]
Gate(34255)	cx q[8], q[3]
Gate(34256)	 h q[9]
Gate(34257)	 h q[10]
Gate(34258)	 t q[2]
Gate(34259)	 t q[9]
Gate(34260)	 t q[10]
Gate(34261)	cx q[9], q[2]
Gate(34262)	cx q[10], q[9]
Gate(34263)	cx q[2], q[10]
Gate(34264)	tdg q[9]
Gate(34265)	cx q[2], q[9]
Gate(34266)	tdg q[2]
Gate(34267)	tdg q[9]
Gate(34268)	 t q[10]
Gate(34269)	cx q[10], q[9]
Gate(34270)	cx q[2], q[10]
Gate(34271)	cx q[9], q[2]
Gate(34272)	 h q[10]
Gate(34273)	 h q[0]
Gate(34274)	 t q[1]
Gate(34275)	 t q[10]
Gate(34276)	 t q[0]
Gate(34277)	cx q[10], q[1]
Gate(34278)	cx q[0], q[10]
Gate(34279)	cx q[1], q[0]
Gate(34280)	tdg q[10]
Gate(34281)	cx q[1], q[10]
Gate(34282)	tdg q[1]
Gate(34283)	tdg q[10]
Gate(34284)	 t q[0]
Gate(34285)	cx q[0], q[10]
Gate(34286)	cx q[1], q[0]
Gate(34287)	cx q[10], q[1]
Gate(34288)	 h q[0]
Gate(34289)	 h q[10]
Gate(34290)	 t q[2]
Gate(34291)	 t q[9]
Gate(34292)	 t q[10]
Gate(34293)	cx q[9], q[2]
Gate(34294)	cx q[10], q[9]
Gate(34295)	cx q[2], q[10]
Gate(34296)	tdg q[9]
Gate(34297)	cx q[2], q[9]
Gate(34298)	tdg q[2]
Gate(34299)	tdg q[9]
Gate(34300)	 t q[10]
Gate(34301)	cx q[10], q[9]
Gate(34302)	cx q[2], q[10]
Gate(34303)	cx q[9], q[2]
Gate(34304)	 h q[10]
Gate(34305)	 h q[9]
Gate(34306)	 t q[3]
Gate(34307)	 t q[8]
Gate(34308)	 t q[9]
Gate(34309)	cx q[8], q[3]
Gate(34310)	cx q[9], q[8]
Gate(34311)	cx q[3], q[9]
Gate(34312)	tdg q[8]
Gate(34313)	cx q[3], q[8]
Gate(34314)	tdg q[3]
Gate(34315)	tdg q[8]
Gate(34316)	 t q[9]
Gate(34317)	cx q[9], q[8]
Gate(34318)	cx q[3], q[9]
Gate(34319)	cx q[8], q[3]
Gate(34320)	 h q[9]
Gate(34321)	 h q[8]
Gate(34322)	 t q[5]
Gate(34323)	 t q[4]
Gate(34324)	 t q[8]
Gate(34325)	cx q[4], q[5]
Gate(34326)	cx q[8], q[4]
Gate(34327)	cx q[5], q[8]
Gate(34328)	tdg q[4]
Gate(34329)	cx q[5], q[4]
Gate(34330)	tdg q[5]
Gate(34331)	tdg q[4]
Gate(34332)	 t q[8]
Gate(34333)	cx q[8], q[4]
Gate(34334)	cx q[5], q[8]
Gate(34335)	cx q[4], q[5]
Gate(34336)	 h q[8]
Gate(34337)	 h q[9]
Gate(34338)	 t q[3]
Gate(34339)	 t q[8]
Gate(34340)	 t q[9]
Gate(34341)	cx q[8], q[3]
Gate(34342)	cx q[9], q[8]
Gate(34343)	cx q[3], q[9]
Gate(34344)	tdg q[8]
Gate(34345)	cx q[3], q[8]
Gate(34346)	tdg q[3]
Gate(34347)	tdg q[8]
Gate(34348)	 t q[9]
Gate(34349)	cx q[9], q[8]
Gate(34350)	cx q[3], q[9]
Gate(34351)	cx q[8], q[3]
Gate(34352)	 h q[9]
Gate(34353)	 h q[10]
Gate(34354)	 t q[2]
Gate(34355)	 t q[9]
Gate(34356)	 t q[10]
Gate(34357)	cx q[9], q[2]
Gate(34358)	cx q[10], q[9]
Gate(34359)	cx q[2], q[10]
Gate(34360)	tdg q[9]
Gate(34361)	cx q[2], q[9]
Gate(34362)	tdg q[2]
Gate(34363)	tdg q[9]
Gate(34364)	 t q[10]
Gate(34365)	cx q[10], q[9]
Gate(34366)	cx q[2], q[10]
Gate(34367)	cx q[9], q[2]
Gate(34368)	 h q[10]
Gate(34369)	 h q[2]
Gate(34370)	 t q[7]
Gate(34371)	 t q[10]
Gate(34372)	 t q[2]
Gate(34373)	cx q[10], q[7]
Gate(34374)	cx q[2], q[10]
Gate(34375)	cx q[7], q[2]
Gate(34376)	tdg q[10]
Gate(34377)	cx q[7], q[10]
Gate(34378)	tdg q[7]
Gate(34379)	tdg q[10]
Gate(34380)	 t q[2]
Gate(34381)	cx q[2], q[10]
Gate(34382)	cx q[7], q[2]
Gate(34383)	cx q[10], q[7]
Gate(34384)	 h q[2]
Gate(34385)	 h q[10]
Gate(34386)	 t q[9]
Gate(34387)	 t q[8]
Gate(34388)	 t q[10]
Gate(34389)	cx q[8], q[9]
Gate(34390)	cx q[10], q[8]
Gate(34391)	cx q[9], q[10]
Gate(34392)	tdg q[8]
Gate(34393)	cx q[9], q[8]
Gate(34394)	tdg q[9]
Gate(34395)	tdg q[8]
Gate(34396)	 t q[10]
Gate(34397)	cx q[10], q[8]
Gate(34398)	cx q[9], q[10]
Gate(34399)	cx q[8], q[9]
Gate(34400)	 h q[10]
Gate(34401)	 h q[2]
Gate(34402)	 t q[7]
Gate(34403)	 t q[10]
Gate(34404)	 t q[2]
Gate(34405)	cx q[10], q[7]
Gate(34406)	cx q[2], q[10]
Gate(34407)	cx q[7], q[2]
Gate(34408)	tdg q[10]
Gate(34409)	cx q[7], q[10]
Gate(34410)	tdg q[7]
Gate(34411)	tdg q[10]
Gate(34412)	 t q[2]
Gate(34413)	cx q[2], q[10]
Gate(34414)	cx q[7], q[2]
Gate(34415)	cx q[10], q[7]
Gate(34416)	 h q[2]
Gate(34417)	 h q[10]
Gate(34418)	 t q[9]
Gate(34419)	 t q[8]
Gate(34420)	 t q[10]
Gate(34421)	cx q[8], q[9]
Gate(34422)	cx q[10], q[8]
Gate(34423)	cx q[9], q[10]
Gate(34424)	tdg q[8]
Gate(34425)	cx q[9], q[8]
Gate(34426)	tdg q[9]
Gate(34427)	tdg q[8]
Gate(34428)	 t q[10]
Gate(34429)	cx q[10], q[8]
Gate(34430)	cx q[9], q[10]
Gate(34431)	cx q[8], q[9]
Gate(34432)	 h q[10]
Gate(34433)	 h q[0]
Gate(34434)	 t q[2]
Gate(34435)	 t q[10]
Gate(34436)	 t q[0]
Gate(34437)	cx q[10], q[2]
Gate(34438)	cx q[0], q[10]
Gate(34439)	cx q[2], q[0]
Gate(34440)	tdg q[10]
Gate(34441)	cx q[2], q[10]
Gate(34442)	tdg q[2]
Gate(34443)	tdg q[10]
Gate(34444)	 t q[0]
Gate(34445)	cx q[0], q[10]
Gate(34446)	cx q[2], q[0]
Gate(34447)	cx q[10], q[2]
Gate(34448)	 h q[0]
Gate(34449)	 h q[10]
Gate(34450)	 t q[1]
Gate(34451)	 t q[9]
Gate(34452)	 t q[10]
Gate(34453)	cx q[9], q[1]
Gate(34454)	cx q[10], q[9]
Gate(34455)	cx q[1], q[10]
Gate(34456)	tdg q[9]
Gate(34457)	cx q[1], q[9]
Gate(34458)	tdg q[1]
Gate(34459)	tdg q[9]
Gate(34460)	 t q[10]
Gate(34461)	cx q[10], q[9]
Gate(34462)	cx q[1], q[10]
Gate(34463)	cx q[9], q[1]
Gate(34464)	 h q[10]
Gate(34465)	 h q[9]
Gate(34466)	 t q[3]
Gate(34467)	 t q[8]
Gate(34468)	 t q[9]
Gate(34469)	cx q[8], q[3]
Gate(34470)	cx q[9], q[8]
Gate(34471)	cx q[3], q[9]
Gate(34472)	tdg q[8]
Gate(34473)	cx q[3], q[8]
Gate(34474)	tdg q[3]
Gate(34475)	tdg q[8]
Gate(34476)	 t q[9]
Gate(34477)	cx q[9], q[8]
Gate(34478)	cx q[3], q[9]
Gate(34479)	cx q[8], q[3]
Gate(34480)	 h q[9]
Gate(34481)	 h q[8]
Gate(34482)	 t q[6]
Gate(34483)	 t q[5]
Gate(34484)	 t q[8]
Gate(34485)	cx q[5], q[6]
Gate(34486)	cx q[8], q[5]
Gate(34487)	cx q[6], q[8]
Gate(34488)	tdg q[5]
Gate(34489)	cx q[6], q[5]
Gate(34490)	tdg q[6]
Gate(34491)	tdg q[5]
Gate(34492)	 t q[8]
Gate(34493)	cx q[8], q[5]
Gate(34494)	cx q[6], q[8]
Gate(34495)	cx q[5], q[6]
Gate(34496)	 h q[8]
Gate(34497)	 h q[9]
Gate(34498)	 t q[3]
Gate(34499)	 t q[8]
Gate(34500)	 t q[9]
Gate(34501)	cx q[8], q[3]
Gate(34502)	cx q[9], q[8]
Gate(34503)	cx q[3], q[9]
Gate(34504)	tdg q[8]
Gate(34505)	cx q[3], q[8]
Gate(34506)	tdg q[3]
Gate(34507)	tdg q[8]
Gate(34508)	 t q[9]
Gate(34509)	cx q[9], q[8]
Gate(34510)	cx q[3], q[9]
Gate(34511)	cx q[8], q[3]
Gate(34512)	 h q[9]
Gate(34513)	 h q[10]
Gate(34514)	 t q[1]
Gate(34515)	 t q[9]
Gate(34516)	 t q[10]
Gate(34517)	cx q[9], q[1]
Gate(34518)	cx q[10], q[9]
Gate(34519)	cx q[1], q[10]
Gate(34520)	tdg q[9]
Gate(34521)	cx q[1], q[9]
Gate(34522)	tdg q[1]
Gate(34523)	tdg q[9]
Gate(34524)	 t q[10]
Gate(34525)	cx q[10], q[9]
Gate(34526)	cx q[1], q[10]
Gate(34527)	cx q[9], q[1]
Gate(34528)	 h q[10]
Gate(34529)	 h q[0]
Gate(34530)	 t q[2]
Gate(34531)	 t q[10]
Gate(34532)	 t q[0]
Gate(34533)	cx q[10], q[2]
Gate(34534)	cx q[0], q[10]
Gate(34535)	cx q[2], q[0]
Gate(34536)	tdg q[10]
Gate(34537)	cx q[2], q[10]
Gate(34538)	tdg q[2]
Gate(34539)	tdg q[10]
Gate(34540)	 t q[0]
Gate(34541)	cx q[0], q[10]
Gate(34542)	cx q[2], q[0]
Gate(34543)	cx q[10], q[2]
Gate(34544)	 h q[0]
Gate(34545)	 h q[10]
Gate(34546)	 t q[1]
Gate(34547)	 t q[9]
Gate(34548)	 t q[10]
Gate(34549)	cx q[9], q[1]
Gate(34550)	cx q[10], q[9]
Gate(34551)	cx q[1], q[10]
Gate(34552)	tdg q[9]
Gate(34553)	cx q[1], q[9]
Gate(34554)	tdg q[1]
Gate(34555)	tdg q[9]
Gate(34556)	 t q[10]
Gate(34557)	cx q[10], q[9]
Gate(34558)	cx q[1], q[10]
Gate(34559)	cx q[9], q[1]
Gate(34560)	 h q[10]
Gate(34561)	 h q[9]
Gate(34562)	 t q[3]
Gate(34563)	 t q[8]
Gate(34564)	 t q[9]
Gate(34565)	cx q[8], q[3]
Gate(34566)	cx q[9], q[8]
Gate(34567)	cx q[3], q[9]
Gate(34568)	tdg q[8]
Gate(34569)	cx q[3], q[8]
Gate(34570)	tdg q[3]
Gate(34571)	tdg q[8]
Gate(34572)	 t q[9]
Gate(34573)	cx q[9], q[8]
Gate(34574)	cx q[3], q[9]
Gate(34575)	cx q[8], q[3]
Gate(34576)	 h q[9]
Gate(34577)	 h q[8]
Gate(34578)	 t q[6]
Gate(34579)	 t q[5]
Gate(34580)	 t q[8]
Gate(34581)	cx q[5], q[6]
Gate(34582)	cx q[8], q[5]
Gate(34583)	cx q[6], q[8]
Gate(34584)	tdg q[5]
Gate(34585)	cx q[6], q[5]
Gate(34586)	tdg q[6]
Gate(34587)	tdg q[5]
Gate(34588)	 t q[8]
Gate(34589)	cx q[8], q[5]
Gate(34590)	cx q[6], q[8]
Gate(34591)	cx q[5], q[6]
Gate(34592)	 h q[8]
Gate(34593)	 h q[9]
Gate(34594)	 t q[3]
Gate(34595)	 t q[8]
Gate(34596)	 t q[9]
Gate(34597)	cx q[8], q[3]
Gate(34598)	cx q[9], q[8]
Gate(34599)	cx q[3], q[9]
Gate(34600)	tdg q[8]
Gate(34601)	cx q[3], q[8]
Gate(34602)	tdg q[3]
Gate(34603)	tdg q[8]
Gate(34604)	 t q[9]
Gate(34605)	cx q[9], q[8]
Gate(34606)	cx q[3], q[9]
Gate(34607)	cx q[8], q[3]
Gate(34608)	 h q[9]
Gate(34609)	 h q[10]
Gate(34610)	 t q[1]
Gate(34611)	 t q[9]
Gate(34612)	 t q[10]
Gate(34613)	cx q[9], q[1]
Gate(34614)	cx q[10], q[9]
Gate(34615)	cx q[1], q[10]
Gate(34616)	tdg q[9]
Gate(34617)	cx q[1], q[9]
Gate(34618)	tdg q[1]
Gate(34619)	tdg q[9]
Gate(34620)	 t q[10]
Gate(34621)	cx q[10], q[9]
Gate(34622)	cx q[1], q[10]
Gate(34623)	cx q[9], q[1]
Gate(34624)	 h q[10]
Gate(34625)	 h q[2]
Gate(34626)	 t q[7]
Gate(34627)	 t q[10]
Gate(34628)	 t q[2]
Gate(34629)	cx q[10], q[7]
Gate(34630)	cx q[2], q[10]
Gate(34631)	cx q[7], q[2]
Gate(34632)	tdg q[10]
Gate(34633)	cx q[7], q[10]
Gate(34634)	tdg q[7]
Gate(34635)	tdg q[10]
Gate(34636)	 t q[2]
Gate(34637)	cx q[2], q[10]
Gate(34638)	cx q[7], q[2]
Gate(34639)	cx q[10], q[7]
Gate(34640)	 h q[2]
Gate(34641)	 h q[10]
Gate(34642)	 t q[9]
Gate(34643)	 t q[8]
Gate(34644)	 t q[10]
Gate(34645)	cx q[8], q[9]
Gate(34646)	cx q[10], q[8]
Gate(34647)	cx q[9], q[10]
Gate(34648)	tdg q[8]
Gate(34649)	cx q[9], q[8]
Gate(34650)	tdg q[9]
Gate(34651)	tdg q[8]
Gate(34652)	 t q[10]
Gate(34653)	cx q[10], q[8]
Gate(34654)	cx q[9], q[10]
Gate(34655)	cx q[8], q[9]
Gate(34656)	 h q[10]
Gate(34657)	 h q[2]
Gate(34658)	 t q[7]
Gate(34659)	 t q[10]
Gate(34660)	 t q[2]
Gate(34661)	cx q[10], q[7]
Gate(34662)	cx q[2], q[10]
Gate(34663)	cx q[7], q[2]
Gate(34664)	tdg q[10]
Gate(34665)	cx q[7], q[10]
Gate(34666)	tdg q[7]
Gate(34667)	tdg q[10]
Gate(34668)	 t q[2]
Gate(34669)	cx q[2], q[10]
Gate(34670)	cx q[7], q[2]
Gate(34671)	cx q[10], q[7]
Gate(34672)	 h q[2]
Gate(34673)	 h q[10]
Gate(34674)	 t q[9]
Gate(34675)	 t q[8]
Gate(34676)	 t q[10]
Gate(34677)	cx q[8], q[9]
Gate(34678)	cx q[10], q[8]
Gate(34679)	cx q[9], q[10]
Gate(34680)	tdg q[8]
Gate(34681)	cx q[9], q[8]
Gate(34682)	tdg q[9]
Gate(34683)	tdg q[8]
Gate(34684)	 t q[10]
Gate(34685)	cx q[10], q[8]
Gate(34686)	cx q[9], q[10]
Gate(34687)	cx q[8], q[9]
Gate(34688)	 h q[10]
Gate(34689)	 h q[0]
Gate(34690)	 t q[2]
Gate(34691)	 t q[10]
Gate(34692)	 t q[0]
Gate(34693)	cx q[10], q[2]
Gate(34694)	cx q[0], q[10]
Gate(34695)	cx q[2], q[0]
Gate(34696)	tdg q[10]
Gate(34697)	cx q[2], q[10]
Gate(34698)	tdg q[2]
Gate(34699)	tdg q[10]
Gate(34700)	 t q[0]
Gate(34701)	cx q[0], q[10]
Gate(34702)	cx q[2], q[0]
Gate(34703)	cx q[10], q[2]
Gate(34704)	 h q[0]
Gate(34705)	 h q[10]
Gate(34706)	 t q[1]
Gate(34707)	 t q[9]
Gate(34708)	 t q[10]
Gate(34709)	cx q[9], q[1]
Gate(34710)	cx q[10], q[9]
Gate(34711)	cx q[1], q[10]
Gate(34712)	tdg q[9]
Gate(34713)	cx q[1], q[9]
Gate(34714)	tdg q[1]
Gate(34715)	tdg q[9]
Gate(34716)	 t q[10]
Gate(34717)	cx q[10], q[9]
Gate(34718)	cx q[1], q[10]
Gate(34719)	cx q[9], q[1]
Gate(34720)	 h q[10]
Gate(34721)	 h q[9]
Gate(34722)	 t q[3]
Gate(34723)	 t q[8]
Gate(34724)	 t q[9]
Gate(34725)	cx q[8], q[3]
Gate(34726)	cx q[9], q[8]
Gate(34727)	cx q[3], q[9]
Gate(34728)	tdg q[8]
Gate(34729)	cx q[3], q[8]
Gate(34730)	tdg q[3]
Gate(34731)	tdg q[8]
Gate(34732)	 t q[9]
Gate(34733)	cx q[9], q[8]
Gate(34734)	cx q[3], q[9]
Gate(34735)	cx q[8], q[3]
Gate(34736)	 h q[9]
Gate(34737)	 h q[8]
Gate(34738)	 t q[6]
Gate(34739)	 t q[5]
Gate(34740)	 t q[8]
Gate(34741)	cx q[5], q[6]
Gate(34742)	cx q[8], q[5]
Gate(34743)	cx q[6], q[8]
Gate(34744)	tdg q[5]
Gate(34745)	cx q[6], q[5]
Gate(34746)	tdg q[6]
Gate(34747)	tdg q[5]
Gate(34748)	 t q[8]
Gate(34749)	cx q[8], q[5]
Gate(34750)	cx q[6], q[8]
Gate(34751)	cx q[5], q[6]
Gate(34752)	 h q[8]
Gate(34753)	 h q[9]
Gate(34754)	 t q[3]
Gate(34755)	 t q[8]
Gate(34756)	 t q[9]
Gate(34757)	cx q[8], q[3]
Gate(34758)	cx q[9], q[8]
Gate(34759)	cx q[3], q[9]
Gate(34760)	tdg q[8]
Gate(34761)	cx q[3], q[8]
Gate(34762)	tdg q[3]
Gate(34763)	tdg q[8]
Gate(34764)	 t q[9]
Gate(34765)	cx q[9], q[8]
Gate(34766)	cx q[3], q[9]
Gate(34767)	cx q[8], q[3]
Gate(34768)	 h q[9]
Gate(34769)	 h q[10]
Gate(34770)	 t q[1]
Gate(34771)	 t q[9]
Gate(34772)	 t q[10]
Gate(34773)	cx q[9], q[1]
Gate(34774)	cx q[10], q[9]
Gate(34775)	cx q[1], q[10]
Gate(34776)	tdg q[9]
Gate(34777)	cx q[1], q[9]
Gate(34778)	tdg q[1]
Gate(34779)	tdg q[9]
Gate(34780)	 t q[10]
Gate(34781)	cx q[10], q[9]
Gate(34782)	cx q[1], q[10]
Gate(34783)	cx q[9], q[1]
Gate(34784)	 h q[10]
Gate(34785)	 h q[0]
Gate(34786)	 t q[2]
Gate(34787)	 t q[10]
Gate(34788)	 t q[0]
Gate(34789)	cx q[10], q[2]
Gate(34790)	cx q[0], q[10]
Gate(34791)	cx q[2], q[0]
Gate(34792)	tdg q[10]
Gate(34793)	cx q[2], q[10]
Gate(34794)	tdg q[2]
Gate(34795)	tdg q[10]
Gate(34796)	 t q[0]
Gate(34797)	cx q[0], q[10]
Gate(34798)	cx q[2], q[0]
Gate(34799)	cx q[10], q[2]
Gate(34800)	 h q[0]
Gate(34801)	 h q[10]
Gate(34802)	 t q[1]
Gate(34803)	 t q[9]
Gate(34804)	 t q[10]
Gate(34805)	cx q[9], q[1]
Gate(34806)	cx q[10], q[9]
Gate(34807)	cx q[1], q[10]
Gate(34808)	tdg q[9]
Gate(34809)	cx q[1], q[9]
Gate(34810)	tdg q[1]
Gate(34811)	tdg q[9]
Gate(34812)	 t q[10]
Gate(34813)	cx q[10], q[9]
Gate(34814)	cx q[1], q[10]
Gate(34815)	cx q[9], q[1]
Gate(34816)	 h q[10]
Gate(34817)	 h q[9]
Gate(34818)	 t q[3]
Gate(34819)	 t q[8]
Gate(34820)	 t q[9]
Gate(34821)	cx q[8], q[3]
Gate(34822)	cx q[9], q[8]
Gate(34823)	cx q[3], q[9]
Gate(34824)	tdg q[8]
Gate(34825)	cx q[3], q[8]
Gate(34826)	tdg q[3]
Gate(34827)	tdg q[8]
Gate(34828)	 t q[9]
Gate(34829)	cx q[9], q[8]
Gate(34830)	cx q[3], q[9]
Gate(34831)	cx q[8], q[3]
Gate(34832)	 h q[9]
Gate(34833)	 h q[8]
Gate(34834)	 t q[6]
Gate(34835)	 t q[5]
Gate(34836)	 t q[8]
Gate(34837)	cx q[5], q[6]
Gate(34838)	cx q[8], q[5]
Gate(34839)	cx q[6], q[8]
Gate(34840)	tdg q[5]
Gate(34841)	cx q[6], q[5]
Gate(34842)	tdg q[6]
Gate(34843)	tdg q[5]
Gate(34844)	 t q[8]
Gate(34845)	cx q[8], q[5]
Gate(34846)	cx q[6], q[8]
Gate(34847)	cx q[5], q[6]
Gate(34848)	 h q[8]
Gate(34849)	 h q[9]
Gate(34850)	 t q[3]
Gate(34851)	 t q[8]
Gate(34852)	 t q[9]
Gate(34853)	cx q[8], q[3]
Gate(34854)	cx q[9], q[8]
Gate(34855)	cx q[3], q[9]
Gate(34856)	tdg q[8]
Gate(34857)	cx q[3], q[8]
Gate(34858)	tdg q[3]
Gate(34859)	tdg q[8]
Gate(34860)	 t q[9]
Gate(34861)	cx q[9], q[8]
Gate(34862)	cx q[3], q[9]
Gate(34863)	cx q[8], q[3]
Gate(34864)	 h q[9]
Gate(34865)	 h q[10]
Gate(34866)	 t q[1]
Gate(34867)	 t q[9]
Gate(34868)	 t q[10]
Gate(34869)	cx q[9], q[1]
Gate(34870)	cx q[10], q[9]
Gate(34871)	cx q[1], q[10]
Gate(34872)	tdg q[9]
Gate(34873)	cx q[1], q[9]
Gate(34874)	tdg q[1]
Gate(34875)	tdg q[9]
Gate(34876)	 t q[10]
Gate(34877)	cx q[10], q[9]
Gate(34878)	cx q[1], q[10]
Gate(34879)	cx q[9], q[1]
Gate(34880)	 h q[10]

*** Option ***
Input file  : ../example/sym9_193.qasm
Output file : ../output/sym9_193.qasm

Generating Multi-QPU Architecture: 4 QPUs, each with 16 qubits

Skipping complex QPU Degree Graph (Using simple Star Topology meta-info)

=== Multi-QPU Interconnect Edges ===
initial_mapping

================ Interaction Graph ================
[Nodes]
  Node 0 (weight=1): edges -> 6 7 18 40 43 44 45 46 47 
  Node 1 (weight=1): edges -> 1 2 7 19 20 34 36 48 
  Node 2 (weight=1): edges -> 8 10 17 18 30 31 33 
  Node 3 (weight=1): edges -> 11 13 21 26 27 28 41 44 
  Node 4 (weight=1): edges -> 14 15 22 29 34 35 39 41 47 
  Node 5 (weight=1): edges -> 14 16 23 25 27 31 32 38 48 
  Node 6 (weight=1): edges -> 0 2 17 23 24 26 29 42 46 49 
  Node 7 (weight=1): edges -> 3 4 20 28 30 32 35 37 40 42 
  Node 8 (weight=1): edges -> 3 5 11 12 15 16 24 33 36 43 
  Node 9 (weight=1): edges -> 8 9 12 13 19 22 25 37 45 49 
  Node 10 (weight=1): edges -> 0 1 4 5 6 9 10 21 38 39 

[Edges]
  Edge 0 : q6 -- q10  weight=5289.4
  Edge 1 : q10 -- q1  weight=7348.4
  Edge 2 : q1 -- q6  weight=457
  Edge 3 : q8 -- q7  weight=2244.2
  Edge 4 : q7 -- q10  weight=4611.8
  Edge 5 : q10 -- q8  weight=2559.8
  Edge 6 : q10 -- q0  weight=4258.1
  Edge 7 : q0 -- q1  weight=913.8
  Edge 8 : q2 -- q9  weight=6155.8
  Edge 9 : q9 -- q10  weight=9156.6
  Edge 10 : q10 -- q2  weight=2765.2
  Edge 11 : q3 -- q8  weight=4402.8
  Edge 12 : q8 -- q9  weight=11343.2
  Edge 13 : q9 -- q3  weight=2347.8
  Edge 14 : q5 -- q4  weight=4717
  Edge 15 : q4 -- q8  weight=3896.2
  Edge 16 : q8 -- q5  weight=3090
  Edge 17 : q2 -- q6  weight=335.8
  Edge 18 : q0 -- q2  weight=533.8
  Edge 19 : q1 -- q9  weight=8815.59
  Edge 20 : q1 -- q7  weight=508.6
  Edge 21 : q10 -- q3  weight=2175.8
  Edge 22 : q9 -- q4  weight=1745.8
  Edge 23 : q6 -- q5  weight=3160.6
  Edge 24 : q8 -- q6  weight=690.2
  Edge 25 : q5 -- q9  weight=930.2
  Edge 26 : q6 -- q3  weight=2734.2
  Edge 27 : q3 -- q5  weight=897.5
  Edge 28 : q7 -- q3  weight=1829.4
  Edge 29 : q6 -- q4  weight=3228
  Edge 30 : q7 -- q2  weight=3456.6
  Edge 31 : q2 -- q5  weight=151
  Edge 32 : q5 -- q7  weight=3783.6
  Edge 33 : q8 -- q2  weight=7141.6
  Edge 34 : q1 -- q4  weight=71
  Edge 35 : q4 -- q7  weight=3477.8
  Edge 36 : q8 -- q1  weight=2210.2
  Edge 37 : q9 -- q7  weight=1427.8
  Edge 38 : q5 -- q10  weight=3678.6
  Edge 39 : q4 -- q10  weight=2449.9
  Edge 40 : q0 -- q7  weight=359.8
  Edge 41 : q4 -- q3  weight=1810.2
  Edge 42 : q7 -- q6  weight=1395.8
  Edge 43 : q0 -- q8  weight=272.6
  Edge 44 : q0 -- q3  weight=650.2
  Edge 45 : q9 -- q0  weight=705.4
  Edge 46 : q0 -- q6  weight=416.6
  Edge 47 : q0 -- q4  weight=343.8
  Edge 48 : q1 -- q5  weight=161.1
  Edge 49 : q9 -- q6  weight=41.31
===================================================


[ADAPTIVE-METIS] start: nvtxs=11 edges=50 ufactor=1000 max_trials=50
Input Error: Incorrect numflag.
  [trial   0] Q=0.16270 cut=113754000 perturb=0.000 sizes=[2,3,3,3]  *** BEST ***
Input Error: Incorrect numflag.
Input Error: Incorrect numflag.
Input Error: Incorrect numflag.
Input Error: Incorrect numflag.
Input Error: Incorrect numflag.
Input Error: Incorrect numflag.
Input Error: Incorrect numflag.
Input Error: Incorrect numflag.
Input Error: Incorrect numflag.
  [trial   9] Q=0.16270 best=0.16270 no_imp=9/12
Input Error: Incorrect numflag.
Input Error: Incorrect numflag.
Input Error: Incorrect numflag.
  [ADAPTIVE-METIS] saturated at trial=12
[ADAPTIVE-METIS] DONE: best_Q=0.16270 trials=13/50 success=13
  partition sizes: [2,3,3,3] imbalance=1.09

===== InteractionGraph Subsets Complete =====

===== Building inter_Sub_edge (Cross-Sub Edges) =====

========== Cross-Subgraph Weighted Sums ==========
  Total cross-QPU weight: 113754.000
  QPU0<->QPU2: 26876.400
  QPU1<->QPU3: 21564.200
  QPU1<->QPU2: 21324.200
  QPU0<->QPU1: 16131.000
  QPU2<->QPU3: 14075.700
  QPU0<->QPU3: 13782.500

===== MATCHING START =====
[MATCH] Sub0 -> QPU0
[MATCH] Sub1 -> QPU1
[MATCH] Sub2 -> QPU2
[MATCH] Sub3 -> QPU3

===== MATCHING DONE =====

===================== initial_mapping END =====================
[START] main_mapping v5
[FIDELITY] swaps=39 inter_epr=12628 => F=0.000000
[END] main_mapping v5.1 SWAPs=39 inter_exec=12628 fidelity=0.000000
*** Final Circuit ***
# add_2q_num: 39
# fidelity: 0.000000

*** Time & Memory Measure ***
tasks                          Wtime      Ctime
PARSING                        1.925      0.129
GENERATE MULTI-QPU             1.965      0.169
INITIAL MAPPING                1.996      0.200
MAIN MAPPING                   2.029      0.233
END PROGRAM                    2.050      0.254

----------------------------------------
### VmPeak         FDSize:	64
### Memory Usage           : 21.421875 MB
